country,league,season,player_name,age,position,nationality,height,weight,appearances,starts,minutes,goals_total,assists,penalty_won,penalty_committed,penalty_scored,penalty_missed,yellow_cards,yellowred_cards,red_cards,offsides_per90,shots_total_per90,shots_on_per90,goals_total_per90,assists_per90,goals_plus_assists_per90,non_penalty_goals_per90,passes_total_per90,passes_key_per90,tackles_total_per90,blocks_per90,interceptions_per90,tackles_plus_interceptions_per90,duels_total_per90,duels_won_per90,dribbles_attempts_per90,dribbles_success_per90,dribbles_past_per90,fouls_drawn_per90,fouls_committed_per90,yellow_cards_per90,yellowred_cards_per90,red_cards_per90,passes_accuracy_pct,shots_on_target_pct,duels_won_pct,dribbles_success_pct,rating_weighted
argentina,Primera Division,2025 / 2026,Aaron Molinas,25.0,M,Argentina,175.0,67.0,42,40,3266.0,5.0,7.0,0.0,0.0,3,0,7,0.0,0,0.027556644213104716,0.8542559706062461,0.44090630740967546,0.13778322106552357,0.192896509491733,0.3306797305572566,0.05511328842620943,54.06613594611145,1.9565217391304348,1.3227189222290263,0.192896509491733,0.6062461726883037,1.92896509491733,6.586037966932026,3.1965707287201472,1.1849357011635029,0.7991426821800368,0.30312308634415186,0.8266993263931415,0.6338028169014085,0.192896509491733,0.0,0.0,46.50407747196738,51.61290322580645,48.53556485355649,67.44186046511628,7.171616656460502
argentina,Primera Division,2025 / 2026,Aarón Quirós,24.0,D,Argentina,174.0,72.0,27,21,1980.0,0.0,0.0,0.0,1.0,0,0,10,0.0,3,0.045454545454545456,0.2272727272727273,0.045454545454545456,0.0,0.0,0.0,0.0,43.22727272727273,0.045454545454545456,1.1363636363636362,0.2272727272727273,1.5454545454545454,2.681818181818182,7.909090909090909,4.227272727272727,0.5,0.3181818181818182,0.5,0.7727272727272727,1.0909090909090908,0.4545454545454546,0.0,0.13636363636363635,40.794736842105266,20.0,53.44827586206896,63.63636363636363,6.551870576339737
argentina,Primera Division,2025 / 2026,Abiel Osorio,23.0,F,Argentina,,,33,28,2394.0,6.0,1.0,1.0,0.0,2,1,7,0.0,1,0.6390977443609023,1.7669172932330826,0.9022556390977443,0.22556390977443608,0.03759398496240601,0.2631578947368421,0.15037593984962405,20.37593984962406,0.6390977443609023,0.37593984962406013,0.03759398496240601,0.15037593984962405,0.5263157894736842,11.917293233082706,4.849624060150376,1.4661654135338344,0.5263157894736842,0.22556390977443608,1.5789473684210527,1.1278195488721803,0.2631578947368421,0.0,0.03759398496240601,15.677121771217712,51.06382978723404,40.694006309148264,35.8974358974359,6.745488721804511
argentina,Primera Division,2026,Adam Bareiro,29.0,F,Paraguay,184.0,84.0,10,8,706.0,3.0,1.0,0.0,0.0,0,0,4,0.0,0,0.254957507082153,2.1671388101983,1.274787535410765,0.3824362606232295,0.1274787535410765,0.509915014164306,0.3824362606232295,22.18130311614731,0.8923512747875354,1.529745042492918,0.254957507082153,0.3824362606232295,1.9121813031161474,15.424929178470254,6.628895184135977,0.6373937677053825,0.1274787535410765,0.3824362606232295,1.9121813031161474,2.1671388101983,0.509915014164306,0.0,0.0,16.04022988505747,58.82352941176471,42.97520661157025,20.0,6.579886685552408
argentina,Primera Division,2026,Adolfo Gaich,26.0,F,Argentina,190.0,94.0,10,3,348.0,3.0,1.0,0.0,0.0,0,0,1,0.0,0,0.0,2.586206896551724,1.293103448275862,0.7758620689655172,0.25862068965517243,1.0344827586206897,0.7758620689655172,15.517241379310345,0.25862068965517243,0.7758620689655172,0.0,0.0,0.7758620689655172,10.344827586206897,4.655172413793103,1.0344827586206897,0.5172413793103449,0.25862068965517243,1.0344827586206897,2.586206896551724,0.25862068965517243,0.0,0.0,5.983050847457627,50.0,45.0,50.0,6.723478260869565
argentina,Primera Division,2025 / 2026,Adrian Fernandez,24.0,M,Argentina,183.0,75.0,32,12,1305.0,1.0,3.0,0.0,0.0,0,0,6,0.0,1,0.06896551724137931,1.0344827586206897,0.41379310344827586,0.06896551724137931,0.20689655172413793,0.27586206896551724,0.06896551724137931,35.724137931034484,1.5862068965517242,2.413793103448276,0.06896551724137931,0.689655172413793,3.103448275862069,11.931034482758621,5.379310344827586,3.103448275862069,1.6551724137931034,0.8275862068965517,0.896551724137931,1.8620689655172413,0.41379310344827586,0.0,0.06896551724137931,17.691860465116278,40.0,45.08670520231214,53.333333333333336,6.908859784283513
argentina,Primera Division,2025,Adrián Balboa,31.0,F,Uruguay,186.0,82.0,26,12,1221.0,5.0,0.0,0.0,0.0,0,0,4,0.0,0,0.5159705159705159,1.6216216216216217,0.6633906633906634,0.36855036855036855,0.0,0.36855036855036855,0.36855036855036855,15.7002457002457,0.44226044226044225,1.4742014742014742,0.14742014742014742,0.14742014742014742,1.6216216216216217,16.65847665847666,6.339066339066339,1.4004914004914004,0.5159705159705159,0.5159705159705159,0.7371007371007371,2.6535626535626538,0.29484029484029484,0.0,0.0,7.118483412322274,40.909090909090914,38.05309734513274,36.84210526315789,6.737428337428337
argentina,Primera Division,2025 / 2026,Adrián Martínez,33.0,F,Argentina,,,44,41,3726.0,16.0,2.0,0.0,1.0,2,1,14,0.0,1,1.0144927536231885,1.7632850241545894,0.8212560386473431,0.3864734299516908,0.04830917874396135,0.43478260869565216,0.33816425120772947,13.357487922705314,0.5797101449275363,0.43478260869565216,0.04830917874396135,0.21739130434782608,0.6521739130434783,9.057971014492754,2.8019323671497585,0.8454106280193237,0.2898550724637681,0.1932367149758454,0.8937198067632851,1.8357487922705313,0.33816425120772947,0.0,0.024154589371980676,10.40036231884058,46.57534246575342,30.933333333333334,34.285714285714285,6.610010735373055
argentina,Primera Division,2025 / 2026,Adrián Spörle,30.0,D,Argentina,182.0,76.0,33,27,2462.0,1.0,3.0,0.0,0.0,0,0,7,0.0,0,0.1462225832656377,0.4021121039805037,0.1462225832656377,0.036555645816409424,0.10966693744922827,0.1462225832656377,0.036555645816409424,32.24207961007311,0.8042242079610074,2.229894394800975,0.1462225832656377,1.1697806661251016,3.3996750609260764,8.627132412672625,4.203899268887084,1.7181153533712428,0.7311129163281884,0.8042242079610074,0.3290008123476848,1.0966693744922826,0.255889520714866,0.0,0.0,23.77097505668934,36.36363636363637,48.728813559322035,42.5531914893617,6.767221770917954
argentina,Primera Division,2025 / 2026,Adrián Sánchez,26.0,M,Argentina,177.0,73.0,51,51,4405.0,3.0,1.0,0.0,1.0,0,0,9,0.0,0,0.02043132803632236,0.32690124858115777,0.14301929625425652,0.06129398410896708,0.02043132803632236,0.08172531214528944,0.06129398410896708,48.68785471055618,0.8376844494892168,3.105561861520999,0.18388195232690127,1.0828603859250852,4.188422247446084,9.704880817253121,5.741203178206583,0.6946651532349603,0.28603859250851305,0.9398410896708287,1.246311010215664,1.2054483541430194,0.18388195232690127,0.0,0.0,43.83130507763324,43.75,59.15789473684211,41.17647058823529,7.064676503972758
argentina,Primera Division,2025,Agostino Spina,24.0,M,Argentina,,,0,0,0.0,0.0,0.0,0.0,0.0,0,0,0,0.0,0,,,,,,,,,,,,,,,,,,,,,,,,,,,,
argentina,Primera Division,2025,Agustin De la Cuesta,19.0,M,Argentina,170.0,64.0,1,1,62.0,0.0,0.0,0.0,0.0,0,0,0,0.0,0,0.0,0.0,0.0,0.0,0.0,0.0,0.0,66.7741935483871,0.0,1.4516129032258065,0.0,4.354838709677419,5.806451612903226,11.612903225806452,4.354838709677419,0.0,0.0,2.903225806451613,2.903225806451613,1.4516129032258065,0.0,0.0,0.0,42.0,,37.5,,6.6
argentina,Primera Division,2025 / 2026,Agustin Ladstatter,20.0,D,Argentina,,,30,9,1063.0,0.0,1.0,0.0,0.0,0,0,2,0.0,1,0.25399811853245535,1.1853245531514582,0.33866415804327377,0.0,0.08466603951081844,0.08466603951081844,0.0,21.843838193791157,0.9313264346190029,1.4393226716839136,0.0,0.16933207902163688,1.6086547507055504,12.53057384760113,4.487300094073377,3.6406396989651926,1.6086547507055504,0.6773283160865475,1.1853245531514582,1.7779868297271872,0.16933207902163688,0.0,0.08466603951081844,9.748062015503876,28.57142857142857,35.810810810810814,44.18604651162791,6.568267419962336
argentina,Primera Division,2025,Agustin Maglione,,D,,,,0,0,0.0,0.0,0.0,0.0,0.0,0,0,0,0.0,0,,,,,,,,,,,,,,,,,,,,,,,,,,,,
argentina,Primera Division,2025,Agustin Melano,21.0,F,,,,0,0,0.0,0.0,0.0,0.0,0.0,0,0,0,0.0,0,,,,,,,,,,,,,,,,,,,,,,,,,,,,
argentina,Primera Division,2025 / 2026,Agustin Modica,22.0,F,Italy,,,17,11,934.0,4.0,0.0,0.0,0.0,0,0,3,0.0,0,0.09635974304068523,2.21627408993576,1.3490364025695931,0.3854389721627409,0.0,0.3854389721627409,0.3854389721627409,12.526766595289079,0.2890792291220557,0.5781584582441114,0.09635974304068523,0.3854389721627409,0.9635974304068522,13.683083511777303,5.588865096359743,2.5053533190578157,1.2526766595289078,0.4817987152034261,1.6381156316916488,1.3490364025695931,0.2890792291220557,0.0,0.0,7.3076923076923075,60.86956521739131,40.845070422535215,50.0,6.824330117899249
argentina,Primera Division,2025,Agustin Molina,19.0,F,Argentina,,,2,0,31.0,0.0,0.0,0.0,0.0,0,0,0,0.0,0,0.0,2.903225806451613,0.0,0.0,0.0,0.0,0.0,11.612903225806452,0.0,0.0,0.0,0.0,0.0,26.12903225806452,11.612903225806452,8.709677419354838,2.903225806451613,2.903225806451613,2.903225806451613,2.903225806451613,0.0,0.0,0.0,2.0,0.0,44.44444444444444,33.33333333333333,6.316129032258065
argentina,Primera Division,2026,Agustin Quiroga,23.0,D,Argentina,,,13,9,815.0,0.0,0.0,0.0,0.0,0,0,3,0.0,0,0.22085889570552147,0.7730061349693252,0.11042944785276074,0.0,0.0,0.0,0.0,27.276073619631905,0.7730061349693252,1.7668711656441718,0.22085889570552147,1.4355828220858897,3.2024539877300615,10.822085889570552,5.631901840490798,1.4355828220858897,0.44171779141104295,0.9938650306748467,0.8834355828220859,1.6564417177914113,0.3312883435582822,0.0,0.0,14.238866396761134,14.285714285714285,52.04081632653062,30.76923076923077,6.499754601226994
argentina,Primera Division,2025 / 2026,Agustín Alaniz,23.0,F,Uruguay,176.0,70.0,21,11,1121.0,2.0,2.0,0.0,0.0,0,0,2,0.0,0,0.32114183764495985,1.3648528099910793,0.5619982158786797,0.16057091882247992,0.16057091882247992,0.32114183764495985,0.16057091882247992,19.50936663693131,0.8028545941123997,1.5254237288135593,0.0,0.4817127564674398,2.007136485280999,12.685102586975916,4.495985727029438,3.5325602140945587,1.2042818911685995,1.2042818911685995,1.4451382694023194,1.3648528099910793,0.16057091882247992,0.0,0.0,11.736625514403292,41.17647058823529,35.44303797468354,34.090909090909086,6.692053571428572
argentina,Primera Division,2025,Agustín Almendra,25.0,M,Argentina,175.0,78.0,27,23,1658.0,0.0,0.0,0.0,0.0,0,0,4,0.0,0,0.0,1.031363088057901,0.32569360675512665,0.0,0.0,0.0,0.0,41.58021712907117,0.9227985524728588,1.4113389626055488,0.43425814234016885,1.3570566948130278,2.768395657418577,6.948130277442702,3.311218335343788,0.97708082026538,0.48854041013269,0.8142340168878167,1.0856453558504222,1.0856453558504222,0.21712907117008443,0.0,0.0,26.159268929503916,31.57894736842105,47.65625,50.0,6.832147165259349
argentina,Primera Division,2025 / 2026,Agustín Auzmendi,28.0,F,Argentina,181.0,,41,23,2196.0,7.0,2.0,0.0,0.0,1,0,3,0.0,0,0.45081967213114754,2.2131147540983607,0.819672131147541,0.2868852459016394,0.08196721311475409,0.36885245901639346,0.2459016393442623,17.45901639344262,0.819672131147541,0.45081967213114754,0.20491803278688525,0.2868852459016394,0.7377049180327869,13.77049180327869,6.721311475409837,0.819672131147541,0.4098360655737705,0.36885245901639346,2.1721311475409837,0.8606557377049181,0.12295081967213115,0.0,0.0,9.264150943396226,37.03703703703704,48.80952380952381,50.0,6.789571948998179
argentina,Primera Division,2025,Agustín Baldi,23.0,M,Argentina,188.0,75.0,1,0,45.0,0.0,0.0,0.0,0.0,0,0,0,0.0,0,0.0,0.0,0.0,0.0,0.0,0.0,0.0,34.0,2.0,2.0,2.0,0.0,2.0,8.0,8.0,0.0,0.0,0.0,0.0,0.0,0.0,0.0,0.0,14.0,,100.0,,6.9
argentina,Primera Division,2025,Agustín Bouzat,31.0,M,Argentina,173.0,73.0,28,27,2323.0,0.0,2.0,0.0,0.0,0,0,14,0.0,1,0.0,0.46491605682307363,0.19371502367628068,0.0,0.07748600947051226,0.07748600947051226,0.0,47.421437795953516,1.2010331467929403,3.099440378820491,0.30994403788204905,1.4722341799397332,4.571674558760224,13.560051657339645,7.051226861816617,1.7046922083512699,0.9685751183814034,1.4334911752044768,2.053379250968575,2.130865260439087,0.5424020662935859,0.0,0.03874300473525613,38.75898692810458,41.66666666666667,52.0,56.81818181818182,7.031510977184675
argentina,Primera Division,2025 / 2026,Agustín Bravo,24.0,D,Argentina,,,5,3,303.0,0.0,0.0,0.0,0.0,0,0,1,0.0,0,0.0,0.0,0.0,0.0,0.0,0.0,0.0,33.86138613861386,0.0,0.594059405940594,0.297029702970297,0.594059405940594,1.188118811881188,8.613861386138614,5.643564356435643,0.594059405940594,0.0,0.0,2.0792079207920793,1.188118811881188,0.297029702970297,0.0,0.0,22.539823008849556,,65.51724137931035,0.0,6.425082508250825
argentina,Primera Division,2025 / 2026,Agustín Cardozo,28.0,M,Argentina,181.0,79.0,45,42,3860.0,0.0,1.0,0.0,0.0,0,0,9,0.0,1,0.0,0.23316062176165803,0.11658031088082901,0.0,0.023316062176165803,0.023316062176165803,0.0,49.360103626943,0.46632124352331605,1.6554404145077721,0.32642487046632124,0.9792746113989638,2.634715025906736,8.183937823834198,4.476683937823834,0.5362694300518135,0.25647668393782386,0.6528497409326425,1.1424870466321242,1.2590673575129534,0.2098445595854922,0.0,0.023316062176165803,47.72366556447803,50.0,54.700854700854705,47.82608695652174,7.008056994818653
argentina,Primera Division,2025 / 2026,Agustín Colazo,25.0,F,Argentina,,,27,12,1143.0,4.0,1.0,0.0,0.0,0,0,5,0.0,0,0.3937007874015748,2.4409448818897634,1.0236220472440944,0.31496062992125984,0.07874015748031496,0.3937007874015748,0.31496062992125984,16.53543307086614,1.0236220472440944,0.7874015748031497,0.15748031496062992,0.07874015748031496,0.8661417322834645,15.354330708661418,5.433070866141732,1.6535433070866141,0.6299212598425197,0.15748031496062992,0.8661417322834645,1.3385826771653542,0.3937007874015748,0.0,0.0,7.8428571428571425,41.935483870967744,35.38461538461539,38.095238095238095,6.6348206474190725
argentina,Primera Division,2025,Agustín Dáttola,26.0,D,Argentina,,,4,4,374.0,0.0,0.0,0.0,0.0,0,0,1,0.0,0,0.0,0.0,0.0,0.0,0.0,0.0,0.0,35.13368983957219,0.0,0.7219251336898397,0.24064171122994651,0.7219251336898397,1.4438502673796794,5.7754010695187175,4.090909090909091,0.0,0.0,0.24064171122994651,0.48128342245989303,0.7219251336898397,0.24064171122994651,0.0,0.0,30.568493150684933,,70.83333333333334,,6.755614973262031
argentina,Primera Division,2025 / 2026,Agustín Falcón,20.0,D,Argentina,179.0,79.0,0,0,0.0,0.0,0.0,0.0,0.0,0,0,0,0.0,0,,,,,,,,,,,,,,,,,,,,,,,,,,,,
argentina,Primera Division,2026,Agustín Falcón,21.0,D,,,,6,3,389.0,0.0,0.0,0.0,0.0,0,0,3,0.0,0,0.0,0.0,0.0,0.0,0.0,0.0,0.0,27.30077120822622,0.0,2.082262210796915,0.0,1.3881748071979434,3.4704370179948585,7.866323907455013,3.4704370179948585,0.6940874035989717,0.0,0.6940874035989717,0.9254498714652956,1.6195372750642674,0.6940874035989717,0.0,0.0,18.66949152542373,,44.11764705882353,0.0,6.577377892030848
argentina,Primera Division,2025 / 2026,Agustín García Basso,33.0,D,Argentina,178.0,78.0,28,26,2407.0,0.0,2.0,0.0,0.0,0,0,5,0.0,1,0.03739094308267553,0.18695471541337763,0.07478188616535106,0.0,0.07478188616535106,0.07478188616535106,0.0,56.79684254258413,0.37390943082675526,1.0843373493975905,0.3365184877440798,1.5330286663896968,2.617366015787287,5.459077690070627,3.0660573327793936,0.5608641462401329,0.3365184877440798,0.4860822600747819,0.2617366015787287,0.7478188616535105,0.18695471541337763,0.0,0.03739094308267553,56.34891375905201,40.0,56.16438356164384,60.0,7.02970502700457
argentina,Primera Division,2026,Agustín Griguol,33.0,D,,,,0,0,0.0,0.0,0.0,0.0,0.0,0,0,0,0.0,0,,,,,,,,,,,,,,,,,,,,,,,,,,,,
argentina,Primera Division,2025,Agustín Gálvez,29.0,D,Argentina,,,0,0,0.0,0.0,0.0,0.0,0.0,0,0,0,0.0,0,,,,,,,,,,,,,,,,,,,,,,,,,,,,
argentina,Primera Division,2025 / 2026,Agustín Hausch,22.0,F,Argentina,177.0,69.0,24,12,1090.0,1.0,0.0,0.0,1.0,0,0,1,0.0,0,0.1651376146788991,1.3211009174311927,0.5779816513761469,0.08256880733944955,0.0,0.08256880733944955,0.08256880733944955,27.082568807339452,0.7431192660550459,1.3211009174311927,0.08256880733944955,0.9908256880733946,2.3119266055045875,9.0,4.541284403669725,2.5596330275229358,1.4036697247706422,0.9082568807339451,1.5688073394495414,0.5779816513761469,0.08256880733944955,0.0,0.0,17.34451219512195,43.75,50.45871559633027,54.83870967741935,6.724538745387455
argentina,Primera Division,2025 / 2026,Agustín Lagos,24.0,D,Argentina,191.0,73.0,13,6,599.0,0.0,0.0,0.0,0.0,0,0,5,0.0,1,0.15025041736227046,0.3005008347245409,0.0,0.0,0.0,0.0,0.0,38.764607679465776,1.0517529215358932,3.4557595993322203,0.0,1.3522537562604342,4.808013355592655,13.07178631051753,6.911519198664441,1.8030050083472453,0.9015025041736227,0.7512520868113522,1.0517529215358932,3.30550918196995,0.7512520868113522,0.0,0.15025041736227046,24.509727626459146,0.0,52.87356321839081,50.0,6.6474123539232055
argentina,Primera Division,2025,Agustín Lagos,,D,,,,6,5,398.0,0.0,0.0,0.0,0.0,0,0,1,0.0,0,0.22613065326633167,0.45226130653266333,0.45226130653266333,0.0,0.0,0.0,0.0,41.15577889447236,1.1306532663316584,4.522613065326634,0.45226130653266333,2.035175879396985,6.557788944723618,13.793969849246231,8.819095477386934,2.4874371859296485,0.9045226130653267,1.3567839195979898,0.45226130653266333,1.3567839195979898,0.22613065326633167,0.0,0.0,25.554945054945055,100.0,63.934426229508205,36.36363636363637,7.1577889447236185
argentina,Primera Division,2025 / 2026,Agustín Lastra,24.0,G,Argentina,194.0,88.0,12,12,1092.0,0.0,0.0,0.0,0.0,0,0,0,0.0,0,0.0,0.0,0.0,0.0,0.0,0.0,0.0,25.549450549450547,0.08241758241758242,0.0,0.0,0.08241758241758242,0.08241758241758242,1.1538461538461537,1.1538461538461537,0.08241758241758242,0.08241758241758242,0.0,0.8241758241758242,0.0,0.0,0.0,0.0,17.438709677419354,,100.0,100.0,6.804945054945055
argentina,Primera Division,2025,Agustín Maglione,,D,,,,0,0,0.0,0.0,0.0,0.0,0.0,0,0,0,0.0,0,,,,,,,,,,,,,,,,,,,,,,,,,,,,
argentina,Primera Division,2025,Agustín Mangiaut,21.0,G,Argentina,185.0,84.0,0,0,0.0,0.0,0.0,0.0,0.0,0,0,0,0.0,0,,,,,,,,,,,,,,,,,,,,,,,,,,,,
argentina,Primera Division,2025 / 2026,Agustín Marchesín,37.0,G,Argentina,188.0,82.0,46,46,4236.0,0.0,0.0,0.0,2.0,0,0,3,0.0,0,0.0,0.0,0.0,0.0,0.0,0.0,0.0,22.457507082152976,0.021246458923512748,0.0,0.0,0.0,0.0,0.4886685552407932,0.4036827195467422,0.042492917847025496,0.042492917847025496,0.0,0.2762039660056657,0.042492917847025496,0.06373937677053824,0.0,0.0,17.11542100283822,,82.6086956521739,100.0,7.122450424929178
argentina,Primera Division,2025 / 2026,Agustín Martegani,25.0,M,Argentina,182.0,74.0,1,1,58.0,0.0,0.0,0.0,0.0,0,0,0,0.0,0,0.0,1.5517241379310345,1.5517241379310345,0.0,0.0,0.0,0.0,32.58620689655172,0.0,1.5517241379310345,0.0,0.0,1.5517241379310345,12.413793103448276,6.206896551724138,1.5517241379310345,1.5517241379310345,0.0,1.5517241379310345,1.5517241379310345,0.0,0.0,0.0,20.0,100.0,50.0,100.0,7.0
argentina,Primera Division,2026,Agustín Massaccesi,23.0,D,Argentina,,,4,3,254.0,0.0,0.0,0.0,0.0,0,0,1,0.0,0,0.0,0.3543307086614173,0.3543307086614173,0.0,0.0,0.0,0.0,25.866141732283463,0.3543307086614173,2.4803149606299213,0.3543307086614173,1.7716535433070866,4.251968503937007,7.795275590551181,4.606299212598425,0.3543307086614173,0.3543307086614173,0.3543307086614173,1.0629921259842519,2.1259842519685037,0.3543307086614173,0.0,0.0,14.575342465753424,100.0,59.09090909090909,100.0,6.792913385826772
argentina,Primera Division,2025 / 2026,Agustín Medina,19.0,M,Argentina,175.0,75.0,39,26,2388.0,0.0,0.0,0.0,1.0,0,0,11,0.0,0,0.0,0.5276381909547738,0.2638190954773869,0.0,0.0,0.0,0.0,52.198492462311556,0.5653266331658292,3.3542713567839195,0.07537688442211056,1.3944723618090453,4.748743718592965,11.457286432160805,5.690954773869347,1.092964824120603,0.6407035175879396,1.3567839195979898,0.8291457286432161,2.412060301507538,0.41457286432160806,0.0,0.0,41.53068592057762,50.0,49.67105263157895,58.620689655172406,6.78140703517588
argentina,Primera Division,2025,Agustín Melgarejo,19.0,D,Argentina,179.0,,0,0,0.0,0.0,0.0,0.0,0.0,0,0,0,0.0,0,,,,,,,,,,,,,,,,,,,,,,,,,,,,
argentina,Primera Division,2026,Agustín Morales,26.0,F,Argentina,,,1,0,21.0,0.0,0.0,0.0,0.0,0,0,0,0.0,0,0.0,0.0,0.0,0.0,0.0,0.0,0.0,4.285714285714286,0.0,0.0,0.0,0.0,0.0,4.285714285714286,0.0,0.0,0.0,0.0,0.0,0.0,0.0,0.0,0.0,,,0.0,,6.5
argentina,Primera Division,2025,Agustín Obando,25.0,F,Argentina,172.0,64.0,4,1,96.0,0.0,0.0,0.0,0.0,0,0,0,0.0,0,0.9375,0.9375,0.0,0.0,0.0,0.0,0.0,23.4375,1.875,0.0,0.0,0.9375,0.9375,5.625,2.8125,0.9375,0.0,0.0,0.9375,0.0,0.0,0.0,0.0,4.12,0.0,50.0,0.0,6.4906250000000005
argentina,Primera Division,2025,Agustín Obregón,19.0,D,Argentina,175.0,77.0,1,0,74.0,0.0,0.0,0.0,0.0,0,0,1,0.0,0,0.0,0.0,0.0,0.0,0.0,0.0,0.0,20.675675675675677,0.0,2.4324324324324325,0.0,1.2162162162162162,3.6486486486486487,4.864864864864865,2.4324324324324325,0.0,0.0,0.0,0.0,1.2162162162162162,1.2162162162162162,0.0,0.0,9.0,,50.0,,6.7
argentina,Primera Division,2025,Agustín Rodríguez,21.0,M,Argentina,169.0,62.0,2,1,82.0,0.0,0.0,0.0,0.0,0,0,0,0.0,0,0.0,2.1951219512195124,0.0,0.0,0.0,0.0,0.0,20.853658536585368,2.1951219512195124,0.0,1.0975609756097562,0.0,0.0,5.48780487804878,1.0975609756097562,1.0975609756097562,0.0,0.0,1.0975609756097562,0.0,0.0,0.0,0.0,11.263157894736842,0.0,20.0,0.0,6.300000000000001
argentina,Primera Division,2026,Agustín Romero,19.0,D,,,,0,0,0.0,0.0,0.0,0.0,0.0,0,0,0,0.0,0,,,,,,,,,,,,,,,,,,,,,,,,,,,,
argentina,Primera Division,2025 / 2026,Agustín Ruberto,19.0,F,Argentina,183.0,80.0,4,2,168.0,0.0,0.0,0.0,0.0,0,0,0,0.0,0,0.0,1.607142857142857,1.0714285714285714,0.0,0.0,0.0,0.0,20.892857142857142,0.5357142857142857,0.5357142857142857,0.0,0.0,0.5357142857142857,12.857142857142856,2.6785714285714284,2.142857142857143,0.5357142857142857,0.0,0.5357142857142857,1.0714285714285714,0.0,0.0,0.0,8.974358974358974,66.66666666666666,20.833333333333336,25.0,6.384523809523809
argentina,Primera Division,2025 / 2026,Agustín Seyral,20.0,D,Argentina,191.0,,15,8,862.0,0.0,0.0,0.0,0.0,0,0,3,0.0,0,0.0,0.2088167053364269,0.0,0.0,0.0,0.0,0.0,28.816705336426914,0.0,1.2529002320185614,1.5661252900232019,2.296983758700696,3.549883990719257,7.204176334106728,3.967517401392111,0.0,0.0,0.10440835266821345,0.6264501160092807,1.357308584686775,0.31322505800464034,0.0,0.0,25.317518248175183,0.0,55.072463768115945,,6.948491879350347
argentina,Primera Division,2025,Agustín Sienra,26.0,D,Argentina,171.0,72.0,2,1,100.0,0.0,0.0,0.0,0.0,0,0,0,0.0,0,0.0,0.0,0.0,0.0,0.0,0.0,0.0,37.8,0.0,4.5,0.9,2.6999999999999997,7.2,9.0,5.3999999999999995,0.0,0.0,1.8,0.0,0.9,0.0,0.0,0.0,32.0,,60.0,,6.69
argentina,Primera Division,2025 / 2026,Agustín Sández,24.0,D,Argentina,179.0,72.0,48,47,3969.0,2.0,2.0,0.0,0.0,0,0,13,0.0,0,0.02267573696145125,0.4988662131519274,0.20408163265306123,0.0453514739229025,0.0453514739229025,0.090702947845805,0.0453514739229025,34.26303854875283,0.7029478458049887,1.9047619047619047,0.20408163265306123,1.3605442176870748,3.2653061224489797,8.208616780045352,4.308390022675737,0.9523809523809523,0.31746031746031744,0.5895691609977324,0.6802721088435374,1.0204081632653061,0.2947845804988662,0.0,0.0,27.634017207147583,40.909090909090914,52.48618784530387,33.33333333333333,6.866641471403376
argentina,Primera Division,2025,Agustín Urzi,25.0,F,Argentina,170.0,61.0,26,11,1150.0,1.0,1.0,0.0,0.0,0,0,2,0.0,0,0.0,1.0173913043478262,0.3130434782608696,0.0782608695652174,0.0782608695652174,0.1565217391304348,0.0782608695652174,23.243478260869566,1.1739130434782608,1.8,0.0,0.6260869565217392,2.426086956521739,12.208695652173914,6.4173913043478255,3.130434782608696,1.3304347826086957,0.7043478260869566,2.5826086956521737,1.0173913043478262,0.1565217391304348,0.0,0.0,11.26936026936027,30.76923076923077,52.56410256410257,42.5,6.760400348128808
argentina,Primera Division,2025,Agustín Valverde,23.0,M,Argentina,175.0,,4,3,205.0,0.0,0.0,0.0,0.0,0,0,0,0.0,0,0.0,0.8780487804878049,0.0,0.0,0.0,0.0,0.0,16.24390243902439,0.8780487804878049,3.073170731707317,0.43902439024390244,0.8780487804878049,3.951219512195122,10.536585365853659,6.146341463414634,1.3170731707317074,0.43902439024390244,0.43902439024390244,2.1951219512195124,1.7560975609756098,0.0,0.0,0.0,6.783783783783784,0.0,58.333333333333336,33.33333333333333,6.994634146341464
argentina,Primera Division,2025,Agustín Villalobos,22.0,M,Argentina,181.0,,0,0,0.0,0.0,0.0,0.0,0.0,0,0,0,0.0,0,,,,,,,,,,,,,,,,,,,,,,,,,,,,
argentina,Primera Division,2025 / 2026,Alan Aguerre,35.0,G,Argentina,181.0,76.0,47,47,4227.0,0.0,1.0,0.0,0.0,0,0,4,0.0,0,0.0,0.0,0.0,0.0,0.021291696238467,0.021291696238467,0.0,21.185237757274663,0.042583392476934,0.042583392476934,0.0,0.0,0.042583392476934,0.44712562100780695,0.44712562100780695,0.0,0.0,0.0,0.21291696238467,0.0,0.085166784953868,0.0,0.0,13.342713567839196,,100.0,,7.099266619351786
argentina,Primera Division,2025 / 2026,Alan Barrionuevo,28.0,D,Argentina,,,28,22,2074.0,1.0,3.0,0.0,0.0,0,0,1,0.0,0,0.04339440694310511,0.8244937319189972,0.2603664416586307,0.04339440694310511,0.13018322082931535,0.17357762777242045,0.04339440694310511,33.15332690453231,0.2603664416586307,1.4320154291224687,0.6075216972034715,1.0414657666345228,2.473481195756991,7.507232401157184,4.946962391513982,0.30376084860173574,0.21697203471552556,0.30376084860173574,0.30376084860173574,0.3471552555448409,0.04339440694310511,0.0,0.0,33.023622047244096,31.57894736842105,65.89595375722543,71.42857142857143,7.133220666344761
argentina,Primera Division,2026,Alan Coria,18.0,F,,,,3,1,122.0,0.0,0.0,0.0,0.0,0,0,0,0.0,0,0.0,1.4754098360655739,0.7377049180327869,0.0,0.0,0.0,0.0,14.01639344262295,0.7377049180327869,0.7377049180327869,0.0,0.0,0.7377049180327869,8.114754098360656,3.6885245901639343,5.163934426229508,2.2131147540983607,0.0,0.7377049180327869,1.4754098360655739,0.0,0.0,0.0,4.421052631578948,50.0,45.45454545454545,42.857142857142854,6.433606557377049
argentina,Primera Division,2025 / 2026,Alan Forneris,20.0,M,Argentina,188.0,,10,6,502.0,0.0,0.0,0.0,0.0,0,0,2,0.0,0,0.0,0.17928286852589642,0.0,0.0,0.0,0.0,0.0,54.14342629482072,0.35856573705179284,2.8685258964143427,0.5378486055776892,1.0756972111553784,3.944223107569721,9.143426294820717,5.199203187250996,0.17928286852589642,0.0,0.896414342629482,1.0756972111553784,1.6135458167330679,0.35856573705179284,0.0,0.0,36.63245033112583,0.0,56.86274509803921,0.0,7.023505976095618
argentina,Primera Division,2026,Alan Laprida,21.0,F,,,,8,3,384.0,0.0,0.0,0.0,0.0,0,0,1,0.0,0,0.0,0.234375,0.0,0.0,0.0,0.0,0.0,21.328125,0.703125,1.40625,0.0,0.234375,1.640625,18.984375,8.671875,7.5,3.515625,0.703125,3.515625,2.109375,0.234375,0.0,0.0,9.87912087912088,0.0,45.67901234567901,46.875,6.64375
argentina,Primera Division,2025 / 2026,Alan Lescano,24.0,M,Argentina,182.0,67.0,53,53,4574.0,10.0,5.0,0.0,0.0,1,1,9,0.0,0,0.03935286401399213,1.2986445124617403,0.6099693922168781,0.19676432006996064,0.09838216003498032,0.29514648010494093,0.17708788806296458,44.74420638390905,0.9444687363358112,1.7512024486226496,0.1180585920419764,0.6689986882378661,2.420201136860516,9.543069523393092,4.643637953651071,1.6134674245736775,0.7477044162658504,0.8264101442938347,1.554438128552689,1.0034980323567992,0.17708788806296458,0.0,0.0,39.815303430079155,46.96969696969697,48.65979381443299,46.34146341463415,7.125666812418015
argentina,Primera Division,2025,Alan Mereles,20.0,M,,,,0,0,0.0,0.0,0.0,0.0,0.0,0,0,0,0.0,0,,,,,,,,,,,,,,,,,,,,,,,,,,,,
argentina,Primera Division,2025,Alan Sosa,29.0,G,Argentina,183.0,75.0,0,0,0.0,0.0,0.0,0.0,0.0,0,0,0,0.0,0,,,,,,,,,,,,,,,,,,,,,,,,,,,,
argentina,Primera Division,2025 / 2026,Alan Sosa,22.0,F,Argentina,183.0,74.0,27,14,1415.0,0.0,0.0,0.0,0.0,0,0,1,0.0,1,0.127208480565371,1.3356890459363957,0.508833922261484,0.0,0.0,0.0,0.0,34.66431095406361,0.763250883392226,2.480565371024735,0.0,1.017667844522968,3.498233215547703,11.830388692579506,5.597173144876326,3.498233215547703,1.6537102473498233,1.5901060070671378,0.6360424028268551,0.6360424028268551,0.0636042402826855,0.0,0.0636042402826855,21.225688073394494,38.095238095238095,47.31182795698925,47.27272727272727,6.807279151943463
argentina,Primera Division,2025 / 2026,Alan Velasco,23.0,M,Argentina,167.0,63.0,31,18,1531.0,3.0,2.0,1.0,0.0,0,0,5,0.0,0,0.0,1.3520574787720445,0.6466361854996734,0.17635532331809275,0.11757021554539517,0.29392553886348793,0.17635532331809275,36.15284128020902,1.5284128020901373,2.1750489875898107,0.0,0.47028086218158066,2.6453298497713913,14.990202482037883,7.171783148269104,3.7034617896799475,1.7047681254082299,1.0581319399085565,2.704114957544089,1.3520574787720445,0.29392553886348793,0.0,0.0,22.473170731707317,47.82608695652174,47.84313725490196,46.03174603174603,7.0369693011103855
argentina,Primera Division,2026,Alcides Benítez,23.0,D,Paraguay,168.0,61.0,16,12,1026.0,0.0,0.0,0.0,0.0,0,0,5,0.0,0,0.0,0.5263157894736842,0.17543859649122806,0.0,0.0,0.0,0.0,26.14035087719298,0.5263157894736842,3.859649122807017,0.17543859649122806,1.4912280701754386,5.3508771929824555,11.842105263157894,7.017543859649122,2.1052631578947367,0.7894736842105263,0.5263157894736842,1.9298245614035086,1.4912280701754386,0.43859649122807015,0.0,0.0,15.875838926174497,33.33333333333333,59.25925925925925,37.5,6.833430799220272
argentina,Primera Division,2026,Alejandro Cabrera,33.0,M,Argentina,185.0,85.0,10,8,665.0,0.0,0.0,0.0,0.0,0,0,3,0.0,0,0.0,0.6766917293233082,0.0,0.0,0.0,0.0,0.0,59.007518796992485,0.9473684210526315,2.571428571428571,0.27067669172932335,2.0300751879699246,4.601503759398496,10.150375939849624,6.360902255639098,0.406015037593985,0.13533834586466167,0.5413533834586467,2.706766917293233,1.7593984962406015,0.406015037593985,0.0,0.0,51.56880733944954,0.0,62.66666666666667,33.33333333333333,6.996992481203008
argentina,Primera Division,2026,Alejandro Maciel,28.0,D,Argentina,183.0,87.0,14,14,1280.0,1.0,1.0,0.0,2.0,0,0,6,0.0,0,0.0703125,0.421875,0.140625,0.0703125,0.0703125,0.140625,0.0703125,36.0,0.28125,1.9687499999999998,0.9140625,1.3359375,3.3046875,9.3515625,5.203125,0.140625,0.140625,1.0546875,0.3515625,0.9843749999999999,0.421875,0.0,0.0,30.9765625,33.33333333333333,55.639097744360896,100.0,7.104453125000001
argentina,Primera Division,2025,Alejandro Molina,28.0,D,Argentina,177.0,,6,1,138.0,0.0,0.0,0.0,0.0,0,0,1,0.0,0,0.0,0.0,0.0,0.0,0.0,0.0,0.0,26.73913043478261,0.6521739130434783,5.217391304347826,0.6521739130434783,0.6521739130434783,5.869565217391304,10.434782608695652,6.521739130434783,0.6521739130434783,0.6521739130434783,0.6521739130434783,0.0,1.3043478260869565,0.6521739130434783,0.0,0.0,14.692307692307692,,62.5,100.0,6.727007299270072
argentina,Primera Division,2025,Alejandro Molina,32.0,D,Mexico,177.0,76.0,13,12,1042.0,0.0,0.0,0.0,0.0,0,0,3,0.0,0,0.08637236084452975,0.4318618042226487,0.2591170825335893,0.0,0.0,0.0,0.0,21.765834932821498,0.6046065259117083,2.3320537428023034,0.4318618042226487,0.6046065259117083,2.9366602687140113,9.328214971209214,3.62763915547025,0.7773512476007678,0.2591170825335893,1.1228406909788866,0.1727447216890595,2.504798464491363,0.2591170825335893,0.0,0.0,17.623015873015873,60.0,38.88888888888889,33.33333333333333,6.646545105566219
argentina,Primera Division,2025,Alejandro Piedrahita,23.0,M,Colombia,182.0,83.0,18,13,1126.0,0.0,3.0,0.0,0.0,0,0,3,0.0,0,0.23978685612788633,0.7193605683836589,0.3996447602131438,0.0,0.23978685612788633,0.23978685612788633,0.0,25.49733570159858,1.0390763765541742,1.4387211367673178,0.07992895204262877,0.6394316163410302,2.0781527531083483,9.591474245115453,4.236234458259325,2.957371225577265,1.2788632326820604,1.2788632326820604,1.0390763765541742,0.7992895204262876,0.23978685612788633,0.0,0.0,16.0,55.55555555555556,44.166666666666664,43.24324324324324,6.745381882770871
argentina,Primera Division,2026,Alejandro Tello,17.0,M,Argentina,,,0,0,0.0,0.0,0.0,0.0,0.0,0,0,0,0.0,0,,,,,,,,,,,,,,,,,,,,,,,,,,,,
argentina,Primera Division,2025 / 2026,Alejandro Villareal,20.0,F,Colombia,189.0,85.0,11,3,270.0,0.0,0.0,0.0,0.0,0,0,1,0.0,0,0.0,1.3333333333333335,0.0,0.0,0.0,0.0,0.0,11.333333333333332,0.0,0.0,0.0,1.3333333333333335,1.3333333333333335,9.666666666666666,1.6666666666666665,0.6666666666666667,0.0,1.0,1.3333333333333335,1.6666666666666665,0.33333333333333337,0.0,0.0,3.375,0.0,17.24137931034483,0.0,6.258955223880597
argentina,Primera Division,2026,Alejo Benjamín Rivas,19.0,M,,,,0,0,0.0,0.0,0.0,0.0,0.0,0,0,0,0.0,0,,,,,,,,,,,,,,,,,,,,,,,,,,,,
argentina,Primera Division,2025 / 2026,Alejo Cordoba,21.0,D,Argentina,187.0,76.0,0,0,0.0,0.0,0.0,0.0,0.0,0,0,0,0.0,0,,,,,,,,,,,,,,,,,,,,,,,,,,,,
argentina,Primera Division,2026,Alejo Dramisino,25.0,M,Argentina,173.0,65.0,4,0,81.0,0.0,0.0,0.0,0.0,0,0,0,0.0,0,0.0,0.0,0.0,0.0,0.0,0.0,0.0,32.22222222222222,0.0,2.2222222222222223,0.0,0.0,2.2222222222222223,10.0,4.444444444444445,2.2222222222222223,0.0,1.1111111111111112,2.2222222222222223,0.0,0.0,0.0,0.0,6.642857142857143,,44.44444444444444,0.0,6.455555555555556
argentina,Primera Division,2026,Alejo Gelsomino,20.0,D,,,,1,0,45.0,0.0,0.0,0.0,0.0,0,0,0,0.0,0,0.0,0.0,0.0,0.0,0.0,0.0,0.0,18.0,0.0,4.0,0.0,2.0,6.0,8.0,4.0,0.0,0.0,0.0,0.0,2.0,0.0,0.0,0.0,5.0,,50.0,,6.3
argentina,Primera Division,2025,Alejo Montero,27.0,D,Argentina,178.0,72.0,28,26,2354.0,0.0,0.0,0.0,0.0,0,0,8,0.0,0,0.0,0.07646559048428207,0.0,0.0,0.0,0.0,0.0,25.654205607476634,0.9558198810535259,3.0968564146134243,0.2676295666949873,1.873406966864911,4.970263381478334,9.711129991503823,5.19966015293118,1.5293118096856415,0.5734919286321155,0.9940526762956668,0.6117247238742566,1.3381478334749364,0.3058623619371283,0.0,0.0,20.991058122205665,0.0,53.54330708661418,37.5,6.944307561597281
argentina,Primera Division,2025,Alejo Navarro,,F,,,,1,0,14.0,0.0,0.0,0.0,0.0,0,0,0,0.0,0,0.0,0.0,0.0,0.0,0.0,0.0,0.0,6.428571428571428,0.0,0.0,0.0,0.0,0.0,6.428571428571428,6.428571428571428,0.0,0.0,0.0,6.428571428571428,0.0,0.0,0.0,0.0,,,100.0,,6.7
argentina,Primera Division,2025 / 2026,Alejo Osella,25.0,D,Argentina,,,31,22,1888.0,4.0,0.0,0.0,0.0,0,0,2,0.0,0,0.09533898305084745,1.0010593220338984,0.4290254237288136,0.1906779661016949,0.0,0.1906779661016949,0.1906779661016949,25.741525423728817,0.3813559322033898,1.5254237288135593,0.3813559322033898,0.9533898305084745,2.4788135593220337,9.34322033898305,5.768008474576271,1.5254237288135593,0.9057203389830508,0.7150423728813559,0.6197033898305084,0.3813559322033898,0.09533898305084745,0.0,0.0,18.40740740740741,42.857142857142854,61.73469387755102,59.375,6.981432360742706
argentina,Primera Division,2025,Alejo Tabares,24.0,D,Argentina,178.0,75.0,14,9,912.0,0.0,1.0,0.0,1.0,0,0,3,0.0,0,0.19736842105263158,0.7894736842105263,0.29605263157894735,0.0,0.09868421052631579,0.09868421052631579,0.0,20.032894736842106,0.4934210526315789,1.6776315789473684,0.4934210526315789,1.282894736842105,2.9605263157894735,7.401315789473685,3.552631578947368,0.888157894736842,0.19736842105263158,0.4934210526315789,0.19736842105263158,1.1842105263157894,0.29605263157894735,0.0,0.0,11.841584158415841,37.5,48.0,22.22222222222222,6.721271929824562
argentina,Primera Division,2025 / 2026,Alejo Véliz,22.0,F,Argentina,186.0,77.0,33,29,2493.0,9.0,1.0,2.0,0.0,0,1,6,0.0,0,0.5776173285198556,2.3104693140794224,1.1191335740072204,0.3249097472924188,0.036101083032490974,0.36101083032490977,0.3249097472924188,11.913357400722022,0.4332129963898917,0.3971119133574007,0.1444043321299639,0.0,0.3971119133574007,11.552346570397113,5.812274368231047,0.6498194945848376,0.5415162454873647,0.07220216606498195,1.9855595667870036,0.9025270758122744,0.21660649819494585,0.0,0.0,8.25609756097561,48.4375,50.31250000000001,83.33333333333334,6.868511833132771
argentina,Primera Division,2026,Alessandro Riep,22.0,M,Chile,174.0,68.0,1,1,95.0,0.0,0.0,0.0,0.0,0,0,1,0.0,0,0.0,1.894736842105263,0.9473684210526315,0.0,0.0,0.0,0.0,43.578947368421055,0.0,1.894736842105263,0.0,0.0,1.894736842105263,7.578947368421052,1.894736842105263,0.0,0.0,0.9473684210526315,0.0,1.894736842105263,0.9473684210526315,0.0,0.0,40.0,50.0,25.0,,6.2
argentina,Primera Division,2025 / 2026,Alex Arce,30.0,F,Paraguay,187.0,,19,11,1142.0,5.0,0.0,0.0,0.0,0,0,3,0.0,0,0.7880910683012259,2.4430823117338005,1.0245183887915936,0.39404553415061294,0.0,0.39404553415061294,0.39404553415061294,23.0122591943958,0.5516637478108581,0.3152364273204904,0.1576182136602452,0.1576182136602452,0.47285464098073554,18.756567425569177,7.802101576182136,0.8669001751313485,0.3152364273204904,0.47285464098073554,0.9457092819614711,1.9702276707530648,0.23642732049036777,0.0,0.0,12.332191780821917,41.935483870967744,41.596638655462186,36.36363636363637,6.837215411558669
argentina,Primera Division,2025,Alex Juárez,21.0,M,Argentina,,,0,0,0.0,0.0,0.0,0.0,0.0,0,0,0,0.0,0,,,,,,,,,,,,,,,,,,,,,,,,,,,,
argentina,Primera Division,2025 / 2026,Alex Luna,21.0,F,Argentina,174.0,,47,47,3999.0,13.0,4.0,2.0,0.0,4,0,12,0.0,0,0.36009002250562644,2.0480120030007503,0.9902475618904726,0.29257314328582146,0.09002250562640661,0.382595648912228,0.20255063765941483,23.338334583645914,1.1477869467366841,1.2603150787696924,0.045011252813203305,0.5626406601650413,1.8229557389347335,14.943735933983497,7.156789197299325,4.186046511627907,1.6879219804951238,0.6301575393848462,3.8259564891222806,1.2603150787696924,0.2700675168792198,0.0,0.0,18.492767598842814,48.35164835164835,47.89156626506024,40.32258064516129,6.98797199299825
argentina,Primera Division,2025 / 2026,Alex Veron,17.0,F,Argentina,175.0,,8,1,198.0,0.0,0.0,0.0,0.0,0,0,0,0.0,0,0.4545454545454546,0.4545454545454546,0.4545454545454546,0.0,0.0,0.0,0.0,17.727272727272727,0.9090909090909092,1.8181818181818183,0.9090909090909092,0.9090909090909092,2.7272727272727275,10.0,5.0,5.454545454545455,2.7272727272727275,0.4545454545454546,0.4545454545454546,0.0,0.0,0.0,0.0,6.2105263157894735,100.0,50.0,50.0,6.681818181818182
argentina,Primera Division,2025 / 2026,Alex Vigo,26.0,D,Argentina,175.0,74.0,33,23,2210.0,0.0,2.0,0.0,1.0,0,0,8,0.0,0,0.40723981900452494,0.7330316742081449,0.36651583710407243,0.0,0.08144796380090498,0.08144796380090498,0.0,28.588235294117645,0.6923076923076923,2.2805429864253393,0.16289592760180996,1.4660633484162897,3.746606334841629,9.65158371040724,5.619909502262443,1.9547511312217194,1.1809954751131222,0.6923076923076923,0.6515837104072398,1.262443438914027,0.3257918552036199,0.0,0.0,22.52279202279202,50.0,58.22784810126582,60.416666666666664,6.875384615384616
argentina,Primera Division,2025 / 2026,Alexander Díaz,25.0,F,Argentina,172.0,69.0,40,25,2279.0,2.0,5.0,1.0,0.0,0,0,4,0.0,0,0.23694602896007022,0.7108380868802107,0.31592803861342694,0.07898200965335674,0.19745502413339186,0.2764370337867486,0.07898200965335674,18.284335234752085,1.0267661254936375,1.1847301448003509,0.07898200965335674,0.31592803861342694,1.500658183413778,18.758227292672224,8.530057042562527,2.685388328214129,0.9872751206669591,0.7108380868802107,3.9491004826678364,1.8560772268538834,0.15796401930671347,0.0,0.0,9.63852813852814,44.44444444444444,45.473684210526315,36.76470588235294,6.723168056164985
argentina,Primera Division,2026,Alexandro Maidana,20.0,D,Paraguay,,,9,8,723.0,2.0,0.0,0.0,0.0,0,0,2,0.0,1,0.24896265560165975,0.8713692946058091,0.37344398340248963,0.24896265560165975,0.0,0.24896265560165975,0.24896265560165975,29.004149377593365,0.37344398340248963,1.991701244813278,0.12448132780082988,1.7427385892116183,3.7344398340248963,10.207468879668049,5.477178423236515,1.2448132780082988,0.0,0.6224066390041494,0.7468879668049793,0.995850622406639,0.24896265560165975,0.0,0.12448132780082988,19.56223175965665,42.857142857142854,53.65853658536586,0.0,7.0298755186722
argentina,Primera Division,2025,Alexis Canelo,33.0,F,Argentina,182.0,70.0,26,5,691.0,1.0,3.0,0.0,0.0,0,0,1,0.0,0,0.9117221418234442,1.8234442836468885,0.6512301013024602,0.13024602026049203,0.39073806078147616,0.5209840810419681,0.13024602026049203,28.914616497829236,1.9536903039073805,0.7814761215629523,0.13024602026049203,0.26049204052098407,1.0419681620839363,15.23878437047757,5.991316931982634,1.3024602026049203,0.39073806078147616,0.26049204052098407,1.8234442836468885,2.4746743849493487,0.13024602026049203,0.0,0.0,11.322727272727272,35.714285714285715,39.31623931623932,30.0,6.707184750733138
argentina,Primera Division,2025 / 2026,Alexis Castro,31.0,M,Argentina,180.0,70.0,35,18,1571.0,5.0,0.0,0.0,0.0,0,0,5,0.0,1,0.1718650541056652,0.7447485677912157,0.40101845957988547,0.2864417568427753,0.0,0.2864417568427753,0.2864417568427753,35.404201145767026,0.6874602164226608,2.176957352005092,0.1718650541056652,1.2603437301082114,3.4373010821133034,12.259707192870785,5.728835136855506,1.947803946530872,1.1457670273711011,1.2030553787396563,1.2603437301082114,1.8905155951623172,0.2864417568427753,0.0,0.057288351368555056,24.888168557536467,53.84615384615385,46.728971962616825,58.82352941176471,6.880242192479285
argentina,Primera Division,2025 / 2026,Alexis Cuello,25.0,F,Argentina,170.0,65.0,50,44,3718.0,10.0,4.0,2.0,0.0,3,1,14,0.0,2,0.38730500268961804,1.7912856374394837,0.8714362560516407,0.24206562668101128,0.09682625067240451,0.3388918773534158,0.1694459386767079,15.782678859601937,0.9440559440559441,1.089295320064551,0.14523937600860679,0.21785906401291016,1.307154384077461,18.42119419042496,7.963959117805272,4.1877353415814955,1.7912856374394837,0.41151156535771916,2.227003765465304,1.5492200107584722,0.3388918773534158,0.0,0.048413125336202255,11.030674846625766,48.64864864864865,43.23258869908016,42.77456647398844,6.816299085529855
argentina,Primera Division,2025,Alexis Devesa,19.0,F,Argentina,,,0,0,0.0,0.0,0.0,0.0,0.0,0,0,0,0.0,0,,,,,,,,,,,,,,,,,,,,,,,,,,,,
argentina,Primera Division,2025,Alexis Domínguez,29.0,F,Argentina,185.0,84.0,10,1,227.0,0.0,0.0,0.0,0.0,0,0,0,0.0,0,0.7929515418502203,0.7929515418502203,0.39647577092511016,0.0,0.0,0.0,0.0,17.841409691629956,0.39647577092511016,0.7929515418502203,0.0,0.0,0.7929515418502203,14.669603524229075,7.136563876651983,0.39647577092511016,0.39647577092511016,0.0,1.5859030837004406,0.7929515418502203,0.0,0.0,0.0,4.386363636363637,50.0,48.64864864864865,100.0,6.566519823788546
argentina,Primera Division,2026,Alexis González,20.0,F,Argentina,182.0,78.0,2,0,31.0,0.0,0.0,0.0,0.0,0,0,0,0.0,0,0.0,0.0,0.0,0.0,0.0,0.0,0.0,29.032258064516128,0.0,2.903225806451613,2.903225806451613,0.0,2.903225806451613,23.225806451612904,5.806451612903226,0.0,0.0,5.806451612903226,0.0,5.806451612903226,0.0,0.0,0.0,6.0,,25.0,,6.364516129032259
argentina,Primera Division,2025 / 2026,Alexis Maldonado,28.0,D,Argentina,188.0,86.0,44,42,3638.0,0.0,0.0,0.0,2.0,0,0,12,0.0,0,0.0,0.19791094007696539,0.09895547003848269,0.0,0.0,0.0,0.0,30.107201759208355,0.09895547003848269,1.6080263881253436,0.6432105552501375,1.0142935678944476,2.6223199560197914,6.357888949972512,3.982957669048928,0.12369433754810336,0.07421660252886202,0.2473886750962067,0.22264980758658603,0.8411214953271028,0.29686641011544807,0.0,0.0,29.595727198027937,50.0,62.64591439688716,60.0,6.831968114348542
argentina,Primera Division,2025,Alexis Manyoma,22.0,M,Colombia,169.0,69.0,11,2,393.0,0.0,0.0,0.0,0.0,0,0,1,0.0,0,0.0,1.1450381679389312,0.22900763358778628,0.0,0.0,0.0,0.0,30.458015267175576,1.1450381679389312,3.435114503816794,0.45801526717557256,0.9160305343511451,4.351145038167939,17.633587786259543,7.557251908396947,3.6641221374045805,1.6030534351145038,1.3740458015267174,1.6030534351145038,1.6030534351145038,0.22900763358778628,0.0,0.0,15.142857142857142,20.0,42.857142857142854,43.75,6.668702290076336
argentina,Primera Division,2026,Alexis Pereyra,19.0,D,,,,0,0,0.0,0.0,0.0,0.0,0.0,0,0,0,0.0,0,,,,,,,,,,,,,,,,,,,,,,,,,,,,
argentina,Primera Division,2025 / 2026,Alexis Segovia,21.0,F,Argentina,176.0,67.0,28,11,1099.0,1.0,0.0,0.0,0.0,0,0,0,0.0,0,0.0,1.2283894449499544,0.4094631483166515,0.0818926296633303,0.0,0.0818926296633303,0.0818926296633303,28.989990900818928,0.9827115559599636,1.637852593266606,0.0818926296633303,0.5732484076433121,2.211101000909918,14.085532302092812,8.025477707006369,2.78434940855323,0.9827115559599636,1.064604185623294,4.585987261146497,1.3102820746132848,0.0,0.0,0.0,15.245762711864407,33.33333333333333,56.97674418604651,35.294117647058826,6.787179487179487
argentina,Primera Division,2025 / 2026,Alexis Soto,32.0,D,Argentina,176.0,75.0,44,36,3237.0,1.0,6.0,0.0,1.0,0,0,6,0.0,2,0.05560704355885079,0.4448563484708063,0.16682113067655235,0.027803521779425393,0.16682113067655235,0.19462465245597776,0.027803521779425393,45.15291936978684,1.1677479147358665,2.1130676552363297,0.4448563484708063,1.2789620018535681,3.3920296570898985,8.480074142724744,4.281742354031511,1.5013901760889714,0.8063021316033364,0.9453197405004633,0.5004633920296571,0.7506950880444857,0.16682113067655235,0.0,0.05560704355885079,36.79926108374384,37.5,50.49180327868853,53.70370370370371,7.004016064257028
argentina,Primera Division,2026,Alexis Steimbach,23.0,D,Argentina,,,17,17,1543.0,0.0,3.0,0.0,0.0,0,0,7,0.0,0,0.05832793259883344,0.2916396629941672,0.0,0.0,0.17498379779650033,0.17498379779650033,0.0,31.61373946856773,1.3415424497731692,2.741412832145172,0.2916396629941672,1.3998703823720027,4.141283214517174,11.082307193778353,6.474400518470512,2.624756966947505,1.6331821127673363,0.9915748541801684,1.1665586519766689,0.9915748541801684,0.40829552819183407,0.0,0.0,26.09409594095941,0.0,58.42105263157895,62.22222222222222,6.964484769928711
argentina,Primera Division,2025 / 2026,Alfio Oviedo,30.0,F,Paraguay,181.0,85.0,29,5,898.0,3.0,0.0,1.0,0.0,0,0,3,0.0,0,0.30066815144766146,2.0044543429844097,1.1024498886414253,0.30066815144766146,0.0,0.30066815144766146,0.30066815144766146,19.242761692650333,1.3028953229398663,1.1024498886414253,0.0,0.0,1.1024498886414253,19.743875278396434,9.420935412026726,1.2026726057906458,0.7015590200445434,0.10022271714922049,1.804008908685969,2.10467706013363,0.30066815144766146,0.0,0.0,5.380208333333333,55.00000000000001,47.71573604060914,58.333333333333336,6.679287305122495
argentina,Primera Division,2025 / 2026,Alvaro Busso,19.0,G,Argentina,,,0,0,0.0,0.0,0.0,0.0,0.0,0,0,0,0.0,0,,,,,,,,,,,,,,,,,,,,,,,,,,,,
argentina,Primera Division,2026,Alvaro Guich,16.0,D,,,,0,0,0.0,0.0,0.0,0.0,0.0,0,0,0,0.0,0,,,,,,,,,,,,,,,,,,,,,,,,,,,,
argentina,Primera Division,2025 / 2026,Ander Herrera,36.0,M,Spain,182.0,71.0,23,10,987.0,0.0,0.0,2.0,0.0,0,0,2,0.0,0,0.0,0.7294832826747721,0.18237082066869303,0.0,0.0,0.0,0.0,73.22188449848025,1.1854103343465046,3.0091185410334345,0.2735562310030395,1.0030395136778114,4.012158054711246,9.574468085106384,6.018237082066869,0.547112462006079,0.2735562310030395,1.0030395136778114,1.7325227963525838,1.0030395136778114,0.18237082066869303,0.0,0.0,41.333748443337484,25.0,62.857142857142854,50.0,7.06048632218845
argentina,Primera Division,2025,Andres Desabato,35.0,G,Argentina,183.0,79.0,6,6,556.0,0.0,0.0,0.0,0.0,0,0,0,0.0,0,0.0,0.0,0.0,0.0,0.0,0.0,0.0,16.18705035971223,0.0,0.16187050359712232,0.0,0.0,0.16187050359712232,0.48561151079136694,0.32374100719424465,0.0,0.0,0.16187050359712232,0.0,0.0,0.0,0.0,0.0,10.57,,66.66666666666666,,6.644964028776979
argentina,Primera Division,2025,Andrew Pereira,18.0,F,Venezuela,171.0,58.0,0,0,0.0,0.0,0.0,0.0,0.0,0,0,0,0.0,0,,,,,,,,,,,,,,,,,,,,,,,,,,,,
argentina,Primera Division,2025,Andrés Marsengo,23.0,G,Argentina,198.0,92.0,0,0,0.0,0.0,0.0,0.0,0.0,0,0,0,0.0,0,,,,,,,,,,,,,,,,,,,,,,,,,,,,
argentina,Primera Division,2025,Andrés Vombergar,31.0,F,Slovenia,187.0,79.0,26,20,1867.0,9.0,1.0,0.0,0.0,4,0,4,0.0,0,0.674879485806106,1.5907873594001072,0.723085163363685,0.43385109801821103,0.048205677557579,0.48205677557579,0.241028387787895,19.764327798607393,0.578468130690948,0.578468130690948,0.096411355115158,0.048205677557579,0.626673808248527,16.679164434922335,6.79700053561864,0.626673808248527,0.192822710230316,0.289234065345474,0.578468130690948,1.6871987145152652,0.192822710230316,0.0,0.0,11.6,45.45454545454545,40.7514450867052,30.76923076923077,6.957020364415863
argentina,Primera Division,2025 / 2026,Antony Alonso,27.0,M,Uruguay,,,48,39,3155.0,8.0,2.0,1.0,0.0,0,0,3,0.0,0,0.37083993660855785,1.255150554675119,0.8272583201267829,0.22820919175911253,0.05705229793977813,0.28526148969889065,0.22820919175911253,15.00475435816165,0.8557844690966719,1.0554675118858954,0.19968304278922347,0.5134706814580032,1.5689381933438986,11.980982567353406,4.735340729001585,1.255150554675119,0.42789223454833597,1.1410459587955626,0.5134706814580032,1.283676703645008,0.0855784469096672,0.0,0.0,7.632887189292543,65.9090909090909,39.523809523809526,34.090909090909086,6.628209191759113
argentina,Primera Division,2025,Aníbal Leguizamón,33.0,D,Argentina,182.0,83.0,10,9,839.0,0.0,0.0,0.0,0.0,0,0,0,0.0,1,0.0,0.5363528009535161,0.0,0.0,0.0,0.0,0.0,37.86650774731824,0.10727056019070322,1.0727056019070322,0.42908224076281287,1.1799761620977354,2.252681764004768,7.723480333730632,4.7199046483909415,0.10727056019070322,0.0,0.10727056019070322,0.6436233611442193,1.0727056019070322,0.0,0.0,0.10727056019070322,31.926345609065155,0.0,61.111111111111114,0.0,6.768891537544697
argentina,Primera Division,2026,Aníbal Moreno,26.0,M,Argentina,178.0,74.0,20,20,1764.0,0.0,3.0,0.0,0.0,0,0,3,0.0,0,0.0,0.5102040816326531,0.10204081632653061,0.0,0.15306122448979592,0.15306122448979592,0.0,59.89795918367347,0.7142857142857142,3.1122448979591835,0.15306122448979592,1.5306122448979593,4.642857142857142,9.438775510204081,5.1020408163265305,0.6632653061224489,0.40816326530612246,0.9183673469387754,0.6632653061224489,1.3265306122448979,0.15306122448979592,0.0,0.0,54.73594548551959,20.0,54.054054054054056,61.53846153846154,7.164512471655329
argentina,Primera Division,2025,Ariel Gamarra,22.0,M,Paraguay,170.0,77.0,4,0,40.0,0.0,0.0,0.0,0.0,0,0,0,0.0,0,0.0,0.0,0.0,0.0,0.0,0.0,0.0,20.25,4.5,4.5,0.0,2.25,6.75,13.5,6.75,2.25,2.25,0.0,0.0,0.0,0.0,0.0,0.0,3.5,,50.0,100.0,6.7525
argentina,Primera Division,2025,Ariel Muñoz,25.0,M,Argentina,175.0,74.0,0,0,0.0,0.0,0.0,0.0,0.0,0,0,0,0.0,0,,,,,,,,,,,,,,,,,,,,,,,,,,,,
argentina,Primera Division,2025 / 2026,Armando Méndez,29.0,D,Uruguay,176.0,78.0,32,24,2206.0,0.0,0.0,1.0,0.0,0,0,8,0.0,1,0.04079782411604714,0.28558476881233,0.12239347234814144,0.0,0.0,0.0,0.0,23.29555757026292,0.6527651858567542,3.7126019945602904,0.20398912058023572,1.3055303717135085,5.018132366273798,12.035358114233906,7.01722574796011,1.7543064369900274,0.8975521305530372,0.85675430643699,1.1831368993653673,1.5911151405258388,0.3263825929283771,0.0,0.04079782411604714,19.480701754385965,42.857142857142854,58.30508474576271,51.162790697674424,6.8388032638259295
argentina,Primera Division,2026,Augusto Fernández,20.0,F,,,,1,0,14.0,0.0,0.0,0.0,0.0,0,0,0,0.0,0,0.0,0.0,0.0,0.0,0.0,0.0,0.0,32.142857142857146,6.428571428571428,6.428571428571428,0.0,0.0,6.428571428571428,32.142857142857146,19.285714285714285,6.428571428571428,0.0,6.428571428571428,6.428571428571428,0.0,0.0,0.0,0.0,2.0,,60.0,0.0,6.7
argentina,Primera Division,2025 / 2026,Augusto Lotti,29.0,F,Argentina,179.0,70.0,39,20,1643.0,3.0,2.0,0.0,0.0,0,1,1,0.0,0,0.273889227023737,1.5337796713329275,0.657334144856969,0.16433353621424224,0.10955569080949483,0.273889227023737,0.16433353621424224,20.1034692635423,1.040779062690201,0.6025562994522216,0.054777845404747415,0.16433353621424224,0.7668898356664637,10.900791235544736,3.834449178332319,0.7121119902617165,0.38344491783323187,0.273889227023737,0.4382227632379793,0.657334144856969,0.054777845404747415,0.0,0.0,8.544959128065395,42.857142857142854,35.175879396984925,53.84615384615385,6.670189370800244
argentina,Primera Division,2025 / 2026,Augusto Max,33.0,M,Argentina,168.0,69.0,32,25,2297.0,0.0,1.0,0.0,0.0,0,0,10,0.0,0,0.0,0.1567261645624728,0.0391815411406182,0.0,0.0391815411406182,0.0391815411406182,0.0,33.343491510666084,0.1567261645624728,3.8006094906399657,0.5093600348280366,1.5280801044841097,5.328689595124074,10.657379190248149,6.464954288202003,0.8228123639529822,0.5093600348280366,1.0187200696560732,1.1754462342185459,1.4888985633434915,0.391815411406182,0.0,0.0,28.782608695652176,25.0,60.66176470588235,61.904761904761905,6.979103178058337
argentina,Primera Division,2025 / 2026,Augusto Schott,25.0,D,Argentina,175.0,72.0,41,39,3529.0,7.0,1.0,0.0,0.0,0,0,9,0.0,0,0.0765089260413715,0.8160952111079627,0.38254463020685747,0.17852082742986683,0.025502975347123834,0.20402380277699067,0.17852082742986683,30.96061207140833,0.5865684329838481,2.1677529045055257,0.17852082742986683,1.1476338906205723,3.315386795126098,8.084443185038253,4.207990932275432,0.8160952111079627,0.22952677812411448,0.6885803343723434,0.5100595069424766,1.071124964579201,0.22952677812411448,0.0,0.0,25.663920922570018,46.875,52.05047318611987,28.125,6.815075092094078
argentina,Primera Division,2025 / 2026,Augusto Solari,33.0,M,Argentina,180.0,80.0,28,4,823.0,1.0,0.0,0.0,0.0,0,0,1,0.0,0,0.21871202916160387,1.0935601458080195,0.32806804374240583,0.10935601458080194,0.0,0.10935601458080194,0.10935601458080194,32.47873633049818,0.7654921020656136,2.952612393681653,0.32806804374240583,0.5467800729040098,3.499392466585662,12.90400972053463,5.358444714459296,1.968408262454435,1.0935601458080195,1.5309842041312272,0.5467800729040098,1.749696233292831,0.10935601458080194,0.0,0.0,14.39527027027027,30.0,41.52542372881356,55.55555555555556,6.593430656934307
argentina,Primera Division,2025 / 2026,Axel Werner,29.0,G,Argentina,192.0,85.0,19,18,1660.0,0.0,0.0,0.0,0.0,0,0,3,0.0,0,0.0,0.0,0.0,0.0,0.0,0.0,0.0,23.042168674698797,0.0,0.0,0.0,0.0,0.0,0.5421686746987953,0.4879518072289157,0.0,0.0,0.054216867469879526,0.2168674698795181,0.0,0.16265060240963855,0.0,0.0,15.891252955082741,,90.0,,7.098614457831324
argentina,Primera Division,2025 / 2026,Ayrton Costa,26.0,D,Argentina,179.0,72.0,36,33,3176.0,3.0,0.0,0.0,0.0,0,0,9,0.0,1,0.17002518891687657,0.48173803526448367,0.14168765743073047,0.08501259445843828,0.0,0.08501259445843828,0.08501259445843828,44.943324937027704,0.19836272040302266,2.0119647355163726,0.36838790931989923,1.728589420654912,3.7405541561712843,8.501259445843829,5.242443324937027,0.5667506297229219,0.31171284634760704,0.4534005037783375,0.9634760705289673,0.7084382871536524,0.25503778337531485,0.0,0.028337531486146095,45.86317780580076,29.411764705882355,61.66666666666667,55.00000000000001,6.997481108312343
argentina,Primera Division,2025 / 2026,Ayrton Portillo,25.0,D,Argentina,182.0,72.0,41,36,3243.0,3.0,2.0,1.0,1.0,0,0,8,0.0,0,0.11100832562442182,0.5272895467160037,0.16651248843663274,0.08325624421831637,0.05550416281221091,0.13876040703052728,0.08325624421831637,18.14986123959297,0.4717853839037928,1.4708603145235895,0.13876040703052728,0.8603145235892693,2.3311748381128585,7.354301572617946,3.469010175763182,1.3043478260869565,0.4717853839037928,0.30527289546716,0.7493061979648474,0.8603145235892693,0.22201665124884365,0.0,0.0,13.196018376722817,31.57894736842105,47.16981132075472,36.17021276595745,6.710114091890225
argentina,Primera Division,2025,Ayrton Preciado,31.0,M,Ecuador,181.0,72.0,25,8,1020.0,3.0,2.0,1.0,0.0,1,0,1,0.0,0,0.1764705882352941,1.0588235294117647,0.5294117647058824,0.2647058823529412,0.1764705882352941,0.4411764705882353,0.1764705882352941,27.88235294117647,1.4117647058823528,0.7941176470588235,0.08823529411764705,0.2647058823529412,1.0588235294117647,9.26470588235294,4.411764705882353,2.9117647058823533,1.4117647058823528,0.1764705882352941,1.6764705882352942,0.6176470588235294,0.08823529411764705,0.0,0.0,13.825949367088608,50.0,47.61904761904761,48.484848484848484,6.84578431372549
argentina,Primera Division,2025 / 2026,Baltasar Rodriguez,22.0,M,Argentina,173.0,63.0,16,9,749.0,0.0,1.0,0.0,0.0,0,0,7,0.0,0,0.24032042723631508,1.8024032042723632,0.48064085447263016,0.0,0.12016021361815754,0.12016021361815754,0.0,30.040053404539385,0.7209612817089454,2.5233644859813085,0.0,1.2016021361815754,3.7249666221628837,15.020026702269693,6.969292389853138,3.004005340453938,1.6822429906542056,1.2016021361815754,1.9225634178905207,3.004005340453938,0.8411214953271028,0.0,0.0,14.824,26.666666666666668,46.400000000000006,56.00000000000001,6.720754716981133
argentina,Primera Division,2025,Bastián Yáñez,24.0,F,Chile,177.0,77.0,20,11,995.0,0.0,2.0,0.0,0.0,0,0,2,0.0,0,0.18090452261306533,0.8140703517587939,0.09045226130653267,0.0,0.18090452261306533,0.18090452261306533,0.0,24.87437185929648,0.9949748743718594,1.5376884422110553,0.0,0.6331658291457287,2.170854271356784,7.326633165829146,3.798994974874372,1.3567839195979898,0.45226130653266333,0.36180904522613067,1.7185929648241207,0.45226130653266333,0.18090452261306533,0.0,0.0,16.545787545787547,11.11111111111111,51.85185185185185,33.33333333333333,6.884723618090453
argentina,Primera Division,2025 / 2026,Bautista Barros Schelotto,25.0,D,Argentina,181.0,76.0,14,7,704.0,0.0,0.0,0.0,0.0,0,0,3,0.0,0,0.0,0.1278409090909091,0.1278409090909091,0.0,0.0,0.0,0.0,27.613636363636363,0.5113636363636364,2.1732954545454546,0.38352272727272724,0.8948863636363636,3.068181818181818,8.309659090909092,4.090909090909091,0.2556818181818182,0.0,1.534090909090909,0.38352272727272724,1.534090909090909,0.38352272727272724,0.0,0.0,16.578703703703702,100.0,49.23076923076923,0.0,6.605255681818181
argentina,Primera Division,2026,Bautista Cantero,17.0,M,,,,0,0,0.0,0.0,0.0,0.0,0.0,0,0,0,0.0,0,,,,,,,,,,,,,,,,,,,,,,,,,,,,
argentina,Primera Division,2026,Bautista Gerez,18.0,F,Argentina,183.0,86.0,1,0,10.0,0.0,0.0,0.0,0.0,0,0,0,0.0,0,0.0,0.0,0.0,0.0,0.0,0.0,0.0,27.0,0.0,0.0,0.0,0.0,0.0,0.0,0.0,0.0,0.0,0.0,0.0,0.0,0.0,0.0,0.0,3.0,,,,6.3
argentina,Primera Division,2025,Bautista Kociubinski,24.0,M,Argentina,180.0,78.0,5,2,193.0,0.0,0.0,0.0,0.0,0,0,1,0.0,0,0.0,0.9326424870466321,0.46632124352331605,0.0,0.0,0.0,0.0,41.50259067357513,1.3989637305699483,5.129533678756477,0.0,2.7979274611398965,7.927461139896373,13.989637305699482,7.461139896373057,0.9326424870466321,0.46632124352331605,1.3989637305699483,0.46632124352331605,2.33160621761658,0.46632124352331605,0.0,0.0,24.370786516853933,50.0,53.333333333333336,50.0,6.980310880829016
argentina,Primera Division,2025 / 2026,Bautista Merlini,30.0,F,Argentina,179.0,71.0,40,18,1885.0,2.0,2.0,1.0,0.0,0,0,5,0.0,0,0.09549071618037135,0.7161803713527851,0.3819628647214854,0.09549071618037135,0.09549071618037135,0.1909814323607427,0.09549071618037135,42.87533156498674,1.193633952254642,1.4801061007957559,0.0,0.33421750663129973,1.8143236074270557,12.986737400530505,6.30238726790451,2.8169761273209546,1.0981432360742707,1.145888594164456,3.246684350132626,1.145888594164456,0.23872679045092837,0.0,0.0,26.742761692650333,53.333333333333336,48.529411764705884,38.983050847457626,6.793580901856765
argentina,Primera Division,2026,Bautista Pieroni,17.0,D,,,,1,0,11.0,0.0,0.0,0.0,0.0,0,0,0,0.0,0,0.0,0.0,0.0,0.0,0.0,0.0,0.0,24.545454545454543,0.0,0.0,0.0,0.0,0.0,16.363636363636363,8.181818181818182,0.0,0.0,0.0,8.181818181818182,8.181818181818182,0.0,0.0,0.0,3.0,,50.0,,6.6
argentina,Primera Division,2025 / 2026,Benjamin Bosch,20.0,F,Argentina,173.0,,4,1,134.0,0.0,0.0,0.0,0.0,0,0,0,0.0,0,0.0,1.3432835820895521,0.6716417910447761,0.0,0.0,0.0,0.0,35.59701492537313,0.0,0.0,0.0,0.6716417910447761,0.6716417910447761,10.746268656716417,4.029850746268656,4.029850746268656,2.6865671641791042,0.6716417910447761,1.3432835820895521,0.6716417910447761,0.0,0.0,0.0,13.037735849056604,50.0,37.5,66.66666666666666,6.617910447761194
argentina,Primera Division,2026,Benjamin Perez,19.0,M,Argentina,,,0,0,0.0,0.0,0.0,0.0,0.0,0,0,0,0.0,0,,,,,,,,,,,,,,,,,,,,,,,,,,,,
argentina,Primera Division,2025,Benjamin Schamine,22.0,M,Argentina,178.0,77.0,16,4,549.0,0.0,2.0,0.0,0.0,0,0,4,0.0,0,0.32786885245901637,0.32786885245901637,0.0,0.0,0.32786885245901637,0.32786885245901637,0.0,34.42622950819672,0.4918032786885246,2.622950819672131,0.32786885245901637,0.6557377049180327,3.278688524590164,10.491803278688524,4.918032786885246,0.32786885245901637,0.16393442622950818,1.639344262295082,0.9836065573770492,1.639344262295082,0.6557377049180327,0.0,0.0,16.214285714285715,0.0,46.875,50.0,6.7315693430656935
argentina,Primera Division,2025 / 2026,Benjamín Acosta,19.0,F,Argentina,163.0,66.0,1,0,27.0,0.0,0.0,0.0,0.0,0,0,0,0.0,0,0.0,0.0,0.0,0.0,0.0,0.0,0.0,23.333333333333332,0.0,0.0,0.0,0.0,0.0,20.0,6.666666666666666,3.333333333333333,0.0,0.0,3.333333333333333,0.0,0.0,0.0,0.0,5.0,,33.33333333333333,0.0,6.5
argentina,Primera Division,2025 / 2026,Benjamín González,18.0,D,Argentina,179.0,62.0,0,0,0.0,0.0,0.0,0.0,0.0,0,0,0,0.0,0,,,,,,,,,,,,,,,,,,,,,,,,,,,,
argentina,Primera Division,2025 / 2026,Blas Agustín Palavecino,22.0,F,Argentina,194.0,72.0,38,23,2015.0,2.0,1.0,0.0,0.0,0,0,8,0.0,1,0.17866004962779156,1.205955334987593,0.4913151364764268,0.08933002481389578,0.04466501240694789,0.13399503722084366,0.08933002481389578,20.277915632754343,1.0272952853598016,2.2332506203473947,0.08933002481389578,0.8039702233250621,3.037220843672457,14.962779156327542,7.459057071960297,2.367245657568238,1.1166253101736974,0.8039702233250621,2.0545905707196033,1.4292803970223324,0.3573200992555831,0.0,0.04466501240694789,11.24390243902439,40.74074074074074,49.850746268656714,47.16981132075472,6.687295285359802
argentina,Primera Division,2025 / 2026,Blas Armoa,25.0,F,Paraguay,179.0,67.0,19,7,702.0,1.0,1.0,0.0,0.0,0,0,1,0.0,0,0.6410256410256411,1.794871794871795,0.7692307692307693,0.12820512820512822,0.12820512820512822,0.25641025641025644,0.12820512820512822,16.794871794871796,0.25641025641025644,0.12820512820512822,0.0,0.25641025641025644,0.38461538461538464,13.58974358974359,5.0,1.794871794871795,0.7692307692307693,0.12820512820512822,1.9230769230769231,1.6666666666666665,0.12820512820512822,0.0,0.0,6.0,42.857142857142854,36.79245283018868,42.857142857142854,6.594151212553495
argentina,Primera Division,2025,Blás Riveros,27.0,D,Paraguay,178.0,79.0,12,6,719.0,0.0,1.0,0.0,0.0,0,0,0,0.0,0,0.12517385257301808,1.0013908205841446,0.5006954102920723,0.0,0.12517385257301808,0.12517385257301808,0.0,26.91237830319889,0.6258692628650905,2.1279554937413074,0.37552155771905427,0.6258692628650905,2.753824756606398,9.13769123783032,4.381084840055633,2.878998609179416,1.1265646731571626,1.6272600834492352,0.5006954102920723,0.37552155771905427,0.0,0.0,0.0,20.26511627906977,50.0,47.94520547945205,39.130434782608695,6.723226703755215
argentina,Primera Division,2026,Braian Cuello,28.0,M,Argentina,172.0,71.0,14,12,876.0,3.0,0.0,0.0,0.0,0,0,3,0.0,0,0.2054794520547945,1.7465753424657533,0.821917808219178,0.3082191780821918,0.0,0.3082191780821918,0.3082191780821918,27.73972602739726,0.2054794520547945,1.2328767123287672,0.2054794520547945,0.821917808219178,2.054794520547945,11.60958904109589,5.445205479452055,1.4383561643835616,0.5136986301369862,0.5136986301369862,1.7465753424657533,1.7465753424657533,0.3082191780821918,0.0,0.0,17.47037037037037,47.05882352941176,46.902654867256636,35.714285714285715,6.807534246575342
argentina,Primera Division,2025,Braian Cufré,29.0,D,Argentina,179.0,82.0,27,24,2114.0,0.0,1.0,0.0,0.0,0,0,1,0.0,0,0.0,0.6385998107852413,0.17029328287606432,0.0,0.04257332071901608,0.04257332071901608,0.0,38.27341532639546,1.3197729422894986,1.490066225165563,0.21286660359508042,0.6385998107852413,2.128666035950804,5.832544938505204,3.0652790917691584,0.9366130558183539,0.5534531693472091,0.5960264900662252,0.46830652790917693,0.8088930936613056,0.04257332071901608,0.0,0.0,31.82536151279199,26.666666666666668,52.55474452554745,59.09090909090909,6.8427625354777675
argentina,Primera Division,2025,Braian Guille,28.0,F,Argentina,170.0,69.0,8,1,191.0,1.0,0.0,0.0,0.0,0,0,3,0.0,0,0.47120418848167545,2.827225130890052,0.9424083769633509,0.47120418848167545,0.0,0.47120418848167545,0.47120418848167545,25.445026178010473,0.9424083769633509,2.827225130890052,0.0,0.9424083769633509,3.7696335078534036,17.43455497382199,5.654450261780104,4.2408376963350785,1.8848167539267018,0.9424083769633509,0.47120418848167545,1.8848167539267018,1.413612565445026,0.0,0.0,8.11111111111111,33.33333333333333,32.432432432432435,44.44444444444444,6.440740740740741
argentina,Primera Division,2025,Braian Martínez,26.0,F,Argentina,170.0,75.0,13,3,426.0,2.0,1.0,1.0,0.0,2,0,3,0.0,0,0.0,1.6901408450704225,0.8450704225352113,0.4225352112676056,0.2112676056338028,0.6338028169014085,0.0,30.63380281690141,1.9014084507042253,1.4788732394366197,0.2112676056338028,0.4225352112676056,1.9014084507042253,16.690140845070424,7.183098591549296,3.1690140845070425,1.267605633802817,0.4225352112676056,3.591549295774648,0.6338028169014085,0.6338028169014085,0.0,0.0,11.668965517241379,50.0,43.037974683544306,40.0,6.600704225352113
argentina,Primera Division,2025 / 2026,Braian Romero,34.0,F,Argentina,180.0,70.0,36,25,2329.0,9.0,2.0,1.0,0.0,2,0,12,0.0,0,0.9274366680978962,1.9321597252039502,0.9660798626019751,0.34778875053671104,0.07728638900815801,0.42507513954486903,0.270502361528553,16.423357664233578,0.5023615285530271,1.0433662516101332,0.07728638900815801,0.11592958351223702,1.15929583512237,11.863460712752255,5.255474452554744,1.8548733361957923,0.7728638900815801,0.30914555603263205,1.6230141691713182,1.3911550021468442,0.4637183340489481,0.0,0.0,10.558962264150944,50.0,44.299674267100976,41.66666666666667,6.873373545885394
argentina,Primera Division,2025,Braian Sánchez,32.0,M,Argentina,,,12,6,569.0,0.0,0.0,0.0,0.0,0,0,2,0.0,0,0.0,0.632688927943761,0.3163444639718805,0.0,0.0,0.0,0.0,30.685413005272405,0.7908611599297013,2.8471001757469243,0.0,1.265377855887522,4.1124780316344465,15.817223198594025,7.275922671353252,3.9543057996485063,2.2144112478031635,2.0562390158172232,1.5817223198594026,1.265377855887522,0.3163444639718805,0.0,0.0,14.22680412371134,50.0,46.0,56.00000000000001,6.68365553602812
argentina,Primera Division,2025 / 2026,Branco Salinardi,18.0,F,Argentina,,,11,1,190.0,1.0,0.0,0.0,0.0,0,0,2,0.0,0,0.0,1.4210526315789473,0.47368421052631576,0.47368421052631576,0.0,0.47368421052631576,0.47368421052631576,15.631578947368423,0.9473684210526315,2.3684210526315788,0.0,0.0,2.3684210526315788,21.789473684210527,5.684210526315789,0.9473684210526315,0.0,0.47368421052631576,0.9473684210526315,4.7368421052631575,0.9473684210526315,0.0,0.0,2.7333333333333334,33.33333333333333,26.08695652173913,0.0,6.427513227513227
argentina,Primera Division,2025 / 2026,Brandon Márquez,20.0,F,Argentina,,,5,0,93.0,0.0,0.0,0.0,0.0,0,0,1,0.0,0,0.967741935483871,0.0,0.0,0.0,0.0,0.0,0.0,14.516129032258064,0.967741935483871,0.967741935483871,0.0,0.967741935483871,1.935483870967742,10.645161290322582,2.903225806451613,0.967741935483871,0.0,0.0,0.0,0.967741935483871,0.967741935483871,0.0,0.0,3.0,,27.27272727272727,0.0,6.309677419354839
argentina,Primera Division,2025,Brandon Oviedo,20.0,D,Argentina,183.0,,5,5,300.0,0.0,0.0,0.0,0.0,0,0,3,0.0,0,0.30000000000000004,0.0,0.0,0.0,0.0,0.0,0.0,23.7,0.0,3.0,0.6000000000000001,2.1,5.1,13.5,7.5,1.8,1.5,0.9,1.8,3.3,0.9,0.0,0.0,12.708860759493671,,55.55555555555556,83.33333333333334,6.995
argentina,Primera Division,2026,Brayan Cortés,30.0,G,Chile,185.0,87.0,19,19,1816.0,0.0,0.0,0.0,0.0,0,0,3,0.0,0,0.0,0.0,0.0,0.0,0.0,0.0,0.0,31.22246696035242,0.04955947136563877,0.04955947136563877,0.0,0.0,0.04955947136563877,0.4955947136563877,0.4955947136563877,0.04955947136563877,0.04955947136563877,0.0,0.0,0.0,0.14867841409691632,0.0,0.0,27.774603174603175,,100.0,100.0,6.828469162995595
argentina,Primera Division,2025,Brian Aguilar,22.0,D,Argentina,179.0,76.0,0,0,0.0,0.0,0.0,0.0,0.0,0,0,0,0.0,0,,,,,,,,,,,,,,,,,,,,,,,,,,,,
argentina,Primera Division,2025 / 2026,Brian Aguirre,22.0,F,Argentina,175.0,66.0,28,14,1242.0,2.0,4.0,0.0,0.0,0,0,2,0.0,0,0.21739130434782608,1.2318840579710144,0.7971014492753623,0.14492753623188406,0.2898550724637681,0.43478260869565216,0.14492753623188406,22.02898550724638,0.8695652173913043,1.0144927536231885,0.0,0.6521739130434783,1.6666666666666665,12.101449275362318,4.565217391304348,3.6956521739130435,1.6666666666666665,0.7971014492753623,1.0144927536231885,2.318840579710145,0.14492753623188406,0.0,0.0,12.49671052631579,64.70588235294117,37.72455089820359,45.09803921568628,6.6671774193548385
argentina,Primera Division,2026,Brian Andrada,28.0,F,Argentina,167.0,,4,3,179.0,0.0,0.0,0.0,0.0,0,0,0,0.0,0,0.0,1.005586592178771,0.5027932960893855,0.0,0.0,0.0,0.0,24.636871508379887,1.5083798882681565,1.5083798882681565,0.0,1.5083798882681565,3.016759776536313,9.050279329608939,4.022346368715084,2.513966480446927,2.011173184357542,1.005586592178771,0.5027932960893855,2.513966480446927,0.0,0.0,0.0,11.448979591836734,50.0,44.44444444444444,80.0,6.719553072625698
argentina,Primera Division,2025,Brian Calderara,27.0,D,Argentina,170.0,67.0,3,1,88.0,0.0,0.0,0.0,0.0,0,0,0,0.0,0,0.0,1.0227272727272727,0.0,0.0,0.0,0.0,0.0,33.75,0.0,3.068181818181818,0.0,0.0,3.068181818181818,14.318181818181818,7.159090909090909,2.0454545454545454,1.0227272727272727,2.0454545454545454,2.0454545454545454,1.0227272727272727,0.0,0.0,0.0,16.242424242424242,0.0,50.0,50.0,6.685227272727272
argentina,Primera Division,2026,Brian Nicolas Ferreyra,29.0,F,Argentina,189.0,84.0,9,0,237.0,0.0,0.0,0.0,0.0,0,0,1,0.0,0,0.7594936708860759,1.5189873417721518,0.37974683544303794,0.0,0.0,0.0,0.0,15.569620253164556,0.37974683544303794,1.5189873417721518,0.0,0.37974683544303794,1.8987341772151898,18.9873417721519,7.974683544303797,1.139240506329114,0.37974683544303794,0.7594936708860759,1.5189873417721518,3.0379746835443036,0.37974683544303794,0.0,0.0,4.055555555555555,25.0,42.0,33.33333333333333,6.425738396624473
argentina,Primera Division,2025 / 2026,Bruno Barticciotto,24.0,F,Chile,177.0,77.0,3,1,52.0,0.0,1.0,0.0,0.0,0,0,0,0.0,0,0.0,0.0,0.0,0.0,1.7307692307692308,1.7307692307692308,0.0,43.269230769230774,5.1923076923076925,1.7307692307692308,0.0,0.0,1.7307692307692308,22.5,5.1923076923076925,6.923076923076923,1.7307692307692308,3.4615384615384617,1.7307692307692308,3.4615384615384617,0.0,0.0,0.0,8.48,,23.076923076923077,25.0,6.523076923076924
argentina,Primera Division,2026,Bruno Cabrera,28.0,D,Argentina,180.0,73.0,6,4,346.0,0.0,0.0,0.0,0.0,0,0,2,0.0,1,0.0,0.5202312138728323,0.0,0.0,0.0,0.0,0.0,34.85549132947977,0.0,0.7803468208092484,0.7803468208092484,1.0404624277456647,1.8208092485549132,7.283236994219653,3.9017341040462425,0.26011560693641617,0.0,0.5202312138728323,0.5202312138728323,1.300578034682081,0.5202312138728323,0.0,0.26011560693641617,24.253731343283583,0.0,53.57142857142857,0.0,6.5156069364161855
argentina,Primera Division,2025 / 2026,Bruno Cabrera,22.0,F,Argentina,,,14,5,571.0,0.0,0.0,0.0,0.0,0,0,3,0.0,0,0.6304728546409808,1.1033274956217163,0.6304728546409808,0.0,0.0,0.0,0.0,21.278458844133098,0.3152364273204904,0.47285464098073554,0.1576182136602452,0.6304728546409808,1.1033274956217163,14.500875656742558,5.989492119089317,2.2066549912434326,0.6304728546409808,0.9457092819614711,3.467600700525394,2.679509632224168,0.47285464098073554,0.0,0.0,9.725925925925926,57.14285714285714,41.30434782608695,28.57142857142857,6.509106830122592
argentina,Primera Division,2025 / 2026,Bruno Leyes,24.0,M,Argentina,173.0,69.0,39,28,2637.0,0.0,0.0,0.0,0.0,0,0,11,0.0,0,0.0,0.30716723549488056,0.0,0.0,0.0,0.0,0.0,43.27645051194539,0.37542662116040953,2.286689419795222,0.30716723549488056,1.5017064846416381,3.78839590443686,9.215017064846416,4.914675767918089,0.4436860068259386,0.30716723549488056,1.2969283276450512,0.9897610921501706,1.6040955631399316,0.37542662116040953,0.0,0.0,31.68533123028391,0.0,53.333333333333336,69.23076923076923,6.803908918406073
argentina,Primera Division,2025 / 2026,Bruno Pittón,32.0,D,Argentina,179.0,70.0,20,11,943.0,0.0,0.0,0.0,0.0,0,0,2,0.0,0,0.0,0.19088016967126195,0.09544008483563098,0.0,0.0,0.0,0.0,34.64475079533404,0.8589607635206787,2.3860021208907742,0.19088016967126195,1.0498409331919407,3.435843054082715,7.635206786850477,4.485683987274655,0.7635206786850478,0.2863202545068929,0.5726405090137858,0.5726405090137858,0.9544008483563097,0.19088016967126195,0.0,0.0,22.817174515235457,50.0,58.75,37.5,6.857476139978791
argentina,Primera Division,2025 / 2026,Bruno Sepúlveda,33.0,F,Argentina,188.0,82.0,20,8,810.0,2.0,1.0,0.0,0.0,0,0,5,0.0,0,0.6666666666666667,1.3333333333333335,0.33333333333333337,0.2222222222222222,0.1111111111111111,0.33333333333333337,0.2222222222222222,17.88888888888889,0.7777777777777777,0.8888888888888888,0.1111111111111111,0.2222222222222222,1.1111111111111112,12.999999999999998,4.555555555555555,1.5555555555555554,0.6666666666666667,0.5555555555555556,0.7777777777777777,2.0,0.5555555555555556,0.0,0.0,7.1069182389937104,25.0,35.04273504273504,42.857142857142854,6.48641975308642
argentina,Primera Division,2025 / 2026,Bruno Zuculini,32.0,M,Argentina,182.0,74.0,36,20,1896.0,3.0,4.0,0.0,0.0,0,0,9,0.0,0,0.09493670886075949,0.8544303797468354,0.3322784810126582,0.14240506329113925,0.18987341772151897,0.3322784810126582,0.14240506329113925,34.08227848101266,0.7120253164556962,2.5632911392405062,0.2848101265822785,0.9493670886075949,3.5126582278481013,9.30379746835443,4.841772151898734,0.5221518987341772,0.3322784810126582,1.0443037974683544,0.569620253164557,1.8037974683544304,0.4272151898734177,0.0,0.0,24.922005571030642,38.88888888888889,52.04081632653062,63.63636363636363,6.869145569620254
argentina,Primera Division,2025,Bryan Cabezas,28.0,F,Ecuador,182.0,72.0,0,0,0.0,0.0,0.0,0.0,0.0,0,0,0,0.0,0,,,,,,,,,,,,,,,,,,,,,,,,,,,,
argentina,Primera Division,2025,Bryan Reyna,27.0,F,Peru,172.0,65.0,17,5,601.0,0.0,0.0,0.0,0.0,0,0,3,0.0,0,0.0,0.8985024958402662,0.2995008319467554,0.0,0.0,0.0,0.0,22.013311148086522,0.8985024958402662,1.0482529118136439,0.0,0.7487520798668885,1.7970049916805324,12.878535773710484,4.342762063227953,4.492512479201331,0.5990016638935108,1.3477537437603995,0.8985024958402662,1.1980033277870217,0.4492512479201331,0.0,0.0,12.068965517241379,33.33333333333333,33.72093023255814,13.333333333333334,6.49450915141431
argentina,Primera Division,2025,Camilo Portilla,27.0,M,Colombia,185.0,80.0,24,20,1663.0,0.0,1.0,0.0,0.0,0,0,8,0.0,1,0.0,0.703547805171377,0.054119061936259774,0.0,0.054119061936259774,0.054119061936259774,0.0,50.276608538785325,0.9741431148526759,2.110643415514131,0.2164762477450391,1.9482862297053518,4.058929645219483,9.63319302465424,5.574263379434757,1.407095610342754,0.9741431148526759,0.8117859290438966,1.0823812387251954,1.6235718580877931,0.4329524954900782,0.0,0.054119061936259774,39.33046286329387,7.6923076923076925,57.865168539325836,69.23076923076923,6.934576067348166
argentina,Primera Division,2025 / 2026,Camilo Rey Domenech,19.0,M,Argentina,174.0,72.0,7,4,402.0,0.0,0.0,0.0,0.0,0,0,0,0.0,0,0.0,0.0,0.0,0.0,0.0,0.0,0.0,49.47761194029851,0.22388059701492538,2.4626865671641793,0.22388059701492538,1.791044776119403,4.253731343283582,8.283582089552239,4.925373134328359,0.8955223880597015,0.44776119402985076,0.6716417910447761,1.3432835820895521,0.8955223880597015,0.0,0.0,0.0,41.83710407239819,,59.45945945945946,50.0,6.842537313432835
argentina,Primera Division,2025 / 2026,Carlos Abeldano,20.0,F,,,,10,6,603.0,1.0,0.0,1.0,0.0,0,0,2,0.0,0,1.044776119402985,1.492537313432836,0.2985074626865672,0.1492537313432836,0.0,0.1492537313432836,0.1492537313432836,11.791044776119401,0.44776119402985076,1.1940298507462688,0.0,0.2985074626865672,1.492537313432836,13.432835820895521,4.925373134328359,1.1940298507462688,0.44776119402985076,0.1492537313432836,0.8955223880597015,1.1940298507462688,0.2985074626865672,0.0,0.0,6.0886075949367084,20.0,36.666666666666664,37.5,6.5031879194630875
argentina,Primera Division,2025,Carlos Abeldano,19.0,F,,,,2,0,18.0,0.0,0.0,0.0,0.0,0,0,0,0.0,0,5.0,0.0,0.0,0.0,0.0,0.0,0.0,5.0,0.0,0.0,0.0,0.0,0.0,5.0,0.0,0.0,0.0,0.0,0.0,5.0,0.0,0.0,0.0,1.0,,0.0,,6.3
argentina,Primera Division,2025,Carlos Auzqui,34.0,F,Argentina,174.0,71.0,19,9,938.0,1.0,1.0,0.0,0.0,0,0,3,0.0,0,0.0,0.767590618336887,0.09594882729211088,0.09594882729211088,0.09594882729211088,0.19189765458422176,0.09594882729211088,31.087420042643924,1.1513859275053304,2.878464818763326,0.09594882729211088,1.535181236673774,4.4136460554371,14.488272921108742,7.004264392324094,0.863539445628998,0.2878464818763326,1.0554371002132197,2.014925373134328,3.166311300639659,0.2878464818763326,0.0,0.0,16.675925925925927,12.5,48.34437086092716,33.33333333333333,6.795842217484009
argentina,Primera Division,2025,Carlos Gonzalez,32.0,F,Paraguay,183.0,80.0,26,22,2039.0,4.0,2.0,0.0,0.0,0,0,0,0.0,0,0.5296714075527219,1.8538499264345265,0.7062285434036293,0.17655713585090732,0.08827856792545366,0.26483570377636095,0.17655713585090732,18.891613536047082,0.6620892594409025,0.9269249632172633,0.0,0.5738106915154487,1.5007356547327122,18.847474252084357,9.622363903874447,1.3683178028445315,0.7503678273663561,0.26483570377636095,1.544874938695439,0.5738106915154487,0.0,0.0,0.0,10.94626168224299,38.095238095238095,51.05386416861827,54.83870967741935,6.964982834722903
argentina,Primera Division,2025,Carlos Gugenheim,21.0,F,Argentina,178.0,,1,0,15.0,0.0,0.0,0.0,0.0,0,0,0,0.0,0,6.0,0.0,0.0,0.0,0.0,0.0,0.0,24.0,0.0,6.0,0.0,0.0,6.0,42.0,18.0,12.0,6.0,0.0,6.0,0.0,0.0,0.0,0.0,4.0,,42.857142857142854,50.0,6.7
argentina,Primera Division,2025 / 2026,Carlos Izquierdoz,37.0,D,Argentina,185.0,88.0,42,41,3788.0,2.0,0.0,0.0,1.0,0,1,6,0.0,1,0.02375923970432946,0.6414994720168954,0.1900739176346357,0.04751847940865892,0.0,0.04751847940865892,0.04751847940865892,50.749736008447734,0.23759239704329463,1.2354804646251318,0.7365364308342133,1.5681098204857444,2.8035902851108765,7.697993664202746,4.941921858500527,0.21383315733896516,0.16631467793030622,0.3563885955649419,0.5227032734952481,0.4514255543822598,0.14255543822597677,0.0,0.02375923970432946,50.377808988764045,29.629629629629626,64.19753086419753,77.77777777777779,7.178220696937697
argentina,Primera Division,2025,Carlos Palacios,25.0,M,Chile,180.0,79.0,30,28,2316.0,3.0,4.0,0.0,0.0,0,0,4,0.0,0,0.07772020725388601,0.7383419689119172,0.27202072538860106,0.11658031088082901,0.15544041450777202,0.27202072538860106,0.11658031088082901,42.04663212435233,1.5544041450777202,0.8549222797927462,0.19430051813471502,0.27202072538860106,1.1269430051813472,8.471502590673575,3.9637305699481864,1.4378238341968912,0.6994818652849741,0.9715025906735751,1.7487046632124352,1.049222797927461,0.15544041450777202,0.0,0.0,34.76894639556377,36.84210526315789,46.788990825688074,48.64864864864865,6.987780656303973
argentina,Primera Division,2025 / 2026,Carlos Quintana,37.0,D,Argentina,191.0,88.0,32,27,2318.0,1.0,3.0,0.0,0.0,0,0,6,0.0,0,0.03882657463330458,0.4659188955996548,0.1553062985332183,0.03882657463330458,0.1164797238999137,0.1553062985332183,0.03882657463330458,35.02157031924072,0.34943917169974115,1.2036238136324418,0.8541846419327006,0.8541846419327006,2.0578084555651426,7.8817946505608285,4.814495254529767,0.3106125970664366,0.2329594477998274,0.3106125970664366,0.3882657463330457,0.815358067299396,0.2329594477998274,0.0,0.0,32.49833518312985,33.33333333333333,61.083743842364534,75.0,7.147475183426845
argentina,Primera Division,2025 / 2026,Carlos Villalba,27.0,M,Argentina,175.0,71.0,36,31,2441.0,3.0,0.0,0.0,0.0,0,0,15,0.0,0,0.0737402703809914,0.4424416222859484,0.33183121671446125,0.1106104055714871,0.0,0.1106104055714871,0.1106104055714871,30.675952478492423,0.6267922982384269,2.0647275706677592,0.2580909463334699,1.843506759524785,3.9082343301925437,11.06104055714871,4.977468250716919,0.4793117574764441,0.2949610815239656,1.327324866857845,1.4010651372388365,2.470299057763212,0.5530520278574356,0.0,0.0,24.11658653846154,75.0,45.0,61.53846153846154,6.792540983606557
argentina,Primera Division,2026,Cayetano Bolzán,19.0,F,,,,3,0,41.0,0.0,0.0,0.0,0.0,0,0,0,0.0,0,2.1951219512195124,2.1951219512195124,0.0,0.0,0.0,0.0,0.0,30.731707317073173,2.1951219512195124,2.1951219512195124,0.0,0.0,2.1951219512195124,13.170731707317072,2.1951219512195124,2.1951219512195124,0.0,0.0,0.0,2.1951219512195124,0.0,0.0,0.0,7.857142857142857,0.0,16.666666666666664,0.0,6.429411764705883
argentina,Primera Division,2025 / 2026,Celías Ingenthron,31.0,D,Serbia,,,6,4,400.0,0.0,0.0,0.0,0.0,0,0,1,0.0,0,0.0,0.0,0.0,0.0,0.0,0.0,0.0,34.875,0.225,2.25,0.0,0.45,2.6999999999999997,10.575,5.175,0.9,0.225,0.9,1.8,1.8,0.225,0.0,0.0,24.393548387096775,,48.93617021276596,25.0,6.49225
argentina,Primera Division,2026,Cesar Rigamonti,38.0,G,Argentina,186.0,90.0,13,13,1208.0,0.0,0.0,0.0,0.0,0,0,2,0.0,0,0.0,0.0,0.0,0.0,0.0,0.0,0.0,25.033112582781456,0.0,0.07450331125827815,0.0,0.0,0.07450331125827815,0.37251655629139074,0.2980132450331126,0.07450331125827815,0.07450331125827815,0.0,0.07450331125827815,0.07450331125827815,0.1490066225165563,0.0,0.0,16.827380952380953,,80.0,100.0,6.9341059602649
argentina,Primera Division,2025,Christian Ordoñez,21.0,M,Argentina,177.0,65.0,14,13,1130.0,0.0,0.0,0.0,0.0,0,0,3,0.0,0,0.0,0.6371681415929203,0.23893805309734512,0.0,0.0,0.0,0.0,35.283185840707965,0.47787610619469023,3.0265486725663715,0.1592920353982301,1.1150442477876106,4.1415929203539825,13.85840707964602,6.451327433628319,2.6283185840707963,1.4336283185840708,1.0353982300884956,0.6371681415929203,1.5132743362831858,0.23893805309734512,0.0,0.0,27.182844243792324,37.5,46.55172413793103,54.54545454545454,6.72070796460177
argentina,Primera Division,2025 / 2026,Claudio Baeza,32.0,M,Chile,171.0,64.0,34,25,2306.0,0.0,1.0,0.0,0.0,0,0,13,0.0,0,0.0,0.1951431049436253,0.0,0.0,0.03902862098872507,0.03902862098872507,0.0,53.50823937554206,0.5073720728534258,3.0832610581092803,0.2732003469210755,1.717259323503903,4.800520381613183,12.840416305290548,6.55680832610581,1.092801387684302,0.7415437987857763,1.5221162185602775,0.9757155247181266,1.9904596704249782,0.5073720728534258,0.0,0.0,42.36032093362509,0.0,51.06382978723404,67.85714285714286,6.988464874241111
argentina,Primera Division,2025 / 2026,Claudio Bravo,28.0,D,Argentina,179.0,68.0,10,3,282.0,0.0,0.0,0.0,0.0,0,0,2,0.0,1,0.3191489361702128,0.3191489361702128,0.0,0.0,0.0,0.0,0.0,50.744680851063826,0.6382978723404256,3.829787234042553,0.0,0.6382978723404256,4.468085106382979,12.765957446808512,5.425531914893616,1.9148936170212765,0.3191489361702128,1.2765957446808511,0.6382978723404256,1.2765957446808511,0.6382978723404256,0.0,0.3191489361702128,21.305732484076433,0.0,42.5,16.666666666666664,6.542086330935252
argentina,Primera Division,2025 / 2026,Claudio Corvalán,36.0,D,Argentina,180.0,80.0,15,12,1065.0,0.0,0.0,0.0,1.0,0,0,5,0.0,0,0.08450704225352113,0.3380281690140845,0.0,0.0,0.0,0.0,0.0,47.83098591549296,0.5070422535211268,2.1971830985915495,0.5915492957746479,1.7746478873239437,3.971830985915493,7.521126760563381,4.563380281690141,0.08450704225352113,0.08450704225352113,0.4225352112676056,0.4225352112676056,1.1830985915492958,0.4225352112676056,0.0,0.0,44.27208480565371,0.0,60.67415730337079,100.0,7.047793427230047
argentina,Primera Division,2025 / 2026,Clever Ferreira,22.0,D,Paraguay,,,21,19,1755.0,2.0,0.0,0.0,1.0,0,0,6,0.0,2,0.0,0.8205128205128205,0.25641025641025644,0.10256410256410256,0.0,0.10256410256410256,0.10256410256410256,31.948717948717945,0.25641025641025644,1.5897435897435896,1.1282051282051282,1.3846153846153846,2.9743589743589745,10.76923076923077,6.820512820512821,0.41025641025641024,0.358974358974359,0.8205128205128205,0.8205128205128205,1.1282051282051282,0.3076923076923077,0.0,0.10256410256410256,24.564308681672024,31.25,63.33333333333333,87.5,7.126354820308044
argentina,Primera Division,2025 / 2026,Cravero,30.0,M,Argentina,,,16,8,827.0,0.0,0.0,0.0,0.0,0,0,3,0.0,0,0.0,0.4353083434099153,0.10882708585247883,0.0,0.0,0.0,0.0,33.30108827085852,0.10882708585247883,2.82950423216445,0.10882708585247883,2.938331318016929,5.7678355501813785,8.162031438935914,4.67956469165659,0.10882708585247883,0.10882708585247883,1.305925030229746,0.7617896009673519,1.0882708585247884,0.3264812575574365,0.0,0.0,21.22772277227723,25.0,57.333333333333336,100.0,6.733050847457627
argentina,Primera Division,2025,Cristian Ferreira,26.0,M,Argentina,174.0,67.0,3,0,44.0,0.0,0.0,0.0,0.0,0,0,0,0.0,0,0.0,0.0,0.0,0.0,0.0,0.0,0.0,26.590909090909093,0.0,0.0,0.0,0.0,0.0,12.272727272727272,2.0454545454545454,2.0454545454545454,0.0,0.0,2.0454545454545454,0.0,0.0,0.0,0.0,4.615384615384615,,16.666666666666664,0.0,6.3
argentina,Primera Division,2025 / 2026,Cristian Jaime,19.0,M,,,,3,0,93.0,0.0,0.0,0.0,0.0,0,0,1,0.0,0,0.0,0.0,0.0,0.0,0.0,0.0,0.0,26.12903225806452,1.935483870967742,0.967741935483871,0.0,0.967741935483871,1.935483870967742,23.225806451612904,6.774193548387097,9.67741935483871,2.903225806451613,1.935483870967742,2.903225806451613,1.935483870967742,0.967741935483871,0.0,0.0,6.62962962962963,,29.166666666666668,30.0,6.226881720430108
argentina,Primera Division,2025,Cristian Lema,35.0,D,Argentina,191.0,81.0,0,0,0.0,0.0,0.0,0.0,0.0,0,0,0,0.0,0,,,,,,,,,,,,,,,,,,,,,,,,,,,,
argentina,Primera Division,2025 / 2026,Cristian Medina,23.0,M,Argentina,179.0,73.0,36,30,2622.0,0.0,2.0,1.0,0.0,0,0,9,0.0,0,0.034324942791762014,0.8237986270022883,0.44622425629290613,0.0,0.06864988558352403,0.06864988558352403,0.0,34.08466819221968,0.9954233409610985,1.7505720823798627,0.17162471395881007,0.7551487414187643,2.5057208237986273,10.881006864988558,5.491990846681922,2.471395881006865,0.9954233409610985,0.8237986270022883,2.265446224256293,1.0983981693363845,0.30892448512585813,0.0,0.0,27.754279959718026,54.166666666666664,50.473186119873816,40.27777777777778,6.752804273178175
argentina,Primera Division,2025,Cristian Ortíz,20.0,M,Argentina,,,0,0,0.0,0.0,0.0,0.0,0.0,0,0,0,0.0,0,,,,,,,,,,,,,,,,,,,,,,,,,,,,
argentina,Primera Division,2025 / 2026,Cristian Paz,30.0,D,Argentina,184.0,78.0,49,49,4503.0,1.0,0.0,0.0,0.0,0,0,10,0.0,0,0.019986675549633577,0.11992005329780146,0.039973351099267154,0.019986675549633577,0.0,0.019986675549633577,0.019986675549633577,13.890739506995336,0.05996002664890073,1.8387741505662891,0.5596269153897402,1.139240506329114,2.978014656895403,7.115256495669554,3.8174550299800134,0.29980013324450366,0.15989340439706862,0.5996002664890073,0.31978680879413723,1.0592938041305795,0.19986675549633579,0.0,0.0,12.54913294797688,33.33333333333333,53.65168539325843,53.333333333333336,6.838774150566289
argentina,Primera Division,2025 / 2026,Cristian Tarragona,34.0,F,Argentina,180.0,77.0,47,34,3061.0,13.0,2.0,0.0,0.0,2,0,7,0.0,0,0.558640967004247,2.4403789611238156,1.2642927147990852,0.38222803005553746,0.05880431231623652,0.4410323423717739,0.32342371773930084,21.404769683110096,1.35249918327344,0.7938582162691932,0.20581509310682783,0.14701078079059132,0.9408689970597843,13.613198301208756,5.204181639986932,1.3230970271153217,0.47043449852989216,0.32342371773930084,1.4113034955896764,1.9993466187520417,0.20581509310682783,0.0,0.0,14.57554945054945,51.80722891566265,38.22894168466522,35.55555555555556,6.8474631751227495
argentina,Primera Division,2025,Cristian Vega,32.0,M,Argentina,170.0,79.0,2,1,120.0,0.0,0.0,0.0,0.0,0,0,0,0.0,0,0.0,0.0,0.0,0.0,0.0,0.0,0.0,69.0,1.5,3.75,0.0,1.5,5.25,12.75,6.0,0.0,0.0,3.0,1.5,0.75,0.0,0.0,0.0,38.72826086956522,,47.05882352941176,,6.975
argentina,Primera Division,2026,Cristian Zabala,27.0,M,Argentina,187.0,72.0,16,15,1396.0,1.0,0.0,0.0,0.0,0,0,4,0.0,0,0.25787965616045844,0.5157593123209169,0.12893982808022922,0.06446991404011461,0.0,0.06446991404011461,0.06446991404011461,47.32091690544412,0.9670487106017192,2.0630372492836675,0.25787965616045844,1.2893982808022924,3.35243553008596,11.153295128939828,5.931232091690544,1.9985673352435531,0.9025787965616047,0.9670487106017192,0.9025787965616047,1.1604584527220632,0.25787965616045844,0.0,0.0,41.82697547683924,25.0,53.179190751445084,45.16129032258064,6.890472779369627
argentina,Primera Division,2026,Cristopher Fiermarín,27.0,G,Uruguay,189.0,72.0,16,16,1484.0,0.0,0.0,0.0,0.0,0,0,0,0.0,0,0.0,0.0,0.0,0.0,0.0,0.0,0.0,23.288409703504044,0.0,0.06064690026954178,0.0,0.0,0.06064690026954178,0.7884097035040432,0.545822102425876,0.0,0.0,0.24258760107816713,0.3032345013477089,0.0,0.0,0.0,0.0,17.369791666666668,,69.23076923076923,,7.089487870619946
argentina,Primera Division,2025 / 2026,César Ibáñez,26.0,D,Argentina,179.0,75.0,47,46,4059.0,1.0,2.0,0.0,1.0,0,0,19,0.0,1,0.044345898004434586,0.5764966740576497,0.13303769401330376,0.022172949002217293,0.044345898004434586,0.06651884700665188,0.022172949002217293,31.108647450110862,0.4878048780487805,2.8159645232815964,0.19955654101995565,1.3968957871396896,4.212860310421286,11.263858093126386,6.363636363636363,0.9534368070953437,0.5764966740576497,0.975609756097561,1.3303769401330376,1.7516629711751663,0.4212860310421286,0.0,0.022172949002217293,24.59230220955096,23.076923076923077,56.496062992125985,60.46511627906976,6.9256713476225675
argentina,Primera Division,2025 / 2026,César Pérez,23.0,M,Chile,176.0,66.0,23,20,1619.0,3.0,0.0,1.0,0.0,0,0,2,0.0,0,0.055589870290302656,1.2229771463866586,0.33353922174181594,0.16676961087090797,0.0,0.16676961087090797,0.16676961087090797,48.58554663372452,0.7782581840642372,1.778875849289685,0.16676961087090797,0.8894379246448425,2.6683137739345275,10.840024706609018,4.669549104385423,1.2229771463866586,0.8338480543545399,1.3897467572575664,0.8338480543545399,1.2785670166769612,0.11117974058060531,0.0,0.0,40.01945080091533,27.27272727272727,43.07692307692308,68.18181818181817,7.023718344657196
argentina,Primera Division,2025,Damian Fernandez,22.0,G,Argentina,187.0,78.0,0,0,0.0,0.0,0.0,0.0,0.0,0,0,0,0.0,0,,,,,,,,,,,,,,,,,,,,,,,,,,,,
argentina,Primera Division,2025,Damián Adín,28.0,D,Argentina,,,0,0,0.0,0.0,0.0,0.0,0.0,0,0,0,0.0,0,,,,,,,,,,,,,,,,,,,,,,,,,,,,
argentina,Primera Division,2025,Damián Batallini,29.0,M,Argentina,174.0,74.0,13,10,751.0,2.0,0.0,1.0,0.0,0,0,3,0.0,0,0.4793608521970706,1.3182423435419441,0.5992010652463382,0.2396804260985353,0.0,0.2396804260985353,0.2396804260985353,21.810918774966712,0.8388814913448736,2.756324900133156,0.11984021304926765,0.3595206391478029,3.1158455392809583,15.818908122503329,8.508655126498002,1.0785619174434087,0.9587217043941412,0.9587217043941412,3.715046604527297,3.355525965379494,0.3595206391478029,0.0,0.0,13.763736263736265,45.45454545454545,53.78787878787878,88.88888888888889,7.026764314247671
argentina,Primera Division,2025,Damián Díaz,39.0,M,Ecuador,174.0,67.0,4,2,186.0,0.0,0.0,0.0,0.0,0,0,1,0.0,0,0.0,0.4838709677419355,0.4838709677419355,0.0,0.0,0.0,0.0,39.193548387096776,1.4516129032258065,1.4516129032258065,0.0,0.0,1.4516129032258065,8.225806451612904,4.354838709677419,1.935483870967742,0.967741935483871,0.0,1.4516129032258065,0.967741935483871,0.4838709677419355,0.0,0.0,17.555555555555557,100.0,52.94117647058824,50.0,6.625806451612903
argentina,Primera Division,2025 / 2026,Damián Fernández,24.0,D,Argentina,178.0,75.0,40,35,3151.0,0.0,0.0,0.0,0.0,0,0,5,0.0,0,0.0,0.14281180577594413,0.05712472231037766,0.0,0.0,0.0,0.0,52.12630910821961,0.14281180577594413,2.399238337035862,0.5141225007933989,1.6566169470009522,4.055855284036814,8.454458901935894,5.084100285623611,0.17137416693113297,0.05712472231037766,0.4284354173278324,0.22849888924151063,0.6854966677245319,0.14281180577594413,0.0,0.0,53.52931506849315,40.0,60.13513513513513,33.33333333333333,6.795588701999366
argentina,Primera Division,2025 / 2026,Damián Martínez,35.0,D,Argentina,177.0,65.0,37,30,2509.0,1.0,2.0,0.0,1.0,0,0,12,0.0,0,0.0,0.2510960542048625,0.10761259465922678,0.03587086488640893,0.07174172977281786,0.10761259465922678,0.03587086488640893,27.08250298923874,0.5739338381825428,2.5827022718214425,0.21522518931845355,0.7174172977281785,3.3001195695496213,9.362295735352731,4.555599840573934,0.6098047030689517,0.21522518931845355,0.968513351933041,0.6098047030689517,1.7218015145476284,0.4304503786369071,0.0,0.0,18.717880794701987,42.857142857142854,48.65900383141762,35.294117647058826,6.699163013152651
argentina,Primera Division,2026,Damián Pizarro,20.0,F,Chile,187.0,85.0,2,2,117.0,0.0,1.0,0.0,0.0,0,0,0,0.0,0,0.7692307692307693,1.5384615384615385,1.5384615384615385,0.0,0.7692307692307693,0.7692307692307693,0.0,8.461538461538462,1.5384615384615385,1.5384615384615385,0.0,0.0,1.5384615384615385,10.0,3.076923076923077,1.5384615384615385,0.0,0.0,0.7692307692307693,2.3076923076923075,0.0,0.0,0.0,4.0,100.0,30.76923076923077,0.0,6.24957264957265
argentina,Primera Division,2025,Damián Puebla,23.0,F,Argentina,,,26,14,1285.0,2.0,0.0,0.0,0.0,0,0,3,0.0,0,0.14007782101167315,1.0505836575875487,0.2801556420233463,0.14007782101167315,0.0,0.14007782101167315,0.14007782101167315,20.311284046692606,0.7003891050583657,1.961089494163424,0.0,0.42023346303501946,2.3813229571984436,13.377431906614786,5.11284046692607,2.591439688715953,0.9105058365758756,0.7003891050583657,1.1906614785992218,1.3307392996108949,0.21011673151750973,0.0,0.0,10.824137931034484,26.666666666666668,38.21989528795812,35.13513513513514,6.6207782101167325
argentina,Primera Division,2025,Damián Pérez,37.0,D,Argentina,170.0,65.0,3,2,225.0,0.0,0.0,0.0,0.0,0,0,0,0.0,0,0.0,0.4,0.0,0.0,0.0,0.0,0.0,36.4,0.4,1.6,0.0,2.4000000000000004,4.0,6.8,4.4,0.4,0.0,0.8,0.8,0.0,0.0,0.0,0.0,28.956043956043956,0.0,64.70588235294117,0.0,6.58
argentina,Primera Division,2025,Daniel Barrea,24.0,F,Argentina,183.0,,21,7,878.0,1.0,0.0,0.0,1.0,0,0,5,0.0,1,0.20501138952164008,2.152619589977221,0.9225512528473804,0.10250569476082004,0.0,0.10250569476082004,0.10250569476082004,16.40091116173121,0.6150341685649203,1.4350797266514808,0.0,0.30751708428246016,1.742596810933941,18.041002277904326,8.302961275626425,3.1776765375854215,1.4350797266514808,0.5125284738041003,2.2551252847380407,2.4601366742596813,0.5125284738041003,0.0,0.10250569476082004,8.050314465408805,42.857142857142854,46.02272727272727,45.16129032258064,6.565148063781321
argentina,Primera Division,2025,Daniel Herrera,21.0,D,Argentina,,,22,14,1430.0,0.0,0.0,0.0,0.0,0,0,4,0.0,0,0.0,0.4405594405594406,0.0,0.0,0.0,0.0,0.0,34.42657342657343,0.06293706293706294,1.1958041958041958,0.6293706293706294,1.132867132867133,2.3286713286713288,6.4825174825174825,3.5244755244755246,0.3146853146853147,0.1888111888111888,0.3146853146853147,0.3146853146853147,0.8181818181818181,0.2517482517482518,0.0,0.0,32.751381215469614,0.0,54.36893203883495,60.0,6.940504555010512
argentina,Primera Division,2025,Daniel Zabala,22.0,D,Argentina,182.0,78.0,2,2,103.0,0.0,0.0,0.0,0.0,0,0,0,0.0,0,0.0,0.0,0.0,0.0,0.0,0.0,0.0,42.81553398058252,0.0,0.8737864077669902,1.7475728155339805,0.0,0.8737864077669902,6.116504854368932,3.495145631067961,1.7475728155339805,1.7475728155339805,0.8737864077669902,0.8737864077669902,0.8737864077669902,0.0,0.0,0.0,23.693877551020407,,57.14285714285714,100.0,6.474757281553398
argentina,Primera Division,2025 / 2026,Danilo Arboleda,30.0,D,Colombia,190.0,86.0,5,5,450.0,0.0,1.0,0.0,0.0,0,0,0,0.0,0,0.0,0.2,0.0,0.0,0.2,0.2,0.0,23.6,0.4,2.4000000000000004,0.0,1.2000000000000002,3.6,7.4,5.2,0.6000000000000001,0.6000000000000001,0.6000000000000001,0.0,0.2,0.0,0.0,0.0,22.389830508474578,0.0,70.27027027027027,100.0,7.08
argentina,Primera Division,2026,Danilo Arboleda,30.0,D,,,,13,13,1130.0,0.0,0.0,0.0,0.0,0,0,2,0.0,0,0.07964601769911504,0.07964601769911504,0.07964601769911504,0.0,0.0,0.0,0.0,24.451327433628318,0.0,1.991150442477876,1.1150442477876106,1.0353982300884956,3.0265486725663715,6.292035398230089,4.778761061946903,0.3185840707964602,0.23893805309734512,0.07964601769911504,0.23893805309734512,0.39823008849557523,0.1592920353982301,0.0,0.0,24.172638436482085,100.0,75.9493670886076,75.0,7.0506194690265485
argentina,Primera Division,2025 / 2026,Danilo Monza,21.0,G,Argentina,,,0,0,0.0,0.0,0.0,0.0,0.0,0,0,0,0.0,0,,,,,,,,,,,,,,,,,,,,,,,,,,,,
argentina,Primera Division,2025 / 2026,Dardo Miloc,35.0,M,Argentina,177.0,,49,43,3753.0,0.0,0.0,0.0,0.0,0,0,10,0.0,0,0.0,0.07194244604316546,0.047961630695443645,0.0,0.0,0.0,0.0,30.26378896882494,0.2158273381294964,2.158273381294964,0.2637889688249401,1.3429256594724222,3.5011990407673856,7.24220623501199,4.124700239808154,0.33573141486810554,0.2158273381294964,0.7434052757793765,0.7913669064748201,1.079136690647482,0.23980815347721823,0.0,0.0,24.217115689381934,66.66666666666666,56.95364238410596,64.28571428571429,6.760298427924328
argentina,Primera Division,2026,Dariel Ganly,19.0,M,,,,0,0,0.0,0.0,0.0,0.0,0.0,0,0,0,0.0,0,,,,,,,,,,,,,,,,,,,,,,,,,,,,
argentina,Primera Division,2025,Darío Benedetto,35.0,F,Argentina,177.0,75.0,8,3,330.0,0.0,0.0,1.0,0.0,0,1,1,0.0,0,0.0,1.9090909090909092,0.8181818181818181,0.0,0.0,0.0,0.0,13.909090909090908,0.5454545454545454,0.8181818181818181,0.0,0.5454545454545454,1.3636363636363638,9.0,3.545454545454545,0.2727272727272727,0.2727272727272727,0.8181818181818181,1.6363636363636362,0.2727272727272727,0.2727272727272727,0.0,0.0,5.56,42.857142857142854,39.39393939393939,100.0,6.2645454545454555
argentina,Primera Division,2026,Darío Cáceres,27.0,D,Paraguay,176.0,65.0,8,3,307.0,0.0,0.0,0.0,0.0,0,0,0,0.0,0,0.5863192182410424,1.1726384364820848,0.0,0.0,0.0,0.0,0.0,34.5928338762215,2.0521172638436482,1.1726384364820848,0.0,1.4657980456026058,2.6384364820846904,7.035830618892508,4.1042345276872965,1.1726384364820848,0.2931596091205212,0.0,0.5863192182410424,0.2931596091205212,0.0,0.0,0.0,15.398305084745763,0.0,58.333333333333336,25.0,6.701633986928104
argentina,Primera Division,2025,Darío Sarmiento,22.0,F,Argentina,170.0,60.0,2,0,24.0,0.0,0.0,0.0,0.0,0,0,0,0.0,0,0.0,0.0,0.0,0.0,0.0,0.0,0.0,11.25,0.0,0.0,0.0,0.0,0.0,11.25,3.75,3.75,0.0,0.0,3.75,0.0,0.0,0.0,0.0,1.0,,33.33333333333333,0.0,6.575
argentina,Primera Division,2025 / 2026,David Barbona,30.0,F,Argentina,174.0,78.0,30,5,948.0,1.0,0.0,0.0,0.0,0,0,2,0.0,0,0.18987341772151897,1.5189873417721518,1.0443037974683544,0.09493670886075949,0.0,0.09493670886075949,0.09493670886075949,41.9620253164557,2.3734177215189876,0.2848101265822785,0.0,0.18987341772151897,0.47468354430379744,7.689873417721519,3.132911392405063,1.8987341772151898,1.139240506329114,0.6645569620253164,1.0443037974683544,0.18987341772151897,0.18987341772151897,0.0,0.0,18.626696832579185,68.75,40.74074074074074,60.0,6.699472016895459
argentina,Primera Division,2026,David Fernández,20.0,F,,,,3,0,47.0,0.0,0.0,0.0,0.0,0,0,0,0.0,0,1.9148936170212765,1.9148936170212765,1.9148936170212765,0.0,0.0,0.0,0.0,19.148936170212767,0.0,0.0,1.9148936170212765,0.0,0.0,7.659574468085106,0.0,1.9148936170212765,0.0,1.9148936170212765,0.0,3.829787234042553,0.0,0.0,0.0,1.0,100.0,0.0,0.0,6.470212765957447
argentina,Primera Division,2025,David González,22.0,M,Argentina,167.0,,0,0,0.0,0.0,0.0,0.0,0.0,0,0,0,0.0,0,,,,,,,,,,,,,,,,,,,,,,,,,,,,
argentina,Primera Division,2025 / 2026,David Juárez,18.0,M,Argentina,,,1,0,19.0,0.0,0.0,0.0,0.0,0,0,0,0.0,0,0.0,4.7368421052631575,4.7368421052631575,0.0,0.0,0.0,0.0,4.7368421052631575,0.0,0.0,0.0,0.0,0.0,18.94736842105263,0.0,14.210526315789473,0.0,0.0,0.0,0.0,0.0,0.0,0.0,1.0,100.0,0.0,0.0,6.2
argentina,Primera Division,2026,David Martínez,27.0,D,Paraguay,180.0,75.0,12,12,955.0,0.0,1.0,0.0,0.0,0,0,5,0.0,0,0.0,0.7539267015706808,0.0942408376963351,0.0,0.0942408376963351,0.0942408376963351,0.0,47.78010471204188,0.6596858638743456,2.356020942408377,0.3769633507853404,1.7905759162303663,4.146596858638743,8.293193717277486,4.146596858638743,0.9424083769633509,0.3769633507853404,0.8481675392670157,0.47120418848167545,1.5078534031413615,0.47120418848167545,0.0,0.0,38.54240631163708,12.5,50.0,40.0,6.899790575916231
argentina,Primera Division,2025 / 2026,David Romero,22.0,F,Argentina,179.0,77.0,23,19,1521.0,9.0,3.0,0.0,0.0,0,0,1,0.0,0,0.1775147928994083,2.7218934911242605,1.301775147928994,0.5325443786982248,0.1775147928994083,0.7100591715976332,0.5325443786982248,10.118343195266272,0.591715976331361,0.2958579881656805,0.0591715976331361,0.0591715976331361,0.3550295857988166,17.278106508875737,6.627218934911243,4.260355029585798,1.5384615384615385,0.0591715976331361,2.130177514792899,1.301775147928994,0.0591715976331361,0.0,0.0,4.708333333333333,47.82608695652174,38.35616438356164,36.11111111111111,6.9191321499013805
argentina,Primera Division,2025,David Romero,38.0,F,Argentina,,,8,3,293.0,3.0,1.0,0.0,0.0,0,0,0,0.0,0,0.0,3.0716723549488054,2.150170648464164,0.9215017064846416,0.30716723549488056,1.2286689419795223,0.9215017064846416,11.979522184300341,0.6143344709897611,0.0,0.0,0.30716723549488056,0.30716723549488056,13.515358361774744,5.221843003412969,3.0716723549488054,1.8430034129692832,0.30716723549488056,1.5358361774744027,1.5358361774744027,0.0,0.0,0.0,6.512820512820513,70.0,38.63636363636363,60.0,7.386689419795222
argentina,Primera Division,2025 / 2026,David Sotelo,22.0,M,Argentina,,,26,9,1058.0,0.0,2.0,0.0,0.0,0,0,2,0.0,0,0.0,1.3610586011342156,0.6805293005671078,0.0,0.17013232514177695,0.17013232514177695,0.0,35.47258979206049,0.9357277882797732,2.7221172022684312,0.17013232514177695,1.5311909262759924,4.253308128544424,10.122873345935728,5.6994328922495265,0.8506616257088847,0.5103969754253308,0.9357277882797732,1.3610586011342156,1.3610586011342156,0.17013232514177695,0.0,0.0,20.72661870503597,50.0,56.30252100840336,60.0,6.8674858223062385
argentina,Primera Division,2025 / 2026,David Zalazar,23.0,F,Argentina,177.0,73.0,24,13,1213.0,1.0,2.0,0.0,0.0,0,0,3,0.0,0,0.0741962077493817,2.448474855729596,0.4451772464962902,0.0741962077493817,0.1483924154987634,0.2225886232481451,0.0741962077493817,28.491343775762573,1.1871393239901071,1.3355317394888706,0.1483924154987634,0.7419620774938169,2.0774938169826878,11.203627370156637,6.306677658697444,2.8194558944765045,1.4097279472382522,0.964550700741962,2.300082440230833,0.5193734542456719,0.2225886232481451,0.0,0.0,13.111979166666666,18.181818181818183,56.29139072847682,50.0,6.8835943940643025
argentina,Primera Division,2025 / 2026,Demian Dominguez,19.0,D,Argentina,,,0,0,0.0,0.0,0.0,0.0,0.0,0,0,0,0.0,0,,,,,,,,,,,,,,,,,,,,,,,,,,,,
argentina,Primera Division,2025 / 2026,Demian Troya,20.0,M,Argentina,,,0,0,0.0,0.0,0.0,0.0,0.0,0,0,0,0.0,0,,,,,,,,,,,,,,,,,,,,,,,,,,,,
argentina,Primera Division,2025 / 2026,Diego Barrera,21.0,F,Argentina,171.0,68.0,39,14,1756.0,6.0,0.0,0.0,0.0,0,0,4,0.0,0,0.15375854214123008,1.4350797266514808,0.6662870159453304,0.30751708428246016,0.0,0.30751708428246016,0.30751708428246016,22.39749430523918,1.1275626423690204,1.742596810933941,0.15375854214123008,0.41002277904328016,2.152619589977221,12.864464692482915,5.586560364464693,2.9726651480637813,1.3838268792710706,0.7175398633257404,1.3838268792710706,1.5888382687927107,0.20501138952164008,0.0,0.0,10.995412844036696,46.42857142857143,43.42629482071713,46.55172413793103,6.695842824601367
argentina,Primera Division,2026,Diego Churin,36.0,F,Argentina,187.0,87.0,14,8,704.0,2.0,0.0,1.0,0.0,1,0,1,0.0,1,0.38352272727272724,1.2784090909090908,0.6392045454545454,0.2556818181818182,0.0,0.2556818181818182,0.1278409090909091,24.673295454545457,0.8948863636363636,1.534090909090909,0.0,0.1278409090909091,1.6619318181818183,17.769886363636363,9.715909090909092,1.2784090909090908,0.7670454545454545,0.7670454545454545,2.0454545454545454,1.6619318181818183,0.1278409090909091,0.0,0.1278409090909091,11.83419689119171,50.0,54.67625899280576,60.0,6.849147727272728
argentina,Primera Division,2026,Diego Crego,28.0,M,Argentina,,,7,2,248.0,0.0,0.0,0.0,0.0,0,0,0,0.0,0,0.0,1.814516129032258,0.3629032258064516,0.0,0.0,0.0,0.0,17.056451612903224,0.3629032258064516,2.1774193548387095,0.0,0.3629032258064516,2.540322580645161,14.153225806451612,6.895161290322581,3.266129032258065,1.4516129032258065,1.0887096774193548,2.1774193548387095,0.7258064516129032,0.0,0.0,0.0,6.829787234042553,20.0,48.717948717948715,44.44444444444444,6.513991769547325
argentina,Primera Division,2025 / 2026,Diego Diaz,23.0,F,Argentina,,,20,0,314.0,2.0,0.0,0.0,0.0,0,0,0,0.0,0,1.1464968152866242,2.5796178343949046,0.8598726114649681,0.5732484076433121,0.0,0.5732484076433121,0.5732484076433121,16.337579617834393,2.006369426751592,1.1464968152866242,0.0,0.0,1.1464968152866242,14.044585987261145,5.159235668789809,4.585987261146497,2.006369426751592,0.5732484076433121,0.8598726114649681,0.8598726114649681,0.0,0.0,0.0,3.547169811320755,33.33333333333333,36.734693877551024,43.75,6.645276872964169
argentina,Primera Division,2025,Diego González,37.0,M,Argentina,180.0,78.0,18,16,1309.0,2.0,0.0,0.0,0.0,0,0,4,0.0,0,0.13750954927425516,0.9625668449197861,0.2750190985485103,0.13750954927425516,0.0,0.13750954927425516,0.13750954927425516,33.896103896103895,0.6187929717341483,1.650114591291062,0.4125286478227655,1.2375859434682965,2.8877005347593587,10.725744843391903,5.569136745607334,0.7563025210084033,0.48128342245989303,0.8938120702826585,1.1000763941940412,1.2375859434682965,0.2750190985485103,0.0,0.0,25.84787018255578,28.57142857142857,51.92307692307693,63.63636363636363,7.006264323911383
argentina,Primera Division,2025 / 2026,Diego Herazo,29.0,F,Colombia,187.0,85.0,16,0,297.0,2.0,1.0,0.0,0.0,0,0,1,0.0,0,0.30303030303030304,3.6363636363636367,1.2121212121212122,0.6060606060606061,0.30303030303030304,0.9090909090909092,0.6060606060606061,13.636363636363637,1.8181818181818183,0.0,0.30303030303030304,0.0,0.0,14.242424242424242,3.333333333333333,1.5151515151515151,0.30303030303030304,0.0,0.30303030303030304,1.8181818181818183,0.30303030303030304,0.0,0.0,3.0,33.33333333333333,23.404255319148938,20.0,6.395945945945946
argentina,Primera Division,2025 / 2026,Diego Mastrangelo,23.0,D,Argentina,176.0,75.0,6,1,160.0,0.0,0.0,0.0,1.0,0,0,2,0.0,0,0.0,0.5625,0.5625,0.0,0.0,0.0,0.0,42.75,1.125,2.8125,0.0,2.25,5.0625,15.749999999999998,5.625,0.0,0.0,0.5625,1.125,5.0625,1.125,0.0,0.0,10.697368421052632,100.0,35.714285714285715,,6.415000000000001
argentina,Primera Division,2026,Diego Mondino,31.0,D,Argentina,183.0,,11,9,909.0,0.0,0.0,0.0,0.0,0,0,2,0.0,0,0.0,0.099009900990099,0.0,0.0,0.0,0.0,0.0,32.67326732673268,0.0,2.0792079207920793,0.792079207920792,1.9801980198019804,4.0594059405940595,8.01980198019802,5.0495049504950495,0.0,0.0,0.792079207920792,0.396039603960396,0.396039603960396,0.198019801980198,0.0,0.0,29.042424242424243,0.0,62.96296296296296,,6.843344334433444
argentina,Primera Division,2025 / 2026,Diego Porcel,20.0,F,Argentina,176.0,74.0,32,11,1227.0,2.0,2.0,0.0,0.0,0,0,3,0.0,0,0.8068459657701711,1.9804400977995111,0.9535452322738387,0.14669926650366746,0.14669926650366746,0.2933985330073349,0.14669926650366746,20.17114914425428,1.1002444987775062,1.5403422982885084,0.2200488997555012,0.3667481662591687,1.9070904645476774,13.643031784841076,6.234718826405868,2.493887530562347,0.8801955990220048,0.7334963325183373,2.4205378973105134,2.053789731051345,0.2200488997555012,0.0,0.0,9.532846715328468,48.148148148148145,45.69892473118279,35.294117647058826,6.769123669123668
argentina,Primera Division,2025,Diego Rodríguez,36.0,G,Argentina,183.0,78.0,30,30,2706.0,0.0,0.0,0.0,0.0,0,0,0,0.0,0,0.0,0.0,0.0,0.0,0.0,0.0,0.0,30.665188470066518,0.03325942350332594,0.0,0.0,0.0,0.0,0.4323725055432373,0.4323725055432373,0.09977827050997783,0.09977827050997783,0.0,0.19955654101995565,0.0,0.0,0.0,0.0,25.262472885032537,,100.0,100.0,7.0857723577235765
argentina,Primera Division,2025,Diego Romero,24.0,G,Peru,189.0,83.0,0,0,0.0,0.0,0.0,0.0,0.0,0,0,0,0.0,0,,,,,,,,,,,,,,,,,,,,,,,,,,,,
argentina,Primera Division,2025,Diego Ruben Tonetto,37.0,M,Argentina,180.0,71.0,13,4,371.0,0.0,0.0,0.0,0.0,0,0,1,0.0,0,0.0,0.0,0.0,0.0,0.0,0.0,0.0,31.29380053908356,0.48517520215633425,1.4555256064690028,0.7277628032345014,1.2129380053908356,2.6684636118598384,9.460916442048518,4.8517520215633425,0.9703504043126685,0.24258760107816713,0.24258760107816713,1.6981132075471697,2.183288409703504,0.24258760107816713,0.0,0.0,11.186046511627907,,51.28205128205128,25.0,6.656216216216217
argentina,Primera Division,2025 / 2026,Diego Sosa,28.0,D,Argentina,178.0,70.0,31,26,2505.0,2.0,3.0,0.0,0.0,1,1,2,0.0,0,0.0718562874251497,0.7544910179640718,0.2155688622754491,0.0718562874251497,0.10778443113772455,0.17964071856287422,0.03592814371257485,31.508982035928142,1.18562874251497,1.652694610778443,0.2155688622754491,0.9341317365269461,2.586826347305389,6.359281437125748,3.161676646706587,0.7544910179640718,0.39520958083832336,0.8263473053892215,0.46706586826347307,0.8622754491017964,0.0718562874251497,0.0,0.0,24.255416191562144,28.57142857142857,49.717514124293785,52.38095238095239,6.8563273453093805
argentina,Primera Division,2025 / 2026,Diego Tarzia,22.0,F,Argentina,174.0,68.0,30,17,1470.0,0.0,1.0,0.0,0.0,0,0,5,0.0,0,0.0,1.1020408163265305,0.4285714285714286,0.0,0.061224489795918366,0.061224489795918366,0.0,18.244897959183675,0.673469387755102,2.020408163265306,0.12244897959183673,0.4897959183673469,2.510204081632653,12.428571428571429,5.571428571428571,2.4489795918367347,0.8571428571428572,0.4897959183673469,1.7755102040816324,0.9183673469387754,0.30612244897959184,0.0,0.0,10.36026936026936,38.88888888888889,44.827586206896555,35.0,6.628805460750852
argentina,Primera Division,2025 / 2026,Diego Valdés,31.0,M,Chile,179.0,75.0,23,10,1028.0,1.0,5.0,0.0,0.0,0,0,0,0.0,0,0.08754863813229571,1.8385214007782102,0.7003891050583657,0.08754863813229571,0.4377431906614786,0.5252918287937743,0.08754863813229571,41.58560311284047,2.9766536964980546,1.4883268482490273,0.08754863813229571,0.6128404669260701,2.1011673151750974,12.519455252918288,5.865758754863814,4.027237354085603,2.0136186770428015,0.9630350194552529,1.4007782101167314,0.5252918287937743,0.0,0.0,0.0,23.90717299578059,38.095238095238095,46.85314685314685,50.0,7.017315175097277
argentina,Primera Division,2026,Diego Valoyes,29.0,F,Colombia,182.0,76.0,9,4,337.0,0.0,1.0,0.0,0.0,0,0,0,0.0,0,0.26706231454005935,1.6023738872403561,0.8011869436201781,0.0,0.26706231454005935,0.26706231454005935,0.0,21.899109792284865,0.8011869436201781,1.6023738872403561,0.0,0.26706231454005935,1.8694362017804154,20.29673590504451,6.943620178041543,9.080118694362017,3.2047477744807122,0.8011869436201781,0.8011869436201781,2.6706231454005938,0.0,0.0,0.0,10.585365853658537,50.0,34.21052631578947,35.294117647058826,6.5121661721068245
argentina,Primera Division,2025 / 2026,Dilan Godoy,19.0,F,Argentina,,,21,10,960.0,2.0,4.0,0.0,0.0,1,0,2,0.0,0,0.09375,2.0625,1.03125,0.1875,0.375,0.5625,0.09375,21.0,1.03125,1.59375,0.09375,0.1875,1.78125,15.093749999999998,5.90625,2.15625,0.28125,1.21875,1.21875,1.5,0.1875,0.0,0.0,10.417040358744394,50.0,39.130434782608695,13.043478260869565,6.567295597484277
argentina,Primera Division,2025 / 2026,Duván Vergara,29.0,F,Colombia,173.0,72.0,32,19,1676.0,5.0,0.0,0.0,0.0,0,0,4,0.0,0,0.21479713603818618,1.39618138424821,0.7517899761336515,0.26849642004773266,0.0,0.26849642004773266,0.26849642004773266,26.47374701670644,0.9665871121718377,1.4498806682577567,0.0,0.5906921241050119,2.0405727923627683,11.276849642004773,5.638424821002387,3.8126491646778042,1.8257756563245824,0.42959427207637235,1.8257756563245824,1.288782816229117,0.21479713603818618,0.0,0.0,16.827235772357724,53.84615384615385,50.0,47.88732394366197,7.066985074626866
argentina,Primera Division,2025 / 2026,Dylan Aquino,20.0,F,Argentina,,,44,13,1682.0,5.0,3.0,1.0,0.0,0,0,9,0.0,0,0.267538644470868,1.7122473246135552,0.7491082045184304,0.267538644470868,0.1605231866825208,0.4280618311533888,0.267538644470868,30.231866825208087,1.6587395957193816,1.765755053507729,0.0535077288941736,0.7491082045184304,2.5148632580261596,14.072532699167656,6.0463733650416165,5.243757431629013,2.3543400713436387,0.9096313912009513,1.605231866825208,1.3912009512485137,0.4815695600475624,0.0,0.0,14.532859680284192,43.75,42.96577946768061,44.89795918367347,6.945384157236449
argentina,Primera Division,2025,Dylan Glaby,29.0,M,Argentina,180.0,80.0,13,7,677.0,0.0,0.0,0.0,0.0,0,0,0,0.0,0,0.0,0.0,0.0,0.0,0.0,0.0,0.0,35.62776957163958,0.1329394387001477,0.930576070901034,0.0,1.329394387001477,2.259970457902511,7.444608567208272,3.323485967503693,0.39881831610044316,0.1329394387001477,0.7976366322008863,0.5317577548005908,1.329394387001477,0.0,0.0,0.0,22.861940298507463,,44.642857142857146,33.33333333333333,6.595125553914327
argentina,Primera Division,2026,Dylan Gorosito,19.0,D,Argentina,173.0,63.0,0,0,0.0,0.0,0.0,0.0,0.0,0,0,0,0.0,0,,,,,,,,,,,,,,,,,,,,,,,,,,,,
argentina,Primera Division,2025,Edgar Elizalde,25.0,D,Uruguay,187.0,79.0,10,3,460.0,0.0,0.0,0.0,0.0,0,0,1,0.0,0,0.0,0.1956521739130435,0.0,0.0,0.0,0.0,0.0,39.130434782608695,0.782608695652174,1.9565217391304348,0.9782608695652174,1.565217391304348,3.5217391304347827,10.173913043478262,4.695652173913043,0.391304347826087,0.1956521739130435,0.0,0.782608695652174,1.9565217391304348,0.1956521739130435,0.0,0.0,39.745,0.0,46.15384615384615,50.0,6.846136865342164
argentina,Primera Division,2025,Edilson Salinas,23.0,G,Argentina,190.0,,0,0,0.0,0.0,0.0,0.0,0.0,0,0,0,0.0,0,,,,,,,,,,,,,,,,,,,,,,,,,,,,
argentina,Primera Division,2025 / 2026,Edinson Cavani,38.0,F,Uruguay,185.0,71.0,23,17,1567.0,4.0,2.0,2.0,0.0,1,2,4,0.0,0,1.0912571793235482,1.0338225909380983,0.5169112954690491,0.22973835354179964,0.11486917677089982,0.3446075303126994,0.1723037651563497,17.63241863433312,0.4020421186981493,0.6892150606253988,0.1723037651563497,0.22973835354179964,0.9189534141671986,6.7772814294830885,3.1014677728142948,0.6317804722399489,0.3446075303126994,0.2871729419272495,0.8040842373962986,0.9763880025526483,0.22973835354179964,0.0,0.0,13.768729641693811,50.0,45.76271186440678,54.54545454545454,6.674920229738354
argentina,Primera Division,2025 / 2026,Eduardo Salvio,35.0,M,Argentina,172.0,68.0,50,42,3548.0,6.0,4.0,0.0,0.0,2,0,1,0.0,0,0.27903043968432917,1.57271702367531,0.786358511837655,0.15219842164599773,0.10146561443066515,0.2536640360766629,0.10146561443066515,32.29143179255919,1.4205186020293121,1.0907553551296505,0.07609921082299886,0.6087936865839909,1.6995490417136414,11.262683201803835,4.5152198421646,4.718151071025931,1.7756482525366404,0.8624577226606539,1.040022547914318,0.9131905298759865,0.025366403607666288,0.0,0.0,24.05577376276512,50.0,40.090090090090094,37.634408602150536,6.782440811724915
argentina,Primera Division,2025,Edwin Schulz,22.0,F,Argentina,183.0,75.0,0,0,0.0,0.0,0.0,0.0,0.0,0,0,0,0.0,0,,,,,,,,,,,,,,,,,,,,,,,,,,,,
argentina,Primera Division,2025 / 2026,Edwuin Cetré,27.0,F,Colombia,174.0,79.0,45,20,2345.0,5.0,6.0,0.0,0.0,1,0,7,0.0,0,0.5373134328358209,2.0724946695095947,1.0362473347547974,0.19189765458422176,0.23027718550106613,0.42217484008528783,0.15351812366737738,22.52878464818763,2.0341151385927505,0.7292110874200426,0.0,0.42217484008528783,1.1513859275053304,9.479744136460555,5.142857142857142,2.64818763326226,1.3432835820895521,0.30703624733475476,2.456289978678038,0.8827292110874201,0.26865671641791045,0.0,0.0,12.873935264054515,50.0,54.25101214574899,50.72463768115942,6.925884861407249
argentina,Primera Division,2025,Edwuin Pernía,30.0,F,Venezuela,178.0,77.0,6,1,172.0,0.0,0.0,0.0,0.0,0,0,1,0.0,0,0.5232558139534884,5.232558139534883,2.0930232558139537,0.0,0.0,0.0,0.0,15.697674418604652,0.0,0.0,0.0,0.0,0.0,9.418604651162791,3.13953488372093,1.569767441860465,0.5232558139534884,0.0,0.5232558139534884,2.0930232558139537,0.5232558139534884,0.0,0.0,9.535714285714286,40.0,33.33333333333333,33.33333333333333,6.635465116279071
argentina,Primera Division,2025,Elias Ocampo,21.0,M,Argentina,,,0,0,0.0,0.0,0.0,0.0,0.0,0,0,0,0.0,0,,,,,,,,,,,,,,,,,,,,,,,,,,,,
argentina,Primera Division,2025,Elián Giménez,21.0,M,Argentina,175.0,,24,16,1463.0,2.0,1.0,0.0,0.0,0,0,4,0.0,0,0.0,0.8612440191387559,0.18455228981544772,0.12303485987696515,0.061517429938482575,0.18455228981544772,0.12303485987696515,30.266575529733423,0.6151742993848257,2.15311004784689,0.18455228981544772,1.414900888585099,3.568010936431989,9.719753930280246,4.367737525632262,1.4764183185235817,0.9227614490772386,1.5379357484620644,0.7382091592617909,1.2303485987696514,0.2460697197539303,0.0,0.0,20.829268292682926,21.428571428571427,44.936708860759495,62.5,6.871975393028025
argentina,Primera Division,2025,Elián Irala,21.0,M,Argentina,193.0,,16,16,1148.0,0.0,0.0,0.0,0.0,0,0,5,0.0,1,0.0,0.39198606271777003,0.078397212543554,0.0,0.0,0.0,0.0,42.72648083623693,0.705574912891986,2.1167247386759582,0.156794425087108,2.4303135888501743,4.547038327526132,11.210801393728223,5.09581881533101,1.3327526132404182,0.705574912891986,1.489547038327526,1.254355400696864,1.019163763066202,0.39198606271777003,0.0,0.078397212543554,39.190825688073396,20.0,45.45454545454545,52.94117647058824,6.8150696864111495
argentina,Primera Division,2025,Elías Baez,21.0,D,Argentina,175.0,61.0,36,36,3203.0,1.0,2.0,0.0,0.0,0,0,5,0.0,0,0.0,0.44957852013737126,0.1685919450515142,0.028098657508585704,0.05619731501717141,0.0842959725257571,0.028098657508585704,31.976272244770527,0.4776771776459569,2.275991258195442,0.2528879175772713,1.4049328754292851,3.6809241336247265,10.087418045582266,5.22635029659694,1.2644395878863566,0.561973150171714,1.123946300343428,0.758663752731814,0.9834530128004995,0.1404932875429285,0.0,0.0,24.328646748681898,37.5,51.81058495821726,44.44444444444444,6.911364345925694
argentina,Primera Division,2025,Elías Brito,20.0,M,Argentina,173.0,67.0,1,0,9.0,0.0,0.0,0.0,0.0,0,0,0,0.0,0,0.0,0.0,0.0,0.0,0.0,0.0,0.0,10.0,0.0,0.0,0.0,0.0,0.0,20.0,0.0,0.0,0.0,0.0,0.0,20.0,0.0,0.0,0.0,1.0,,0.0,,6.5
argentina,Primera Division,2025 / 2026,Elías Cabrera,22.0,M,Argentina,172.0,68.0,39,33,2471.0,2.0,4.0,0.0,0.0,0,0,6,0.0,1,0.0,1.1290975313638203,0.4734925131525698,0.07284500202347229,0.14569000404694457,0.21853500607041682,0.07284500202347229,27.82679077296641,2.367462565762849,1.7118575475515987,0.03642250101173614,0.6556050182112505,2.367462565762849,11.764467826790774,5.390530149736948,1.821125050586807,0.8377175232699312,0.9469850263051396,1.566167543504654,1.1290975313638203,0.21853500607041682,0.0,0.03642250101173614,17.717277486910994,41.935483870967744,45.82043343653251,46.0,6.962687171185754
argentina,Primera Division,2025 / 2026,Elías Gómez,31.0,D,Argentina,179.0,70.0,46,44,3935.0,0.0,1.0,0.0,1.0,0,0,12,0.0,0,0.06861499364675984,0.3202033036848793,0.045743329097839895,0.0,0.022871664548919948,0.022871664548919948,0.0,41.07750952986023,0.5489199491740787,1.852604828462516,0.20584498094027953,1.0978398983481574,2.9504447268106735,10.658195679796696,5.512071156289708,2.1041931385006354,0.8233799237611181,0.8005082592121983,1.5095298602287166,1.0749682337992374,0.27445997458703936,0.0,0.0,35.49554565701559,14.285714285714285,51.716738197424895,39.130434782608695,6.816645489199492
argentina,Primera Division,2025,Elías López,25.0,D,Argentina,169.0,70.0,10,5,509.0,0.0,0.0,0.0,0.0,0,0,1,0.0,0,0.0,0.1768172888015717,0.0,0.0,0.0,0.0,0.0,31.827111984282908,0.5304518664047151,1.768172888015717,0.1768172888015717,0.3536345776031434,2.1218074656188604,6.542239685658153,3.7131630648330063,1.4145383104125735,0.7072691552062867,0.1768172888015717,0.8840864440078585,1.0609037328094302,0.1768172888015717,0.0,0.0,20.91111111111111,0.0,56.75675675675676,50.0,6.858349705304519
argentina,Primera Division,2025 / 2026,Elías Pereyra,26.0,D,Argentina,172.0,68.0,33,23,2089.0,2.0,0.0,0.0,0.0,0,0,4,0.0,0,0.0430828147438966,0.430828147438966,0.1723312589755864,0.0861656294877932,0.0,0.0861656294877932,0.0861656294877932,25.16036381043562,0.8185734801340354,1.4648157012924845,0.3446625179511728,0.861656294877932,2.3264719961704166,8.831977022498803,3.7482048827190044,1.4217328865485879,0.3446625179511728,0.8185734801340354,1.3786500718046912,1.1201531833413116,0.1723312589755864,0.0,0.0,16.39451114922813,40.0,42.4390243902439,24.242424242424242,6.724017257909875
argentina,Primera Division,2025,Elías Torres,24.0,F,Argentina,,,23,17,1557.0,6.0,2.0,0.0,0.0,2,0,5,0.0,0,0.8092485549132947,2.0809248554913293,1.1560693641618496,0.3468208092485549,0.11560693641618497,0.4624277456647399,0.23121387283236994,20.809248554913296,1.0982658959537572,1.329479768786127,0.0,0.17341040462427745,1.5028901734104048,14.913294797687863,5.491329479768786,2.7167630057803467,0.9248554913294798,0.6936416184971098,1.3872832369942196,2.138728323699422,0.2890173410404624,0.0,0.0,15.297222222222222,55.55555555555556,36.82170542635659,34.04255319148936,7.022928709055877
argentina,Primera Division,2025 / 2026,Elías Verón,18.0,D,,,,2,1,109.0,1.0,0.0,0.0,0.0,0,0,1,0.0,0,0.0,1.651376146788991,0.8256880733944955,0.8256880733944955,0.0,0.8256880733944955,0.8256880733944955,27.24770642201835,1.651376146788991,2.4770642201834865,0.0,0.8256880733944955,3.302752293577982,8.256880733944955,3.302752293577982,1.651376146788991,0.8256880733944955,0.0,0.0,0.0,0.8256880733944955,0.0,0.0,19.848484848484848,50.0,40.0,50.0,6.666055045871559
argentina,Primera Division,2025,Emanuel Aguilera,36.0,D,Argentina,187.0,83.0,17,14,1201.0,0.0,0.0,0.0,0.0,0,0,2,0.0,0,0.0,0.0749375520399667,0.0,0.0,0.0,0.0,0.0,53.355537052456285,0.0,0.4496253122398002,0.1498751040799334,0.6744379683597003,1.1240632805995003,6.59450457951707,4.271440466278102,0.0,0.0,0.4496253122398002,0.37468776019983346,0.4496253122398002,0.1498751040799334,0.0,0.0,54.36067892503536,0.0,64.77272727272727,,6.756083333333334
argentina,Primera Division,2025,Emanuel Beltrán,27.0,D,Uruguay,179.0,78.0,8,8,717.0,0.0,0.0,0.0,0.0,0,0,1,0.0,0,0.0,0.6276150627615062,0.12552301255230125,0.0,0.0,0.0,0.0,26.86192468619247,1.506276150627615,2.00836820083682,0.12552301255230125,0.8786610878661087,2.8870292887029287,7.531380753138075,3.891213389121339,1.1297071129707112,0.37656903765690375,0.7531380753138075,0.37656903765690375,0.7531380753138075,0.12552301255230125,0.0,0.0,21.205607476635514,20.0,51.66666666666667,33.33333333333333,6.878242677824267
argentina,Primera Division,2025,Emanuel Cecchini,29.0,M,Argentina,180.0,78.0,19,5,683.0,1.0,0.0,0.0,0.0,0,0,4,0.0,0,0.13177159590043924,0.7906295754026355,0.2635431918008785,0.13177159590043924,0.0,0.13177159590043924,0.13177159590043924,40.58565153733529,0.3953147877013177,2.240117130307467,0.3953147877013177,0.3953147877013177,2.635431918008785,12.650073206442167,4.743777452415813,0.6588579795021963,0.13177159590043924,1.8448023426061493,1.1859443631039532,2.635431918008785,0.527086383601757,0.0,0.0,21.873376623376622,33.33333333333333,37.5,20.0,6.6063049853372435
argentina,Primera Division,2025 / 2026,Emanuel Coronel,28.0,D,Argentina,173.0,72.0,45,37,3362.0,0.0,4.0,1.0,0.0,0,0,12,0.0,0,0.0,0.32123735871505055,0.10707911957168352,0.0,0.10707911957168352,0.10707911957168352,0.0,37.638310529446755,0.4550862581796549,2.5431290898274836,0.2944675788221297,1.5258774538964903,4.069006543723974,11.162998215348008,6.049970255800118,1.6864961332540156,0.9369422962522309,0.883402736466389,1.124330755502677,1.5258774538964903,0.32123735871505055,0.0,0.0,29.895448079658607,33.33333333333333,54.196642685851316,55.55555555555556,6.974925639500297
argentina,Primera Division,2025,Emanuel Dall'aglio,20.0,D,Argentina,182.0,74.0,0,0,0.0,0.0,0.0,0.0,0.0,0,0,0,0.0,0,,,,,,,,,,,,,,,,,,,,,,,,,,,,
argentina,Primera Division,2026,Emanuel Iñíguez,29.0,D,Argentina,177.0,74.0,2,1,62.0,0.0,0.0,0.0,0.0,0,0,0,0.0,0,0.0,0.0,0.0,0.0,0.0,0.0,0.0,30.483870967741932,0.0,5.806451612903226,0.0,1.4516129032258065,7.258064516129032,15.967741935483872,8.709677419354838,2.903225806451613,0.0,0.0,1.4516129032258065,1.4516129032258065,0.0,0.0,0.0,10.952380952380953,,54.54545454545454,0.0,6.0
argentina,Primera Division,2025 / 2026,Emanuel Mammana,29.0,D,Argentina,184.0,70.0,33,30,2628.0,0.0,0.0,0.0,0.0,0,0,3,0.0,0,0.0,0.273972602739726,0.136986301369863,0.0,0.0,0.0,0.0,46.0958904109589,0.136986301369863,1.36986301369863,0.6164383561643836,1.1643835616438356,2.5342465753424657,5.308219178082192,3.4246575342465753,0.0684931506849315,0.0684931506849315,0.2054794520547945,0.10273972602739725,0.547945205479452,0.10273972602739725,0.0,0.0,47.528231797919766,50.0,64.51612903225806,100.0,7.106509326227636
argentina,Primera Division,2025,Emanuel Reynoso,30.0,M,Argentina,170.0,68.0,21,9,843.0,0.0,1.0,0.0,0.0,0,0,0,0.0,0,0.10676156583629894,0.9608540925266904,0.42704626334519574,0.0,0.10676156583629894,0.10676156583629894,0.0,44.30604982206406,4.1637010676156585,2.6690391459074734,0.10676156583629894,0.6405693950177935,3.3096085409252667,17.402135231316723,8.007117437722421,3.629893238434164,2.562277580071174,0.8540925266903915,2.0284697508896796,2.1352313167259784,0.0,0.0,0.0,22.03855421686747,44.44444444444444,46.012269938650306,70.58823529411765,7.051957295373666
argentina,Primera Division,2025 / 2026,Emanuel Sittaro,26.0,G,Argentina,,,0,0,0.0,0.0,0.0,0.0,0.0,0,0,0,0.0,0,,,,,,,,,,,,,,,,,,,,,,,,,,,,
argentina,Primera Division,2026,Emiliano Amor,30.0,D,Argentina,190.0,80.0,15,15,1335.0,1.0,0.0,0.0,1.0,0,0,2,0.0,0,0.06741573033707865,0.20224719101123598,0.06741573033707865,0.06741573033707865,0.0,0.06741573033707865,0.06741573033707865,41.258426966292134,0.2696629213483146,0.7415730337078652,0.8089887640449439,1.8876404494382024,2.6292134831460676,7.415730337078651,4.382022471910113,0.06741573033707865,0.06741573033707865,0.20224719101123598,0.1348314606741573,0.6741573033707865,0.1348314606741573,0.0,0.0,39.35294117647059,33.33333333333333,59.09090909090909,100.0,6.8328838951310855
argentina,Primera Division,2025 / 2026,Emiliano Chiavassa,19.0,F,Argentina,,,4,0,42.0,0.0,0.0,0.0,0.0,0,0,0,0.0,0,0.0,0.0,0.0,0.0,0.0,0.0,0.0,30.0,2.142857142857143,2.142857142857143,0.0,0.0,2.142857142857143,21.428571428571427,4.285714285714286,15.0,2.142857142857143,0.0,0.0,0.0,0.0,0.0,0.0,3.923076923076923,,20.0,14.285714285714285,6.504878048780488
argentina,Primera Division,2026,Emiliano Rigoni,32.0,M,Argentina,180.0,74.0,17,17,1371.0,1.0,3.0,0.0,0.0,0,0,1,0.0,1,0.3938730853391685,0.9846827133479212,0.3938730853391685,0.06564551422319474,0.19693654266958424,0.26258205689277897,0.06564551422319474,20.61269146608315,1.2472647702407003,0.8533916849015317,0.06564551422319474,0.7221006564551423,1.575492341356674,9.649890590809628,4.2013129102844635,3.413566739606127,1.3129102844638951,0.3938730853391685,0.3938730853391685,0.9846827133479212,0.06564551422319474,0.0,0.06564551422319474,14.945859872611464,40.0,43.53741496598639,38.46153846153847,6.714077315827863
argentina,Primera Division,2025,Emiliano Rodriguez,22.0,F,Uruguay,180.0,77.0,5,0,133.0,0.0,0.0,0.0,0.0,0,0,0,0.0,0,0.6766917293233082,0.6766917293233082,0.6766917293233082,0.0,0.0,0.0,0.0,18.27067669172932,0.6766917293233082,0.0,0.6766917293233082,0.0,0.0,9.473684210526315,5.413533834586466,1.3533834586466165,0.6766917293233082,0.6766917293233082,0.6766917293233082,0.6766917293233082,0.0,0.0,0.0,3.814814814814815,100.0,57.14285714285714,50.0,6.498496240601503
argentina,Primera Division,2025 / 2026,Emiliano Viveros,23.0,M,Argentina,178.0,70.0,34,22,1738.0,2.0,1.0,0.0,0.0,0,0,2,0.0,0,0.25891829689298046,1.0874568469505177,0.4142692750287687,0.10356731875719218,0.05178365937859609,0.15535097813578824,0.10356731875719218,39.407364787111625,1.3981588032220944,1.760644418872267,0.0,0.3624856156501726,2.1231300345224398,12.531645569620252,6.006904487917145,3.0034522439585727,1.242807825086306,0.569620253164557,2.330264672036824,1.4499424626006905,0.10356731875719218,0.0,0.0,23.194480946123523,38.095238095238095,47.93388429752066,41.37931034482759,6.838306451612903
argentina,Primera Division,2025 / 2026,Emiliano Álvarez,24.0,D,Uruguay,175.0,,11,1,259.0,0.0,1.0,0.0,0.0,0,0,0,0.0,0,0.0,0.3474903474903475,0.0,0.0,0.3474903474903475,0.3474903474903475,0.0,31.27413127413128,1.0424710424710424,1.0424710424710424,0.0,0.3474903474903475,1.38996138996139,8.687258687258687,3.4749034749034746,1.7374517374517373,0.3474903474903475,0.694980694980695,1.0424710424710424,1.7374517374517373,0.0,0.0,0.0,9.777777777777779,0.0,40.0,20.0,6.724710424710426
argentina,Primera Division,2025 / 2026,Emilio Giaccone,20.0,M,Argentina,187.0,,2,0,35.0,0.0,0.0,0.0,0.0,0,0,0,0.0,0,0.0,2.571428571428571,2.571428571428571,0.0,0.0,0.0,0.0,25.71428571428571,2.571428571428571,7.714285714285714,0.0,0.0,7.714285714285714,15.428571428571429,12.857142857142856,0.0,0.0,0.0,0.0,0.0,0.0,0.0,0.0,3.4,100.0,83.33333333333334,,6.908571428571429
argentina,Primera Division,2025,Emilio Suárez,21.0,D,Argentina,188.0,,0,0,0.0,0.0,0.0,0.0,0.0,0,0,0,0.0,0,,,,,,,,,,,,,,,,,,,,,,,,,,,,
argentina,Primera Division,2026,Emmanuel Gómez Riga,24.0,G,Argentina,186.0,77.0,1,1,95.0,0.0,0.0,0.0,0.0,0,0,0,0.0,0,0.0,0.0,0.0,0.0,0.0,0.0,0.0,28.421052631578945,0.0,0.0,0.0,0.0,0.0,0.9473684210526315,0.9473684210526315,0.0,0.0,0.0,0.9473684210526315,0.0,0.0,0.0,0.0,13.0,,100.0,,6.9
argentina,Primera Division,2025 / 2026,Emmanuel Ojeda,28.0,M,Argentina,180.0,72.0,43,26,2593.0,2.0,4.0,0.0,1.0,0,0,5,0.0,0,0.034708831469340534,0.6247589664481296,0.2776706517547243,0.06941766293868107,0.13883532587736214,0.2082529888160432,0.06941766293868107,40.99112996529117,0.7983031237948323,1.7701504049363672,0.3470883146934053,1.2842267643655996,3.0543771693019672,8.434246047049749,3.92209795603548,0.8677207867335134,0.3123794832240648,0.8330119552641728,0.3470883146934053,0.7288854608561512,0.17354415734670264,0.0,0.0,32.650847457627115,44.44444444444444,46.50205761316872,36.0,6.833294663573087
argentina,Primera Division,2025,Enrique Bologna,43.0,G,Argentina,188.0,89.0,32,32,2927.0,0.0,0.0,0.0,1.0,0,0,2,0.0,0,0.0,0.0,0.0,0.0,0.0,0.0,0.0,25.336522036214557,0.061496412709258624,0.061496412709258624,0.0,0.0,0.061496412709258624,0.491971301674069,0.3997266826101811,0.0,0.0,0.061496412709258624,0.15374103177314657,0.061496412709258624,0.061496412709258624,0.0,0.0,19.70631067961165,,81.25,,7.141817560642296
argentina,Primera Division,2025,Enzo Barrionuevo,20.0,F,Argentina,176.0,70.0,2,1,53.0,0.0,0.0,0.0,0.0,0,0,0,0.0,0,0.0,0.0,0.0,0.0,0.0,0.0,0.0,13.584905660377357,1.6981132075471697,0.0,0.0,0.0,0.0,6.792452830188679,0.0,3.3962264150943393,0.0,0.0,0.0,1.6981132075471697,0.0,0.0,0.0,4.0,,0.0,0.0,6.639622641509433
argentina,Primera Division,2025 / 2026,Enzo Copetti,29.0,F,Argentina,180.0,88.0,49,27,2780.0,8.0,3.0,1.0,0.0,0,0,7,0.0,0,0.420863309352518,1.3273381294964028,0.776978417266187,0.2589928057553957,0.09712230215827337,0.35611510791366907,0.2589928057553957,20.007194244604317,0.7122302158273381,1.0035971223021583,0.06474820143884892,0.420863309352518,1.4244604316546763,11.75179856115108,5.600719424460431,0.841726618705036,0.3884892086330935,0.5827338129496402,1.5215827338129495,1.2949640287769786,0.2266187050359712,0.0,0.0,11.06829268292683,58.536585365853654,47.658402203856745,46.15384615384615,6.779567567567567
argentina,Primera Division,2025 / 2026,Enzo Giménez,27.0,M,Paraguay,177.0,70.0,41,28,2634.0,3.0,2.0,0.0,1.0,0,0,7,0.0,0,0.23917995444191342,0.9225512528473804,0.37585421412300685,0.10250569476082004,0.0683371298405467,0.17084282460136674,0.10250569476082004,37.34624145785877,0.8200455580865603,3.041002277904328,0.30751708428246016,1.3325740318906607,4.373576309794989,13.05239179954442,7.243735763097949,1.5375854214123008,0.5466970387243736,0.9567198177676537,1.674259681093394,1.5034168564920274,0.23917995444191342,0.0,0.0,33.0,40.74074074074074,55.497382198952884,35.55555555555556,6.977545592705168
argentina,Primera Division,2025 / 2026,Enzo Martínez,27.0,D,Uruguay,183.0,75.0,25,23,2109.0,3.0,0.0,0.0,0.0,0,0,7,0.0,1,0.04267425320056899,0.6401137980085349,0.21337126600284498,0.12802275960170698,0.0,0.12802275960170698,0.12802275960170698,37.9800853485064,0.12802275960170698,1.5789473684210527,0.8534850640113799,1.6216216216216217,3.2005689900426746,8.87624466571835,5.206258890469417,0.3413940256045519,0.25604551920341395,0.3413940256045519,0.5974395448079659,1.4935988620199148,0.29871977240398295,0.0,0.04267425320056899,35.301123595505615,33.33333333333333,58.65384615384615,75.0,7.094167852062589
argentina,Primera Division,2025 / 2026,Enzo Pérez,39.0,M,Argentina,177.0,71.0,32,23,1906.0,0.0,0.0,0.0,0.0,0,0,5,0.0,1,0.0,0.0,0.0,0.0,0.0,0.0,0.0,56.56873032528856,0.23609653725078697,2.974816369359916,0.0944386149003148,2.6442812172088144,5.6190975865687305,11.474291710388249,7.318992654774396,0.3305351521511018,0.1416579223504722,0.8971668415529905,1.8415529905561385,1.3693599160545646,0.23609653725078697,0.0,0.0472193074501574,45.54924874791319,,63.78600823045267,42.857142857142854,7.037769594950026
argentina,Primera Division,2025,Enzo Roldán,25.0,M,Argentina,,,7,0,112.0,0.0,0.0,0.0,0.0,0,0,0,0.0,0,0.0,0.0,0.0,0.0,0.0,0.0,0.0,26.517857142857142,0.0,1.607142857142857,0.8035714285714285,1.607142857142857,3.214285714285714,21.696428571428573,10.446428571428571,4.017857142857143,1.607142857142857,0.8035714285714285,3.214285714285714,2.4107142857142856,0.0,0.0,0.0,4.696969696969697,,48.148148148148145,40.0,6.5928571428571425
argentina,Primera Division,2025 / 2026,Enzo Taborda,20.0,F,Argentina,,,9,2,334.0,0.0,0.0,0.0,0.0,0,0,0,0.0,0,0.2694610778443114,1.8862275449101795,0.0,0.0,0.0,0.0,0.0,20.20958083832335,0.2694610778443114,1.8862275449101795,0.0,0.2694610778443114,2.155688622754491,14.011976047904191,6.4670658682634725,5.119760479041916,2.694610778443114,0.5389221556886228,1.347305389221557,1.347305389221557,0.0,0.0,0.0,10.013333333333334,0.0,46.15384615384615,52.63157894736842,6.629940119760479
argentina,Primera Division,2025 / 2026,Eric Meza,26.0,D,Argentina,175.0,73.0,36,30,2550.0,1.0,1.0,0.0,0.0,0,0,11,0.0,0,0.0,0.7058823529411764,0.31764705882352945,0.03529411764705882,0.03529411764705882,0.07058823529411765,0.03529411764705882,31.905882352941177,1.2000000000000002,2.1176470588235294,0.10588235294117646,0.8117647058823529,2.929411764705882,9.105882352941176,4.588235294117647,2.5058823529411764,1.4470588235294117,0.8823529411764706,0.6705882352941177,1.3411764705882354,0.388235294117647,0.0,0.0,24.283185840707965,45.0,50.3875968992248,57.74647887323944,6.825450980392158
argentina,Primera Division,2025,Eric Ramírez,27.0,F,Venezuela,190.0,85.0,7,2,233.0,0.0,0.0,0.0,0.0,0,0,0,0.0,0,0.38626609442060084,1.1587982832618027,0.38626609442060084,0.0,0.0,0.0,0.0,15.836909871244636,0.7725321888412017,1.1587982832618027,0.0,0.38626609442060084,1.5450643776824033,13.905579399141633,5.021459227467812,0.38626609442060084,0.0,0.38626609442060084,1.1587982832618027,3.4763948497854082,0.0,0.0,0.0,6.121951219512195,33.33333333333333,36.11111111111111,0.0,6.721030042918455
argentina,Primera Division,2025 / 2026,Eric Ramírez,29.0,F,Argentina,170.0,64.0,40,20,1735.0,5.0,2.0,1.0,0.0,1,0,6,0.0,1,1.4524495677233429,2.6455331412103744,1.244956772334294,0.25936599423631124,0.1037463976945245,0.3631123919308357,0.207492795389049,14.109510086455332,0.5706051873198847,1.0893371757925072,0.05187319884726225,0.1037463976945245,1.1930835734870318,14.161383285302595,5.031700288184438,0.9855907780979827,0.25936599423631124,0.7262247838616714,1.6080691642651297,2.3342939481268012,0.3112391930835735,0.0,0.05187319884726225,6.477777777777778,47.05882352941176,35.53113553113553,26.31578947368421,6.7711149624494515
argentina,Primera Division,2025,Eric Tovo,33.0,D,Argentina,190.0,,4,3,200.0,0.0,0.0,0.0,0.0,0,0,0,0.0,0,0.45,0.45,0.0,0.0,0.0,0.0,0.0,11.700000000000001,0.0,0.45,0.0,2.6999999999999997,3.1500000000000004,5.8500000000000005,4.05,0.0,0.0,0.0,0.0,0.0,0.0,0.0,0.0,3.269230769230769,0.0,69.23076923076923,,6.853
argentina,Primera Division,2025 / 2026,Erik Godoy,32.0,D,Argentina,185.0,79.0,47,40,3706.0,2.0,1.0,0.0,2.0,0,0,9,0.0,0,0.024284943335132217,0.36427415002698327,0.12142471667566108,0.048569886670264434,0.024284943335132217,0.07285483000539665,0.048569886670264434,53.88828926065839,0.12142471667566108,0.995682676740421,0.4371289800323799,1.0685375067458176,2.064220183486239,7.164058283864004,4.0070156502968155,0.07285483000539665,0.07285483000539665,0.4371289800323799,0.46141392336751214,0.995682676740421,0.21856449001618994,0.0,0.0,51.919260261614795,33.33333333333333,55.932203389830505,100.0,6.9511483382869494
argentina,Primera Division,2026,Eros Mancuso,26.0,D,Argentina,173.0,73.0,15,7,829.0,0.0,0.0,0.0,0.0,0,0,4,0.0,0,0.32569360675512665,0.6513872135102533,0.32569360675512665,0.0,0.0,0.0,0.0,40.71170084439083,0.8685162846803377,1.95416164053076,0.43425814234016885,0.7599517490952955,2.7141133896260556,8.576598311218335,4.559710494571774,0.97708082026538,0.32569360675512665,0.7599517490952955,1.4113389626055488,0.97708082026538,0.43425814234016885,0.0,0.0,32.48533333333334,50.0,53.16455696202531,33.33333333333333,6.868516284680338
argentina,Primera Division,2025,Esteban Burgos,33.0,D,Argentina,190.0,80.0,12,10,901.0,0.0,0.0,0.0,0.0,0,0,2,0.0,0,0.09988901220865705,0.3995560488346282,0.09988901220865705,0.0,0.0,0.0,0.0,38.3573806881243,0.09988901220865705,0.9988901220865705,0.6992230854605994,0.9988901220865705,1.997780244173141,5.893451720310766,3.795782463928968,0.1997780244173141,0.09988901220865705,0.0,0.2996670366259711,0.49944506104328523,0.1997780244173141,0.0,0.0,34.098958333333336,25.0,64.40677966101694,50.0,7.088013318534961
argentina,Primera Division,2026,Esteban Fernández,23.0,M,Argentina,172.0,60.0,9,6,400.0,0.0,0.0,0.0,0.0,0,0,3,0.0,0,0.225,0.225,0.0,0.0,0.0,0.0,0.0,33.75,1.5750000000000002,1.5750000000000002,0.0,0.6749999999999999,2.25,13.95,6.5249999999999995,3.1500000000000004,2.025,1.8,2.475,1.125,0.6749999999999999,0.0,0.0,20.68,0.0,46.774193548387096,64.28571428571429,6.687250000000001
argentina,Primera Division,2025 / 2026,Esteban Lucero,20.0,D,Argentina,179.0,77.0,10,5,526.0,0.0,0.0,0.0,0.0,0,0,2,0.0,0,0.0,0.34220532319391633,0.0,0.0,0.0,0.0,0.0,26.34980988593156,0.6844106463878327,1.7110266159695817,0.6844106463878327,1.0266159695817492,2.7376425855513307,9.923954372623575,5.475285171102661,1.5399239543726235,0.8555133079847909,1.0266159695817492,0.6844106463878327,0.6844106463878327,0.34220532319391633,0.0,0.0,18.863636363636363,0.0,55.172413793103445,55.55555555555556,6.729423076923077
argentina,Primera Division,2026,Esteban Rolón,30.0,M,Argentina,175.0,70.0,14,11,848.0,0.0,0.0,0.0,0.0,0,0,6,0.0,0,0.1061320754716981,0.5306603773584906,0.2122641509433962,0.0,0.0,0.0,0.0,30.45990566037736,1.5919811320754718,2.759433962264151,0.4245283018867924,0.8490566037735848,3.6084905660377355,10.825471698113208,5.625,1.3797169811320755,0.8490566037735848,1.0613207547169812,0.31839622641509435,1.4858490566037736,0.6367924528301887,0.0,0.0,16.83623693379791,40.0,51.9607843137255,61.53846153846154,6.815230224321134
argentina,Primera Division,2026,Eugenio Raggio,24.0,D,Argentina,,,8,8,742.0,0.0,0.0,0.0,0.0,0,0,2,0.0,0,0.0,0.12129380053908356,0.0,0.0,0.0,0.0,0.0,36.509433962264154,0.0,0.9703504043126685,0.8490566037735848,1.4555256064690028,2.4258760107816713,6.671159029649596,4.8517520215633425,0.24258760107816713,0.24258760107816713,0.48517520215633425,0.9703504043126685,0.3638814016172507,0.24258760107816713,0.0,0.0,36.2890365448505,0.0,72.72727272727273,100.0,7.045822102425876
argentina,Primera Division,2025,Evaristo Dieguiz,20.0,G,Argentina,194.0,94.0,0,0,0.0,0.0,0.0,0.0,0.0,0,0,0,0.0,0,,,,,,,,,,,,,,,,,,,,,,,,,,,,
argentina,Primera Division,2025 / 2026,Exequiel Zeballos,23.0,F,Argentina,175.0,68.0,38,17,1876.0,6.0,6.0,1.0,1.0,0,1,2,0.0,0,0.5277185501066098,1.8230277185501067,1.103411513859275,0.2878464818763326,0.2878464818763326,0.5756929637526652,0.2878464818763326,21.684434968017058,1.3432835820895521,1.103411513859275,0.0,0.09594882729211088,1.1993603411513858,11.417910447761194,5.900852878464819,4.653518123667377,2.5426439232409384,0.5277185501066098,1.9669509594882728,0.9115138592750534,0.09594882729211088,0.0,0.0,14.130820399113082,60.526315789473685,51.68067226890757,54.63917525773196,7.11392
argentina,Primera Division,2025 / 2026,Ezequiel Bonifacio,31.0,D,Argentina,169.0,69.0,23,14,1127.0,0.0,1.0,0.0,0.0,0,0,3,0.0,0,0.3194321206743567,0.479148181011535,0.0,0.0,0.07985803016858918,0.07985803016858918,0.0,23.398402839396628,0.7985803016858918,2.2360248447204967,0.15971606033717836,1.0381543921916594,3.2741792369121563,9.023957409050578,4.392191659272405,0.3992901508429459,0.2395740905057675,0.6388642413487134,0.6388642413487134,1.9964507542147294,0.2395740905057675,0.0,0.0,14.03754266211604,0.0,48.67256637168141,60.0,6.68914590747331
argentina,Primera Division,2025 / 2026,Ezequiel Cannavo,23.0,D,Argentina,181.0,69.0,39,38,3295.0,1.0,1.0,0.0,0.0,0,0,5,0.0,0,0.054628224582701064,0.5189681335356601,0.10925644916540213,0.027314112291350532,0.027314112291350532,0.054628224582701064,0.027314112291350532,28.89833080424886,0.4916540212443095,3.0591805766312596,0.4370257966616085,1.0106221547799696,4.0698027314112295,11.499241274658575,6.336874051593323,1.8027314112291353,0.6009104704097117,0.7101669195751137,1.2837632776934749,1.2291350531107739,0.13657056145675267,0.0,0.0,25.032136105860115,21.052631578947366,55.10688836104512,33.33333333333333,7.030045523520486
argentina,Primera Division,2025,Ezequiel Cañete,26.0,M,Argentina,175.0,74.0,2,0,44.0,0.0,0.0,0.0,0.0,0,0,0,0.0,0,0.0,0.0,0.0,0.0,0.0,0.0,0.0,42.95454545454545,0.0,6.136363636363636,0.0,0.0,6.136363636363636,28.636363636363637,6.136363636363636,0.0,0.0,4.090909090909091,0.0,10.227272727272727,0.0,0.0,0.0,10.285714285714286,,21.428571428571427,,6.2681818181818185
argentina,Primera Division,2025 / 2026,Ezequiel Centurión,28.0,G,Argentina,183.0,77.0,30,30,2746.0,0.0,0.0,0.0,1.0,0,0,3,0.0,0,0.0,0.0,0.0,0.0,0.0,0.0,0.0,24.679533867443553,0.03277494537509104,0.03277494537509104,0.0,0.0,0.03277494537509104,0.3277494537509104,0.19664967225054625,0.0,0.0,0.03277494537509104,0.09832483612527312,0.03277494537509104,0.09832483612527312,0.0,0.0,13.53784860557769,,60.0,,7.076219956300073
argentina,Primera Division,2025 / 2026,Ezequiel Cerutti,33.0,F,Argentina,179.0,75.0,38,31,2467.0,1.0,3.0,1.0,0.0,0,0,12,0.0,0,0.25537089582488853,0.8755573571139036,0.4377786785569518,0.03648155654641265,0.10944466963923795,0.1459262261856506,0.03648155654641265,24.29671665991082,1.2768544791244427,0.9485204702067288,0.03648155654641265,0.25537089582488853,1.2038913660316173,8.901499797324686,4.341305229023105,1.4227807053100934,0.5472233481961897,0.620186461289015,2.590190514795298,1.5687069314957438,0.4377786785569518,0.0,0.0,16.13813813813814,50.0,48.77049180327869,38.46153846153847,6.76092419943251
argentina,Primera Division,2026,Ezequiel Forclaz,22.0,M,Argentina,175.0,57.0,4,0,89.0,0.0,0.0,0.0,1.0,0,0,1,0.0,0,0.0,1.0112359550561798,0.0,0.0,0.0,0.0,0.0,15.168539325842696,1.0112359550561798,2.0224719101123596,0.0,0.0,2.0224719101123596,13.146067415730336,4.044943820224719,3.033707865168539,1.0112359550561798,0.0,1.0112359550561798,3.033707865168539,1.0112359550561798,0.0,0.0,3.0,0.0,30.76923076923077,33.33333333333333,6.31123595505618
argentina,Primera Division,2025 / 2026,Ezequiel Ham,31.0,M,Argentina,173.0,70.0,30,18,1597.0,1.0,2.0,0.0,0.0,0,0,4,0.0,0,0.0,1.1834690043832186,0.45084533500313084,0.056355666875391355,0.11271133375078271,0.16906700062617408,0.056355666875391355,44.182842830306825,1.6906700062617406,1.0707576706324358,0.11271133375078271,0.8453350031308703,1.9160926737633062,4.959298685034439,1.8597370068879149,0.788979336255479,0.33813400125234816,1.0144020037570445,0.28177833437695676,0.45084533500313084,0.22542266750156542,0.0,0.0,29.75,38.095238095238095,37.5,42.857142857142854,6.908140262993111
argentina,Primera Division,2025 / 2026,Ezequiel Herrera,22.0,D,Argentina,180.0,76.0,48,43,3971.0,1.0,1.0,0.0,0.0,0,0,13,0.0,0,0.022664316293125156,0.2719717955175019,0.04532863258625031,0.022664316293125156,0.022664316293125156,0.04532863258625031,0.022664316293125156,29.236968018131453,0.45328632586250317,1.903802568622513,0.2719717955175019,1.1332158146562579,3.037018383278771,8.499118609921934,4.804835054142534,1.3825232938806347,0.8839083354318812,0.6799294887937547,1.0878871820700076,0.9745656006043818,0.29463611181062704,0.0,0.0,25.087596899224806,16.666666666666664,56.53333333333334,63.934426229508205,6.856732223903177
argentina,Primera Division,2025,Ezequiel Montagna,31.0,F,Argentina,180.0,79.0,4,2,182.0,0.0,0.0,0.0,0.0,0,0,0,0.0,0,0.4945054945054945,0.0,0.0,0.0,0.0,0.0,0.0,25.21978021978022,0.989010989010989,0.4945054945054945,0.0,0.4945054945054945,0.989010989010989,12.362637362637363,2.967032967032967,0.989010989010989,0.4945054945054945,1.4835164835164836,0.989010989010989,0.4945054945054945,0.0,0.0,0.0,15.686274509803921,,24.0,50.0,6.508241758241758
argentina,Primera Division,2025 / 2026,Ezequiel Muñoz,35.0,D,Argentina,185.0,78.0,32,27,2457.0,2.0,1.0,1.0,0.0,0,0,2,0.0,0,0.07326007326007326,0.40293040293040294,0.10989010989010989,0.07326007326007326,0.03663003663003663,0.10989010989010989,0.07326007326007326,37.43589743589744,0.03663003663003663,0.9523809523809523,0.9157509157509157,1.7582417582417582,2.7106227106227108,7.655677655677655,4.981684981684982,0.0,0.0,0.21978021978021978,0.3663003663003663,0.6227106227106227,0.07326007326007326,0.0,0.0,37.384916748285995,27.27272727272727,65.07177033492823,,7.084496124031007
argentina,Primera Division,2026,Ezequiel Naya,24.0,F,Argentina,191.0,88.0,11,9,661.0,2.0,0.0,0.0,0.0,0,0,1,0.0,0,0.0,1.0892586989409985,0.9531013615733737,0.2723146747352496,0.0,0.2723146747352496,0.2723146747352496,16.74735249621785,0.5446293494704992,0.2723146747352496,0.1361573373676248,0.1361573373676248,0.4084720121028744,12.39031770045386,5.446293494704992,0.8169440242057489,0.4084720121028744,0.8169440242057489,2.042360060514372,1.497730711043873,0.1361573373676248,0.0,0.0,9.270491803278688,87.5,43.956043956043956,50.0,6.664696969696969
argentina,Primera Division,2025 / 2026,Ezequiel Piovi,33.0,M,Argentina,168.0,70.0,34,27,2404.0,0.0,1.0,0.0,0.0,0,0,9,0.0,0,0.0,0.5990016638935108,0.26206322795341097,0.0,0.03743760399334443,0.03743760399334443,0.0,49.118136439267886,0.48668885191347755,2.5831946755407653,0.2995008319467554,0.8610648918469218,3.4442595673876872,8.535773710482529,4.267886855241264,0.7861896838602329,0.37437603993344426,0.6364392678868552,0.7113144758735441,1.4226289517470883,0.33693843594009987,0.0,0.0,40.99618902439025,43.75,50.0,47.61904761904761,6.945133111480865
argentina,Primera Division,2026,Ezequiel Pérez,17.0,M,,,,1,0,12.0,0.0,0.0,0.0,0.0,0,0,0,0.0,0,0.0,0.0,0.0,0.0,0.0,0.0,0.0,30.0,0.0,0.0,0.0,0.0,0.0,0.0,0.0,0.0,0.0,0.0,0.0,0.0,0.0,0.0,0.0,4.0,,,,6.7
argentina,Primera Division,2025,Ezequiel Tejada,20.0,M,Argentina,175.0,70.0,0,0,0.0,0.0,0.0,0.0,0.0,0,0,0,0.0,0,,,,,,,,,,,,,,,,,,,,,,,,,,,,
argentina,Primera Division,2025 / 2026,Ezequil Godoy,22.0,M,Argentina,172.0,69.0,1,0,8.0,0.0,0.0,0.0,0.0,0,0,0,0.0,0,0.0,0.0,0.0,0.0,0.0,0.0,0.0,0.0,0.0,11.25,0.0,0.0,11.25,11.25,11.25,0.0,0.0,0.0,0.0,0.0,0.0,0.0,0.0,,,100.0,,6.6
argentina,Primera Division,2025 / 2026,Fabio Pereyra,35.0,D,Argentina,185.0,76.0,52,51,4605.0,2.0,0.0,0.0,3.0,0,0,12,0.0,2,0.0,0.5667752442996743,0.19543973941368079,0.03908794788273616,0.0,0.03908794788273616,0.03908794788273616,37.99348534201954,0.11726384364820848,0.996742671009772,0.723127035830619,1.0358306188925082,2.03257328990228,8.677524429967427,5.394136807817589,0.1758957654723127,0.07817589576547232,0.4104234527687296,0.5472312703583062,0.723127035830619,0.23452768729641696,0.0,0.03908794788273616,34.92746913580247,34.48275862068966,62.16216216216216,44.44444444444444,6.992508143322476
argentina,Primera Division,2025 / 2026,Fabián Noguera,32.0,D,Argentina,193.0,97.0,6,4,429.0,0.0,0.0,0.0,0.0,0,0,1,0.0,0,0.2097902097902098,0.0,0.0,0.0,0.0,0.0,0.0,24.125874125874127,0.0,1.2587412587412588,1.2587412587412588,0.4195804195804196,1.6783216783216783,9.65034965034965,5.664335664335665,0.0,0.0,0.0,0.0,1.048951048951049,0.2097902097902098,0.0,0.0,24.48695652173913,,58.69565217391305,,6.525407925407926
argentina,Primera Division,2025,Fabricio Acosta,21.0,D,Argentina,173.0,75.0,0,0,0.0,0.0,0.0,0.0,0.0,0,0,0,0.0,0,,,,,,,,,,,,,,,,,,,,,,,,,,,,
argentina,Primera Division,2025,Fabricio Amato,21.0,M,Argentina,,76.0,1,0,26.0,0.0,0.0,0.0,1.0,0,0,0,0.0,0,0.0,0.0,0.0,0.0,0.0,0.0,0.0,13.846153846153847,0.0,6.923076923076923,0.0,3.4615384615384617,10.384615384615385,17.30769230769231,6.923076923076923,0.0,0.0,0.0,0.0,3.4615384615384617,0.0,0.0,0.0,4.0,,40.0,,6.299999999999999
argentina,Primera Division,2025 / 2026,Fabricio Bustos,29.0,D,Argentina,168.0,70.0,23,17,1623.0,0.0,0.0,0.0,0.0,0,0,3,0.0,0,0.16635859519408502,0.6099815157116452,0.22181146025878004,0.0,0.0,0.0,0.0,49.685767097966725,0.8317929759704252,1.8853974121996304,0.11090573012939002,0.7763401109057301,2.6617375231053604,6.654343807763402,3.2717190388170057,1.0536044362292052,0.22181146025878004,0.33271719038817005,0.6099815157116452,1.0536044362292052,0.16635859519408502,0.0,0.0,37.159598214285715,36.36363636363637,49.166666666666664,21.052631578947366,6.674106041923551
argentina,Primera Division,2025,Fabricio Corbalan,22.0,D,Argentina,180.0,,13,7,578.0,0.0,0.0,0.0,0.0,0,0,3,0.0,1,0.0,0.4671280276816609,0.0,0.0,0.0,0.0,0.0,28.65051903114187,0.6228373702422145,2.3356401384083045,0.6228373702422145,0.4671280276816609,2.8027681660899653,10.7439446366782,5.13840830449827,3.2698961937716264,1.8685121107266436,0.7785467128027682,0.6228373702422145,1.4013840830449826,0.4671280276816609,0.0,0.15570934256055363,13.891304347826088,0.0,47.82608695652174,57.14285714285714,6.516984402079723
argentina,Primera Division,2025 / 2026,Fabricio Iacovich,23.0,G,Argentina,197.0,85.0,7,6,604.0,0.0,0.0,0.0,0.0,0,0,0,0.0,0,0.0,0.0,0.0,0.0,0.0,0.0,0.0,19.817880794701985,0.0,0.1490066225165563,0.0,0.0,0.1490066225165563,0.4470198675496689,0.2980132450331126,0.0,0.0,0.1490066225165563,0.1490066225165563,0.0,0.0,0.0,0.0,14.781954887218046,,66.66666666666666,,7.398675496688742
argentina,Primera Division,2025 / 2026,Fabricio López,23.0,D,Argentina,,,18,12,1185.0,1.0,0.0,0.0,0.0,0,0,4,0.0,0,0.0759493670886076,0.7594936708860759,0.22784810126582278,0.0759493670886076,0.0,0.0759493670886076,0.0759493670886076,25.594936708860757,0.3037974683544304,2.6582278481012658,0.37974683544303794,1.5189873417721518,4.177215189873418,12.30379746835443,5.772151898734177,2.1265822784810124,0.9873417721518988,0.8354430379746836,0.5316455696202531,1.8227848101265822,0.3037974683544304,0.0,0.0,17.235119047619047,30.0,46.913580246913575,46.42857142857143,6.623817567567568
argentina,Primera Division,2025 / 2026,Fabricio Oviedo,21.0,F,Argentina,175.0,71.0,4,1,86.0,0.0,0.0,0.0,0.0,0,0,0,0.0,0,2.0930232558139537,1.0465116279069768,1.0465116279069768,0.0,0.0,0.0,0.0,13.604651162790697,1.0465116279069768,2.0930232558139537,0.0,0.0,2.0930232558139537,14.651162790697676,7.325581395348838,0.0,0.0,0.0,5.232558139534883,3.13953488372093,0.0,0.0,0.0,8.615384615384615,100.0,50.0,,6.685897435897436
argentina,Primera Division,2025 / 2026,Fabricio Pérez,20.0,F,Argentina,180.0,75.0,27,17,1336.0,4.0,1.0,0.0,2.0,0,0,3,0.0,0,0.0,1.5494011976047906,0.7410179640718564,0.2694610778443114,0.06736526946107785,0.33682634730538924,0.2694610778443114,22.904191616766468,1.1452095808383234,1.8862275449101795,0.06736526946107785,0.8083832335329341,2.694610778443114,12.327844311377246,5.254491017964072,3.907185628742515,1.2125748502994012,0.4715568862275449,1.4146706586826348,1.4146706586826348,0.20209580838323352,0.0,0.0,14.485294117647058,47.82608695652174,42.62295081967213,31.03448275862069,6.9644943820224725
argentina,Primera Division,2025,Fabricio Tirado,21.0,M,Argentina,170.0,69.0,2,0,73.0,0.0,0.0,0.0,0.0,0,0,0,0.0,0,0.0,2.4657534246575343,1.2328767123287672,0.0,0.0,0.0,0.0,45.61643835616439,2.4657534246575343,2.4657534246575343,0.0,0.0,2.4657534246575343,4.931506849315069,3.698630136986301,0.0,0.0,1.2328767123287672,1.2328767123287672,0.0,0.0,0.0,0.0,21.45945945945946,50.0,75.0,,7.154794520547944
argentina,Primera Division,2025 / 2026,Fabrizio Sartori Prieto,23.0,F,Argentina,178.0,80.0,45,28,2543.0,12.0,0.0,0.0,0.0,0,0,3,0.0,0,0.4600865119937082,1.3802595359811245,0.9201730239874164,0.42469524184034607,0.0,0.42469524184034607,0.42469524184034607,13.342508847817538,0.7078254030672434,0.5308690523004326,0.03539127015336217,0.07078254030672435,0.601651592607157,12.139205662603224,3.822257176563114,1.8049547778214707,0.7078254030672434,0.7786079433739678,0.81399921352733,1.3094769956744003,0.10617381046008652,0.0,0.0,8.178191489361701,66.66666666666666,31.486880466472307,39.21568627450981,6.642648797792669
argentina,Primera Division,2025 / 2026,Facunda Sánchez,20.0,D,Argentina,173.0,75.0,9,4,328.0,0.0,0.0,0.0,0.0,0,0,0,0.0,0,0.0,0.5487804878048781,0.27439024390243905,0.0,0.0,0.0,0.0,43.353658536585364,0.5487804878048781,1.371951219512195,0.0,1.371951219512195,2.74390243902439,6.585365853658536,2.1951219512195124,0.27439024390243905,0.0,1.0975609756097562,0.0,1.646341463414634,0.0,0.0,0.0,23.40506329113924,50.0,33.33333333333333,0.0,6.721003134796239
argentina,Primera Division,2026,Facundo Alaggia,20.0,M,,,,4,0,59.0,0.0,0.0,0.0,0.0,0,0,0,0.0,0,0.0,1.5254237288135593,1.5254237288135593,0.0,0.0,0.0,0.0,16.779661016949152,1.5254237288135593,3.0508474576271185,0.0,0.0,3.0508474576271185,18.305084745762713,7.627118644067796,0.0,0.0,1.5254237288135593,3.0508474576271185,0.0,0.0,0.0,0.0,6.909090909090909,100.0,41.66666666666667,,6.694827586206896
argentina,Primera Division,2025 / 2026,Facundo Altamira,24.0,F,Argentina,183.0,76.0,30,19,1622.0,2.0,0.0,1.0,0.0,0,0,4,0.0,0,0.11097410604192355,0.9987669543773119,0.4438964241676942,0.11097410604192355,0.0,0.11097410604192355,0.11097410604192355,17.478421701602958,0.9432799013563502,1.276202219482121,0.11097410604192355,0.4438964241676942,1.720098643649815,14.315659679408137,6.769420468557336,4.771886559802713,2.996300863131936,0.7768187422934648,1.0542540073982738,1.5536374845869296,0.2219482120838471,0.0,0.0,10.815873015873017,44.44444444444444,47.286821705426355,62.7906976744186,6.76652281134402
argentina,Primera Division,2025 / 2026,Facundo Altamirano,29.0,G,Argentina,185.0,78.0,2,2,180.0,0.0,0.0,0.0,0.0,0,0,0,0.0,0,0.0,0.0,0.0,0.0,0.0,0.0,0.0,24.0,0.0,0.0,0.0,0.0,0.0,1.0,1.0,0.0,0.0,0.0,1.0,0.0,0.0,0.0,0.0,9.0,,100.0,,6.85
argentina,Primera Division,2025,Facundo Ardiles,27.0,D,Argentina,182.0,,1,0,45.0,0.0,0.0,0.0,0.0,0,0,0,0.0,0,0.0,0.0,0.0,0.0,0.0,0.0,0.0,28.0,2.0,4.0,0.0,0.0,4.0,8.0,4.0,0.0,0.0,2.0,0.0,0.0,0.0,0.0,0.0,10.0,,50.0,,6.3
argentina,Primera Division,2025 / 2026,Facundo Bruera,27.0,F,Argentina,194.0,92.0,49,28,3005.0,11.0,7.0,1.0,0.0,0,0,13,0.0,0,0.3594009983361065,1.9168053244592347,1.0183028286189684,0.32945091514143093,0.20965058236272877,0.5391014975041597,0.32945091514143093,20.126455906821963,1.2579034941763727,0.9284525790349417,0.26955074875207985,0.20965058236272877,1.1381031613976704,21.14475873544093,8.925124792013312,1.0482529118136439,0.23960066555740434,0.5690515806988352,1.1980033277870217,2.995008319467554,0.3893510815307821,0.0,0.0,10.710447761194029,53.125,42.20963172804532,22.857142857142858,6.7596339434276205
argentina,Primera Division,2025 / 2026,Facundo Cambeses,28.0,G,Argentina,185.0,78.0,38,36,3461.0,0.0,1.0,0.0,0.0,0,0,3,0.0,0,0.0,0.0,0.0,0.0,0.02600404507367813,0.02600404507367813,0.0,29.852643744582487,0.15602427044206876,0.05200809014735626,0.0,0.0,0.05200809014735626,0.5720889916209189,0.5460849465472407,0.02600404507367813,0.02600404507367813,0.02600404507367813,0.20803236058942504,0.0,0.07801213522103438,0.0,0.0,21.770905923344948,,95.45454545454545,100.0,7.230395839352789
argentina,Primera Division,2025 / 2026,Facundo Carrizo,18.0,D,,,,3,0,28.0,0.0,0.0,0.0,0.0,0,0,0,0.0,0,0.0,0.0,0.0,0.0,0.0,0.0,0.0,57.85714285714286,6.428571428571428,0.0,0.0,3.214285714285714,3.214285714285714,16.071428571428573,3.214285714285714,6.428571428571428,3.214285714285714,9.642857142857142,0.0,0.0,0.0,0.0,0.0,6.277777777777778,,20.0,50.0,6.525000000000001
argentina,Primera Division,2026,Facundo Cobos,32.0,D,Argentina,178.0,72.0,8,6,568.0,1.0,0.0,0.0,1.0,0,0,0,0.0,0,0.0,0.4753521126760563,0.31690140845070425,0.15845070422535212,0.0,0.15845070422535212,0.15845070422535212,29.947183098591548,1.1091549295774648,3.01056338028169,0.31690140845070425,1.267605633802817,4.278169014084507,9.03169014084507,5.862676056338028,1.426056338028169,0.6338028169014085,0.4753521126760563,1.1091549295774648,0.7922535211267606,0.0,0.0,0.0,19.825396825396826,66.66666666666666,64.91228070175438,44.44444444444444,6.905985915492957
argentina,Primera Division,2025 / 2026,Facundo Colidio,25.0,F,Argentina,182.0,68.0,44,37,2845.0,11.0,5.0,0.0,0.0,1,0,6,0.0,1,0.15817223198594024,1.803163444639719,0.9806678383128296,0.34797891036906853,0.15817223198594024,0.5061511423550088,0.3163444639718805,27.71177504393673,1.5184534270650265,1.0755711775043937,0.0,0.1265377855887522,1.2021089630931459,12.875219683655535,5.725834797891037,3.353251318101933,1.0123022847100176,0.47451669595782076,2.657293497363796,1.0439367311072056,0.1898066783831283,0.0,0.03163444639718805,19.226027397260275,54.385964912280706,44.47174447174447,30.18867924528302,6.963642756680731
argentina,Primera Division,2025 / 2026,Facundo De La Vega,22.0,F,Argentina,,,14,8,646.0,0.0,1.0,0.0,0.0,0,0,3,0.0,0,0.4179566563467492,1.5325077399380804,0.6965944272445821,0.0,0.1393188854489164,0.1393188854489164,0.0,13.653250773993808,0.9752321981424149,1.1145510835913313,0.1393188854489164,0.0,1.1145510835913313,17.414860681114554,6.965944272445821,1.671826625386997,0.5572755417956656,0.5572755417956656,0.6965944272445821,2.6470588235294117,0.4179566563467492,0.0,0.0,5.8522727272727275,45.45454545454545,40.0,33.33333333333333,6.518266253869969
argentina,Primera Division,2025,Facundo Di Biasi,20.0,M,Argentina,,,17,13,1096.0,0.0,0.0,0.0,0.0,0,0,6,0.0,0,0.0,0.5748175182481752,0.08211678832116788,0.0,0.0,0.0,0.0,41.63321167883212,0.739051094890511,1.7244525547445255,0.5748175182481752,1.2317518248175183,2.956204379562044,9.361313868613138,4.516423357664234,1.395985401459854,0.8211678832116788,0.8211678832116788,0.739051094890511,1.8886861313868613,0.4927007299270073,0.0,0.0,39.69960474308301,14.285714285714285,48.24561403508772,58.82352941176471,7.00348623853211
argentina,Primera Division,2025 / 2026,Facundo Farías,23.0,M,Argentina,175.0,69.0,33,12,1231.0,0.0,2.0,0.0,0.0,0,0,5,0.0,0,0.1462225832656377,1.4622258326563768,0.4386677497969131,0.0,0.1462225832656377,0.1462225832656377,0.0,29.68318440292445,1.1697806661251016,0.8773354995938262,0.0,0.2924451665312754,1.1697806661251016,13.598700243704306,5.117790414297319,3.9480097481722174,1.7546709991876523,0.511779041429732,2.2664500406173844,1.7546709991876523,0.3655564581640942,0.0,0.0,14.733990147783251,30.0,37.634408602150536,44.44444444444444,6.5179528838342815
argentina,Primera Division,2026,Facundo Gallardo,20.0,F,,,,4,2,163.0,0.0,0.0,0.0,0.0,0,0,0,0.0,0,0.0,1.1042944785276074,1.1042944785276074,0.0,0.0,0.0,0.0,17.116564417177916,0.5521472392638037,0.0,0.0,0.0,0.0,9.386503067484663,2.208588957055215,2.7607361963190185,0.5521472392638037,0.0,1.6564417177914113,0.0,0.0,0.0,0.0,4.741935483870968,100.0,23.52941176470588,20.0,6.387116564417178
argentina,Primera Division,2025 / 2026,Facundo Gauch,18.0,M,Argentina,169.0,,24,18,1481.0,3.0,1.0,0.0,0.0,0,0,4,0.0,0,0.06076975016880486,0.9723160027008778,0.5469277515192438,0.18230925050641458,0.06076975016880486,0.24307900067521945,0.18230925050641458,23.092505064145847,1.1546252532072925,1.9446320054017556,0.06076975016880486,0.36461850101282917,2.309250506414585,11.850101282916947,5.773126266036462,4.436191762322755,1.7015530047265361,0.9723160027008778,1.8838622552329507,0.6076975016880486,0.24307900067521945,0.0,0.0,16.85,56.25,48.717948717948715,38.35616438356164,6.873328831870357
argentina,Primera Division,2025,Facundo González,,D,,,,0,0,0.0,0.0,0.0,0.0,0.0,0,0,0,0.0,0,,,,,,,,,,,,,,,,,,,,,,,,,,,,
argentina,Primera Division,2025 / 2026,Facundo González,19.0,D,,,,2,1,107.0,0.0,0.0,0.0,0.0,0,0,0,0.0,0,0.0,0.8411214953271028,0.0,0.0,0.0,0.0,0.0,37.850467289719624,0.0,4.205607476635514,0.0,3.364485981308411,7.5700934579439245,13.457943925233645,7.5700934579439245,0.8411214953271028,0.0,0.8411214953271028,0.0,2.5233644859813085,0.0,0.0,0.0,22.733333333333334,0.0,56.25,0.0,6.7
argentina,Primera Division,2025 / 2026,Facundo Gulli,23.0,M,Ecuador,,,14,9,826.0,2.0,1.0,0.0,0.0,0,0,0,0.0,0,0.0,1.9612590799031475,1.089588377723971,0.2179176755447942,0.1089588377723971,0.3268765133171913,0.2179176755447942,25.60532687651332,2.6150121065375305,0.9806295399515738,0.0,0.3268765133171913,1.3075060532687652,10.351089588377725,4.358353510895884,3.486682808716707,1.6343825665859564,0.4358353510895884,0.7627118644067796,0.6537530266343826,0.0,0.0,0.0,15.676595744680851,55.55555555555556,42.10526315789473,46.875,7.014648910411623
argentina,Primera Division,2026,Facundo Gulli,20.0,M,Argentina,,,15,12,870.0,0.0,3.0,0.0,0.0,0,0,3,0.0,0,0.10344827586206896,1.0344827586206897,0.5172413793103449,0.0,0.3103448275862069,0.3103448275862069,0.0,34.3448275862069,1.2413793103448276,0.7241379310344828,0.0,0.41379310344827586,1.1379310344827587,9.517241379310345,4.0344827586206895,3.6206896551724137,2.0689655172413794,1.3448275862068966,0.8275862068965517,0.8275862068965517,0.3103448275862069,0.0,0.0,24.048192771084338,50.0,42.391304347826086,57.14285714285714,6.697693194925028
argentina,Primera Division,2026,Facundo Jainikoski,17.0,F,,,,16,6,687.0,1.0,2.0,0.0,0.0,0,0,0,0.0,0,0.3930131004366812,1.5720524017467248,0.7860262008733624,0.13100436681222707,0.26200873362445415,0.3930131004366812,0.13100436681222707,20.17467248908297,1.4410480349344978,1.4410480349344978,0.13100436681222707,0.3930131004366812,1.834061135371179,15.065502183406114,6.681222707423581,5.502183406113537,2.096069868995633,0.9170305676855895,3.013100436681223,0.9170305676855895,0.0,0.0,0.0,9.454545454545455,50.0,44.34782608695652,38.095238095238095,6.812518195050946
argentina,Primera Division,2026,Facundo Kalinger,20.0,M,Argentina,176.0,66.0,7,3,292.0,0.0,0.0,0.0,0.0,0,0,0,0.0,0,0.3082191780821918,0.6164383561643836,0.3082191780821918,0.0,0.0,0.0,0.0,20.65068493150685,0.3082191780821918,0.9246575342465753,0.0,1.5410958904109588,2.4657534246575343,9.554794520547945,3.0821917808219177,1.8493150684931505,0.0,1.5410958904109588,1.8493150684931505,1.5410958904109588,0.0,0.0,0.0,11.164179104477611,50.0,32.25806451612903,0.0,6.451748251748252
argentina,Primera Division,2026,Facundo Lencioni,24.0,M,Argentina,,,15,15,1302.0,2.0,5.0,0.0,0.0,0,0,3,0.0,0,0.1382488479262673,1.7281105990783412,0.6912442396313364,0.1382488479262673,0.3456221198156682,0.4838709677419355,0.1382488479262673,23.29493087557604,1.8663594470046083,2.0046082949308754,0.1382488479262673,0.4838709677419355,2.4884792626728114,12.165898617511521,5.737327188940092,2.903225806451613,1.5207373271889402,1.2442396313364057,1.4516129032258065,1.0368663594470047,0.2073732718894009,0.0,0.0,17.16913946587537,40.0,47.159090909090914,52.38095238095239,7.15284178187404
argentina,Primera Division,2025 / 2026,Facundo Mallo,30.0,D,Uruguay,188.0,81.0,28,22,2041.0,0.0,0.0,0.0,0.0,0,0,5,0.0,0,0.0881920627143557,0.308672219500245,0.04409603135717785,0.0,0.0,0.0,0.0,39.68642822146007,0.2645761881430671,1.2787849093581578,0.7937285644292015,2.028417442430181,3.3072023517883387,6.702596766291033,4.145026947574718,0.1763841254287114,0.04409603135717785,0.39686428221460074,0.3527682508574228,0.7055365017148456,0.22048015678588925,0.0,0.0,36.265850945494996,14.285714285714285,61.8421052631579,25.0,6.972704958271969
argentina,Primera Division,2025 / 2026,Facundo Mansilla,26.0,D,Argentina,190.0,81.0,19,18,1636.0,0.0,0.0,0.0,0.0,0,0,2,0.0,0,0.0550122249388753,0.1100244498777506,0.0,0.0,0.0,0.0,0.0,36.19804400977995,0.0550122249388753,1.5953545232273838,0.6601466992665037,2.3105134474327627,3.9058679706601467,8.30684596577017,4.951100244498777,0.27506112469437655,0.27506112469437655,0.6051344743276283,0.6601466992665037,1.2102689486552567,0.1100244498777506,0.0,0.0,32.004559270516715,0.0,59.60264900662252,100.0,6.871699266503667
argentina,Primera Division,2025,Facundo Masuero,25.0,G,Argentina,,,0,0,0.0,0.0,0.0,0.0,0.0,0,0,0,0.0,0,,,,,,,,,,,,,,,,,,,,,,,,,,,,
argentina,Primera Division,2025,Facundo Mater,27.0,M,Argentina,164.0,64.0,21,17,1429.0,0.0,1.0,0.0,0.0,0,0,6,0.0,0,0.0,0.31490552834149754,0.0,0.0,0.06298110566829951,0.06298110566829951,0.0,23.240027991602517,0.6927921623512946,2.2043386983904827,0.06298110566829951,1.7634709587123862,3.967809657102869,10.32890132960112,5.038488453463961,2.0153953813855843,0.8187543736878937,1.3226032190342898,1.3855843247025892,0.8187543736878937,0.37788663400979705,0.0,0.0,14.826558265582657,0.0,48.78048780487805,40.625,6.7268719384184745
argentina,Primera Division,2025 / 2026,Facundo Miño,26.0,D,Argentina,183.0,80.0,42,35,3162.0,0.0,0.0,0.0,1.0,0,0,14,0.0,1,0.0,0.11385199240986718,0.028462998102466795,0.0,0.0,0.0,0.0,18.27324478178368,0.17077798861480076,2.049335863377609,0.540796963946869,1.3092979127134725,3.3586337760910814,8.851992409867172,5.294117647058823,0.22770398481973436,0.14231499051233396,0.5123339658444023,0.7115749525616698,1.394686907020873,0.3984819734345351,0.0,0.028462998102466795,10.990580847723704,25.0,59.80707395498393,62.5,6.829886148007589
argentina,Primera Division,2025,Facundo Mura,26.0,D,Argentina,171.0,69.0,22,15,1389.0,2.0,0.0,0.0,0.0,0,0,5,0.0,0,0.06479481641468682,0.6479481641468683,0.32397408207343414,0.12958963282937364,0.0,0.12958963282937364,0.12958963282937364,28.250539956803454,0.9071274298056154,1.7494600431965444,0.32397408207343414,0.8423326133909288,2.591792656587473,7.257019438444924,3.369330453563715,0.8423326133909288,0.32397408207343414,0.712742980561555,0.5831533477321814,1.2311015118790496,0.32397408207343414,0.0,0.0,20.355504587155963,50.0,46.42857142857143,38.46153846153847,6.9536023054755045
argentina,Primera Division,2025,Facundo Noguera,19.0,F,Argentina,,,0,0,0.0,0.0,0.0,0.0,0.0,0,0,0,0.0,0,,,,,,,,,,,,,,,,,,,,,,,,,,,,
argentina,Primera Division,2026,Facundo Pimienta,22.0,F,Argentina,163.0,60.0,0,0,0.0,0.0,0.0,0.0,0.0,0,0,0,0.0,0,,,,,,,,,,,,,,,,,,,,,,,,,,,,
argentina,Primera Division,2025,Facundo Quignon,32.0,M,Argentina,178.0,73.0,15,9,833.0,0.0,0.0,0.0,0.0,0,0,2,0.0,0,0.0,0.3241296518607443,0.10804321728691475,0.0,0.0,0.0,0.0,34.24969987995198,0.7563025210084033,3.0252100840336134,0.5402160864345739,1.296518607442977,4.321728691476591,9.183673469387756,4.861944777911164,0.5402160864345739,0.2160864345738295,1.0804321728691477,0.5402160864345739,0.9723889555822329,0.2160864345738295,0.0,0.0,23.384858044164037,33.33333333333333,52.94117647058824,40.0,6.818967587034813
argentina,Primera Division,2025,Facundo Quintana,19.0,G,Argentina,183.0,87.0,0,0,0.0,0.0,0.0,0.0,0.0,0,0,0,0.0,0,,,,,,,,,,,,,,,,,,,,,,,,,,,,
argentina,Primera Division,2025 / 2026,Facundo Rodríguez,25.0,D,Argentina,177.0,88.0,28,19,1897.0,1.0,0.0,0.0,1.0,0,0,5,0.0,0,0.0,0.37954665260938325,0.18977332630469163,0.047443331576172906,0.0,0.047443331576172906,0.047443331576172906,48.581971534001056,0.09488666315234581,0.9014232999472851,0.521876647337902,1.043753294675804,1.9451765946230892,5.740643120716921,3.036373220875066,0.23721665788086452,0.23721665788086452,0.09488666315234581,0.42698998418555617,1.3758566157090142,0.23721665788086452,0.0,0.0,46.6513671875,50.0,52.892561983471076,100.0,6.815494447382338
argentina,Primera Division,2025,Facundo Roncaglia,38.0,D,Argentina,179.0,76.0,22,22,1950.0,0.0,0.0,0.0,1.0,0,0,6,0.0,0,0.0,0.09230769230769231,0.046153846153846156,0.0,0.0,0.0,0.0,36.323076923076925,0.18461538461538463,1.2000000000000002,0.8307692307692308,1.1538461538461537,2.353846153846154,6.6,3.7384615384615385,0.09230769230769231,0.046153846153846156,0.27692307692307694,0.6000000000000001,0.7846153846153846,0.27692307692307694,0.0,0.0,36.1130876747141,50.0,56.64335664335665,50.0,6.910051282051282
argentina,Primera Division,2025,Facundo Sandoval,20.0,D,Argentina,,,0,0,0.0,0.0,0.0,0.0,0.0,0,0,0,0.0,0,,,,,,,,,,,,,,,,,,,,,,,,,,,,
argentina,Primera Division,2025 / 2026,Facundo Sanguinetti,24.0,G,Argentina,184.0,71.0,47,47,4300.0,0.0,0.0,0.0,0.0,0,0,1,0.0,0,0.0,0.0,0.0,0.0,0.0,0.0,0.0,20.67906976744186,0.020930232558139535,0.020930232558139535,0.0,0.0,0.020930232558139535,0.4395348837209302,0.3558139534883721,0.0,0.0,0.04186046511627907,0.10465116279069767,0.0,0.020930232558139535,0.0,0.0,12.731781376518219,,80.95238095238095,,7.061953488372094
argentina,Primera Division,2025,Facundo Suárez,31.0,F,Argentina,190.0,78.0,4,4,343.0,1.0,0.0,0.0,0.0,1,0,0,0.0,0,0.5247813411078717,1.3119533527696792,0.7871720116618076,0.26239067055393583,0.0,0.26239067055393583,0.0,21.253644314868804,0.5247813411078717,0.26239067055393583,0.0,1.0495626822157433,1.3119533527696792,16.793002915451893,7.871720116618075,1.8367346938775508,0.7871720116618076,0.7871720116618076,1.0495626822157433,0.26239067055393583,0.0,0.0,0.0,10.82716049382716,60.0,46.875,42.857142857142854,6.789795918367347
argentina,Primera Division,2026,Facundo Valdéz,19.0,F,,,,6,1,153.0,0.0,0.0,0.0,0.0,0,0,0,0.0,0,0.0,0.0,0.0,0.0,0.0,0.0,0.0,19.411764705882355,2.9411764705882355,0.5882352941176471,0.0,0.0,0.5882352941176471,18.823529411764707,6.470588235294117,13.529411764705882,5.294117647058823,0.5882352941176471,0.0,1.1764705882352942,0.0,0.0,0.0,5.424242424242424,,34.375,39.130434782608695,6.539869281045751
argentina,Primera Division,2025 / 2026,Facundo Waller,28.0,M,Uruguay,173.0,70.0,24,19,1831.0,1.0,1.0,1.0,1.0,0,0,6,0.0,0,0.0,0.4915346805024577,0.19661387220098306,0.049153468050245765,0.049153468050245765,0.09830693610049153,0.049153468050245765,41.28891316220644,0.6881485527034408,3.4407427635172034,0.4915346805024577,1.27799016930639,4.718732932823594,13.468050245767342,7.766247951938831,1.228836701256144,0.4915346805024577,0.9339158929546696,2.5068268705625343,2.359366466411797,0.2949208083014746,0.0,0.0,34.73095238095238,40.0,57.66423357664233,40.0,7.1738940469688695
argentina,Primera Division,2025 / 2026,Facundo Zabala,26.0,D,Argentina,172.0,,26,21,1972.0,0.0,2.0,0.0,0.0,0,0,8,0.0,0,0.2281947261663286,0.5476673427991886,0.13691683569979715,0.0,0.09127789046653144,0.09127789046653144,0.0,40.801217038539555,0.8671399594320487,2.1906693711967544,0.18255578093306288,1.0496957403651115,3.2403651115618666,11.774847870182557,5.7505070993914815,2.920892494929006,1.3235294117647058,0.36511156186612576,1.0953346855983772,1.8255578093306288,0.36511156186612576,0.0,0.0,30.181818181818183,25.0,48.837209302325576,45.3125,6.8120750887874175
argentina,Primera Division,2025,Faustino Piotti,22.0,G,Argentina,,,0,0,0.0,0.0,0.0,0.0,0.0,0,0,0,0.0,0,,,,,,,,,,,,,,,,,,,,,,,,,,,,
argentina,Primera Division,2025,Fausto Grillo,32.0,D,Argentina,181.0,78.0,11,10,872.0,0.0,0.0,0.0,1.0,0,0,6,0.0,1,0.0,0.5160550458715597,0.0,0.0,0.0,0.0,0.0,26.525229357798164,0.10321100917431193,2.889908256880734,0.41284403669724773,1.2385321100917432,4.128440366972478,11.043577981651376,5.263761467889909,0.7224770642201835,0.20642201834862386,1.3417431192660552,0.5160550458715597,1.8577981651376148,0.6192660550458716,0.0,0.10321100917431193,20.136186770428015,0.0,47.66355140186916,28.57142857142857,6.701949541284404
argentina,Primera Division,2025,Fausto Pianovi,19.0,M,Argentina,166.0,,0,0,0.0,0.0,0.0,0.0,0.0,0,0,0,0.0,0,,,,,,,,,,,,,,,,,,,,,,,,,,,,
argentina,Primera Division,2026,Fausto Vera,25.0,M,Argentina,179.0,72.0,16,16,1342.0,0.0,0.0,0.0,0.0,0,0,3,0.0,1,0.0,1.743666169895678,0.4694485842026826,0.0,0.0,0.0,0.0,66.12518628912072,0.9388971684053652,1.9448584202682564,0.5365126676602087,0.6035767511177348,2.548435171385991,9.187779433681072,4.560357675111773,0.871833084947839,0.5365126676602087,0.6035767511177348,0.7377049180327869,1.4754098360655739,0.20119225037257824,0.0,0.06706408345752608,59.53346855983773,26.923076923076923,49.63503649635037,61.53846153846154,6.964381520119225
argentina,Primera Division,2025,Favio Cabral,24.0,F,Argentina,187.0,79.0,19,3,507.0,1.0,0.0,0.0,0.0,0,0,2,0.0,0,0.1775147928994083,0.7100591715976332,0.1775147928994083,0.1775147928994083,0.0,0.1775147928994083,0.1775147928994083,20.414201183431953,0.3550295857988166,1.0650887573964496,0.0,0.1775147928994083,1.242603550295858,17.041420118343193,5.14792899408284,1.242603550295858,0.3550295857988166,0.5325443786982248,1.7751479289940828,3.7278106508875744,0.3550295857988166,0.0,0.0,7.095652173913043,25.0,30.208333333333332,28.57142857142857,6.622924901185771
argentina,Primera Division,2026,Favio Álvarez,32.0,M,Argentina,184.0,70.0,1,0,13.0,0.0,0.0,0.0,0.0,0,0,0,0.0,0,0.0,0.0,0.0,0.0,0.0,0.0,0.0,62.30769230769231,0.0,0.0,0.0,0.0,0.0,20.76923076923077,6.923076923076923,6.923076923076923,6.923076923076923,13.846153846153847,0.0,0.0,0.0,0.0,0.0,6.0,,33.33333333333333,100.0,6.299999999999999
argentina,Primera Division,2025 / 2026,Federico Anselmo,31.0,F,Argentina,188.0,86.0,22,9,1023.0,1.0,0.0,0.0,0.0,0,0,1,0.0,0,0.3519061583577713,1.935483870967742,0.5278592375366569,0.08797653958944282,0.0,0.08797653958944282,0.08797653958944282,13.10850439882698,0.5278592375366569,0.5278592375366569,0.17595307917888564,0.0,0.5278592375366569,16.627565982404693,6.510263929618769,1.2316715542521994,0.3519061583577713,0.26392961876832843,1.3196480938416424,1.3196480938416424,0.08797653958944282,0.0,0.0,5.985401459854015,27.27272727272727,39.15343915343915,28.57142857142857,6.7172043010752684
argentina,Primera Division,2025,Federico Bonansea,27.0,G,Argentina,186.0,78.0,0,0,0.0,0.0,0.0,0.0,0.0,0,0,0,0.0,0,,,,,,,,,,,,,,,,,,,,,,,,,,,,
argentina,Primera Division,2025 / 2026,Federico Fattori,33.0,M,Argentina,178.0,,49,49,4352.0,0.0,1.0,0.0,0.0,0,0,14,0.0,2,0.0,0.18612132352941177,0.04136029411764706,0.0,0.02068014705882353,0.02068014705882353,0.0,76.70266544117648,0.5170036764705883,1.8818933823529411,0.3102022058823529,1.4889705882352942,3.370863970588235,8.809742647058824,4.528952205882353,0.4756433823529412,0.2895220588235294,0.9719669117647058,0.9306066176470588,1.2821691176470589,0.2895220588235294,0.0,0.04136029411764706,72.87597735238609,22.22222222222222,51.40845070422535,60.86956521739131,7.273529411764706
argentina,Primera Division,2025,Federico Gattoni,26.0,D,Argentina,183.0,79.0,0,0,0.0,0.0,0.0,0.0,0.0,0,0,0,0.0,0,,,,,,,,,,,,,,,,,,,,,,,,,,,,
argentina,Primera Division,2025 / 2026,Federico Gino,32.0,M,Uruguay,173.0,74.0,26,25,2100.0,3.0,0.0,1.0,0.0,2,0,13,0.0,0,0.04285714285714286,0.9428571428571428,0.2571428571428571,0.12857142857142856,0.0,0.12857142857142856,0.04285714285714286,32.22857142857143,0.2142857142857143,2.4428571428571426,0.08571428571428572,1.0285714285714285,3.471428571428571,9.642857142857142,4.628571428571428,0.4714285714285714,0.12857142857142856,1.157142857142857,1.0714285714285714,1.6714285714285715,0.5571428571428572,0.0,0.0,28.132978723404257,27.27272727272727,48.0,27.27272727272727,6.720904761904762
argentina,Primera Division,2025,Federico Girotti,26.0,F,Argentina,189.0,83.0,29,19,1849.0,1.0,1.0,0.0,0.0,0,0,3,0.0,0,1.0221741481882098,1.6062736614386153,0.7787993510005409,0.048674959437533805,0.048674959437533805,0.09734991887506761,0.048674959437533805,20.83288263926447,1.1195240670632773,0.2920497566252028,0.048674959437533805,0.048674959437533805,0.34072471606273663,9.832341806381828,4.770146024878313,1.3142239048134128,0.6327744726879394,0.38939967550027044,0.43807463493780424,0.8761492698756085,0.1460248783126014,0.0,0.0,12.707943925233645,48.484848484848484,48.51485148514851,48.148148148148145,6.74986479177934
argentina,Primera Division,2026,Federico Gomes Gerth,21.0,G,Argentina,194.0,87.0,0,0,0.0,0.0,0.0,0.0,0.0,0,0,0,0.0,0,,,,,,,,,,,,,,,,,,,,,,,,,,,,
argentina,Primera Division,2025,Federico González,38.0,F,Argentina,182.0,76.0,10,1,189.0,0.0,0.0,0.0,0.0,0,0,0,0.0,0,0.9523809523809523,0.47619047619047616,0.0,0.0,0.0,0.0,0.0,22.857142857142854,0.47619047619047616,1.9047619047619047,0.9523809523809523,0.0,1.9047619047619047,17.142857142857142,5.7142857142857135,2.380952380952381,0.9523809523809523,0.47619047619047616,0.9523809523809523,1.9047619047619047,0.0,0.0,0.0,4.521739130434782,0.0,33.33333333333333,40.0,6.426984126984127
argentina,Primera Division,2026,Federico Laurelli,21.0,D,,,,0,0,0.0,0.0,0.0,0.0,0.0,0,0,0,0.0,0,,,,,,,,,,,,,,,,,,,,,,,,,,,,
argentina,Primera Division,2025,Federico Losas,23.0,G,Argentina,,,5,5,453.0,0.0,0.0,0.0,0.0,0,0,0,0.0,0,0.0,0.0,0.0,0.0,0.0,0.0,0.0,19.072847682119207,0.0,0.0,0.0,0.0,0.0,0.7947019867549668,0.7947019867549668,0.0,0.0,0.0,0.5960264900662252,0.0,0.0,0.0,0.0,11.052083333333334,,100.0,,6.557615894039735
argentina,Primera Division,2025 / 2026,Federico Mancuello,36.0,M,Argentina,177.0,75.0,15,2,355.0,1.0,1.0,0.0,0.0,1,0,2,0.0,0,0.5070422535211268,1.267605633802817,0.76056338028169,0.2535211267605634,0.2535211267605634,0.5070422535211268,0.0,24.59154929577465,2.2816901408450705,1.7746478873239437,0.0,0.0,1.7746478873239437,6.591549295774648,3.295774647887324,0.76056338028169,0.2535211267605634,0.76056338028169,1.0140845070422535,1.0140845070422535,0.5070422535211268,0.0,0.0,10.268041237113403,60.0,50.0,33.33333333333333,6.7430985915492965
argentina,Primera Division,2026,Federico Medina,21.0,M,Argentina,166.0,,0,0,0.0,0.0,0.0,0.0,0.0,0,0,0,0.0,0,,,,,,,,,,,,,,,,,,,,,,,,,,,,
argentina,Primera Division,2025 / 2026,Federico Navarro,25.0,M,Argentina,173.0,70.0,38,23,2201.0,0.0,0.0,0.0,0.0,0,0,6,0.0,0,0.0,0.1226715129486597,0.0,0.0,0.0,0.0,0.0,42.035438437074056,0.3271240345297592,2.780554293502953,0.3271240345297592,0.9813721035892776,3.7619263970922305,7.891867333030441,3.721035892776011,0.6951385733757383,0.3680145388459791,0.817810086324398,0.2044525215810995,1.7174011812812358,0.2453430258973194,0.0,0.0,33.859785783836415,0.0,47.15025906735752,52.94117647058824,6.850045578851413
argentina,Primera Division,2025,Federico Paradela,24.0,M,Argentina,,,10,3,366.0,0.0,0.0,1.0,0.0,0,0,3,0.0,0,0.0,1.4754098360655739,0.9836065573770492,0.0,0.0,0.0,0.0,28.0327868852459,0.9836065573770492,1.2295081967213115,0.0,0.2459016393442623,1.4754098360655739,13.032786885245901,7.377049180327869,1.9672131147540983,0.9836065573770492,0.7377049180327869,4.180327868852459,1.9672131147540983,0.7377049180327869,0.0,0.0,14.535087719298245,66.66666666666666,56.60377358490566,50.0,6.961475409836066
argentina,Primera Division,2025,Federico Rasmussen,33.0,D,Argentina,191.0,82.0,23,22,1927.0,0.0,0.0,0.0,0.0,0,0,3,0.0,0,0.0,0.37363777893098077,0.046704722366372596,0.0,0.0,0.0,0.0,37.92423456149455,0.09340944473274519,1.6813700051894136,0.5604566683964712,1.4478463933575505,3.1292163985469643,8.220031136481577,5.791385573430202,0.2802283341982356,0.2802283341982356,0.4203425012973534,0.8406850025947068,0.8873897249610794,0.1401141670991178,0.0,0.0,37.86945812807882,12.5,70.45454545454545,100.0,7.004047742605085
argentina,Primera Division,2025 / 2026,Federico Ricca,31.0,D,Uruguay,179.0,73.0,19,17,1333.0,0.0,0.0,0.0,0.0,0,0,2,0.0,1,0.06751687921980495,0.47261815453863465,0.1350337584396099,0.0,0.0,0.0,0.0,38.012003000750184,0.33758439609902474,1.8904726181545386,0.2700675168792198,1.350337584396099,3.2408102025506373,8.777194298574644,5.266316579144786,0.6076519129782445,0.40510127531882967,0.5401350337584396,0.8777194298574644,1.215303825956489,0.1350337584396099,0.0,0.06751687921980495,28.36056838365897,28.57142857142857,60.0,66.66666666666666,6.804726181545387
argentina,Primera Division,2026,Federico Rodriguez,,M,,,,0,0,0.0,0.0,0.0,0.0,0.0,0,0,0,0.0,0,,,,,,,,,,,,,,,,,,,,,,,,,,,,
argentina,Primera Division,2025,Federico Tévez,26.0,D,Argentina,,,0,0,0.0,0.0,0.0,0.0,0.0,0,0,0,0.0,0,,,,,,,,,,,,,,,,,,,,,,,,,,,,
argentina,Primera Division,2025 / 2026,Federico Vera,27.0,D,Argentina,177.0,74.0,34,31,2648.0,0.0,0.0,0.0,0.0,0,0,8,0.0,0,0.06797583081570997,0.13595166163141995,0.06797583081570997,0.0,0.0,0.0,0.0,30.079305135951664,0.5777945619335347,2.039274924471299,0.06797583081570997,1.2915407854984895,3.330815709969788,9.890483383685801,5.098187311178248,1.4614803625377644,0.6457703927492447,0.6797583081570997,1.6314199395770395,1.5974320241691844,0.2719033232628399,0.0,0.0,22.677966101694917,50.0,51.546391752577314,44.18604651162791,6.8075906344410875
argentina,Primera Division,2025 / 2026,Federico Álvarez,31.0,D,Argentina,183.0,73.0,24,23,1980.0,0.0,1.0,0.0,1.0,0,0,3,0.0,0,0.045454545454545456,0.36363636363636365,0.045454545454545456,0.0,0.045454545454545456,0.045454545454545456,0.0,28.636363636363637,0.6818181818181819,1.9090909090909092,0.3181818181818182,1.5,3.409090909090909,8.863636363636363,5.818181818181818,0.9090909090909092,0.5909090909090909,1.0454545454545454,1.1818181818181819,0.5909090909090909,0.13636363636363635,0.0,0.0,21.246031746031747,12.5,65.64102564102564,65.0,6.990757575757576
argentina,Primera Division,2026,Felipe Anso,19.0,M,,,,3,3,238.0,1.0,0.0,0.0,0.0,0,0,0,0.0,0,0.0,1.134453781512605,0.37815126050420167,0.37815126050420167,0.0,0.37815126050420167,0.37815126050420167,11.722689075630253,0.37815126050420167,1.134453781512605,0.0,0.37815126050420167,1.5126050420168067,12.478991596638656,4.159663865546219,4.53781512605042,2.26890756302521,1.134453781512605,0.37815126050420167,1.134453781512605,0.0,0.0,0.0,7.580645161290323,33.33333333333333,33.33333333333333,50.0,6.59453781512605
argentina,Primera Division,2025 / 2026,Felipe Bussio,21.0,M,Argentina,178.0,,14,6,571.0,0.0,0.0,0.0,0.0,0,0,3,0.0,0,0.0,0.6304728546409808,0.1576182136602452,0.0,0.0,0.0,0.0,32.15411558669002,0.47285464098073554,2.2066549912434326,0.3152364273204904,2.0490367775831873,4.25569176882662,11.033274956217163,5.043782837127846,1.4185639229422067,0.6304728546409808,0.9457092819614711,0.0,1.8914185639229422,0.47285464098073554,0.0,0.0,15.955,25.0,45.714285714285715,44.44444444444444,6.66438596491228
argentina,Primera Division,2025,Felipe Loyola,25.0,M,Chile,180.0,76.0,31,27,2421.0,7.0,3.0,1.0,0.0,1,0,5,0.0,0,0.22304832713754646,1.0408921933085502,0.5947955390334573,0.26022304832713755,0.11152416356877323,0.37174721189591076,0.22304832713754646,39.5910780669145,1.0780669144981412,2.007434944237918,0.07434944237918216,0.9293680297397768,2.9368029739776955,11.189591078066915,5.687732342007434,2.1561338289962824,0.7806691449814127,0.7806691449814127,1.7100371747211895,1.003717472118959,0.18587360594795538,0.0,0.0,34.11924882629108,57.14285714285714,50.83056478405316,36.206896551724135,7.106691449814126
argentina,Primera Division,2025 / 2026,Felipe Peña Biafore,24.0,M,Argentina,185.0,77.0,25,12,1150.0,0.0,1.0,0.0,0.0,0,0,2,0.0,0,0.0,1.0173913043478262,0.2347826086956522,0.0,0.0782608695652174,0.0782608695652174,0.0,51.96521739130434,0.2347826086956522,1.7217391304347824,0.782608695652174,1.1739130434782608,2.8956521739130436,8.68695652173913,5.556521739130435,0.4695652173913044,0.2347826086956522,0.7043478260869566,0.782608695652174,0.4695652173913044,0.1565217391304348,0.0,0.0,33.528614457831324,23.076923076923077,63.96396396396396,50.0,6.942384682332463
argentina,Primera Division,2026,Felipe Tempone,20.0,F,,,,5,0,44.0,0.0,1.0,0.0,0.0,0,0,0,0.0,0,4.090909090909091,0.0,0.0,0.0,2.0454545454545454,2.0454545454545454,0.0,36.81818181818182,4.090909090909091,2.0454545454545454,0.0,0.0,2.0454545454545454,12.272727272727272,6.136363636363636,2.0454545454545454,2.0454545454545454,0.0,0.0,0.0,0.0,0.0,0.0,3.9411764705882355,,50.0,100.0,6.461904761904763
argentina,Primera Division,2025 / 2026,Felipe Zenobio,25.0,G,Argentina,183.0,74.0,49,49,4530.0,0.0,0.0,0.0,0.0,0,0,1,0.0,0,0.0,0.0,0.0,0.0,0.0,0.0,0.0,19.986754966887418,0.0,0.0,0.0,0.0,0.0,0.576158940397351,0.5562913907284768,0.0,0.0,0.0,0.1986754966887417,0.0,0.019867549668874173,0.0,0.0,12.629224652087474,,96.55172413793103,,6.9936203090507725
argentina,Primera Division,2026,Fermin Antonini,28.0,M,Argentina,179.0,73.0,11,9,718.0,0.0,1.0,0.0,0.0,0,0,4,0.0,0,0.0,0.3760445682451254,0.12534818941504178,0.0,0.12534818941504178,0.12534818941504178,0.0,29.45682451253482,0.8774373259052926,2.7576601671309193,0.12534818941504178,1.128133704735376,3.885793871866295,13.036211699164346,6.894150417827298,0.7520891364902508,0.25069637883008355,1.2534818941504178,1.8802228412256268,2.381615598885794,0.5013927576601671,0.0,0.0,22.408510638297873,33.33333333333333,52.88461538461539,33.33333333333333,6.645821727019499
argentina,Primera Division,2025 / 2026,Fernando Alarcón,31.0,D,Argentina,185.0,80.0,44,44,3972.0,0.0,1.0,1.0,0.0,0,0,14,0.0,1,0.045317220543806644,0.5891238670694865,0.13595166163141995,0.0,0.022658610271903322,0.022658610271903322,0.0,36.344410876132926,0.2719033232628399,1.4274924471299093,0.5211480362537764,1.3141993957703928,2.741691842900302,7.930513595166164,4.577039274924472,0.09063444108761329,0.045317220543806644,0.36253776435045315,0.4305135951661631,1.0196374622356494,0.31722054380664655,0.0,0.022658610271903322,31.74376558603491,23.076923076923077,57.714285714285715,50.0,6.813318227593152
argentina,Primera Division,2026,Fernando Bersano,27.0,D,Argentina,168.0,68.0,1,0,24.0,0.0,0.0,0.0,0.0,0,0,0,0.0,0,0.0,0.0,0.0,0.0,0.0,0.0,0.0,26.25,3.75,0.0,0.0,0.0,0.0,3.75,0.0,0.0,0.0,0.0,0.0,3.75,0.0,0.0,0.0,7.0,,0.0,,6.900000000000001
argentina,Primera Division,2025,Fernando Cardozo,24.0,F,Paraguay,173.0,73.0,11,6,497.0,0.0,0.0,0.0,0.0,0,0,3,0.0,0,0.5432595573440644,0.7243460764587526,0.18108651911468815,0.0,0.0,0.0,0.0,28.792756539235413,0.9054325955734407,1.267605633802817,0.3621730382293763,0.7243460764587526,1.9919517102615694,14.486921529175051,4.346076458752515,2.535211267605634,1.0865191146881288,1.8108651911468814,1.4486921529175052,2.3541247484909458,0.5432595573440644,0.0,0.0,13.874213836477987,25.0,30.0,42.857142857142854,6.703420523138833
argentina,Primera Division,2025,Fernando Closter,17.0,D,Argentina,185.0,,0,0,0.0,0.0,0.0,0.0,0.0,0,0,0,0.0,0,,,,,,,,,,,,,,,,,,,,,,,,,,,,
argentina,Primera Division,2025,Fernando Diaz,24.0,D,Paraguay,180.0,73.0,0,0,0.0,0.0,0.0,0.0,0.0,0,0,0,0.0,0,,,,,,,,,,,,,,,,,,,,,,,,,,,,
argentina,Primera Division,2025 / 2026,Fernando Juárez,27.0,M,Argentina,177.0,66.0,30,11,1356.0,0.0,0.0,0.0,0.0,0,0,6,0.0,0,0.0,0.2654867256637168,0.0,0.0,0.0,0.0,0.0,28.871681415929203,0.4646017699115044,2.190265486725664,0.0663716814159292,2.256637168141593,4.446902654867257,9.623893805309734,5.774336283185841,0.6637168141592921,0.33185840707964603,0.6637168141592921,1.8584070796460177,1.1283185840707965,0.39823008849557523,0.0,0.0,22.774193548387096,0.0,60.0,50.0,6.747197640117995
argentina,Primera Division,2025 / 2026,Fernando Martínez,25.0,D,Argentina,173.0,70.0,28,18,1627.0,2.0,0.0,0.0,0.0,0,0,3,0.0,0,0.11063306699446834,0.33189920098340503,0.2212661339889367,0.11063306699446834,0.0,0.11063306699446834,0.11063306699446834,24.67117393976644,0.5531653349723417,2.544560540872772,0.27658266748617083,0.6637984019668101,3.2083589428395825,12.05900430239705,5.089121081745544,2.544560540872772,0.995697602950215,1.272280270436386,0.4978488014751075,1.1063306699446833,0.16594960049170251,0.0,0.0,19.443693693693692,66.66666666666666,42.201834862385326,39.130434782608695,6.8068965517241375
argentina,Primera Division,2025 / 2026,Fernando Muslera,39.0,G,Uruguay,190.0,84.0,31,31,2830.0,0.0,0.0,0.0,0.0,0,0,3,0.0,0,0.0,0.0,0.0,0.0,0.0,0.0,0.0,25.886925795053006,0.0636042402826855,0.0,0.0,0.0,0.0,0.763250883392226,0.6996466431095407,0.03180212014134275,0.0,0.03180212014134275,0.34982332155477036,0.0,0.09540636042402825,0.0,0.0,20.732186732186733,,91.66666666666666,0.0,7.1485865724381625
argentina,Primera Division,2025,Fernando Romero,25.0,F,Paraguay,175.0,80.0,0,0,0.0,0.0,0.0,0.0,0.0,0,0,0,0.0,0,,,,,,,,,,,,,,,,,,,,,,,,,,,,
argentina,Primera Division,2025 / 2026,Fernando Román,27.0,D,Paraguay,180.0,76.0,23,19,1764.0,0.0,1.0,0.0,1.0,0,0,5,0.0,0,0.0,0.3571428571428571,0.05102040816326531,0.0,0.05102040816326531,0.05102040816326531,0.0,27.091836734693878,0.6632653061224489,2.1938775510204085,0.5612244897959184,1.4795918367346939,3.6734693877551017,10.0,5.5102040816326525,0.8673469387755102,0.4591836734693877,0.8163265306122449,0.8673469387755102,1.4795918367346939,0.25510204081632654,0.0,0.0,17.40943396226415,14.285714285714285,55.10204081632652,52.94117647058824,6.823809523809524
argentina,Primera Division,2025 / 2026,Fernando Tobio,36.0,D,Argentina,190.0,85.0,40,40,3670.0,4.0,0.0,0.0,0.0,0,0,8,0.0,0,0.02452316076294278,0.17166212534059946,0.12261580381471389,0.09809264305177112,0.0,0.09809264305177112,0.09809264305177112,24.69482288828338,0.07356948228882834,0.8583106267029973,0.3678474114441417,0.5395095367847411,1.3978201634877385,3.433242506811989,2.231607629427793,0.07356948228882834,0.07356948228882834,0.09809264305177112,0.14713896457765668,0.3188010899182561,0.19618528610354224,0.0,0.0,21.807348560079443,71.42857142857143,65.0,100.0,6.781934604904631
argentina,Primera Division,2025,Fernando Álvarez,21.0,M,Argentina,172.0,70.0,0,0,0.0,0.0,0.0,0.0,0.0,0,0,0,0.0,0,,,,,,,,,,,,,,,,,,,,,,,,,,,,
argentina,Primera Division,2025 / 2026,Florián Monzón,24.0,F,Argentina,186.0,79.0,22,15,1357.0,6.0,0.0,0.0,0.0,1,0,3,0.0,0,0.5305821665438467,2.188651436993368,1.260132645541636,0.39793662490788506,0.0,0.39793662490788506,0.3316138540899042,22.284450994841563,0.5305821665438467,0.862196020633751,0.06632277081798084,0.39793662490788506,1.260132645541636,14.98894620486367,5.637435519528371,2.254974207811349,0.9285187914517317,0.5305821665438467,0.9948415622697125,1.989683124539425,0.19896831245394253,0.0,0.0,13.773809523809524,57.57575757575758,37.610619469026545,41.17647058823529,6.64355195283714
argentina,Primera Division,2025 / 2026,Francesco Lo Celso,25.0,M,Argentina,182.0,77.0,3,1,80.0,0.0,0.0,0.0,0.0,0,0,0,0.0,0,0.0,0.0,0.0,0.0,0.0,0.0,0.0,59.625,0.0,1.125,0.0,1.125,2.25,10.125,5.625,1.125,1.125,2.25,1.125,2.25,0.0,0.0,0.0,18.849056603773583,,55.55555555555556,100.0,6.613924050632911
argentina,Primera Division,2025,Francis Mac Allister,30.0,M,Argentina,176.0,71.0,22,19,1468.0,0.0,1.0,0.0,2.0,0,0,7,0.0,1,0.061307901907356945,0.12261580381471389,0.0,0.0,0.061307901907356945,0.061307901907356945,0.0,30.899182561307903,0.5517711171662125,4.168937329700272,0.3678474114441417,1.164850136239782,5.333787465940055,11.771117166212534,6.682561307901907,0.3065395095367847,0.18392370572207084,1.4713896457765667,0.6743869209809263,2.084468664850136,0.42915531335149865,0.0,0.061307901907356945,22.140873015873016,0.0,56.770833333333336,60.0,6.788275391956374
argentina,Primera Division,2025,Francisco Facello,22.0,D,Argentina,170.0,67.0,0,0,0.0,0.0,0.0,0.0,0.0,0,0,0,0.0,0,,,,,,,,,,,,,,,,,,,,,,,,,,,,
argentina,Primera Division,2025,Francisco Fraga,19.0,F,Argentina,183.0,76.0,0,0,0.0,0.0,0.0,0.0,0.0,0,0,0,0.0,0,,,,,,,,,,,,,,,,,,,,,,,,,,,,
argentina,Primera Division,2026,Francisco Galván,26.0,F,Argentina,190.0,80.0,1,0,12.0,0.0,0.0,0.0,0.0,0,0,0,0.0,0,0.0,0.0,0.0,0.0,0.0,0.0,0.0,0.0,0.0,0.0,0.0,0.0,0.0,7.5,0.0,7.5,0.0,0.0,0.0,0.0,0.0,0.0,0.0,,,0.0,0.0,6.5
argentina,Primera Division,2025,Francisco Gerometta,26.0,D,Argentina,175.0,72.0,9,8,712.0,0.0,0.0,0.0,0.0,0,0,0,0.0,0,0.0,0.0,0.0,0.0,0.0,0.0,0.0,30.842696629213485,1.1376404494382022,2.2752808988764044,0.0,1.2640449438202246,3.539325842696629,10.870786516853933,5.056179775280898,2.0224719101123596,1.0112359550561798,1.5168539325842696,0.3792134831460674,1.2640449438202246,0.0,0.0,0.0,24.200819672131146,,46.51162790697674,50.0,6.720505617977528
argentina,Primera Division,2025,Francisco González,24.0,F,Argentina,170.0,70.0,16,8,834.0,1.0,1.0,0.0,0.0,0,0,4,0.0,0,0.4316546762589928,1.2949640287769786,0.7553956834532374,0.1079136690647482,0.1079136690647482,0.2158273381294964,0.1079136690647482,23.741007194244606,1.079136690647482,0.8633093525179856,0.0,0.4316546762589928,1.2949640287769786,8.956834532374101,3.8848920863309355,1.4028776978417266,0.32374100719424465,0.6474820143884893,2.050359712230216,0.9712230215827339,0.4316546762589928,0.0,0.0,11.959090909090909,58.333333333333336,43.373493975903614,23.076923076923077,6.768465227817745
argentina,Primera Division,2025 / 2026,Francisco González Metilli,28.0,M,Argentina,178.0,70.0,41,31,2478.0,4.0,2.0,0.0,0.0,0,0,2,0.0,0,0.07263922518159806,1.053268765133172,0.5084745762711864,0.14527845036319612,0.07263922518159806,0.2179176755447942,0.14527845036319612,38.71670702179177,0.7627118644067796,2.6150121065375305,0.14527845036319612,1.089588377723971,3.7046004842615012,9.733656174334142,4.685230024213075,1.5617433414043584,0.6537530266343826,1.234866828087167,0.8353510895883777,1.452784503631961,0.07263922518159806,0.0,0.0,31.161350844277674,48.275862068965516,48.134328358208954,41.86046511627907,6.948808080808081
argentina,Primera Division,2025,Francisco Gómez,21.0,G,Argentina,189.0,90.0,0,0,0.0,0.0,0.0,0.0,0.0,0,0,0,0.0,0,,,,,,,,,,,,,,,,,,,,,,,,,,,,
argentina,Primera Division,2025,Francisco Montoro,21.0,F,Argentina,170.0,,0,0,0.0,0.0,0.0,0.0,0.0,0,0,0,0.0,0,,,,,,,,,,,,,,,,,,,,,,,,,,,,
argentina,Primera Division,2025 / 2026,Francisco Perruzzi,24.0,M,Argentina,177.0,70.0,13,1,213.0,0.0,0.0,0.0,0.0,0,0,0,0.0,0,0.0,0.0,0.0,0.0,0.0,0.0,0.0,29.15492957746479,0.0,1.6901408450704225,0.8450704225352113,2.535211267605634,4.225352112676056,14.366197183098592,8.450704225352112,0.4225352112676056,0.4225352112676056,1.6901408450704225,2.112676056338028,1.6901408450704225,0.0,0.0,0.0,6.865671641791045,,58.82352941176471,100.0,6.765714285714285
argentina,Primera Division,2025 / 2026,Francisco Pizzini,32.0,F,Argentina,177.0,71.0,25,15,1337.0,1.0,0.0,0.0,0.0,0,0,1,0.0,0,0.20194465220643232,1.0097232610321616,0.40388930441286464,0.06731488406881077,0.0,0.06731488406881077,0.06731488406881077,32.24382946896036,0.47120418848167545,1.3462976813762153,0.20194465220643232,0.605833956619297,1.9521316379955123,13.05908750934929,5.5198204936424835,3.567688855646971,1.2789827973074046,0.87509349289454,2.423335826477188,0.7404637247569185,0.06731488406881077,0.0,0.0,18.69311064718163,40.0,42.2680412371134,35.84905660377358,6.636629213483146
argentina,Primera Division,2025,Francisco Plaza,21.0,M,Argentina,175.0,77.0,2,1,72.0,0.0,0.0,0.0,0.0,0,0,0,0.0,0,0.0,1.25,0.0,0.0,0.0,0.0,0.0,10.0,0.0,0.0,0.0,0.0,0.0,10.0,2.5,1.25,0.0,0.0,0.0,2.5,0.0,0.0,0.0,1.5,0.0,25.0,0.0,6.625
argentina,Primera Division,2025,Francisco Pumpido,21.0,M,Mexico,,,0,0,0.0,0.0,0.0,0.0,0.0,0,0,0,0.0,0,,,,,,,,,,,,,,,,,,,,,,,,,,,,
argentina,Primera Division,2026,Francisco Romero,26.0,M,Argentina,,,10,8,721.0,0.0,0.0,0.0,0.0,0,0,1,0.0,0,0.0,0.24965325936199723,0.0,0.0,0.0,0.0,0.0,45.81137309292649,1.7475728155339805,1.4979195561719834,0.24965325936199723,1.7475728155339805,3.245492371705964,8.11373092926491,4.618585298196948,0.49930651872399445,0.24965325936199723,0.9986130374479889,0.49930651872399445,0.6241331484049931,0.12482662968099861,0.0,0.0,32.68119891008175,0.0,56.92307692307692,50.0,6.935922330097088
argentina,Primera Division,2025 / 2026,Francisco Scarpeccio,19.0,F,Argentina,187.0,80.0,8,1,232.0,1.0,0.0,0.0,0.0,0,0,0,0.0,0,0.7758620689655172,1.9396551724137931,1.1637931034482758,0.3879310344827586,0.0,0.3879310344827586,0.3879310344827586,23.27586206896552,0.3879310344827586,0.3879310344827586,0.0,0.3879310344827586,0.7758620689655172,12.413793103448276,5.431034482758621,1.1637931034482758,0.0,0.0,1.1637931034482758,1.5517241379310345,0.0,0.0,0.0,8.166666666666666,60.0,43.75,0.0,6.331415929203541
argentina,Primera Division,2025 / 2026,Francisco Álvarez,25.0,D,Argentina,180.0,,50,50,4633.0,2.0,3.0,0.0,1.0,0,0,16,0.0,2,0.0,0.660479171163393,0.19425857975393915,0.038851715950787825,0.05827757392618174,0.09712928987696957,0.038851715950787825,63.17289013598101,0.19425857975393915,1.2626807684006045,0.3885171595078783,1.4957910641053314,2.7584718325059354,8.858191236779623,5.283833369307144,0.44679473343405995,0.21368443772933304,0.4273688754586661,0.7187567450895748,0.8547377509173322,0.3108137276063026,0.0,0.038851715950787825,61.023677736777366,29.411764705882355,59.64912280701754,47.82608695652174,7.128448089790632
argentina,Primera Division,2025,Franco Alfonso,23.0,F,Argentina,165.0,61.0,10,2,334.0,0.0,0.0,0.0,0.0,0,0,2,0.0,0,0.2694610778443114,1.347305389221557,0.5389221556886228,0.0,0.0,0.0,0.0,31.796407185628745,1.8862275449101795,1.6167664670658681,0.2694610778443114,0.8083832335329341,2.4251497005988023,12.664670658682635,5.119760479041916,2.9640718562874255,1.6167664670658681,1.6167664670658681,1.8862275449101795,1.8862275449101795,0.5389221556886228,0.0,0.0,11.364406779661017,40.0,40.42553191489361,54.54545454545454,6.583233532934132
argentina,Primera Division,2025 / 2026,Franco Armani,39.0,G,Argentina,189.0,88.0,34,34,3104.0,0.0,0.0,0.0,0.0,0,0,4,0.0,0,0.0,0.0,0.0,0.0,0.0,0.0,0.0,18.875644329896907,0.0,0.028994845360824743,0.0,0.0,0.028994845360824743,0.43492268041237114,0.40592783505154634,0.028994845360824743,0.028994845360824743,0.028994845360824743,0.11597938144329897,0.028994845360824743,0.11597938144329897,0.0,0.0,14.631336405529954,,93.33333333333333,100.0,7.035985824742268
argentina,Primera Division,2025,Franco Baldassarra,27.0,M,Argentina,178.0,,18,10,1031.0,1.0,0.0,0.0,0.0,0,0,2,0.0,0,0.08729388942774007,0.9602327837051406,0.17458777885548013,0.08729388942774007,0.0,0.08729388942774007,0.08729388942774007,34.91755577109602,0.6983511154219205,2.3569350145489816,0.0,0.9602327837051406,3.3171677982541223,9.951503394762366,5.499515033947624,0.7856450048496605,0.34917555771096026,0.7856450048496605,1.3094083414161009,1.571290009699321,0.17458777885548013,0.0,0.0,31.88,18.181818181818183,55.26315789473685,44.44444444444444,6.830358874878758
argentina,Primera Division,2026,Franco Basualdo,18.0,M,Argentina,169.0,61.0,0,0,0.0,0.0,0.0,0.0,0.0,0,0,0,0.0,0,,,,,,,,,,,,,,,,,,,,,,,,,,,,
argentina,Primera Division,2026,Franco Cristaldo,29.0,M,Argentina,170.0,69.0,9,9,645.0,0.0,2.0,0.0,0.0,0,0,1,0.0,0,0.0,0.27906976744186046,0.0,0.0,0.27906976744186046,0.27906976744186046,0.0,34.604651162790695,2.6511627906976742,0.9767441860465116,0.27906976744186046,0.13953488372093023,1.1162790697674418,8.651162790697674,4.046511627906977,1.5348837209302326,0.8372093023255813,0.6976744186046512,1.3953488372093024,1.1162790697674418,0.13953488372093023,0.0,0.0,25.677419354838708,0.0,46.774193548387096,54.54545454545454,6.770542635658915
argentina,Primera Division,2025 / 2026,Franco Dominguez,20.0,F,Bolivia,,,6,1,145.0,0.0,0.0,0.0,0.0,0,0,1,0.0,0,0.0,0.6206896551724138,0.0,0.0,0.0,0.0,0.0,9.931034482758621,1.2413793103448276,0.0,0.0,0.6206896551724138,0.6206896551724138,12.413793103448276,3.7241379310344827,1.8620689655172413,0.6206896551724138,1.2413793103448276,2.4827586206896552,1.8620689655172413,0.6206896551724138,0.0,0.0,2.6875,0.0,30.0,33.33333333333333,6.461379310344828
argentina,Primera Division,2025,Franco Díaz,25.0,M,Argentina,,,13,2,395.0,0.0,1.0,0.0,0.0,0,0,2,0.0,0,0.22784810126582278,1.3670886075949367,0.45569620253164556,0.0,0.22784810126582278,0.22784810126582278,0.0,41.24050632911393,2.050632911392405,1.139240506329114,0.22784810126582278,0.6835443037974683,1.8227848101265822,12.759493670886076,4.556962025316456,1.3670886075949367,0.45569620253164556,1.8227848101265822,1.139240506329114,2.050632911392405,0.45569620253164556,0.0,0.0,15.176795580110497,33.33333333333333,35.714285714285715,33.33333333333333,6.500506329113923
argentina,Primera Division,2025,Franco Fagundez,27.0,F,Uruguay,182.0,,1,0,33.0,0.0,0.0,0.0,0.0,0,0,0,0.0,0,0.0,0.0,0.0,0.0,0.0,0.0,0.0,24.545454545454543,0.0,2.7272727272727275,0.0,0.0,2.7272727272727275,27.272727272727273,8.181818181818182,2.7272727272727275,0.0,0.0,2.7272727272727275,5.454545454545455,0.0,0.0,0.0,5.0,,30.0,0.0,6.3
argentina,Primera Division,2025 / 2026,Franco Fragapane,32.0,M,Argentina,170.0,66.0,37,21,1804.0,1.0,2.0,0.0,0.0,0,0,4,0.0,1,0.14966740576496673,0.7483370288248337,0.3991130820399113,0.04988913525498891,0.09977827050997783,0.14966740576496673,0.04988913525498891,36.369179600886916,2.29490022172949,1.3968957871396896,0.04988913525498891,0.7982261640798226,2.1951219512195124,8.481152993348115,4.14079822616408,1.7960088691796008,0.7982261640798226,1.0476718403547671,1.3968957871396896,0.8980044345898004,0.19955654101995565,0.0,0.04988913525498891,19.80246913580247,53.333333333333336,48.8235294117647,44.44444444444444,6.837084257206208
argentina,Primera Division,2025 / 2026,Franco Frías,23.0,F,Argentina,174.0,69.0,19,7,732.0,1.0,1.0,1.0,1.0,0,0,2,0.0,0,1.3524590163934425,1.1065573770491803,0.6147540983606558,0.12295081967213115,0.12295081967213115,0.2459016393442623,0.12295081967213115,15.12295081967213,0.7377049180327869,0.6147540983606558,0.0,0.12295081967213115,0.7377049180327869,12.663934426229508,4.549180327868853,0.8606557377049181,0.12295081967213115,0.36885245901639346,1.8442622950819672,1.2295081967213115,0.2459016393442623,0.0,0.0,7.368852459016393,55.55555555555556,35.92233009708738,14.285714285714285,6.451034482758621
argentina,Primera Division,2026,Franco García,28.0,F,Argentina,174.0,65.0,8,2,242.0,1.0,0.0,0.0,0.0,0,0,0,0.0,0,0.371900826446281,1.115702479338843,0.371900826446281,0.371900826446281,0.0,0.371900826446281,0.371900826446281,29.3801652892562,1.859504132231405,0.743801652892562,0.0,0.0,0.743801652892562,10.78512396694215,3.71900826446281,3.71900826446281,1.859504132231405,1.115702479338843,0.743801652892562,0.371900826446281,0.0,0.0,0.0,10.743589743589743,33.33333333333333,34.48275862068966,50.0,6.862396694214875
argentina,Primera Division,2025 / 2026,Franco Ibarra,24.0,M,Argentina,175.0,69.0,48,45,4036.0,1.0,2.0,0.0,0.0,0,0,17,0.0,0,0.0,0.5574826560951437,0.1337958374628345,0.022299306243805748,0.044598612487611496,0.06689791873141725,0.022299306243805748,45.71357779980179,0.6912784935579782,4.4598612487611495,0.535183349851338,1.516352824578791,5.976214073339941,13.736372646184343,8.540634291377602,1.070366699702676,0.624380574826561,1.2264618434093162,2.274529236868186,1.4494549058473738,0.37908820614469774,0.0,0.0,42.392682926829266,24.0,62.175324675324674,58.333333333333336,7.3040386521308225
argentina,Primera Division,2025 / 2026,Franco Jara,37.0,F,Argentina,181.0,76.0,39,34,2924.0,6.0,2.0,0.0,1.0,4,1,8,0.0,0,0.46169630642954856,1.6928864569083446,0.8310533515731874,0.18467852257181944,0.06155950752393981,0.24623803009575923,0.06155950752393981,20.622435020519838,0.6771545827633378,0.7387140902872777,0.09233926128590972,0.18467852257181944,0.9233926128590971,12.219562243502052,4.832421340629275,2.4316005471956226,0.9849521203830369,0.24623803009575923,2.0314637482900135,2.185362517099863,0.24623803009575923,0.0,0.0,15.035820895522388,49.09090909090909,39.54659949622166,40.50632911392405,6.623666210670314
argentina,Primera Division,2025 / 2026,Franco Jaroszewicz,18.0,G,,,,0,0,0.0,0.0,0.0,0.0,0.0,0,0,0,0.0,0,,,,,,,,,,,,,,,,,,,,,,,,,,,,
argentina,Primera Division,2026,Franco Leys,32.0,M,Argentina,,,11,4,515.0,0.0,0.0,0.0,0.0,0,0,1,0.0,0,0.0,0.34951456310679613,0.17475728155339806,0.0,0.0,0.0,0.0,36.1747572815534,0.5242718446601942,2.9708737864077674,0.0,1.3980582524271845,4.368932038834951,9.436893203883496,6.116504854368932,0.17475728155339806,0.0,1.3980582524271845,1.3980582524271845,1.0485436893203883,0.17475728155339806,0.0,0.0,24.536231884057973,50.0,64.81481481481481,0.0,6.832295719844359
argentina,Primera Division,2026,Franco Lorenzon,24.0,D,Argentina,188.0,83.0,1,1,90.0,0.0,0.0,0.0,0.0,0,0,1,0.0,0,0.0,0.0,0.0,0.0,0.0,0.0,0.0,30.0,0.0,1.0,3.0,0.0,1.0,10.0,2.0,1.0,0.0,0.0,0.0,1.0,1.0,0.0,0.0,23.0,,20.0,0.0,7.7
argentina,Primera Division,2025,Franco Mastantuono,18.0,F,Argentina,178.0,73.0,12,11,962.0,4.0,4.0,0.0,0.0,1,0,4,0.0,0,0.09355509355509356,3.5550935550935554,1.496881496881497,0.37422037422037424,0.37422037422037424,0.7484407484407485,0.2806652806652807,41.81912681912682,2.525987525987526,0.9355509355509356,0.09355509355509356,0.09355509355509356,1.0291060291060292,16.652806652806653,7.297297297297297,7.390852390852391,3.835758835758836,0.654885654885655,1.683991683991684,1.496881496881497,0.37422037422037424,0.0,0.0,33.592841163310965,42.10526315789473,43.82022471910113,51.89873417721519,7.528170478170479
argentina,Primera Division,2025,Franco Minerva,19.0,M,Argentina,,,10,1,197.0,0.0,0.0,0.0,0.0,0,0,0,0.0,0,0.0,2.284263959390863,0.45685279187817257,0.0,0.0,0.0,0.0,21.472081218274113,0.45685279187817257,2.7411167512690358,0.45685279187817257,0.9137055837563451,3.6548223350253806,10.964467005076143,4.111675126903553,1.3705583756345179,0.0,1.8274111675126903,0.45685279187817257,1.3705583756345179,0.0,0.0,0.0,6.9361702127659575,20.0,37.5,0.0,6.624365482233503
argentina,Primera Division,2026,Franco Moyano,28.0,M,Argentina,171.0,68.0,3,2,136.0,0.0,0.0,0.0,0.0,0,0,1,0.0,0,0.0,0.0,0.0,0.0,0.0,0.0,0.0,47.64705882352941,0.0,0.6617647058823529,0.0,0.0,0.6617647058823529,3.9705882352941178,1.3235294117647058,0.0,0.0,0.6617647058823529,0.0,0.6617647058823529,0.6617647058823529,0.0,0.0,20.069444444444443,,33.33333333333333,,6.586029411764706
argentina,Primera Division,2025 / 2026,Franco Nicola,23.0,F,Uruguay,178.0,70.0,37,20,1868.0,5.0,1.0,0.0,0.0,0,0,2,0.0,0,0.048179871520342615,1.3008565310492506,0.7226980728051392,0.24089935760171305,0.048179871520342615,0.2890792291220557,0.24089935760171305,26.161670235546037,1.493576017130621,1.5417558886509637,0.14453961456102785,0.6263383297644539,2.1680942184154177,12.430406852248392,5.685224839400429,2.890792291220557,1.3972162740899357,0.7708779443254818,1.4453961456102784,1.2526766595289078,0.09635974304068523,0.0,0.0,13.32596685082873,55.55555555555556,45.73643410852713,48.333333333333336,6.833672376873661
argentina,Primera Division,2025 / 2026,Franco Orozco,23.0,M,Argentina,168.0,64.0,16,5,574.0,0.0,0.0,0.0,0.0,0,0,2,0.0,0,0.313588850174216,0.47038327526132406,0.156794425087108,0.0,0.0,0.0,0.0,22.421602787456447,1.724738675958188,2.1951219512195124,0.156794425087108,0.313588850174216,2.508710801393728,13.641114982578397,6.7421602787456445,3.449477351916376,0.9407665505226481,1.0975609756097562,2.6655052264808363,0.47038327526132406,0.313588850174216,0.0,0.0,8.944055944055943,33.33333333333333,49.42528735632184,27.27272727272727,6.71849912739965
argentina,Primera Division,2025 / 2026,Franco Pardo,28.0,D,Argentina,183.0,80.0,41,28,2728.0,0.0,0.0,0.0,0.0,0,0,8,0.0,2,0.0,0.3299120234604106,0.09897360703812318,0.0,0.0,0.0,0.0,43.74633431085044,0.26392961876832843,1.0227272727272727,0.5608504398826979,1.781524926686217,2.8042521994134897,7.159090909090909,4.816715542521994,0.3629032258064516,0.23093841642228738,0.3299120234604106,0.9897360703812317,0.6928152492668622,0.26392961876832843,0.0,0.06598240469208211,41.02870090634441,30.0,67.2811059907834,63.63636363636363,7.052293577981652
argentina,Primera Division,2025 / 2026,Franco Paredes,26.0,D,Argentina,176.0,75.0,9,5,490.0,0.0,0.0,0.0,0.0,0,0,4,0.0,1,0.0,0.1836734693877551,0.0,0.0,0.0,0.0,0.0,40.775510204081634,0.1836734693877551,0.9183673469387754,0.3673469387755102,1.8367346938775508,2.7551020408163263,8.816326530612244,4.040816326530612,0.3673469387755102,0.3673469387755102,0.0,0.9183673469387754,2.387755102040816,0.7346938775510204,0.0,0.1836734693877551,27.62162162162162,0.0,45.83333333333333,100.0,6.678979591836734
argentina,Primera Division,2025 / 2026,Franco Petroli,27.0,G,Argentina,188.0,72.0,34,34,3095.0,0.0,1.0,0.0,0.0,0,0,3,0.0,0,0.0,0.0,0.0,0.0,0.029079159935379646,0.029079159935379646,0.0,29.544426494345718,0.05815831987075929,0.0,0.0,0.029079159935379646,0.029079159935379646,0.23263327948303716,0.20355411954765754,0.029079159935379646,0.0,0.0,0.08723747980613893,0.0,0.08723747980613893,0.0,0.0,20.228346456692915,,87.5,0.0,7.181033925686591
argentina,Primera Division,2025,Franco Rami,22.0,F,Argentina,192.0,77.0,18,6,745.0,3.0,0.0,0.0,0.0,0,0,0,0.0,0,0.36241610738255037,2.295302013422819,0.9664429530201342,0.36241610738255037,0.0,0.36241610738255037,0.36241610738255037,16.671140939597315,0.8456375838926173,0.9664429530201342,0.0,0.4832214765100671,1.4496644295302015,14.496644295302012,6.161073825503356,0.4832214765100671,0.0,0.6040268456375839,0.9664429530201342,1.4496644295302015,0.0,0.0,0.0,7.62043795620438,42.10526315789473,42.5,0.0,6.651209677419355
argentina,Primera Division,2026,Franco Saavedra,22.0,D,Argentina,,,12,12,953.0,0.0,1.0,0.0,0.0,0,0,2,0.0,2,0.0,0.47219307450157394,0.0944386149003148,0.0,0.0944386149003148,0.0944386149003148,0.0,33.05351521511018,1.0388247639034627,1.8887722980062958,0.1888772298006296,1.3221406086044072,3.210912906610703,10.482686253934942,5.194123819517314,2.1720881427072403,1.1332633788037776,0.7555089192025184,1.6054564533053515,1.794333683105981,0.1888772298006296,0.0,0.1888772298006296,23.434285714285714,20.0,49.549549549549546,52.17391304347826,6.7557187827911855
argentina,Primera Division,2025,Franco Toloza,31.0,F,Argentina,,,16,7,703.0,1.0,0.0,0.0,0.0,0,0,4,0.0,0,0.6401137980085349,1.9203413940256044,0.8961593172119487,0.12802275960170698,0.0,0.12802275960170698,0.12802275960170698,14.33854907539118,0.6401137980085349,0.7681365576102419,0.0,0.12802275960170698,0.8961593172119487,12.802275960170698,4.7368421052631575,0.6401137980085349,0.5120910384068279,0.6401137980085349,1.4082503556187767,2.0483641536273116,0.5120910384068279,0.0,0.0,6.1415094339622645,46.666666666666664,37.0,80.0,6.764153627311522
argentina,Primera Division,2025 / 2026,Franco Torres,26.0,F,Argentina,,,19,5,677.0,4.0,0.0,0.0,0.0,0,0,4,0.0,0,0.6646971935007385,1.5952732644017726,1.1964549483013294,0.5317577548005908,0.0,0.5317577548005908,0.5317577548005908,20.87149187592319,1.9940915805022155,1.329394387001477,0.0,0.2658788774002954,1.5952732644017726,11.299852289512556,4.918759231905465,2.7917282127031022,1.5952732644017726,1.329394387001477,1.4623338257016247,1.329394387001477,0.5317577548005908,0.0,0.0,7.923566878980892,75.0,43.529411764705884,57.14285714285714,6.817282127031019
argentina,Primera Division,2026,Franco Vázquez,36.0,M,Argentina,187.0,82.0,19,13,1259.0,2.0,2.0,0.0,0.0,0,0,4,0.0,0,0.2859412231930103,1.1437648927720412,0.2859412231930103,0.14297061159650515,0.14297061159650515,0.2859412231930103,0.14297061159650515,42.31930103256553,1.0007942811755361,2.3590150913423353,0.2859412231930103,0.857823669579031,3.2168387609213664,12.724384432088959,6.219221604447975,2.3590150913423353,0.5003971405877681,0.9293089753772835,2.3590150913423353,1.1437648927720412,0.2859412231930103,0.0,0.0,31.738175675675677,25.0,48.87640449438202,21.21212121212121,6.94527402700556
argentina,Primera Division,2025 / 2026,Franco Watson,23.0,M,Argentina,,,26,17,1304.0,1.0,1.0,0.0,0.0,0,0,1,0.0,0,0.06901840490797546,1.3803680981595092,0.6211656441717791,0.06901840490797546,0.06901840490797546,0.13803680981595093,0.06901840490797546,36.372699386503065,0.9662576687116565,1.3803680981595092,0.13803680981595093,0.2070552147239264,1.5874233128834354,9.938650306748466,4.072085889570553,1.51840490797546,0.5521472392638037,1.51840490797546,1.51840490797546,1.0352760736196318,0.06901840490797546,0.0,0.0,22.95066413662239,45.0,40.97222222222222,36.36363636363637,6.596316193399846
argentina,Primera Division,2025 / 2026,Franco Zapiola,24.0,M,Argentina,173.0,68.0,46,34,2710.0,3.0,1.0,0.0,0.0,0,0,5,0.0,0,0.13284132841328414,1.8929889298892988,0.7638376383763837,0.0996309963099631,0.033210332103321034,0.13284132841328414,0.0996309963099631,33.24354243542435,2.2250922509225095,1.5276752767527675,0.06642066420664207,0.96309963099631,2.4907749077490773,10.660516605166052,5.11439114391144,3.088560885608856,1.6605166051660516,1.062730627306273,1.5276752767527675,0.7970479704797048,0.16605166051660517,0.0,0.0,22.725274725274726,40.35087719298245,47.97507788161994,53.76344086021505,6.9416574990832425
argentina,Primera Division,2025,Frank Castañeda,31.0,F,Colombia,172.0,69.0,10,3,340.0,0.0,1.0,0.0,0.0,0,0,0,0.0,0,0.2647058823529412,1.0588235294117647,0.5294117647058824,0.0,0.2647058823529412,0.2647058823529412,0.0,28.85294117647059,3.4411764705882355,1.0588235294117647,0.5294117647058824,0.5294117647058824,1.588235294117647,9.529411764705882,3.4411764705882355,2.6470588235294117,1.3235294117647058,0.7941176470588235,0.7941176470588235,0.7941176470588235,0.0,0.0,0.0,9.137614678899082,50.0,36.11111111111111,50.0,6.5661764705882355
argentina,Primera Division,2025,Frank Fabra,34.0,D,Colombia,174.0,73.0,2,1,124.0,0.0,0.0,0.0,0.0,0,0,1,0.0,0,0.0,1.4516129032258065,0.7258064516129032,0.0,0.0,0.0,0.0,35.564516129032256,0.7258064516129032,2.1774193548387095,0.0,4.354838709677419,6.53225806451613,7.983870967741936,3.629032258064516,0.0,0.0,0.0,0.7258064516129032,1.4516129032258065,0.7258064516129032,0.0,0.0,32.83673469387755,50.0,45.45454545454545,,7.083064516129032
argentina,Primera Division,2025,Froilán Díaz,19.0,G,Argentina,189.0,90.0,0,0,0.0,0.0,0.0,0.0,0.0,0,0,0,0.0,0,,,,,,,,,,,,,,,,,,,,,,,,,,,,
argentina,Primera Division,2025 / 2026,Gabriel Alanis,31.0,M,Argentina,189.0,80.0,36,23,1987.0,1.0,0.0,0.0,0.0,0,0,0,0.0,1,0.4076497232008053,0.9058882737795672,0.2264720684448918,0.04529441368897836,0.0,0.04529441368897836,0.04529441368897836,18.75188726723704,0.634121791645697,1.041771514846502,0.2264720684448918,0.7247106190236537,1.7664821338701562,10.281831907398088,3.8500251635631604,2.400603925515853,0.7700050327126321,0.6794162053346754,0.6794162053346754,0.996477101157524,0.0,0.0,0.04529441368897836,13.082125603864734,25.0,37.44493392070485,32.075471698113205,6.482737795671867
argentina,Primera Division,2025 / 2026,Gabriel Arias,38.0,G,Chile,189.0,85.0,26,26,2311.0,0.0,0.0,0.0,0.0,0,0,2,0.0,1,0.0,0.0,0.0,0.0,0.0,0.0,0.0,23.950670705322374,0.11683254002596279,0.03894418000865426,0.0,0.03894418000865426,0.07788836001730852,0.35049762007788837,0.23366508005192557,0.0,0.0,0.07788836001730852,0.07788836001730852,0.03894418000865426,0.07788836001730852,0.0,0.03894418000865426,16.177235772357722,,66.66666666666666,,6.818390307226308
argentina,Primera Division,2025 / 2026,Gabriel Báez,30.0,D,Argentina,178.0,74.0,17,15,1317.0,0.0,0.0,0.0,0.0,0,0,4,0.0,0,0.0,0.41002277904328016,0.0683371298405467,0.0,0.0,0.0,0.0,36.69703872437358,1.366742596810934,1.9134396355353074,0.1366742596810934,0.6150341685649203,2.5284738041002277,7.312072892938497,3.6218678815489747,1.2300683371298406,0.6150341685649203,0.5466970387243736,0.47835990888382685,1.1617312072892938,0.2733485193621868,0.0,0.0,27.94785847299814,16.666666666666664,49.532710280373834,50.0,6.634472285497343
argentina,Primera Division,2025,Gabriel Carabajal,35.0,M,Argentina,178.0,75.0,14,10,760.0,2.0,0.0,0.0,0.0,2,0,1,0.0,0,0.0,1.894736842105263,0.8289473684210525,0.23684210526315788,0.0,0.23684210526315788,0.0,33.75,1.894736842105263,0.47368421052631576,0.0,0.9473684210526315,1.4210526315789473,9.710526315789474,4.2631578947368425,1.776315789473684,0.47368421052631576,1.3026315789473684,2.013157894736842,0.9473684210526315,0.11842105263157894,0.0,0.0,20.782456140350877,43.75,43.90243902439025,26.666666666666668,6.954473684210526
argentina,Primera Division,2025 / 2026,Gabriel Compagnucci,34.0,D,Argentina,178.0,74.0,37,27,2516.0,1.0,3.0,1.0,0.0,0,0,6,0.0,2,0.14308426073131955,0.3934817170111288,0.07154213036565978,0.03577106518282989,0.10731319554848966,0.14308426073131955,0.03577106518282989,29.153418124006357,1.251987281399046,1.3235294117647058,0.10731319554848966,0.4292527821939586,1.7527821939586645,7.655007949125596,3.863275039745628,1.3235294117647058,0.5365659777424484,0.7511923688394276,1.0731319554848968,1.1089030206677266,0.2146263910969793,0.0,0.07154213036565978,23.933742331288343,18.181818181818183,50.467289719626166,40.54054054054054,6.752980922098569
argentina,Primera Division,2025 / 2026,Gabriel Díaz,25.0,D,Argentina,,,25,15,1280.0,1.0,1.0,0.0,0.0,0,0,7,0.0,1,0.0703125,0.49218749999999994,0.140625,0.0703125,0.0703125,0.140625,0.0703125,29.25,0.84375,1.9687499999999998,0.28125,1.6875,3.65625,8.15625,3.5859374999999996,1.125,0.84375,0.84375,0.0703125,1.265625,0.49218749999999994,0.0,0.0703125,16.548076923076923,28.57142857142857,43.96551724137931,75.0,6.663906250000001
argentina,Primera Division,2025 / 2026,Gabriel Florentín,26.0,M,Argentina,173.0,70.0,9,1,202.0,1.0,1.0,0.0,0.0,0,0,3,0.0,0,0.44554455445544555,0.44554455445544555,0.44554455445544555,0.44554455445544555,0.44554455445544555,0.8910891089108911,0.44554455445544555,62.37623762376237,3.5643564356435644,2.227722772277228,0.0,0.44554455445544555,2.673267326732673,16.93069306930693,9.356435643564357,4.00990099009901,1.7821782178217822,0.44554455445544555,3.5643564356435644,2.227722772277228,1.3366336633663365,0.0,0.0,18.22142857142857,100.0,55.26315789473685,44.44444444444444,7.211386138613863
argentina,Primera Division,2025 / 2026,Gabriel Neves,28.0,M,Uruguay,171.0,72.0,31,20,1772.0,2.0,1.0,0.0,0.0,0,0,3,0.0,1,0.0,0.3047404063205418,0.1523702031602709,0.10158013544018057,0.05079006772009029,0.1523702031602709,0.10158013544018057,69.63318284424379,1.3205417607223477,2.945823927765237,0.4063205417607223,1.4729119638826185,4.418735891647855,8.380361173814899,4.723476297968397,0.6602708803611739,0.4063205417607223,1.7776523702031604,0.3555304740406321,0.8634311512415349,0.1523702031602709,0.0,0.05079006772009029,53.7892049598833,50.0,56.36363636363636,61.53846153846154,7.219920769666101
argentina,Primera Division,2025 / 2026,Gabriel Obredor,28.0,M,Argentina,,,36,2,984.0,2.0,0.0,1.0,1.0,0,0,4,0.0,0,0.7317073170731708,1.371951219512195,0.6402439024390244,0.1829268292682927,0.0,0.1829268292682927,0.1829268292682927,18.932926829268293,0.6402439024390244,2.1036585365853657,0.3658536585365854,0.45731707317073167,2.5609756097560976,21.676829268292682,10.335365853658537,2.74390243902439,0.823170731707317,0.6402439024390244,1.5548780487804879,2.74390243902439,0.3658536585365854,0.0,0.0,4.862068965517241,46.666666666666664,47.67932489451477,30.0,6.550968399592253
argentina,Primera Division,2025,Gabriel Paredes,22.0,M,Argentina,,,1,0,10.0,0.0,0.0,0.0,0.0,0,0,0,0.0,0,0.0,0.0,0.0,0.0,0.0,0.0,0.0,54.0,0.0,9.0,0.0,9.0,18.0,27.0,9.0,0.0,0.0,9.0,0.0,9.0,0.0,0.0,0.0,3.0,,33.33333333333333,,6.3
argentina,Primera Division,2026,Gabriel Risso Patrón,30.0,D,Argentina,179.0,73.0,4,3,290.0,0.0,0.0,0.0,0.0,0,0,0,0.0,0,0.0,0.0,0.0,0.0,0.0,0.0,0.0,18.931034482758623,0.3103448275862069,0.9310344827586207,0.0,0.9310344827586207,1.8620689655172413,4.344827586206897,1.8620689655172413,0.0,0.0,0.3103448275862069,0.6206896551724138,0.3103448275862069,0.0,0.0,0.0,11.868852459016393,,42.857142857142854,,6.308620689655172
argentina,Primera Division,2025 / 2026,Gabriel Rojas,28.0,D,Argentina,178.0,68.0,39,37,3444.0,1.0,9.0,0.0,2.0,0,0,5,0.0,0,0.1829268292682927,0.5749128919860628,0.156794425087108,0.02613240418118467,0.23519163763066203,0.2613240418118467,0.02613240418118467,32.038327526132406,1.6724738675958188,1.3066202090592336,0.23519163763066203,0.7839721254355401,2.0905923344947737,7.865853658536586,4.128919860627177,1.7508710801393728,0.862369337979094,0.4181184668989547,0.9407665505226481,1.17595818815331,0.13066202090592335,0.0,0.0,27.353181076672104,27.27272727272727,52.49169435215947,49.25373134328358,7.054558652729384
argentina,Primera Division,2025,Gabriel Vega,23.0,M,Argentina,186.0,75.0,9,2,308.0,1.0,1.0,0.0,0.0,1,0,1,0.0,1,0.0,1.168831168831169,0.5844155844155845,0.29220779220779225,0.29220779220779225,0.5844155844155845,0.0,30.68181818181818,1.168831168831169,2.337662337662338,0.0,0.8766233766233766,3.214285714285714,17.532467532467532,7.8896103896103895,3.7987012987012987,2.6298701298701297,1.461038961038961,2.337662337662338,1.461038961038961,0.29220779220779225,0.0,0.29220779220779225,12.304761904761905,50.0,45.0,69.23076923076923,6.751298701298702
argentina,Primera Division,2025 / 2026,Gabriel Ávalos,35.0,F,Paraguay,188.0,91.0,47,38,3404.0,22.0,7.0,1.0,0.0,4,1,5,0.0,0,0.5552291421856639,1.9300822561692128,0.9253819036427732,0.581668625146886,0.18507638072855465,0.7667450058754406,0.4759106933019977,17.238542890716804,1.13689776733255,0.5552291421856639,0.052878965922444184,0.13219741480611047,0.6874265569917744,12.135722679200939,5.948883666274972,0.5552291421856639,0.15863689776733256,0.13219741480611047,1.0575793184488838,1.3219741480611047,0.13219741480611047,0.0,0.0,10.396313364055299,47.94520547945205,49.01960784313725,28.57142857142857,7.112103407755582
argentina,Primera Division,2025,Galo Galarza,20.0,M,Argentina,,,0,0,0.0,0.0,0.0,0.0,0.0,0,0,0,0.0,0,,,,,,,,,,,,,,,,,,,,,,,,,,,,
argentina,Primera Division,2025 / 2026,Galo Volpe,21.0,D,Argentina,173.0,67.0,0,0,0.0,0.0,0.0,0.0,0.0,0,0,0,0.0,0,,,,,,,,,,,,,,,,,,,,,,,,,,,,
argentina,Primera Division,2025,Galván Vittar,21.0,D,Argentina,188.0,78.0,0,0,0.0,0.0,0.0,0.0,0.0,0,0,0,0.0,0,,,,,,,,,,,,,,,,,,,,,,,,,,,,
argentina,Primera Division,2025 / 2026,Gaspar Duarte,22.0,F,Colombia,175.0,68.0,40,19,1754.0,2.0,0.0,2.0,0.0,0,0,3,0.0,0,0.35917901938426455,1.2827822120866592,0.7696693272519954,0.10262257696693272,0.0,0.10262257696693272,0.10262257696693272,16.984036488027368,0.4618015963511973,1.4880273660205243,0.05131128848346636,0.4104903078677309,1.8985176738882554,13.033067274800455,5.079817559863169,4.258836944127708,1.12884834663626,0.4618015963511973,2.1550741163055873,1.1801596351197263,0.15393386545039908,0.0,0.0,8.3,60.0,38.976377952755904,26.506024096385545,6.498799313893653
argentina,Primera Division,2025,Gaspar Iñíguez,31.0,M,Argentina,172.0,77.0,3,1,118.0,0.0,1.0,0.0,0.0,0,0,0,0.0,0,0.0,0.7627118644067796,0.0,0.0,0.7627118644067796,0.7627118644067796,0.0,41.94915254237288,0.7627118644067796,0.0,0.0,1.5254237288135593,1.5254237288135593,6.101694915254237,1.5254237288135593,0.7627118644067796,0.7627118644067796,0.0,0.7627118644067796,2.288135593220339,0.0,0.0,0.0,32.763636363636365,0.0,25.0,100.0,6.532203389830508
argentina,Primera Division,2025 / 2026,Gastón Arturia,26.0,D,Argentina,183.0,72.0,6,5,432.0,0.0,0.0,0.0,0.0,0,0,1,0.0,0,0.0,0.41666666666666663,0.20833333333333331,0.0,0.0,0.0,0.0,28.125,0.20833333333333331,1.0416666666666665,0.41666666666666663,1.0416666666666665,2.083333333333333,10.0,4.583333333333333,0.0,0.0,0.0,0.41666666666666663,2.083333333333333,0.20833333333333331,0.0,0.0,22.634328358208954,50.0,45.83333333333333,,6.4125
argentina,Primera Division,2025,Gastón Benavídez,30.0,D,Argentina,175.0,72.0,11,10,903.0,2.0,1.0,0.0,0.0,0,0,0,0.0,0,0.09966777408637874,0.39867109634551495,0.29900332225913623,0.19933554817275748,0.09966777408637874,0.29900332225913623,0.19933554817275748,39.56810631229236,1.0963455149501662,1.6943521594684385,0.19933554817275748,0.6976744186046512,2.39202657807309,6.4784053156146175,3.787375415282392,1.2956810631229236,0.49833887043189373,0.49833887043189373,0.6976744186046512,0.6976744186046512,0.0,0.0,0.0,34.57178841309824,75.0,58.46153846153847,38.46153846153847,7.012292358803987
argentina,Primera Division,2025 / 2026,Gastón Benedetti,24.0,D,Argentina,175.0,66.0,33,21,2065.0,0.0,5.0,0.0,1.0,0,0,10,0.0,2,0.0,0.4358353510895884,0.08716707021791767,0.0,0.2179176755447942,0.2179176755447942,0.0,41.79661016949153,0.8716707021791767,2.3099273607748185,0.3922518159806295,0.784503631961259,3.094430992736078,7.234866828087167,3.8789346246973366,1.1331719128329298,0.4794188861985472,0.3922518159806295,0.3922518159806295,1.3075060532687652,0.4358353510895884,0.0,0.08716707021791767,36.24008350730689,20.0,53.6144578313253,42.30769230769231,6.998206495395055
argentina,Primera Division,2025,Gastón Bouhier,,F,,,,1,0,2.0,0.0,0.0,0.0,0.0,0,0,0,0.0,0,0.0,0.0,0.0,0.0,0.0,0.0,0.0,45.0,0.0,0.0,0.0,0.0,0.0,90.0,45.0,45.0,45.0,0.0,0.0,0.0,0.0,0.0,0.0,,,50.0,100.0,
argentina,Primera Division,2025 / 2026,Gastón Bouhier,16.0,F,,,,0,0,0.0,0.0,0.0,0.0,0.0,0,0,0,0.0,0,,,,,,,,,,,,,,,,,,,,,,,,,,,,
argentina,Primera Division,2026,Gastón Campi,34.0,D,Argentina,193.0,88.0,7,6,564.0,0.0,0.0,0.0,0.0,0,0,2,0.0,0,0.0,0.1595744680851064,0.0,0.0,0.0,0.0,0.0,29.680851063829785,0.0,0.9574468085106382,0.797872340425532,2.2340425531914896,3.191489361702128,4.787234042553192,2.8723404255319145,0.4787234042553191,0.4787234042553191,0.1595744680851064,0.0,1.2765957446808511,0.3191489361702128,0.0,0.0,25.188172043010752,0.0,60.0,100.0,6.842628774422735
argentina,Primera Division,2025,Gastón González,24.0,M,Argentina,182.0,81.0,17,11,972.0,1.0,1.0,0.0,0.0,0,0,0,0.0,0,0.1851851851851852,0.8333333333333333,0.3703703703703704,0.0925925925925926,0.0925925925925926,0.1851851851851852,0.0925925925925926,24.166666666666668,0.6481481481481481,1.1111111111111112,0.0,0.6481481481481481,1.7592592592592593,12.685185185185185,6.203703703703704,3.9814814814814814,2.1296296296296298,0.3703703703703704,1.4814814814814816,0.7407407407407408,0.0,0.0,0.0,18.597701149425287,44.44444444444444,48.9051094890511,53.48837209302325,6.638888888888889
argentina,Primera Division,2025 / 2026,Gastón Hernández,27.0,D,Argentina,185.0,80.0,34,32,2871.0,1.0,0.0,0.0,0.0,0,0,9,0.0,1,0.06269592476489029,0.28213166144200624,0.06269592476489029,0.031347962382445145,0.0,0.031347962382445145,0.031347962382445145,42.35109717868339,0.09404388714733543,2.19435736677116,0.5956112852664577,2.1003134796238245,4.294670846394984,9.717868338557993,5.893416927899687,0.7836990595611285,0.4702194357366771,0.5329153605015674,0.8463949843260189,0.8463949843260189,0.28213166144200624,0.0,0.031347962382445145,42.80903034789045,22.22222222222222,60.64516129032258,60.0,7.1234576507493905
argentina,Primera Division,2025 / 2026,Gastón Lodico,27.0,M,Argentina,173.0,63.0,46,45,3582.0,6.0,3.0,0.0,0.0,1,0,3,0.0,0,0.02512562814070352,0.7286432160804021,0.5025125628140703,0.15075376884422112,0.07537688442211056,0.22613065326633167,0.12562814070351758,50.27638190954774,2.21105527638191,1.9346733668341707,0.12562814070351758,0.9547738693467336,2.8894472361809047,7.386934673366834,4.221105527638191,1.206030150753769,0.7035175879396985,1.3567839195979898,1.2562814070351758,0.4773869346733668,0.07537688442211056,0.0,0.0,41.32133933033483,68.96551724137932,57.14285714285714,58.333333333333336,7.27749860413177
argentina,Primera Division,2025 / 2026,Gastón Martirena,25.0,D,Uruguay,173.0,64.0,36,29,2765.0,3.0,4.0,0.0,0.0,0,0,8,0.0,1,0.09764918625678119,0.976491862567812,0.39059674502712477,0.09764918625678119,0.1301989150090416,0.22784810126582278,0.09764918625678119,33.52622061482821,1.2694394213381555,1.5949367088607596,0.2603978300180832,1.3996383363471971,2.9945750452079567,9.439421338155515,4.426763110307414,1.952983725135624,0.976491862567812,1.074141048824593,0.976491862567812,0.7811934900542495,0.2603978300180832,0.0,0.0325497287522604,25.214216163583252,40.0,46.89655172413793,50.0,7.114249547920434
argentina,Primera Division,2025,Gastón Moreyra,26.0,M,Argentina,,,2,1,75.0,0.0,0.0,0.0,0.0,0,0,0,0.0,0,0.0,3.6,1.2000000000000002,0.0,0.0,0.0,0.0,42.0,2.4000000000000004,3.6,0.0,1.2000000000000002,4.800000000000001,16.8,8.4,6.0,3.6,1.2000000000000002,0.0,1.2000000000000002,0.0,0.0,0.0,18.6,33.33333333333333,50.0,60.0,7.063999999999999
argentina,Primera Division,2025 / 2026,Gastón Suso,34.0,D,Argentina,190.0,82.0,43,42,3788.0,1.0,0.0,0.0,5.0,0,0,13,0.0,1,0.04751847940865892,0.5702217529039071,0.21383315733896516,0.02375923970432946,0.0,0.02375923970432946,0.02375923970432946,30.50686378035903,0.04751847940865892,1.2829989440337908,0.6890179514255543,1.3542766631467793,2.63727560718057,7.460401267159451,5.108236536430835,0.07127771911298839,0.04751847940865892,0.3563885955649419,0.5939809926082364,0.8078141499472017,0.30887011615628296,0.0,0.02375923970432946,30.471183800623052,37.5,68.47133757961782,66.66666666666666,6.930807814149947
argentina,Primera Division,2025,Gastón Togni,28.0,M,Argentina,181.0,80.0,12,11,886.0,5.0,1.0,0.0,0.0,0,0,1,0.0,0,0.6094808126410836,2.6410835214446955,1.4221218961625284,0.5079006772009029,0.10158013544018057,0.6094808126410836,0.5079006772009029,21.738148984198645,1.4221218961625284,0.5079006772009029,0.20316027088036115,0.4063205417607223,0.9142212189616252,6.501128668171557,2.945823927765237,1.6252821670428892,0.9142212189616252,0.3047404063205418,0.9142212189616252,0.3047404063205418,0.10158013544018057,0.0,0.0,14.294392523364486,53.84615384615385,45.3125,56.25,7.451128668171557
argentina,Primera Division,2025 / 2026,Gastón Verón,24.0,F,Argentina,184.0,82.0,28,18,1546.0,7.0,3.0,0.0,0.0,2,0,4,0.0,0,0.5821474773609314,1.8628719275549808,0.815006468305304,0.407503234152652,0.17464424320827943,0.5821474773609314,0.2910737386804657,36.79172056921087,1.1060802069857698,0.815006468305304,0.0,0.17464424320827943,0.9896507115135835,17.115135834411387,7.917205692108668,2.153945666235446,0.9896507115135835,0.5239327296248383,1.8628719275549808,1.6882276843467012,0.2328589909443726,0.0,0.0,20.121835443037973,43.75,46.25850340136054,45.94594594594595,6.888292367399741
argentina,Primera Division,2026,Gastón Ávila,24.0,D,Argentina,182.0,80.0,13,11,1069.0,2.0,1.0,0.0,1.0,0,0,2,0.0,0,0.0,0.42095416276894293,0.25257249766136575,0.16838166510757718,0.08419083255378859,0.25257249766136575,0.16838166510757718,50.43030869971937,0.16838166510757718,1.7680074836295603,0.25257249766136575,1.010289990645463,2.7782974742750235,7.8297474275023395,5.051449953227315,0.16838166510757718,0.16838166510757718,0.6735266604303087,1.2628624883068287,0.5051449953227315,0.16838166510757718,0.0,0.0,46.207011686143574,60.0,64.51612903225806,100.0,7.20289990645463
argentina,Primera Division,2026,Genaro Ordóñez,18.0,D,,,,0,0,0.0,0.0,0.0,0.0,0.0,0,0,0,0.0,0,,,,,,,,,,,,,,,,,,,,,,,,,,,,
argentina,Primera Division,2025,Genaro Rossi,23.0,F,Argentina,182.0,79.0,2,1,105.0,0.0,0.0,0.0,0.0,0,0,0,0.0,0,0.8571428571428572,0.0,0.0,0.0,0.0,0.0,0.0,9.428571428571429,0.0,1.7142857142857144,0.0,0.0,1.7142857142857144,16.285714285714285,6.0,2.571428571428571,1.7142857142857144,0.8571428571428572,1.7142857142857144,0.8571428571428572,0.0,0.0,0.0,4.090909090909091,,36.84210526315789,66.66666666666666,6.348571428571428
argentina,Primera Division,2025 / 2026,Germán Conti,31.0,D,Argentina,193.0,82.0,19,10,1069.0,0.0,0.0,0.0,0.0,0,0,2,0.0,0,0.0,0.5893358278765202,0.25257249766136575,0.0,0.0,0.0,0.0,33.42376052385407,0.25257249766136575,0.9260991580916745,1.1786716557530403,2.5257249766136574,3.451824134705332,7.324602432179607,4.714686623012161,0.0,0.0,0.42095416276894293,0.25257249766136575,0.42095416276894293,0.16838166510757718,0.0,0.0,30.506297229219143,42.857142857142854,64.36781609195403,,6.994475655430712
argentina,Primera Division,2026,Germán Guiffrey,28.0,D,Argentina,182.0,74.0,0,0,0.0,0.0,0.0,0.0,0.0,0,0,0,0.0,0,,,,,,,,,,,,,,,,,,,,,,,,,,,,
argentina,Primera Division,2025 / 2026,Germán Pezzella,34.0,D,Argentina,187.0,82.0,21,14,1378.0,0.0,0.0,0.0,0.0,0,0,3,0.0,0,0.0,0.5878084179970973,0.2612481857764877,0.0,0.0,0.0,0.0,53.555878084179966,0.06531204644412192,0.718432510885341,0.4571843251088534,1.1756168359941945,1.8940493468795356,6.661828737300436,4.4412191582002905,0.13062409288824384,0.06531204644412192,0.2612481857764877,0.4571843251088534,0.5224963715529753,0.19593613933236573,0.0,0.0,53.095238095238095,44.44444444444444,66.66666666666666,50.0,7.0619738751814225
argentina,Primera Division,2025,Geronimo Montivero,20.0,D,Argentina,188.0,,0,0,0.0,0.0,0.0,0.0,0.0,0,0,0,0.0,0,,,,,,,,,,,,,,,,,,,,,,,,,,,,
argentina,Primera Division,2025,Geronimo Rivera,22.0,M,Argentina,,,13,11,851.0,2.0,1.0,1.0,0.0,0,0,3,0.0,0,0.42303172737955347,1.6921269095182139,0.7403055229142186,0.21151586368977673,0.10575793184488837,0.3172737955346651,0.21151586368977673,20.411280846063455,1.0575793184488838,2.009400705052879,0.21151586368977673,1.0575793184488838,3.0669800235017624,13.431257344300823,6.028202115158637,3.0669800235017624,1.163337250293772,1.163337250293772,2.326674500587544,1.3748531139835487,0.3172737955346651,0.0,0.0,14.549222797927461,43.75,44.881889763779526,37.93103448275862,6.993372781065089
argentina,Primera Division,2025,Gerónimo Heredia,20.0,D,Argentina,,,13,6,646.0,0.0,0.0,0.0,0.0,0,0,3,0.0,0,0.0,0.5572755417956656,0.2786377708978328,0.0,0.0,0.0,0.0,24.102167182662537,0.4179566563467492,1.671826625386997,0.5572755417956656,0.2786377708978328,1.9504643962848298,9.055727554179565,3.761609907120743,1.8111455108359134,0.5572755417956656,0.6965944272445821,0.4179566563467492,1.8111455108359134,0.4179566563467492,0.0,0.0,14.375722543352602,50.0,41.53846153846154,30.76923076923077,6.532298136645963
argentina,Primera Division,2026,Gerónimo Patritti,23.0,M,,,,0,0,0.0,0.0,0.0,0.0,0.0,0,0,0,0.0,0,,,,,,,,,,,,,,,,,,,,,,,,,,,,
argentina,Primera Division,2025 / 2026,Gianluca Ferrari,28.0,D,Argentina,181.0,76.0,28,27,2417.0,0.0,1.0,0.0,1.0,0,0,7,0.0,0,0.07447248655357881,0.5585436491518412,0.11170872983036824,0.0,0.037236243276789406,0.037236243276789406,0.0,29.45386843194042,0.29788994621431525,1.3032685146876293,0.6330161357054199,1.191559784857261,2.4948282995448903,8.11750103434009,4.580057923045097,0.2606537029375259,0.11170872983036824,0.37236243276789405,0.5213074058750518,1.1170872983036824,0.2606537029375259,0.0,0.0,26.81289506953224,20.0,56.42201834862385,42.857142857142854,6.7524203558129905
argentina,Primera Division,2026,Gino Infantino,22.0,M,Argentina,178.0,76.0,2,0,38.0,0.0,0.0,0.0,0.0,0,0,0,0.0,0,0.0,2.3684210526315788,2.3684210526315788,0.0,0.0,0.0,0.0,80.52631578947368,0.0,2.3684210526315788,0.0,0.0,2.3684210526315788,11.842105263157894,7.105263157894736,2.3684210526315788,2.3684210526315788,0.0,2.3684210526315788,2.3684210526315788,0.0,0.0,0.0,15.764705882352942,100.0,60.0,100.0,6.599999999999999
argentina,Primera Division,2025,Gino Olguin,25.0,M,Argentina,181.0,75.0,3,2,165.0,0.0,0.0,0.0,0.0,0,0,1,0.0,0,0.0,0.5454545454545454,0.0,0.0,0.0,0.0,0.0,39.81818181818182,0.5454545454545454,3.8181818181818183,0.0,0.0,3.8181818181818183,11.454545454545453,5.454545454545455,1.6363636363636362,0.5454545454545454,2.1818181818181817,0.0,3.2727272727272725,0.5454545454545454,0.0,0.0,31.301369863013697,0.0,47.61904761904761,33.33333333333333,6.301818181818182
argentina,Primera Division,2026,Gino Santilli,24.0,G,Argentina,191.0,71.0,0,0,0.0,0.0,0.0,0.0,0.0,0,0,0,0.0,0,,,,,,,,,,,,,,,,,,,,,,,,,,,,
argentina,Primera Division,2025,Giorgio Costantini,19.0,M,Brazil,185.0,80.0,2,0,22.0,0.0,0.0,0.0,0.0,0,0,0,0.0,0,0.0,0.0,0.0,0.0,0.0,0.0,0.0,28.636363636363637,0.0,4.090909090909091,0.0,0.0,4.090909090909091,8.181818181818182,4.090909090909091,0.0,0.0,0.0,0.0,0.0,0.0,0.0,0.0,5.0,,50.0,,6.5
argentina,Primera Division,2025,Giovani Chiaverano,20.0,F,Argentina,173.0,77.0,13,3,499.0,0.0,1.0,0.0,0.0,0,0,1,0.0,0,0.18036072144288576,1.623246492985972,1.0821643286573146,0.0,0.18036072144288576,0.18036072144288576,0.0,15.87174348697395,0.721442885771543,1.9839679358717437,0.3607214428857715,0.3607214428857715,2.344689378757515,12.084168336673347,5.050100200400801,1.9839679358717437,0.721442885771543,1.0821643286573146,0.9018036072144289,1.8036072144288577,0.18036072144288576,0.0,0.0,5.494252873563219,66.66666666666666,41.7910447761194,36.36363636363637,6.639879759519038
argentina,Primera Division,2025 / 2026,Giovanni Baroni,16.0,F,Argentina,,,13,9,713.0,0.0,3.0,0.0,0.0,0,0,1,0.0,0,0.12622720897615708,1.1360448807854138,0.5049088359046283,0.0,0.37868162692847124,0.37868162692847124,0.0,30.546984572230013,1.514726507713885,1.640953716690042,0.0,0.25245441795231416,1.8934081346423561,10.35063113604488,5.049088359046284,2.7769985974754556,1.1360448807854138,0.7573632538569425,1.262272089761571,1.1360448807854138,0.12622720897615708,0.0,0.0,19.483471074380166,44.44444444444444,48.78048780487805,40.909090909090914,6.523903818953324
argentina,Primera Division,2025 / 2026,Giovanni Cantizano,18.0,F,Argentina,168.0,63.0,12,2,387.0,1.0,1.0,0.0,0.0,0,0,1,0.0,0,0.0,2.7906976744186047,1.8604651162790697,0.23255813953488372,0.23255813953488372,0.46511627906976744,0.23255813953488372,23.02325581395349,1.3953488372093024,1.8604651162790697,0.0,0.46511627906976744,2.325581395348837,14.651162790697676,5.813953488372093,5.5813953488372094,1.6279069767441858,1.1627906976744184,2.0930232558139537,2.0930232558139537,0.23255813953488372,0.0,0.0,8.88888888888889,66.66666666666666,39.682539682539684,29.166666666666668,6.915625000000001
argentina,Primera Division,2025 / 2026,Giuliano Cerato,27.0,D,Argentina,170.0,65.0,45,41,3768.0,4.0,2.0,0.0,0.0,0,0,16,0.0,0,0.09554140127388534,0.8598726114649681,0.4777070063694267,0.09554140127388534,0.04777070063694267,0.14331210191082802,0.09554140127388534,34.37101910828026,1.194267515923567,2.531847133757962,0.23885350318471335,1.003184713375796,3.535031847133758,8.359872611464967,4.275477707006369,0.6687898089171974,0.3343949044585987,0.9554140127388534,0.6687898089171974,1.5047770700636942,0.38216560509554137,0.0,0.0,24.144544822793605,55.55555555555556,51.142857142857146,50.0,6.9687566418703515
argentina,Primera Division,2025 / 2026,Giuliano Galoppo,26.0,M,Argentina,180.0,78.0,33,19,1735.0,6.0,1.0,1.0,0.0,0,0,5,0.0,0,0.05187319884726225,1.6080691642651297,0.9337175792507204,0.3112391930835735,0.05187319884726225,0.3631123919308357,0.3112391930835735,39.112391930835734,0.7262247838616714,2.126801152737752,0.1037463976945245,0.5187319884726225,2.6455331412103744,11.619596541786743,6.432276657060519,1.3487031700288183,0.622478386167147,0.7262247838616714,2.07492795389049,1.8674351585014408,0.25936599423631124,0.0,0.0,23.48871181938911,58.06451612903226,55.35714285714286,46.15384615384615,7.098847262247839
argentina,Primera Division,2025 / 2026,Gonzalo Abrego,25.0,M,Argentina,184.0,,32,18,1706.0,0.0,0.0,0.0,0.0,0,0,3,0.0,0,0.052754982415005855,1.0550996483001172,0.47479484173505276,0.0,0.0,0.0,0.0,37.139507620164125,1.3188745603751466,1.899179366940211,0.2637749120750293,0.6330597889800704,2.5322391559202817,11.658851113716295,6.172332942555685,1.160609613130129,0.7913247362250879,1.2133645955451349,0.5275498241500586,1.0023446658851114,0.1582649472450176,0.0,0.0,22.214488636363637,45.0,52.94117647058824,68.18181818181817,6.91535756154748
argentina,Primera Division,2025,Gonzalo Bordón,20.0,D,Argentina,,,0,0,0.0,0.0,0.0,0.0,0.0,0,0,0,0.0,0,,,,,,,,,,,,,,,,,,,,,,,,,,,,
argentina,Primera Division,2025,Gonzalo Bravo,35.0,M,Argentina,,,5,1,147.0,0.0,0.0,0.0,0.0,0,0,0,0.0,0,0.6122448979591837,2.4489795918367347,1.8367346938775508,0.0,0.0,0.0,0.0,12.244897959183675,0.0,1.2244897959183674,0.0,0.6122448979591837,1.8367346938775508,8.571428571428571,3.0612244897959187,1.2244897959183674,0.6122448979591837,1.2244897959183674,1.2244897959183674,0.6122448979591837,0.0,0.0,0.0,4.4,75.0,35.714285714285715,50.0,6.870068027210884
argentina,Primera Division,2026,Gonzalo Errecalde,25.0,D,Argentina,185.0,78.0,3,2,162.0,0.0,0.0,0.0,0.0,0,0,1,0.0,0,0.0,0.5555555555555556,0.0,0.0,0.0,0.0,0.0,61.66666666666667,0.0,0.5555555555555556,0.5555555555555556,0.0,0.5555555555555556,5.0,2.7777777777777777,0.0,0.0,0.0,0.0,0.5555555555555556,0.5555555555555556,0.0,0.0,51.108108108108105,0.0,55.55555555555556,,6.292592592592593
argentina,Primera Division,2025,Gonzalo Escudero,18.0,D,Argentina,180.0,72.0,2,1,96.0,0.0,0.0,0.0,0.0,0,0,0,0.0,0,0.0,0.0,0.0,0.0,0.0,0.0,0.0,46.875,0.9375,3.75,0.0,0.9375,4.6875,16.875,10.3125,1.875,1.875,0.9375,1.875,1.875,0.0,0.0,0.0,23.96,,61.111111111111114,100.0,6.546875
argentina,Primera Division,2026,Gonzalo Flores,23.0,F,Argentina,178.0,80.0,4,2,146.0,0.0,0.0,0.0,0.0,0,0,3,0.0,0,0.6164383561643836,1.8493150684931505,0.0,0.0,0.0,0.0,0.0,21.575342465753423,0.6164383561643836,2.4657534246575343,0.0,0.6164383561643836,3.0821917808219177,12.32876712328767,6.164383561643835,0.0,0.0,0.0,2.4657534246575343,1.8493150684931505,1.8493150684931505,0.0,0.0,7.914285714285715,0.0,50.0,,6.657534246575342
argentina,Primera Division,2026,Gonzalo Gelini,19.0,F,,,,4,2,168.0,0.0,0.0,0.0,0.0,0,0,0,0.0,0,0.0,1.0714285714285714,0.0,0.0,0.0,0.0,0.0,18.214285714285715,0.5357142857142857,0.0,0.0,1.0714285714285714,1.0714285714285714,10.714285714285714,3.214285714285714,2.6785714285714284,1.0714285714285714,1.607142857142857,1.607142857142857,2.6785714285714284,0.0,0.0,0.0,7.029411764705882,0.0,30.0,40.0,6.306547619047619
argentina,Primera Division,2025 / 2026,Gonzalo Gonzalez,20.0,D,Argentina,,,1,0,2.0,0.0,0.0,0.0,0.0,0,0,0,0.0,0,0.0,0.0,0.0,0.0,0.0,0.0,0.0,495.0,0.0,0.0,0.0,0.0,0.0,90.0,0.0,0.0,0.0,0.0,0.0,0.0,0.0,0.0,0.0,11.0,,0.0,,
argentina,Primera Division,2025,Gonzalo Goñi,27.0,D,Argentina,184.0,79.0,5,4,280.0,0.0,0.0,0.0,0.0,0,0,1,0.0,0,0.0,0.3214285714285714,0.3214285714285714,0.0,0.0,0.0,0.0,24.428571428571427,0.0,0.9642857142857143,0.3214285714285714,0.3214285714285714,1.2857142857142856,6.428571428571428,2.571428571428571,0.3214285714285714,0.0,0.0,0.3214285714285714,1.2857142857142856,0.3214285714285714,0.0,0.0,19.30263157894737,100.0,40.0,0.0,6.315714285714286
argentina,Primera Division,2025 / 2026,Gonzalo Javier Morales,22.0,F,Argentina,178.0,,36,18,1756.0,4.0,1.0,2.0,0.0,0,0,3,0.0,0,0.30751708428246016,1.2813211845102506,0.5637813211845102,0.20501138952164008,0.05125284738041002,0.25626423690205014,0.20501138952164008,14.555808656036447,0.7175398633257404,0.4612756264236902,0.05125284738041002,0.25626423690205014,0.7175398633257404,7.944191343963553,2.716400911161731,1.1788154897494305,0.20501138952164008,0.20501138952164008,1.2300683371298406,0.8712984054669705,0.15375854214123008,0.0,0.0,8.184397163120567,44.0,34.193548387096776,17.391304347826086,6.589578587699316
argentina,Primera Division,2026,Gonzalo Lencina,28.0,F,Argentina,,,8,6,460.0,0.0,0.0,0.0,0.0,0,0,0,0.0,0,0.5869565217391304,1.9565217391304348,0.782608695652174,0.0,0.0,0.0,0.0,18.0,1.3695652173913044,1.1739130434782608,0.0,0.0,1.1739130434782608,13.695652173913045,6.456521739130435,1.565217391304348,0.782608695652174,0.5869565217391304,1.9565217391304348,0.9782608695652174,0.0,0.0,0.0,8.728260869565217,40.0,47.14285714285714,50.0,6.604347826086957
argentina,Primera Division,2026,Gonzalo Maffini,32.0,D,Argentina,,,11,11,998.0,0.0,1.0,0.0,0.0,0,0,3,0.0,1,0.0,0.3607214428857715,0.18036072144288576,0.0,0.09018036072144288,0.09018036072144288,0.0,33.456913827655306,0.18036072144288576,0.9018036072144289,0.811623246492986,1.533066132264529,2.434869739478958,9.288577154308618,5.681362725450901,0.09018036072144288,0.09018036072144288,0.811623246492986,0.6312625250501002,0.9018036072144289,0.27054108216432865,0.0,0.09018036072144288,24.447439353099732,50.0,61.165048543689316,100.0,6.754108216432866
argentina,Primera Division,2025,Gonzalo Marinelli,36.0,G,Argentina,178.0,77.0,0,0,0.0,0.0,0.0,0.0,0.0,0,0,0,0.0,0,,,,,,,,,,,,,,,,,,,,,,,,,,,,
argentina,Primera Division,2025 / 2026,Gonzalo Maroni,26.0,M,Argentina,175.0,70.0,37,24,2122.0,3.0,3.0,0.0,0.0,0,0,9,0.0,1,0.04241281809613572,1.4420358152686146,0.6361922714420358,0.12723845428840716,0.12723845428840716,0.2544769085768143,0.12723845428840716,32.5306314797361,1.654099905749293,1.3572101790763431,0.04241281809613572,0.4241281809613572,1.7813383600377004,12.723845428840717,6.0226201696512724,3.7323279924599437,1.7813383600377004,0.2120640904806786,1.6116870876531575,1.7389255419415646,0.38171536286522145,0.0,0.04241281809613572,18.834419817470664,44.11764705882353,47.333333333333336,47.72727272727273,6.989396795475966
argentina,Primera Division,2025 / 2026,Gonzalo Martinez,32.0,M,Argentina,170.0,75.0,20,7,738.0,2.0,2.0,0.0,0.0,0,0,2,0.0,0,0.24390243902439024,3.292682926829268,1.0975609756097562,0.24390243902439024,0.24390243902439024,0.4878048780487805,0.24390243902439024,44.146341463414636,2.5609756097560976,1.3414634146341462,0.12195121951219512,0.4878048780487805,1.8292682926829267,16.585365853658537,9.26829268292683,5.2439024390243905,2.3170731707317076,0.8536585365853658,5.365853658536585,1.7073170731707317,0.24390243902439024,0.0,0.0,19.37845303867403,33.33333333333333,55.88235294117647,44.18604651162791,7.182113821138211
argentina,Primera Division,2025 / 2026,Gonzalo Montiel,28.0,D,Argentina,175.0,68.0,38,37,3235.0,7.0,5.0,0.0,0.0,2,1,8,0.0,0,0.36166924265842354,0.7233384853168471,0.36166924265842354,0.1947449768160742,0.1391035548686244,0.33384853168469864,0.1391035548686244,46.54404945904174,1.3910355486862442,1.7248840803709429,0.16692426584234932,1.1128284389489953,2.8377125193199384,6.454404945904173,3.9227202472952087,0.7233384853168471,0.36166924265842354,0.47295208655332305,0.6676970633693973,0.5285935085007728,0.22256568778979907,0.0,0.0,40.151225343693966,50.0,60.775862068965516,50.0,7.121081916537867
argentina,Primera Division,2025,Gonzalo Mottes,27.0,D,Argentina,191.0,86.0,26,22,2042.0,2.0,2.0,0.0,0.0,0,0,5,0.0,0,0.13222331047992164,0.6170421155729677,0.2644466209598433,0.0881488736532811,0.0881488736532811,0.1762977473065622,0.0881488736532811,32.79138099902057,0.1762977473065622,0.9255631733594515,0.396669931439765,0.7492654260528894,1.6748285994123409,8.065621939275221,4.980411361410382,0.04407443682664055,0.04407443682664055,0.2644466209598433,0.3525954946131244,0.969637610186092,0.22037218413320275,0.0,0.0,29.287634408602152,42.857142857142854,61.74863387978142,100.0,6.815490196078431
argentina,Primera Division,2025 / 2026,Gonzalo Perez,24.0,D,Uruguay,178.0,72.0,32,23,2062.0,0.0,1.0,0.0,0.0,0,0,4,0.0,0,0.0,0.21823472356935017,0.08729388942774007,0.0,0.04364694471387003,0.04364694471387003,0.0,44.08341416100873,0.5674102812803103,1.702230843840931,0.5674102812803103,0.7419980601357905,2.4442289039767218,7.070805043646945,3.3171677982541223,0.39282250242483024,0.2618816682832202,1.0038797284190106,0.34917555771096026,1.265761396702231,0.17458777885548013,0.0,0.0,35.53525322740814,40.0,46.913580246913575,66.66666666666666,6.820426977195537
argentina,Primera Division,2025 / 2026,Gonzalo Piñeiro,25.0,M,Argentina,177.0,70.0,19,10,910.0,0.0,0.0,0.0,0.0,0,0,4,0.0,0,0.0,0.5934065934065934,0.1978021978021978,0.0,0.0,0.0,0.0,31.549450549450547,0.2967032967032967,1.978021978021978,0.2967032967032967,1.2857142857142856,3.263736263736264,9.791208791208792,4.054945054945055,0.1978021978021978,0.1978021978021978,0.8901098901098901,0.7912087912087912,2.8681318681318677,0.3956043956043956,0.0,0.0,21.61755485893417,33.33333333333333,41.41414141414141,100.0,6.673157315731574
argentina,Primera Division,2025 / 2026,Gonzalo Requena,22.0,D,Argentina,,,15,14,1291.0,1.0,0.0,0.0,0.0,0,0,4,0.0,0,0.0,0.278853601859024,0.069713400464756,0.069713400464756,0.0,0.069713400464756,0.069713400464756,27.118512780790088,0.069713400464756,1.3245546088303641,0.6274206041828041,1.115414407436096,2.4399690162664602,8.226181254841208,4.740511231603408,0.0,0.0,0.557707203718048,0.557707203718048,0.836560805577072,0.278853601859024,0.0,0.0,22.488431876606683,25.0,57.6271186440678,,6.767776917118513
argentina,Primera Division,2025,Gonzalo Reyna,26.0,M,Argentina,,,2,0,25.0,0.0,0.0,0.0,0.0,0,0,0,0.0,0,3.6,0.0,0.0,0.0,0.0,0.0,0.0,21.599999999999998,0.0,7.2,0.0,0.0,7.2,14.4,10.799999999999999,3.6,0.0,0.0,0.0,0.0,0.0,0.0,0.0,2.3333333333333335,,75.0,0.0,6.9
argentina,Primera Division,2025 / 2026,Gonzalo Ríos,26.0,M,Argentina,174.0,66.0,45,35,2916.0,3.0,4.0,0.0,0.0,0,0,3,0.0,0,0.06172839506172839,1.1419753086419753,0.5864197530864198,0.0925925925925926,0.12345679012345678,0.2160493827160494,0.0925925925925926,25.401234567901234,1.9753086419753085,1.2037037037037037,0.06172839506172839,0.8333333333333333,2.037037037037037,12.56172839506173,4.84567901234568,3.6111111111111107,1.3888888888888888,1.2345679012345678,1.6975308641975306,0.8950617283950618,0.0925925925925926,0.0,0.0,18.44835965978129,51.35135135135135,38.57493857493858,38.46153846153847,6.851851851851852
argentina,Primera Division,2025 / 2026,Gonzalo Siri Payer,22.0,G,Argentina,,,5,4,418.0,0.0,0.0,0.0,0.0,0,0,1,0.0,1,0.0,0.0,0.0,0.0,0.0,0.0,0.0,27.129186602870814,0.0,0.0,0.0,0.0,0.0,0.43062200956937796,0.21531100478468898,0.0,0.0,0.0,0.21531100478468898,0.0,0.21531100478468898,0.0,0.21531100478468898,16.984126984126984,,50.0,,7.317224880382775
argentina,Primera Division,2026,Gonzalo Sosa,20.0,M,Argentina,176.0,69.0,3,1,94.0,0.0,0.0,0.0,0.0,0,0,0,0.0,0,0.0,0.9574468085106382,0.0,0.0,0.0,0.0,0.0,23.93617021276596,0.9574468085106382,1.9148936170212765,0.0,0.0,1.9148936170212765,11.489361702127658,2.8723404255319145,1.9148936170212765,0.9574468085106382,0.0,0.0,1.9148936170212765,0.0,0.0,0.0,7.08,0.0,25.0,50.0,6.532978723404256
argentina,Primera Division,2025,Gonzalo Tapia,23.0,F,Chile,179.0,80.0,6,1,175.0,0.0,0.0,0.0,0.0,0,0,1,0.0,0,0.0,3.085714285714286,1.0285714285714285,0.0,0.0,0.0,0.0,12.857142857142856,0.5142857142857142,0.0,0.0,0.0,0.0,14.914285714285713,6.685714285714286,1.0285714285714285,0.5142857142857142,0.0,2.057142857142857,3.085714285714286,0.5142857142857142,0.0,0.0,2.8,33.33333333333333,44.827586206896555,50.0,6.513714285714285
argentina,Primera Division,2025,Gonzalo Trindade,21.0,D,Argentina,174.0,69.0,5,4,359.0,0.0,0.0,0.0,0.0,0,0,1,0.0,0,0.0,0.25069637883008355,0.25069637883008355,0.0,0.0,0.0,0.0,33.09192200557103,0.7520891364902508,1.2534818941504178,0.0,2.256267409470752,3.50974930362117,6.518105849582173,3.50974930362117,1.0027855153203342,0.25069637883008355,0.5013927576601671,0.7520891364902508,0.5013927576601671,0.25069637883008355,0.0,0.0,24.946969696969695,100.0,53.84615384615385,25.0,6.8406685236768805
argentina,Primera Division,2025 / 2026,Gonzalo Zelarayán,21.0,F,Argentina,,,8,0,64.0,0.0,1.0,0.0,0.0,0,0,0,0.0,0,0.0,0.0,0.0,0.0,1.40625,1.40625,0.0,37.96875,2.8125,7.03125,0.0,0.0,7.03125,28.125,8.4375,8.4375,0.0,2.8125,0.0,1.40625,0.0,0.0,0.0,4.615384615384615,,30.0,0.0,6.4907407407407405
argentina,Primera Division,2026,Gregorio Rodriguez,25.0,F,Argentina,,,13,6,563.0,2.0,0.0,0.0,0.0,0,0,0,0.0,0,0.15985790408525755,0.6394316163410302,0.3197158081705151,0.3197158081705151,0.0,0.3197158081705151,0.3197158081705151,19.342806394316163,0.3197158081705151,2.5577264653641207,0.0,0.9591474245115453,3.5168738898756664,10.39076376554174,3.8365896980461813,2.717584369449378,0.7992895204262876,1.2788632326820604,0.3197158081705151,1.2788632326820604,0.0,0.0,0.0,12.15126050420168,50.0,36.92307692307693,29.411764705882355,6.627402135231317
argentina,Primera Division,2025 / 2026,Guido Carrillo,34.0,F,Argentina,191.0,87.0,40,31,2881.0,5.0,3.0,0.0,0.0,0,0,3,0.0,2,0.24991322457480042,2.1242624088858038,1.3432835820895521,0.15619576535925025,0.09371745921555015,0.24991322457480042,0.15619576535925025,20.992710864283236,1.0933703575147518,0.46858729607775074,0.12495661228740021,0.09371745921555015,0.5623047552933009,13.05796598403332,6.591461298160361,0.7497396737244012,0.3748698368622006,0.3748698368622006,0.8746962860118015,0.7497396737244012,0.09371745921555015,0.0,0.062478306143700105,13.178571428571429,63.23529411764706,50.47846889952153,50.0,6.834293648038875
argentina,Primera Division,2025 / 2026,Guido Herrera,33.0,G,Argentina,187.0,80.0,49,49,4424.0,0.0,0.0,0.0,1.0,0,0,8,0.0,1,0.0,0.0,0.0,0.0,0.0,0.0,0.0,28.094484629294758,0.10171790235081375,0.0406871609403255,0.0,0.0,0.0406871609403255,0.5899638336347197,0.5085895117540687,0.0,0.0,0.0406871609403255,0.2034358047016275,0.02034358047016275,0.162748643761302,0.0,0.02034358047016275,20.545257060101378,,86.20689655172413,,7.192359855334539
argentina,Primera Division,2025 / 2026,Guido Mainero,30.0,M,Argentina,177.0,66.0,52,50,4064.0,4.0,6.0,0.0,0.0,0,0,8,0.0,0,0.11072834645669291,0.7086614173228346,0.3543307086614173,0.08858267716535433,0.13287401574803148,0.22145669291338582,0.08858267716535433,27.34990157480315,1.3951771653543308,1.0408464566929134,0.08858267716535433,0.3986220472440945,1.4394685039370079,9.36761811023622,3.809055118110236,2.281003937007874,0.6643700787401575,0.6865157480314961,1.1958661417322836,1.0187007874015748,0.17716535433070865,0.0,0.0,18.418623481781378,50.0,40.66193853427896,29.126213592233007,6.754699803149607
argentina,Primera Division,2025,Guillermo Acosta,37.0,M,Argentina,185.0,84.0,20,13,1156.0,0.0,2.0,0.0,0.0,0,0,3,0.0,0,0.0,0.5449826989619377,0.07785467128027682,0.0,0.15570934256055363,0.15570934256055363,0.0,40.640138408304495,0.5449826989619377,2.0242214532871974,0.31141868512110726,1.4792387543252594,3.5034602076124566,8.719723183391004,5.060553633217993,0.5449826989619377,0.3892733564013841,0.5449826989619377,1.0899653979238755,1.4013840830449826,0.23356401384083045,0.0,0.0,28.061302681992338,14.285714285714285,58.03571428571429,71.42857142857143,6.849004329004329
argentina,Primera Division,2026,Guillermo Enrique,25.0,D,Argentina,,,7,2,289.0,0.0,0.0,0.0,0.0,0,0,1,0.0,0,0.0,0.9342560553633218,0.0,0.0,0.0,0.0,0.0,25.5363321799308,1.245674740484429,1.5570934256055364,0.31141868512110726,1.5570934256055364,3.114186851211073,13.391003460207612,6.539792387543253,6.539792387543253,3.114186851211073,0.6228373702422145,1.245674740484429,0.31141868512110726,0.31141868512110726,0.0,0.0,12.097560975609756,0.0,48.837209302325576,47.61904761904761,6.679930795847751
argentina,Primera Division,2025 / 2026,Guillermo Soto,31.0,D,Chile,177.0,69.0,20,16,1558.0,0.0,1.0,0.0,0.0,0,0,4,0.0,0,0.2310654685494223,0.11553273427471115,0.11553273427471115,0.0,0.05776636713735558,0.05776636713735558,0.0,24.49293966623877,0.5198973042362003,1.906290115532734,0.3465982028241335,0.9242618741976892,2.8305519897304237,8.549422336328627,3.754813863928113,1.1553273427471118,0.3465982028241335,0.4621309370988446,0.6354300385109114,1.675224646983312,0.2310654685494223,0.0,0.0,18.12264150943396,100.0,43.91891891891892,30.0,6.650128369704749
argentina,Primera Division,2026,Gustavo Abregú,28.0,M,Argentina,,,14,12,1083.0,0.0,1.0,0.0,0.0,0,0,1,0.0,0,0.08310249307479224,0.08310249307479224,0.0,0.0,0.08310249307479224,0.08310249307479224,0.0,33.822714681440445,0.8310249307479225,1.080332409972299,0.08310249307479224,1.3296398891966759,2.409972299168975,6.232686980609419,3.407202216066482,0.24930747922437674,0.08310249307479224,0.5817174515235457,0.41551246537396125,0.6648199445983379,0.08310249307479224,0.0,0.0,26.57985257985258,0.0,54.666666666666664,33.33333333333333,6.824746075715605
argentina,Primera Division,2025,Gustavo Albarracín,19.0,M,Argentina,178.0,,0,0,0.0,0.0,0.0,0.0,0.0,0,0,0,0.0,0,,,,,,,,,,,,,,,,,,,,,,,,,,,,
argentina,Primera Division,2025,Gustavo Martin Fernandez,35.0,F,Argentina,176.0,,2,1,83.0,0.0,0.0,0.0,0.0,0,0,1,0.0,0,1.0843373493975905,0.0,0.0,0.0,0.0,0.0,0.0,17.34939759036145,1.0843373493975905,0.0,1.0843373493975905,0.0,0.0,19.518072289156628,5.421686746987952,1.0843373493975905,0.0,0.0,1.0843373493975905,2.168674698795181,1.0843373493975905,0.0,0.0,4.25,,27.77777777777778,0.0,6.437349397590361
argentina,Primera Division,2026,Guzmán Corujo,29.0,D,Uruguay,189.0,85.0,4,2,195.0,0.0,0.0,0.0,0.0,0,0,0,0.0,0,0.0,0.46153846153846156,0.0,0.0,0.0,0.0,0.0,45.230769230769226,0.0,2.3076923076923075,0.9230769230769231,0.46153846153846156,2.769230769230769,8.76923076923077,4.153846153846154,0.0,0.0,0.9230769230769231,0.46153846153846156,0.9230769230769231,0.0,0.0,0.0,42.166666666666664,0.0,47.368421052631575,,6.558638743455497
argentina,Primera Division,2025 / 2026,Hernán Galíndez,38.0,G,Ecuador,189.0,84.0,48,48,4453.0,0.0,0.0,0.0,0.0,0,0,2,0.0,0,0.0,0.0,0.0,0.0,0.0,0.0,0.0,26.274421738154054,0.040422187289467774,0.0,0.0,0.0,0.0,0.40422187289467776,0.3233774983157422,0.0,0.0,0.020211093644733887,0.10105546822366944,0.0,0.040422187289467774,0.0,0.0,17.946923076923078,,80.0,,7.0492252414102845
argentina,Primera Division,2025,Hernán Lópes,34.0,D,Argentina,180.0,79.0,4,3,334.0,0.0,1.0,0.0,0.0,0,0,0,0.0,0,0.2694610778443114,1.0778443113772456,0.2694610778443114,0.0,0.2694610778443114,0.2694610778443114,0.0,37.18562874251497,0.5389221556886228,2.4251497005988023,0.5389221556886228,0.2694610778443114,2.694610778443114,11.047904191616766,7.81437125748503,0.0,0.0,0.2694610778443114,0.8083832335329341,0.2694610778443114,0.0,0.0,0.0,37.05797101449275,25.0,70.73170731707317,,7.220958083832336
argentina,Primera Division,2025 / 2026,Hernán López Muñoz,25.0,F,Argentina,169.0,67.0,30,24,1871.0,8.0,3.0,0.0,0.0,0,0,2,0.0,1,0.24051309460181722,1.9722073757349012,0.9620523784072689,0.3848209513629075,0.14430785676109034,0.5291288081239979,0.3848209513629075,30.785676109032604,1.8278995189738105,1.2506680919294495,0.0,0.2886157135221807,1.53928380545163,12.506680919294494,5.724211651523249,4.4735435595938,1.9241047568145377,0.7215392838054515,2.2127204703367185,1.53928380545163,0.09620523784072688,0.0,0.04810261892036344,19.7671875,48.78048780487805,45.76923076923077,43.01075268817204,7.109139497594869
argentina,Primera Division,2025 / 2026,Hernán de la Fuente,28.0,D,Argentina,177.0,73.0,18,9,906.0,0.0,0.0,0.0,1.0,0,0,3,0.0,0,0.0,0.5960264900662252,0.1986754966887417,0.0,0.0,0.0,0.0,24.13907284768212,0.3973509933774834,1.6887417218543046,0.3973509933774834,0.9933774834437087,2.6821192052980134,7.847682119205298,4.271523178807947,1.9867549668874174,1.0927152317880795,0.5960264900662252,1.0927152317880795,1.0927152317880795,0.2980132450331126,0.0,0.0,17.13991769547325,33.33333333333333,54.43037974683544,55.00000000000001,6.692817679558011
argentina,Primera Division,2025 / 2026,Horacio Tijanovich,29.0,F,Argentina,176.0,70.0,33,21,1818.0,2.0,2.0,0.0,0.0,1,0,6,0.0,0,0.5445544554455445,1.2871287128712872,0.693069306930693,0.099009900990099,0.099009900990099,0.198019801980198,0.0495049504950495,16.03960396039604,0.8415841584158416,1.2376237623762376,0.0495049504950495,0.8910891089108911,2.128712871287129,13.81188118811881,6.584158415841585,2.128712871287129,0.594059405940594,0.4950495049504951,3.118811881188119,1.188118811881188,0.297029702970297,0.0,0.0,6.3919753086419755,53.84615384615385,47.67025089605735,27.906976744186046,6.642904290429042
argentina,Primera Division,2025 / 2026,Hugo Nervo,34.0,D,Argentina,184.0,81.0,14,7,774.0,2.0,0.0,0.0,0.0,0,0,2,0.0,0,0.0,0.46511627906976744,0.46511627906976744,0.23255813953488372,0.0,0.23255813953488372,0.23255813953488372,33.83720930232558,0.0,0.46511627906976744,0.3488372093023256,1.1627906976744184,1.6279069767441858,6.27906976744186,3.6046511627906974,0.0,0.0,0.3488372093023256,0.6976744186046512,0.3488372093023256,0.23255813953488372,0.0,0.0,37.01393728222997,100.0,57.407407407407405,,7.01144343302991
argentina,Primera Division,2025,Héctor Fértoli,31.0,M,Argentina,174.0,63.0,16,6,680.0,1.0,0.0,0.0,0.0,0,0,1,0.0,0,0.1323529411764706,1.588235294117647,0.6617647058823529,0.1323529411764706,0.0,0.1323529411764706,0.1323529411764706,31.36764705882353,0.5294117647058824,1.3235294117647058,0.1323529411764706,0.9264705882352942,2.25,11.779411764705882,5.029411764705882,3.176470588235294,1.3235294117647058,1.0588235294117647,1.7205882352941178,1.0588235294117647,0.1323529411764706,0.0,0.0,17.427966101694917,41.66666666666667,42.69662921348314,41.66666666666667,6.772941176470589
argentina,Primera Division,2026,Ian Acosta,18.0,D,,,,0,0,0.0,0.0,0.0,0.0,0.0,0,0,0,0.0,0,,,,,,,,,,,,,,,,,,,,,,,,,,,,
argentina,Primera Division,2025 / 2026,Ian Subiabre,18.0,F,Argentina,172.0,71.0,30,13,1328.0,3.0,3.0,1.0,0.0,0,0,6,0.0,0,0.0,1.6265060240963856,0.8810240963855422,0.2033132530120482,0.2033132530120482,0.4066265060240964,0.2033132530120482,29.006024096385545,1.4231927710843373,0.9487951807228915,0.06777108433734941,0.6099397590361446,1.5587349397590362,13.960843373493978,4.47289156626506,5.353915662650603,1.6265060240963856,0.7454819277108434,1.355421686746988,1.8298192771084336,0.4066265060240964,0.0,0.0,16.233644859813083,54.166666666666664,32.038834951456316,30.37974683544304,6.60702947845805
argentina,Primera Division,2025 / 2026,Ignacio Alastra,18.0,F,Argentina,,,2,0,49.0,0.0,0.0,0.0,0.0,0,0,0,0.0,0,0.0,3.6734693877551017,0.0,0.0,0.0,0.0,0.0,12.857142857142856,1.8367346938775508,1.8367346938775508,0.0,0.0,1.8367346938775508,11.020408163265305,9.183673469387756,1.8367346938775508,1.8367346938775508,0.0,3.6734693877551017,0.0,0.0,0.0,0.0,4.428571428571429,0.0,83.33333333333334,100.0,6.773469387755101
argentina,Primera Division,2025 / 2026,Ignacio Arce,33.0,G,Argentina,185.0,,49,49,4499.0,0.0,0.0,0.0,0.0,0,0,7,0.0,0,0.0,0.04000889086463658,0.02000444543231829,0.0,0.0,0.0,0.0,34.147588352967325,0.14003111802622806,0.04000889086463658,0.0,0.04000889086463658,0.08001778172927317,1.1002444987775062,0.9602133807512782,0.18004000889086463,0.18004000889086463,0.04000889086463658,0.4000889086463658,0.02000444543231829,0.14003111802622806,0.0,0.0,16.429994141769185,50.0,87.27272727272727,100.0,7.488241831518115
argentina,Primera Division,2025 / 2026,Ignacio Campo,20.0,D,Argentina,179.0,,10,9,785.0,1.0,1.0,0.0,0.0,0,0,5,0.0,0,0.0,0.34394904458598724,0.22929936305732482,0.11464968152866241,0.11464968152866241,0.22929936305732482,0.11464968152866241,24.64968152866242,0.34394904458598724,1.2611464968152866,0.34394904458598724,1.0318471337579618,2.2929936305732483,8.140127388535031,4.012738853503184,1.2611464968152866,0.8025477707006369,1.0318471337579618,0.9171974522292993,1.375796178343949,0.5732484076433121,0.0,0.0,18.246511627906976,66.66666666666666,49.29577464788733,63.63636363636363,6.681910828025478
argentina,Primera Division,2025 / 2026,Ignacio Chicco,29.0,G,Argentina,185.0,80.0,1,1,95.0,0.0,0.0,0.0,0.0,0,0,0,0.0,0,0.0,0.0,0.0,0.0,0.0,0.0,0.0,19.894736842105264,0.0,0.0,0.0,0.0,0.0,0.0,0.0,0.0,0.0,0.0,0.0,0.0,0.0,0.0,0.0,14.0,,,,6.3
argentina,Primera Division,2025 / 2026,Ignacio Galván,23.0,D,Argentina,177.0,65.0,21,15,1386.0,1.0,0.0,0.0,1.0,0,0,4,0.0,1,0.0,0.5194805194805194,0.3246753246753247,0.06493506493506493,0.0,0.06493506493506493,0.06493506493506493,29.025974025974026,0.5844155844155845,2.012987012987013,0.0,1.2987012987012987,3.311688311688312,10.38961038961039,5.90909090909091,2.4025974025974026,1.0389610389610389,0.38961038961038963,0.8441558441558442,1.2337662337662336,0.2597402597402597,0.0,0.06493506493506493,20.120805369127517,62.5,56.875,43.24324324324324,6.767099567099567
argentina,Primera Division,2025,Ignacio Guerrico,27.0,D,Argentina,175.0,71.0,27,24,2153.0,0.0,1.0,0.0,1.0,0,0,5,0.0,0,0.0,0.29261495587552255,0.0,0.0,0.04180213655364608,0.04180213655364608,0.0,36.367858801672085,1.2122619600557363,3.09335810496981,0.29261495587552255,1.5884811890385508,4.681839294008361,9.948908499767766,5.9777055271713895,0.7106363214119833,0.4180213655364608,1.128657686948444,0.9614491407338597,1.1704598235020902,0.2090106827682304,0.0,0.0,26.877011494252873,0.0,60.08403361344538,58.82352941176471,7.006502554575012
argentina,Primera Division,2025,Ignacio Gómez,19.0,M,Argentina,181.0,,0,0,0.0,0.0,0.0,0.0,0.0,0,0,0,0.0,0,,,,,,,,,,,,,,,,,,,,,,,,,,,,
argentina,Primera Division,2025,Ignacio Liberato,17.0,F,,,,1,0,23.0,0.0,0.0,0.0,0.0,0,0,0,0.0,0,0.0,0.0,0.0,0.0,0.0,0.0,0.0,11.739130434782608,0.0,0.0,0.0,3.9130434782608696,3.9130434782608696,23.478260869565215,3.9130434782608696,3.9130434782608696,0.0,0.0,3.9130434782608696,0.0,0.0,0.0,0.0,2.0,,16.666666666666664,0.0,6.3
argentina,Primera Division,2025,Ignacio Maestro Puch,22.0,F,Argentina,176.0,78.0,23,15,1265.0,1.0,1.0,0.0,0.0,0,0,0,0.0,0,0.8537549407114625,1.707509881422925,0.782608695652174,0.07114624505928854,0.07114624505928854,0.1422924901185771,0.07114624505928854,13.731225296442688,0.3557312252964427,0.782608695652174,0.0,0.07114624505928854,0.8537549407114625,14.08695652173913,5.122529644268774,2.91699604743083,0.782608695652174,0.2845849802371542,0.9960474308300395,2.0632411067193677,0.0,0.0,0.0,7.098445595854923,45.83333333333333,36.36363636363637,26.82926829268293,6.491923990498812
argentina,Primera Division,2025 / 2026,Ignacio Malcorra,38.0,M,Argentina,170.0,70.0,44,43,3810.0,8.0,9.0,0.0,0.0,4,0,13,0.0,0,0.14173228346456693,1.015748031496063,0.5669291338582677,0.1889763779527559,0.2125984251968504,0.4015748031496063,0.09448818897637795,36.28346456692913,2.078740157480315,0.9448818897637795,0.09448818897637795,0.4251968503937008,1.3700787401574803,6.141732283464567,2.5984251968503935,0.9212598425196851,0.3307086614173228,0.5669291338582677,1.015748031496063,0.6377952755905512,0.30708661417322836,0.0,0.0,29.889322916666668,55.81395348837209,42.30769230769231,35.8974358974359,7.093228346456693
argentina,Primera Division,2025 / 2026,Ignacio Miramón,22.0,M,Argentina,173.0,69.0,16,12,1067.0,0.0,0.0,0.0,0.0,0,0,6,0.0,0,0.0,0.5060918462980318,0.16869728209934395,0.0,0.0,0.0,0.0,46.81349578256795,0.6747891283973758,3.036551077788191,0.2530459231490159,1.0965323336457358,4.133083411433927,12.31490159325211,6.916588566073102,1.7713214620431115,0.9278350515463918,1.0121836925960637,2.1930646672914715,1.6026241799437677,0.5060918462980318,0.0,0.0,36.70810810810811,33.33333333333333,56.16438356164384,52.38095238095239,7.038050609184629
argentina,Primera Division,2025 / 2026,Ignacio Méndez,28.0,M,Argentina,175.0,69.0,28,12,1113.0,0.0,1.0,0.0,0.0,0,0,6,0.0,0,0.08086253369272238,0.48517520215633425,0.08086253369272238,0.0,0.08086253369272238,0.08086253369272238,0.0,46.33423180592992,0.7277628032345014,1.8598382749326146,0.16172506738544476,1.051212938005391,2.9110512129380055,7.439353099730458,3.881401617250674,1.1320754716981132,0.8086253369272237,0.646900269541779,0.646900269541779,1.293800539083558,0.48517520215633425,0.0,0.0,25.291448516579408,16.666666666666664,52.17391304347826,71.42857142857143,6.740864086408641
argentina,Primera Division,2025,Ignacio Neira,27.0,M,Uruguay,182.0,74.0,1,0,15.0,0.0,0.0,0.0,0.0,0,0,0,0.0,0,0.0,0.0,0.0,0.0,0.0,0.0,0.0,30.0,0.0,0.0,0.0,0.0,0.0,0.0,0.0,0.0,0.0,0.0,0.0,0.0,0.0,0.0,0.0,5.0,,,,6.7
argentina,Primera Division,2025 / 2026,Ignacio Ovando,18.0,D,Argentina,,,21,18,1745.0,2.0,0.0,0.0,0.0,0,0,2,0.0,0,0.0,0.5157593123209169,0.15472779369627507,0.10315186246418337,0.0,0.10315186246418337,0.10315186246418337,44.355300859598856,0.20630372492836674,0.670487106017192,0.5157593123209169,2.1146131805157595,2.785100286532951,6.911174785100286,4.229226361031519,0.7220630372492836,0.4641833810888252,0.3610315186246418,1.1346704871060171,0.5673352435530086,0.10315186246418337,0.0,0.0,46.18255813953488,30.0,61.19402985074627,64.28571428571429,6.845527522935779
argentina,Primera Division,2026,Ignacio Pais,25.0,M,Argentina,175.0,61.0,12,12,1004.0,0.0,0.0,0.0,0.0,0,0,2,0.0,0,0.08964143426294821,0.896414342629482,0.35856573705179284,0.0,0.0,0.0,0.0,36.125498007968126,0.7171314741035857,3.2270916334661357,0.448207171314741,1.4342629482071714,4.661354581673307,11.653386454183266,5.378486055776893,0.5378486055776892,0.448207171314741,1.254980079681275,0.8067729083665339,2.151394422310757,0.17928286852589642,0.0,0.0,28.81637717121588,40.0,46.15384615384615,83.33333333333334,6.818525896414343
argentina,Primera Division,2025 / 2026,Ignacio Peluffo,,F,,,,0,0,0.0,0.0,0.0,0.0,0.0,0,0,0,0.0,0,,,,,,,,,,,,,,,,,,,,,,,,,,,,
argentina,Primera Division,2025 / 2026,Ignacio Perruzzi,20.0,M,Argentina,177.0,80.0,33,28,2608.0,0.0,0.0,1.0,1.0,0,0,8,0.0,0,0.0,0.24156441717791413,0.03450920245398773,0.0,0.0,0.0,0.0,34.78527607361963,0.27607361963190186,2.243098159509202,0.17254601226993865,1.0352760736196318,3.2783742331288344,10.697852760736195,5.555981595092025,0.31058282208588955,0.1035276073619632,0.7937116564417177,1.8634969325153372,2.4501533742331287,0.27607361963190186,0.0,0.0,31.112662013958126,14.285714285714285,51.935483870967744,33.33333333333333,6.805412667946257
argentina,Primera Division,2025 / 2026,Ignacio Pussetto,30.0,F,Argentina,180.0,74.0,22,11,974.0,1.0,0.0,0.0,0.0,0,0,5,0.0,0,0.8316221765913757,2.0328542094455853,0.6468172484599589,0.09240246406570843,0.0,0.09240246406570843,0.09240246406570843,20.143737166324435,0.5544147843942505,1.0164271047227926,0.0,0.18480492813141686,1.2012320328542094,16.4476386036961,6.837782340862423,1.9404517453798769,1.0164271047227926,0.3696098562628337,1.6632443531827514,2.3100616016427105,0.46201232032854206,0.0,0.0,9.330275229357799,31.818181818181817,41.57303370786517,52.38095238095239,6.474127310061601
argentina,Primera Division,2025 / 2026,Ignacio Rodríguez,23.0,M,Argentina,,,23,10,1171.0,0.0,0.0,0.0,0.0,0,0,4,0.0,0,0.23057216054654142,0.5380017079419299,0.38428693424423566,0.0,0.0,0.0,0.0,27.59180187873612,0.6917164816396243,1.1528608027327072,0.1537147736976943,0.5380017079419299,1.6908625106746369,10.913748932536294,5.149444918872758,1.6140051238257898,0.5380017079419299,0.9222886421861657,1.4602903501280957,0.6148590947907772,0.3074295473953886,0.0,0.0,21.284122562674096,71.42857142857143,47.183098591549296,33.33333333333333,6.778699743370401
argentina,Primera Division,2026,Ignacio Rossi,22.0,M,,,,0,0,0.0,0.0,0.0,0.0,0.0,0,0,0,0.0,0,,,,,,,,,,,,,,,,,,,,,,,,,,,,
argentina,Primera Division,2025 / 2026,Ignacio Russo,25.0,F,Argentina,175.0,77.0,50,48,4207.0,14.0,6.0,1.0,0.0,0,1,8,0.0,0,0.4492512479201331,1.8611837413834085,0.9626812455431424,0.2995008319467554,0.1283574994057523,0.4278583313525077,0.2995008319467554,17.00736867126218,0.9198954124078916,0.7273591632992632,0.1497504159733777,0.1925362491086285,0.9198954124078916,12.365105776087475,4.898977893986213,1.4333254100309007,0.4278583313525077,0.34228666508200617,1.7756120751129072,1.4119324934632755,0.17114333254100308,0.0,0.0,11.357232704402517,51.724137931034484,39.61937716262976,29.850746268656714,6.769764677917756
argentina,Primera Division,2026,Ignacio Sabatini,26.0,F,Argentina,,,5,3,334.0,0.0,2.0,0.0,0.0,0,0,0,0.0,0,0.2694610778443114,1.0778443113772456,0.2694610778443114,0.0,0.5389221556886228,0.5389221556886228,0.0,16.706586826347305,1.347305389221557,0.8083832335329341,0.2694610778443114,0.0,0.8083832335329341,16.437125748502993,7.81437125748503,2.694610778443114,1.0778443113772456,1.0778443113772456,3.772455089820359,2.155688622754491,0.0,0.0,0.0,9.483870967741936,25.0,47.540983606557376,40.0,7.061676646706586
argentina,Primera Division,2025,Ignacio Tapia,21.0,M,Argentina,168.0,69.0,9,2,398.0,1.0,0.0,0.0,0.0,0,0,1,0.0,0,0.22613065326633167,1.1306532663316584,0.9045226130653267,0.22613065326633167,0.0,0.22613065326633167,0.22613065326633167,21.48241206030151,0.9045226130653267,1.8090452261306533,0.0,0.45226130653266333,2.261306532663317,12.663316582914574,4.296482412060302,4.07035175879397,0.45226130653266333,0.9045226130653267,1.8090452261306533,1.5829145728643217,0.22613065326633167,0.0,0.0,11.115789473684211,80.0,33.92857142857143,11.11111111111111,6.640954773869348
argentina,Primera Division,2025 / 2026,Ignacio Vazquez,28.0,D,Argentina,188.0,84.0,42,42,3790.0,2.0,2.0,0.0,1.0,1,0,9,0.0,1,0.023746701846965697,0.47493403693931396,0.14248021108179418,0.047493403693931395,0.047493403693931395,0.09498680738786279,0.023746701846965697,33.07915567282322,0.23746701846965698,2.1372031662269126,0.6649076517150395,1.424802110817942,3.562005277044855,10.54353562005277,7.029023746701847,0.42744063324538256,0.30870712401055406,0.6886543535620053,1.329815303430079,0.5936675461741425,0.21372031662269128,0.0,0.023746701846965697,28.964106245513282,30.0,66.66666666666666,72.22222222222221,7.161556728232191
argentina,Primera Division,2025,Iker Muniain,33.0,M,Spain,170.0,65.0,11,8,777.0,1.0,0.0,0.0,0.0,0,0,1,0.0,0,0.0,0.694980694980695,0.3474903474903475,0.11583011583011582,0.0,0.11583011583011582,0.11583011583011582,39.729729729729726,0.694980694980695,1.1583011583011582,0.0,0.4633204633204633,1.6216216216216217,9.034749034749034,4.980694980694981,2.8957528957528957,1.7374517374517373,0.694980694980695,1.8532818532818531,0.694980694980695,0.11583011583011582,0.0,0.0,37.673469387755105,50.0,55.12820512820513,60.0,7.021750321750321
argentina,Primera Division,2026,Iker Zufiaurre,20.0,F,Argentina,178.0,,9,2,233.0,1.0,0.0,0.0,0.0,0,0,1,0.0,0,0.7725321888412017,1.1587982832618027,0.38626609442060084,0.38626609442060084,0.0,0.38626609442060084,0.38626609442060084,18.92703862660944,0.0,1.5450643776824033,0.0,0.0,1.5450643776824033,11.587982832618025,2.703862660944206,1.9313304721030042,0.0,0.38626609442060084,0.38626609442060084,1.9313304721030042,0.38626609442060084,0.0,0.0,7.8979591836734695,33.33333333333333,23.333333333333332,0.0,6.489035087719298
argentina,Primera Division,2026,Imanol González,27.0,D,Argentina,182.0,84.0,6,6,509.0,0.0,0.0,0.0,1.0,0,0,0,0.0,0,0.3536345776031434,0.3536345776031434,0.0,0.0,0.0,0.0,0.0,33.948919449901766,0.1768172888015717,0.5304518664047151,0.1768172888015717,1.768172888015717,2.298624754420432,8.487229862475441,4.774066797642436,0.3536345776031434,0.3536345776031434,0.1768172888015717,0.7072691552062867,0.7072691552062867,0.0,0.0,0.0,37.208333333333336,0.0,56.25,100.0,6.833398821218076
argentina,Primera Division,2025 / 2026,Imanol Machuca,25.0,F,Argentina,170.0,72.0,19,11,983.0,1.0,1.0,0.0,1.0,0,0,3,0.0,0,0.0,0.7324516785350966,0.18311291963377416,0.09155645981688708,0.09155645981688708,0.18311291963377416,0.09155645981688708,31.220752797558493,1.5564598168870805,0.9155645981688708,0.0,0.5493387589013224,1.4649033570701933,13.4587995930824,4.944048830111902,5.127161749745676,1.7395727365208544,0.6408952187182095,1.8311291963377416,1.281790437436419,0.2746693794506612,0.0,0.0,17.61764705882353,25.0,36.734693877551024,33.92857142857143,6.666225839267548
argentina,Primera Division,2025,Isaías Andrada,22.0,D,Argentina,,,5,2,243.0,0.0,2.0,0.0,0.0,0,0,0,0.0,0,0.0,0.0,0.0,0.0,0.7407407407407408,0.7407407407407408,0.0,36.2962962962963,1.1111111111111112,4.074074074074074,0.0,0.3703703703703704,4.444444444444445,8.518518518518519,5.9259259259259265,0.7407407407407408,0.7407407407407408,0.3703703703703704,0.3703703703703704,0.7407407407407408,0.0,0.0,0.0,19.622448979591837,,69.56521739130434,100.0,7.032921810699588
argentina,Primera Division,2026,Ismael Cortez,25.0,D,Argentina,,,6,2,279.0,0.0,0.0,0.0,0.0,0,0,1,0.0,0,0.0,0.6451612903225806,0.3225806451612903,0.0,0.0,0.0,0.0,18.709677419354836,0.967741935483871,1.6129032258064515,0.0,0.967741935483871,2.5806451612903225,10.645161290322582,4.193548387096774,0.967741935483871,0.6451612903225806,2.2580645161290325,0.6451612903225806,0.967741935483871,0.3225806451612903,0.0,0.0,5.793103448275862,50.0,39.39393939393939,66.66666666666666,6.521146953405018
argentina,Primera Division,2025,Ismael Sosa,38.0,F,Argentina,179.0,74.0,25,4,732.0,1.0,1.0,0.0,0.0,0,0,2,0.0,0,0.8606557377049181,2.459016393442623,1.4754098360655739,0.12295081967213115,0.12295081967213115,0.2459016393442623,0.12295081967213115,26.80327868852459,1.8442622950819672,1.5983606557377048,0.12295081967213115,0.2459016393442623,1.8442622950819672,10.204918032786885,4.672131147540984,1.4754098360655739,0.4918032786885246,1.1065573770491803,2.336065573770492,1.3524590163934425,0.2459016393442623,0.0,0.0,9.142857142857142,60.0,45.78313253012048,33.33333333333333,6.790846994535519
argentina,Primera Division,2025 / 2026,Ivan Guaraz,20.0,F,Argentina,,,13,5,528.0,0.0,0.0,0.0,0.0,0,0,2,0.0,1,0.0,0.34090909090909094,0.0,0.0,0.0,0.0,0.0,31.19318181818182,0.34090909090909094,2.0454545454545454,0.17045454545454547,1.0227272727272727,3.068181818181818,9.204545454545455,5.113636363636363,0.8522727272727273,0.6818181818181819,0.34090909090909094,1.3636363636363638,1.0227272727272727,0.34090909090909094,0.0,0.17045454545454547,22.099447513812155,0.0,55.55555555555556,80.0,6.818785578747628
argentina,Primera Division,2025 / 2026,Ivan Gómez,28.0,M,Argentina,167.0,63.0,27,23,1973.0,2.0,3.0,0.0,0.0,0,0,3,0.0,0,0.0456158134820071,0.6842372022301064,0.4105423213380639,0.0912316269640142,0.1368474404460213,0.22807906741003547,0.0912316269640142,43.24379118094273,1.1403953370501774,2.463253928028383,0.1824632539280284,1.2316269640141915,3.694880892042575,9.853015712113532,4.835276229092752,1.1403953370501774,0.6842372022301064,0.6842372022301064,0.9579320831221491,1.870248352762291,0.1368474404460213,0.0,0.0,40.2162447257384,60.0,49.074074074074076,60.0,7.092093258996452
argentina,Primera Division,2025,Ivo Mammini,22.0,F,Argentina,,,9,1,220.0,0.0,0.0,0.0,0.0,0,0,0,0.0,0,0.0,1.2272727272727273,0.0,0.0,0.0,0.0,0.0,17.181818181818183,0.40909090909090906,1.6363636363636362,0.0,0.0,1.6363636363636362,11.863636363636363,3.2727272727272725,2.0454545454545454,0.40909090909090906,0.40909090909090906,0.40909090909090906,1.6363636363636362,0.0,0.0,0.0,5.725,0.0,27.586206896551722,20.0,6.582710280373832
argentina,Primera Division,2025,Ivo Visona,18.0,F,Serbia,,,0,0,0.0,0.0,0.0,0.0,0.0,0,0,0,0.0,0,,,,,,,,,,,,,,,,,,,,,,,,,,,,
argentina,Primera Division,2026,Iván Erquiaga,26.0,D,Argentina,176.0,72.0,2,0,61.0,0.0,0.0,0.0,0.0,0,0,0,0.0,0,0.0,0.0,0.0,0.0,0.0,0.0,0.0,44.26229508196721,1.4754098360655739,0.0,0.0,0.0,0.0,7.377049180327869,4.426229508196721,1.4754098360655739,1.4754098360655739,1.4754098360655739,0.0,0.0,0.0,0.0,0.0,11.6,,60.0,100.0,6.552459016393443
argentina,Primera Division,2026,Iván López,29.0,G,,,,0,0,0.0,0.0,0.0,0.0,0.0,0,0,0,0.0,0,,,,,,,,,,,,,,,,,,,,,,,,,,,,
argentina,Primera Division,2025 / 2026,Iván Marcone,35.0,M,Argentina,184.0,90.0,42,36,3292.0,1.0,1.0,0.0,1.0,0,0,12,0.0,0,0.027339003645200484,0.21871202916160387,0.08201701093560146,0.027339003645200484,0.027339003645200484,0.05467800729040097,0.027339003645200484,51.53402187120292,0.49210206561360875,2.405832320777643,0.3554070473876063,0.9842041312272175,3.3900364520048605,8.475091130012151,4.921020656136088,1.066221142162819,0.6287970838396112,0.956865127582017,1.339611178614824,1.011543134872418,0.32806804374240583,0.0,0.0,45.01167108753316,37.5,58.06451612903226,58.97435897435898,7.072053462940462
argentina,Primera Division,2025 / 2026,Iván Morales,26.0,F,Chile,178.0,69.0,44,33,3109.0,5.0,3.0,1.0,0.0,0,2,7,0.0,0,0.5210678674815054,1.3026696687037633,0.6368607269218398,0.14474107430041813,0.08684464458025089,0.23158571888066903,0.14474107430041813,13.489868124798969,0.8105500160823417,0.49211965262142165,0.08684464458025089,0.0,0.49211965262142165,9.668703763267931,3.2422000643293667,2.0553232550659373,0.8973946606625924,0.34737857832100355,1.4184625281440977,1.3895143132840142,0.20263750402058542,0.0,0.0,9.182403433476395,48.888888888888886,33.532934131736525,43.66197183098591,6.588999678353169
argentina,Primera Division,2025,Iván Pillud,39.0,D,Argentina,177.0,74.0,11,9,715.0,0.0,1.0,0.0,0.0,0,0,0,0.0,0,0.0,0.2517482517482518,0.1258741258741259,0.0,0.1258741258741259,0.1258741258741259,0.0,45.69230769230769,0.5034965034965035,2.3916083916083917,0.2517482517482518,1.006993006993007,3.3986013986013988,8.937062937062937,6.041958041958042,1.6363636363636362,1.2587412587412588,0.8811188811188811,2.013986013986014,0.1258741258741259,0.0,0.0,0.0,37.011019283746556,50.0,67.6056338028169,76.92307692307693,7.0
argentina,Primera Division,2025 / 2026,Iván Tapia,27.0,M,Argentina,176.0,73.0,48,48,3352.0,3.0,3.0,0.0,0.0,1,2,5,0.0,1,0.053699284009546544,0.993436754176611,0.5369928400954653,0.08054892601431982,0.08054892601431982,0.16109785202863963,0.053699284009546544,30.76968973747017,1.47673031026253,0.6443914081145585,0.08054892601431982,0.48329355608591884,1.1276849642004774,6.1754176610978515,2.6849642004773266,0.6443914081145585,0.29534606205250596,1.1008353221957041,1.3693317422434368,0.7786396181384247,0.13424821002386633,0.0,0.026849642004773272,22.12129144851658,54.054054054054056,43.47826086956522,45.83333333333333,6.802535799522673
argentina,Primera Division,2025 / 2026,Iván Villalba,30.0,D,Paraguay,182.0,84.0,43,39,3544.0,1.0,1.0,0.0,1.0,0,0,13,0.0,1,0.025395033860045144,0.4063205417607223,0.12697516930022573,0.025395033860045144,0.025395033860045144,0.05079006772009029,0.025395033860045144,26.487020316027085,0.1523702031602709,1.523702031602709,0.7618510158013545,0.8126410835214446,2.3363431151241536,8.964446952595937,5.510722347629796,0.10158013544018057,0.05079006772009029,0.7110609480812642,0.8634311512415349,0.8888261851015802,0.33013544018058694,0.0,0.025395033860045144,21.15723873441994,31.25,61.47308781869688,50.0,6.842889390519187
argentina,Primera Division,2025 / 2026,Jabes Saralegui,22.0,M,Argentina,181.0,75.0,37,32,2531.0,2.0,4.0,1.0,0.0,0,0,2,0.0,1,0.0,0.9245357566179375,0.3555906756222837,0.07111813512445674,0.14223627024891347,0.21335440537337022,0.07111813512445674,24.393520347688657,0.9600948241801659,1.6001580403002766,0.0,0.39114974318451207,1.9913077834847885,7.822994863690241,4.053733702094034,1.8846305807981034,0.8178585539312525,0.675622283682339,1.244567364677993,0.5333860134334255,0.07111813512445674,0.0,0.03555906756222837,16.059766763848398,38.46153846153847,51.81818181818182,43.39622641509434,6.840339786645595
argentina,Primera Division,2025,Jaime Peralta,20.0,F,Colombia,,,5,0,121.0,1.0,0.0,0.0,0.0,0,0,4,0.0,0,0.743801652892562,0.743801652892562,0.743801652892562,0.743801652892562,0.0,0.743801652892562,0.743801652892562,17.85123966942149,0.743801652892562,2.231404958677686,0.0,0.0,2.231404958677686,20.826446280991735,11.900826446280991,2.231404958677686,0.743801652892562,0.743801652892562,1.487603305785124,3.71900826446281,2.975206611570248,0.0,0.0,3.9166666666666665,100.0,57.14285714285714,33.33333333333333,6.637190082644628
argentina,Primera Division,2025 / 2026,Jalil Elias,29.0,M,Argentina,173.0,73.0,22,18,1687.0,0.0,0.0,0.0,0.0,0,0,1,0.0,0,0.053349140486069944,0.26674570243034973,0.053349140486069944,0.0,0.0,0.0,0.0,41.77237700059277,0.6935388263189093,1.7071724955542382,0.42679312388855956,1.066982809721399,2.774155305275637,8.162418494368701,4.001185536455246,0.7468879668049793,0.21339656194427978,0.7468879668049793,0.5334914048606995,0.48014226437462953,0.053349140486069944,0.0,0.0,38.80332056194125,20.0,49.01960784313725,28.57142857142857,6.828571428571429
argentina,Primera Division,2025 / 2026,Jaminton Campaz,25.0,M,Colombia,165.0,69.0,40,33,2882.0,6.0,4.0,0.0,0.0,0,0,7,0.0,0,0.34351145038167935,2.1547536433032617,1.1242192921582235,0.18736988202637056,0.12491325468424705,0.31228313671061764,0.18736988202637056,28.35530881332408,1.4052741151977792,2.092297015961138,0.09368494101318528,0.31228313671061764,2.404580152671756,15.301873698820264,7.401110340041638,5.246356696738376,2.279666897987509,0.6870229007633587,2.1859819569743237,1.0929909784871619,0.21859819569743233,0.0,0.0,22.176211453744493,52.17391304347826,48.36734693877551,43.452380952380956,7.05350451075642
argentina,Primera Division,2025,Jan Hurtado,25.0,F,Venezuela,181.0,71.0,15,6,656.0,0.0,0.0,0.0,0.0,0,0,2,0.0,0,0.6859756097560975,1.646341463414634,0.5487804878048781,0.0,0.0,0.0,0.0,14.954268292682928,0.6859756097560975,0.823170731707317,0.0,0.13719512195121952,0.9603658536585367,18.65853658536585,6.996951219512195,2.1951219512195124,0.9603658536585367,0.5487804878048781,1.7835365853658536,2.3323170731707314,0.27439024390243905,0.0,0.0,8.00925925925926,33.33333333333333,37.5,43.75,6.495069337442219
argentina,Primera Division,2025 / 2026,Jano Gordon,21.0,D,Argentina,182.0,,25,23,1972.0,1.0,0.0,0.0,0.0,0,0,6,0.0,1,0.04563894523326572,0.5476673427991886,0.18255578093306288,0.04563894523326572,0.0,0.04563894523326572,0.04563894523326572,38.70182555780933,0.7302231237322515,2.966531440162272,0.5020283975659229,1.779918864097363,4.746450304259635,10.496957403651116,6.069979716024341,0.8671399594320487,0.5020283975659229,0.7302231237322515,0.36511156186612576,1.140973630831643,0.2738336713995943,0.0,0.04563894523326572,28.75,33.33333333333333,57.826086956521735,57.89473684210527,6.9981744421906695
argentina,Primera Division,2025 / 2026,Javier Burrai,35.0,G,Argentina,188.0,82.0,18,17,1626.0,0.0,0.0,0.0,0.0,0,0,2,0.0,0,0.0,0.0,0.0,0.0,0.0,0.0,0.0,27.06642066420664,0.055350553505535055,0.055350553505535055,0.0,0.0,0.055350553505535055,0.44280442804428044,0.44280442804428044,0.0,0.0,0.0,0.16605166051660517,0.0,0.11070110701107011,0.0,0.0,19.754601226993866,,100.0,,7.163468634686348
argentina,Primera Division,2026,Javier Domínguez,25.0,M,Paraguay,,,12,9,700.0,0.0,0.0,0.0,1.0,0,0,3,0.0,0,0.0,0.9,0.12857142857142856,0.0,0.0,0.0,0.0,40.5,0.6428571428571428,2.6999999999999997,0.2571428571428571,1.9285714285714286,4.628571428571428,13.242857142857142,5.785714285714285,1.2857142857142856,0.5142857142857142,1.6714285714285715,1.4142857142857144,2.957142857142857,0.38571428571428573,0.0,0.0,22.761904761904763,14.285714285714285,43.689320388349515,40.0,6.5981268011527385
argentina,Primera Division,2026,Javier Ferreira,33.0,F,Paraguay,,,12,4,430.0,0.0,0.0,0.0,0.0,0,0,2,0.0,0,0.41860465116279066,2.511627906976744,0.627906976744186,0.0,0.0,0.0,0.0,19.25581395348837,0.627906976744186,0.627906976744186,0.0,0.627906976744186,1.255813953488372,19.674418604651162,9.418604651162791,1.6744186046511627,0.8372093023255813,0.41860465116279066,3.3488372093023253,1.0465116279069768,0.41860465116279066,0.0,0.0,5.6022727272727275,25.0,47.87234042553192,50.0,6.37
argentina,Primera Division,2025 / 2026,Javier García,38.0,G,Argentina,182.0,75.0,0,0,0.0,0.0,0.0,0.0,0.0,0,0,0,0.0,0,,,,,,,,,,,,,,,,,,,,,,,,,,,,
argentina,Primera Division,2025,Javier Ruiz,21.0,M,Argentina,,,29,27,2244.0,3.0,6.0,0.0,0.0,0,0,2,0.0,0,0.16042780748663102,1.2433155080213905,0.5213903743315508,0.12032085561497326,0.24064171122994651,0.36096256684491984,0.12032085561497326,22.379679144385026,1.1631016042780749,1.1229946524064172,0.0,0.40106951871657753,1.5240641711229945,18.689839572192515,8.58288770053476,8.663101604278074,4.211229946524064,0.48128342245989303,2.7272727272727275,1.3636363636363638,0.08021390374331551,0.0,0.0,18.50537634408602,41.935483870967744,45.92274678111588,48.61111111111111,6.976604278074866
argentina,Primera Division,2026,Javier Vallejos,22.0,G,Argentina,188.0,83.0,1,0,65.0,0.0,0.0,0.0,0.0,0,0,0,0.0,0,0.0,0.0,0.0,0.0,0.0,0.0,0.0,12.461538461538462,0.0,0.0,0.0,0.0,0.0,1.3846153846153846,1.3846153846153846,0.0,0.0,0.0,0.0,0.0,0.0,0.0,0.0,4.0,,100.0,,6.7
argentina,Primera Division,2025,Jeremias Vallejos,22.0,D,Argentina,,,9,6,505.0,0.0,0.0,0.0,0.0,0,0,4,0.0,0,0.0,0.0,0.0,0.0,0.0,0.0,0.0,21.02970297029703,0.0,3.742574257425743,0.1782178217821782,1.0693069306930694,4.811881188118812,13.009900990099009,7.663366336633664,1.9603960396039604,0.8910891089108911,1.6039603960396038,1.4257425742574257,1.6039603960396038,0.7128712871287128,0.0,0.0,10.872881355932204,,58.9041095890411,45.45454545454545,6.765742574257425
argentina,Primera Division,2026,Jeremías Biani,,D,,,,0,0,0.0,0.0,0.0,0.0,0.0,0,0,0,0.0,0,,,,,,,,,,,,,,,,,,,,,,,,,,,,
argentina,Primera Division,2025,Jeremías Chavero,19.0,F,Argentina,173.0,72.0,1,0,9.0,0.0,0.0,0.0,0.0,0,0,0,0.0,0,0.0,0.0,0.0,0.0,0.0,0.0,0.0,10.0,0.0,0.0,0.0,0.0,0.0,30.0,10.0,0.0,0.0,0.0,0.0,10.0,0.0,0.0,0.0,1.0,,33.33333333333333,,6.3
argentina,Primera Division,2025 / 2026,Jeremías Daniel Merlo,19.0,M,Argentina,,,22,12,984.0,1.0,2.0,0.0,0.0,0,0,3,0.0,0,0.27439024390243905,1.0060975609756098,0.1829268292682927,0.09146341463414635,0.1829268292682927,0.27439024390243905,0.09146341463414635,16.554878048780488,0.9146341463414633,0.6402439024390244,0.09146341463414635,0.3658536585365854,1.0060975609756098,13.353658536585366,4.939024390243903,6.4939024390243905,2.378048780487805,0.7317073170731708,1.4634146341463417,0.823170731707317,0.27439024390243905,0.0,0.0,8.30939226519337,18.181818181818183,36.986301369863014,36.61971830985916,6.5563008130081295
argentina,Primera Division,2025 / 2026,Jeremías Florentín,19.0,G,Argentina,190.0,,0,0,0.0,0.0,0.0,0.0,0.0,0,0,0,0.0,0,,,,,,,,,,,,,,,,,,,,,,,,,,,,
argentina,Primera Division,2025,Jeremías Gallard,21.0,M,Argentina,178.0,70.0,0,0,0.0,0.0,0.0,0.0,0.0,0,0,0,0.0,0,,,,,,,,,,,,,,,,,,,,,,,,,,,,
argentina,Primera Division,2025 / 2026,Jeremías Ledesma,32.0,G,Argentina,187.0,70.0,17,17,1619.0,0.0,0.0,0.0,1.0,0,0,1,0.0,0,0.0,0.0,0.0,0.0,0.0,0.0,0.0,21.290920321185915,0.0,0.0,0.0,0.0,0.0,0.3891290920321186,0.33353922174181594,0.0,0.0,0.0,0.16676961087090797,0.055589870290302656,0.055589870290302656,0.0,0.0,15.164490861618798,,85.71428571428571,,6.740704138357009
argentina,Primera Division,2025 / 2026,Jeremías Lucco,20.0,F,Argentina,,,6,1,147.0,0.0,0.0,0.0,0.0,0,0,0,0.0,0,0.0,1.2244897959183674,0.6122448979591837,0.0,0.0,0.0,0.0,24.48979591836735,1.8367346938775508,3.0612244897959187,0.0,0.6122448979591837,3.6734693877551017,25.10204081632653,9.183673469387756,4.8979591836734695,0.6122448979591837,3.6734693877551017,4.285714285714286,3.6734693877551017,0.0,0.0,0.0,4.3,50.0,36.58536585365854,12.5,6.568027210884353
argentina,Primera Division,2025 / 2026,Jeremías Lázaro,21.0,M,Argentina,,,29,5,964.0,1.0,3.0,0.0,0.0,0,0,1,0.0,0,0.37344398340248963,1.3070539419087137,0.46680497925311204,0.09336099585062241,0.2800829875518672,0.37344398340248963,0.09336099585062241,27.821576763485478,1.9605809128630705,2.1473029045643153,0.0,0.37344398340248963,2.520746887966805,14.37759336099585,6.908713692946058,3.921161825726141,1.9605809128630705,0.9336099585062241,2.0539419087136928,1.120331950207469,0.09336099585062241,0.0,0.0,11.953020134228188,35.714285714285715,48.05194805194805,50.0,6.932365145228216
argentina,Primera Division,2025 / 2026,Jeremías Ramponi,20.0,D,Argentina,,,0,0,0.0,0.0,0.0,0.0,0.0,0,0,0,0.0,0,,,,,,,,,,,,,,,,,,,,,,,,,,,,
argentina,Primera Division,2025,Jeronimo Domina,20.0,F,Argentina,171.0,72.0,12,8,677.0,0.0,1.0,0.0,0.0,0,0,3,0.0,0,0.2658788774002954,2.5258493353028064,1.0635155096011817,0.0,0.1329394387001477,0.1329394387001477,0.0,16.88330871491876,1.329394387001477,0.39881831610044316,0.0,0.0,0.39881831610044316,10.103397341211226,3.323485967503693,1.0635155096011817,0.39881831610044316,0.2658788774002954,0.930576070901034,1.1964549483013294,0.39881831610044316,0.0,0.0,9.708661417322835,42.10526315789473,32.89473684210527,37.5,6.682127031019203
argentina,Primera Division,2025 / 2026,Jeronimo Russo,18.0,M,Argentina,,,17,8,905.0,1.0,2.0,0.0,0.0,0,0,3,0.0,0,0.0994475138121547,0.5966850828729282,0.2983425414364641,0.0994475138121547,0.1988950276243094,0.2983425414364641,0.0994475138121547,34.11049723756906,0.8950276243093922,1.8895027624309393,0.1988950276243094,1.1933701657458564,3.0828729281767955,11.436464088397791,6.861878453038674,3.2817679558011053,1.8895027624309393,0.6961325966850829,1.8895027624309393,0.7955801104972376,0.2983425414364641,0.0,0.0,28.696793002915452,50.0,60.0,57.57575757575758,7.301106194690266
argentina,Primera Division,2025 / 2026,Jerónimo Gómez Mattar,17.0,M,Argentina,,,18,5,757.0,0.0,1.0,0.0,0.0,0,0,4,0.0,0,0.11889035667107001,0.8322324966974901,0.47556142668428003,0.0,0.11889035667107001,0.11889035667107001,0.0,33.645970937912814,0.8322324966974901,2.7344782034346102,0.35667107001321,0.8322324966974901,3.5667107001321003,13.077939233817702,6.895640686922061,2.4966974900924703,0.47556142668428003,1.3077939233817701,2.85336856010568,1.1889035667107002,0.47556142668428003,0.0,0.0,20.11660777385159,57.14285714285714,52.72727272727272,19.047619047619047,6.895600000000001
argentina,Primera Division,2025 / 2026,Jherson Mosquera,26.0,D,Colombia,173.0,67.0,11,7,636.0,1.0,0.0,0.0,0.0,0,0,1,0.0,0,0.0,0.2830188679245283,0.14150943396226415,0.14150943396226415,0.0,0.14150943396226415,0.14150943396226415,25.047169811320753,0.5660377358490566,2.1226415094339623,0.7075471698113207,1.2735849056603774,3.3962264150943393,10.471698113207548,5.235849056603774,1.5566037735849056,0.4245283018867924,0.7075471698113207,0.990566037735849,1.2735849056603774,0.14150943396226415,0.0,0.0,19.406779661016948,50.0,50.0,27.27272727272727,6.824251968503938
argentina,Primera Division,2025,Jhoan Merino,19.0,D,Argentina,178.0,68.0,0,0,0.0,0.0,0.0,0.0,0.0,0,0,0,0.0,0,,,,,,,,,,,,,,,,,,,,,,,,,,,,
argentina,Primera Division,2025 / 2026,Jhohan Romaña,27.0,D,Colombia,185.0,79.0,49,49,4309.0,0.0,2.0,0.0,0.0,0,0,17,0.0,1,0.0,0.16709213274541657,0.04177303318635414,0.0,0.04177303318635414,0.04177303318635414,0.0,34.191227663030865,0.18797864933859365,1.7335808772336971,0.5012763982362497,1.2531909955906244,2.986771872824321,9.002088651659317,6.224181944766768,0.27152471571130193,0.12531909955906242,0.18797864933859365,1.190531445811093,0.7310280807611975,0.3550707820840102,0.0,0.02088651659317707,34.55711667684789,25.0,69.1415313225058,46.15384615384615,7.016639591552564
argentina,Primera Division,2025 / 2026,Jhon Córdoba,25.0,F,Colombia,,,22,17,1447.0,3.0,0.0,1.0,0.0,0,0,3,0.0,0,0.6841741534208707,1.43054595715273,0.995162404975812,0.18659295093296477,0.0,0.18659295093296477,0.18659295093296477,14.367657221838286,0.7463718037318591,1.8659295093296475,0.1243953006219765,0.6841741534208707,2.5501036627505185,10.69799585348998,4.167242570836213,1.8659295093296475,0.37318590186592954,0.18659295093296477,1.3061506565307532,1.6793365583966826,0.18659295093296477,0.0,0.0,9.922077922077921,69.56521739130434,38.95348837209303,20.0,6.842778161713891
argentina,Primera Division,2025 / 2026,Jhon Rentería,20.0,M,Colombia,175.0,66.0,11,5,508.0,0.0,1.0,0.0,0.0,0,0,3,0.0,0,0.17716535433070865,1.4173228346456692,0.8858267716535433,0.0,0.17716535433070865,0.17716535433070865,0.0,21.25984251968504,1.4173228346456692,1.2401574803149606,0.0,0.0,1.2401574803149606,20.019685039370078,10.275590551181104,9.035433070866143,4.606299212598425,1.2401574803149606,3.0118110236220477,1.2401574803149606,0.5314960629921259,0.0,0.0,13.341666666666667,62.5,51.32743362831859,50.98039215686274,6.802952755905512
argentina,Primera Division,2025 / 2026,Jhonatan Candia,30.0,F,Uruguay,171.0,63.0,43,30,2588.0,10.0,2.0,0.0,0.0,0,0,11,0.0,0,0.34775888717156106,1.3910355486862442,0.7998454404945905,0.34775888717156106,0.0695517774343122,0.41731066460587324,0.34775888717156106,22.256568778979908,0.6955177743431221,0.9041731066460588,0.1391035548686244,0.24343122102009274,1.1476043276661514,18.013910355486864,7.163833075734158,1.9126738794435858,0.9389489953632149,0.5911901081916539,1.4258114374034003,1.9126738794435858,0.38253477588871715,0.0,0.0,11.365625,57.49999999999999,39.768339768339764,49.09090909090909,6.890996908809893
argentina,Primera Division,2026,Joaquin Flores,20.0,F,,,,4,0,77.0,0.0,0.0,0.0,0.0,0,0,0,0.0,0,0.0,0.0,0.0,0.0,0.0,0.0,0.0,19.87012987012987,3.5064935064935066,2.337662337662338,0.0,0.0,2.337662337662338,14.025974025974026,5.844155844155844,2.337662337662338,0.0,1.168831168831169,2.337662337662338,1.168831168831169,0.0,0.0,0.0,3.2941176470588234,,41.66666666666667,0.0,6.4246753246753245
argentina,Primera Division,2025 / 2026,Joaquin Freitas,18.0,F,,,,14,4,674.0,1.0,2.0,1.0,0.0,0,0,1,0.0,0,1.0682492581602374,1.4688427299703266,0.5341246290801187,0.13353115727002968,0.26706231454005935,0.40059347181008903,0.13353115727002968,22.166172106824927,2.0029673590504453,0.8011869436201781,0.0,0.13353115727002968,0.9347181008902077,12.68545994065282,4.005934718100891,2.937685459940653,1.201780415430267,0.40059347181008903,1.3353115727002969,2.937685459940653,0.13353115727002968,0.0,0.0,12.301204819277109,36.36363636363637,31.57894736842105,40.909090909090914,6.555622188905548
argentina,Primera Division,2025,Joaquin Gho,22.0,M,Argentina,,,24,14,1304.0,0.0,1.0,0.0,0.0,0,0,3,0.0,0,0.4141104294478528,0.9662576687116565,0.06901840490797546,0.0,0.06901840490797546,0.06901840490797546,0.0,27.26226993865031,0.8282208588957056,3.03680981595092,0.13803680981595093,0.48312883435582826,3.5199386503067487,11.526073619631903,5.521472392638037,2.4846625766871164,1.0352760736196318,0.4141104294478528,0.48312883435582826,1.3113496932515336,0.2070552147239264,0.0,0.0,15.645569620253164,7.142857142857142,47.90419161676647,41.66666666666667,6.730214723926381
argentina,Primera Division,2025,Joaquin Matias Papaleo,31.0,G,Argentina,188.0,78.0,0,0,0.0,0.0,0.0,0.0,0.0,0,0,0,0.0,0,,,,,,,,,,,,,,,,,,,,,,,,,,,,
argentina,Primera Division,2025,Joaquin Molina,21.0,G,,,,0,0,0.0,0.0,0.0,0.0,0.0,0,0,0,0.0,0,,,,,,,,,,,,,,,,,,,,,,,,,,,,
argentina,Primera Division,2025 / 2026,Joaquin Mosqueira,21.0,M,Argentina,,,26,7,740.0,0.0,0.0,0.0,0.0,0,0,3,0.0,0,0.0,0.972972972972973,0.24324324324324326,0.0,0.0,0.0,0.0,42.932432432432435,0.3648648648648649,2.0675675675675675,0.0,1.337837837837838,3.4054054054054057,9.0,5.108108108108109,0.8513513513513514,0.4864864864864865,0.8513513513513514,0.6081081081081081,0.972972972972973,0.3648648648648649,0.0,0.0,23.71388101983003,25.0,56.75675675675676,57.14285714285714,6.756849315068493
argentina,Primera Division,2025,Joaquin Pombo,24.0,D,Argentina,192.0,84.0,13,13,1164.0,0.0,0.0,0.0,0.0,0,0,4,0.0,1,0.0,0.0,0.0,0.0,0.0,0.0,0.0,25.59278350515464,0.0,1.3917525773195876,0.3865979381443299,0.9278350515463918,2.319587628865979,6.572164948453609,4.097938144329897,0.3865979381443299,0.30927835051546393,0.07731958762886598,0.3865979381443299,0.9278350515463918,0.30927835051546393,0.0,0.07731958762886598,22.90332326283988,,62.35294117647059,80.0,6.829896907216495
argentina,Primera Division,2025,Joaquin Salas,17.0,D,Argentina,,,0,0,0.0,0.0,0.0,0.0,0.0,0,0,0,0.0,0,,,,,,,,,,,,,,,,,,,,,,,,,,,,
argentina,Primera Division,2025 / 2026,Joaquin Tobio Burgos,21.0,F,Argentina,177.0,72.0,25,12,1056.0,3.0,3.0,0.0,0.0,0,0,2,0.0,0,0.08522727272727273,1.0227272727272727,0.5113636363636364,0.2556818181818182,0.2556818181818182,0.5113636363636364,0.2556818181818182,24.545454545454543,2.7272727272727275,1.3636363636363638,0.17045454545454547,0.6818181818181819,2.0454545454545454,8.948863636363637,4.090909090909091,2.8977272727272725,1.2784090909090908,0.5113636363636364,1.1079545454545454,0.7670454545454545,0.17045454545454547,0.0,0.0,14.350694444444445,50.0,45.714285714285715,44.11764705882353,6.94957264957265
argentina,Primera Division,2025,Joaquín Ardaiz,26.0,F,Uruguay,186.0,85.0,14,6,592.0,3.0,1.0,0.0,0.0,0,0,1,0.0,0,0.7601351351351352,1.3682432432432434,0.7601351351351352,0.4560810810810811,0.15202702702702703,0.6081081081081081,0.4560810810810811,13.530405405405405,0.30405405405405406,0.15202702702702703,0.15202702702702703,0.30405405405405406,0.4560810810810811,10.18581081081081,2.736486486486487,1.9763513513513515,0.7601351351351352,0.6081081081081081,0.15202702702702703,1.5202702702702704,0.15202702702702703,0.0,0.0,6.863636363636363,55.55555555555556,26.865671641791046,38.46153846153847,6.82668918918919
argentina,Primera Division,2025 / 2026,Joaquín Blázquez,24.0,G,Argentina,193.0,91.0,0,0,0.0,0.0,0.0,0.0,0.0,0,0,0,0.0,0,,,,,,,,,,,,,,,,,,,,,,,,,,,,
argentina,Primera Division,2025 / 2026,Joaquín García,24.0,D,Argentina,181.0,73.0,14,13,1133.0,2.0,0.0,1.0,1.0,0,0,1,0.0,0,0.0,0.3177405119152692,0.3177405119152692,0.1588702559576346,0.0,0.1588702559576346,0.1588702559576346,40.51191526919682,0.7943512797881729,1.5887025595763458,0.3177405119152692,1.032656663724625,2.621359223300971,6.831421006178288,3.5745807590467784,1.1120917917034423,0.23830538393645193,0.6354810238305384,0.7149161518093556,0.7943512797881729,0.0794351279788173,0.0,0.0,33.93921568627451,100.0,52.32558139534884,21.428571428571427,6.935481023830538
argentina,Primera Division,2025 / 2026,Joaquín Laso,35.0,D,Argentina,185.0,80.0,43,43,3901.0,0.0,2.0,0.0,0.0,0,0,12,0.0,2,0.04614201486798257,0.36913611894386056,0.06921302230197386,0.0,0.04614201486798257,0.04614201486798257,0.0,40.58190207639067,0.27685208920789545,1.4996154832094335,0.576775185849782,0.9920533196616252,2.4916688028710587,6.529095103819533,4.198923352986414,0.06921302230197386,0.06921302230197386,0.34606511150986924,0.5306331709817995,0.576775185849782,0.27685208920789545,0.0,0.04614201486798257,35.60261512222854,18.75,64.31095406360424,100.0,7.075775442194309
argentina,Primera Division,2025 / 2026,Joaquín Medina,20.0,M,,,,0,0,0.0,0.0,0.0,0.0,0.0,0,0,0,0.0,0,,,,,,,,,,,,,,,,,,,,,,,,,,,,
argentina,Primera Division,2026,Joaquín Novillo,27.0,D,Argentina,190.0,86.0,8,8,660.0,0.0,0.0,0.0,2.0,0,0,0,0.0,0,0.0,0.2727272727272727,0.2727272727272727,0.0,0.0,0.0,0.0,24.68181818181818,0.13636363636363635,1.0909090909090908,0.6818181818181819,1.3636363636363638,2.4545454545454546,8.045454545454547,3.9545454545454546,0.13636363636363635,0.0,0.2727272727272727,0.40909090909090906,1.9090909090909092,0.0,0.0,0.0,23.19889502762431,100.0,49.152542372881356,0.0,6.434848484848485
argentina,Primera Division,2025 / 2026,Joaquín Pereyra,20.0,D,Argentina,,,2,2,152.0,0.0,0.0,0.0,0.0,0,0,1,0.0,0,0.0,0.5921052631578947,0.0,0.0,0.0,0.0,0.0,33.1578947368421,1.1842105263157894,1.1842105263157894,0.0,1.776315789473684,2.9605263157894735,6.5131578947368425,2.3684210526315788,0.0,0.0,0.0,0.0,2.3684210526315788,0.5921052631578947,0.0,0.0,19.642857142857142,0.0,36.36363636363637,,6.496052631578948
argentina,Primera Division,2025,Joaquín Ruíz,19.0,F,Argentina,179.0,73.0,1,0,25.0,0.0,0.0,0.0,0.0,0,0,0,0.0,0,0.0,3.6,3.6,0.0,0.0,0.0,0.0,36.0,0.0,3.6,0.0,3.6,7.2,25.200000000000003,21.599999999999998,10.799999999999999,7.2,0.0,3.6,0.0,0.0,0.0,0.0,6.0,100.0,85.71428571428571,66.66666666666666,7.2
argentina,Primera Division,2026,Joaquín Salinas,19.0,M,,,,0,0,0.0,0.0,0.0,0.0,0.0,0,0,0,0.0,0,,,,,,,,,,,,,,,,,,,,,,,,,,,,
argentina,Primera Division,2025,Joel Godoy,20.0,D,Argentina,,,21,20,1744.0,1.0,0.0,0.0,0.0,0,0,5,0.0,0,0.0,0.3096330275229358,0.1548165137614679,0.051605504587155966,0.0,0.051605504587155966,0.051605504587155966,18.52637614678899,0.36123853211009177,2.2190366972477067,0.5160550458715597,1.1353211009174313,3.3543577981651373,11.146788990825689,5.883027522935779,2.2706422018348627,1.3417431192660552,0.8256880733944955,1.2385321100917432,1.651376146788991,0.25802752293577985,0.0,0.0,12.654596100278551,50.0,52.77777777777778,59.09090909090909,6.864965596330276
argentina,Primera Division,2025,Joel Medina,18.0,M,Argentina,174.0,,1,1,90.0,0.0,0.0,0.0,0.0,0,0,1,0.0,0,0.0,1.0,1.0,0.0,0.0,0.0,0.0,25.999999999999996,1.0,4.0,0.0,1.0,5.0,12.0,6.0,0.0,0.0,0.0,2.0,1.0,1.0,0.0,0.0,23.0,100.0,50.0,,7.3
argentina,Primera Division,2026,Johnson Nsumoh,24.0,F,Nigeria,,,1,0,17.0,0.0,0.0,0.0,0.0,0,0,0,0.0,0,0.0,0.0,0.0,0.0,0.0,0.0,0.0,21.176470588235293,5.294117647058823,0.0,0.0,0.0,0.0,10.588235294117647,5.294117647058823,5.294117647058823,0.0,0.0,5.294117647058823,0.0,0.0,0.0,0.0,3.0,,50.0,0.0,6.9
argentina,Primera Division,2025 / 2026,Jonas Acevedo,28.0,M,Argentina,172.0,70.0,30,12,1283.0,1.0,0.0,0.0,0.0,0,0,3,0.0,0,0.4208885424785659,0.7014809041309431,0.35074045206547155,0.0701480904130943,0.0,0.0701480904130943,0.0701480904130943,29.251753702260327,0.9119251753702261,1.5432579890880749,0.0701480904130943,0.5611847233047544,2.1044427123928293,9.820732657833203,3.9282930631332813,1.7537022603273578,0.7014809041309431,0.9119251753702261,1.1223694466095089,1.332813717848792,0.21044427123928294,0.0,0.0,17.359712230215827,50.0,40.0,40.0,6.6801872074882995
argentina,Primera Division,2025 / 2026,Jonatan Gómez,36.0,M,Argentina,171.0,71.0,27,16,1235.0,1.0,1.0,0.0,0.0,0,0,10,0.0,0,0.0728744939271255,1.0931174089068827,0.582995951417004,0.0728744939271255,0.0728744939271255,0.145748987854251,0.0728744939271255,35.78137651821862,1.165991902834008,1.603238866396761,0.0728744939271255,0.582995951417004,2.1862348178137654,11.149797570850202,5.02834008097166,1.311740890688259,0.291497975708502,1.0202429149797572,2.4777327935222675,1.7489878542510122,0.728744939271255,0.0,0.0,22.75967413441955,53.333333333333336,45.09803921568628,22.22222222222222,6.731224655312247
argentina,Primera Division,2025,Jonathan Bay,32.0,D,Argentina,179.0,78.0,6,6,500.0,0.0,0.0,0.0,0.0,0,0,1,0.0,0,0.0,0.18,0.0,0.0,0.0,0.0,0.0,22.68,0.9,1.98,0.18,0.72,2.6999999999999997,8.82,5.220000000000001,1.08,0.9,1.26,0.18,0.36,0.18,0.0,0.0,18.746031746031747,0.0,59.183673469387756,83.33333333333334,6.9888
argentina,Primera Division,2025 / 2026,Jonathan De Irastorza,20.0,D,Argentina,,,5,5,399.0,0.0,0.0,0.0,1.0,0,0,2,0.0,0,0.0,0.22556390977443608,0.0,0.0,0.0,0.0,0.0,42.63157894736842,0.22556390977443608,1.3533834586466165,0.0,0.6766917293233082,2.0300751879699246,7.2180451127819545,3.1578947368421053,0.9022556390977443,0.45112781954887216,0.9022556390977443,0.45112781954887216,1.1278195488721803,0.45112781954887216,0.0,0.0,30.142857142857142,0.0,43.75,50.0,6.603258145363408
argentina,Primera Division,2025,Jonathan Dellarossa,25.0,M,Argentina,185.0,80.0,9,1,218.0,0.0,1.0,0.0,0.0,0,0,0,0.0,0,0.0,1.651376146788991,0.8256880733944955,0.0,0.41284403669724773,0.41284403669724773,0.0,17.339449541284406,0.8256880733944955,0.0,0.0,0.0,0.0,14.44954128440367,2.889908256880734,0.8256880733944955,0.41284403669724773,0.41284403669724773,0.8256880733944955,1.2385321100917432,0.0,0.0,0.0,4.4324324324324325,50.0,20.0,50.0,6.616587677725118
argentina,Primera Division,2025 / 2026,Jonathan Galván,33.0,D,Argentina,179.0,74.0,41,40,3361.0,1.0,3.0,0.0,2.0,0,0,10,0.0,2,0.02677774471883368,0.4016661707825052,0.10711097887533472,0.02677774471883368,0.08033323415650104,0.10711097887533472,0.02677774471883368,43.5673906575424,0.4819994049390062,1.3121094912228504,0.4552216602201726,1.3121094912228504,2.6242189824457007,8.274323118119607,4.900327283546564,0.05355548943766736,0.02677774471883368,0.2409997024695031,0.2677774471883368,0.9907765545968461,0.2677774471883368,0.0,0.05355548943766736,37.56730178242164,26.666666666666668,59.22330097087378,50.0,6.981166319547754
argentina,Primera Division,2025 / 2026,Jonathan Goitia,31.0,M,Argentina,,,45,32,3137.0,2.0,2.0,0.0,1.0,0,0,10,0.0,1,0.02868983104877271,0.803315269365636,0.2868983104877271,0.05737966209754542,0.05737966209754542,0.11475932419509084,0.05737966209754542,20.599298693018806,0.3729678036340453,2.4960153012432262,0.22951864839018168,1.090213579853363,3.5862288810965888,8.979917118265858,4.475613643608543,0.401657634682818,0.11475932419509084,1.090213579853363,0.8320051004144086,1.69270003187759,0.2868983104877271,0.0,0.02868983104877271,12.699164345403899,35.714285714285715,49.84025559105431,28.57142857142857,6.760918074593561
argentina,Primera Division,2025 / 2026,Jonathan Herrera,34.0,F,Argentina,175.0,74.0,48,42,3509.0,10.0,2.0,0.0,0.0,2,1,7,0.0,0,0.5129666571672841,1.5645483043602164,0.8976916500427473,0.25648332858364203,0.05129666571672842,0.30777999430037045,0.20518666286691367,13.72185807922485,0.7950983186092905,0.46166999145055576,0.0,0.25648332858364203,0.7181533200341977,11.003134796238244,3.4881732687375324,1.7184383015104017,0.6412083214591051,0.35907666001709887,0.8720433171843831,1.5388999715018525,0.17953833000854943,0.0,0.0,8.003738317757009,57.377049180327866,31.7016317016317,37.3134328358209,6.583157594756341
argentina,Primera Division,2025,Jonathan Menéndez,31.0,F,Argentina,166.0,62.0,12,2,359.0,0.0,0.0,0.0,0.0,0,0,2,0.0,0,1.0027855153203342,1.0027855153203342,0.25069637883008355,0.0,0.0,0.0,0.0,19.805013927576603,1.2534818941504178,0.7520891364902508,0.0,0.0,0.7520891364902508,13.788300835654596,5.515320334261839,5.013927576601671,2.7576601671309193,1.0027855153203342,2.0055710306406684,2.0055710306406684,0.5013927576601671,0.0,0.0,7.531645569620253,25.0,40.0,55.00000000000001,6.4830083565459615
argentina,Primera Division,2026,Jordy Caicedo,28.0,F,Ecuador,185.0,82.0,17,17,1502.0,8.0,0.0,1.0,0.0,3,0,8,0.0,0,1.018641810918775,1.6178428761651131,1.018641810918775,0.4793608521970706,0.0,0.4793608521970706,0.2996005326231691,11.384820239680426,0.4194407456724368,0.5392809587217043,0.11984021304926765,0.05992010652463382,0.5992010652463382,11.264980026631159,4.0745672436751,1.1384820239680427,0.2396804260985353,0.17976031957390146,0.7789613848202396,2.456724367509987,0.4793608521970706,0.0,0.0,7.2368421052631575,62.96296296296296,36.17021276595745,21.052631578947366,6.690612516644474
argentina,Primera Division,2025 / 2026,Jorge Broun,39.0,G,Argentina,190.0,90.0,36,36,3259.0,0.0,0.0,0.0,0.0,0,0,3,0.0,0,0.0,0.0,0.0,0.0,0.0,0.0,0.0,23.00398895366677,0.027615833077631175,0.0,0.0,0.027615833077631175,0.027615833077631175,0.19331083154341822,0.1104633323105247,0.0,0.0,0.05523166615526235,0.027615833077631175,0.0,0.08284749923289353,0.0,0.0,18.020408163265305,,57.14285714285714,,7.118011660018412
argentina,Primera Division,2025,Jorge Carranza,44.0,G,Argentina,187.0,82.0,28,28,2575.0,0.0,0.0,0.0,0.0,0,0,2,0.0,0,0.0,0.0,0.0,0.0,0.0,0.0,0.0,22.683495145631067,0.0,0.17475728155339806,0.0,0.0,0.17475728155339806,0.45436893203883494,0.41941747572815535,0.0,0.0,0.03495145631067961,0.17475728155339806,0.0,0.06990291262135923,0.0,0.0,14.742681047765794,,92.3076923076923,,6.912388349514564
argentina,Primera Division,2025 / 2026,Jorge de Asis,19.0,F,Argentina,191.0,,4,0,70.0,0.0,0.0,0.0,0.0,0,0,1,0.0,1,0.0,2.571428571428571,0.0,0.0,0.0,0.0,0.0,19.285714285714285,1.2857142857142856,1.2857142857142856,0.0,0.0,1.2857142857142856,21.857142857142858,6.428571428571428,3.857142857142857,0.0,1.2857142857142856,0.0,5.142857142857142,1.2857142857142856,0.0,1.2857142857142856,2.466666666666667,0.0,29.411764705882355,0.0,6.322857142857143
argentina,Primera Division,2025,Jose Enrique Angulo,30.0,F,Ecuador,183.0,81.0,2,0,56.0,0.0,0.0,0.0,0.0,0,0,0,0.0,0,0.0,3.214285714285714,1.607142857142857,0.0,0.0,0.0,0.0,8.035714285714286,0.0,1.607142857142857,0.0,0.0,1.607142857142857,12.857142857142856,1.607142857142857,1.607142857142857,0.0,1.607142857142857,0.0,1.607142857142857,0.0,0.0,0.0,2.0,50.0,12.5,0.0,6.441071428571428
argentina,Primera Division,2025 / 2026,Josias Palais,19.0,M,,,,0,0,0.0,0.0,0.0,0.0,0.0,0,0,0,0.0,0,,,,,,,,,,,,,,,,,,,,,,,,,,,,
argentina,Primera Division,2025,Josué Colmán,27.0,F,Paraguay,168.0,71.0,2,1,82.0,0.0,0.0,0.0,0.0,0,0,0,0.0,0,0.0,1.0975609756097562,1.0975609756097562,0.0,0.0,0.0,0.0,23.04878048780488,1.0975609756097562,0.0,0.0,0.0,0.0,6.585365853658536,1.0975609756097562,0.0,0.0,0.0,1.0975609756097562,1.0975609756097562,0.0,0.0,0.0,8.571428571428571,100.0,16.666666666666664,,6.229268292682927
argentina,Primera Division,2025 / 2026,Josué Reinatti,22.0,G,Argentina,186.0,70.0,7,7,654.0,0.0,0.0,0.0,0.0,0,0,0,0.0,0,0.0,0.0,0.0,0.0,0.0,0.0,0.0,21.88073394495413,0.0,0.0,0.0,0.0,0.0,0.8256880733944955,0.8256880733944955,0.0,0.0,0.0,0.41284403669724773,0.0,0.0,0.0,0.0,18.427672955974842,,100.0,,7.67737003058104
argentina,Primera Division,2025 / 2026,José Canale,29.0,D,Paraguay,183.0,82.0,24,24,2198.0,4.0,0.0,0.0,1.0,0,0,2,0.0,0,0.04094631483166515,0.28662420382165604,0.20473157415832574,0.1637852593266606,0.0,0.1637852593266606,0.1637852593266606,41.68334849863512,0.12283894449499545,1.3102820746132848,1.0236578707916286,1.2283894449499544,2.5386715195632394,6.387625113739764,3.9717925386715196,0.20473157415832574,0.1637852593266606,0.12283894449499545,0.7370336669699727,0.4913557779799818,0.0818926296633303,0.0,0.0,42.11198428290766,71.42857142857143,62.17948717948718,80.0,7.070336669699726
argentina,Primera Division,2025 / 2026,José Devecchi,30.0,G,Argentina,188.0,83.0,2,2,180.0,0.0,0.0,0.0,0.0,0,0,1,0.0,0,0.0,0.0,0.0,0.0,0.0,0.0,0.0,20.5,0.0,0.0,0.0,0.0,0.0,1.0,0.5,0.0,0.0,0.5,0.5,0.0,0.5,0.0,0.0,10.414634146341463,,50.0,,6.4
argentina,Primera Division,2025 / 2026,José Florentín,29.0,M,Paraguay,181.0,80.0,47,43,3901.0,8.0,1.0,0.0,1.0,0,0,4,0.0,0,0.09228402973596514,1.4765444757754422,0.484491156113817,0.18456805947193028,0.023071007433991285,0.20763906690592157,0.18456805947193028,47.24942322481415,0.7152012304537297,1.868751602153294,0.3922071263778518,1.384260446039477,3.253012048192771,12.296846962317355,6.713663163291463,0.6229172007177647,0.322994104075878,1.0151243270956165,1.222763394001538,1.2458344014355294,0.09228402973596514,0.0,0.0,42.54638671875,32.8125,54.59662288930581,51.85185185185185,7.206280440912587
argentina,Primera Division,2026,José Goméz,25.0,D,Argentina,173.0,66.0,2,0,24.0,0.0,0.0,0.0,0.0,0,0,0,0.0,0,0.0,0.0,0.0,0.0,0.0,0.0,0.0,3.75,0.0,3.75,0.0,0.0,3.75,7.5,3.75,0.0,0.0,3.75,0.0,0.0,0.0,0.0,0.0,1.0,,50.0,,6.2
argentina,Primera Division,2025,José Herrera,22.0,F,Argentina,172.0,69.0,17,14,1109.0,4.0,2.0,0.0,0.0,0,0,3,0.0,0,0.24346257889990985,1.8665464382326418,0.9738503155996394,0.3246167718665464,0.1623083859332732,0.4869251577998197,0.3246167718665464,31.244364292155097,1.055004508566276,1.2984670874661857,0.0811541929666366,0.8926961226330027,2.1911632100991887,12.497745716862038,5.7619477006311985,3.1650135256988277,1.217312894499549,0.3246167718665464,1.8665464382326418,1.3796212804328225,0.24346257889990985,0.0,0.0,19.26753246753247,52.17391304347826,46.103896103896105,38.46153846153847,7.012623985572588
argentina,Primera Division,2026,José Ingratti,25.0,F,Argentina,,,1,1,45.0,0.0,0.0,0.0,0.0,0,0,0,0.0,0,0.0,0.0,0.0,0.0,0.0,0.0,0.0,22.0,2.0,0.0,0.0,0.0,0.0,22.0,4.0,2.0,0.0,2.0,0.0,0.0,0.0,0.0,0.0,7.0,,18.181818181818183,0.0,6.5
argentina,Primera Division,2025 / 2026,José Luis Palomino,35.0,D,Argentina,188.0,87.0,19,16,1517.0,0.0,0.0,0.0,0.0,0,0,3,0.0,0,0.0,0.47462096242584045,0.05932762030323006,0.0,0.0,0.0,0.0,49.00461437046803,0.35596572181938035,1.6018457481872115,0.5339485827290705,1.067897165458141,2.6697429136453525,7.771918259723138,5.517468688200395,0.23731048121292023,0.17798286090969018,0.17798286090969018,0.11865524060646011,0.7119314436387607,0.17798286090969018,0.0,0.0,51.11864406779661,12.5,70.99236641221374,75.0,7.107185234014502
argentina,Primera Division,2025 / 2026,José Sosa,40.0,M,Argentina,179.0,72.0,30,15,1151.0,1.0,2.0,0.0,0.0,0,0,2,0.0,0,0.0,0.4691572545612511,0.23457862728062556,0.07819287576020852,0.15638575152041703,0.23457862728062556,0.07819287576020852,55.36055603822763,1.5638575152041705,1.4856646394439617,0.15638575152041703,0.4691572545612511,1.954821894005213,9.695916594265857,5.082536924413554,1.0165073848827109,0.7819287576020852,1.3292788879235446,1.954821894005213,0.9383145091225022,0.15638575152041703,0.0,0.0,26.73512747875354,50.0,52.41935483870967,76.92307692307693,6.901313485113835
argentina,Primera Division,2025,Juan Andrada,30.0,M,Argentina,183.0,77.0,3,1,100.0,0.0,0.0,0.0,0.0,0,0,0,0.0,0,0.0,0.0,0.0,0.0,0.0,0.0,0.0,49.50000000000001,0.0,0.9,1.8,0.9,1.8,10.799999999999999,3.6,1.8,0.9,2.6999999999999997,0.9,0.9,0.0,0.0,0.0,20.854545454545455,,33.33333333333333,50.0,6.767
argentina,Primera Division,2026,Juan Antonini,26.0,D,Argentina,,,11,10,911.0,0.0,0.0,0.0,1.0,0,0,0,0.0,1,0.0,0.3951701427003293,0.09879253567508232,0.0,0.0,0.0,0.0,26.081229418221735,0.29637760702524696,1.481888035126235,0.29637760702524696,2.0746432491767286,3.5565312843029635,8.298572996706914,4.346871569703622,0.19758507135016465,0.09879253567508232,0.7903402854006586,0.29637760702524696,0.5927552140504939,0.0,0.0,0.09879253567508232,21.723484848484848,25.0,52.38095238095239,50.0,6.386498353457739
argentina,Primera Division,2025 / 2026,Juan Barinaga,25.0,D,Argentina,176.0,71.0,29,27,2385.0,0.0,2.0,0.0,0.0,0,0,4,0.0,0,0.03773584905660377,0.22641509433962262,0.11320754716981131,0.0,0.07547169811320754,0.07547169811320754,0.0,37.24528301886792,0.6037735849056604,1.849056603773585,0.2641509433962264,1.2075471698113207,3.0566037735849054,9.056603773584905,4.981132075471698,2.339622641509434,0.9811320754716981,0.5660377358490566,1.2452830188679245,0.8301886792452831,0.1509433962264151,0.0,0.0,33.19959473150963,50.0,55.00000000000001,41.935483870967744,6.8778197064989515
argentina,Primera Division,2025,Juan Bautista Cejas,27.0,F,Argentina,176.0,63.0,2,1,72.0,0.0,0.0,0.0,0.0,0,0,0,0.0,0,1.25,0.0,0.0,0.0,0.0,0.0,0.0,28.749999999999996,1.25,3.75,0.0,0.0,3.75,16.25,6.25,1.25,0.0,1.25,1.25,3.75,0.0,0.0,0.0,8.782608695652174,,38.46153846153847,0.0,6.638888888888889
argentina,Primera Division,2025 / 2026,Juan Bautista Dadín,19.0,F,Argentina,184.0,,10,1,245.0,0.0,1.0,0.0,0.0,0,0,1,0.0,0,0.0,2.571428571428571,1.8367346938775508,0.0,0.3673469387755102,0.3673469387755102,0.0,21.6734693877551,0.7346938775510204,2.204081632653061,0.3673469387755102,0.0,2.204081632653061,12.122448979591837,2.571428571428571,1.1020408163265305,0.0,0.3673469387755102,0.0,1.8367346938775508,0.3673469387755102,0.0,0.0,6.859649122807017,71.42857142857143,21.21212121212121,0.0,6.392244897959183
argentina,Primera Division,2025,Juan Bisanz,24.0,F,Argentina,180.0,,2,1,72.0,0.0,0.0,0.0,0.0,0,0,0,0.0,0,0.0,0.0,0.0,0.0,0.0,0.0,0.0,17.5,5.0,1.25,0.0,0.0,1.25,16.25,7.5,8.75,5.0,0.0,1.25,2.5,0.0,0.0,0.0,7.142857142857143,,46.15384615384615,57.14285714285714,7.1625000000000005
argentina,Primera Division,2025 / 2026,Juan Bizans,,F,,,,38,19,1958.0,2.0,2.0,3.0,0.0,0,0,4,0.0,0,0.04596527068437181,1.5628192032686414,0.5975485188968335,0.09193054136874362,0.09193054136874362,0.18386108273748725,0.09193054136874362,17.55873340143003,1.0112359550561798,0.8733401430030644,0.04596527068437181,0.4136874361593463,1.2870275791624106,13.835546475995914,6.573033707865168,3.8151174668028602,1.7007150153217567,0.5515832482124616,2.5740551583248212,1.8386108273748722,0.18386108273748725,0.0,0.0,9.274869109947645,38.23529411764706,47.50830564784053,44.57831325301205,6.7097548518896835
argentina,Primera Division,2025 / 2026,Juan Cardozo,21.0,M,Paraguay,184.0,72.0,19,8,903.0,0.0,0.0,0.0,0.0,0,0,1,0.0,0,0.0,0.09966777408637874,0.0,0.0,0.0,0.0,0.0,45.84717607973422,0.29900332225913623,1.495016611295681,0.49833887043189373,0.5980066445182725,2.0930232558139537,9.368770764119603,4.186046511627907,0.5980066445182725,0.49833887043189373,1.196013289036545,0.7973421926910299,0.9966777408637875,0.09966777408637874,0.0,0.0,38.94759825327511,0.0,44.680851063829785,83.33333333333334,6.6339246119733914
argentina,Primera Division,2025,Juan Carlos Rolón,23.0,G,Argentina,,,0,0,0.0,0.0,0.0,0.0,0.0,0,0,0,0.0,0,,,,,,,,,,,,,,,,,,,,,,,,,,,,
argentina,Primera Division,2025,Juan Cavallaro,31.0,M,Argentina,171.0,68.0,19,4,627.0,0.0,1.0,0.0,0.0,0,0,0,0.0,0,0.28708133971291866,1.0047846889952152,0.28708133971291866,0.0,0.14354066985645933,0.14354066985645933,0.0,18.229665071770334,0.8612440191387559,2.15311004784689,0.0,0.28708133971291866,2.4401913875598087,11.483253588516746,5.167464114832536,2.15311004784689,0.5741626794258373,0.7177033492822966,1.4354066985645932,1.1483253588516746,0.0,0.0,0.0,6.2204724409448815,28.57142857142857,45.0,26.666666666666668,6.538437001594897
argentina,Primera Division,2025,Juan Cozzani,27.0,G,Argentina,184.0,77.0,25,25,2297.0,0.0,0.0,0.0,0.0,0,0,4,0.0,0,0.0,0.0,0.0,0.0,0.0,0.0,0.0,24.09664780148019,0.0391815411406182,0.0391815411406182,0.0,0.0391815411406182,0.0783630822812364,0.7052677405311276,0.5093600348280366,0.0391815411406182,0.0391815411406182,0.0,0.2350892468437092,0.0391815411406182,0.1567261645624728,0.0,0.0,10.508943089430895,,72.22222222222221,100.0,7.141445363517632
argentina,Primera Division,2025 / 2026,Juan Cruz Cortazzo,20.0,D,Argentina,186.0,79.0,6,0,95.0,0.0,0.0,0.0,0.0,0,0,1,0.0,0,0.0,0.9473684210526315,0.0,0.0,0.0,0.0,0.0,28.421052631578945,0.0,0.9473684210526315,0.0,0.0,0.9473684210526315,6.63157894736842,5.684210526315789,0.0,0.0,0.0,0.0,0.9473684210526315,0.9473684210526315,0.0,0.0,5.133333333333334,0.0,85.71428571428571,,6.631578947368421
argentina,Primera Division,2025 / 2026,Juan Cruz Meza,17.0,M,Argentina,,,15,5,582.0,0.0,2.0,0.0,0.0,0,0,2,0.0,0,0.15463917525773196,1.3917525773195876,0.4639175257731959,0.0,0.30927835051546393,0.30927835051546393,0.0,29.381443298969074,1.2371134020618557,1.3917525773195876,0.0,0.4639175257731959,1.8556701030927836,10.36082474226804,4.793814432989691,2.783505154639175,0.6185567010309279,0.7731958762886598,1.8556701030927836,1.5463917525773196,0.30927835051546393,0.0,0.0,13.557894736842105,33.33333333333333,46.26865671641791,22.22222222222222,6.769931271477663
argentina,Primera Division,2025 / 2026,Juan Cruz Randazzo,31.0,D,Argentina,184.0,,30,19,1881.0,1.0,0.0,0.0,0.0,0,0,6,0.0,0,0.09569377990430623,0.28708133971291866,0.09569377990430623,0.04784688995215312,0.0,0.04784688995215312,0.04784688995215312,14.880382775119617,0.19138755980861247,0.9090909090909092,0.43062200956937796,0.7177033492822966,1.6267942583732058,7.703349282296651,3.7799043062200957,0.19138755980861247,0.09569377990430623,0.33492822966507174,0.5263157894736842,1.4354066985645932,0.28708133971291866,0.0,0.0,10.042207792207792,33.33333333333333,49.06832298136646,50.0,6.729414893617021
argentina,Primera Division,2025,Juan Cruz Vega,27.0,M,Argentina,,,0,0,0.0,0.0,0.0,0.0,0.0,0,0,0,0.0,0,,,,,,,,,,,,,,,,,,,,,,,,,,,,
argentina,Primera Division,2025,Juan Cáceres,25.0,D,Paraguay,173.0,62.0,3,3,274.0,0.0,1.0,0.0,0.0,0,0,1,0.0,0,0.0,0.0,0.0,0.0,0.3284671532846715,0.3284671532846715,0.0,40.07299270072993,1.313868613138686,2.956204379562044,0.656934306569343,1.6423357664233575,4.598540145985401,11.167883211678832,6.240875912408759,3.284671532846715,1.9708029197080292,0.9854014598540146,0.656934306569343,0.3284671532846715,0.3284671532846715,0.0,0.0,36.31147540983606,,55.88235294117647,60.0,7.167153284671533
argentina,Primera Division,2025,Juan Escobar,30.0,D,Paraguay,177.0,76.0,10,10,846.0,0.0,0.0,0.0,0.0,0,0,2,0.0,0,0.10638297872340426,0.3191489361702128,0.10638297872340426,0.0,0.0,0.0,0.0,41.702127659574465,0.3191489361702128,1.4893617021276595,0.2127659574468085,0.5319148936170213,2.021276595744681,9.361702127659575,5.212765957446808,0.425531914893617,0.2127659574468085,0.9574468085106382,0.851063829787234,0.7446808510638298,0.2127659574468085,0.0,0.0,41.19897959183673,33.33333333333333,55.68181818181818,50.0,6.645153664302601
argentina,Primera Division,2025 / 2026,Juan Espinola,31.0,G,Paraguay,186.0,100.0,29,28,2592.0,0.0,0.0,0.0,0.0,0,0,3,0.0,0,0.0,0.0,0.0,0.0,0.0,0.0,0.0,25.13888888888889,0.0,0.06944444444444445,0.0,0.034722222222222224,0.10416666666666666,0.9722222222222222,0.8333333333333333,0.0,0.0,0.06944444444444445,0.2777777777777778,0.0,0.10416666666666666,0.0,0.0,14.027624309392266,,85.71428571428571,,7.062345679012346
argentina,Primera Division,2025 / 2026,Juan Fedorco,25.0,D,Argentina,,,10,5,566.0,1.0,0.0,0.0,0.0,0,0,2,0.0,0,0.0,0.6360424028268551,0.4770318021201414,0.15901060070671377,0.0,0.15901060070671377,0.15901060070671377,36.73144876325088,0.0,2.5441696113074204,0.15901060070671377,1.431095406360424,3.975265017667845,12.720848056537102,7.1554770318021195,0.31802120141342755,0.0,0.6360424028268551,0.6360424028268551,0.4770318021201414,0.31802120141342755,0.0,0.0,33.685589519650655,75.0,56.25,0.0,7.003533568904594
argentina,Primera Division,2025 / 2026,Juan Fernando Quintero,32.0,M,Colombia,168.0,63.0,28,14,1388.0,4.0,5.0,0.0,0.0,0,1,0,0.0,0,0.06484149855907781,2.010086455331412,1.1671469740634006,0.25936599423631124,0.324207492795389,0.5835734870317003,0.25936599423631124,70.22334293948127,3.501440922190202,0.25936599423631124,0.06484149855907781,0.12968299711815562,0.3890489913544669,4.409221902017291,1.8804034582132563,2.07492795389049,0.9077809798270894,0.5187319884726225,0.648414985590778,0.12968299711815562,0.0,0.0,0.0,43.08679593721145,58.06451612903226,42.64705882352941,43.75,7.50021613832853
argentina,Primera Division,2025 / 2026,Juan Franco,33.0,D,Paraguay,176.0,71.0,30,30,2605.0,0.0,1.0,0.0,0.0,0,0,10,0.0,0,0.0,0.2763915547024952,0.0690978886756238,0.0,0.0345489443378119,0.0345489443378119,0.0,21.247600767754317,0.44913627639155473,1.761996161228407,0.3109404990403071,1.1055662188099808,2.867562380038388,9.570057581573897,4.836852207293666,1.6583493282149713,0.7600767754318618,0.6564299424184261,1.3474088291746642,1.381957773512476,0.345489443378119,0.0,0.0,16.59349593495935,25.0,50.54151624548736,45.83333333333333,6.666679462571977
argentina,Primera Division,2025,Juan Gabriel Rodríguez,31.0,D,Argentina,188.0,80.0,16,13,1243.0,0.0,1.0,0.0,0.0,0,0,0,0.0,0,0.0,0.8688656476267095,0.43443282381335474,0.0,0.07240547063555913,0.07240547063555913,0.0,59.37248592115849,0.5068382944489139,1.0860820595333869,0.7240547063555913,1.0860820595333869,2.1721641190667738,5.720032180209172,3.475462590506838,0.21721641190667737,0.07240547063555913,0.21721641190667737,0.14481094127111827,0.28962188254223653,0.0,0.0,0.0,58.22439024390244,50.0,60.75949367088608,33.33333333333333,7.261222847948512
argentina,Primera Division,2026,Juan Gauto,21.0,M,Argentina,172.0,64.0,16,12,1016.0,0.0,1.0,0.0,0.0,0,0,0,0.0,0,0.26574803149606296,1.2401574803149606,0.5314960629921259,0.0,0.08858267716535433,0.08858267716535433,0.0,30.118110236220474,1.6830708661417324,1.0629921259842519,0.0,0.5314960629921259,1.594488188976378,10.452755905511811,2.7460629921259843,4.340551181102362,0.8858267716535433,0.6200787401574803,0.7086614173228346,1.0629921259842519,0.0,0.0,0.0,22.764705882352942,42.857142857142854,26.27118644067797,20.408163265306122,6.431952662721893
argentina,Primera Division,2025,Juan Gimenez,19.0,D,Argentina,186.0,86.0,7,4,330.0,0.0,0.0,0.0,0.0,0,0,1,0.0,0,0.0,0.2727272727272727,0.0,0.0,0.0,0.0,0.0,46.63636363636364,0.0,0.8181818181818181,1.6363636363636362,0.8181818181818181,1.6363636363636362,6.818181818181818,3.8181818181818183,1.3636363636363638,1.0909090909090908,0.0,0.8181818181818181,0.8181818181818181,0.2727272727272727,0.0,0.0,36.058479532163744,0.0,56.00000000000001,80.0,7.170516717325228
argentina,Primera Division,2025,Juan Ignacio Achetoni,20.0,M,Argentina,175.0,,1,0,9.0,0.0,0.0,0.0,0.0,0,0,0,0.0,0,0.0,0.0,0.0,0.0,0.0,0.0,0.0,40.0,0.0,10.0,0.0,0.0,10.0,30.0,10.0,0.0,0.0,10.0,0.0,10.0,0.0,0.0,0.0,2.0,,33.33333333333333,,6.5
argentina,Primera Division,2025,Juan Ignacio Barbieri,29.0,F,Argentina,,,19,4,639.0,2.0,1.0,0.0,0.0,0,0,1,0.0,0,0.5633802816901409,1.971830985915493,0.7042253521126761,0.28169014084507044,0.14084507042253522,0.4225352112676056,0.28169014084507044,17.6056338028169,0.9859154929577465,1.1267605633802817,0.14084507042253522,0.14084507042253522,1.267605633802817,14.507042253521126,5.211267605633803,0.4225352112676056,0.14084507042253522,0.5633802816901409,0.9859154929577465,1.8309859154929575,0.14084507042253522,0.0,0.0,5.432,35.714285714285715,35.92233009708738,33.33333333333333,6.650078247261345
argentina,Primera Division,2025,Juan Ignacio González,32.0,G,Uruguay,184.0,84.0,6,6,555.0,0.0,0.0,0.0,0.0,0,0,1,0.0,0,0.0,0.0,0.0,0.0,0.0,0.0,0.0,26.27027027027027,0.0,0.0,0.0,0.16216216216216217,0.16216216216216217,0.4864864864864865,0.4864864864864865,0.16216216216216217,0.16216216216216217,0.0,0.16216216216216217,0.0,0.16216216216216217,0.0,0.0,18.530864197530864,,100.0,100.0,7.183783783783784
argentina,Primera Division,2026,Juan Ignacio Ramírez,28.0,F,Uruguay,180.0,76.0,10,4,487.0,4.0,0.0,0.0,0.0,1,0,0,0.0,0,1.108829568788501,2.402464065708419,1.4784394250513349,0.7392197125256674,0.0,0.7392197125256674,0.5544147843942505,15.338809034907598,0.18480492813141686,1.108829568788501,0.0,0.0,1.108829568788501,12.012320328542096,5.359342915811088,0.7392197125256674,0.3696098562628337,0.3696098562628337,2.0328542094455853,2.0328542094455853,0.0,0.0,0.0,8.962962962962964,61.53846153846154,44.61538461538462,50.0,6.7207392197125255
argentina,Primera Division,2025 / 2026,Juan Ignacio Saborido,27.0,D,Argentina,178.0,74.0,48,47,4146.0,0.0,0.0,0.0,0.0,0,0,9,0.0,0,0.021707670043415343,0.6078147612156295,0.15195369030390737,0.0,0.0,0.0,0.0,24.204052098408106,0.5426917510853835,2.7134587554269176,0.4124457308248915,1.0419681620839363,3.7554269175108534,11.396526772793052,5.622286541244573,2.431259044862518,0.9985528219971056,1.085383502170767,0.7814761215629523,1.3458755426917512,0.19536903039073808,0.0,0.0,19.624215246636773,25.0,49.333333333333336,41.07142857142857,6.74095513748191
argentina,Primera Division,2026,Juan Ignacio Scaglia,,D,,,,0,0,0.0,0.0,0.0,0.0,0.0,0,0,0,0.0,0,,,,,,,,,,,,,,,,,,,,,,,,,,,,
argentina,Primera Division,2025 / 2026,Juan Infante,29.0,D,Argentina,,,11,11,943.0,0.0,0.0,0.0,0.0,0,0,2,0.0,0,0.09544008483563098,0.09544008483563098,0.0,0.0,0.0,0.0,0.0,29.300106044538705,0.2863202545068929,2.672322375397667,0.5726405090137858,1.0498409331919407,3.7221633085896078,6.108165429480382,3.626723223753977,0.2863202545068929,0.19088016967126195,0.3817603393425239,0.2863202545068929,1.0498409331919407,0.19088016967126195,0.0,0.0,26.16612377850163,0.0,59.375,66.66666666666666,6.87253446447508
argentina,Primera Division,2025 / 2026,Juan Insúa,20.0,G,Argentina,188.0,78.0,0,0,0.0,0.0,0.0,0.0,0.0,0,0,0,0.0,0,,,,,,,,,,,,,,,,,,,,,,,,,,,,
argentina,Primera Division,2025 / 2026,Juan Iribarren,22.0,D,Argentina,175.0,73.0,9,3,459.0,0.0,0.0,0.0,0.0,0,0,1,0.0,0,0.0,0.3921568627450981,0.0,0.0,0.0,0.0,0.0,21.568627450980394,0.7843137254901962,1.1764705882352942,1.1764705882352942,1.9607843137254903,3.1372549019607847,5.294117647058823,2.549019607843137,1.5686274509803924,0.7843137254901962,0.3921568627450981,0.0,0.9803921568627452,0.19607843137254904,0.0,0.0,11.081818181818182,0.0,48.148148148148145,50.0,6.67755991285403
argentina,Primera Division,2025,Juan Komar,29.0,D,Argentina,190.0,82.0,29,22,2154.0,0.0,0.0,0.0,0.0,0,0,2,0.0,0,0.12534818941504178,0.29247910863509746,0.1671309192200557,0.0,0.0,0.0,0.0,39.06685236768802,0.04178272980501393,1.3788300835654597,0.7938718662952646,1.4623955431754874,2.841225626740947,8.18941504178273,5.682451253481894,0.04178272980501393,0.04178272980501393,0.41782729805013924,0.1671309192200557,0.6267409470752089,0.08356545961002786,0.0,0.0,34.66167023554604,57.14285714285714,69.38775510204081,100.0,7.0717603344170925
argentina,Primera Division,2025 / 2026,Juan Luis Alfaro,26.0,D,Argentina,175.0,70.0,9,7,510.0,0.0,0.0,0.0,0.0,0,0,2,0.0,0,0.0,0.3529411764705882,0.1764705882352941,0.0,0.0,0.0,0.0,30.705882352941178,1.0588235294117647,3.0,0.5294117647058824,0.8823529411764706,3.8823529411764706,11.647058823529413,7.0588235294117645,1.588235294117647,1.588235294117647,0.3529411764705882,0.3529411764705882,2.1176470588235294,0.3529411764705882,0.0,0.0,18.482758620689655,50.0,60.60606060606061,100.0,6.6150980392156855
argentina,Primera Division,2026,Juan Manuel Cabrera,25.0,D,Argentina,180.0,74.0,1,1,45.0,0.0,0.0,0.0,0.0,0,0,1,0.0,0,0.0,0.0,0.0,0.0,0.0,0.0,0.0,28.0,0.0,0.0,0.0,2.0,2.0,12.0,0.0,2.0,0.0,0.0,0.0,10.0,2.0,0.0,0.0,8.0,,0.0,0.0,6.3
argentina,Primera Division,2026,Juan Manuel Cabrera,25.0,D,,,,7,2,326.0,0.0,0.0,0.0,0.0,0,0,1,0.0,0,0.0,0.27607361963190186,0.0,0.0,0.0,0.0,0.0,29.263803680981596,0.27607361963190186,1.6564417177914113,0.27607361963190186,1.3803680981595092,3.03680981595092,8.83435582822086,3.3128834355828225,0.8282208588957056,0.0,0.8282208588957056,0.5521472392638037,1.1042944785276074,0.27607361963190186,0.0,0.0,18.32075471698113,0.0,37.5,0.0,6.274539877300613
argentina,Primera Division,2025 / 2026,Juan Manuel Elordi,31.0,D,Argentina,176.0,70.0,26,14,1478.0,1.0,3.0,0.0,1.0,0,0,3,0.0,0,0.12178619756427606,1.2787550744248986,0.4871447902571042,0.06089309878213803,0.18267929634641406,0.2435723951285521,0.06089309878213803,35.317997293640055,1.3396481732070367,1.8267929634641409,0.4871447902571042,1.1569688768606226,2.9837618403247634,8.037889039242218,4.018944519621109,0.7916102841677943,0.12178619756427606,0.6698240866035183,0.3653585926928281,1.0960757780784844,0.18267929634641406,0.0,0.0,27.21034482758621,38.095238095238095,50.0,15.384615384615385,6.926358695652173
argentina,Primera Division,2025,Juan Manuel García,33.0,F,Argentina,180.0,75.0,18,5,631.0,0.0,0.0,0.0,0.0,0,1,3,0.0,1,0.7131537242472267,1.1410459587955626,0.42789223454833597,0.0,0.0,0.0,0.0,16.545166402535656,0.8557844690966719,0.5705229793977813,0.28526148969889065,0.0,0.5705229793977813,17.11568938193344,8.415213946117273,1.283676703645008,0.7131537242472267,0.14263074484944532,1.283676703645008,1.4263074484944533,0.42789223454833597,0.0,0.14263074484944532,6.433628318584071,37.5,49.166666666666664,55.55555555555556,6.635930047694753
argentina,Primera Division,2025 / 2026,Juan Manuel Gutiérrez,23.0,F,Uruguay,178.0,68.0,28,25,2091.0,4.0,3.0,1.0,0.0,0,0,1,0.0,0,0.2582496413199426,1.592539454806313,0.6886657101865137,0.17216642754662842,0.1291248206599713,0.30129124820659975,0.17216642754662842,15.839311334289814,0.430416068866571,0.9038737446197991,0.0,0.4734576757532281,1.3773314203730274,11.578192252510759,4.949784791965567,4.045911047345768,1.8077474892395982,0.6456241032998565,1.6786226685796268,0.7747489239598278,0.043041606886657105,0.0,0.0,11.853260869565217,43.24324324324324,42.75092936802974,44.680851063829785,6.669249163079867
argentina,Primera Division,2025 / 2026,Juan Manuel Insaurralde,41.0,D,Argentina,187.0,87.0,42,42,3800.0,2.0,0.0,1.0,0.0,0,0,17,0.0,3,0.04736842105263158,0.35526315789473684,0.09473684210526316,0.04736842105263158,0.0,0.04736842105263158,0.04736842105263158,37.32631578947369,0.14210526315789473,1.0184210526315791,0.781578947368421,0.9473684210526315,1.9657894736842105,6.844736842105263,4.286842105263158,0.3078947368421053,0.21315789473684213,0.45,0.5210526315789474,0.9236842105263158,0.4026315789473684,0.0,0.07105263157894737,34.818527918781726,26.666666666666668,62.629757785467135,69.23076923076923,7.060921052631579
argentina,Primera Division,2025,Juan Meli,25.0,D,Argentina,175.0,72.0,18,15,1377.0,0.0,0.0,0.0,1.0,0,0,5,0.0,0,0.0,0.32679738562091504,0.06535947712418301,0.0,0.0,0.0,0.0,30.065359477124183,0.26143790849673204,2.2222222222222223,0.06535947712418301,1.6993464052287581,3.9215686274509807,9.281045751633986,4.705882352941177,1.1111111111111112,0.6535947712418301,1.2418300653594772,0.9150326797385621,1.4379084967320261,0.32679738562091504,0.0,0.0,22.458695652173912,20.0,50.70422535211267,58.82352941176471,6.876470588235294
argentina,Primera Division,2025 / 2026,Juan Miritello,26.0,F,Argentina,183.0,78.0,32,19,1809.0,10.0,2.0,0.0,0.0,0,1,3,0.0,1,0.9950248756218906,1.7412935323383083,1.044776119402985,0.4975124378109453,0.09950248756218905,0.5970149253731344,0.4975124378109453,21.890547263681594,0.7960199004975124,0.3482587064676617,0.09950248756218905,0.1492537313432836,0.4975124378109453,9.950248756218905,4.527363184079602,0.945273631840796,0.4975124378109453,0.1492537313432836,0.5970149253731344,1.2935323383084578,0.1492537313432836,0.0,0.04975124378109452,13.852272727272727,60.0,45.5,52.63157894736842,6.808457711442786
argentina,Primera Division,2025,Juan Moran,19.0,D,Argentina,183.0,,17,17,1461.0,0.0,0.0,0.0,0.0,0,0,4,0.0,0,0.0,0.4928131416837782,0.061601642710472276,0.0,0.0,0.0,0.0,26.48870636550308,0.6160164271047228,2.7104722792607805,0.12320328542094455,1.786447638603696,4.496919917864476,8.993839835728952,4.1273100616016425,1.4784394250513349,0.5544147843942505,0.6776180698151951,0.3080082135523614,1.4784394250513349,0.2464065708418891,0.0,0.0,21.990697674418605,12.5,45.89041095890411,37.5,6.570636550308008
argentina,Primera Division,2025 / 2026,Juan Nardoni,23.0,M,Argentina,179.0,80.0,27,26,2198.0,1.0,0.0,0.0,0.0,0,0,8,0.0,0,0.04094631483166515,0.6551410373066424,0.0818926296633303,0.04094631483166515,0.0,0.04094631483166515,0.04094631483166515,33.043676069153776,0.7370336669699727,1.35122838944495,0.04094631483166515,1.2693357597816197,2.6205641492265697,9.868061874431302,5.241128298453139,2.456778889899909,1.1874431301182893,0.2456778889899909,1.1874431301182893,1.1464968152866242,0.3275705186533212,0.0,0.0,25.413878562577448,12.5,53.11203319502075,48.333333333333336,6.816560509554141
argentina,Primera Division,2025,Juan Pablo Goicochea,20.0,F,Peru,184.0,78.0,0,0,0.0,0.0,0.0,0.0,0.0,0,0,0,0.0,0,,,,,,,,,,,,,,,,,,,,,,,,,,,,
argentina,Primera Division,2025 / 2026,Juan Pablo Luduena,22.0,D,Argentina,176.0,75.0,26,22,2126.0,0.0,1.0,0.0,0.0,0,0,3,0.0,0,0.04233301975540922,0.4233301975540922,0.12699905926622768,0.0,0.04233301975540922,0.04233301975540922,0.0,31.58043273753528,0.2116650987770461,1.735653809971778,0.5503292568203199,1.7779868297271872,3.5136406396989655,8.847601128880527,5.037629350893697,0.33866415804327377,0.12699905926622768,0.5503292568203199,0.29633113828786456,0.5503292568203199,0.12699905926622768,0.0,0.0,30.158176943699733,30.0,56.9377990430622,37.5,6.877704609595485
argentina,Primera Division,2025 / 2026,Juan Pablo Pignani,24.0,D,Argentina,190.0,81.0,14,12,1098.0,0.0,0.0,0.0,0.0,0,0,4,0.0,2,0.0,0.08196721311475409,0.0,0.0,0.0,0.0,0.0,35.73770491803279,0.0,1.8852459016393444,0.9016393442622951,1.5573770491803278,3.4426229508196724,8.60655737704918,4.672131147540984,0.5737704918032788,0.4918032786885246,0.5737704918032788,0.32786885245901637,1.0655737704918034,0.32786885245901637,0.0,0.16393442622950818,29.676605504587155,0.0,54.285714285714285,85.71428571428571,6.760746812386157
argentina,Primera Division,2025,Juan Pintado,28.0,D,Uruguay,172.0,64.0,33,31,2807.0,0.0,2.0,0.0,0.0,0,0,6,0.0,0,0.03206270039187745,0.41681510509440683,0.0641254007837549,0.0,0.0641254007837549,0.0641254007837549,0.0,31.902386889918063,1.5710723192019949,2.4688279301745633,0.44887780548628425,1.1221945137157108,3.591022443890274,10.356252226576416,5.226220163876024,2.0199501246882794,1.0260064125400783,0.929818311364446,0.8977556109725685,1.0260064125400783,0.19237620235126468,0.0,0.0,23.693467336683415,15.384615384615385,50.464396284829725,50.79365079365079,7.044745279657997
argentina,Primera Division,2025 / 2026,Juan Portillo,25.0,D,Argentina,,,26,23,2109.0,0.0,0.0,0.0,1.0,0,0,6,0.0,1,0.0,0.6827880512091038,0.38406827880512096,0.0,0.0,0.0,0.0,53.21479374110953,0.21337126600284498,2.7738264580369845,0.5120910384068279,1.4509246088193457,4.22475106685633,10.156472261735418,6.145092460881935,0.3413940256045519,0.21337126600284498,0.21337126600284498,0.7681365576102419,1.3229018492176385,0.25604551920341395,0.0,0.04267425320056899,50.441058540497195,56.25,60.50420168067227,62.5,6.961655566127497
argentina,Primera Division,2026,Juan Posse,20.0,D,,,,0,0,0.0,0.0,0.0,0.0,0.0,0,0,0,0.0,0,,,,,,,,,,,,,,,,,,,,,,,,,,,,
argentina,Primera Division,2025 / 2026,Juan Pérez,21.0,M,Colombia,,,11,2,375.0,0.0,0.0,0.0,0.0,0,0,1,0.0,0,0.24,1.6800000000000002,0.48,0.0,0.0,0.0,0.0,30.0,0.48,1.44,0.0,0.72,2.16,12.72,5.76,4.32,2.64,0.0,1.6800000000000002,1.44,0.24,0.0,0.0,12.76,28.57142857142857,45.28301886792453,61.111111111111114,6.680160857908848
argentina,Primera Division,2025,Juan Ramírez,32.0,M,Argentina,174.0,68.0,17,6,539.0,0.0,0.0,0.0,0.0,0,0,0,0.0,0,0.0,0.3339517625231911,0.0,0.0,0.0,0.0,0.0,52.09647495361781,1.0018552875695732,1.6697588126159555,0.16697588126159554,1.0018552875695732,2.6716141001855287,11.855287569573283,6.846011131725417,2.337662337662338,1.50278293135436,0.6679035250463822,3.172541743970315,0.6679035250463822,0.0,0.0,0.0,26.78846153846154,0.0,57.74647887323944,64.28571428571429,6.81015037593985
argentina,Primera Division,2025 / 2026,Juan Rattalino,21.0,M,Argentina,168.0,,12,5,481.0,0.0,0.0,0.0,0.0,0,0,0,0.0,0,0.0,0.37422037422037424,0.0,0.0,0.0,0.0,0.0,33.305613305613306,1.496881496881497,2.4324324324324325,0.37422037422037424,0.7484407484407485,3.180873180873181,10.291060291060292,5.051975051975052,0.9355509355509356,0.37422037422037424,0.7484407484407485,0.5613305613305614,1.496881496881497,0.0,0.0,0.0,18.09659090909091,0.0,49.09090909090909,40.0,6.509166666666667
argentina,Primera Division,2025,Juan Saman,19.0,D,Argentina,,,0,0,0.0,0.0,0.0,0.0,0.0,0,0,0,0.0,0,,,,,,,,,,,,,,,,,,,,,,,,,,,,
argentina,Primera Division,2026,Juan Sforza,23.0,M,Argentina,180.0,77.0,16,10,1052.0,0.0,0.0,0.0,0.0,0,0,4,0.0,0,0.0,0.17110266159695817,0.0,0.0,0.0,0.0,0.0,58.26045627376426,0.5988593155893536,2.138783269961977,0.17110266159695817,1.0266159695817492,3.1653992395437265,8.46958174904943,5.047528517110266,0.17110266159695817,0.08555133079847908,0.9410646387832698,1.2832699619771863,1.0266159695817492,0.34220532319391633,0.0,0.0,43.40822320117474,0.0,59.59595959595959,50.0,7.041349809885932
argentina,Primera Division,2025 / 2026,Juan Velázquez,21.0,F,Argentina,,,14,9,741.0,0.0,0.0,0.0,1.0,0,0,2,0.0,0,0.1214574898785425,0.3643724696356275,0.0,0.0,0.0,0.0,0.0,33.76518218623482,0.97165991902834,1.7004048582995952,0.242914979757085,2.1862348178137654,3.88663967611336,7.287449392712551,4.129554655870446,1.3360323886639676,0.3643724696356275,0.1214574898785425,0.97165991902834,0.48582995951417,0.242914979757085,0.0,0.0,17.996402877697843,0.0,56.666666666666664,27.27272727272727,6.650337381916329
argentina,Primera Division,2025 / 2026,Juan Villalba,19.0,D,Argentina,173.0,72.0,6,3,337.0,0.0,0.0,0.0,0.0,0,0,1,0.0,0,0.0,0.26706231454005935,0.26706231454005935,0.0,0.0,0.0,0.0,33.91691394658754,0.8011869436201781,1.8694362017804154,0.5341246290801187,0.8011869436201781,2.6706231454005938,8.5459940652819,4.005934718100891,2.136498516320475,1.0682492581602374,0.5341246290801187,0.5341246290801187,1.3353115727002969,0.26706231454005935,0.0,0.0,25.275590551181104,100.0,46.875,50.0,6.626785714285715
argentina,Primera Division,2025,Juan Yangali,25.0,M,Argentina,,,3,2,186.0,0.0,0.0,0.0,0.0,0,0,0,0.0,0,0.0,0.4838709677419355,0.0,0.0,0.0,0.0,0.0,30.0,0.0,2.4193548387096775,0.4838709677419355,0.967741935483871,3.3870967741935485,7.258064516129032,3.870967741935484,0.0,0.0,0.967741935483871,0.0,0.4838709677419355,0.0,0.0,0.0,20.225806451612904,0.0,53.333333333333336,,6.703225806451613
argentina,Primera Division,2025,Juan Zozaya,24.0,G,Argentina,187.0,85.0,2,2,188.0,0.0,0.0,0.0,0.0,0,0,0,0.0,0,0.0,0.0,0.0,0.0,0.0,0.0,0.0,16.27659574468085,0.0,0.0,0.0,0.0,0.0,0.4787234042553191,0.4787234042553191,0.0,0.0,0.0,0.4787234042553191,0.0,0.0,0.0,0.0,12.529411764705882,,100.0,,6.678723404255319
argentina,Primera Division,2026,Juan Álvarez,29.0,M,Argentina,175.0,71.0,1,0,28.0,0.0,0.0,0.0,0.0,0,0,0,0.0,0,0.0,0.0,0.0,0.0,0.0,0.0,0.0,32.142857142857146,0.0,0.0,0.0,0.0,0.0,16.071428571428573,0.0,6.428571428571428,0.0,6.428571428571428,0.0,0.0,0.0,0.0,0.0,7.0,,0.0,0.0,6.5
argentina,Primera Division,2026,Julian Ceballos,21.0,M,Argentina,161.0,61.0,7,4,354.0,0.0,0.0,0.0,0.0,0,0,0,0.0,0,0.5084745762711864,0.5084745762711864,0.5084745762711864,0.0,0.0,0.0,0.0,22.6271186440678,0.5084745762711864,1.7796610169491527,0.0,1.0169491525423728,2.7966101694915255,10.677966101694915,4.067796610169491,4.067796610169491,1.7796610169491527,1.5254237288135593,0.5084745762711864,2.0338983050847457,0.0,0.0,0.0,12.0561797752809,100.0,38.095238095238095,43.75,6.580508474576271
argentina,Primera Division,2025 / 2026,Julian Contrera,22.0,M,Argentina,167.0,68.0,30,24,2022.0,0.0,4.0,0.0,0.0,0,0,10,0.0,0,0.4451038575667655,0.40059347181008903,0.3115727002967359,0.0,0.17804154302670622,0.17804154302670622,0.0,18.427299703264094,1.2908011869436202,1.6023738872403561,0.044510385756676554,0.6231454005934718,2.225519287833828,12.28486646884273,4.13946587537092,2.5816023738872405,0.7121661721068249,0.5786350148367952,1.2908011869436202,2.8041543026706233,0.4451038575667655,0.0,0.0,12.594202898550725,77.77777777777779,33.69565217391305,27.586206896551722,6.5199802176063315
argentina,Primera Division,2025,Julio Furch,36.0,F,Argentina,189.0,87.0,6,0,101.0,0.0,0.0,0.0,0.0,0,0,0,0.0,0,0.0,1.7821782178217822,0.8910891089108911,0.0,0.0,0.0,0.0,28.514851485148515,0.8910891089108911,2.673267326732673,0.0,0.8910891089108911,3.5643564356435644,24.95049504950495,8.01980198019802,1.7821782178217822,0.0,1.7821782178217822,0.0,3.5643564356435644,0.0,0.0,0.0,4.6875,50.0,32.142857142857146,0.0,6.3782178217821786
argentina,Primera Division,2026,Julián Fernández,21.0,F,Argentina,183.0,74.0,11,8,743.0,1.0,2.0,0.0,0.0,0,0,2,0.0,0,0.24226110363391656,0.9690444145356663,0.3633916554508748,0.12113055181695828,0.24226110363391656,0.3633916554508748,0.12113055181695828,35.1278600269179,1.0901749663526246,1.5746971736204574,0.12113055181695828,0.24226110363391656,1.816958277254374,12.11305518169583,6.177658142664872,4.360699865410498,2.301480484522207,0.3633916554508748,1.5746971736204574,0.7267833109017496,0.24226110363391656,0.0,0.0,24.813793103448276,37.5,51.0,52.77777777777778,7.059757738896366
argentina,Primera Division,2026,Julián Kadijevic,21.0,G,,,,2,1,152.0,0.0,0.0,0.0,0.0,0,0,0,0.0,0,0.0,0.0,0.0,0.0,0.0,0.0,0.0,20.13157894736842,0.0,0.0,0.0,0.0,0.0,0.0,0.0,0.0,0.0,0.0,0.0,0.0,0.0,0.0,0.0,9.0,,,,6.307894736842105
argentina,Primera Division,2026,Julián Kadijevic,21.0,G,Argentina,,,0,0,0.0,0.0,0.0,0.0,0.0,0,0,0,0.0,0,,,,,,,,,,,,,,,,,,,,,,,,,,,,
argentina,Primera Division,2025 / 2026,Julián López,25.0,M,Argentina,186.0,75.0,36,16,1747.0,1.0,0.0,0.0,1.0,0,0,11,0.0,0,0.1030337721808815,0.824270177447052,0.25758443045220375,0.05151688609044075,0.0,0.05151688609044075,0.05151688609044075,34.928448769318834,0.6182026330852891,2.163709215798512,0.30910131654264456,0.412135088723526,2.575844304522038,11.591299370349171,5.718374356038924,0.9788208357183743,0.7212364052661706,1.4939896966227821,0.9273039496279336,1.8030910131654263,0.5666857469948483,0.0,0.0,23.84785819793205,31.25,49.333333333333336,73.68421052631578,6.843928980526918
argentina,Primera Division,2025,Julián Marchio,25.0,D,Argentina,,,0,0,0.0,0.0,0.0,0.0,0.0,0,0,0,0.0,0,,,,,,,,,,,,,,,,,,,,,,,,,,,,
argentina,Primera Division,2025 / 2026,Julián Mavilla,25.0,M,Argentina,179.0,,22,4,800.0,1.0,0.0,0.0,0.0,0,0,1,0.0,0,0.225,0.7875000000000001,0.225,0.1125,0.0,0.1125,0.1125,28.012500000000003,1.4625000000000001,2.025,0.33749999999999997,1.0125,3.0375,11.925,6.075,3.4875,1.9125,1.125,0.9,1.125,0.1125,0.0,0.0,11.84274193548387,28.57142857142857,50.943396226415096,54.83870967741935,6.872431077694236
argentina,Primera Division,2025 / 2026,Julián Palacios,26.0,M,Argentina,167.0,65.0,46,37,3023.0,4.0,10.0,0.0,1.0,0,0,9,0.0,0,0.08931524975190208,1.2801852464439298,0.5358914985114125,0.11908699966920279,0.29771749917300694,0.4168044988422097,0.11908699966920279,31.022163413827325,1.9947072444591467,1.5779027456169368,0.029771749917300697,0.8038372477671187,2.3817399933840555,11.759841217333774,5.269599735362223,2.6794574925570624,1.2206417466093284,1.3397287462785312,2.14356599404565,1.4885874958650347,0.26794574925570624,0.0,0.0,19.058541266794627,41.86046511627907,44.81012658227848,45.55555555555556,6.954217664571617
argentina,Primera Division,2026,Junior Arias,32.0,F,Uruguay,176.0,81.0,11,9,726.0,0.0,0.0,0.0,0.0,0,0,2,0.0,0,0.371900826446281,1.7355371900826446,0.371900826446281,0.0,0.0,0.0,0.0,18.719008264462808,0.8677685950413223,0.371900826446281,0.0,0.49586776859504134,0.8677685950413223,9.793388429752067,4.090909090909091,1.859504132231405,0.12396694214876033,0.6198347107438017,0.8677685950413223,0.743801652892562,0.24793388429752067,0.0,0.0,11.933774834437086,21.428571428571427,41.77215189873418,6.666666666666667,6.284413793103448
argentina,Primera Division,2026,Junior Marabel,27.0,F,Paraguay,,,16,14,1188.0,6.0,3.0,0.0,0.0,2,0,1,0.0,0,0.30303030303030304,2.121212121212121,0.9848484848484849,0.4545454545454546,0.2272727272727273,0.6818181818181819,0.30303030303030304,19.166666666666668,0.9090909090909092,0.4545454545454546,0.0,0.15151515151515152,0.6060606060606061,11.06060606060606,4.545454545454545,0.6060606060606061,0.15151515151515152,0.4545454545454546,1.2121212121212122,0.5303030303030303,0.07575757575757576,0.0,0.0,12.529644268774703,46.42857142857143,41.0958904109589,25.0,6.716666666666667
argentina,Primera Division,2025,Justo Giani,26.0,M,Argentina,180.0,71.0,28,25,2034.0,5.0,4.0,0.0,0.0,0,0,5,0.0,0,0.39823008849557523,2.2123893805309733,1.0619469026548671,0.22123893805309733,0.17699115044247787,0.39823008849557523,0.22123893805309733,31.327433628318587,1.8584070796460177,2.168141592920354,0.1327433628318584,0.7964601769911505,2.9646017699115044,18.938053097345133,9.867256637168142,3.4513274336283186,1.7699115044247786,0.9292035398230089,3.0088495575221237,1.4601769911504425,0.22123893805309733,0.0,0.0,20.456859971711456,48.0,52.10280373831776,51.28205128205128,7.249065880039332
argentina,Primera Division,2025,Júnior Moreno,32.0,M,Venezuela,175.0,70.0,3,1,94.0,0.0,0.0,0.0,0.0,0,0,1,0.0,0,0.0,0.0,0.0,0.0,0.0,0.0,0.0,31.595744680851066,0.9574468085106382,0.9574468085106382,0.0,0.0,0.9574468085106382,13.404255319148936,2.8723404255319145,0.0,0.0,0.9574468085106382,0.0,3.829787234042553,0.9574468085106382,0.0,0.0,11.181818181818182,,21.428571428571427,,6.424731182795699
argentina,Primera Division,2026,Kendry Páez,18.0,M,Ecuador,178.0,71.0,10,3,377.0,1.0,0.0,0.0,0.0,0,0,1,0.0,0,0.0,1.909814323607427,1.4323607427055702,0.23872679045092837,0.0,0.23872679045092837,0.23872679045092837,33.42175066312998,2.1485411140583555,1.4323607427055702,0.0,0.7161803713527851,2.1485411140583555,12.413793103448276,5.4907161803713525,5.729442970822281,2.8647214854111405,0.7161803713527851,0.7161803713527851,0.7161803713527851,0.23872679045092837,0.0,0.0,13.242857142857142,75.0,44.230769230769226,50.0,6.6045212765957455
argentina,Primera Division,2025,Kevin Balanta,28.0,D,Colombia,179.0,73.0,5,5,422.0,0.0,0.0,0.0,0.0,0,0,2,0.0,0,0.0,0.0,0.0,0.0,0.0,0.0,0.0,43.507109004739334,0.0,0.8530805687203792,0.8530805687203792,1.9194312796208532,2.772511848341232,8.957345971563981,3.625592417061611,0.0,0.0,0.2132701421800948,0.4265402843601896,1.7061611374407584,0.4265402843601896,0.0,0.0,41.745098039215684,,40.476190476190474,,6.836018957345972
argentina,Primera Division,2025 / 2026,Kevin Castaño,25.0,M,Colombia,177.0,73.0,27,20,1820.0,0.0,1.0,0.0,0.0,0,0,7,0.0,0,0.0,0.34615384615384615,0.14835164835164835,0.0,0.04945054945054945,0.04945054945054945,0.0,57.51098901098901,1.335164835164835,2.324175824175824,0.14835164835164835,1.0384615384615385,3.3626373626373627,9.93956043956044,4.5989010989010985,1.087912087912088,0.3956043956043956,0.8406593406593407,1.1373626373626373,1.7802197802197801,0.34615384615384615,0.0,0.0,48.233018056749785,42.857142857142854,46.26865671641791,36.36363636363637,6.944505494505494
argentina,Primera Division,2025 / 2026,Kevin Coronel,21.0,D,Argentina,168.0,66.0,10,7,678.0,0.0,0.0,0.0,0.0,0,0,1,0.0,0,0.0,1.1946902654867257,0.6637168141592921,0.0,0.0,0.0,0.0,52.69911504424778,0.6637168141592921,2.52212389380531,0.1327433628318584,0.7964601769911505,3.3185840707964602,8.36283185840708,5.3097345132743365,1.592920353982301,0.7964601769911505,0.2654867256637168,0.7964601769911505,1.0619469026548671,0.1327433628318584,0.0,0.0,40.957178841309826,55.55555555555556,63.49206349206349,50.0,6.679941002949852
argentina,Primera Division,2025 / 2026,Kevin Gutiérrez,19.0,M,Argentina,,,2,0,46.0,0.0,0.0,0.0,0.0,0,0,0,0.0,0,0.0,0.0,0.0,0.0,0.0,0.0,0.0,41.086956521739125,7.826086956521739,0.0,0.0,0.0,0.0,13.695652173913045,7.826086956521739,3.9130434782608696,3.9130434782608696,0.0,0.0,0.0,0.0,0.0,0.0,9.571428571428571,,57.14285714285714,100.0,6.61304347826087
argentina,Primera Division,2025,Kevin Gutiérrez,28.0,M,Argentina,168.0,65.0,30,28,2502.0,0.0,1.0,0.0,0.0,0,0,5,0.0,0,0.0,0.8992805755395683,0.39568345323741005,0.0,0.03597122302158273,0.03597122302158273,0.0,60.431654676258994,0.8992805755395683,1.3669064748201438,0.1079136690647482,1.1510791366906474,2.5179856115107913,5.503597122302159,2.4820143884892083,1.2589928057553956,0.5755395683453237,0.6474820143884893,0.4316546762589928,0.5755395683453237,0.17985611510791366,0.0,0.0,54.31726190476191,44.0,45.09803921568628,45.714285714285715,6.9363709032773775
argentina,Primera Division,2025 / 2026,Kevin Jappert,21.0,D,Argentina,,,36,31,2972.0,4.0,0.0,0.0,0.0,0,0,2,0.0,0,0.06056527590847914,0.4845222072678331,0.1816958277254374,0.12113055181695828,0.0,0.12113055181695828,0.12113055181695828,26.164199192462988,0.15141318977119786,1.4838492597577388,0.5450874831763123,2.2409152086137283,3.724764468371467,6.177658142664872,4.23956931359354,0.6662180349932705,0.4845222072678331,0.24226110363391656,0.908479138627187,0.5753701211305517,0.06056527590847914,0.0,0.0,20.868055555555557,37.5,68.62745098039215,72.72727272727273,7.037449528936743
argentina,Primera Division,2025 / 2026,Kevin Lomónaco,23.0,D,Argentina,192.0,80.0,50,49,4342.0,0.0,1.0,0.0,4.0,0,0,8,0.0,1,0.08291110087517273,0.29018885306310455,0.08291110087517273,0.0,0.020727775218793182,0.020727775218793182,0.0,52.503454629203134,0.29018885306310455,1.2643942883463841,0.41455550437586364,1.243666513127591,2.508060801473975,8.602026715799171,5.099032703823123,1.0985720865960387,0.6011054813450023,0.37309995393827733,1.3058498387839705,0.7669276830953478,0.16582220175034545,0.0,0.020727775218793182,50.439399921042245,28.57142857142857,59.27710843373494,54.71698113207547,7.050080663747408
argentina,Primera Division,2025,Kevin Lopez,24.0,M,Argentina,176.0,61.0,19,10,872.0,0.0,0.0,0.0,0.0,0,0,3,0.0,0,0.0,0.6192660550458716,0.3096330275229358,0.0,0.0,0.0,0.0,49.23165137614679,1.548165137614679,1.9610091743119267,0.10321100917431193,1.548165137614679,3.5091743119266057,10.733944954128441,5.6766055045871555,2.889908256880734,1.548165137614679,1.0321100917431194,1.7545871559633028,0.7224770642201835,0.3096330275229358,0.0,0.0,30.257861635220127,50.0,52.88461538461539,53.57142857142857,6.843692660550459
argentina,Primera Division,2025,Kevin Mantilla,22.0,M,Colombia,189.0,75.0,0,0,0.0,0.0,0.0,0.0,0.0,0,0,0,0.0,0,,,,,,,,,,,,,,,,,,,,,,,,,,,,
argentina,Primera Division,2025 / 2026,Kevin Ortíz,25.0,M,Argentina,,,32,23,2192.0,0.0,2.0,0.0,0.0,0,0,7,0.0,1,0.0,0.4927007299270073,0.08211678832116788,0.0,0.08211678832116788,0.08211678832116788,0.0,38.51277372262774,0.656934306569343,3.284671532846715,0.4516423357664234,1.9708029197080292,5.255474452554744,12.19434306569343,7.349452554744526,1.1906934306569343,0.739051094890511,1.5602189781021898,1.6012773722627736,1.313868613138686,0.2874087591240876,0.0,0.04105839416058394,29.28358208955224,16.666666666666664,60.26936026936027,62.06896551724138,7.026210045662101
argentina,Primera Division,2025,Kevin Parzajuk,23.0,F,Paraguay,190.0,84.0,11,7,564.0,0.0,1.0,0.0,0.0,0,0,0,0.0,0,0.797872340425532,0.6382978723404256,0.1595744680851064,0.0,0.1595744680851064,0.1595744680851064,0.0,18.51063829787234,0.9574468085106382,0.797872340425532,0.0,0.4787234042553191,1.2765957446808511,16.914893617021278,6.0638297872340425,1.9148936170212765,0.4787234042553191,0.0,0.4787234042553191,1.7553191489361701,0.0,0.0,0.0,7.75,25.0,35.84905660377358,25.0,6.509397163120568
argentina,Primera Division,2025 / 2026,Kevin Vázquez,24.0,M,Argentina,175.0,72.0,10,5,416.0,0.0,0.0,0.0,0.0,0,0,3,0.0,0,0.0,0.21634615384615385,0.0,0.0,0.0,0.0,0.0,48.89423076923077,0.4326923076923077,3.0288461538461537,0.0,0.8653846153846154,3.894230769230769,10.168269230769232,4.759615384615384,0.6490384615384616,0.21634615384615385,0.6490384615384616,0.4326923076923077,1.5144230769230769,0.6490384615384616,0.0,0.0,30.650442477876105,0.0,46.808510638297875,33.33333333333333,6.586881188118812
argentina,Primera Division,2025 / 2026,Kevin Zenón,24.0,M,Argentina,181.0,72.0,30,13,1368.0,2.0,0.0,0.0,0.0,0,0,2,0.0,1,0.19736842105263158,0.9868421052631579,0.7894736842105263,0.13157894736842105,0.0,0.13157894736842105,0.13157894736842105,36.315789473684205,1.5789473684210527,1.5789473684210527,0.13157894736842105,0.2631578947368421,1.8421052631578947,10.723684210526315,5.197368421052631,2.894736842105263,1.3157894736842104,0.4605263157894737,1.5789473684210527,0.5921052631578947,0.13157894736842105,0.0,0.06578947368421052,24.413793103448278,80.0,48.466257668711656,45.45454545454545,6.946470588235295
argentina,Primera Division,2025,Keylor Navas,39.0,G,Costa Rica,185.0,80.0,14,14,1277.0,0.0,0.0,0.0,0.0,0,0,1,0.0,0,0.0,0.0,0.0,0.0,0.0,0.0,0.0,23.32811276429131,0.0,0.0,0.0,0.0,0.0,0.4228660924040721,0.4228660924040721,0.0,0.0,0.0,0.07047768206734534,0.0,0.07047768206734534,0.0,0.0,15.589123867069487,,100.0,,7.575880971025842
argentina,Primera Division,2025,Laureano Rodríguez,23.0,D,Argentina,,,1,0,11.0,0.0,0.0,0.0,0.0,0,0,0,0.0,0,0.0,0.0,0.0,0.0,0.0,0.0,0.0,8.181818181818182,0.0,0.0,0.0,0.0,0.0,0.0,0.0,0.0,0.0,0.0,0.0,0.0,0.0,0.0,0.0,1.0,,,,6.6
argentina,Primera Division,2025,Lautaro Acosta,37.0,F,Argentina,169.0,67.0,9,2,158.0,1.0,0.0,0.0,0.0,0,0,1,0.0,0,0.569620253164557,0.569620253164557,0.569620253164557,0.569620253164557,0.0,0.569620253164557,0.569620253164557,19.367088607594937,1.139240506329114,1.139240506329114,0.0,0.0,1.139240506329114,13.10126582278481,4.556962025316456,3.4177215189873418,0.569620253164557,1.7088607594936709,2.848101265822785,0.569620253164557,0.569620253164557,0.0,0.0,5.176470588235294,100.0,34.78260869565217,16.666666666666664,7.116197183098592
argentina,Primera Division,2025 / 2026,Lautaro Agustin Godoy,22.0,M,Argentina,,,31,10,1227.0,0.0,1.0,0.0,0.0,0,0,4,0.0,1,0.0,1.687041564792176,0.6601466992665037,0.0,0.07334963325183373,0.07334963325183373,0.0,38.06845965770171,1.3202933985330074,3.8141809290953548,0.14669926650366746,1.4669926650366747,5.28117359413203,17.017114914425427,8.141809290953546,5.50122249388753,2.493887530562347,0.8068459657701711,1.3936430317848412,2.4205378973105134,0.2933985330073349,0.0,0.07334963325183373,18.177263969171484,39.130434782608695,47.8448275862069,45.33333333333333,6.76916735366859
argentina,Primera Division,2026,Lautaro Amade,25.0,G,,,,0,0,0.0,0.0,0.0,0.0,0.0,0,0,0,0.0,0,,,,,,,,,,,,,,,,,,,,,,,,,,,,
argentina,Primera Division,2025 / 2026,Lautaro Blanco,26.0,D,Argentina,176.0,81.0,46,45,4151.0,2.0,4.0,0.0,0.0,0,0,5,0.0,0,0.021681522524692846,0.23849674777162128,0.10840761262346421,0.04336304504938569,0.08672609009877139,0.13008913514815706,0.04336304504938569,38.05107203083595,1.1708022163334137,2.51505661286437,0.15177065767284992,0.8238978559383282,3.338954468802698,7.458443748494339,4.2929414598891835,2.0163815947964343,0.9539869910864851,0.6070826306913997,0.43363045049385684,0.7588532883642496,0.10840761262346421,0.0,0.0,34.80797720797721,45.45454545454545,57.55813953488372,47.31182795698925,7.146205733558179
argentina,Primera Division,2025,Lautaro Bursich,23.0,G,Argentina,195.0,80.0,0,0,0.0,0.0,0.0,0.0,0.0,0,0,0,0.0,0,,,,,,,,,,,,,,,,,,,,,,,,,,,,
argentina,Primera Division,2025 / 2026,Lautaro Carrera,22.0,D,Argentina,188.0,78.0,8,3,392.0,0.0,0.0,0.0,0.0,0,0,0,0.0,0,0.0,0.0,0.0,0.0,0.0,0.0,0.0,26.403061224489797,0.0,2.5255102040816326,0.22959183673469385,1.3775510204081631,3.9030612244897958,8.494897959183673,5.280612244897959,0.0,0.0,0.6887755102040816,0.6887755102040816,0.4591836734693877,0.0,0.0,0.0,20.027522935779817,,62.16216216216216,,6.641836734693877
argentina,Primera Division,2025 / 2026,Lautaro Chávez,24.0,M,Argentina,175.0,68.0,12,4,452.0,0.0,1.0,0.0,0.0,0,0,1,0.0,0,0.0,1.3938053097345133,0.995575221238938,0.0,0.19911504424778761,0.19911504424778761,0.0,18.91592920353982,2.190265486725664,1.7920353982300885,0.19911504424778761,0.19911504424778761,1.991150442477876,10.553097345132743,4.18141592920354,2.7876106194690267,0.5973451327433629,1.592920353982301,1.592920353982301,0.39823008849557523,0.19911504424778761,0.0,0.0,7.484210526315789,71.42857142857143,39.62264150943396,21.428571428571427,6.752876106194691
argentina,Primera Division,2025 / 2026,Lautaro Di Lollo,21.0,D,Argentina,188.0,86.0,40,35,3362.0,4.0,0.0,0.0,3.0,0,0,12,0.0,0,0.02676977989292088,0.669244497323022,0.2409280190362879,0.10707911957168352,0.0,0.10707911957168352,0.10707911957168352,59.29506246281975,0.16061867935752527,2.248661511005354,0.5889351576442594,0.9904818560380725,3.2391433670434266,9.530041641879833,6.290898274836406,0.18738845925044614,0.16061867935752527,0.4550862581796549,0.4283164782867341,1.0440214158239143,0.32123735871505055,0.0,0.0,58.272234762979686,36.0,66.01123595505618,85.71428571428571,7.152855443188579
argentina,Primera Division,2026,Lautaro Duarte,20.0,F,Argentina,,,1,1,45.0,0.0,0.0,0.0,0.0,0,0,1,0.0,0,0.0,0.0,0.0,0.0,0.0,0.0,0.0,14.0,0.0,2.0,0.0,0.0,2.0,8.0,4.0,0.0,0.0,0.0,2.0,4.0,2.0,0.0,0.0,4.0,,50.0,,6.5
argentina,Primera Division,2025,Lautaro Garzón,22.0,G,Argentina,178.0,76.0,0,0,0.0,0.0,0.0,0.0,0.0,0,0,0,0.0,0,,,,,,,,,,,,,,,,,,,,,,,,,,,,
argentina,Primera Division,2025 / 2026,Lautaro Giaccone,24.0,M,Argentina,172.0,70.0,37,12,1580.0,2.0,2.0,1.0,0.0,0,0,1,0.0,0,0.2848101265822785,1.3670886075949367,0.569620253164557,0.11392405063291139,0.11392405063291139,0.22784810126582278,0.11392405063291139,32.86708860759494,1.310126582278481,1.3670886075949367,0.0,1.0253164556962024,2.392405063291139,8.373417721518987,4.955696202531645,3.0189873417721516,1.8227848101265822,0.5126582278481012,1.5379746835443038,0.3987341772151899,0.056962025316455694,0.0,0.0,17.4367417677643,41.66666666666667,59.183673469387756,60.37735849056604,6.84135959339263
argentina,Primera Division,2025 / 2026,Lautaro Gomez,22.0,M,Argentina,170.0,,20,8,772.0,3.0,0.0,0.0,0.0,0,0,2,0.0,1,0.0,1.16580310880829,0.582901554404145,0.34974093264248707,0.0,0.34974093264248707,0.34974093264248707,19.00259067357513,1.3989637305699483,2.7979274611398965,0.0,0.582901554404145,3.3808290155440415,14.922279792746114,6.295336787564767,3.7305699481865284,1.2823834196891193,1.632124352331606,2.098445595854922,1.16580310880829,0.23316062176165803,0.0,0.11658031088082901,7.803680981595092,50.0,42.1875,34.375,6.9767833981841765
argentina,Primera Division,2025 / 2026,Lautaro Gutierrez,19.0,F,Argentina,,,15,2,446.0,2.0,0.0,0.0,0.0,0,0,1,0.0,0,0.20179372197309417,1.4125560538116593,0.8071748878923767,0.40358744394618834,0.0,0.40358744394618834,0.40358744394618834,21.18834080717489,1.0089686098654709,0.6053811659192826,0.0,0.0,0.6053811659192826,15.94170403587444,4.843049327354261,3.0269058295964126,1.4125560538116593,0.8071748878923767,0.8071748878923767,1.0089686098654709,0.20179372197309417,0.0,0.0,10.650485436893204,57.14285714285714,30.37974683544304,46.666666666666664,6.1988713318284425
argentina,Primera Division,2026,Lautaro Herrera,20.0,G,Argentina,,,0,0,0.0,0.0,0.0,0.0,0.0,0,0,0,0.0,0,,,,,,,,,,,,,,,,,,,,,,,,,,,,
argentina,Primera Division,2025,Lautaro Ludueña,21.0,M,Argentina,,,0,0,0.0,0.0,0.0,0.0,0.0,0,0,0,0.0,0,,,,,,,,,,,,,,,,,,,,,,,,,,,,
argentina,Primera Division,2026,Lautaro Maldonado,23.0,G,,,,0,0,0.0,0.0,0.0,0.0,0.0,0,0,0,0.0,0,,,,,,,,,,,,,,,,,,,,,,,,,,,,
argentina,Primera Division,2025 / 2026,Lautaro Millán,20.0,M,Argentina,169.0,65.0,38,26,2029.0,3.0,1.0,0.0,0.0,0,0,5,0.0,0,0.17742730409068508,1.1089206505667817,0.35485460818137016,0.1330704780680138,0.04435682602267127,0.17742730409068508,0.1330704780680138,30.029571217348444,1.7742730409068506,1.6855593888615081,0.0,0.2661409561360276,1.9517003449975359,11.133563331690489,5.544603252833908,1.8186298669295218,0.8427796944307541,0.9758501724987679,2.2178413011335634,1.1089206505667817,0.22178413011335632,0.0,0.0,19.505169867060562,32.0,49.800796812749006,46.34146341463415,6.885608674223755
argentina,Primera Division,2025 / 2026,Lautaro Montenegro,20.0,D,Argentina,183.0,74.0,6,6,585.0,0.0,0.0,0.0,0.0,0,0,2,0.0,0,0.0,0.15384615384615385,0.0,0.0,0.0,0.0,0.0,31.538461538461537,0.0,1.3846153846153846,0.7692307692307693,1.6923076923076923,3.076923076923077,8.0,4.307692307692308,0.9230769230769231,0.6153846153846154,1.076923076923077,0.6153846153846154,1.5384615384615385,0.3076923076923077,0.0,0.0,29.185365853658535,0.0,53.84615384615385,66.66666666666666,6.892136752136753
argentina,Primera Division,2025 / 2026,Lautaro Mora,19.0,F,Argentina,182.0,74.0,6,1,120.0,0.0,0.0,0.0,0.0,0,0,1,0.0,0,0.0,0.0,0.0,0.0,0.0,0.0,0.0,21.75,0.75,0.0,0.0,0.75,0.75,9.75,4.5,2.25,1.5,0.0,0.0,1.5,0.75,0.0,0.0,6.620689655172414,,46.15384615384615,66.66666666666666,6.4575
argentina,Primera Division,2025,Lautaro Morales,26.0,G,Argentina,187.0,76.0,2,1,139.0,0.0,0.0,0.0,0.0,0,0,0,0.0,0,0.0,0.0,0.0,0.0,0.0,0.0,0.0,22.014388489208635,0.0,0.0,0.0,0.0,0.0,0.0,0.0,0.0,0.0,0.0,0.0,0.0,0.0,0.0,0.0,14.529411764705882,,,,6.558992805755396
argentina,Primera Division,2025,Lautaro Ovando,22.0,F,Argentina,172.0,72.0,3,0,58.0,0.0,0.0,0.0,0.0,0,0,0,0.0,0,0.0,1.5517241379310345,0.0,0.0,0.0,0.0,0.0,17.068965517241377,3.103448275862069,0.0,0.0,0.0,0.0,13.965517241379311,6.206896551724138,3.103448275862069,0.0,0.0,3.103448275862069,1.5517241379310345,0.0,0.0,0.0,2.909090909090909,0.0,44.44444444444444,0.0,6.456896551724138
argentina,Primera Division,2026,Lautaro Pereyra,18.0,M,,,,3,0,68.0,0.0,0.0,0.0,0.0,0,0,0,0.0,0,0.0,1.3235294117647058,0.0,0.0,0.0,0.0,0.0,41.029411764705884,7.9411764705882355,2.6470588235294117,0.0,0.0,2.6470588235294117,18.52941176470588,7.9411764705882355,9.26470588235294,5.294117647058823,3.9705882352941178,0.0,1.3235294117647058,0.0,0.0,0.0,14.258064516129032,0.0,42.857142857142854,57.14285714285714,7.117741935483871
argentina,Primera Division,2026,Lautaro Petruchi,27.0,G,Argentina,,,2,2,186.0,0.0,0.0,0.0,0.0,0,0,1,0.0,0,0.0,0.0,0.0,0.0,0.0,0.0,0.0,30.483870967741932,0.0,0.0,0.0,0.0,0.0,0.4838709677419355,0.4838709677419355,0.0,0.0,0.0,0.4838709677419355,0.0,0.4838709677419355,0.0,0.0,7.904761904761905,,100.0,,6.590322580645161
argentina,Primera Division,2026,Lautaro Rios,19.0,M,,,,0,0,0.0,0.0,0.0,0.0,0.0,0,0,0,0.0,0,,,,,,,,,,,,,,,,,,,,,,,,,,,,
argentina,Primera Division,2025 / 2026,Lautaro Rivero,22.0,D,Argentina,185.0,80.0,43,43,3853.0,3.0,1.0,0.0,3.0,0,0,12,0.0,0,0.0,0.630677394238256,0.18686737607059434,0.07007526602647288,0.023358422008824292,0.09343368803529717,0.07007526602647288,50.71113418115754,0.23358422008824295,1.7285232286529977,0.49052686218531016,1.0978458344147417,2.8263690630677396,8.292239813132625,5.629379704126654,0.2803010641058915,0.23358422008824295,0.4204515961588373,1.0744874124059176,0.7474695042823774,0.2803010641058915,0.0,0.0,47.73514509442653,29.629629629629626,67.88732394366197,83.33333333333334,7.036465092135998
argentina,Primera Division,2025 / 2026,Lautaro Ríos,25.0,M,Argentina,180.0,74.0,29,13,1455.0,1.0,1.0,0.0,0.0,0,0,5,0.0,0,0.0,1.175257731958763,0.4329896907216495,0.061855670103092786,0.061855670103092786,0.12371134020618557,0.061855670103092786,34.948453608247426,0.4948453608247423,2.1649484536082477,0.4948453608247423,1.4845360824742269,3.6494845360824746,12.0,6.247422680412371,0.9896907216494846,0.5567010309278351,1.0515463917525774,1.4226804123711339,2.1030927835051547,0.30927835051546393,0.0,0.0,23.06205673758865,36.84210526315789,52.0618556701031,56.25,6.815818431911968
argentina,Primera Division,2025 / 2026,Lautaro Vargas,20.0,D,Argentina,173.0,70.0,42,40,3606.0,0.0,2.0,1.0,0.0,0,0,11,0.0,0,0.02495840266222962,0.4492512479201331,0.1497504159733777,0.0,0.04991680532445924,0.04991680532445924,0.0,32.84525790349418,0.9484193011647254,2.346089850249584,0.24958402662229617,1.1980033277870217,3.5440931780366056,9.334442595673877,5.066555740432612,2.545757071547421,1.3227953410981699,1.29783693843594,0.9484193011647254,0.8236272878535774,0.27454242928452577,0.0,0.0,27.382978723404257,33.33333333333333,54.278074866310156,51.9607843137255,6.988630061009428
argentina,Primera Division,2026,Lautaro Villegas,22.0,M,Argentina,171.0,59.0,14,9,752.0,0.0,0.0,0.0,0.0,0,0,3,0.0,0,0.0,0.23936170212765956,0.0,0.0,0.0,0.0,0.0,31.715425531914892,0.8377659574468085,2.992021276595745,0.11968085106382978,0.598404255319149,3.5904255319148937,9.454787234042554,4.906914893617022,0.8377659574468085,0.7180851063829786,1.077127659574468,0.598404255319149,1.077127659574468,0.3590425531914893,0.0,0.0,16.245283018867923,0.0,51.89873417721519,85.71428571428571,6.67593085106383
argentina,Primera Division,2025 / 2026,Leandro Brey,23.0,G,Argentina,193.0,89.0,10,8,778.0,0.0,0.0,0.0,0.0,0,0,0,0.0,0,0.0,0.0,0.0,0.0,0.0,0.0,0.0,25.10282776349614,0.0,0.0,0.0,0.0,0.0,0.34704370179948585,0.34704370179948585,0.0,0.0,0.0,0.0,0.0,0.0,0.0,0.0,15.299539170506913,,100.0,,7.078940568475453
argentina,Primera Division,2025 / 2026,Leandro Díaz,33.0,F,Argentina,182.0,80.0,41,35,3173.0,11.0,1.0,1.0,0.0,4,2,8,0.0,1,1.333123227229751,1.673495115033092,0.8509297195083517,0.312007563819729,0.02836432398361172,0.34037188780334066,0.19855026788528207,21.21651433974157,0.8509297195083517,0.4821935077213993,0.1418216199180586,0.1418216199180586,0.624015127639458,12.67885282067444,5.020485345099275,0.9360226914591869,0.2836432398361172,0.22691459186889376,1.1629372833280807,1.5033091711314213,0.22691459186889376,0.0,0.02836432398361172,13.846256684491978,50.847457627118644,39.59731543624161,30.303030303030305,6.766341002206113
argentina,Primera Division,2025,Leandro Fabián Quiroz,21.0,D,Argentina,183.0,,3,2,225.0,0.0,0.0,0.0,0.0,0,0,1,0.0,0,0.0,0.0,0.0,0.0,0.0,0.0,0.0,38.8,0.4,2.0,0.4,0.4,2.4000000000000004,6.8,4.4,0.0,0.0,0.0,0.0,1.6,0.4,0.0,0.0,33.0,,64.70588235294117,,6.96
argentina,Primera Division,2025 / 2026,Leandro Fabián Quiroz,,D,,,,15,4,480.0,0.0,1.0,0.0,0.0,0,0,1,0.0,1,0.0,0.9375,0.1875,0.0,0.1875,0.1875,0.0,27.374999999999996,0.5625,1.5,0.375,1.3125,2.8125,10.125,4.875,1.5,0.5625,0.75,1.3125,0.75,0.1875,0.0,0.1875,28.39041095890411,20.0,48.148148148148145,37.5,6.651673640167364
argentina,Primera Division,2026,Leandro Fernández,34.0,F,Argentina,178.0,70.0,7,1,174.0,0.0,0.0,0.0,0.0,0,0,1,0.0,0,1.5517241379310345,1.0344827586206897,0.5172413793103449,0.0,0.0,0.0,0.0,18.103448275862068,1.0344827586206897,1.5517241379310345,0.0,0.0,1.5517241379310345,10.344827586206897,4.655172413793103,3.103448275862069,1.0344827586206897,0.5172413793103449,2.0689655172413794,1.0344827586206897,0.5172413793103449,0.0,0.0,5.967741935483871,50.0,45.0,33.33333333333333,6.400574712643678
argentina,Primera Division,2025 / 2026,Leandro González Pírez,33.0,D,Argentina,188.0,87.0,29,27,2485.0,3.0,0.0,0.0,0.0,0,0,10,0.0,0,0.0,0.4346076458752515,0.21730382293762576,0.10865191146881288,0.0,0.10865191146881288,0.10865191146881288,49.40040241448692,0.10865191146881288,1.52112676056338,0.47082494969818917,1.158953722334004,2.6800804828973845,7.533199195171027,5.2152917505030185,0.6519114688128773,0.5070422535211268,0.2535211267605634,0.9054325955734407,0.977867203219316,0.3621730382293763,0.0,0.0,48.93970588235294,50.0,69.23076923076923,77.77777777777779,7.276780684104628
argentina,Primera Division,2025 / 2026,Leandro Lescano,22.0,D,Argentina,,,16,8,824.0,2.0,1.0,0.0,0.0,0,0,6,0.0,1,0.10922330097087378,0.7645631067961165,0.3276699029126214,0.21844660194174756,0.10922330097087378,0.3276699029126214,0.21844660194174756,35.71601941747573,1.3106796116504855,2.4029126213592233,0.10922330097087378,1.0922330097087378,3.495145631067961,10.594660194174757,5.461165048543689,1.8567961165048545,0.7645631067961165,0.6553398058252428,0.8737864077669902,2.1844660194174756,0.6553398058252428,0.0,0.10922330097087378,25.660493827160494,42.857142857142854,51.546391752577314,41.17647058823529,6.79247572815534
argentina,Primera Division,2025 / 2026,Leandro Lozano,27.0,D,Uruguay,169.0,70.0,49,49,4429.0,1.0,8.0,1.0,0.0,0,0,6,0.0,0,0.08128245653646421,0.5892978098893655,0.16256491307292842,0.020320614134116052,0.16256491307292842,0.18288552720704448,0.020320614134116052,45.09144276360352,1.4427636035222398,2.275908783020998,0.20320614134116055,1.6256491307292844,3.901557913750282,10.058703996387447,6.055543011966583,1.0363513208399189,0.48769473921878526,0.8737864077669902,1.483404831790472,0.751862722962294,0.12192368480469631,0.0,0.0,39.23614240648941,27.586206896551722,60.2020202020202,47.05882352941176,7.2639421991420186
argentina,Primera Division,2025,Leandro Mamut,22.0,M,Argentina,178.0,69.0,11,1,324.0,0.0,0.0,0.0,0.0,0,0,0,0.0,0,0.0,0.8333333333333333,0.0,0.0,0.0,0.0,0.0,35.27777777777778,0.8333333333333333,3.888888888888889,0.2777777777777778,0.8333333333333333,4.722222222222222,15.833333333333334,8.055555555555555,5.555555555555555,3.0555555555555554,0.2777777777777778,0.2777777777777778,0.5555555555555556,0.0,0.0,0.0,13.826771653543307,0.0,50.877192982456144,55.00000000000001,6.774074074074075
argentina,Primera Division,2025 / 2026,Leandro Paredes,31.0,M,Argentina,180.0,75.0,32,27,2602.0,3.0,7.0,0.0,0.0,3,0,13,0.0,0,0.034588777863182166,1.037663335895465,0.48424289008455035,0.1037663335895465,0.24212144504227517,0.34588777863182163,0.0,80.45349730976172,2.697924673328209,2.0061491160645657,0.207532667179093,0.9338970023059185,2.9400461183704842,7.782475019215988,5.465026902382783,0.6571867794004612,0.5188316679477325,0.7263643351268255,2.2136817832436586,0.7955418908531899,0.4496541122213682,0.0,0.0,75.59931212381771,46.666666666666664,70.22222222222221,78.94736842105263,7.843889315910839
argentina,Primera Division,2025,Leandro Suhr,28.0,M,Uruguay,176.0,69.0,23,12,1152.0,1.0,0.0,1.0,0.0,0,0,3,0.0,1,0.234375,0.9375,0.390625,0.078125,0.0,0.078125,0.078125,14.296875,1.171875,1.40625,0.078125,0.46875,1.875,13.671874999999998,6.25,3.046875,1.25,0.8593750000000001,2.5,1.171875,0.234375,0.0,0.078125,7.098360655737705,41.66666666666667,45.714285714285715,41.02564102564102,6.6970383275261325
argentina,Primera Division,2025 / 2026,Lenny Lobato,24.0,F,Brazil,174.0,70.0,11,2,446.0,0.0,0.0,0.0,0.0,0,0,0,0.0,0,0.20179372197309417,1.0089686098654709,0.8071748878923767,0.0,0.0,0.0,0.0,23.40807174887892,1.0089686098654709,0.8071748878923767,0.0,0.40358744394618834,1.2107623318385652,8.878923766816143,3.2286995515695067,2.4215246636771304,0.8071748878923767,0.6053811659192826,1.4125560538116593,2.6233183856502245,0.0,0.0,0.0,10.35344827586207,80.0,36.36363636363637,33.33333333333333,6.493497757847534
argentina,Primera Division,2026,Leo Cristaldo,16.0,D,Paraguay,,,0,0,0.0,0.0,0.0,0.0,0.0,0,0,0,0.0,0,,,,,,,,,,,,,,,,,,,,,,,,,,,,
argentina,Primera Division,2025 / 2026,Leonard Costa,27.0,D,Uruguay,182.0,82.0,35,24,2128.0,1.0,1.0,0.0,0.0,0,0,4,0.0,2,0.08458646616541353,0.2537593984962406,0.042293233082706765,0.042293233082706765,0.042293233082706765,0.08458646616541353,0.042293233082706765,25.968045112781954,0.21146616541353383,1.268796992481203,0.7612781954887218,1.3533834586466165,2.6221804511278193,6.851503759398496,3.8063909774436087,0.21146616541353383,0.1268796992481203,0.5921052631578947,0.3383458646616541,0.6343984962406015,0.16917293233082706,0.0,0.08458646616541353,24.30392156862745,16.666666666666664,55.55555555555556,60.0,6.72444653791804
argentina,Primera Division,2025 / 2026,Leonardo Gil,34.0,M,Argentina,176.0,66.0,51,46,4263.0,2.0,4.0,0.0,1.0,0,0,9,0.0,0,0.0844475721323012,0.5911330049261083,0.211118930330753,0.0422237860661506,0.0844475721323012,0.1266713581984518,0.0422237860661506,50.816326530612244,1.8789584799437016,1.900070372976777,0.1055594651653765,0.9289232934553132,2.82899366643209,11.231527093596059,5.446868402533427,1.0344827586206897,0.5489092188599578,1.5622800844475722,1.963406052076003,1.0767065446868402,0.1900070372976777,0.0,0.0,44.02492729538845,35.714285714285715,48.49624060150376,53.06122448979592,7.049683321604504
argentina,Primera Division,2025 / 2026,Leonardo Godoy,30.0,D,Argentina,173.0,66.0,21,16,1405.0,0.0,1.0,0.0,0.0,0,0,6,0.0,0,0.32028469750889677,0.3843416370106762,0.12811387900355872,0.0,0.06405693950177936,0.06405693950177936,0.0,27.9288256227758,1.0889679715302492,1.409252669039146,0.4483985765124555,0.9608540925266904,2.3701067615658364,8.391459074733095,3.9715302491103204,1.281138790035587,0.32028469750889677,0.5124555160142349,1.281138790035587,1.1530249110320285,0.3843416370106762,0.0,0.0,20.128440366972477,33.33333333333333,47.32824427480916,25.0,6.831387900355871
argentina,Primera Division,2025 / 2026,Leonardo Heredia,29.0,F,Argentina,185.0,79.0,46,35,2787.0,6.0,2.0,0.0,1.0,1,1,1,0.0,0,0.38751345532831,1.6792249730893432,0.8719052744886975,0.193756727664155,0.06458557588805167,0.25834230355220666,0.16146393972012918,26.18945102260495,0.8073196986006459,0.4520990312163617,0.03229278794402583,0.32292787944025836,0.77502691065662,10.656620021528525,3.681377825618945,0.9041980624327234,0.35522066738428415,0.48439181916038754,0.8719052744886975,0.6458557588805167,0.03229278794402583,0.0,0.0,19.165228113440197,51.92307692307693,34.54545454545455,39.285714285714285,6.660997488338715
argentina,Primera Division,2025,Leonardo Jara,34.0,D,Argentina,180.0,79.0,11,9,732.0,0.0,0.0,0.0,0.0,0,0,1,0.0,0,0.0,0.4918032786885246,0.12295081967213115,0.0,0.0,0.0,0.0,26.68032786885246,0.12295081967213115,2.0901639344262297,0.2459016393442623,1.2295081967213115,3.319672131147541,8.114754098360656,4.918032786885246,0.2459016393442623,0.2459016393442623,0.36885245901639346,1.3524590163934425,0.9836065573770492,0.12295081967213115,0.0,0.0,15.138248847926267,25.0,60.60606060606061,100.0,6.841256830601093
argentina,Primera Division,2025 / 2026,Leonardo Landriel,29.0,M,Argentina,,,5,3,165.0,0.0,0.0,0.0,0.0,0,0,1,0.0,0,0.0,0.0,0.0,0.0,0.0,0.0,0.0,18.0,0.5454545454545454,2.1818181818181817,0.0,0.0,2.1818181818181817,12.0,4.909090909090909,1.6363636363636362,1.0909090909090908,0.0,0.5454545454545454,3.8181818181818183,0.5454545454545454,0.0,0.0,5.2727272727272725,,40.909090909090914,66.66666666666666,6.675757575757576
argentina,Primera Division,2025 / 2026,Leonardo Marchi,29.0,D,Argentina,180.0,74.0,10,7,611.0,0.0,1.0,0.0,0.0,0,0,4,0.0,0,0.0,0.2945990180032733,0.2945990180032733,0.0,0.14729950900163666,0.14729950900163666,0.0,32.700490998363335,1.6202945990180033,2.3567921440261865,0.0,0.88379705400982,3.2405891980360066,8.39607201309329,3.387888707037643,0.5891980360065466,0.14729950900163666,0.2945990180032733,0.0,2.062193126022913,0.5891980360065466,0.0,0.0,23.42792792792793,100.0,40.35087719298245,25.0,6.828314238952536
argentina,Primera Division,2025 / 2026,Leonardo Morales,34.0,D,Argentina,180.0,72.0,50,50,4375.0,2.0,0.0,0.0,0.0,0,0,10,0.0,1,0.0,0.3908571428571429,0.08228571428571428,0.04114285714285714,0.0,0.04114285714285714,0.04114285714285714,33.73714285714286,0.24685714285714286,1.8102857142857143,0.6994285714285714,1.5222857142857142,3.3325714285714287,7.508571428571429,4.402285714285714,0.3291428571428571,0.26742857142857146,0.5965714285714286,0.5142857142857142,0.8022857142857144,0.20571428571428574,0.0,0.02057142857142857,30.170121951219514,21.052631578947366,58.63013698630137,81.25,7.011291428571429
argentina,Primera Division,2026,Leonardo Rios,19.0,D,,,,1,0,34.0,0.0,0.0,0.0,0.0,0,0,0,0.0,0,0.0,0.0,0.0,0.0,0.0,0.0,0.0,5.294117647058823,0.0,0.0,0.0,2.6470588235294117,2.6470588235294117,5.294117647058823,2.6470588235294117,0.0,0.0,0.0,2.6470588235294117,0.0,0.0,0.0,0.0,2.0,,50.0,,6.5
argentina,Primera Division,2025 / 2026,Leonardo Sequeira,30.0,F,Argentina,178.0,80.0,36,10,1321.0,1.0,1.0,0.0,0.0,0,1,4,0.0,1,0.2043906131718395,1.0219530658591978,0.4769114307342922,0.06813020439061317,0.06813020439061317,0.13626040878122633,0.06813020439061317,20.984102952308856,1.158213474640424,1.566994700984103,0.0,0.6131718395155186,2.1801665404996213,15.26116578349735,7.0174110522331565,2.8614685844057535,1.0219530658591978,0.6813020439061317,1.3626040878122634,0.6813020439061317,0.27252081756245267,0.0,0.06813020439061317,8.217532467532468,46.666666666666664,45.982142857142854,35.714285714285715,6.555261165783497
argentina,Primera Division,2025,Leonardo Suárez,29.0,M,Argentina,167.0,60.0,2,0,72.0,0.0,0.0,0.0,0.0,0,0,0,0.0,0,1.25,1.25,0.0,0.0,0.0,0.0,0.0,53.75,1.25,1.25,0.0,1.25,2.5,7.5,3.75,2.5,2.5,1.25,0.0,0.0,0.0,0.0,0.0,20.558139534883722,0.0,50.0,100.0,6.875
argentina,Primera Division,2025 / 2026,Leonel Bucca,26.0,M,Argentina,190.0,82.0,13,4,448.0,4.0,0.0,0.0,0.0,0,0,1,0.0,0,0.0,1.40625,0.8035714285714285,0.8035714285714285,0.0,0.8035714285714285,0.8035714285714285,30.736607142857142,0.40178571428571425,1.0044642857142858,0.0,0.40178571428571425,1.40625,15.870535714285715,9.040178571428571,2.0089285714285716,1.607142857142857,0.8035714285714285,3.214285714285714,1.40625,0.20089285714285712,0.0,0.0,13.401315789473685,57.14285714285714,56.9620253164557,80.0,6.928348214285713
argentina,Primera Division,2025,Leonel Cardozo,21.0,D,Argentina,,,2,1,110.0,0.0,0.0,0.0,1.0,0,0,1,0.0,0,0.0,0.0,0.0,0.0,0.0,0.0,0.0,27.0,0.0,0.8181818181818181,0.0,0.0,0.8181818181818181,4.909090909090909,2.4545454545454546,1.6363636363636362,1.6363636363636362,0.8181818181818181,0.0,0.8181818181818181,0.8181818181818181,0.0,0.0,18.939393939393938,,50.0,100.0,6.09
argentina,Primera Division,2026,Leonel Di Plácido,31.0,D,Argentina,176.0,72.0,7,7,583.0,0.0,0.0,0.0,0.0,0,0,2,0.0,0,0.0,0.30874785591766724,0.15437392795883362,0.0,0.0,0.0,0.0,31.801029159519725,0.9262435677530018,2.006861063464837,0.0,1.3893653516295026,3.3962264150943393,13.27615780445969,7.873070325900515,1.3893653516295026,0.4631217838765009,1.5437392795883362,1.0806174957118353,1.0806174957118353,0.30874785591766724,0.0,0.0,24.475728155339805,50.0,59.30232558139535,33.33333333333333,7.043910806174957
argentina,Primera Division,2026,Leonel Flores,18.0,F,Argentina,175.0,,0,0,0.0,0.0,0.0,0.0,0.0,0,0,0,0.0,0,,,,,,,,,,,,,,,,,,,,,,,,,,,,
argentina,Primera Division,2025,Leonel Miranda,31.0,M,Argentina,173.0,70.0,5,0,114.0,0.0,0.0,0.0,0.0,0,0,0,0.0,0,0.0,1.5789473684210527,0.0,0.0,0.0,0.0,0.0,71.8421052631579,0.7894736842105263,4.7368421052631575,0.0,1.5789473684210527,6.315789473684211,16.57894736842105,9.473684210526315,1.5789473684210527,1.5789473684210527,3.1578947368421053,2.3684210526315788,1.5789473684210527,0.0,0.0,0.0,20.318681318681318,0.0,57.14285714285714,100.0,6.780530973451328
argentina,Primera Division,2025 / 2026,Leonel Mosevich,28.0,D,Argentina,185.0,81.0,27,26,2342.0,0.0,0.0,0.0,0.0,0,0,8,0.0,0,0.03842869342442357,0.4227156276686592,0.1537147736976943,0.0,0.0,0.0,0.0,30.204953031596926,0.0,1.8061485909479078,0.7301451750640479,1.3834329632792486,3.1895815542271566,8.415883859948762,5.226302305721605,0.03842869342442357,0.0,0.4227156276686592,0.34585824081981215,1.345004269854825,0.3074295473953886,0.0,0.0,30.516539440203562,36.36363636363637,62.10045662100456,0.0,6.818232280102476
argentina,Primera Division,2025,Leonel Picco,27.0,M,Argentina,192.0,84.0,31,30,2661.0,0.0,0.0,0.0,0.0,0,0,9,0.0,0,0.033821871476888386,0.6426155580608793,0.2029312288613303,0.0,0.0,0.0,0.0,33.788049605411494,0.37204058624577224,3.314543404735062,0.16910935738444194,1.5558060879368658,4.870349492671927,10.586245772266064,5.952649379932356,1.04847801578354,0.5749718151071026,0.8455467869222096,0.5073280721533258,1.927846674182638,0.30439684329199546,0.0,0.0,29.4994994994995,31.57894736842105,56.23003194888179,54.83870967741935,6.924802705749719
argentina,Primera Division,2025 / 2026,Leonel Pérez,21.0,M,Argentina,186.0,76.0,29,26,2253.0,0.0,0.0,0.0,0.0,0,0,6,0.0,0,0.0,0.5992010652463382,0.03994673768308921,0.0,0.0,0.0,0.0,29.241011984021306,0.1997336884154461,2.077230359520639,0.1997336884154461,1.5179760319573903,3.5952063914780292,10.106524633821572,6.191744340878828,0.3595206391478029,0.11984021304926765,0.4793608521970706,1.5978695073235687,1.3182423435419441,0.2396804260985353,0.0,0.0,27.57377049180328,6.666666666666667,61.26482213438735,33.33333333333333,6.811806480248557
argentina,Primera Division,2025,Leonel Roldán,21.0,D,Argentina,175.0,68.0,9,3,323.0,0.0,0.0,0.0,0.0,0,0,3,0.0,0,0.0,0.0,0.0,0.0,0.0,0.0,0.0,34.55108359133127,0.0,1.9504643962848298,0.0,1.671826625386997,3.6222910216718267,11.702786377708978,5.015479876160991,1.1145510835913313,0.8359133126934984,1.3931888544891642,0.2786377708978328,2.5077399380804954,0.8359133126934984,0.0,0.0,18.274193548387096,,42.857142857142854,75.0,6.675232198142415
argentina,Primera Division,2026,Leonel Vega,21.0,M,,,,5,3,277.0,0.0,0.0,0.0,0.0,0,0,2,0.0,0,0.0,0.3249097472924188,0.0,0.0,0.0,0.0,0.0,24.36823104693141,0.3249097472924188,6.173285198555957,0.0,2.9241877256317688,9.097472924187725,12.021660649819495,6.8231046931407935,0.0,0.0,0.9747292418772563,0.6498194945848376,3.2490974729241877,0.6498194945848376,0.0,0.0,21.972972972972972,0.0,56.75675675675676,,6.901805054151624
argentina,Primera Division,2025,Leonel Álvarez,29.0,D,Argentina,,,12,10,848.0,0.0,0.0,0.0,0.0,0,0,1,0.0,0,0.0,0.1061320754716981,0.1061320754716981,0.0,0.0,0.0,0.0,25.153301886792452,0.7429245283018868,2.2287735849056607,0.31839622641509435,0.6367924528301887,2.865566037735849,6.686320754716981,3.5023584905660377,0.4245283018867924,0.2122641509433962,0.6367924528301887,0.5306603773584906,1.0613207547169812,0.1061320754716981,0.0,0.0,20.357758620689655,100.0,52.38095238095239,50.0,6.714150943396227
argentina,Primera Division,2025,Lionel Verde,21.0,M,Argentina,178.0,,14,3,494.0,2.0,0.0,0.0,0.0,0,0,0,0.0,0,0.0,2.004048582995951,1.0931174089068827,0.3643724696356275,0.0,0.3643724696356275,0.3643724696356275,30.971659919028337,2.91497975708502,2.5506072874493926,0.18218623481781376,0.3643724696356275,2.91497975708502,13.11740890688259,5.647773279352227,2.7327935222672064,0.9109311740890689,0.5465587044534413,1.6396761133603237,1.8218623481781377,0.0,0.0,0.0,16.72189349112426,54.54545454545454,43.05555555555556,33.33333333333333,7.028542510121457
argentina,Primera Division,2025,Lisandro Bajú,,D,,,,0,0,0.0,0.0,0.0,0.0,0.0,0,0,0,0.0,0,,,,,,,,,,,,,,,,,,,,,,,,,,,,
argentina,Primera Division,2025,Lisandro Cabrera,27.0,F,Argentina,178.0,75.0,17,4,548.0,0.0,1.0,0.0,0.0,0,0,0,0.0,0,0.3284671532846715,1.478102189781022,0.3284671532846715,0.0,0.16423357664233576,0.16423357664233576,0.0,21.67883211678832,0.8211678832116788,0.9854014598540146,0.0,0.0,0.9854014598540146,14.781021897810218,6.56934306569343,0.8211678832116788,0.4927007299270073,0.3284671532846715,1.1496350364963503,0.4927007299270073,0.0,0.0,0.0,9.236641221374045,22.22222222222222,44.44444444444444,60.0,6.817153284671533
argentina,Primera Division,2026,Lisandro Duarte,18.0,M,,,,1,1,64.0,0.0,0.0,0.0,0.0,0,0,0,0.0,0,0.0,1.40625,0.0,0.0,0.0,0.0,0.0,16.875,0.0,2.8125,0.0,0.0,2.8125,21.09375,8.4375,0.0,0.0,2.8125,4.21875,2.8125,0.0,0.0,0.0,5.0,0.0,40.0,,6.3
argentina,Primera Division,2025 / 2026,Lisandro López,36.0,D,Argentina,188.0,80.0,27,27,2308.0,0.0,0.0,0.0,1.0,0,0,7,0.0,1,0.0779896013864818,0.46793760831889086,0.1559792027729636,0.0,0.0,0.0,0.0,46.44280762564991,0.3119584055459272,2.027729636048527,0.8188908145580589,1.4818024263431542,3.509532062391681,7.993934142114385,5.654246100519931,0.5459272097053726,0.389948006932409,0.4289428076256499,0.6239168110918544,0.4289428076256499,0.2729636048526863,0.0,0.0389948006932409,45.604534005037785,33.33333333333333,70.73170731707317,71.42857142857143,7.290944540727903
argentina,Primera Division,2025 / 2026,Lisandro Magallán,32.0,D,Argentina,185.0,79.0,27,27,2411.0,1.0,1.0,0.0,0.0,0,0,6,0.0,0,0.03732890916632103,0.37328909166321034,0.11198672749896309,0.03732890916632103,0.03732890916632103,0.07465781833264205,0.03732890916632103,40.87515553712153,0.22397345499792617,1.157196184155952,0.5226047283284945,0.8585649108253836,2.0157610949813356,5.860638739112401,3.4715885524678556,0.11198672749896309,0.0,0.26130236416424724,0.22397345499792617,0.6719203649937785,0.22397345499792617,0.0,0.0,36.70958904109589,30.0,59.23566878980891,0.0,6.841849854832018
argentina,Primera Division,2025,Lisandro Montenegro,22.0,M,Argentina,173.0,63.0,2,0,33.0,0.0,0.0,0.0,0.0,0,0,0,0.0,0,0.0,0.0,0.0,0.0,0.0,0.0,0.0,51.81818181818182,0.0,2.7272727272727275,0.0,5.454545454545455,8.181818181818182,10.90909090909091,8.181818181818182,0.0,0.0,0.0,2.7272727272727275,0.0,0.0,0.0,0.0,17.0,,75.0,,6.7
argentina,Primera Division,2025 / 2026,Lisandro Piñero,18.0,F,Argentina,169.0,,23,5,667.0,0.0,0.0,0.0,0.0,0,0,3,0.0,0,0.4047976011994003,0.4047976011994003,0.0,0.0,0.0,0.0,0.0,23.61319340329835,0.8095952023988006,1.8890554722638682,0.0,0.5397301349325337,2.428785607196402,16.326836581709145,8.63568215892054,3.9130434782608696,2.5637181409295353,1.4842578710644678,3.5082458770614693,1.3493253373313343,0.4047976011994003,0.0,0.0,7.714285714285714,0.0,52.892561983471076,65.51724137931035,6.687837837837838
argentina,Primera Division,2025 / 2026,Lorenzo Albarracin,18.0,F,Argentina,,,1,0,24.0,0.0,0.0,0.0,0.0,0,0,0,0.0,0,0.0,0.0,0.0,0.0,0.0,0.0,0.0,26.25,0.0,7.5,0.0,0.0,7.5,15.0,7.5,0.0,0.0,0.0,0.0,0.0,0.0,0.0,0.0,7.0,,50.0,,6.7
argentina,Primera Division,2025,Lorenzo Scipioni,21.0,M,Argentina,179.0,82.0,16,16,1444.0,1.0,0.0,0.0,1.0,0,0,8,0.0,0,0.0,0.4362880886426593,0.12465373961218837,0.062326869806094184,0.0,0.062326869806094184,0.062326869806094184,39.6398891966759,0.18698060941828257,3.2409972299168976,0.4986149584487535,2.0567867036011083,5.297783933518006,11.655124653739612,6.3573407202216075,0.9349030470914127,0.6232686980609418,0.9349030470914127,0.7479224376731303,2.243767313019391,0.4986149584487535,0.0,0.0,36.18238993710692,28.57142857142857,54.54545454545454,66.66666666666666,6.923891966759003
argentina,Primera Division,2025 / 2026,Luca Babino,20.0,M,Argentina,,,0,0,0.0,0.0,0.0,0.0,0.0,0,0,0,0.0,0,,,,,,,,,,,,,,,,,,,,,,,,,,,,
argentina,Primera Division,2026,Luca Feler,18.0,M,Argentina,,,2,0,7.0,0.0,0.0,0.0,0.0,0,0,0,0.0,0,0.0,0.0,0.0,0.0,0.0,0.0,0.0,38.57142857142857,0.0,0.0,0.0,0.0,0.0,38.57142857142857,12.857142857142856,12.857142857142856,0.0,12.857142857142856,12.857142857142856,0.0,0.0,0.0,0.0,1.0,,33.33333333333333,0.0,
argentina,Primera Division,2025 / 2026,Luca Klimowicz,21.0,F,Argentina,,,22,9,831.0,0.0,0.0,1.0,0.0,0,0,1,0.0,0,0.7581227436823104,1.84115523465704,0.6498194945848376,0.0,0.0,0.0,0.0,13.754512635379061,0.6498194945848376,0.9747292418772563,0.0,0.4332129963898917,1.407942238267148,10.613718411552346,3.68231046931408,2.1660649819494586,0.8664259927797834,0.10830324909747292,1.0830324909747293,1.0830324909747293,0.10830324909747292,0.0,0.0,6.330578512396694,35.294117647058826,34.69387755102041,40.0,6.398069963811822
argentina,Primera Division,2025,Luca Martínez Dupuy,24.0,F,Mexico,178.0,73.0,27,12,1243.0,2.0,1.0,0.0,0.0,0,0,1,0.0,0,0.5792437650844731,1.592920353982301,0.6516492357200322,0.14481094127111827,0.07240547063555913,0.21721641190667737,0.14481094127111827,11.078037007240546,0.14481094127111827,0.28962188254223653,0.07240547063555913,0.0,0.28962188254223653,10.281576830249396,4.706355591311343,0.8688656476267095,0.28962188254223653,0.28962188254223653,1.737731295253419,0.8688656476267095,0.07240547063555913,0.0,0.0,5.708609271523179,40.909090909090914,45.774647887323944,33.33333333333333,6.653864734299518
argentina,Primera Division,2026,Luca Rafaelli,,F,,,,8,1,259.0,1.0,1.0,0.0,0.0,0,0,2,0.0,0,0.0,1.7374517374517373,0.694980694980695,0.3474903474903475,0.3474903474903475,0.694980694980695,0.3474903474903475,20.154440154440152,1.38996138996139,1.7374517374517373,0.0,0.0,1.7374517374517373,15.984555984555985,6.254826254826255,5.212355212355212,2.0849420849420848,1.38996138996139,1.38996138996139,2.0849420849420848,0.694980694980695,0.0,0.0,9.052631578947368,40.0,39.130434782608695,40.0,6.934362934362935
argentina,Primera Division,2025 / 2026,Luca Raffin,19.0,D,Argentina,,,7,2,237.0,0.0,0.0,0.0,0.0,0,0,0,0.0,0,0.0,0.0,0.0,0.0,0.0,0.0,0.0,31.89873417721519,0.0,1.5189873417721518,0.7594936708860759,1.5189873417721518,3.0379746835443036,7.974683544303797,5.3164556962025316,0.0,0.0,0.37974683544303794,0.7594936708860759,1.139240506329114,0.0,0.0,0.0,34.626506024096386,,66.66666666666666,,6.692608695652174
argentina,Primera Division,2025 / 2026,Luca Regiardo,19.0,M,Argentina,,,32,28,2449.0,0.0,0.0,0.0,1.0,0,0,12,0.0,1,0.0,0.25724785626786445,0.0,0.0,0.0,0.0,0.0,31.2004899959167,0.18374846876276033,2.4989791751735404,0.3307472437729686,1.3964883625969784,3.895467537770519,8.158432013066557,4.115965700285831,0.4042466312780727,0.22049816251531237,0.8452429563086974,0.5144957125357289,1.6169865251122908,0.44099632503062475,0.0,0.03674969375255206,28.21319199057715,0.0,50.45045045045045,54.54545454545454,6.735769701919152
argentina,Primera Division,2025,Luca Sosa,31.0,D,Ecuador,185.0,,12,9,785.0,0.0,0.0,0.0,1.0,0,0,0,0.0,0,0.0,0.34394904458598724,0.22929936305732482,0.0,0.0,0.0,0.0,33.82165605095542,0.22929936305732482,2.0636942675159236,0.11464968152866241,1.0318471337579618,3.095541401273885,8.140127388535031,5.044585987261146,0.34394904458598724,0.22929936305732482,0.22929936305732482,0.45859872611464964,1.2611464968152866,0.0,0.0,0.0,30.710884353741495,66.66666666666666,61.97183098591549,66.66666666666666,6.851082802547771
argentina,Primera Division,2025,Lucas Abascia,30.0,D,Argentina,181.0,80.0,24,21,1935.0,1.0,1.0,0.0,0.0,0,0,6,0.0,0,0.0,0.27906976744186046,0.13953488372093023,0.046511627906976744,0.046511627906976744,0.09302325581395349,0.046511627906976744,50.79069767441861,0.18604651162790697,2.046511627906977,0.7441860465116279,2.1395348837209305,4.186046511627907,9.86046511627907,5.5813953488372094,0.41860465116279066,0.27906976744186046,0.8372093023255813,0.7906976744186047,0.7906976744186047,0.27906976744186046,0.0,0.0,43.25915750915751,50.0,56.60377358490566,66.66666666666666,7.120516795865633
argentina,Primera Division,2025,Lucas Acosta,20.0,M,Argentina,179.0,,1,0,9.0,0.0,0.0,0.0,0.0,0,0,0,0.0,0,0.0,0.0,0.0,0.0,0.0,0.0,0.0,80.0,0.0,0.0,0.0,0.0,0.0,10.0,0.0,10.0,0.0,0.0,0.0,0.0,0.0,0.0,0.0,4.0,,0.0,0.0,6.5
argentina,Primera Division,2025,Lucas Acosta,30.0,G,Argentina,187.0,82.0,32,32,2913.0,0.0,0.0,0.0,0.0,0,0,3,0.0,0,0.0,0.0,0.0,0.0,0.0,0.0,0.0,29.104016477857876,0.030895983522142123,0.061791967044284246,0.0,0.030895983522142123,0.09268795056642636,0.3707518022657054,0.3707518022657054,0.09268795056642636,0.09268795056642636,0.0,0.061791967044284246,0.0,0.09268795056642636,0.0,0.0,17.519108280254777,,100.0,100.0,7.260624785444559
argentina,Primera Division,2025 / 2026,Lucas Alario,33.0,F,Argentina,184.0,78.0,27,13,1209.0,2.0,0.0,0.0,0.0,1,0,3,0.0,0,0.4466501240694789,1.1910669975186103,0.4466501240694789,0.1488833746898263,0.0,0.1488833746898263,0.07444168734491315,19.429280397022332,1.3399503722084367,0.8188585607940447,0.1488833746898263,0.22332506203473945,1.0421836228287842,14.739454094292803,5.806451612903226,0.8188585607940447,0.37220843672456577,0.4466501240694789,1.488833746898263,2.3076923076923075,0.22332506203473945,0.0,0.0,11.118773946360154,37.5,39.39393939393939,45.45454545454545,6.708112582781457
argentina,Primera Division,2025,Lucas Alfonso,19.0,F,Argentina,,,0,0,0.0,0.0,0.0,0.0,0.0,0,0,0,0.0,0,,,,,,,,,,,,,,,,,,,,,,,,,,,,
argentina,Primera Division,2025,Lucas Arce,28.0,D,Argentina,172.0,69.0,25,18,1676.0,0.0,1.0,0.0,0.0,0,0,4,0.0,0,0.053699284009546544,0.37589498806682575,0.16109785202863963,0.0,0.053699284009546544,0.053699284009546544,0.0,34.20644391408114,1.6646778042959427,1.986873508353222,0.053699284009546544,0.8054892601431981,2.79236276849642,8.591885441527445,4.134844868735084,1.0739856801909307,0.48329355608591884,1.3424821002386633,0.6443914081145585,0.9665871121718377,0.21479713603818618,0.0,0.0,23.778649921507064,42.857142857142854,48.125,45.0,6.762171837708831
argentina,Primera Division,2026,Lucas Baños,20.0,D,Argentina,192.0,,0,0,0.0,0.0,0.0,0.0,0.0,0,0,0,0.0,0,,,,,,,,,,,,,,,,,,,,,,,,,,,,
argentina,Primera Division,2026,Lucas Bernabéu,21.0,D,Argentina,,,0,0,0.0,0.0,0.0,0.0,0.0,0,0,0,0.0,0,,,,,,,,,,,,,,,,,,,,,,,,,,,,
argentina,Primera Division,2025 / 2026,Lucas Besozzi,22.0,F,Argentina,176.0,74.0,33,8,1089.0,3.0,3.0,0.0,0.0,0,0,3,0.0,0,0.3305785123966942,0.9090909090909092,0.5785123966942148,0.24793388429752067,0.24793388429752067,0.49586776859504134,0.24793388429752067,33.47107438016529,1.487603305785124,0.49586776859504134,0.1652892561983471,0.3305785123966942,0.8264462809917356,12.396694214876034,4.462809917355372,5.867768595041322,2.1487603305785123,1.1570247933884297,1.2396694214876034,0.49586776859504134,0.24793388429752067,0.0,0.0,15.459259259259259,63.63636363636363,36.0,36.61971830985916,6.860386029411764
argentina,Primera Division,2025 / 2026,Lucas Blondel,29.0,D,Argentina,178.0,75.0,21,18,1616.0,1.0,1.0,0.0,0.0,0,0,5,0.0,0,0.0,1.058168316831683,0.11138613861386139,0.055693069306930694,0.055693069306930694,0.11138613861386139,0.055693069306930694,34.975247524752476,0.38985148514851486,2.0606435643564356,0.22277227722772278,1.3366336633663365,3.397277227722772,10.024752475247524,5.123762376237624,1.3366336633663365,0.556930693069307,1.058168316831683,0.6126237623762376,0.8910891089108911,0.2784653465346535,0.0,0.0,25.423566878980893,10.526315789473683,51.11111111111111,41.66666666666667,6.833910891089108
argentina,Primera Division,2025 / 2026,Lucas Carrizo,28.0,D,Argentina,180.0,71.0,17,12,1239.0,0.0,0.0,0.0,0.0,0,0,4,0.0,1,0.0,0.2179176755447942,0.07263922518159806,0.0,0.0,0.0,0.0,46.053268765133176,0.3631961259079903,1.8159806295399514,0.29055690072639223,1.0169491525423728,2.8329297820823247,7.627118644067796,4.7941888619854724,0.2179176755447942,0.14527845036319612,1.162227602905569,1.7433414043583535,0.7263922518159805,0.29055690072639223,0.0,0.07263922518159806,40.041009463722396,33.33333333333333,62.857142857142854,66.66666666666666,7.000323362974939
argentina,Primera Division,2025 / 2026,Lucas Castro,36.0,M,Argentina,182.0,75.0,34,19,1646.0,1.0,1.0,0.0,0.0,0,0,6,0.0,0,0.2733900364520049,1.4216281895504252,0.49210206561360875,0.05467800729040097,0.05467800729040097,0.10935601458080194,0.05467800729040097,37.29040097205346,1.2029161603888214,2.187120291616039,0.21871202916160387,0.3827460510328068,2.569866342648846,12.30255164034022,6.342648845686513,3.2260024301336574,1.6950182260024302,0.7108140947752126,1.4216281895504252,1.8043742405832321,0.32806804374240583,0.0,0.0,21.772727272727273,34.61538461538461,51.55555555555556,52.54237288135594,6.845676004872107
argentina,Primera Division,2025 / 2026,Lucas Cornejo,20.0,M,Argentina,,,1,0,21.0,0.0,0.0,0.0,0.0,0,0,0,0.0,0,0.0,0.0,0.0,0.0,0.0,0.0,0.0,42.857142857142854,4.285714285714286,8.571428571428571,0.0,0.0,8.571428571428571,17.142857142857142,17.142857142857142,4.285714285714286,4.285714285714286,0.0,0.0,0.0,0.0,0.0,0.0,9.0,,100.0,100.0,7.200000000000001
argentina,Primera Division,2025,Lucas Diarte,32.0,D,Argentina,180.0,76.0,22,20,1878.0,0.0,0.0,0.0,1.0,0,0,5,0.0,0,0.0,0.3833865814696486,0.047923322683706075,0.0,0.0,0.0,0.0,24.39297124600639,1.1022364217252396,1.7252396166134185,0.1916932907348243,1.0543130990415337,2.779552715654952,7.715654952076677,4.361022364217253,0.5271565495207668,0.23961661341853036,0.4792332268370607,1.1980830670926519,1.1980830670926519,0.23961661341853036,0.0,0.0,17.69744597249509,12.5,56.52173913043478,45.45454545454545,6.774068157614484
argentina,Primera Division,2025,Lucas Ferreira,25.0,D,Uruguay,189.0,80.0,26,25,2247.0,1.0,1.0,0.0,0.0,0,0,6,0.0,0,0.0,0.3204272363150868,0.12016021361815754,0.04005340453938585,0.04005340453938585,0.0801068090787717,0.04005340453938585,49.546061415220294,0.44058744993324434,2.0026702269692924,1.0013351134846462,1.6822429906542056,3.684913217623498,11.575433911882511,6.8491321762349795,0.6408544726301736,0.44058744993324434,0.9612817089452603,0.9612817089452603,0.9212283044058746,0.24032042723631508,0.0,0.0,51.62409054163298,37.5,59.16955017301038,68.75,7.231330663106364
argentina,Primera Division,2025 / 2026,Lucas Gamba,38.0,F,Argentina,165.0,65.0,32,15,1541.0,5.0,2.0,0.0,0.0,0,0,2,0.0,0,0.5256327060350422,1.6937053861129137,0.9344581440622971,0.2920181700194679,0.11680726800778714,0.4088254380272551,0.2920181700194679,25.872809863724857,0.7592472420506164,0.4088254380272551,0.0,0.05840363400389357,0.46722907203114855,9.9870214146658,3.2706035042180406,1.8105126541207008,0.5256327060350422,0.2920181700194679,1.6937053861129137,1.226476314081765,0.11680726800778714,0.0,0.0,16.060948081264108,55.172413793103445,32.748538011695906,29.03225806451613,6.767423750811161
argentina,Primera Division,2025 / 2026,Lucas González,25.0,M,Argentina,169.0,68.0,32,24,1790.0,1.0,4.0,0.0,0.0,0,0,6,0.0,0,0.0,0.9050279329608938,0.3016759776536313,0.05027932960893854,0.20111731843575417,0.25139664804469275,0.05027932960893854,31.273743016759777,0.8547486033519553,0.9050279329608938,0.0,0.20111731843575417,1.1061452513966479,8.798882681564246,3.770949720670391,2.0614525139664805,0.9553072625698323,0.25139664804469275,1.7094972067039107,1.4078212290502794,0.3016759776536313,0.0,0.0,19.20257234726688,33.33333333333333,42.857142857142854,46.34146341463415,6.714245810055866
argentina,Primera Division,2026,Lucas González,28.0,F,,,,3,0,84.0,0.0,0.0,0.0,0.0,0,0,0,0.0,0,0.0,2.142857142857143,1.0714285714285714,0.0,0.0,0.0,0.0,21.428571428571427,1.0714285714285714,0.0,0.0,1.0714285714285714,1.0714285714285714,13.928571428571429,5.357142857142857,0.0,0.0,1.0714285714285714,2.142857142857143,3.214285714285714,0.0,0.0,0.0,4.05,50.0,38.46153846153847,,6.497619047619047
argentina,Primera Division,2025 / 2026,Lucas Gómez,21.0,M,Argentina,181.0,78.0,32,4,893.0,1.0,1.0,0.0,0.0,0,0,1,0.0,0,0.0,0.604703247480403,0.3023516237402015,0.10078387458006718,0.10078387458006718,0.20156774916013437,0.10078387458006718,50.996640537514004,0.604703247480403,2.1164613661814107,0.10078387458006718,0.503919372900336,2.620380739081747,8.768197088465845,5.139977603583427,0.604703247480403,0.40313549832026874,0.40313549832026874,1.612541993281075,2.015677491601344,0.10078387458006718,0.0,0.0,30.26284584980237,50.0,58.620689655172406,66.66666666666666,6.699775533108866
argentina,Primera Division,2025,Lucas Hoyos,36.0,G,Argentina,183.0,76.0,0,0,0.0,0.0,0.0,0.0,0.0,0,0,0,0.0,0,,,,,,,,,,,,,,,,,,,,,,,,,,,,
argentina,Primera Division,2025 / 2026,Lucas Janson,31.0,F,Argentina,170.0,67.0,7,4,314.0,0.0,0.0,0.0,0.0,0,0,1,0.0,0,0.28662420382165604,0.8598726114649681,0.5732484076433121,0.0,0.0,0.0,0.0,25.50955414012739,1.7197452229299361,1.4331210191082802,0.0,0.0,1.4331210191082802,14.617834394904458,7.738853503184713,2.006369426751592,1.7197452229299361,0.8598726114649681,2.8662420382165603,2.006369426751592,0.28662420382165604,0.0,0.0,13.820224719101123,66.66666666666666,52.94117647058824,85.71428571428571,6.562738853503184
argentina,Primera Division,2025,Lucas Lazarte,20.0,F,Argentina,,,1,0,19.0,0.0,1.0,0.0,0.0,0,0,1,0.0,0,4.7368421052631575,9.473684210526315,4.7368421052631575,0.0,4.7368421052631575,4.7368421052631575,0.0,9.473684210526315,4.7368421052631575,0.0,0.0,0.0,0.0,0.0,0.0,0.0,0.0,0.0,0.0,0.0,4.7368421052631575,0.0,0.0,2.0,50.0,,,7.2
argentina,Primera Division,2025 / 2026,Lucas Martínez Quarta,29.0,D,Argentina,183.0,76.0,44,44,3991.0,3.0,0.0,2.0,1.0,0,0,17,0.0,1,0.06765221748935103,0.8569280881984465,0.42846404409922323,0.06765221748935103,0.0,0.06765221748935103,0.06765221748935103,58.564269606614886,0.2931596091205212,1.9393635680280632,0.42846404409922323,1.2177399148083188,3.1571034828363818,9.200701578551742,5.953395139062891,0.8118266098722124,0.4735655224254573,0.27060886995740413,0.7892758707090954,0.9696817840140316,0.3833625657729892,0.0,0.022550739163117013,53.80400462071621,50.0,64.70588235294117,58.333333333333336,7.204009020295665
argentina,Primera Division,2025 / 2026,Lucas Menossi,33.0,M,Argentina,165.0,65.0,28,14,1423.0,2.0,0.0,0.0,0.0,0,0,8,0.0,1,0.12649332396345747,0.6957132817990161,0.25298664792691494,0.12649332396345747,0.0,0.12649332396345747,0.12649332396345747,36.3035839775123,0.6324666198172874,2.403373155305692,0.06324666198172874,0.6324666198172874,3.0358397751229793,9.297259311314125,4.617006324666198,0.44272663387210115,0.3794799718903724,1.4546732255797612,1.0751932536893885,1.5179198875614897,0.5059732958538299,0.0,0.06324666198172874,23.06806282722513,36.36363636363637,49.65986394557823,85.71428571428571,6.81755994358251
argentina,Primera Division,2025 / 2026,Lucas Meuli,24.0,G,Argentina,185.0,71.0,0,0,0.0,0.0,0.0,0.0,0.0,0,0,0,0.0,0,,,,,,,,,,,,,,,,,,,,,,,,,,,,
argentina,Primera Division,2025,Lucas Mihovilcevich,21.0,D,Argentina,181.0,,0,0,0.0,0.0,0.0,0.0,0.0,0,0,0,0.0,0,,,,,,,,,,,,,,,,,,,,,,,,,,,,
argentina,Primera Division,2025 / 2026,Lucas Palavecino,22.0,M,Argentina,,,5,0,135.0,0.0,0.0,0.0,0.0,0,0,0,0.0,0,0.0,0.6666666666666667,0.6666666666666667,0.0,0.0,0.0,0.0,33.33333333333333,0.0,3.333333333333333,0.6666666666666667,1.3333333333333335,4.666666666666667,10.0,5.333333333333334,0.0,0.0,1.3333333333333335,1.3333333333333335,2.0,0.0,0.0,0.0,12.96,100.0,53.333333333333336,,6.675373134328358
argentina,Primera Division,2025 / 2026,Lucas Passerini,31.0,F,Argentina,189.0,82.0,41,17,1909.0,2.0,6.0,2.0,0.0,2,1,13,0.0,2,0.9429020429544265,1.6500785751702463,0.6128863279203772,0.09429020429544265,0.2828706128863279,0.3771608171817706,0.0,16.500785751702463,1.2257726558407545,0.8014667365112624,0.1885804085908853,0.09429020429544265,0.8957569408067051,14.803562074384493,5.327396542692509,1.6500785751702463,0.5185961236249346,0.1885804085908853,1.3672079622839184,2.027239392352017,0.6128863279203772,0.0,0.09429020429544265,7.856725146198831,37.142857142857146,35.98726114649681,31.428571428571427,6.5451021477213205
argentina,Primera Division,2025,Lucas Pratto,37.0,F,Argentina,188.0,85.0,9,2,325.0,0.0,0.0,0.0,0.0,0,0,1,0.0,0,0.0,0.8307692307692308,0.0,0.0,0.0,0.0,0.0,32.676923076923075,1.6615384615384616,1.1076923076923078,0.27692307692307694,0.0,1.1076923076923078,15.230769230769232,4.984615384615385,0.27692307692307694,0.0,1.3846153846153846,0.8307692307692308,2.4923076923076923,0.27692307692307694,0.0,0.0,10.228813559322035,0.0,32.72727272727273,0.0,6.447076923076923
argentina,Primera Division,2026,Lucas Ramos,19.0,D,,,,1,1,77.0,0.0,0.0,0.0,0.0,0,0,0,0.0,0,0.0,0.0,0.0,0.0,0.0,0.0,0.0,30.38961038961039,0.0,3.5064935064935066,0.0,1.168831168831169,4.675324675324676,16.363636363636363,9.350649350649352,1.168831168831169,1.168831168831169,1.168831168831169,2.337662337662338,1.168831168831169,0.0,0.0,0.0,20.0,,57.14285714285714,100.0,7.199999999999999
argentina,Primera Division,2026,Lucas Robertone,28.0,M,Argentina,175.0,70.0,15,9,823.0,1.0,0.0,0.0,0.0,0,0,6,0.0,1,0.0,1.2029161603888214,0.32806804374240583,0.10935601458080194,0.0,0.10935601458080194,0.10935601458080194,49.97569866342649,1.2029161603888214,2.6245443499392467,0.21871202916160387,1.640340218712029,4.264884568651276,12.138517618469017,6.670716889428919,0.9842041312272175,0.43742405832320774,0.9842041312272175,1.5309842041312272,1.5309842041312272,0.6561360874848117,0.0,0.10935601458080194,34.75054704595186,27.27272727272727,54.95495495495496,44.44444444444444,7.018248175182482
argentina,Primera Division,2025 / 2026,Lucas Rodríguez,32.0,D,Argentina,169.0,66.0,32,24,2205.0,0.0,1.0,0.0,1.0,0,0,2,0.0,0,0.0,0.3673469387755102,0.12244897959183673,0.0,0.04081632653061225,0.04081632653061225,0.0,29.387755102040813,1.0204081632653061,1.673469387755102,0.20408163265306123,0.7755102040816326,2.4489795918367347,6.530612244897959,3.63265306122449,0.5306122448979592,0.2857142857142857,0.6122448979591837,1.1020408163265305,0.8163265306122449,0.0816326530612245,0.0,0.0,19.65972222222222,33.33333333333333,55.625,53.84615384615385,6.730294784580499
argentina,Primera Division,2025 / 2026,Lucas Roman,21.0,F,Argentina,,,2,0,51.0,0.0,0.0,0.0,0.0,0,0,0,0.0,0,0.0,0.0,0.0,0.0,0.0,0.0,0.0,30.0,0.0,1.7647058823529411,0.0,0.0,1.7647058823529411,8.823529411764707,1.7647058823529411,5.294117647058823,0.0,0.0,0.0,0.0,0.0,0.0,0.0,12.294117647058824,,20.0,0.0,6.270588235294118
argentina,Primera Division,2026,Lucas Silva,19.0,M,,,,1,0,34.0,0.0,0.0,0.0,0.0,0,0,0,0.0,0,0.0,2.6470588235294117,0.0,0.0,0.0,0.0,0.0,21.176470588235293,0.0,2.6470588235294117,0.0,2.6470588235294117,5.294117647058823,10.588235294117647,5.294117647058823,2.6470588235294117,0.0,0.0,2.6470588235294117,0.0,0.0,0.0,0.0,8.0,0.0,50.0,0.0,6.6
argentina,Primera Division,2025 / 2026,Lucas Souto,27.0,D,Argentina,,,18,15,1403.0,1.0,0.0,0.0,1.0,0,0,1,0.0,1,0.06414825374198146,0.3207412687099074,0.06414825374198146,0.06414825374198146,0.0,0.06414825374198146,0.06414825374198146,35.60228082679971,0.06414825374198146,1.2829650748396295,0.19244476122594442,2.2451888809693514,3.5281539558089805,8.660014255167498,4.297933000712758,1.090520313613685,0.38488952245188884,0.6414825374198148,0.38488952245188884,1.1546685673556665,0.06414825374198146,0.0,0.06414825374198146,30.212612612612613,20.0,49.629629629629626,35.294117647058826,6.61490727532097
argentina,Primera Division,2026,Lucas Suárez,30.0,D,Argentina,184.0,81.0,11,8,652.0,0.0,0.0,0.0,0.0,0,0,1,0.0,0,0.13803680981595093,0.27607361963190186,0.13803680981595093,0.0,0.0,0.0,0.0,28.43558282208589,0.4141104294478528,2.208588957055215,0.4141104294478528,1.2423312883435582,3.4509202453987733,9.800613496932515,4.279141104294479,1.2423312883435582,0.27607361963190186,0.6901840490797546,0.6901840490797546,1.3803680981595092,0.13803680981595093,0.0,0.0,22.06341463414634,50.0,43.66197183098591,22.22222222222222,6.426267281105991
argentina,Primera Division,2025 / 2026,Lucas Varaldo,23.0,F,Argentina,175.0,72.0,14,6,470.0,1.0,0.0,1.0,0.0,1,0,1,0.0,0,0.0,1.5319148936170213,0.3829787234042553,0.19148936170212766,0.0,0.19148936170212766,0.0,25.659574468085108,0.7659574468085106,0.9574468085106382,0.0,0.19148936170212766,1.1489361702127658,11.680851063829786,5.170212765957447,2.6808510638297873,1.7234042553191489,0.19148936170212766,0.9574468085106382,0.5744680851063829,0.19148936170212766,0.0,0.0,13.32089552238806,25.0,44.26229508196721,64.28571428571429,6.767391304347826
argentina,Primera Division,2025 / 2026,Lucas Zelarayán,33.0,M,Armenia,173.0,73.0,42,39,3549.0,7.0,4.0,0.0,0.0,0,0,4,0.0,0,0.12679628064243448,1.521555367709214,0.6593406593406593,0.1775147928994083,0.10143702451394758,0.2789518174133559,0.1775147928994083,40.853761622992394,2.3330515638207947,1.0143702451394758,0.05071851225697379,0.1521555367709214,1.1665257819103974,12.09636517328825,5.908706677937447,4.513947590870668,2.1048182586644124,0.5325443786982248,2.510566356720203,0.8875739644970414,0.10143702451394758,0.0,0.0,34.221601489757916,43.333333333333336,48.84696016771489,46.62921348314607,7.218624964778812
argentina,Primera Division,2025,Luciano Abecasis,35.0,D,Argentina,175.0,73.0,2,1,93.0,0.0,1.0,0.0,0.0,0,0,0,0.0,0,0.0,0.967741935483871,0.967741935483871,0.0,0.967741935483871,0.967741935483871,0.0,43.54838709677419,0.967741935483871,2.903225806451613,0.0,0.0,2.903225806451613,4.838709677419355,3.870967741935484,0.967741935483871,0.0,0.0,0.0,0.0,0.0,0.0,0.0,29.133333333333333,100.0,80.0,0.0,6.5
argentina,Primera Division,2026,Luciano Barros,21.0,D,,,,0,0,0.0,0.0,0.0,0.0,0.0,0,0,0,0.0,0,,,,,,,,,,,,,,,,,,,,,,,,,,,,
argentina,Primera Division,2025,Luciano Boggio,26.0,M,Uruguay,175.0,69.0,1,0,8.0,0.0,0.0,0.0,0.0,0,0,0,0.0,0,0.0,0.0,0.0,0.0,0.0,0.0,0.0,56.25,0.0,33.75,0.0,0.0,33.75,45.0,33.75,11.25,0.0,0.0,0.0,0.0,0.0,0.0,0.0,5.0,,75.0,0.0,6.9
argentina,Primera Division,2025 / 2026,Luciano Cabral,30.0,M,Chile,172.0,71.0,41,24,2333.0,3.0,3.0,0.0,0.0,0,0,6,0.0,2,0.19288469781397344,0.9644234890698672,0.501500214316331,0.11573081868838406,0.11573081868838406,0.23146163737676811,0.11573081868838406,37.84397771110159,1.350192884697814,1.0801543077582512,0.07715387912558937,0.46292327475353623,1.5430775825117875,11.187312473210458,4.552078868409773,2.4689241320188597,0.9258465495070725,0.5400771538791256,2.1217316759537077,0.9644234890698672,0.23146163737676811,0.0,0.07715387912558937,27.70948012232416,52.0,40.689655172413794,37.5,6.822031718816974
argentina,Primera Division,2026,Luciano Cingolani,24.0,F,Argentina,172.0,68.0,6,0,234.0,1.0,0.0,0.0,0.0,0,0,0,0.0,0,0.0,1.9230769230769231,1.9230769230769231,0.38461538461538464,0.0,0.38461538461538464,0.38461538461538464,20.76923076923077,3.4615384615384617,1.9230769230769231,0.0,1.1538461538461537,3.076923076923077,13.461538461538462,7.307692307692308,3.076923076923077,0.7692307692307693,0.7692307692307693,2.6923076923076925,0.7692307692307693,0.0,0.0,0.0,8.673076923076923,100.0,54.285714285714285,25.0,7.2333333333333325
argentina,Primera Division,2025 / 2026,Luciano Giménez,25.0,F,Argentina,,,26,12,1143.0,4.0,1.0,0.0,0.0,0,0,5,0.0,1,0.7086614173228346,2.1259842519685037,1.1811023622047243,0.31496062992125984,0.07874015748031496,0.3937007874015748,0.31496062992125984,21.023622047244096,0.8661417322834645,0.8661417322834645,0.0,0.3937007874015748,1.2598425196850394,15.590551181102361,6.456692913385826,1.5748031496062993,0.47244094488188976,0.23622047244094488,1.1023622047244095,2.047244094488189,0.3937007874015748,0.0,0.07874015748031496,12.603846153846154,55.55555555555556,41.41414141414141,30.0,6.491277533039648
argentina,Primera Division,2026,Luciano González,19.0,F,Uruguay,179.0,86.0,4,0,137.0,0.0,0.0,0.0,0.0,0,0,0,0.0,0,0.0,1.9708029197080292,0.656934306569343,0.0,0.0,0.0,0.0,21.67883211678832,1.313868613138686,1.313868613138686,0.0,0.0,1.313868613138686,17.737226277372265,8.540145985401459,6.56934306569343,3.284671532846715,0.0,1.9708029197080292,1.313868613138686,0.0,0.0,0.0,6.7272727272727275,33.33333333333333,48.148148148148145,50.0,6.548905109489051
argentina,Primera Division,2025 / 2026,Luciano Gómez,29.0,D,Argentina,163.0,66.0,39,32,2894.0,3.0,4.0,0.0,0.0,0,0,8,0.0,0,0.031098825155494125,0.6219765031098825,0.31098825155494125,0.09329647546648238,0.1243953006219765,0.2176917760884589,0.09329647546648238,34.768486523842434,1.1817553559087768,1.461644782308224,0.27988942639944714,0.9640635798203179,2.4257083621285416,7.961299239806496,4.758120248790601,1.6171389080856944,1.0573600552868003,0.8396682791983413,1.8348306841741535,1.026261230131306,0.248790601243953,0.0,0.0,26.168157423971376,50.0,59.765625,65.38461538461539,7.043158258465792
argentina,Primera Division,2025 / 2026,Luciano Herrera,29.0,F,Argentina,179.0,76.0,43,32,2589.0,5.0,3.0,0.0,0.0,0,0,9,0.0,0,0.6952491309385863,1.5643105446118193,0.6257242178447276,0.17381228273464658,0.10428736964078794,0.27809965237543455,0.17381228273464658,16.720741599073,0.7995365005793743,1.425260718424102,0.13904982618771727,0.9385863267670915,2.3638470451911937,15.26071842410197,6.431054461181923,3.684820393974508,1.3904982618771726,0.9038238702201623,2.1552723059096177,2.4681344148319813,0.3128621089223638,0.0,0.0,10.715176715176716,40.0,42.14123006833713,37.735849056603776,6.787485515643105
argentina,Primera Division,2025,Luciano Lollo,38.0,D,Argentina,183.0,80.0,23,22,1917.0,3.0,0.0,0.0,0.0,0,0,5,0.0,2,0.046948356807511735,0.4225352112676056,0.18779342723004694,0.14084507042253522,0.0,0.14084507042253522,0.14084507042253522,30.845070422535212,0.18779342723004694,1.1267605633802817,1.0328638497652582,1.1737089201877935,2.300469483568075,6.197183098591549,3.286384976525822,0.3755868544600939,0.32863849765258213,0.5633802816901409,0.23474178403755872,0.7981220657276996,0.23474178403755872,0.0,0.09389671361502347,31.111280487804876,44.44444444444444,53.03030303030303,87.5,7.124934793948879
argentina,Primera Division,2026,Luciano Paredes,23.0,D,Argentina,188.0,81.0,12,10,897.0,1.0,0.0,0.0,0.0,0,0,0,0.0,0,0.0,0.5016722408026756,0.20066889632107024,0.10033444816053512,0.0,0.10033444816053512,0.10033444816053512,25.785953177257525,0.3010033444816054,1.3043478260869565,0.20066889632107024,1.0033444816053512,2.3076923076923075,8.729096989966555,3.9130434782608696,2.1070234113712374,0.6020066889632107,0.802675585284281,0.5016722408026756,0.7023411371237458,0.0,0.0,0.0,17.0,40.0,44.827586206896555,28.57142857142857,6.426309921962096
argentina,Primera Division,2025,Luciano Pascual,21.0,M,Argentina,179.0,,9,3,242.0,0.0,0.0,0.0,0.0,0,0,1,0.0,0,0.0,1.115702479338843,0.371900826446281,0.0,0.0,0.0,0.0,25.289256198347108,0.371900826446281,0.371900826446281,0.0,0.371900826446281,0.743801652892562,11.528925619834709,3.71900826446281,2.603305785123967,1.859504132231405,0.743801652892562,0.743801652892562,1.115702479338843,0.371900826446281,0.0,0.0,9.485294117647058,33.33333333333333,32.25806451612903,71.42857142857143,6.384710743801652
argentina,Primera Division,2025,Luciano Recalde,30.0,D,Argentina,185.0,80.0,22,20,1744.0,0.0,0.0,0.0,0.0,0,0,4,0.0,0,0.0,0.41284403669724773,0.051605504587155966,0.0,0.0,0.0,0.0,25.441513761467892,0.0,1.0321100917431194,0.41284403669724773,0.7224770642201835,1.7545871559633028,6.553899082568806,3.4575688073394493,0.20642201834862386,0.1548165137614679,0.5160550458715597,0.41284403669724773,0.9288990825688074,0.20642201834862386,0.0,0.0,24.96951219512195,12.5,52.75590551181102,75.0,6.820011467889908
argentina,Primera Division,2025 / 2026,Luciano Romero,19.0,D,Argentina,180.0,81.0,4,4,300.0,0.0,0.0,0.0,0.0,0,0,1,0.0,0,0.0,0.0,0.0,0.0,0.0,0.0,0.0,39.0,0.6000000000000001,3.6,0.30000000000000004,2.1,5.7,9.9,5.7,0.9,0.6000000000000001,0.30000000000000004,0.30000000000000004,1.2000000000000002,0.30000000000000004,0.0,0.0,28.853846153846153,,57.57575757575758,66.66666666666666,6.798333333333333
argentina,Primera Division,2026,Luciano Sábato,,F,,,,1,0,22.0,0.0,0.0,0.0,0.0,0,0,1,0.0,0,4.090909090909091,4.090909090909091,0.0,0.0,0.0,0.0,0.0,12.272727272727272,0.0,0.0,0.0,0.0,0.0,8.181818181818182,4.090909090909091,0.0,0.0,0.0,0.0,4.090909090909091,4.090909090909091,0.0,0.0,2.0,0.0,50.0,,6.5
argentina,Primera Division,2025,Luciano Sánchez,31.0,D,Argentina,169.0,68.0,0,0,0.0,0.0,0.0,0.0,0.0,0,0,0,0.0,0,,,,,,,,,,,,,,,,,,,,,,,,,,,,
argentina,Primera Division,2025 / 2026,Luciano Vallejo,21.0,D,Afghanistan,,,7,4,349.0,0.0,0.0,0.0,0.0,0,0,3,0.0,1,0.0,0.25787965616045844,0.25787965616045844,0.0,0.0,0.0,0.0,25.787965616045845,0.5157593123209169,2.0630372492836675,0.7736389684813754,0.7736389684813754,2.836676217765043,12.378223495702006,7.478510028653295,0.5157593123209169,0.25787965616045844,0.7736389684813754,1.0315186246418337,1.8051575931232093,0.7736389684813754,0.0,0.25787965616045844,13.08,100.0,60.416666666666664,50.0,6.6825214899713465
argentina,Primera Division,2025 / 2026,Luciano Vietto,32.0,F,Argentina,174.0,73.0,30,17,1454.0,6.0,3.0,0.0,0.0,1,0,5,0.0,0,0.12379642365887208,2.0426409903713894,0.8665749656121046,0.37138927097661617,0.18569463548830809,0.5570839064649243,0.30949105914718017,34.66299862448418,2.599724896836314,0.9903713892709767,0.06189821182943604,0.30949105914718017,1.299862448418157,8.789546079779917,3.4044016506189823,2.599724896836314,1.1141678129298487,0.9284731774415406,0.9903713892709767,1.1141678129298487,0.30949105914718017,0.0,0.0,19.228571428571428,42.42424242424242,38.732394366197184,42.857142857142854,7.025739848589126
argentina,Primera Division,2025,Lucio Falasco,21.0,M,Argentina,,,2,0,14.0,0.0,1.0,0.0,0.0,0,0,1,0.0,0,0.0,0.0,0.0,0.0,6.428571428571428,6.428571428571428,0.0,38.57142857142857,12.857142857142856,0.0,0.0,0.0,0.0,19.285714285714285,6.428571428571428,0.0,0.0,0.0,0.0,6.428571428571428,6.428571428571428,0.0,0.0,3.5,,33.33333333333333,,7.299999999999999
argentina,Primera Division,2026,Lucio Ferrari,18.0,D,,,,0,0,0.0,0.0,0.0,0.0,0.0,0,0,0,0.0,0,,,,,,,,,,,,,,,,,,,,,,,,,,,,
argentina,Primera Division,2025 / 2026,Luis Abraham,27.0,D,Argentina,,,36,35,3196.0,0.0,4.0,0.0,0.0,0,0,2,0.0,0,0.028160200250312892,0.5913642052565706,0.11264080100125157,0.0,0.11264080100125157,0.11264080100125157,0.0,24.245932415519402,1.013767209011264,1.4643304130162704,0.3097622027534418,0.506883604505632,1.9712140175219024,7.744055068836046,4.2240300375469335,1.8585732165206508,0.9292866082603254,0.3660826032540676,0.7884856070087609,0.6195244055068836,0.056320400500625784,0.0,0.0,17.24157955865273,19.047619047619047,54.54545454545454,50.0,6.911514392991239
argentina,Primera Division,2025,Luis Advíncula,35.0,D,Peru,180.0,80.0,19,10,1097.0,1.0,1.0,0.0,0.0,0,0,3,0.0,0,0.1640838650865998,0.3281677301731996,0.0820419325432999,0.0820419325432999,0.0820419325432999,0.1640838650865998,0.0820419325432999,36.91886964448496,0.5742935278030994,1.3126709206927984,0.4102096627164995,0.4922515952597995,1.804922515952598,7.465815861440292,3.445761166818596,0.902461257976299,0.4922515952597995,0.4922515952597995,0.820419325432999,1.804922515952598,0.24612579762989975,0.0,0.0,30.613333333333333,25.0,46.15384615384615,54.54545454545454,6.857702825888787
argentina,Primera Division,2025 / 2026,Luis Ingolotti,25.0,G,Argentina,184.0,74.0,19,19,1752.0,0.0,0.0,0.0,0.0,0,0,1,0.0,0,0.0,0.0,0.0,0.0,0.0,0.0,0.0,20.136986301369863,0.0,0.0,0.0,0.0,0.0,0.5650684931506849,0.410958904109589,0.0,0.0,0.0,0.05136986301369863,0.0,0.05136986301369863,0.0,0.0,10.410714285714286,,72.72727272727273,,6.58824200913242
argentina,Primera Division,2025 / 2026,Luis Miguel Angulo,21.0,F,Colombia,174.0,65.0,29,17,1527.0,1.0,6.0,0.0,0.0,0,0,7,0.0,0,0.5893909626719057,1.119842829076621,0.6483300589390962,0.05893909626719057,0.3536345776031434,0.412573673870334,0.05893909626719057,20.86444007858546,1.7092337917485265,1.2966601178781925,0.0,0.3536345776031434,1.650294695481336,11.611001964636543,4.950884086444008,4.774066797642436,2.1218074656188604,0.825147347740668,1.1787819253438114,1.4734774066797645,0.412573673870334,0.0,0.0,11.478753541076488,57.89473684210527,42.63959390862944,44.44444444444444,6.713976377952756
argentina,Primera Division,2025,Luis Miguel Rodríguez,40.0,F,Argentina,167.0,67.0,9,2,332.0,0.0,0.0,0.0,0.0,0,0,1,0.0,0,0.0,2.9819277108433737,1.897590361445783,0.0,0.0,0.0,0.0,36.325301204819276,2.710843373493976,0.27108433734939763,0.0,0.0,0.27108433734939763,6.234939759036145,1.6265060240963856,1.897590361445783,0.0,0.27108433734939763,0.8132530120481928,0.5421686746987953,0.27108433734939763,0.0,0.0,17.85820895522388,63.63636363636363,26.08695652173913,0.0,6.932831325301204
argentina,Primera Division,2025 / 2026,Luis Sequeira,22.0,M,Argentina,172.0,75.0,25,18,1498.0,3.0,1.0,1.0,0.0,1,0,3,0.0,0,0.0,1.1415220293724966,0.6608811748998664,0.18024032042723634,0.06008010680907877,0.24032042723631508,0.12016021361815754,49.14552736982643,1.502002670226969,2.0427236315086783,0.18024032042723634,0.3604806408544727,2.403204272363151,12.196261682242989,6.668891855807743,3.5447263017356474,2.343124165554072,0.6608811748998664,1.6822429906542056,1.0213618157543392,0.18024032042723634,0.0,0.0,30.693154034229828,57.89473684210527,54.679802955665025,66.10169491525424,7.132977303070762
argentina,Primera Division,2025 / 2026,Luka Fuster,19.0,G,Argentina,,,0,0,0.0,0.0,0.0,0.0,0.0,0,0,0,0.0,0,,,,,,,,,,,,,,,,,,,,,,,,,,,,
argentina,Primera Division,2025 / 2026,Maher Carrizo,19.0,F,Argentina,180.0,82.0,23,19,1681.0,5.0,0.0,0.0,0.0,0,0,3,0.0,0,0.6960142772159429,1.2849494348602022,0.8030933967876264,0.2676977989292088,0.0,0.2676977989292088,0.2676977989292088,20.34503271861987,0.8030933967876264,0.9637120761451516,0.0,0.16061867935752527,1.124330755502677,13.491969066032125,5.246876859012493,4.497323022010708,2.0880428316478286,0.5889351576442594,1.6061867935752527,1.4455681142177275,0.16061867935752527,0.0,0.0,13.642105263157895,62.5,38.88888888888889,46.42857142857143,6.761927424152291
argentina,Primera Division,2025 / 2026,Maizon Rodriguez,22.0,D,Uruguay,185.0,,29,29,2576.0,1.0,0.0,0.0,1.0,0,0,4,0.0,0,0.03493788819875776,0.3843167701863354,0.06987577639751552,0.03493788819875776,0.0,0.03493788819875776,0.03493788819875776,36.78959627329193,0.24456521739130435,1.187888198757764,0.873447204968944,0.9433229813664596,2.1312111801242235,8.489906832298137,5.031055900621118,0.3843167701863354,0.2096273291925466,0.17468944099378883,0.3144409937888199,0.6288819875776398,0.13975155279503104,0.0,0.0,34.51187084520418,18.181818181818183,59.25925925925925,54.54545454545454,6.914712732919255
argentina,Primera Division,2025 / 2026,Malcom Braida,28.0,M,Argentina,176.0,70.0,29,25,2320.0,2.0,1.0,0.0,0.0,0,0,4,0.0,0,0.23275862068965517,1.0474137931034484,0.5818965517241379,0.07758620689655173,0.03879310344827586,0.11637931034482758,0.07758620689655173,26.92241379310345,0.853448275862069,2.288793103448276,0.23275862068965517,1.0086206896551724,3.297413793103448,14.043103448275863,7.448275862068965,3.297413793103448,1.396551724137931,0.6982758620689655,2.288793103448276,1.0086206896551724,0.15517241379310345,0.0,0.0,24.095100864553313,55.55555555555556,53.03867403314917,42.35294117647059,7.016788951230039
argentina,Primera Division,2025,Manuel Avellaneda,20.0,F,Argentina,,,0,0,0.0,0.0,0.0,0.0,0.0,0,0,0,0.0,0,,,,,,,,,,,,,,,,,,,,,,,,,,,,
argentina,Primera Division,2025 / 2026,Manuel Brondo,23.0,F,Argentina,,,12,0,196.0,0.0,0.0,0.0,0.0,0,0,0,0.0,0,0.4591836734693877,2.7551020408163263,0.4591836734693877,0.0,0.0,0.0,0.0,13.316326530612244,0.4591836734693877,0.4591836734693877,0.0,0.0,0.4591836734693877,11.938775510204083,5.5102040816326525,1.8367346938775508,0.0,0.0,4.13265306122449,2.295918367346939,0.0,0.0,0.0,2.75,16.666666666666664,46.15384615384615,0.0,6.530256410256411
argentina,Primera Division,2025 / 2026,Manuel Duarte,24.0,M,Argentina,171.0,71.0,20,8,754.0,1.0,0.0,0.0,0.0,0,0,2,0.0,0,0.23872679045092837,1.0742705570291777,0.35809018567639256,0.11936339522546419,0.0,0.11936339522546419,0.11936339522546419,32.10875331564987,0.9549071618037135,0.9549071618037135,0.23872679045092837,0.596816976127321,1.5517241379310345,10.862068965517242,4.535809018567639,3.70026525198939,1.909814323607427,1.4323607427055702,1.193633952254642,0.7161803713527851,0.23872679045092837,0.0,0.0,14.529850746268657,33.33333333333333,41.75824175824176,51.61290322580645,6.697480106100795
argentina,Primera Division,2025 / 2026,Manuel Fernández,21.0,F,Argentina,,,12,0,174.0,0.0,0.0,0.0,0.0,0,0,0,0.0,0,0.5172413793103449,2.0689655172413794,0.5172413793103449,0.0,0.0,0.0,0.0,30.51724137931034,2.0689655172413794,2.586206896551724,0.0,0.0,2.586206896551724,16.551724137931036,8.275862068965518,4.655172413793103,2.586206896551724,1.5517241379310345,1.0344827586206897,0.5172413793103449,0.0,0.0,0.0,4.779661016949152,25.0,50.0,55.55555555555556,6.715976331360947
argentina,Primera Division,2025 / 2026,Manuel Garcia,26.0,M,Argentina,,,36,23,2194.0,1.0,0.0,0.0,1.0,0,0,11,0.0,0,0.0,0.3691886964448496,0.20510483135824975,0.04102096627164995,0.0,0.04102096627164995,0.04102096627164995,30.970829535095717,0.3281677301731996,2.8714676390154965,0.1640838650865998,1.1485870556061988,4.020054694621695,10.29626253418414,4.430264357338195,1.0255241567912488,0.3691886964448496,0.820419325432999,0.3691886964448496,2.666362807657247,0.4512306289881495,0.0,0.0,24.94422310756972,55.55555555555556,43.02788844621514,36.0,6.673571101966163
argentina,Primera Division,2025 / 2026,Manuel Insaurralde,26.0,M,Argentina,176.0,72.0,17,11,949.0,1.0,0.0,0.0,0.0,0,0,2,0.0,0,0.0,0.2845100105374078,0.18967334035827185,0.09483667017913593,0.0,0.09483667017913593,0.09483667017913593,43.62486828240253,0.7586933614330874,2.56059009483667,0.18967334035827185,1.1380400421496313,3.698630136986301,9.009483667017914,5.405690200210748,1.5173867228661748,0.5690200210748156,0.7586933614330874,1.1380400421496313,0.8535300316122234,0.18967334035827185,0.0,0.0,36.291304347826085,66.66666666666666,60.0,37.5,6.995574288724974
argentina,Primera Division,2025 / 2026,Manuel Lanzini,32.0,M,Argentina,167.0,59.0,38,27,2315.0,6.0,1.0,1.0,0.0,0,0,2,0.0,0,0.11663066954643629,1.1663066954643628,0.6997840172786177,0.23326133909287258,0.038876889848812095,0.27213822894168466,0.23326133909287258,42.1036717062635,1.4384449244060475,1.0107991360691144,0.07775377969762419,0.6220302375809935,1.6328293736501078,9.447084233261338,4.665226781857451,2.2548596112311015,1.0885529157667386,0.6609071274298056,2.1771058315334773,0.9719222462203023,0.07775377969762419,0.0,0.0,30.71652816251154,60.0,49.382716049382715,48.275862068965516,7.033160397751837
argentina,Primera Division,2025 / 2026,Manuel Mónaco,23.0,M,Argentina,,,2,0,42.0,0.0,0.0,0.0,0.0,0,0,1,0.0,0,0.0,0.0,0.0,0.0,0.0,0.0,0.0,8.571428571428571,0.0,0.0,0.0,0.0,0.0,6.428571428571428,2.142857142857143,0.0,0.0,2.142857142857143,2.142857142857143,2.142857142857143,2.142857142857143,0.0,0.0,1.75,,33.33333333333333,,6.447619047619048
argentina,Primera Division,2025,Manuel Palavecino,22.0,M,Argentina,182.0,72.0,0,0,0.0,0.0,0.0,0.0,0.0,0,0,0,0.0,0,,,,,,,,,,,,,,,,,,,,,,,,,,,,
argentina,Primera Division,2025 / 2026,Manuel Panaro,23.0,M,Argentina,181.0,75.0,46,32,2669.0,5.0,2.0,0.0,0.0,0,0,6,0.0,2,0.5058074185088047,1.4837017609591607,0.5395279130760584,0.16860247283626825,0.0674409891345073,0.23604346197077558,0.16860247283626825,15.51142750093668,0.5395279130760584,1.75346571749719,0.10116148370176097,0.6406893967778194,2.3941551142750095,11.464968152866241,5.395279130760584,2.7313600599475456,0.876732858748595,0.4383664293742975,1.652304233795429,1.4162607718246534,0.20232296740352193,0.0,0.0674409891345073,9.015521064301552,36.36363636363637,47.05882352941176,32.098765432098766,6.799962532783813
argentina,Primera Division,2025 / 2026,Manuel Roffo,25.0,G,Argentina,177.0,81.0,49,49,4486.0,0.0,0.0,0.0,0.0,0,0,4,0.0,0,0.0,0.0,0.0,0.0,0.0,0.0,0.0,22.38965670976371,0.06018724921979492,0.020062416406598307,0.0,0.020062416406598307,0.04012483281319661,0.3811859117253678,0.3009362460989746,0.0,0.0,0.04012483281319661,0.12037449843958983,0.0,0.08024966562639323,0.0,0.0,15.884408602150538,,78.94736842105263,,6.943758359340169
argentina,Primera Division,2025 / 2026,Manuel Romero,24.0,F,Paraguay,179.0,67.0,11,7,657.0,0.0,1.0,0.0,0.0,0,0,2,0.0,0,0.410958904109589,1.095890410958904,0.273972602739726,0.0,0.136986301369863,0.136986301369863,0.0,20.136986301369863,0.958904109589041,0.821917808219178,0.136986301369863,0.273972602739726,1.095890410958904,11.643835616438356,5.068493150684931,1.095890410958904,0.410958904109589,0.684931506849315,0.684931506849315,1.7808219178082192,0.273972602739726,0.0,0.0,12.16326530612245,25.0,43.529411764705884,37.5,6.484627092846272
argentina,Primera Division,2025 / 2026,Manuel Tucker,21.0,F,Argentina,,,6,0,136.0,0.0,0.0,0.0,0.0,0,0,0,0.0,0,0.0,0.6617647058823529,0.6617647058823529,0.0,0.0,0.0,0.0,13.897058823529413,0.6617647058823529,0.0,0.0,0.0,0.0,13.23529411764706,7.279411764705883,2.6470588235294117,0.6617647058823529,0.0,4.63235294117647,0.0,0.0,0.0,0.0,3.5238095238095237,100.0,55.00000000000001,25.0,6.573529411764706
argentina,Primera Division,2025 / 2026,Manuel Vicentini,35.0,G,Argentina,182.0,70.0,5,5,455.0,0.0,0.0,0.0,0.0,0,0,0,0.0,0,0.0,0.0,0.0,0.0,0.0,0.0,0.0,27.296703296703296,0.0,0.0,0.0,0.0,0.0,0.989010989010989,0.989010989010989,0.0,0.0,0.0,0.989010989010989,0.0,0.0,0.0,0.0,13.840579710144928,,100.0,,7.067032967032967
argentina,Primera Division,2025 / 2026,Marcelino Moreno,30.0,M,Argentina,168.0,65.0,39,32,3015.0,8.0,3.0,1.0,0.0,0,0,4,0.0,0,0.26865671641791045,1.5522388059701493,1.0149253731343284,0.23880597014925373,0.08955223880597014,0.3283582089552239,0.23880597014925373,34.95522388059702,2.8358208955223883,0.9552238805970149,0.0,0.26865671641791045,1.2238805970149254,10.35820895522388,4.8059701492537314,3.582089552238806,1.373134328358209,0.44776119402985076,2.1194029850746268,0.9850746268656717,0.11940298507462686,0.0,0.0,28.593509820666096,65.38461538461539,46.39769452449568,38.333333333333336,7.290116086235488
argentina,Primera Division,2025 / 2026,Marcelo Agustín Miño,28.0,G,Argentina,186.0,72.0,16,16,1506.0,0.0,0.0,0.0,0.0,0,0,2,0.0,0,0.0,0.0,0.0,0.0,0.0,0.0,0.0,25.039840637450197,0.0,0.0,0.0,0.0,0.0,0.8366533864541833,0.6573705179282868,0.0597609561752988,0.0597609561752988,0.0597609561752988,0.35856573705179284,0.0,0.1195219123505976,0.0,0.0,13.742243436754176,,78.57142857142857,100.0,7.573505976095618
argentina,Primera Division,2026,Marcelo Cabrera,19.0,F,,,,1,0,37.0,0.0,0.0,0.0,0.0,0,0,0,0.0,0,0.0,2.4324324324324325,2.4324324324324325,0.0,0.0,0.0,0.0,26.756756756756758,2.4324324324324325,0.0,0.0,0.0,0.0,7.297297297297297,2.4324324324324325,7.297297297297297,2.4324324324324325,0.0,0.0,0.0,0.0,0.0,0.0,9.0,100.0,33.33333333333333,33.33333333333333,6.9
argentina,Primera Division,2025 / 2026,Marcelo Esponda,22.0,M,Argentina,179.0,77.0,21,13,1178.0,0.0,0.0,0.0,0.0,0,0,2,0.0,0,0.0,0.9932088285229203,0.30560271646859083,0.0,0.0,0.0,0.0,43.853989813242784,0.6876061120543294,2.1392190152801356,0.15280135823429541,1.298811544991511,3.4380305602716468,8.862478777589134,5.195246179966044,0.7640067911714771,0.38200339558573854,0.4584040747028863,0.7640067911714771,1.298811544991511,0.15280135823429541,0.0,0.0,33.13835376532399,30.76923076923077,58.620689655172406,50.0,6.815456874466268
argentina,Primera Division,2025 / 2026,Marcelo Estigarribia,30.0,F,Argentina,180.0,75.0,45,31,3039.0,9.0,2.0,0.0,0.0,2,0,9,0.0,0,0.769990128331688,2.606120434353406,1.0069101678183614,0.2665350444225074,0.059230009871668314,0.32576505429417574,0.2073050345508391,22.892398815399805,1.125370187561698,0.4442250740375123,0.17769002961500494,0.11846001974333663,0.562685093780849,13.978282329713721,7.018756169792695,0.947680157946693,0.4442250740375123,0.11846001974333663,0.8884501480750246,1.7472852912142152,0.2665350444225074,0.0,0.0,12.680465717981889,38.63636363636363,50.21186440677966,46.875,6.830470549522869
argentina,Primera Division,2025,Marcelo Ortíz,31.0,D,Argentina,186.0,80.0,18,17,1527.0,2.0,0.0,0.0,0.0,0,0,6,0.0,0,0.05893909626719057,0.6483300589390962,0.1768172888015717,0.11787819253438114,0.0,0.11787819253438114,0.11787819253438114,28.055009823182715,0.1768172888015717,1.4145383104125735,0.5304518664047151,1.237721021611002,2.6522593320235757,6.2475442043222005,3.300589390962672,0.0,0.0,0.412573673870334,0.11787819253438114,0.825147347740668,0.3536345776031434,0.0,0.0,25.27310924369748,27.27272727272727,52.83018867924528,,6.8161100196463655
argentina,Primera Division,2025,Marcelo Saracchi,27.0,D,Uruguay,175.0,69.0,7,4,391.0,1.0,0.0,0.0,0.0,0,0,1,0.0,0,0.0,0.23017902813299235,0.23017902813299235,0.23017902813299235,0.0,0.23017902813299235,0.23017902813299235,36.36828644501279,0.9207161125319694,1.381074168797954,0.23017902813299235,1.6112531969309463,2.9923273657289005,6.2148337595907925,3.9130434782608696,1.1508951406649617,0.690537084398977,0.0,0.9207161125319694,0.9207161125319694,0.23017902813299235,0.0,0.0,26.569620253164558,100.0,62.96296296296296,60.0,7.118414322250639
argentina,Primera Division,2025 / 2026,Marcelo Torres,28.0,F,Argentina,180.0,71.0,37,35,2790.0,15.0,1.0,2.0,0.0,5,0,3,0.0,0,0.4838709677419355,1.3548387096774195,0.8709677419354839,0.4838709677419355,0.03225806451612903,0.5161290322580645,0.3225806451612903,15.258064516129032,0.3548387096774194,0.3548387096774194,0.0,0.22580645161290322,0.5806451612903226,5.064516129032258,1.7096774193548387,0.6774193548387097,0.3225806451612903,0.3225806451612903,0.41935483870967744,1.032258064516129,0.0967741935483871,0.0,0.0,12.010570824524313,64.28571428571429,33.75796178343949,47.61904761904761,6.712150537634409
argentina,Primera Division,2026,Marcelo Weigandt,25.0,D,Argentina,175.0,74.0,11,8,772.0,0.0,0.0,0.0,0.0,0,0,0,0.0,0,0.0,0.34974093264248707,0.11658031088082901,0.0,0.0,0.0,0.0,42.08549222797927,1.5155440414507773,2.215025906735751,0.23316062176165803,2.098445595854922,4.313471502590673,9.55958549222798,5.246113989637306,1.9818652849740932,1.2823834196891193,1.2823834196891193,0.46632124352331605,0.816062176165803,0.0,0.0,0.0,32.29085872576177,33.33333333333333,54.87804878048781,64.70588235294117,6.930569948186528
argentina,Primera Division,2025 / 2026,Marco Di Cesare,23.0,D,Argentina,186.0,86.0,42,34,3272.0,3.0,0.0,0.0,0.0,0,0,18,0.0,2,0.0,0.4125916870415648,0.16503667481662593,0.08251833740831296,0.0,0.08251833740831296,0.08251833740831296,44.257334963325185,0.16503667481662593,1.2927872860635696,0.8801955990220048,1.5953545232273838,2.888141809290954,9.37958435207824,5.061124694376528,0.46760391198044005,0.3025672371638142,0.4951100244498778,0.4400977995110024,1.265281173594132,0.4951100244498778,0.0,0.0550122249388753,37.99627097576134,40.0,53.95894428152492,64.70588235294117,6.943220079583716
argentina,Primera Division,2025 / 2026,Marco Iacobellis,26.0,M,Argentina,172.0,68.0,31,16,1558.0,2.0,3.0,0.0,0.0,1,0,10,0.0,2,0.2310654685494223,1.5596919127086009,0.5198973042362003,0.11553273427471115,0.17329910141206675,0.28883183568677795,0.05776636713735558,23.106546854942234,1.675224646983312,1.5019255455712452,0.11553273427471115,0.5198973042362003,2.0218228498074455,14.499358151476251,6.007702182284981,4.7368421052631575,2.0218228498074455,1.0397946084724006,2.1373555840821568,1.675224646983312,0.5776636713735559,0.0,0.11553273427471115,13.651629072681704,33.33333333333333,41.43426294820717,42.68292682926829,6.752282958199356
argentina,Primera Division,2025 / 2026,Marco Pellegrino,23.0,D,Argentina,184.0,79.0,29,28,2572.0,1.0,0.0,0.0,1.0,0,0,7,0.0,0,0.0,0.3849144634525661,0.1749611197511664,0.034992223950233284,0.0,0.034992223950233284,0.034992223950233284,42.72550544323484,0.0,1.1897356143079316,0.6998444790046656,1.2947122861586315,2.484447900466563,7.348367029548989,4.16407465007776,0.48989113530326595,0.3499222395023328,0.5598755832037325,0.27993779160186627,0.48989113530326595,0.24494556765163297,0.0,0.0,45.16871416871417,45.45454545454545,56.666666666666664,71.42857142857143,7.094673405909798
argentina,Primera Division,2026,Marco Rivas,17.0,F,,,,1,0,15.0,0.0,0.0,0.0,0.0,0,0,0,0.0,0,0.0,0.0,0.0,0.0,0.0,0.0,0.0,6.0,0.0,0.0,0.0,0.0,0.0,0.0,0.0,0.0,0.0,0.0,0.0,0.0,0.0,0.0,0.0,,,,,6.3
argentina,Primera Division,2026,Marco Rubén,39.0,F,Argentina,179.0,72.0,1,0,15.0,0.0,0.0,0.0,0.0,0,0,0,0.0,0,6.0,6.0,0.0,0.0,0.0,0.0,0.0,36.0,0.0,0.0,0.0,0.0,0.0,6.0,6.0,0.0,0.0,0.0,0.0,0.0,0.0,0.0,0.0,4.0,0.0,100.0,,6.3
argentina,Primera Division,2026,Marco Vicente,18.0,D,,,,0,0,0.0,0.0,0.0,0.0,0.0,0,0,0,0.0,0,,,,,,,,,,,,,,,,,,,,,,,,,,,,
argentina,Primera Division,2025 / 2026,Marcos Acuña,34.0,D,Argentina,172.0,76.0,41,36,3189.0,2.0,2.0,0.0,0.0,0,0,17,0.0,0,0.08466603951081844,0.5926622765757291,0.22577610536218248,0.05644402634054562,0.05644402634054562,0.11288805268109124,0.05644402634054562,55.851364063969896,1.6933207902163687,1.8626528692380058,0.02822201317027281,1.1853245531514582,3.0479774223894633,9.764816556914393,5.305738476011289,1.8062088428974599,0.9595484477892756,0.45155221072436497,1.044214487300094,1.1853245531514582,0.4797742238946378,0.0,0.0,49.07023749368368,38.095238095238095,54.33526011560693,53.125,7.186359360301035
argentina,Primera Division,2025,Marcos Arturia,27.0,F,Argentina,187.0,80.0,15,5,519.0,1.0,0.0,0.0,0.0,0,0,3,0.0,0,0.3468208092485549,1.7341040462427744,0.5202312138728323,0.17341040462427745,0.0,0.17341040462427745,0.17341040462427745,14.39306358381503,1.0404624277456647,1.7341040462427744,0.0,0.3468208092485549,2.0809248554913293,18.208092485549134,7.4566473988439315,1.5606936416184969,0.17341040462427745,0.17341040462427745,2.601156069364162,3.294797687861272,0.5202312138728323,0.0,0.0,7.65,30.0,40.95238095238095,11.11111111111111,6.88035019455253
argentina,Primera Division,2025,Marcos Ledesma,29.0,G,Argentina,191.0,84.0,30,30,2756.0,0.0,0.0,0.0,0.0,0,0,2,0.0,0,0.0,0.0,0.0,0.0,0.0,0.0,0.0,21.716255442670537,0.03265602322206096,0.06531204644412192,0.0,0.0,0.06531204644412192,0.4571843251088534,0.4245283018867924,0.0,0.0,0.0,0.2285921625544267,0.0,0.06531204644412192,0.0,0.0,11.172932330827068,,92.85714285714286,,7.108454281567489
argentina,Primera Division,2026,Marcos López,19.0,D,,,,1,0,8.0,0.0,0.0,0.0,0.0,0,0,1,0.0,0,0.0,0.0,0.0,0.0,0.0,0.0,0.0,45.0,0.0,0.0,11.25,0.0,0.0,45.0,11.25,22.5,11.25,0.0,0.0,22.5,11.25,0.0,0.0,,,25.0,50.0,6.3
argentina,Primera Division,2025,Marcos Portillo,25.0,M,Argentina,,,8,5,375.0,0.0,0.0,0.0,0.0,0,0,4,0.0,1,0.0,1.44,0.24,0.0,0.0,0.0,0.0,46.08,1.44,2.4000000000000004,0.0,0.72,3.1199999999999997,18.48,8.88,3.6,1.92,1.6800000000000002,2.64,4.56,0.96,0.0,0.24,26.26595744680851,16.666666666666664,48.05194805194805,53.333333333333336,6.922666666666666
argentina,Primera Division,2025 / 2026,Marcos Rojo,35.0,D,Argentina,186.0,82.0,24,23,1790.0,1.0,0.0,0.0,0.0,0,0,6,0.0,1,0.05027932960893854,0.4525139664804469,0.05027932960893854,0.05027932960893854,0.0,0.05027932960893854,0.05027932960893854,55.910614525139664,0.05027932960893854,1.2067039106145252,0.5530726256983239,1.5083798882681565,2.7150837988826817,6.134078212290502,4.072625698324022,0.10055865921787709,0.10055865921787709,0.15083798882681565,0.9553072625698323,0.6536312849162011,0.3016759776536313,0.0,0.05027932960893854,49.94154676258993,11.11111111111111,66.39344262295081,100.0,7.062067039106145
argentina,Primera Division,2025 / 2026,Mariano Bracamonte,26.0,D,Argentina,,,22,13,1224.0,1.0,0.0,0.0,0.0,0,0,7,0.0,1,0.07352941176470588,0.5147058823529411,0.4411764705882353,0.07352941176470588,0.0,0.07352941176470588,0.07352941176470588,16.764705882352942,0.5882352941176471,2.3529411764705883,0.29411764705882354,1.1764705882352942,3.5294117647058822,9.191176470588236,4.485294117647059,0.7352941176470589,0.22058823529411764,1.3970588235294117,0.8823529411764706,1.911764705882353,0.5147058823529411,0.0,0.07352941176470588,8.465753424657533,85.71428571428571,48.8,30.0,6.7710547833197055
argentina,Primera Division,2025,Mariano Gerez,19.0,M,Argentina,173.0,72.0,1,0,10.0,0.0,0.0,0.0,0.0,0,0,0,0.0,0,0.0,0.0,0.0,0.0,0.0,0.0,0.0,45.0,0.0,18.0,0.0,0.0,18.0,18.0,18.0,0.0,0.0,0.0,0.0,0.0,0.0,0.0,0.0,3.0,,100.0,,6.6
argentina,Primera Division,2025,Mariano Santiago,24.0,M,Argentina,181.0,,0,0,0.0,0.0,0.0,0.0,0.0,0,0,0,0.0,0,,,,,,,,,,,,,,,,,,,,,,,,,,,,
argentina,Primera Division,2025,Mariano Troilo,22.0,D,Argentina,191.0,86.0,18,17,1551.0,1.0,1.0,0.0,0.0,0,0,9,0.0,0,0.058027079303675046,0.5222437137330754,0.17408123791102514,0.058027079303675046,0.058027079303675046,0.11605415860735009,0.058027079303675046,29.7678916827853,0.11605415860735009,1.4506769825918764,0.5222437137330754,0.6963249516441006,2.147001934235977,7.485493230174081,4.003868471953578,0.11605415860735009,0.058027079303675046,0.3481624758220503,0.46421663442940037,1.6827852998065762,0.5222437137330754,0.0,0.0,25.07017543859649,33.33333333333333,53.48837209302325,50.0,6.9887814313346235
argentina,Primera Division,2025,Mario Sanabria,23.0,M,Argentina,170.0,62.0,10,4,418.0,0.0,1.0,0.0,0.0,0,0,2,0.0,0,0.43062200956937796,0.43062200956937796,0.0,0.0,0.21531100478468898,0.21531100478468898,0.0,13.779904306220095,1.291866028708134,1.507177033492823,0.0,0.21531100478468898,1.7224880382775118,11.842105263157894,5.167464114832536,2.799043062200957,1.291866028708134,1.076555023923445,1.291866028708134,1.076555023923445,0.43062200956937796,0.0,0.0,5.859375,0.0,43.63636363636363,46.15384615384615,6.661893203883495
argentina,Primera Division,2025 / 2026,Martin Barrios,26.0,M,Uruguay,177.0,74.0,26,6,973.0,1.0,0.0,0.0,0.0,0,0,2,0.0,0,0.0,0.6474820143884893,0.09249743062692703,0.09249743062692703,0.0,0.09249743062692703,0.09249743062692703,41.80883864337102,0.3699897225077081,2.1274409044193217,0.18499486125385406,1.2949640287769786,3.4224049331963,8.879753340184994,3.5149023638232273,1.2949640287769786,0.6474820143884893,1.0174717368961972,0.3699897225077081,2.4049331963001026,0.18499486125385406,0.0,0.0,26.949115044247787,14.285714285714285,39.58333333333333,50.0,6.663842975206611
argentina,Primera Division,2025 / 2026,Martin Garcia,20.0,M,Argentina,,,15,10,680.0,0.0,0.0,0.0,0.0,0,0,5,0.0,0,0.1323529411764706,1.588235294117647,0.6617647058823529,0.0,0.0,0.0,0.0,14.691176470588236,0.6617647058823529,3.0441176470588234,0.2647058823529412,0.6617647058823529,3.7058823529411766,16.676470588235293,8.602941176470587,1.588235294117647,0.7941176470588235,0.9264705882352942,2.1176470588235294,3.5735294117647056,0.6617647058823529,0.0,0.0,5.342592592592593,41.66666666666667,51.587301587301596,50.0,6.636671575846834
argentina,Primera Division,2025,Martin Pino,27.0,F,Argentina,185.0,,1,1,57.0,0.0,0.0,0.0,0.0,0,0,0,0.0,0,0.0,0.0,0.0,0.0,0.0,0.0,0.0,18.94736842105263,1.5789473684210527,0.0,0.0,0.0,0.0,7.894736842105263,3.1578947368421053,1.5789473684210527,0.0,0.0,0.0,1.5789473684210527,0.0,0.0,0.0,8.0,,40.0,0.0,6.3
argentina,Primera Division,2026,Martín Benítez,31.0,M,Argentina,173.0,72.0,3,1,94.0,1.0,0.0,0.0,0.0,1,0,0,0.0,0,0.0,1.9148936170212765,0.9574468085106382,0.9574468085106382,0.0,0.9574468085106382,0.0,31.595744680851066,2.8723404255319145,3.829787234042553,0.0,0.0,3.829787234042553,5.744680851063829,3.829787234042553,0.0,0.0,0.0,0.0,0.0,0.0,0.0,0.0,6.909090909090909,50.0,66.66666666666666,,6.9723404255319155
argentina,Primera Division,2025,Martín Fernández,24.0,M,Uruguay,183.0,79.0,18,13,1181.0,0.0,0.0,0.0,0.0,0,0,6,0.0,0,0.0,0.3810330228619814,0.15241320914479253,0.0,0.0,0.0,0.0,33.07366638441998,0.3810330228619814,1.7527519051651144,0.3810330228619814,0.5334462320067739,2.2861981371718882,8.077900084674004,3.9627434377646065,0.7620660457239627,0.3810330228619814,0.6858594411515665,0.5334462320067739,1.7527519051651144,0.4572396274343776,0.0,0.0,21.534562211981566,40.0,49.056603773584904,50.0,6.718882303132938
argentina,Primera Division,2025 / 2026,Martín Garay,26.0,M,Argentina,170.0,69.0,19,10,1145.0,0.0,1.0,0.0,0.0,0,0,2,0.0,0,0.0,0.3930131004366812,0.23580786026200873,0.0,0.07860262008733625,0.07860262008733625,0.0,34.427947598253276,1.3362445414847162,1.8864628820960698,0.1572052401746725,0.9432314410480349,2.8296943231441047,9.982532751091703,4.716157205240174,1.965065502183406,0.7860262008733624,0.8646288209606987,1.4934497816593886,1.7292576419213974,0.1572052401746725,0.0,0.0,22.468036529680365,60.0,47.24409448818898,40.0,6.839563318777293
argentina,Primera Division,2026,Martín Garnerone,27.0,F,Argentina,,,15,13,958.0,1.0,0.0,0.0,0.0,0,0,2,0.0,0,0.2818371607515658,1.4091858037578289,0.3757828810020876,0.0939457202505219,0.0,0.0939457202505219,0.0939457202505219,24.707724425887267,0.8455114822546972,1.1273486430062631,0.0,0.4697286012526096,1.5970772442588728,9.488517745302714,3.945720250521921,2.348643006263048,1.033402922755741,0.8455114822546972,1.033402922755741,0.9394572025052192,0.1878914405010438,0.0,0.0,16.927756653992397,26.666666666666668,41.584158415841586,44.0,6.656263048016701
argentina,Primera Division,2025 / 2026,Martín Luciano,22.0,D,Argentina,177.0,70.0,14,11,781.0,0.0,0.0,0.0,0.0,0,0,3,0.0,0,0.34571062740076824,0.23047375160051214,0.23047375160051214,0.0,0.0,0.0,0.0,23.162612035851474,0.23047375160051214,1.267605633802817,0.11523687580025607,1.0371318822023048,2.3047375160051216,8.181818181818182,4.263764404609475,1.6133162612035852,0.8066581306017926,0.6914212548015365,1.0371318822023048,1.6133162612035852,0.34571062740076824,0.0,0.0,13.457711442786069,100.0,52.112676056338024,50.0,6.402713178294573
argentina,Primera Division,2025 / 2026,Martín Ortega,26.0,D,Argentina,183.0,73.0,16,14,1242.0,1.0,0.0,0.0,1.0,0,0,2,0.0,0,0.07246376811594203,0.5072463768115942,0.2898550724637681,0.07246376811594203,0.0,0.07246376811594203,0.07246376811594203,25.43478260869565,0.9420289855072463,1.6666666666666665,0.0,0.9420289855072463,2.608695652173913,8.840579710144928,3.985507246376812,2.1739130434782608,1.0869565217391304,0.7246376811594202,0.43478260869565216,0.6521739130434783,0.14492753623188406,0.0,0.0,18.911174785100286,57.14285714285714,45.08196721311475,50.0,6.690982286634459
argentina,Primera Division,2026,Martín Ortega,18.0,F,,,,0,0,0.0,0.0,0.0,0.0,0.0,0,0,0,0.0,0,,,,,,,,,,,,,,,,,,,,,,,,,,,,
argentina,Primera Division,2025 / 2026,Martín Rio,24.0,M,Argentina,175.0,72.0,39,31,2810.0,6.0,2.0,0.0,1.0,0,0,9,0.0,0,0.0,0.896797153024911,0.4804270462633452,0.1921708185053381,0.06405693950177936,0.25622775800711745,0.1921708185053381,35.61565836298932,0.608540925266904,2.0818505338078293,0.7366548042704627,1.697508896797153,3.7793594306049823,11.209964412811388,6.2135231316725985,0.41637010676156583,0.22419928825622776,0.896797153024911,1.0569395017793595,1.505338078291815,0.28825622775800713,0.0,0.0,30.503597122302157,53.57142857142857,55.42857142857143,53.84615384615385,7.109572953736654
argentina,Primera Division,2025,Mateo Acuña,19.0,D,Argentina,178.0,,0,0,0.0,0.0,0.0,0.0,0.0,0,0,0,0.0,0,,,,,,,,,,,,,,,,,,,,,,,,,,,,
argentina,Primera Division,2025 / 2026,Mateo Aguiar,18.0,M,Argentina,,,14,0,272.0,0.0,0.0,0.0,0.0,0,0,1,0.0,1,0.0,1.3235294117647058,0.9926470588235294,0.0,0.0,0.0,0.0,37.05882352941176,0.6617647058823529,1.9852941176470589,0.0,0.6617647058823529,2.6470588235294117,14.88970588235294,7.610294117647059,3.6397058823529416,2.316176470588235,0.6617647058823529,2.316176470588235,1.6544117647058825,0.33088235294117646,0.0,0.33088235294117646,10.0,75.0,51.11111111111111,63.63636363636363,6.585294117647059
argentina,Primera Division,2025,Mateo Antoni,22.0,D,Uruguay,181.0,83.0,2,0,20.0,0.0,0.0,0.0,0.0,0,0,0,0.0,0,0.0,0.0,0.0,0.0,0.0,0.0,0.0,27.0,0.0,9.0,0.0,4.5,13.5,22.5,13.5,0.0,0.0,0.0,0.0,4.5,0.0,0.0,0.0,5.0,,60.0,,6.8999999999999995
argentina,Primera Division,2025 / 2026,Mateo Bajamich,26.0,F,Argentina,178.0,75.0,41,24,2150.0,3.0,1.0,0.0,0.0,0,0,2,0.0,0,0.2930232558139535,1.5906976744186048,0.8790697674418604,0.12558139534883722,0.04186046511627907,0.16744186046511628,0.12558139534883722,21.97674418604651,0.7116279069767442,0.7953488372093024,0.0,0.16744186046511628,0.9627906976744186,11.134883720930233,4.437209302325582,2.302325581395349,0.7534883720930233,0.20930232558139533,1.0883720930232557,0.627906976744186,0.08372093023255814,0.0,0.0,11.388571428571428,55.26315789473685,39.849624060150376,32.72727272727273,6.571581395348838
argentina,Primera Division,2025 / 2026,Mateo Caceres,23.0,M,Argentina,169.0,71.0,25,14,1275.0,1.0,0.0,0.0,0.0,0,1,3,0.0,0,0.0,0.6352941176470589,0.3529411764705882,0.07058823529411765,0.0,0.07058823529411765,0.07058823529411765,28.235294117647058,1.4117647058823528,1.552941176470588,0.07058823529411765,1.0588235294117647,2.611764705882353,8.329411764705881,4.094117647058823,1.7647058823529411,0.9882352941176471,0.9176470588235295,1.3411764705882354,0.776470588235294,0.2117647058823529,0.0,0.0,20.44,55.55555555555556,49.152542372881356,56.00000000000001,6.722056514913659
argentina,Primera Division,2025,Mateo Clemente,23.0,G,Argentina,183.0,79.0,0,0,0.0,0.0,0.0,0.0,0.0,0,0,0,0.0,0,,,,,,,,,,,,,,,,,,,,,,,,,,,,
argentina,Primera Division,2025,Mateo Coronel,27.0,F,Argentina,172.0,70.0,19,15,1247.0,5.0,3.0,0.0,0.0,0,0,2,0.0,0,0.7939053728949479,1.9486768243785084,1.0104250200481155,0.36086607858861264,0.2165196471531676,0.5773857257417803,0.36086607858861264,20.425020048115478,1.3712910986367282,0.28869286287089013,0.0,0.07217321571772253,0.36086607858861264,9.887730553327987,3.536487570168404,2.886928628708901,0.8660785886126704,0.07217321571772253,1.9486768243785084,0.8660785886126704,0.14434643143544507,0.0,0.0,14.123674911660778,51.85185185185185,35.76642335766424,30.0,6.959663191659985
argentina,Primera Division,2025,Mateo Coronel,20.0,M,Argentina,,,0,0,0.0,0.0,0.0,0.0,0.0,0,0,0,0.0,0,,,,,,,,,,,,,,,,,,,,,,,,,,,,
argentina,Primera Division,2025 / 2026,Mateo Del Blanco,22.0,D,Argentina,,,49,45,4137.0,3.0,7.0,1.0,1.0,0,0,5,0.0,0,0.06526468455402466,0.9789702683103699,0.45685279187817257,0.06526468455402466,0.15228426395939085,0.2175489485134155,0.06526468455402466,41.61711385061639,2.3495286439448875,1.26178390137781,0.2175489485134155,1.1747643219724437,2.4365482233502536,10.485859318346629,5.068890500362581,2.871646120377085,1.4358230601885424,0.9572153734590283,1.457577955039884,0.8484408992023205,0.10877447425670775,0.0,0.0,34.051751176163094,46.666666666666664,48.3402489626556,50.0,7.164321972443799
argentina,Primera Division,2026,Mateo Lambardi,31.0,M,Croatia,177.0,78.0,0,0,0.0,0.0,0.0,0.0,0.0,0,0,0,0.0,0,,,,,,,,,,,,,,,,,,,,,,,,,,,,
argentina,Primera Division,2025 / 2026,Mateo Mendia,21.0,D,Argentina,191.0,81.0,6,5,451.0,0.0,0.0,0.0,0.0,0,0,1,0.0,0,0.0,0.5986696230598669,0.3991130820399113,0.0,0.0,0.0,0.0,51.2860310421286,0.3991130820399113,0.7982261640798226,0.7982261640798226,1.3968957871396896,2.1951219512195124,6.984478935698448,3.1929046563192904,0.7982261640798226,0.5986696230598669,1.1973392461197339,0.19955654101995565,1.1973392461197339,0.19955654101995565,0.0,0.0,44.0739299610895,66.66666666666666,45.714285714285715,75.0,6.7
argentina,Primera Division,2025,Mateo Mendoza,21.0,D,Argentina,181.0,,28,27,2477.0,0.0,0.0,0.0,1.0,0,0,12,0.0,0,0.03633427533306419,0.25433992733144933,0.07266855066612837,0.0,0.0,0.0,0.0,39.02301170771094,0.2906742026645135,1.7803794913201454,0.8356883326604764,0.9810254339927331,2.7614049253128785,8.284214775938635,4.796124343964474,0.9083568833266047,0.581348405329027,0.6540169559951554,1.0536939846588615,1.12636253532499,0.4360113039967703,0.0,0.0,37.242085661080075,28.57142857142857,57.89473684210527,64.0,6.815744852644327
argentina,Primera Division,2025,Mateo Pellegrino,24.0,F,Argentina,193.0,85.0,1,0,36.0,0.0,0.0,0.0,0.0,0,0,0,0.0,0,0.0,0.0,0.0,0.0,0.0,0.0,0.0,10.0,0.0,0.0,0.0,0.0,0.0,12.5,0.0,2.5,0.0,0.0,0.0,5.0,0.0,0.0,0.0,3.0,,0.0,0.0,6.2
argentina,Primera Division,2025 / 2026,Mateo Pérez,20.0,M,,,,12,7,636.0,0.0,0.0,0.0,0.0,0,0,3,0.0,0,0.0,0.2830188679245283,0.14150943396226415,0.0,0.0,0.0,0.0,23.49056603773585,0.5660377358490566,1.2735849056603774,0.0,0.4245283018867924,1.6981132075471697,10.471698113207548,3.3962264150943393,0.7075471698113207,0.0,0.990566037735849,1.2735849056603774,1.8396226415094339,0.4245283018867924,0.0,0.0,16.66867469879518,50.0,32.432432432432435,0.0,6.3814465408805034
argentina,Primera Division,2025 / 2026,Mateo Ramirez,30.0,M,Argentina,,,13,3,333.0,0.0,0.0,0.0,0.0,0,0,3,0.0,0,0.0,0.2702702702702703,0.0,0.0,0.0,0.0,0.0,23.783783783783782,0.0,2.1621621621621623,0.8108108108108109,0.8108108108108109,2.972972972972973,9.72972972972973,5.945945945945946,0.5405405405405406,0.2702702702702703,0.8108108108108109,0.5405405405405406,1.891891891891892,0.8108108108108109,0.0,0.0,5.7,0.0,61.111111111111114,50.0,6.680061349693251
argentina,Primera Division,2025,Mateo Raschia,20.0,G,Argentina,,,0,0,0.0,0.0,0.0,0.0,0.0,0,0,0,0.0,0,,,,,,,,,,,,,,,,,,,,,,,,,,,,
argentina,Primera Division,2025,Mateo Schwartz,21.0,M,Argentina,,,0,0,0.0,0.0,0.0,0.0,0.0,0,0,0,0.0,0,,,,,,,,,,,,,,,,,,,,,,,,,,,,
argentina,Primera Division,2025 / 2026,Mateo Seoane,21.0,M,Argentina,178.0,70.0,15,11,922.0,0.0,1.0,0.0,0.0,0,0,2,0.0,0,0.0,0.19522776572668113,0.09761388286334056,0.0,0.09761388286334056,0.09761388286334056,0.0,36.89804772234273,0.6832971800433839,1.9522776572668112,0.0,0.7809110629067245,2.7331887201735356,6.832971800433839,3.123644251626898,0.6832971800433839,0.19522776572668113,0.9761388286334056,0.19522776572668113,0.8785249457700651,0.19522776572668113,0.0,0.0,29.24867724867725,50.0,45.714285714285715,28.57142857142857,6.818340611353711
argentina,Primera Division,2025,Mateo Serra,21.0,M,Argentina,,,0,0,0.0,0.0,0.0,0.0,0.0,0,0,0,0.0,0,,,,,,,,,,,,,,,,,,,,,,,,,,,,
argentina,Primera Division,2025,Mateo Silvetti,19.0,F,Argentina,175.0,75.0,15,15,1111.0,2.0,1.0,0.0,0.0,0,0,1,0.0,0,0.162016201620162,1.6201620162016201,1.053105310531053,0.162016201620162,0.081008100810081,0.24302430243024303,0.162016201620162,19.27992799279928,1.5391539153915392,0.8910891089108911,0.0,0.48604860486048607,1.3771377137713772,12.151215121512152,5.508550855085509,3.8883888388838885,1.296129612961296,0.8100810081008101,1.8631863186318631,1.215121512151215,0.081008100810081,0.0,0.0,13.100840336134453,65.0,45.33333333333333,33.33333333333333,6.910621062106211
argentina,Primera Division,2025 / 2026,Mathias de Ritis,22.0,D,Uruguay,180.0,79.0,25,24,2009.0,0.0,2.0,0.0,0.0,0,0,8,0.0,0,0.0,0.26879044300647087,0.04479840716774514,0.0,0.08959681433549029,0.08959681433549029,0.0,29.656545545047283,0.627177700348432,2.060726729716277,0.13439522150323543,1.5679442508710801,3.6286709805873567,10.751617720258835,4.838227974116476,2.0159283225485316,0.8063713290194126,1.4335490293678446,0.8063713290194126,1.4335490293678446,0.35838725734196114,0.0,0.0,21.246223564954683,16.666666666666664,45.0,40.0,6.672573419611748
argentina,Primera Division,2025 / 2026,Matias Arias,18.0,F,Argentina,,,9,1,207.0,0.0,1.0,0.0,0.0,0,0,2,0.0,0,0.0,0.8695652173913043,0.8695652173913043,0.0,0.43478260869565216,0.43478260869565216,0.0,43.04347826086957,1.3043478260869565,1.3043478260869565,0.0,0.0,1.3043478260869565,19.130434782608695,5.217391304347826,6.521739130434783,2.1739130434782608,1.7391304347826086,1.7391304347826086,2.1739130434782608,0.8695652173913043,0.0,0.0,9.292929292929292,100.0,27.27272727272727,33.33333333333333,6.406280193236714
argentina,Primera Division,2026,Matias Daniele,21.0,G,Argentina,195.0,,0,0,0.0,0.0,0.0,0.0,0.0,0,0,0,0.0,0,,,,,,,,,,,,,,,,,,,,,,,,,,,,
argentina,Primera Division,2025 / 2026,Matias Galarza,23.0,M,Argentina,180.0,75.0,41,35,3126.0,1.0,0.0,0.0,0.0,0,0,10,0.0,0,0.0,0.5470249520153552,0.14395393474088292,0.02879078694817658,0.0,0.02879078694817658,0.02879078694817658,55.33589251439539,0.834932821497121,2.216890595009597,0.08637236084452975,1.2092130518234165,3.4261036468330137,12.207293666026871,7.571976967370442,1.6122840690978888,1.0652591170825336,0.6621880998080615,2.763915547024952,1.2092130518234165,0.28790786948176583,0.0,0.0,48.28824141519251,26.31578947368421,62.02830188679245,66.07142857142857,7.135540626999359
argentina,Primera Division,2026,Matias Garcia,30.0,M,Argentina,179.0,75.0,0,0,0.0,0.0,0.0,0.0,0.0,0,0,0,0.0,0,,,,,,,,,,,,,,,,,,,,,,,,,,,,
argentina,Primera Division,2026,Matias Garcia,29.0,M,,,,10,6,524.0,0.0,0.0,0.0,1.0,0,0,3,0.0,0,0.0,0.17175572519083968,0.0,0.0,0.0,0.0,0.0,27.99618320610687,0.6870229007633587,2.5763358778625953,0.0,1.717557251908397,4.293893129770993,11.507633587786259,6.011450381679389,0.17175572519083968,0.0,1.8893129770992367,1.0305343511450382,2.232824427480916,0.5152671755725191,0.0,0.0,15.024539877300613,0.0,52.23880597014925,0.0,6.590839694656489
argentina,Primera Division,2025,Matias Gonzalez,26.0,F,Argentina,177.0,,5,1,208.0,0.0,0.0,0.0,0.0,0,0,0,0.0,0,0.0,1.7307692307692308,0.4326923076923077,0.0,0.0,0.0,0.0,12.115384615384615,0.0,1.2980769230769231,0.0,1.2980769230769231,2.5961538461538463,7.355769230769231,4.3269230769230775,2.1634615384615388,1.7307692307692308,0.0,1.2980769230769231,0.0,0.0,0.0,0.0,5.214285714285714,25.0,58.82352941176471,80.0,6.8620192307692305
argentina,Primera Division,2025,Matias Klimowicz,18.0,F,Argentina,,,0,0,0.0,0.0,0.0,0.0,0.0,0,0,0,0.0,0,,,,,,,,,,,,,,,,,,,,,,,,,,,,
argentina,Primera Division,2025 / 2026,Matias Reali,28.0,F,Argentina,165.0,64.0,41,26,2335.0,0.0,3.0,1.0,0.0,0,0,8,0.0,1,0.3854389721627409,1.3875802997858673,0.7323340471092078,0.0,0.11563169164882227,0.11563169164882227,0.0,15.9186295503212,2.1970021413276233,2.3126338329764455,0.03854389721627409,0.6937901498929336,3.006423982869379,11.486081370449678,5.820128479657388,2.7366167023554606,1.0406852248394005,0.8479657387580299,2.158458244111349,1.4261241970021414,0.3083511777301927,0.0,0.03854389721627409,9.186440677966102,52.77777777777778,50.671140939597315,38.028169014084504,6.861970021413277
argentina,Primera Division,2026,Matias Recalde,28.0,M,Argentina,,,10,3,480.0,0.0,0.0,0.0,0.0,0,0,2,0.0,0,0.0,0.5625,0.375,0.0,0.0,0.0,0.0,37.5,0.375,2.0625,0.0,1.875,3.9374999999999996,10.3125,5.25,1.875,0.75,0.75,1.6875,1.3125,0.375,0.0,0.0,24.2,66.66666666666666,50.90909090909091,40.0,6.7075
argentina,Primera Division,2025,Matias Rosales,20.0,M,Argentina,,,0,0,0.0,0.0,0.0,0.0,0.0,0,0,0,0.0,0,,,,,,,,,,,,,,,,,,,,,,,,,,,,
argentina,Primera Division,2025 / 2026,Matias Valenti,23.0,D,Argentina,184.0,,24,16,1504.0,0.0,0.0,0.0,1.0,0,0,5,0.0,0,0.11968085106382978,0.41888297872340424,0.05984042553191489,0.0,0.0,0.0,0.0,31.17686170212766,0.11968085106382978,1.9148936170212765,0.6582446808510638,1.1369680851063828,3.0518617021276593,9.15558510638298,5.026595744680851,0.8377659574468085,0.3590425531914893,0.8976063829787234,0.41888297872340424,1.2566489361702127,0.2992021276595745,0.0,0.0,22.157389635316697,14.285714285714285,54.90196078431373,42.857142857142854,6.647805851063829
argentina,Primera Division,2025 / 2026,Matko Miljevic,24.0,M,USA,176.0,76.0,48,39,3239.0,7.0,3.0,1.0,0.0,3,0,14,0.0,1,0.02778635381290522,2.1117628897807963,0.9447360296387775,0.19450447669033652,0.08335906143871565,0.2778635381290522,0.11114541525162087,42.23525779561593,2.250694658845323,0.6668724915097252,0.05557270762581044,0.5557270762581044,1.2225995677678296,10.614387156529792,5.196048163013275,1.6116085211485025,0.6946588453226304,0.8058042605742513,3.028712565606669,1.639394874961408,0.38900895338067304,0.0,0.02778635381290522,31.924242424242426,44.73684210526316,48.952879581151834,43.103448275862064,7.166687249150973
argentina,Primera Division,2025 / 2026,Matías Abaldo,21.0,M,Uruguay,172.0,60.0,29,28,2321.0,6.0,1.0,2.0,0.0,0,0,1,0.0,1,0.5428694528220595,1.046962516156829,0.7367514002585093,0.23265833692373977,0.03877638948728996,0.2714347264110297,0.23265833692373977,25.010771219302026,0.8918569582076691,0.6204222317966394,0.03877638948728996,0.2714347264110297,0.8918569582076691,9.69409737182249,3.4123222748815167,4.420508401551055,1.5122791900043084,0.6204222317966394,0.6979750107712193,0.46531667384747954,0.03877638948728996,0.0,0.03877638948728996,18.832558139534882,70.37037037037037,35.199999999999996,34.21052631578947,6.715898319689789
argentina,Primera Division,2025,Matías Bergara,22.0,M,Argentina,,,2,0,44.0,0.0,1.0,0.0,0.0,0,0,0,0.0,0,0.0,0.0,0.0,0.0,2.0454545454545454,2.0454545454545454,0.0,47.04545454545455,2.0454545454545454,0.0,0.0,0.0,0.0,14.318181818181818,6.136363636363636,4.090909090909091,2.0454545454545454,0.0,4.090909090909091,0.0,0.0,0.0,0.0,11.26086956521739,,42.857142857142854,50.0,7.072727272727272
argentina,Primera Division,2025 / 2026,Matías Borgogno,27.0,G,Argentina,187.0,74.0,48,48,4413.0,0.0,0.0,0.0,0.0,0,0,3,0.0,0,0.0,0.0,0.0,0.0,0.0,0.0,0.0,27.022433718558805,0.020394289598912305,0.020394289598912305,0.0,0.020394289598912305,0.04078857919782461,0.6322229775662814,0.6322229775662814,0.020394289598912305,0.020394289598912305,0.0,0.28552005438477224,0.0,0.06118286879673691,0.0,0.0,15.230188679245282,,100.0,100.0,7.039225016995241
argentina,Primera Division,2025 / 2026,Matías Catalán,33.0,D,Chile,182.0,79.0,29,28,2459.0,0.0,2.0,0.0,0.0,0,0,1,0.0,0,0.07320048800325335,0.5124034160227735,0.1464009760065067,0.0,0.07320048800325335,0.07320048800325335,0.0,47.72671817812119,0.5490036600244002,1.2444082960553071,0.36600244001626675,0.6954046360309069,1.9398129320862139,6.478243188287922,3.6600244001626674,0.4392029280195201,0.21960146400976005,0.3294021960146401,0.2928019520130134,0.5124034160227735,0.036600244001626675,0.0,0.0,47.76574500768049,28.57142857142857,56.49717514124294,50.0,7.012972753151688
argentina,Primera Division,2026,Matías Cóccaro,28.0,F,Uruguay,178.0,73.0,10,9,600.0,1.0,0.0,0.0,0.0,0,0,2,0.0,0,0.6000000000000001,0.9,0.45,0.15000000000000002,0.0,0.15000000000000002,0.15000000000000002,20.4,0.6000000000000001,0.75,0.0,0.6000000000000001,1.3499999999999999,13.799999999999999,5.55,1.9500000000000002,0.75,0.30000000000000004,1.9500000000000002,1.65,0.30000000000000004,0.0,0.0,12.595588235294118,50.0,40.21739130434783,38.46153846153847,6.5475
argentina,Primera Division,2025 / 2026,Matías Fernández,24.0,M,Argentina,,,42,29,2455.0,4.0,5.0,0.0,0.0,0,0,15,0.0,0,0.6965376782077393,1.6863543788187372,0.659877800407332,0.14663951120162932,0.18329938900203666,0.329938900203666,0.14663951120162932,29.217922606924642,1.4297352342158858,1.3564154786150713,0.10997963340122201,0.5498981670061099,1.9063136456211813,10.961303462321792,4.472505091649694,3.3727087576374744,1.4663951120162932,0.9531568228105907,1.209775967413442,1.319755600814664,0.5498981670061099,0.0,0.0,19.13927227101631,39.130434782608695,40.802675585284284,43.47826086956522,6.794786150712831
argentina,Primera Division,2025 / 2026,Matías Fonseca,24.0,F,Italy,181.0,80.0,25,10,1064.0,1.0,1.0,0.0,0.0,0,0,2,0.0,0,0.42293233082706766,1.8609022556390977,0.42293233082706766,0.08458646616541353,0.08458646616541353,0.16917293233082706,0.08458646616541353,21.31578947368421,0.5921052631578947,0.5921052631578947,0.08458646616541353,0.2537593984962406,0.8458646616541353,13.110902255639099,4.652255639097744,1.268796992481203,0.16917293233082706,0.3383458646616541,1.268796992481203,2.4530075187969924,0.16917293233082706,0.0,0.0,8.661354581673306,22.727272727272727,35.483870967741936,13.333333333333334,6.414191729323308
argentina,Primera Division,2025,Matías Funes,20.0,D,Argentina,185.0,,0,0,0.0,0.0,0.0,0.0,0.0,0,0,0,0.0,0,,,,,,,,,,,,,,,,,,,,,,,,,,,,
argentina,Primera Division,2025 / 2026,Matías Galarza,23.0,M,Paraguay,175.0,,23,14,1425.0,0.0,0.0,0.0,0.0,0,0,5,0.0,0,0.25263157894736843,1.3894736842105264,0.4421052631578948,0.0,0.0,0.0,0.0,25.515789473684208,0.6947368421052632,2.1473684210526316,0.18947368421052632,0.8210526315789473,2.968421052631579,13.76842105263158,5.873684210526315,2.0210526315789474,0.6947368421052632,1.6421052631578945,1.0736842105263158,1.5789473684210527,0.3157894736842105,0.0,0.0,16.423267326732674,31.818181818181817,42.6605504587156,34.375,6.577684210526316
argentina,Primera Division,2025 / 2026,Matías Gallardo,22.0,M,Argentina,176.0,71.0,16,0,241.0,1.0,0.0,0.0,0.0,0,0,1,0.0,0,0.0,2.6141078838174274,0.37344398340248963,0.37344398340248963,0.0,0.37344398340248963,0.37344398340248963,64.97925311203319,2.240663900414938,2.6141078838174274,0.0,0.37344398340248963,2.987551867219917,16.058091286307054,8.589211618257261,2.240663900414938,0.37344398340248963,0.0,3.3609958506224067,1.8672199170124482,0.37344398340248963,0.0,0.0,13.833333333333334,14.285714285714285,53.48837209302325,16.666666666666664,6.748523206751055
argentina,Primera Division,2025,Matías García,34.0,M,Argentina,174.0,71.0,8,4,312.0,0.0,0.0,0.0,0.0,0,0,0,0.0,0,0.0,0.5769230769230769,0.28846153846153844,0.0,0.0,0.0,0.0,49.32692307692308,1.442307692307692,2.884615384615384,0.0,1.1538461538461537,4.038461538461538,13.557692307692307,6.346153846153846,1.7307692307692308,0.5769230769230769,1.442307692307692,1.442307692307692,2.019230769230769,0.0,0.0,0.0,19.49122807017544,50.0,46.808510638297875,33.33333333333333,6.749038461538461
argentina,Primera Division,2025,Matías Giménez Rojas,26.0,F,Argentina,,,24,11,1084.0,1.0,3.0,0.0,0.0,0,0,2,0.0,0,0.08302583025830258,1.9095940959409594,0.7472324723247232,0.08302583025830258,0.24907749077490773,0.33210332103321033,0.08302583025830258,26.319188191881917,0.9963099630996309,0.7472324723247232,0.16605166051660517,0.24907749077490773,0.9963099630996309,14.944649446494465,5.064575645756458,3.404059040590406,1.3284132841328413,0.24907749077490773,1.1623616236162362,0.9963099630996309,0.16605166051660517,0.0,0.0,14.22397476340694,39.130434782608695,33.88888888888889,39.02439024390244,6.830426716141002
argentina,Primera Division,2025,Matías Godoy,23.0,F,Argentina,176.0,70.0,18,12,854.0,0.0,1.0,0.0,0.0,0,0,6,0.0,1,0.4215456674473068,0.7377049180327869,0.0,0.0,0.1053864168618267,0.1053864168618267,0.0,24.133489461358316,0.8430913348946136,1.4754098360655739,0.0,0.5269320843091335,2.0023419203747075,13.278688524590164,5.163934426229508,4.742388758782202,1.4754098360655739,0.8430913348946136,1.4754098360655739,1.6861826697892273,0.6323185011709602,0.0,0.1053864168618267,13.017467248908297,0.0,38.88888888888889,31.11111111111111,6.487236533957846
argentina,Primera Division,2025,Matías González,23.0,M,Argentina,173.0,62.0,1,0,10.0,0.0,0.0,0.0,0.0,0,0,0,0.0,0,0.0,0.0,0.0,0.0,0.0,0.0,0.0,62.99999999999999,0.0,9.0,0.0,0.0,9.0,27.0,18.0,9.0,9.0,9.0,0.0,0.0,0.0,0.0,0.0,5.0,,66.66666666666666,100.0,6.9
argentina,Primera Division,2025 / 2026,Matías Gómez,20.0,M,Argentina,,,8,2,243.0,0.0,0.0,0.0,0.0,0,0,1,0.0,0,0.0,0.0,0.0,0.0,0.0,0.0,0.0,46.666666666666664,0.0,7.037037037037037,0.0,0.7407407407407408,7.777777777777778,16.666666666666664,10.0,0.3703703703703704,0.0,1.1111111111111112,0.3703703703703704,3.333333333333333,0.3703703703703704,0.0,0.0,29.328,,60.0,0.0,6.629338842975207
argentina,Primera Division,2025 / 2026,Matías Hernández,20.0,F,Argentina,,,4,0,55.0,0.0,0.0,0.0,0.0,0,0,0,0.0,0,0.0,1.6363636363636362,1.6363636363636362,0.0,0.0,0.0,0.0,19.636363636363637,0.0,0.0,0.0,0.0,0.0,11.454545454545453,4.909090909090909,4.909090909090909,3.2727272727272725,0.0,1.6363636363636362,0.0,0.0,0.0,0.0,4.2727272727272725,100.0,42.857142857142854,66.66666666666666,6.345283018867924
argentina,Primera Division,2025,Matías Kranevitter,32.0,M,Argentina,177.0,75.0,4,2,211.0,0.0,0.0,0.0,0.0,0,0,1,0.0,0,0.0,0.0,0.0,0.0,0.0,0.0,0.0,44.360189573459714,0.0,2.9857819905213274,0.8530805687203792,0.8530805687203792,3.8388625592417065,16.635071090047393,8.530805687203792,1.2796208530805686,0.8530805687203792,0.8530805687203792,0.4265402843601896,2.559241706161137,0.4265402843601896,0.0,0.0,33.42307692307692,,51.28205128205128,66.66666666666666,6.8260663507109
argentina,Primera Division,2025,Matías Magdaleno,18.0,D,Argentina,,,1,1,90.0,0.0,0.0,0.0,0.0,0,0,0,0.0,0,0.0,0.0,0.0,0.0,0.0,0.0,0.0,38.0,1.0,5.0,0.0,1.0,6.0,11.0,6.0,2.0,1.0,0.0,0.0,1.0,0.0,0.0,0.0,30.0,,54.54545454545454,50.0,6.9
argentina,Primera Division,2025 / 2026,Matías Mansilla,29.0,G,Argentina,,,50,50,4603.0,0.0,0.0,0.0,1.0,0,0,7,0.0,0,0.0,0.0,0.0,0.0,0.0,0.0,0.0,19.904410167282208,0.03910493156636976,0.01955246578318488,0.0,0.0,0.01955246578318488,0.5083641103628068,0.4106017814468825,0.0,0.0,0.07820986313273952,0.1955246578318488,0.03910493156636976,0.13686726048229414,0.0,0.0,12.364440078585462,,80.76923076923077,,6.9445361720616985
argentina,Primera Division,2025 / 2026,Matías Melluso,27.0,D,Argentina,170.0,63.0,8,0,220.0,0.0,0.0,0.0,0.0,0,0,2,0.0,0,0.0,0.40909090909090906,0.0,0.0,0.0,0.0,0.0,32.31818181818181,0.0,4.909090909090909,0.40909090909090906,2.0454545454545454,6.954545454545454,13.909090909090908,10.227272727272727,0.40909090909090906,0.40909090909090906,1.2272727272727273,2.4545454545454546,1.2272727272727273,0.8181818181818181,0.0,0.0,10.708860759493671,0.0,73.52941176470588,100.0,6.835159817351598
argentina,Primera Division,2025,Matías Miranda,25.0,M,Argentina,174.0,,11,6,467.0,1.0,0.0,0.0,0.0,0,0,1,0.0,0,0.5781584582441114,0.7708779443254818,0.3854389721627409,0.19271948608137046,0.0,0.19271948608137046,0.19271948608137046,38.158458244111344,0.9635974304068522,2.3126338329764455,0.19271948608137046,0.5781584582441114,2.890792291220557,10.792291220556745,6.552462526766595,4.625267665952891,2.3126338329764455,0.0,1.5417558886509637,0.19271948608137046,0.19271948608137046,0.0,0.0,17.40909090909091,50.0,60.71428571428571,50.0,6.971734475374733
argentina,Primera Division,2026,Matías Morello,24.0,D,Argentina,185.0,76.0,4,2,245.0,0.0,0.0,0.0,0.0,0,0,1,0.0,0,0.0,0.0,0.0,0.0,0.0,0.0,0.0,22.77551020408163,0.3673469387755102,1.469387755102041,0.7346938775510204,1.469387755102041,2.938775510204082,5.142857142857142,2.938775510204082,0.0,0.0,0.3673469387755102,0.3673469387755102,1.8367346938775508,0.3673469387755102,0.0,0.0,16.338709677419356,,57.14285714285714,,6.788571428571429
argentina,Primera Division,2025,Matías Orihuela,33.0,D,Argentina,178.0,72.0,15,6,772.0,0.0,0.0,1.0,2.0,0,0,2,0.0,0,0.11658031088082901,0.23316062176165803,0.11658031088082901,0.0,0.0,0.0,0.0,28.44559585492228,0.582901554404145,2.681347150259067,0.11658031088082901,1.16580310880829,3.8471502590673574,9.792746113989637,5.362694300518134,1.3989637305699483,0.816062176165803,1.049222797927461,0.582901554404145,0.9326424870466321,0.23316062176165803,0.0,0.0,24.210743801652892,50.0,54.761904761904766,58.333333333333336,6.647927461139896
argentina,Primera Division,2025 / 2026,Matías Pellegrini,25.0,F,Argentina,180.0,72.0,35,19,1773.0,3.0,4.0,0.0,0.0,0,0,5,0.0,1,0.15228426395939085,1.2690355329949239,0.6598984771573604,0.15228426395939085,0.20304568527918784,0.3553299492385787,0.15228426395939085,32.48730964467005,1.7258883248730965,1.9289340101522843,0.3045685279187817,0.5076142131979695,2.4365482233502536,15.888324873096446,7.7664974619289335,3.1472081218274113,1.4720812182741116,1.3197969543147208,1.8274111675126903,1.4720812182741116,0.25380710659898476,0.0,0.05076142131979696,18.7609375,52.0,48.881789137380196,46.774193548387096,6.909588268471517
argentina,Primera Division,2025,Matías Perello,24.0,M,Argentina,165.0,65.0,28,16,1443.0,5.0,3.0,0.0,0.0,0,0,4,0.0,0,0.7484407484407485,1.9334719334719335,0.997920997920998,0.31185031185031187,0.18711018711018712,0.498960498960499,0.31185031185031187,20.83160083160083,1.5592515592515592,1.4345114345114345,0.0,0.18711018711018712,1.6216216216216217,9.604989604989605,4.927234927234927,4.0540540540540535,1.7463617463617462,0.6860706860706861,1.5592515592515592,0.37422037422037424,0.2494802494802495,0.0,0.0,12.808383233532934,51.61290322580645,51.298701298701296,43.07692307692308,7.003326403326403
argentina,Primera Division,2025,Matías Ramírez,26.0,F,Argentina,,,11,3,391.0,0.0,1.0,0.0,0.0,0,0,2,0.0,0,1.1508951406649617,1.1508951406649617,0.690537084398977,0.0,0.23017902813299235,0.23017902813299235,0.0,19.795396419437342,1.381074168797954,2.071611253196931,0.0,0.9207161125319694,2.9923273657289005,14.961636828644501,5.063938618925831,2.762148337595908,0.4603580562659847,1.1508951406649617,1.381074168797954,3.452685421994885,0.4603580562659847,0.0,0.0,7.790697674418604,60.0,33.84615384615385,16.666666666666664,6.703324808184143
argentina,Primera Division,2025,Matías Rojas,30.0,M,Paraguay,180.0,78.0,5,0,126.0,1.0,0.0,0.0,0.0,0,0,0,0.0,0,0.0,3.571428571428571,2.142857142857143,0.7142857142857142,0.0,0.7142857142857142,0.7142857142857142,49.28571428571429,0.7142857142857142,1.4285714285714284,0.0,0.0,1.4285714285714284,9.285714285714285,3.571428571428571,2.8571428571428568,0.7142857142857142,1.4285714285714284,0.7142857142857142,0.0,0.0,0.0,0.0,17.869565217391305,60.0,38.46153846153847,25.0,6.857142857142857
argentina,Primera Division,2026,Matías Ruiz Díaz,29.0,D,Argentina,179.0,74.0,2,2,188.0,0.0,0.0,0.0,0.0,0,0,0,0.0,0,0.0,0.0,0.0,0.0,0.0,0.0,0.0,13.404255319148936,0.0,0.9574468085106382,0.0,0.0,0.9574468085106382,5.26595744680851,1.9148936170212765,0.4787234042553191,0.0,0.4787234042553191,0.4787234042553191,0.4787234042553191,0.0,0.0,0.0,7.714285714285714,,36.36363636363637,0.0,6.5829787234042545
argentina,Primera Division,2025,Matías Ruíz,22.0,D,Argentina,180.0,,0,0,0.0,0.0,0.0,0.0,0.0,0,0,0,0.0,0,,,,,,,,,,,,,,,,,,,,,,,,,,,,
argentina,Primera Division,2026,Matías Salvo,,D,,,,1,0,11.0,0.0,0.0,0.0,0.0,0,0,0,0.0,0,0.0,0.0,0.0,0.0,0.0,0.0,0.0,81.81818181818181,8.181818181818182,0.0,0.0,0.0,0.0,0.0,0.0,0.0,0.0,0.0,0.0,0.0,0.0,0.0,0.0,7.0,,,,6.9
argentina,Primera Division,2026,Matías Sepúlveda,26.0,M,Chile,185.0,76.0,13,5,479.0,0.0,0.0,0.0,0.0,0,0,3,0.0,0,0.0,1.3152400835073068,0.1878914405010438,0.0,0.0,0.0,0.0,38.1419624217119,1.8789144050104385,0.9394572025052192,0.1878914405010438,0.7515657620041752,1.6910229645093944,11.461377870563675,4.697286012526096,2.6304801670146136,0.5636743215031316,0.7515657620041752,2.066805845511482,1.1273486430062631,0.5636743215031316,0.0,0.0,17.31527093596059,14.285714285714285,40.98360655737705,21.428571428571427,6.578242677824268
argentina,Primera Division,2025 / 2026,Matías Tagliamonte,27.0,G,Argentina,195.0,88.0,18,18,1637.0,0.0,0.0,0.0,0.0,0,0,2,0.0,0,0.0,0.0,0.0,0.0,0.0,0.0,0.0,19.35247403787416,0.0,0.0,0.0,0.0,0.0,0.4398289554062309,0.4398289554062309,0.05497861942577886,0.05497861942577886,0.0,0.10995723885155773,0.0,0.10995723885155773,0.0,0.0,9.519886363636363,,100.0,100.0,6.86285888821014
argentina,Primera Division,2025 / 2026,Matías Tissera,29.0,F,Argentina,174.0,72.0,26,5,666.0,3.0,1.0,0.0,0.0,0,0,1,0.0,0,1.2162162162162162,1.891891891891892,1.0810810810810811,0.40540540540540543,0.13513513513513514,0.5405405405405406,0.40540540540540543,10.81081081081081,0.6756756756756757,0.5405405405405406,0.0,0.0,0.5405405405405406,9.72972972972973,3.2432432432432434,1.4864864864864864,0.40540540540540543,0.2702702702702703,1.0810810810810811,0.945945945945946,0.13513513513513514,0.0,0.0,4.670886075949367,57.14285714285714,33.33333333333333,27.27272727272727,6.659759759759759
argentina,Primera Division,2025 / 2026,Matías Vera,30.0,M,Argentina,168.0,65.0,30,26,2340.0,0.0,1.0,0.0,0.0,0,0,7,0.0,0,0.038461538461538464,0.34615384615384615,0.038461538461538464,0.0,0.038461538461538464,0.038461538461538464,0.0,33.61538461538461,0.6923076923076923,2.769230769230769,0.2692307692307693,1.0,3.769230769230769,9.76923076923077,4.884615384615385,0.6153846153846154,0.38461538461538464,1.2692307692307692,1.0,1.1923076923076923,0.2692307692307693,0.0,0.0,27.85812356979405,11.11111111111111,50.0,62.5,6.829529914529915
argentina,Primera Division,2026,Matías Viña,28.0,D,Uruguay,175.0,70.0,10,6,565.0,0.0,0.0,0.0,0.0,0,0,6,0.0,1,0.1592920353982301,0.6371681415929203,0.1592920353982301,0.0,0.0,0.0,0.0,44.123893805309734,1.2743362831858407,1.2743362831858407,0.47787610619469023,0.9557522123893805,2.230088495575221,9.876106194690266,4.778761061946903,1.2743362831858407,0.7964601769911505,0.7964601769911505,1.2743362831858407,1.4336283185840708,0.9557522123893805,0.0,0.1592920353982301,26.85090909090909,25.0,48.38709677419355,62.5,6.590796460176992
argentina,Primera Division,2025 / 2026,Matías Zaracho,27.0,M,Argentina,171.0,67.0,30,12,1308.0,4.0,2.0,0.0,0.0,0,0,6,0.0,0,0.13761467889908258,1.1697247706422018,0.3440366972477064,0.27522935779816515,0.13761467889908258,0.41284403669724773,0.27522935779816515,30.68807339449541,1.444954128440367,1.926605504587156,0.0,0.8944954128440367,2.8211009174311923,10.527522935779817,3.853211009174312,0.8944954128440367,0.27522935779816515,1.651376146788991,0.8944954128440367,1.720183486238532,0.41284403669724773,0.0,0.0,16.5,29.411764705882355,36.60130718954248,30.76923076923077,6.778134556574923
argentina,Primera Division,2025,Matías de los Santos,33.0,D,Uruguay,186.0,83.0,10,10,948.0,0.0,0.0,0.0,0.0,0,0,1,0.0,0,0.0,0.569620253164557,0.2848101265822785,0.0,0.0,0.0,0.0,38.25949367088608,0.2848101265822785,0.9493670886075949,0.7594936708860759,1.139240506329114,2.088607594936709,8.259493670886076,5.4113924050632916,0.47468354430379744,0.2848101265822785,0.18987341772151897,0.37974683544303794,0.7594936708860759,0.09493670886075949,0.0,0.0,40.521091811414394,50.0,65.51724137931035,60.0,7.192510548523207
argentina,Primera Division,2025 / 2026,Mauricio Cardillo,22.0,M,Argentina,178.0,78.0,34,20,1697.0,2.0,0.0,1.0,0.0,0,0,5,0.0,3,0.1060695344725987,0.5833824395992929,0.26517383618149676,0.1060695344725987,0.0,0.1060695344725987,0.1060695344725987,24.661166764879198,0.5833824395992929,2.0153211549793753,0.0,0.6894519740718916,2.704773129051267,9.015910430170889,4.5079552150854445,1.060695344725987,0.4242781378903948,0.7424867413081909,0.8485562757807896,1.3789039481437833,0.26517383618149676,0.0,0.15910430170889805,14.389247311827956,45.45454545454545,50.0,40.0,6.634354743665292
argentina,Primera Division,2025 / 2026,Mauricio Martínez,32.0,M,Argentina,186.0,82.0,42,32,2929.0,3.0,0.0,0.0,0.0,0,0,8,0.0,0,0.0,1.0754523728234893,0.3687265278251963,0.09218163195629908,0.0,0.09218163195629908,0.09218163195629908,46.95117787640834,0.3379993171730966,1.4441789006486856,0.3687265278251963,0.9832707408671902,2.4274496415158757,7.989074769545921,4.455445544554456,1.597814953909184,0.9218163195629908,0.6759986343461932,1.0139979515192898,0.6452714236940935,0.24581768521679756,0.0,0.0,33.8815445026178,34.285714285714285,55.769230769230774,57.692307692307686,7.003789689313758
argentina,Primera Division,2025,Mauricio Roldán,20.0,F,Argentina,181.0,71.0,2,0,46.0,0.0,0.0,0.0,0.0,0,0,0,0.0,0,0.0,0.0,0.0,0.0,0.0,0.0,0.0,13.695652173913045,0.0,0.0,0.0,0.0,0.0,9.782608695652174,1.9565217391304348,1.9565217391304348,0.0,0.0,1.9565217391304348,1.9565217391304348,0.0,0.0,0.0,4.142857142857143,,20.0,0.0,6.382608695652174
argentina,Primera Division,2026,Mauricio Tevez,29.0,F,Argentina,170.0,69.0,2,0,49.0,0.0,0.0,0.0,0.0,0,0,0,0.0,0,0.0,3.6734693877551017,0.0,0.0,0.0,0.0,0.0,34.89795918367347,0.0,0.0,0.0,1.8367346938775508,1.8367346938775508,11.020408163265305,3.6734693877551017,0.0,0.0,0.0,1.8367346938775508,0.0,0.0,0.0,0.0,7.7368421052631575,0.0,33.33333333333333,,6.385714285714285
argentina,Primera Division,2026,Mauro Da Luz,31.0,F,Uruguay,175.0,74.0,3,0,88.0,0.0,0.0,0.0,0.0,0,0,0,0.0,0,0.0,2.0454545454545454,0.0,0.0,0.0,0.0,0.0,17.386363636363637,3.068181818181818,2.0454545454545454,0.0,0.0,2.0454545454545454,13.295454545454547,6.136363636363636,0.0,0.0,1.0227272727272727,0.0,2.0454545454545454,0.0,0.0,0.0,5.0,0.0,46.15384615384615,,6.394318181818182
argentina,Primera Division,2025 / 2026,Mauro Luna Diale,26.0,M,Argentina,173.0,73.0,8,2,292.0,0.0,0.0,0.0,0.0,0,0,0,0.0,0,0.0,1.8493150684931505,0.0,0.0,0.0,0.0,0.0,34.21232876712329,2.4657534246575343,1.5410958904109588,0.0,0.0,1.5410958904109588,13.253424657534246,5.8561643835616435,2.1575342465753424,0.9246575342465753,0.9246575342465753,2.1575342465753424,1.5410958904109588,0.0,0.0,0.0,13.225225225225225,0.0,44.18604651162791,42.857142857142854,6.534931506849315
argentina,Primera Division,2026,Mauro Molina,26.0,F,Argentina,183.0,79.0,0,0,0.0,0.0,0.0,0.0,0.0,0,0,0,0.0,0,,,,,,,,,,,,,,,,,,,,,,,,,,,,
argentina,Primera Division,2025 / 2026,Mauro Méndez,26.0,F,Uruguay,179.0,74.0,30,29,2512.0,9.0,5.0,0.0,0.0,0,0,5,0.0,0,0.6090764331210191,1.8630573248407643,0.8957006369426751,0.32245222929936307,0.17914012738853502,0.501592356687898,0.32245222929936307,14.331210191082802,1.1823248407643312,0.6090764331210191,0.10748407643312101,0.07165605095541401,0.6807324840764332,10.569267515923567,4.335191082802548,1.039012738853503,0.46576433121019106,0.21496815286624202,1.8272292993630572,1.2539808917197452,0.17914012738853502,0.0,0.0,11.7875,48.07692307692308,41.01694915254237,44.827586206896555,6.867953821656051
argentina,Primera Division,2025,Mauro Peinipil,26.0,D,Argentina,,,13,8,786.0,1.0,0.0,0.0,0.0,0,0,1,0.0,0,0.45801526717557256,0.34351145038167935,0.22900763358778628,0.11450381679389314,0.0,0.11450381679389314,0.11450381679389314,27.595419847328245,0.34351145038167935,1.3740458015267174,0.34351145038167935,1.0305343511450382,2.404580152671756,6.183206106870229,2.748091603053435,0.8015267175572519,0.34351145038167935,0.45801526717557256,0.22900763358778628,0.45801526717557256,0.11450381679389314,0.0,0.0,21.510373443983404,66.66666666666666,44.44444444444444,42.857142857142854,6.919387755102041
argentina,Primera Division,2025 / 2026,Mauro Pittón,31.0,M,Argentina,174.0,70.0,47,45,3909.0,2.0,1.0,0.0,0.0,0,0,9,0.0,0,0.04604758250191865,0.6907137375287797,0.25326170376055257,0.04604758250191865,0.023023791250959325,0.06907137375287797,0.04604758250191865,43.03146584804298,0.43745203376822717,1.841903300076746,0.32233307751343054,1.2432847275518035,3.0851880276285493,9.416730621642364,5.11128165771297,1.0821181887950881,0.6446661550268611,1.1281657712970068,1.059094397544129,0.990023023791251,0.20721412125863392,0.0,0.0,37.41305510968432,36.666666666666664,54.278728606356964,59.57446808510638,7.003300076745971
argentina,Primera Division,2025 / 2026,Mauro Smarra,26.0,M,Argentina,168.0,70.0,5,3,269.0,0.0,0.0,0.0,0.0,0,0,0,0.0,0,0.33457249070631967,1.003717472118959,0.33457249070631967,0.0,0.0,0.0,0.0,22.750929368029738,0.0,1.6728624535315986,0.0,0.33457249070631967,2.007434944237918,9.368029739776953,3.680297397769517,1.3382899628252787,1.003717472118959,0.6691449814126393,1.003717472118959,1.3382899628252787,0.0,0.0,0.0,11.235294117647058,33.33333333333333,39.285714285714285,75.0,6.395539033457249
argentina,Primera Division,2026,Mauro Valiente,25.0,F,Argentina,180.0,74.0,10,5,526.0,1.0,0.0,0.0,0.0,0,0,1,0.0,0,0.0,1.0266159695817492,0.34220532319391633,0.17110266159695817,0.0,0.17110266159695817,0.17110266159695817,21.216730038022813,1.3688212927756653,1.7110266159695817,0.0,0.6844106463878327,2.3954372623574143,9.581749049429657,4.619771863117871,2.5665399239543727,1.3688212927756653,0.17110266159695817,1.0266159695817492,1.0266159695817492,0.17110266159695817,0.0,0.0,9.14516129032258,33.33333333333333,48.214285714285715,53.333333333333336,6.6311787072243344
argentina,Primera Division,2025 / 2026,Maximiliano Amarfil,24.0,M,Argentina,,,46,44,3737.0,1.0,2.0,0.0,1.0,0,0,13,0.0,0,0.048166978860048164,0.7947551511907948,0.21675140487021674,0.024083489430024082,0.048166978860048164,0.07225046829007224,0.024083489430024082,38.943002408348946,0.5780037463205779,1.8785121755418785,0.4816697886004817,1.0355900454910356,2.9141022210329144,10.235483007760235,4.503612523414503,1.0596735349210598,0.5780037463205779,1.1078405137811078,0.9392560877709393,2.047096601552047,0.31308536259031305,0.0,0.0,33.65862708719852,27.27272727272727,44.0,54.54545454545454,6.891356703237891
argentina,Primera Division,2025,Maximiliano Casa,32.0,F,Argentina,,,1,0,12.0,0.0,0.0,0.0,0.0,0,0,0,0.0,0,0.0,0.0,0.0,0.0,0.0,0.0,0.0,0.0,0.0,0.0,0.0,0.0,0.0,0.0,0.0,0.0,0.0,0.0,0.0,0.0,0.0,0.0,0.0,,,,,6.3
argentina,Primera Division,2025,Maximiliano González,21.0,M,Argentina,,,16,8,807.0,0.0,0.0,0.0,0.0,0,0,2,0.0,0,0.22304832713754646,0.5576208178438662,0.11152416356877323,0.0,0.0,0.0,0.0,34.014869888475836,0.6691449814126393,2.453531598513011,0.0,1.3382899628252787,3.7918215613382897,10.929368029739777,6.022304832713754,0.7806691449814127,0.5576208178438662,0.5576208178438662,1.3382899628252787,2.007434944237918,0.22304832713754646,0.0,0.0,20.7344262295082,20.0,55.10204081632652,71.42857142857143,6.746317103620474
argentina,Primera Division,2026,Maximiliano Gutiérrez,21.0,F,Chile,183.0,80.0,8,5,456.0,2.0,2.0,1.0,0.0,0,0,0,0.0,0,0.19736842105263158,1.776315789473684,0.5921052631578947,0.39473684210526316,0.39473684210526316,0.7894736842105263,0.39473684210526316,16.776315789473685,1.1842105263157894,0.7894736842105263,0.0,0.5921052631578947,1.381578947368421,9.473684210526315,4.342105263157895,4.342105263157895,2.3684210526315788,1.1842105263157894,0.7894736842105263,0.5921052631578947,0.0,0.0,0.0,12.035714285714286,33.33333333333333,45.83333333333333,54.54545454545454,7.218421052631578
argentina,Primera Division,2025,Maximiliano Juambeltz,23.0,F,Uruguay,185.0,73.0,1,0,23.0,0.0,0.0,0.0,0.0,0,0,0,0.0,0,0.0,0.0,0.0,0.0,0.0,0.0,0.0,23.478260869565215,0.0,0.0,0.0,0.0,0.0,0.0,0.0,0.0,0.0,0.0,0.0,0.0,0.0,0.0,0.0,5.0,,,,6.3
argentina,Primera Division,2025 / 2026,Maximiliano Lovera,26.0,F,Argentina,170.0,65.0,13,5,466.0,0.0,1.0,0.0,0.0,0,0,0,0.0,0,0.0,1.5450643776824033,0.7725321888412017,0.0,0.19313304721030042,0.19313304721030042,0.0,31.673819742489272,1.1587982832618027,1.351931330472103,0.0,0.38626609442060084,1.7381974248927041,13.519313304721031,7.145922746781116,4.828326180257511,2.896995708154506,0.19313304721030042,2.510729613733906,0.9656652360515021,0.0,0.0,0.0,16.62962962962963,50.0,52.85714285714286,60.0,6.921030042918455
argentina,Primera Division,2025 / 2026,Maximiliano Meza,33.0,M,Argentina,180.0,69.0,18,10,965.0,1.0,1.0,0.0,0.0,0,0,4,0.0,0,0.18652849740932642,1.0259067357512954,0.46632124352331605,0.09326424870466321,0.09326424870466321,0.18652849740932642,0.09326424870466321,53.440414507772026,1.6787564766839376,2.61139896373057,0.27979274611398963,0.27979274611398963,2.8911917098445596,15.38860103626943,8.67357512953368,2.704663212435233,1.5854922279792745,0.8393782383419688,2.33160621761658,1.8652849740932642,0.37305699481865284,0.0,0.0,40.27225130890052,45.45454545454545,56.36363636363636,58.620689655172406,7.16860103626943
argentina,Primera Division,2025,Maximiliano Porcel,19.0,M,Argentina,171.0,,11,2,340.0,0.0,0.0,0.0,0.0,0,0,0,0.0,0,0.0,0.2647058823529412,0.2647058823529412,0.0,0.0,0.0,0.0,41.29411764705882,1.8529411764705883,1.588235294117647,0.0,0.0,1.588235294117647,12.970588235294116,7.147058823529411,3.4411764705882355,1.3235294117647058,0.5294117647058824,3.9705882352941178,0.7941176470588235,0.0,0.0,0.0,14.378205128205128,100.0,55.10204081632652,38.46153846153847,6.601764705882353
argentina,Primera Division,2025 / 2026,Maximiliano Puig,25.0,M,Argentina,172.0,76.0,6,0,93.0,0.0,0.0,0.0,0.0,0,0,0,0.0,0,0.0,2.903225806451613,0.0,0.0,0.0,0.0,0.0,28.06451612903226,0.967741935483871,1.935483870967742,0.0,1.935483870967742,3.870967741935484,21.290322580645164,9.67741935483871,2.903225806451613,1.935483870967742,0.967741935483871,5.806451612903226,3.870967741935484,0.0,0.0,0.0,7.689655172413793,0.0,45.45454545454545,66.66666666666666,6.804444444444444
argentina,Primera Division,2025,Maximiliano Rodríguez,25.0,F,Chile,,,13,2,460.0,1.0,0.0,0.0,0.0,0,0,1,0.0,0,0.1956521739130435,3.130434782608696,1.3695652173913044,0.1956521739130435,0.0,0.1956521739130435,0.1956521739130435,16.434782608695652,0.9782608695652174,0.5869565217391304,0.0,0.1956521739130435,0.782608695652174,18.195652173913043,6.847826086956522,1.565217391304348,0.391304347826087,0.391304347826087,2.1521739130434785,0.5869565217391304,0.1956521739130435,0.0,0.0,4.7976190476190474,43.75,37.634408602150536,25.0,6.532826086956521
argentina,Primera Division,2025,Maximiliano Romero,26.0,F,Argentina,179.0,72.0,3,0,49.0,0.0,0.0,0.0,0.0,0,0,0,0.0,0,0.0,3.6734693877551017,1.8367346938775508,0.0,0.0,0.0,0.0,16.53061224489796,3.6734693877551017,0.0,0.0,0.0,0.0,18.367346938775512,12.857142857142856,0.0,0.0,0.0,1.8367346938775508,1.8367346938775508,0.0,0.0,0.0,2.2222222222222223,50.0,70.0,,6.812244897959184
argentina,Primera Division,2025 / 2026,Maximiliano Salas,28.0,F,Argentina,174.0,84.0,44,27,2548.0,4.0,5.0,0.0,0.0,0,0,8,0.0,1,0.5298273155416013,2.013343799058085,0.8124018838304553,0.141287284144427,0.17660910518053374,0.3178963893249608,0.141287284144427,19.850863422291994,1.0596546310832027,1.3069073783359497,0.03532182103610675,0.03532182103610675,1.3422291993720565,11.30298273155416,4.768445839874412,2.013343799058085,1.1656200941915227,0.24725274725274726,1.4835164835164836,1.9073783359497645,0.282574568288854,0.0,0.03532182103610675,12.161921708185053,40.35087719298245,42.1875,57.89473684210527,6.844793713163065
argentina,Primera Division,2025,Maximiliano Velazco,30.0,G,Argentina,186.0,82.0,0,0,0.0,0.0,0.0,0.0,0.0,0,0,0,0.0,0,,,,,,,,,,,,,,,,,,,,,,,,,,,,
argentina,Primera Division,2025 / 2026,Maximiliano Villa,28.0,D,Uruguay,183.0,76.0,21,15,1460.0,1.0,1.0,1.0,1.0,0,0,4,0.0,0,0.06164383561643836,0.3082191780821918,0.18493150684931506,0.06164383561643836,0.06164383561643836,0.12328767123287672,0.06164383561643836,34.21232876712329,0.6164383561643836,1.7876712328767126,0.3082191780821918,1.6643835616438356,3.452054794520548,7.15068493150685,3.2671232876712324,0.9863013698630138,0.3082191780821918,0.9246575342465753,0.4315068493150685,1.2945205479452055,0.24657534246575344,0.0,0.0,26.751351351351353,60.0,45.689655172413794,31.25,6.672328767123288
argentina,Primera Division,2025 / 2026,Maximiliano Zalazar,24.0,F,Argentina,172.0,,15,3,484.0,0.0,0.0,0.0,0.0,0,0,3,0.0,0,0.9297520661157025,3.1611570247933884,0.743801652892562,0.0,0.0,0.0,0.0,19.15289256198347,0.743801652892562,1.3016528925619835,0.0,1.115702479338843,2.4173553719008267,10.413223140495868,4.834710743801653,4.462809917355372,2.603305785123967,1.115702479338843,0.743801652892562,1.859504132231405,0.5578512396694215,0.0,0.0,6.702970297029703,23.52941176470588,46.42857142857143,58.333333333333336,6.562893081761007
argentina,Primera Division,2025,Maximiliano Zelaya,28.0,D,Argentina,184.0,80.0,0,0,0.0,0.0,0.0,0.0,0.0,0,0,0,0.0,0,,,,,,,,,,,,,,,,,,,,,,,,,,,,
argentina,Primera Division,2026,Maximo Cabrera,19.0,G,,,,1,1,90.0,0.0,0.0,0.0,0.0,0,0,0,0.0,0,0.0,0.0,0.0,0.0,0.0,0.0,0.0,20.0,0.0,0.0,0.0,0.0,0.0,0.0,0.0,0.0,0.0,0.0,0.0,0.0,0.0,0.0,0.0,19.0,,,,6.2
argentina,Primera Division,2026,Michael Hoyos,34.0,M,Argentina,185.0,77.0,9,3,459.0,1.0,0.0,0.0,0.0,0,0,0,0.0,0,0.3921568627450981,1.1764705882352942,0.3921568627450981,0.19607843137254904,0.0,0.19607843137254904,0.19607843137254904,18.43137254901961,0.5882352941176471,0.19607843137254904,0.0,0.0,0.19607843137254904,9.607843137254902,4.117647058823529,0.9803921568627452,0.3921568627450981,0.19607843137254904,0.7843137254901962,0.5882352941176471,0.0,0.0,0.0,9.76595744680851,33.33333333333333,42.857142857142854,40.0,6.607407407407408
argentina,Primera Division,2025 / 2026,Michael Santos,32.0,F,Uruguay,175.0,68.0,32,18,1698.0,4.0,2.0,1.0,0.0,1,1,1,0.0,0,1.325088339222615,1.5901060070671378,0.6360424028268551,0.21201413427561835,0.10600706713780918,0.31802120141342755,0.15901060070671377,16.219081272084807,0.9540636042402828,0.5830388692579506,0.15901060070671377,0.15901060070671377,0.7420494699646643,12.93286219081272,5.035335689045937,1.7491166077738516,0.5300353356890459,0.5830388692579506,1.0600706713780919,1.3780918727915195,0.05300353356890459,0.0,0.0,9.664473684210526,40.0,38.9344262295082,30.303030303030305,6.808308780200354
argentina,Primera Division,2025 / 2026,Miguel Barbieri,32.0,D,Argentina,181.0,79.0,21,18,1533.0,0.0,0.0,0.0,0.0,0,0,9,0.0,0,0.1761252446183953,0.7632093933463796,0.23483365949119372,0.0,0.0,0.0,0.0,20.489236790606654,0.11741682974559686,1.5851272015655575,0.7632093933463796,2.172211350293542,3.7573385518590996,10.391389432485322,6.399217221135029,0.29354207436399216,0.1761252446183953,0.3522504892367906,0.3522504892367906,1.467710371819961,0.5283757338551859,0.0,0.0,15.45272206303725,30.76923076923077,61.5819209039548,60.0,6.908289817232376
argentina,Primera Division,2025,Miguel Borja,32.0,F,Colombia,183.0,87.0,31,13,1663.0,7.0,1.0,1.0,0.0,1,2,6,0.0,0,0.9741431148526759,2.5435959110042092,1.3529765484064944,0.37883343355381843,0.054119061936259774,0.4329524954900782,0.3247143716175587,18.292242934455803,1.0282621767889357,0.8117859290438966,0.16235718580877934,0.16235718580877934,0.9741431148526759,11.79795550210463,4.654239326518341,1.0282621767889357,0.27059530968129886,0.10823812387251955,0.703547805171377,1.2447384245339748,0.3247143716175587,0.0,0.0,10.077380952380953,53.191489361702125,39.44954128440367,26.31578947368421,6.794167167769093
argentina,Primera Division,2025,Miguel Brizuela,28.0,D,Argentina,182.0,77.0,31,23,2263.0,2.0,0.0,0.0,1.0,0,0,7,0.0,0,0.0,0.6363234644277508,0.19885108263367213,0.07954043305346885,0.0,0.07954043305346885,0.07954043305346885,33.049049933716304,0.3181617322138754,1.8692001767565178,0.278391515687141,0.8749447635881573,2.7441449403446754,9.942554131683606,5.488289880689351,0.3181617322138754,0.11931064958020328,0.43747238179407866,0.39770216526734425,1.113566062748564,0.278391515687141,0.0,0.0,28.28158844765343,31.25,55.2,37.5,6.693018117543084
argentina,Primera Division,2025 / 2026,Miguel Merentiel,29.0,F,Uruguay,179.0,70.0,51,38,3386.0,18.0,6.0,0.0,0.0,1,0,3,0.0,0,0.18606024808033078,1.6479621972829297,1.1429415239220317,0.47844063792085056,0.15948021264028353,0.6379208505611341,0.45186060248080334,20.67926757235676,1.3821618428824571,0.2923803898405198,0.0,0.10632014176018902,0.39870053160070884,5.209686946249262,1.780862374483166,1.780862374483166,0.7442409923213231,0.3455404607206143,0.531600708800945,0.5581807442409924,0.07974010632014177,0.0,0.0,15.845758354755784,69.35483870967742,34.183673469387756,41.7910447761194,6.953618906942393
argentina,Primera Division,2025,Miguel Navarro,26.0,D,Venezuela,175.0,70.0,25,21,1793.0,0.0,1.0,0.0,0.0,0,0,10,0.0,3,0.1003904071388734,0.2509760178471835,0.1505856107083101,0.0,0.0501952035694367,0.0501952035694367,0.0,39.35303959843837,1.4054656999442277,1.2548800892359173,0.45175683212493023,0.9537088678192972,2.208588957055215,5.822643614054657,3.664249860568879,0.45175683212493023,0.3011712214166202,0.3011712214166202,1.204684885666481,0.9035136642498605,0.501952035694367,0.0,0.1505856107083101,34.09438775510204,60.0,62.93103448275862,66.66666666666666,6.971779141104294
argentina,Primera Division,2025 / 2026,Mikel Amondarain,20.0,M,Argentina,,,28,20,1878.0,2.0,1.0,0.0,0.0,0,0,4,0.0,1,0.047923322683706075,0.7667731629392972,0.3354632587859425,0.09584664536741215,0.047923322683706075,0.1437699680511182,0.09584664536741215,41.022364217252395,0.9105431309904154,2.3482428115015974,0.3833865814696486,0.6230031948881789,2.9712460063897765,10.97444089456869,5.175718849840256,1.8210862619808308,0.9105431309904154,0.9584664536741214,0.7667731629392972,1.2460063897763578,0.1916932907348243,0.0,0.047923322683706075,34.404205607476634,43.75,47.161572052401745,50.0,6.73583599574015
argentina,Primera Division,2025,Milton Casco,37.0,D,Argentina,170.0,70.0,16,10,1162.0,0.0,2.0,0.0,0.0,0,0,3,0.0,0,0.1549053356282272,0.2323580034423408,0.0774526678141136,0.0,0.1549053356282272,0.1549053356282272,0.0,41.204819277108435,0.8519793459552496,1.93631669535284,0.2323580034423408,1.0843373493975905,3.0206540447504304,7.977624784853701,4.182444061962134,0.2323580034423408,0.0774526678141136,0.7745266781411358,0.9294320137693632,1.161790017211704,0.2323580034423408,0.0,0.0,31.159774436090224,33.33333333333333,52.42718446601942,33.33333333333333,6.807487091222031
argentina,Primera Division,2025,Milton Celiz,33.0,M,Argentina,181.0,70.0,30,29,2656.0,3.0,0.0,0.0,1.0,0,1,12,0.0,0,0.06777108433734941,0.7793674698795181,0.4066265060240964,0.1016566265060241,0.0,0.1016566265060241,0.1016566265060241,24.533132530120483,0.27108433734939763,2.2703313253012047,0.3727409638554217,1.118222891566265,3.3885542168674703,15.248493975903614,6.539909638554217,1.8637048192771084,0.5760542168674698,1.8637048192771084,1.7959337349397588,2.202560240963855,0.4066265060240964,0.0,0.0,15.451657458563536,52.17391304347826,42.888888888888886,30.909090909090907,6.723117469879518
argentina,Primera Division,2025 / 2026,Milton Delgado,20.0,M,Argentina,166.0,63.0,39,31,2822.0,0.0,2.0,0.0,0.0,0,0,8,0.0,0,0.0,0.1913536498936924,0.06378454996456415,0.0,0.06378454996456415,0.06378454996456415,0.0,54.66335931963146,0.3508150248051028,2.5513819985825656,0.1275690999291283,1.2437987243090007,3.795180722891566,10.33309709425939,5.262225372076542,1.4670446491849751,0.7016300496102056,0.9886605244507441,1.2119064493267186,1.4989369241672572,0.2551381998582566,0.0,0.0,52.39579684763573,33.33333333333333,50.92592592592593,47.82608695652174,6.9494859978730945
argentina,Primera Division,2025 / 2026,Milton Giménez,29.0,F,Argentina,184.0,83.0,34,23,2130.0,13.0,3.0,0.0,0.0,1,0,7,0.0,0,0.676056338028169,2.408450704225352,1.2253521126760563,0.5492957746478874,0.1267605633802817,0.676056338028169,0.5070422535211268,13.901408450704226,0.5492957746478874,0.8028169014084506,0.1267605633802817,0.2535211267605634,1.056338028169014,13.140845070422536,5.112676056338028,1.4366197183098592,0.6338028169014085,0.5070422535211268,1.2253521126760563,1.6056338028169013,0.29577464788732394,0.0,0.0,9.38109756097561,50.877192982456144,38.90675241157556,44.11764705882353,6.953958529688973
argentina,Primera Division,2025,Milton Ríos,21.0,M,Argentina,187.0,70.0,0,0,0.0,0.0,0.0,0.0,0.0,0,0,0,0.0,0,,,,,,,,,,,,,,,,,,,,,,,,,,,,
argentina,Primera Division,2025 / 2026,Milton Valenzuela,27.0,D,Argentina,170.0,65.0,12,6,588.0,0.0,0.0,0.0,0.0,0,0,3,0.0,0,0.15306122448979592,0.30612244897959184,0.15306122448979592,0.0,0.0,0.0,0.0,40.86734693877551,0.6122448979591837,4.438775510204081,0.6122448979591837,1.0714285714285714,5.5102040816326525,12.091836734693878,6.122448979591837,1.683673469387755,0.30612244897959184,1.3775510204081631,0.6122448979591837,1.989795918367347,0.4591836734693877,0.0,0.0,29.12406015037594,50.0,50.63291139240506,18.181818181818183,6.993197278911564
argentina,Primera Division,2025,Milton Vasconcelo,20.0,M,Argentina,172.0,65.0,0,0,0.0,0.0,0.0,0.0,0.0,0,0,0,0.0,0,,,,,,,,,,,,,,,,,,,,,,,,,,,,
argentina,Primera Division,2025 / 2026,Misael Aguirre,18.0,F,,,,9,0,211.0,0.0,0.0,0.0,0.0,0,0,0,0.0,0,0.8530805687203792,2.132701421800948,0.4265402843601896,0.0,0.0,0.0,0.0,27.725118483412324,1.7061611374407584,1.7061611374407584,0.0,0.4265402843601896,2.132701421800948,10.66350710900474,3.4123222748815167,2.559241706161137,0.4265402843601896,0.8530805687203792,0.0,1.7061611374407584,0.0,0.0,0.0,8.184615384615384,20.0,32.0,16.666666666666664,6.501421800947867
argentina,Primera Division,2025,Misael Sosa,23.0,M,Argentina,,,11,2,278.0,0.0,0.0,0.0,0.0,0,0,2,0.0,0,0.6474820143884893,1.2949640287769786,0.32374100719424465,0.0,0.0,0.0,0.0,19.74820143884892,1.618705035971223,2.2661870503597124,0.0,0.32374100719424465,2.589928057553957,15.215827338129497,5.503597122302159,4.532374100719425,1.9424460431654678,1.2949640287769786,0.6474820143884893,1.2949640287769786,0.6474820143884893,0.0,0.0,5.683333333333334,25.0,36.17021276595745,42.857142857142854,6.435507246376812
argentina,Primera Division,2025,Moisés Brandán,25.0,D,Argentina,182.0,76.0,6,3,316.0,0.0,0.0,0.0,0.0,0,0,0,0.0,0,0.0,0.0,0.0,0.0,0.0,0.0,0.0,25.348101265822784,0.2848101265822785,1.7088607594936709,0.2848101265822785,1.139240506329114,2.848101265822785,7.40506329113924,3.132911392405063,0.2848101265822785,0.0,1.139240506329114,0.569620253164557,1.139240506329114,0.0,0.0,0.0,9.50561797752809,,42.30769230769231,0.0,6.506962025316456
argentina,Primera Division,2025,Máximo Desábato,20.0,D,Argentina,,,1,1,90.0,0.0,0.0,0.0,0.0,0,0,0,0.0,0,1.0,1.0,1.0,0.0,0.0,0.0,0.0,42.0,0.0,0.0,0.0,0.0,0.0,4.0,3.0,1.0,0.0,0.0,0.0,0.0,0.0,0.0,0.0,37.0,100.0,75.0,0.0,6.6
argentina,Primera Division,2025,Máximo Oses,20.0,D,Argentina,174.0,76.0,0,0,0.0,0.0,0.0,0.0,0.0,0,0,0,0.0,0,,,,,,,,,,,,,,,,,,,,,,,,,,,,
argentina,Primera Division,2026,Máximo Palazzo,20.0,D,Argentina,183.0,,7,5,434.0,0.0,0.0,0.0,0.0,0,0,1,0.0,0,0.0,0.0,0.0,0.0,0.0,0.0,0.0,42.51152073732719,0.6221198156682028,1.4516129032258065,0.4147465437788018,0.6221198156682028,2.0737327188940093,7.880184331797235,3.7327188940092166,0.8294930875576036,0.4147465437788018,0.4147465437788018,0.2073732718894009,1.2442396313364057,0.2073732718894009,0.0,0.0,36.13235294117647,,47.368421052631575,50.0,6.635483870967742
argentina,Primera Division,2025 / 2026,Nacho Fernández,35.0,M,Argentina,182.0,67.0,33,24,2029.0,5.0,5.0,0.0,0.0,0,0,10,0.0,0,0.04435682602267127,1.330704780680138,0.7540660423854115,0.22178413011335632,0.22178413011335632,0.44356826022671264,0.22178413011335632,46.264169541646126,1.4194184327254806,2.129127649088221,0.3104977821586989,0.39921143420404137,2.5283390832922623,13.173977328733365,6.29866929521932,2.705766387382947,0.9758501724987679,1.5524889107934943,2.750123213405619,1.3750616067028094,0.44356826022671264,0.0,0.0,34.625119846596355,56.666666666666664,47.81144781144781,36.0655737704918,7.045041933892453
argentina,Primera Division,2026,Nahuel Arena,27.0,D,Argentina,183.0,67.0,0,0,0.0,0.0,0.0,0.0,0.0,0,0,0,0.0,0,,,,,,,,,,,,,,,,,,,,,,,,,,,,
argentina,Primera Division,2025,Nahuel Arias,20.0,D,Argentina,,,0,0,0.0,0.0,0.0,0.0,0.0,0,0,0,0.0,0,,,,,,,,,,,,,,,,,,,,,,,,,,,,
argentina,Primera Division,2025 / 2026,Nahuel Banegas,29.0,D,Argentina,,,19,17,1527.0,0.0,1.0,0.0,0.0,0,0,5,0.0,0,0.05893909626719057,0.8840864440078585,0.4715127701375246,0.0,0.05893909626719057,0.05893909626719057,0.0,29.823182711198427,1.0609037328094302,2.357563850687623,0.29469548133595286,1.0019646365422397,3.3595284872298627,11.139489194499017,6.011787819253438,1.8860510805500983,0.825147347740668,0.6483300589390962,1.1787819253438114,1.5324165029469548,0.29469548133595286,0.0,0.0,22.345849802371543,53.333333333333336,53.96825396825397,43.75,7.075376555337263
argentina,Primera Division,2026,Nahuel Barboza,26.0,M,Argentina,,,9,5,570.0,0.0,0.0,0.0,0.0,0,0,2,0.0,0,0.0,0.0,0.0,0.0,0.0,0.0,0.0,41.368421052631575,0.631578947368421,1.736842105263158,0.47368421052631576,1.4210526315789473,3.1578947368421053,6.63157894736842,3.0,0.47368421052631576,0.3157894736842105,0.631578947368421,0.631578947368421,1.894736842105263,0.3157894736842105,0.0,0.0,33.965648854961835,,45.23809523809524,66.66666666666666,6.688070175438596
argentina,Primera Division,2025 / 2026,Nahuel Barrios,27.0,M,Argentina,156.0,61.0,30,13,1179.0,0.0,2.0,0.0,0.0,0,0,2,0.0,0,0.0,0.8396946564885497,0.38167938931297707,0.0,0.15267175572519084,0.15267175572519084,0.0,35.267175572519086,1.297709923664122,1.4503816793893127,0.0,0.6870229007633587,2.1374045801526718,14.274809160305344,6.641221374045801,5.49618320610687,2.0610687022900764,1.1450381679389312,2.8244274809160306,0.6106870229007634,0.15267175572519084,0.0,0.0,16.67748917748918,45.45454545454545,46.524064171122994,37.5,6.693977947413062
argentina,Primera Division,2025,Nahuel Bustos,27.0,F,Argentina,176.0,74.0,24,11,1038.0,1.0,0.0,0.0,0.0,0,1,4,0.0,0,0.3468208092485549,2.167630057803468,1.0404624277456647,0.08670520231213873,0.0,0.08670520231213873,0.08670520231213873,14.913294797687863,0.9537572254335259,0.4335260115606936,0.26011560693641617,0.17341040462427745,0.6069364161849711,6.676300578034682,2.0809248554913293,0.9537572254335259,0.3468208092485549,0.4335260115606936,0.4335260115606936,1.5606936416184969,0.3468208092485549,0.0,0.0,7.215116279069767,48.0,31.16883116883117,36.36363636363637,6.554527938342968
argentina,Primera Division,2025,Nahuel Gonzalez,21.0,G,Argentina,187.0,,0,0,0.0,0.0,0.0,0.0,0.0,0,0,0,0.0,0,,,,,,,,,,,,,,,,,,,,,,,,,,,,
argentina,Primera Division,2025 / 2026,Nahuel Losada,32.0,G,Argentina,188.0,72.0,48,48,4379.0,0.0,0.0,0.0,1.0,0,0,5,0.0,0,0.0,0.0,0.0,0.0,0.0,0.0,0.0,24.31377026718429,0.06165791276547157,0.041105275176981045,0.0,0.020552637588490522,0.06165791276547157,0.7193423155971682,0.6165791276547157,0.020552637588490522,0.020552637588490522,0.020552637588490522,0.10276318794245262,0.06165791276547157,0.10276318794245262,0.0,0.0,17.447168216398985,,85.71428571428571,100.0,7.260972824845855
argentina,Primera Division,2025,Nahuel Manganelli,24.0,G,Argentina,185.0,78.0,2,1,116.0,0.0,0.0,0.0,0.0,0,0,1,0.0,0,0.0,0.0,0.0,0.0,0.0,0.0,0.0,33.362068965517246,0.0,0.7758620689655172,0.0,0.0,0.7758620689655172,1.5517241379310345,1.5517241379310345,0.0,0.0,0.0,0.7758620689655172,0.0,0.7758620689655172,0.0,0.0,6.209302325581396,,100.0,,6.216379310344828
argentina,Primera Division,2025,Nahuel Ulariaga,23.0,F,Argentina,174.0,,3,0,58.0,0.0,0.0,0.0,0.0,0,0,0,0.0,0,0.0,0.0,0.0,0.0,0.0,0.0,0.0,7.758620689655173,0.0,0.0,0.0,0.0,0.0,13.965517241379311,6.206896551724138,0.0,0.0,0.0,4.655172413793103,0.0,0.0,0.0,0.0,2.0,,44.44444444444444,,6.468965517241379
argentina,Primera Division,2025,Natanael Samaniego,21.0,D,Argentina,182.0,76.0,0,0,0.0,0.0,0.0,0.0,0.0,0,0,0,0.0,0,,,,,,,,,,,,,,,,,,,,,,,,,,,,
argentina,Primera Division,2025 / 2026,Nathanael Guzmán,26.0,F,Argentina,172.0,67.0,28,16,1235.0,1.0,1.0,0.0,0.0,0,0,1,0.0,0,0.145748987854251,0.728744939271255,0.43724696356275305,0.0728744939271255,0.0728744939271255,0.145748987854251,0.0728744939271255,14.647773279352226,1.0202429149797572,1.0202429149797572,0.0728744939271255,0.43724696356275305,1.45748987854251,11.004048582995951,4.445344129554655,3.2793522267206474,0.9473684210526315,1.165991902834008,1.5303643724696356,0.6558704453441295,0.0728744939271255,0.0,0.0,8.318407960199005,60.0,40.397350993377486,28.888888888888886,6.67417004048583
argentina,Primera Division,2025 / 2026,Nazareno Colombo,26.0,D,Argentina,184.0,80.0,37,29,2798.0,1.0,1.0,0.0,0.0,0,0,11,0.0,0,0.032165832737669764,0.6433166547533953,0.12866333095067906,0.032165832737669764,0.032165832737669764,0.06433166547533953,0.032165832737669764,51.07934238741958,0.19299499642601858,1.7369549678341674,0.4181558255897069,1.5761258041458184,3.313080771979986,9.810578984989279,5.082201572551822,0.38598999285203717,0.32165832737669764,0.8363116511794138,0.9006433166547535,1.1901358112937814,0.3538241601143674,0.0,0.0,49.38248267170763,20.0,51.80327868852459,83.33333333333334,7.0069335239456745
argentina,Primera Division,2025 / 2026,Nazareno Durán,21.0,G,Argentina,,,0,0,0.0,0.0,0.0,0.0,0.0,0,0,0,0.0,0,,,,,,,,,,,,,,,,,,,,,,,,,,,,
argentina,Primera Division,2025,Nazareno Fúnez,24.0,F,Argentina,187.0,81.0,19,5,600.0,0.0,2.0,1.0,0.0,0,0,2,0.0,0,0.6000000000000001,3.0,1.3499999999999999,0.0,0.30000000000000004,0.30000000000000004,0.0,20.849999999999998,1.65,0.6000000000000001,0.0,0.30000000000000004,0.9,18.6,6.6,1.3499999999999999,0.45,0.30000000000000004,1.5,1.3499999999999999,0.30000000000000004,0.0,0.0,7.438848920863309,45.0,35.483870967741936,33.33333333333333,6.640802675585284
argentina,Primera Division,2026,Nazareno Roselli,19.0,D,,,,3,0,19.0,0.0,0.0,0.0,0.0,0,0,0,0.0,0,0.0,0.0,0.0,0.0,0.0,0.0,0.0,23.684210526315788,0.0,0.0,0.0,0.0,0.0,4.7368421052631575,0.0,0.0,0.0,0.0,0.0,0.0,0.0,0.0,0.0,2.2,,0.0,,6.6
argentina,Primera Division,2025,Nehuen Montoya,27.0,M,Argentina,169.0,68.0,0,0,0.0,0.0,0.0,0.0,0.0,0,0,0,0.0,0,,,,,,,,,,,,,,,,,,,,,,,,,,,,
argentina,Primera Division,2025 / 2026,Nehuén Paz,32.0,D,Argentina,191.0,89.0,33,32,2909.0,2.0,0.0,0.0,1.0,0,0,5,0.0,0,0.0,0.7425232038501203,0.15469233413544173,0.061876933654176694,0.0,0.061876933654176694,0.061876933654176694,41.426607081471296,0.18563080096253007,0.7734616706772087,0.4022000687521485,0.9900309384668271,1.7634926091440357,8.074939841870059,5.6617394293571675,0.12375386730835339,0.030938466827088347,0.2165692677896184,0.24750773461670678,0.4022000687521485,0.15469233413544173,0.0,0.0,39.1277072442121,20.833333333333336,70.11494252873564,25.0,6.992712272258508
argentina,Primera Division,2025 / 2026,Nelson Insfrán,30.0,G,Argentina,179.0,83.0,48,48,4347.0,0.0,0.0,0.0,0.0,0,0,6,0.0,0,0.0,0.0,0.0,0.0,0.0,0.0,0.0,23.871635610766045,0.020703933747412008,0.020703933747412008,0.0,0.0,0.020703933747412008,0.47619047619047616,0.39337474120082816,0.041407867494824016,0.041407867494824016,0.0,0.12422360248447205,0.0,0.12422360248447205,0.0,0.0,14.803989592367737,,82.6086956521739,100.0,7.167379802162411
argentina,Primera Division,2025,Nery Domínguez,35.0,M,Argentina,184.0,80.0,15,1,333.0,0.0,0.0,0.0,0.0,0,0,1,0.0,1,0.0,0.0,0.0,0.0,0.0,0.0,0.0,36.75675675675676,0.0,1.891891891891892,0.5405405405405406,1.3513513513513513,3.2432432432432434,6.756756756756757,4.864864864864865,0.0,0.0,0.5405405405405406,0.5405405405405406,0.8108108108108109,0.2702702702702703,0.0,0.2702702702702703,15.91044776119403,,72.0,,6.716463414634147
argentina,Primera Division,2026,Neyder Moreno,28.0,M,Colombia,174.0,70.0,7,2,213.0,1.0,0.0,0.0,0.0,0,0,1,0.0,0,0.0,2.535211267605634,1.6901408450704225,0.4225352112676056,0.0,0.4225352112676056,0.4225352112676056,26.197183098591548,1.267605633802817,2.112676056338028,0.0,0.4225352112676056,2.535211267605634,14.788732394366198,5.492957746478873,2.112676056338028,0.4225352112676056,1.267605633802817,1.267605633802817,2.535211267605634,0.4225352112676056,0.0,0.0,9.290322580645162,66.66666666666666,37.142857142857146,20.0,6.628638497652583
argentina,Primera Division,2025 / 2026,Nicolas Capraro,27.0,D,Argentina,183.0,75.0,23,18,1645.0,0.0,0.0,0.0,0.0,0,0,3,0.0,0,0.0,0.2735562310030395,0.1641337386018237,0.0,0.0,0.0,0.0,26.534954407294833,0.1641337386018237,1.8054711246200608,0.6565349544072948,1.5319148936170213,3.337386018237082,6.784194528875379,3.6109422492401215,0.4376899696048632,0.3282674772036474,0.4924012158054711,0.3282674772036474,1.3130699088145896,0.1641337386018237,0.0,0.0,27.140495867768596,60.0,53.2258064516129,75.0,6.839890377588306
argentina,Primera Division,2025 / 2026,Nicolas Oroz,31.0,M,Argentina,173.0,74.0,53,50,3839.0,4.0,5.0,0.0,0.0,1,0,5,0.0,0,0.046887210210992444,0.5860901276374055,0.3047668663714509,0.09377442042198489,0.11721802552748112,0.210992445949466,0.07033081531648866,48.29382651732222,1.8520448033342019,1.5707215420682468,0.16410523573847358,1.1018494399583225,2.6725709820265697,8.13493097160719,3.7509768168793958,2.0864808543891638,1.05496222974733,0.9611878093253451,0.6564209429538943,0.8674133889033603,0.11721802552748112,0.0,0.0,38.62621359223301,52.0,46.10951008645533,50.56179775280899,7.061734826777807
argentina,Primera Division,2025 / 2026,Nicolas Palavecino,22.0,M,Argentina,186.0,77.0,21,6,757.0,0.0,1.0,0.0,0.0,0,0,1,0.0,0,0.0,1.7833553500660502,0.5944517833553501,0.0,0.11889035667107001,0.11889035667107001,0.0,32.457067371202115,1.5455746367239103,2.6155878467635403,0.11889035667107001,0.35667107001321,2.9722589167767506,11.651254953764862,5.112285336856011,2.7344782034346102,0.71334214002642,1.42668428005284,0.9511228533685601,1.6644649933949802,0.11889035667107001,0.0,0.0,13.457875457875458,33.33333333333333,43.87755102040816,26.08695652173913,6.607529722589168
argentina,Primera Division,2025,Nicolas Pelaitay,33.0,M,Argentina,168.0,74.0,12,10,840.0,0.0,0.0,0.0,0.0,0,0,3,0.0,0,0.0,0.2142857142857143,0.0,0.0,0.0,0.0,0.0,24.964285714285715,0.5357142857142857,2.571428571428571,0.3214285714285714,0.75,3.3214285714285716,10.714285714285714,5.035714285714286,0.3214285714285714,0.0,0.8571428571428572,1.1785714285714286,1.607142857142857,0.3214285714285714,0.0,0.0,17.030042918454935,0.0,47.0,0.0,6.593452380952381
argentina,Primera Division,2025 / 2026,Nicolas Schelotto,19.0,M,USA,,,24,24,1852.0,3.0,4.0,0.0,0.0,0,0,9,0.0,0,0.04859611231101512,0.7775377969762419,0.38876889848812096,0.14578833693304535,0.19438444924406048,0.34017278617710583,0.14578833693304535,40.8207343412527,1.8952483801295896,1.8466522678185744,0.14578833693304535,1.1177105831533478,2.964362850971922,9.476241900647947,5.005399568034558,1.0691144708423326,0.2915766738660907,1.1177105831533478,1.9438444924406046,1.4578833693304538,0.4373650107991361,0.0,0.0,32.63690476190476,50.0,52.820512820512825,27.27272727272727,7.214470842332614
argentina,Primera Division,2025 / 2026,Nicolas Watson,27.0,M,Argentina,,,37,28,2568.0,0.0,0.0,0.0,2.0,0,0,10,0.0,1,0.0,0.38551401869158874,0.07009345794392523,0.0,0.0,0.0,0.0,33.820093457943926,0.6658878504672897,2.873831775700934,0.24532710280373832,0.7359813084112149,3.609813084112149,13.00233644859813,7.429906542056075,0.9813084112149533,0.4205607476635514,1.4719626168224298,3.0490654205607473,2.2429906542056073,0.35046728971962615,0.0,0.035046728971962614,28.335751295336788,18.181818181818183,57.14285714285714,42.857142857142854,6.819711725749903
argentina,Primera Division,2025 / 2026,Nicolás Benegas,29.0,F,Argentina,186.0,86.0,44,17,1846.0,5.0,3.0,0.0,0.0,0,0,13,0.0,0,0.4875406283856988,1.5601300108342362,0.6338028169014085,0.2437703141928494,0.14626218851570966,0.39003250270855905,0.2437703141928494,23.35319609967497,1.267605633802817,1.1213434452871072,0.5362946912242686,0.14626218851570966,1.267605633802817,20.62296858071506,6.971830985915492,3.217768147345612,1.2188515709642471,0.2925243770314193,1.1213434452871072,3.754062838569881,0.6338028169014085,0.0,0.0,7.807933194154488,40.625,33.80614657210402,37.878787878787875,6.748156182212582
argentina,Primera Division,2026,Nicolás Blanco,18.0,D,Argentina,,,0,0,0.0,0.0,0.0,0.0,0.0,0,0,0,0.0,0,,,,,,,,,,,,,,,,,,,,,,,,,,,,
argentina,Primera Division,2025,Nicolás Blandi,35.0,F,Argentina,181.0,78.0,2,0,31.0,1.0,0.0,0.0,0.0,0,0,0,0.0,0,0.0,2.903225806451613,2.903225806451613,2.903225806451613,0.0,2.903225806451613,2.903225806451613,11.612903225806452,0.0,0.0,0.0,0.0,0.0,8.709677419354838,2.903225806451613,0.0,0.0,0.0,2.903225806451613,0.0,0.0,0.0,0.0,3.0,100.0,33.33333333333333,,6.887096774193548
argentina,Primera Division,2025 / 2026,Nicolás Bolcato,21.0,G,,,,18,17,1633.0,0.0,0.0,0.0,0.0,0,0,1,0.0,0,0.0,0.0,0.0,0.0,0.0,0.0,0.0,23.25780771586038,0.0,0.0,0.0,0.05511328842620943,0.05511328842620943,0.9920391916717697,0.771586037966932,0.05511328842620943,0.05511328842620943,0.1653398652786283,0.27556644213104714,0.0,0.05511328842620943,0.0,0.0,10.931279620853081,,77.77777777777779,100.0,6.924188609920392
argentina,Primera Division,2025 / 2026,Nicolás Caro Torres,30.0,D,Argentina,192.0,,10,9,848.0,0.0,0.0,0.0,0.0,0,0,1,0.0,0,0.0,0.0,0.0,0.0,0.0,0.0,0.0,13.903301886792454,0.2122641509433962,0.8490566037735848,0.5306603773584906,0.7429245283018868,1.5919811320754718,7.7476415094339615,3.92688679245283,0.31839622641509435,0.1061320754716981,0.31839622641509435,0.4245283018867924,0.955188679245283,0.1061320754716981,0.0,0.0,12.778625954198473,,50.68493150684932,33.33333333333333,7.062617924528302
argentina,Primera Division,2025,Nicolás Castro,35.0,M,Argentina,181.0,79.0,4,3,259.0,1.0,0.0,0.0,0.0,0,0,1,0.0,0,0.0,1.7374517374517373,0.3474903474903475,0.3474903474903475,0.0,0.3474903474903475,0.3474903474903475,26.40926640926641,0.694980694980695,4.1698841698841695,1.0424710424710424,0.0,4.1698841698841695,14.247104247104247,7.992277992277993,1.7374517374517373,0.694980694980695,1.7374517374517373,2.0849420849420848,1.0424710424710424,0.3474903474903475,0.0,0.0,14.631578947368421,20.0,56.09756097560976,40.0,7.245945945945945
argentina,Primera Division,2025,Nicolás Cláa,21.0,G,Argentina,188.0,78.0,0,0,0.0,0.0,0.0,0.0,0.0,0,0,0,0.0,0,,,,,,,,,,,,,,,,,,,,,,,,,,,,
argentina,Primera Division,2025 / 2026,Nicolás Colazo,35.0,D,Argentina,178.0,71.0,6,2,142.0,0.0,0.0,0.0,0.0,0,0,0,0.0,0,0.0,0.6338028169014085,0.0,0.0,0.0,0.0,0.0,29.788732394366196,2.535211267605634,3.1690140845070425,0.0,0.6338028169014085,3.8028169014084505,8.23943661971831,5.070422535211268,0.6338028169014085,0.6338028169014085,0.0,0.6338028169014085,0.6338028169014085,0.0,0.0,0.0,8.404255319148936,0.0,61.53846153846154,100.0,6.76056338028169
argentina,Primera Division,2025 / 2026,Nicolás Cordero,26.0,F,Argentina,184.0,78.0,25,20,1616.0,1.0,0.0,0.0,0.0,0,0,1,0.0,0,0.556930693069307,1.8378712871287128,0.6126237623762376,0.055693069306930694,0.0,0.055693069306930694,0.055693069306930694,21.051980198019802,1.1695544554455446,1.2252475247524752,0.11138613861386139,0.2784653465346535,1.5037128712871288,18.490099009900987,9.356435643564357,0.724009900990099,0.3341584158415841,0.44554455445544555,0.8910891089108911,1.8378712871287128,0.055693069306930694,0.0,0.0,13.537037037037036,33.33333333333333,50.602409638554214,46.15384615384615,6.69585396039604
argentina,Primera Division,2025 / 2026,Nicolás Demartini,26.0,D,Argentina,,,38,37,3447.0,1.0,1.0,0.0,0.0,0,0,12,0.0,0,0.026109660574412535,0.0783289817232376,0.05221932114882507,0.026109660574412535,0.026109660574412535,0.05221932114882507,0.026109660574412535,27.911227154046998,0.2610966057441253,2.2193211488250655,0.3655352480417755,1.5926892950391645,3.8120104438642297,6.736292428198433,3.446475195822454,0.3394255874673629,0.05221932114882507,0.4960835509138381,0.2349869451697128,1.6187989556135771,0.3133159268929504,0.0,0.0,25.57623947614593,66.66666666666666,51.162790697674424,15.384615384615385,6.679750507687844
argentina,Primera Division,2025,Nicolás Fernández,27.0,M,Uruguay,180.0,78.0,29,28,2318.0,2.0,3.0,0.0,0.0,0,0,15,0.0,0,0.07765314926660916,1.3977566867989646,0.4659188955996548,0.07765314926660916,0.1164797238999137,0.19413287316652286,0.07765314926660916,35.914581535806725,1.4365832614322693,2.4072476272648835,0.07765314926660916,1.3201035375323555,3.7273511647972386,15.80241587575496,7.842968075927524,2.7566867989646244,1.2424503882657465,0.8541846419327006,1.3201035375323555,2.174288179465056,0.5823986194995686,0.0,0.0,28.203243243243243,33.33333333333333,49.631449631449634,45.07042253521127,6.883951682484901
argentina,Primera Division,2025 / 2026,Nicolás Fernández,29.0,F,Argentina,166.0,73.0,51,38,3281.0,14.0,5.0,1.0,0.0,1,1,4,0.0,0,0.5760438890582139,2.0847302651630604,1.097226455348979,0.38402925937214266,0.13715330691862238,0.5211825662907651,0.35659859798841814,19.750076196281622,0.9326424870466321,0.7680585187442853,0.0,0.19201462968607133,0.9600731484303566,8.229198415117342,3.264248704663212,1.3441024078024992,0.6857665345931119,0.35659859798841814,0.8503505028954587,1.097226455348979,0.10972264553489788,0.0,0.0,13.318055555555556,52.63157894736842,39.666666666666664,51.02040816326531,6.836056080463273
argentina,Primera Division,2025 / 2026,Nicolás Figal,31.0,D,Argentina,184.0,75.0,6,6,527.0,0.0,0.0,0.0,0.0,0,0,0,0.0,0,0.0,0.5123339658444023,0.17077798861480076,0.0,0.0,0.0,0.0,51.574952561669825,0.0,1.537001897533207,0.17077798861480076,1.7077798861480076,3.2447817836812147,6.148007590132828,4.098671726755218,0.3415559772296015,0.17077798861480076,0.5123339658444023,0.5123339658444023,0.0,0.0,0.0,0.0,45.82119205298013,33.33333333333333,66.66666666666666,50.0,7.172485768500949
argentina,Primera Division,2025 / 2026,Nicolás Freire,31.0,D,Argentina,186.0,80.0,11,6,591.0,1.0,0.0,0.0,0.0,0,0,2,0.0,0,0.0,0.45685279187817257,0.45685279187817257,0.15228426395939085,0.0,0.15228426395939085,0.15228426395939085,54.670050761421315,0.15228426395939085,0.6091370558375634,0.3045685279187817,1.5228426395939085,2.1319796954314723,6.85279187817259,3.8071065989847717,0.0,0.0,0.3045685279187817,0.0,1.2182741116751268,0.3045685279187817,0.0,0.0,56.16201117318436,100.0,55.55555555555556,,6.876610169491526
argentina,Primera Division,2025,Nicolás Garayalde,26.0,M,Argentina,182.0,76.0,18,12,958.0,1.0,0.0,0.0,0.0,0,0,7,0.0,0,0.0,1.1273486430062631,0.3757828810020876,0.0939457202505219,0.0,0.0939457202505219,0.0939457202505219,41.71189979123174,0.1878914405010438,4.509394572025053,0.4697286012526096,1.4091858037578289,5.918580375782881,12.494780793319416,6.482254697286012,0.0939457202505219,0.0939457202505219,1.7849686847599167,0.7515657620041752,2.6304801670146136,0.6576200417536534,0.0,0.0,26.39864864864865,33.33333333333333,51.8796992481203,100.0,6.77839248434238
argentina,Primera Division,2025 / 2026,Nicolás Goitea,28.0,D,Argentina,185.0,,16,11,1176.0,0.0,0.0,0.0,0.0,0,0,1,0.0,0,0.07653061224489796,0.15306122448979592,0.0,0.0,0.0,0.0,0.0,30.38265306122449,0.15306122448979592,0.9183673469387754,0.6887755102040816,0.4591836734693877,1.3775510204081631,6.505102040816326,3.5204081632653064,0.22959183673469385,0.15306122448979592,0.07653061224489796,0.5357142857142857,0.6887755102040816,0.07653061224489796,0.0,0.0,25.91183879093199,0.0,54.11764705882353,66.66666666666666,6.529081632653061
argentina,Primera Division,2026,Nicolás Guerra,26.0,F,Chile,174.0,70.0,13,5,472.0,1.0,0.0,0.0,0.0,0,0,4,0.0,0,0.1906779661016949,1.5254237288135593,0.5720338983050848,0.1906779661016949,0.0,0.1906779661016949,0.1906779661016949,16.016949152542374,0.7627118644067796,1.1440677966101696,0.0,0.3813559322033898,1.5254237288135593,14.872881355932204,4.385593220338984,2.669491525423729,0.3813559322033898,0.7627118644067796,1.3347457627118644,3.4322033898305087,0.7627118644067796,0.0,0.0,7.392857142857143,37.5,29.48717948717949,14.285714285714285,6.466949152542373
argentina,Primera Division,2025 / 2026,Nicolás Laméndola,27.0,M,Argentina,178.0,69.0,40,28,2322.0,4.0,4.0,3.0,0.0,0,0,12,0.0,0,0.3488372093023256,0.9302325581395349,0.3875968992248062,0.15503875968992248,0.15503875968992248,0.31007751937984496,0.15503875968992248,24.418604651162788,1.7054263565891472,2.6744186046511627,0.11627906976744186,0.46511627906976744,3.13953488372093,15.193798449612403,6.937984496124031,4.728682170542635,2.1705426356589146,0.9302325581395349,1.4728682170542635,1.744186046511628,0.46511627906976744,0.0,0.0,13.874603174603175,41.66666666666667,45.66326530612245,45.90163934426229,6.8242894056847545
argentina,Primera Division,2026,Nicolás Linares,29.0,M,Argentina,175.0,72.0,7,7,577.0,0.0,0.0,0.0,0.0,0,0,2,0.0,0,0.0,0.3119584055459272,0.3119584055459272,0.0,0.0,0.0,0.0,34.00346620450606,0.1559792027729636,2.027729636048527,0.3119584055459272,1.559792027729636,3.587521663778163,9.358752166377815,3.743500866551127,0.6239168110918544,0.46793760831889086,1.8717504332755635,0.3119584055459272,2.027729636048527,0.3119584055459272,0.0,0.0,24.76605504587156,100.0,40.0,75.0,6.681975736568457
argentina,Primera Division,2025 / 2026,Nicolás Meriano,25.0,D,Argentina,190.0,83.0,32,24,2033.0,0.0,0.0,0.0,3.0,0,0,7,0.0,2,0.044269552385636984,0.4426955238563699,0.044269552385636984,0.0,0.0,0.0,0.0,29.926217412690605,0.08853910477127397,2.169208066896213,0.6640432857845548,2.2134776192818495,4.382685686178062,8.809640924741762,4.692572552877521,0.13280865715691095,0.044269552385636984,0.3984259714707329,0.3098868666994589,1.1952779144121988,0.3098868666994589,0.0,0.08853910477127397,20.701183431952664,10.0,53.266331658291456,33.33333333333333,6.523523622047244
argentina,Primera Division,2025 / 2026,Nicolás Morgantini,31.0,D,Argentina,178.0,70.0,9,6,633.0,0.0,0.0,0.0,0.0,0,0,1,0.0,0,0.0,0.14218009478672985,0.14218009478672985,0.0,0.0,0.0,0.0,41.65876777251185,0.0,1.4218009478672984,0.4265402843601896,1.1374407582938388,2.559241706161137,6.540284360189573,2.9857819905213274,0.7109004739336492,0.2843601895734597,0.5687203791469194,0.4265402843601896,1.4218009478672984,0.14218009478672985,0.0,0.0,36.15699658703072,100.0,45.65217391304348,40.0,6.839336492890994
argentina,Primera Division,2026,Nicolás Morro,28.0,D,,,,0,0,0.0,0.0,0.0,0.0,0.0,0,0,0,0.0,0,,,,,,,,,,,,,,,,,,,,,,,,,,,,
argentina,Primera Division,2025,Nicolás Orsini,31.0,F,Argentina,187.0,80.0,20,6,693.0,1.0,1.0,0.0,0.0,0,0,3,0.0,0,0.2597402597402597,1.5584415584415585,0.6493506493506493,0.12987012987012986,0.12987012987012986,0.2597402597402597,0.12987012987012986,17.792207792207794,0.5194805194805194,0.5194805194805194,0.0,0.12987012987012986,0.6493506493506493,13.246753246753247,5.194805194805195,0.7792207792207793,0.12987012987012986,0.2597402597402597,0.9090909090909092,1.948051948051948,0.38961038961038963,0.0,0.0,7.153846153846154,41.66666666666667,39.21568627450981,16.666666666666664,6.505050505050505
argentina,Primera Division,2026,Nicolás Pasquini,34.0,D,Argentina,172.0,76.0,6,5,449.0,1.0,0.0,0.0,0.0,0,0,0,0.0,0,0.0,0.40089086859688194,0.20044543429844097,0.20044543429844097,0.0,0.20044543429844097,0.20044543429844097,25.857461024498885,0.20044543429844097,1.0022271714922049,0.0,0.20044543429844097,1.2026726057906458,3.4075723830734965,1.6035634743875278,0.6013363028953229,0.20044543429844097,0.6013363028953229,0.0,0.20044543429844097,0.0,0.0,0.0,22.573643410852714,50.0,47.05882352941176,33.33333333333333,6.363474387527839
argentina,Primera Division,2025 / 2026,Nicolás Paz,23.0,D,Argentina,,,13,8,481.0,0.0,0.0,0.0,0.0,0,0,1,0.0,0,0.0,0.18711018711018712,0.0,0.0,0.0,0.0,0.0,36.2993762993763,0.37422037422037424,2.4324324324324325,0.9355509355509356,1.30977130977131,3.7422037422037424,7.484407484407485,4.116424116424117,1.1226611226611227,0.5613305613305614,0.9355509355509356,0.0,0.5613305613305614,0.18711018711018712,0.0,0.0,20.849740932642487,0.0,55.00000000000001,50.0,6.754469854469854
argentina,Primera Division,2025,Nicolás Quagliata,26.0,F,Uruguay,170.0,62.0,10,4,448.0,0.0,1.0,0.0,0.0,0,0,0,0.0,0,0.20089285714285712,1.2053571428571428,0.40178571428571425,0.0,0.20089285714285712,0.20089285714285712,0.0,43.794642857142854,2.4107142857142856,1.607142857142857,0.0,0.6026785714285714,2.2098214285714284,8.638392857142858,4.419642857142857,2.8125,1.2053571428571428,0.6026785714285714,0.8035714285714285,0.40178571428571425,0.0,0.0,0.0,21.706422018348626,33.33333333333333,51.162790697674424,42.857142857142854,7.076116071428571
argentina,Primera Division,2025 / 2026,Nicolás Retamar,26.0,F,Argentina,,,40,19,1946.0,5.0,5.0,0.0,0.0,0,0,4,0.0,0,0.5549845837615621,1.2949640287769786,0.7399794450154162,0.23124357656731756,0.23124357656731756,0.4624871531346351,0.23124357656731756,24.928057553956833,0.7399794450154162,1.7574511819116136,0.09249743062692703,0.6474820143884893,2.4049331963001026,10.452209660842755,4.393627954779034,1.8961973278520041,0.9249743062692702,1.0637204522096608,0.6474820143884893,0.9712230215827339,0.18499486125385406,0.0,0.0,12.157992565055762,57.14285714285714,42.0353982300885,48.78048780487805,6.70694087403599
argentina,Primera Division,2026,Nicolás Romano,26.0,F,Argentina,170.0,,0,0,0.0,0.0,0.0,0.0,0.0,0,0,0,0.0,0,,,,,,,,,,,,,,,,,,,,,,,,,,,,
argentina,Primera Division,2025 / 2026,Nicolás Sansotre,32.0,D,Argentina,,,43,43,3872.0,1.0,3.0,0.0,0.0,0,0,4,0.0,0,0.02324380165289256,0.2556818181818182,0.09297520661157024,0.02324380165289256,0.06973140495867769,0.09297520661157024,0.02324380165289256,18.106921487603305,0.5113636363636364,1.4643595041322315,0.23243801652892562,0.743801652892562,2.2081611570247937,5.973657024793388,3.1611570247933884,0.41838842975206614,0.20919421487603307,0.6043388429752067,0.16270661157024793,0.7205578512396693,0.09297520661157024,0.0,0.0,11.510911424903723,36.36363636363637,52.918287937743195,50.0,6.765444214876033
argentina,Primera Division,2025,Nicolás Stefanelli,31.0,F,Argentina,166.0,72.0,5,0,76.0,0.0,0.0,0.0,0.0,0,0,0,0.0,0,0.0,1.1842105263157894,0.0,0.0,0.0,0.0,0.0,35.526315789473685,0.0,0.0,0.0,1.1842105263157894,1.1842105263157894,11.842105263157894,3.552631578947368,0.0,0.0,1.1842105263157894,3.552631578947368,1.1842105263157894,0.0,0.0,0.0,6.533333333333333,0.0,30.0,,6.261333333333334
argentina,Primera Division,2026,Nicolás Sumavil,26.0,G,Argentina,186.0,85.0,0,0,0.0,0.0,0.0,0.0,0.0,0,0,0,0.0,0,,,,,,,,,,,,,,,,,,,,,,,,,,,,
argentina,Primera Division,2026,Nicolás Talpone,29.0,M,Argentina,165.0,63.0,13,8,710.0,0.0,0.0,0.0,0.0,0,0,0,0.0,0,0.0,1.267605633802817,0.2535211267605634,0.0,0.0,0.0,0.0,44.74647887323944,1.7746478873239437,1.7746478873239437,0.2535211267605634,0.6338028169014085,2.408450704225352,9.0,3.5492957746478875,1.52112676056338,0.76056338028169,1.1408450704225352,0.8873239436619719,1.0140845070422535,0.0,0.0,0.0,35.79603399433428,20.0,39.436619718309856,50.0,6.836901408450704
argentina,Primera Division,2025 / 2026,Nicolás Tripichio,29.0,M,Argentina,176.0,70.0,48,47,4039.0,2.0,0.0,0.0,0.0,0,0,11,0.0,0,0.022282743253280515,0.7576132706115375,0.17826194602624412,0.04456548650656103,0.0,0.04456548650656103,0.04456548650656103,37.390443179004706,0.5793513245852934,2.6293637038871007,0.11141371626640258,1.381530081703392,4.0108937855904925,12.166377816291162,6.239168110918544,1.7603367170091606,0.8467442436246595,1.3592473384501114,1.336964595196831,1.3146818519435504,0.24511017578608565,0.0,0.0,32.11263408820024,23.52941176470588,51.28205128205128,48.10126582278481,6.786902698687793
argentina,Primera Division,2025 / 2026,Nicolás Zalazar,28.0,D,Argentina,182.0,83.0,36,34,3038.0,1.0,2.0,0.0,0.0,0,0,8,0.0,2,0.0,0.6221198156682028,0.2073732718894009,0.029624753127057275,0.05924950625411455,0.08887425938117183,0.029624753127057275,38.54180381830151,0.4147465437788018,1.6886109282422646,0.7109940750493746,1.3331138907175775,3.021724818959842,9.065174456879525,5.599078341013825,0.5036208031599737,0.29624753127057274,0.44437129690585914,0.740618828176432,1.1257406188281764,0.2369980250164582,0.0,0.05924950625411455,33.06994619523444,33.33333333333333,61.76470588235294,58.82352941176471,7.042678100263853
argentina,Primera Division,2025 / 2026,Norberto Briasco,29.0,F,Armenia,179.0,82.0,31,13,1321.0,1.0,0.0,0.0,0.0,0,0,7,0.0,0,0.6131718395155186,1.3626040878122634,0.6131718395155186,0.06813020439061317,0.0,0.06813020439061317,0.06813020439061317,20.370931112793336,0.6813020439061317,1.4307342922028767,0.27252081756245267,0.4769114307342922,1.9076457229371688,16.07872823618471,6.88115064345193,1.8395155185465555,0.6813020439061317,0.6131718395155186,2.384557153671461,1.975775927327782,0.4769114307342922,0.0,0.0,12.297658862876254,45.0,42.79661016949153,37.03703703703704,6.498258894776684
argentina,Primera Division,2025 / 2026,Néstor Breitenbruch,30.0,D,Argentina,178.0,76.0,18,18,1654.0,0.0,0.0,0.0,0.0,0,0,4,0.0,0,0.054413542926239414,0.5985489721886336,0.21765417170495766,0.0,0.0,0.0,0.0,35.31438935912938,0.21765417170495766,1.7412333736396612,0.9794437726723096,0.4897218863361548,2.2309552599758162,7.4002418379685615,4.897218863361548,0.4897218863361548,0.2720677146311971,0.4353083434099153,0.2720677146311971,0.8706166868198306,0.21765417170495766,0.0,0.0,35.21879815100154,36.36363636363637,66.17647058823529,55.55555555555556,6.940810157194679
argentina,Primera Division,2025,Octavio Ontivero,19.0,D,Argentina,,,1,1,77.0,0.0,0.0,0.0,0.0,0,0,0,0.0,0,0.0,0.0,0.0,0.0,0.0,0.0,0.0,22.207792207792206,1.168831168831169,1.168831168831169,0.0,3.5064935064935066,4.675324675324676,10.519480519480519,2.337662337662338,3.5064935064935066,0.0,1.168831168831169,0.0,2.337662337662338,0.0,0.0,0.0,14.0,,22.22222222222222,0.0,6.699999999999999
argentina,Primera Division,2025 / 2026,Orlando Gil,25.0,G,Paraguay,,,49,49,4520.0,0.0,0.0,0.0,0.0,0,0,2,0.0,0,0.0,0.0,0.0,0.0,0.0,0.0,0.0,23.256637168141594,0.03982300884955752,0.01991150442477876,0.0,0.01991150442477876,0.03982300884955752,0.5176991150442478,0.39823008849557523,0.01991150442477876,0.01991150442477876,0.07964601769911504,0.17920353982300885,0.0,0.03982300884955752,0.0,0.0,11.642979452054794,,76.92307692307693,100.0,7.032256637168142
argentina,Primera Division,2026,Oscar Cortés,22.0,M,Colombia,176.0,74.0,16,14,1122.0,1.0,4.0,0.0,0.0,0,0,2,0.0,0,0.24064171122994651,1.0427807486631016,0.48128342245989303,0.08021390374331551,0.32085561497326204,0.40106951871657753,0.08021390374331551,26.791443850267378,1.5240641711229945,1.1229946524064172,0.08021390374331551,0.48128342245989303,1.6042780748663101,11.711229946524064,4.652406417112299,4.973262032085562,2.5668449197860963,0.5614973262032086,0.32085561497326204,0.8823529411764706,0.16042780748663102,0.0,0.0,19.077844311377245,46.15384615384615,39.726027397260275,51.61290322580645,6.747326203208556
argentina,Primera Division,2025 / 2026,Oscar Salomón,26.0,D,Argentina,181.0,72.0,43,42,3742.0,3.0,1.0,0.0,2.0,0,0,10,0.0,0,0.0,0.5291288081239979,0.19241047568145375,0.07215392838054517,0.02405130946018172,0.09620523784072688,0.07215392838054517,30.97808658471406,0.19241047568145375,2.3810796365579905,0.6734366648850882,1.6835916622127203,4.064671298770711,9.187600213789418,6.30144307856761,0.26456440406199894,0.04810261892036344,0.26456440406199894,1.1544628540887227,0.6493853554249065,0.24051309460181722,0.0,0.0,31.757763975155278,36.36363636363637,68.58638743455498,18.181818181818183,7.056760374832664
argentina,Primera Division,2026,Osmar Gimenez,18.0,M,Paraguay,,,0,0,0.0,0.0,0.0,0.0,0.0,0,0,0,0.0,0,,,,,,,,,,,,,,,,,,,,,,,,,,,,
argentina,Primera Division,2025 / 2026,Pablo Aguiar,19.0,M,,,,9,2,216.0,0.0,0.0,0.0,0.0,0,0,0,0.0,0,0.0,0.0,0.0,0.0,0.0,0.0,0.0,27.500000000000004,0.0,1.6666666666666665,0.0,0.41666666666666663,2.083333333333333,9.166666666666666,3.333333333333333,0.41666666666666663,0.0,1.25,0.41666666666666663,1.6666666666666665,0.0,0.0,0.0,11.0625,,36.36363636363637,0.0,6.44212962962963
argentina,Primera Division,2025,Pablo Altamirano,20.0,M,Argentina,,,2,0,21.0,0.0,0.0,0.0,0.0,0,0,0,0.0,0,0.0,0.0,0.0,0.0,0.0,0.0,0.0,55.714285714285715,0.0,0.0,0.0,0.0,0.0,8.571428571428571,0.0,0.0,0.0,0.0,0.0,8.571428571428571,0.0,0.0,0.0,5.076923076923077,,0.0,,6.2
argentina,Primera Division,2025 / 2026,Pablo Daniel Magnin,35.0,F,Argentina,177.0,71.0,17,9,814.0,3.0,0.0,0.0,0.0,1,0,1,0.0,0,0.773955773955774,1.2162162162162162,0.6633906633906634,0.3316953316953317,0.0,0.3316953316953317,0.22113022113022113,15.7002457002457,0.44226044226044225,0.773955773955774,0.22113022113022113,0.11056511056511056,0.8845208845208845,7.96068796068796,3.2063882063882065,0.8845208845208845,0.22113022113022113,0.22113022113022113,1.3267813267813269,1.2162162162162162,0.11056511056511056,0.0,0.0,8.535211267605634,54.54545454545454,40.27777777777778,25.0,6.803813038130381
argentina,Primera Division,2025,Pablo De Blasis,37.0,M,Argentina,165.0,65.0,12,8,704.0,1.0,0.0,0.0,0.0,1,0,3,0.0,0,0.0,0.38352272727272724,0.1278409090909091,0.1278409090909091,0.0,0.1278409090909091,0.0,47.42897727272727,0.8948863636363636,3.1960227272727275,0.1278409090909091,1.6619318181818183,4.857954545454546,14.19034090909091,6.392045454545455,1.6619318181818183,0.5113636363636364,2.0454545454545454,1.2784090909090908,1.9176136363636362,0.38352272727272724,0.0,0.0,34.513513513513516,33.33333333333333,45.04504504504504,30.76923076923077,6.907528409090909
argentina,Primera Division,2026,Pablo Ferreira,21.0,M,Argentina,,,4,4,315.0,0.0,0.0,0.0,0.0,0,0,0,0.0,0,0.0,0.5714285714285714,0.0,0.0,0.0,0.0,0.0,41.714285714285715,0.5714285714285714,4.571428571428571,0.0,1.7142857142857144,6.285714285714286,9.714285714285715,6.0,0.8571428571428572,0.5714285714285714,0.8571428571428572,0.0,1.1428571428571428,0.0,0.0,0.0,32.32876712328767,0.0,61.76470588235294,66.66666666666666,6.906666666666666
argentina,Primera Division,2025,Pablo Galdames,29.0,M,Chile,175.0,68.0,24,9,1008.0,1.0,2.0,2.0,0.0,0,1,3,0.0,0,0.08928571428571427,0.9821428571428571,0.625,0.08928571428571427,0.17857142857142855,0.26785714285714285,0.08928571428571427,36.517857142857146,1.25,1.875,0.26785714285714285,0.7142857142857142,2.589285714285714,8.571428571428571,3.482142857142857,0.7142857142857142,0.17857142857142855,0.7142857142857142,0.9821428571428571,1.4285714285714284,0.26785714285714285,0.0,0.0,20.65036674816626,63.63636363636363,40.625,25.0,6.7699404761904765
argentina,Primera Division,2025,Pablo García,26.0,F,Uruguay,178.0,66.0,3,2,159.0,0.0,0.0,0.0,0.0,0,0,0,0.0,0,0.0,0.5660377358490566,0.5660377358490566,0.0,0.0,0.0,0.0,30.566037735849054,0.0,1.6981132075471697,0.0,0.5660377358490566,2.2641509433962264,13.018867924528301,4.528301886792453,2.830188679245283,1.6981132075471697,1.1320754716981132,0.5660377358490566,0.5660377358490566,0.0,0.0,0.0,21.87037037037037,100.0,34.78260869565217,60.0,6.581761006289308
argentina,Primera Division,2025 / 2026,Pablo Monje,28.0,M,Argentina,171.0,,35,29,2502.0,0.0,4.0,0.0,0.0,0,0,3,0.0,0,0.1079136690647482,0.2158273381294964,0.07194244604316546,0.0,0.14388489208633093,0.14388489208633093,0.0,25.899280575539567,1.2589928057553956,1.5467625899280575,0.03597122302158273,1.3669064748201438,2.9136690647482015,7.158273381294964,3.5611510791366903,0.39568345323741005,0.14388489208633093,0.8992805755395683,0.2517985611510791,1.1151079136690647,0.1079136690647482,0.0,0.0,15.901388888888889,33.33333333333333,49.74874371859296,36.36363636363637,6.925179856115108
argentina,Primera Division,2025,Pablo Solari,24.0,F,Argentina,181.0,80.0,1,0,21.0,0.0,0.0,0.0,0.0,0,0,0,0.0,0,0.0,0.0,0.0,0.0,0.0,0.0,0.0,12.857142857142856,0.0,4.285714285714286,0.0,0.0,4.285714285714286,8.571428571428571,4.285714285714286,0.0,0.0,0.0,0.0,0.0,0.0,0.0,0.0,2.0,,50.0,,6.700000000000001
argentina,Primera Division,2026,Paolo Giaccone,18.0,M,Argentina,,,0,0,0.0,0.0,0.0,0.0,0.0,0,0,0,0.0,0,,,,,,,,,,,,,,,,,,,,,,,,,,,,
argentina,Primera Division,2026,Patricio Madero,26.0,M,,,,0,0,0.0,0.0,0.0,0.0,0.0,0,0,0,0.0,0,,,,,,,,,,,,,,,,,,,,,,,,,,,,
argentina,Primera Division,2025,Patricio Pernicone,24.0,D,Argentina,183.0,77.0,3,2,221.0,0.0,0.0,0.0,0.0,0,0,0,0.0,1,0.0,0.40723981900452494,0.40723981900452494,0.0,0.0,0.0,0.0,59.04977375565611,0.0,0.8144796380090499,0.40723981900452494,0.8144796380090499,1.6289592760180998,6.108597285067873,4.072398190045249,0.40723981900452494,0.0,0.40723981900452494,0.40723981900452494,0.8144796380090499,0.0,0.0,0.40723981900452494,50.44827586206897,100.0,66.66666666666666,0.0,6.647963800904978
argentina,Primera Division,2026,Patricio Schroeder,,G,,,,0,0,0.0,0.0,0.0,0.0,0.0,0,0,0,0.0,0,,,,,,,,,,,,,,,,,,,,,,,,,,,,
argentina,Primera Division,2025,Paul Riveros,28.0,D,Paraguay,185.0,74.0,6,5,492.0,0.0,0.0,0.0,0.0,0,0,3,0.0,0,0.1829268292682927,0.0,0.0,0.0,0.0,0.0,0.0,22.317073170731707,0.0,1.4634146341463417,0.7317073170731708,1.2804878048780488,2.74390243902439,6.585365853658536,3.6585365853658534,0.0,0.0,0.0,0.5487804878048781,1.646341463414634,0.5487804878048781,0.0,0.0,21.10655737704918,,55.55555555555556,,6.777235772357724
argentina,Primera Division,2025 / 2026,Paulo Díaz,31.0,D,Chile,178.0,76.0,25,20,1855.0,1.0,1.0,0.0,0.0,0,0,5,0.0,0,0.09703504043126686,0.7762803234501349,0.29110512129380056,0.04851752021563343,0.04851752021563343,0.09703504043126686,0.04851752021563343,61.03504043126685,0.38814016172506743,0.8247978436657681,0.5822102425876011,1.0188679245283019,1.84366576819407,9.266846361185983,6.307277628032345,0.04851752021563343,0.04851752021563343,0.24258760107816713,0.8247978436657681,0.5822102425876011,0.24258760107816713,0.0,0.0,54.84737678855326,37.5,68.06282722513089,100.0,7.345929919137466
argentina,Primera Division,2025,Pedro Paillalef,19.0,D,Argentina,182.0,74.0,0,0,0.0,0.0,0.0,0.0,0.0,0,0,0,0.0,0,,,,,,,,,,,,,,,,,,,,,,,,,,,,
argentina,Primera Division,2025 / 2026,Pedro Ramírez,25.0,D,Argentina,,,39,34,2965.0,2.0,1.0,0.0,0.0,0,0,11,0.0,1,0.06070826306913997,0.5767284991568297,0.24283305227655988,0.06070826306913997,0.030354131534569985,0.09106239460370993,0.06070826306913997,18.57672849915683,0.6374367622259697,2.6711635750421587,0.27318718381112983,1.4266441821247893,4.097807757166947,12.505902192242834,5.736930860033727,2.5497470489038787,1.0927487352445193,1.0623946037099494,0.7588532883642496,1.456998313659359,0.33389544688026984,0.0,0.030354131534569985,10.910130718954248,42.10526315789473,45.87378640776699,42.857142857142854,6.837099494097807
argentina,Primera Division,2025 / 2026,Pedro Silva,28.0,D,Argentina,178.0,78.0,50,50,4344.0,0.0,2.0,1.0,1.0,0,0,4,0.0,0,0.12430939226519336,0.5386740331491713,0.18646408839779005,0.0,0.04143646408839779,0.04143646408839779,0.0,29.08839779005525,0.8908839779005525,2.133977900552486,0.35220994475138123,1.3259668508287292,3.459944751381215,7.707182320441989,4.620165745856354,1.0980662983425415,0.4558011049723757,0.8287292817679559,1.0980662983425415,0.7251381215469613,0.08287292817679558,0.0,0.0,26.168803418803417,34.61538461538461,59.946236559139784,41.509433962264154,6.983448434622467
argentina,Primera Division,2025,Pedro Souto,25.0,D,Argentina,,,15,9,765.0,0.0,2.0,0.0,0.0,0,0,2,0.0,0,0.11764705882352941,0.23529411764705882,0.11764705882352941,0.0,0.23529411764705882,0.23529411764705882,0.0,34.35294117647059,0.47058823529411764,2.4705882352941178,0.23529411764705882,0.3529411764705882,2.8235294117647056,7.647058823529412,3.647058823529412,1.4117647058823528,0.3529411764705882,0.9411764705882353,0.11764705882352941,0.5882352941176471,0.23529411764705882,0.0,0.0,22.095890410958905,50.0,47.69230769230769,25.0,6.736745406824147
argentina,Primera Division,2025 / 2026,Pol Fernández,34.0,M,Argentina,180.0,74.0,24,14,1394.0,0.0,1.0,0.0,0.0,0,0,8,0.0,0,0.1291248206599713,0.19368723098995694,0.19368723098995694,0.0,0.06456241032998565,0.06456241032998565,0.0,53.199426111908174,1.6140602582496413,1.0975609756097562,0.19368723098995694,0.6456241032998565,1.7431850789096126,5.552367288378766,3.292682926829268,1.0329985652797704,0.5810616929698709,0.32281205164992827,0.9684361549497849,0.6456241032998565,0.5164992826398852,0.0,0.0,40.06189320388349,100.0,59.30232558139535,56.25,6.774964131994261
argentina,Primera Division,2025 / 2026,Rafael Barrios,32.0,D,Argentina,178.0,76.0,37,25,2266.0,0.0,0.0,0.0,0.0,0,0,9,0.0,0,0.0794351279788173,0.2780229479258606,0.0,0.0,0.0,0.0,0.0,22.83759929390997,0.3574580759046778,1.9064430714916154,0.1588702559576346,0.7943512797881729,2.700794351279788,10.167696381288614,4.964695498676081,1.827007943512798,0.8737864077669902,0.9929390997352163,0.913503971756399,1.5887025595763458,0.3574580759046778,0.0,0.0,14.13438045375218,0.0,48.828125,47.82608695652174,6.646330680813439
argentina,Primera Division,2025,Rafael Delgado,35.0,D,Argentina,175.0,78.0,21,18,1719.0,2.0,0.0,0.0,0.0,0,0,4,0.0,1,0.0,0.418848167539267,0.10471204188481675,0.10471204188481675,0.0,0.10471204188481675,0.10471204188481675,56.75392670157068,0.418848167539267,1.9371727748691099,0.5235602094240838,1.1518324607329842,3.089005235602094,9.947643979057592,5.602094240837697,0.5759162303664921,0.31413612565445026,0.7853403141361257,1.0471204188481675,0.9424083769633509,0.2094240837696335,0.0,0.05235602094240838,53.753690036900366,25.0,56.315789473684205,54.54545454545454,7.0795811518324605
argentina,Primera Division,2025 / 2026,Rafael Profini,22.0,D,Argentina,184.0,75.0,35,28,2391.0,1.0,6.0,1.0,0.0,0,0,6,0.0,0,0.0,0.6775407779171895,0.33877038895859474,0.037641154328732745,0.22584692597239647,0.26348808030112925,0.037641154328732745,42.8732747804266,1.317440401505646,1.9573400250941029,0.15056461731493098,0.8281053952321205,2.7854454203262233,10.01254705144291,5.420326223337516,1.2045169385194479,0.752823086574655,0.8657465495608533,1.1668757841907154,1.355081555834379,0.22584692597239647,0.0,0.0,32.90254609306409,50.0,54.13533834586466,62.5,7.03331938049393
argentina,Primera Division,2025 / 2026,Ramiro Carrera,32.0,M,Argentina,182.0,70.0,38,34,2724.0,3.0,4.0,1.0,0.0,0,0,16,0.0,0,0.2643171806167401,1.486784140969163,0.5947136563876653,0.09911894273127754,0.13215859030837004,0.23127753303964757,0.09911894273127754,34.559471365638764,0.7599118942731278,1.6519823788546255,0.6277533039647577,0.5616740088105727,2.2136563876651985,12.62114537444934,6.442731277533039,1.0572687224669604,0.5286343612334802,1.090308370044053,1.3876651982378854,1.420704845814978,0.5286343612334802,0.0,0.0,22.79923518164436,40.0,51.047120418848166,50.0,6.901982378854625
argentina,Primera Division,2025,Ramiro Degregorio,22.0,F,Argentina,169.0,66.0,9,2,238.0,0.0,0.0,0.0,0.0,0,0,0,0.0,0,0.0,2.26890756302521,1.134453781512605,0.0,0.0,0.0,0.0,17.39495798319328,0.37815126050420167,1.5126050420168067,0.0,0.7563025210084033,2.26890756302521,13.23529411764706,6.428571428571428,3.403361344537815,1.5126050420168067,1.134453781512605,2.6470588235294117,1.134453781512605,0.0,0.0,0.0,7.173913043478261,50.0,48.57142857142857,44.44444444444444,6.563983050847457
argentina,Primera Division,2025,Ramiro Di Luciano,21.0,D,Argentina,164.0,59.0,16,13,1137.0,0.0,2.0,0.0,1.0,0,0,2,0.0,0,0.0,0.395778364116095,0.158311345646438,0.0,0.158311345646438,0.158311345646438,0.0,22.005277044854882,0.712401055408971,1.5039577836411608,0.47493403693931396,1.5039577836411608,3.0079155672823217,11.160949868073878,6.649076517150396,2.4538258575197887,0.9498680738786279,0.554089709762533,2.532981530343008,0.8707124010554089,0.158311345646438,0.0,0.0,15.032374100719425,40.0,59.57446808510638,38.70967741935484,6.8623570800351805
argentina,Primera Division,2025 / 2026,Ramiro Funes Mori,34.0,D,Argentina,186.0,79.0,11,10,784.0,0.0,0.0,0.0,0.0,0,0,3,0.0,0,0.11479591836734693,0.11479591836734693,0.11479591836734693,0.0,0.0,0.0,0.0,55.10204081632653,0.11479591836734693,1.3775510204081631,0.5739795918367347,1.3775510204081631,2.7551020408163263,8.60969387755102,4.706632653061225,0.4591836734693877,0.11479591836734693,0.4591836734693877,0.3443877551020408,1.0331632653061225,0.3443877551020408,0.0,0.0,44.37916666666667,100.0,54.666666666666664,25.0,6.992219387755101
argentina,Primera Division,2025 / 2026,Ramiro Hernandes,21.0,M,Argentina,,,25,5,910.0,2.0,0.0,0.0,0.0,0,0,5,0.0,0,0.0,1.2857142857142856,0.5934065934065934,0.1978021978021978,0.0,0.1978021978021978,0.1978021978021978,40.94505494505494,1.1868131868131868,2.571428571428571,0.0,0.8901098901098901,3.4615384615384617,14.934065934065934,6.428571428571428,5.043956043956044,2.076923076923077,0.8901098901098901,0.989010989010989,1.4835164835164836,0.4945054945054945,0.0,0.0,20.306763285024154,46.15384615384615,43.04635761589404,41.17647058823529,6.93923076923077
argentina,Primera Division,2026,Ramiro Macagno,28.0,G,Argentina,185.0,77.0,1,1,14.0,0.0,0.0,0.0,0.0,0,0,0,0.0,0,0.0,0.0,0.0,0.0,0.0,0.0,0.0,12.857142857142856,0.0,0.0,0.0,0.0,0.0,0.0,0.0,0.0,0.0,0.0,0.0,0.0,0.0,0.0,0.0,,,,,6.2
argentina,Primera Division,2025 / 2026,Ramiro Paunero,20.0,D,Argentina,,,0,0,0.0,0.0,0.0,0.0,0.0,0,0,0,0.0,0,,,,,,,,,,,,,,,,,,,,,,,,,,,,
argentina,Primera Division,2025,Ramiro Pedroza,18.0,D,Argentina,,,0,0,0.0,0.0,0.0,0.0,0.0,0,0,0,0.0,0,,,,,,,,,,,,,,,,,,,,,,,,,,,,
argentina,Primera Division,2025 / 2026,Ramiro Ruiz Rodríguez,25.0,F,Argentina,,,32,14,1430.0,2.0,4.0,0.0,0.0,0,0,1,0.0,0,0.7552447552447552,1.8881118881118881,0.8811188811188811,0.1258741258741259,0.2517482517482518,0.3776223776223776,0.1258741258741259,20.202797202797203,1.4475524475524475,1.132867132867133,0.06293706293706294,0.4405594405594406,1.5734265734265735,12.902097902097902,6.167832167832168,2.5804195804195804,0.8811188811188811,0.7552447552447552,0.6293706293706294,0.8181818181818181,0.06293706293706294,0.0,0.0,8.58125,46.666666666666664,47.80487804878049,34.146341463414636,6.814965034965036
argentina,Primera Division,2026,Ramiro Tulián,17.0,M,Argentina,,,3,0,45.0,1.0,0.0,0.0,0.0,0,0,0,0.0,0,0.0,6.0,4.0,2.0,0.0,2.0,2.0,22.0,2.0,6.0,0.0,0.0,6.0,12.0,6.0,2.0,0.0,0.0,0.0,2.0,0.0,0.0,0.0,3.4545454545454546,66.66666666666666,50.0,0.0,7.444444444444445
argentina,Primera Division,2025,Ramiro Vitale,18.0,F,Argentina,,,0,0,0.0,0.0,0.0,0.0,0.0,0,0,0,0.0,0,,,,,,,,,,,,,,,,,,,,,,,,,,,,
argentina,Primera Division,2025 / 2026,Ramón Arias,33.0,D,Uruguay,181.0,82.0,22,13,1175.0,0.0,0.0,0.0,0.0,0,0,2,0.0,2,0.07659574468085106,0.2297872340425532,0.07659574468085106,0.0,0.0,0.0,0.0,29.79574468085106,0.30638297872340425,1.225531914893617,0.5361702127659574,2.068085106382979,3.293617021276596,10.953191489361702,5.897872340425532,0.15319148936170213,0.07659574468085106,0.6893617021276596,0.8425531914893618,1.9148936170212765,0.15319148936170213,0.0,0.15319148936170213,26.348837209302324,33.33333333333333,53.84615384615385,50.0,6.712702472293265
argentina,Primera Division,2025 / 2026,Ramón González,23.0,F,Argentina,180.0,,1,0,8.0,0.0,0.0,0.0,0.0,0,0,0,0.0,0,0.0,0.0,0.0,0.0,0.0,0.0,0.0,33.75,0.0,0.0,0.0,0.0,0.0,11.25,11.25,0.0,0.0,0.0,0.0,0.0,0.0,0.0,0.0,,,100.0,,6.5
argentina,Primera Division,2025 / 2026,Ramón Ábila,36.0,F,Argentina,175.0,84.0,22,1,507.0,0.0,0.0,0.0,0.0,0,0,4,0.0,0,2.840236686390533,0.5325443786982248,0.3550295857988166,0.0,0.0,0.0,0.0,18.106508875739646,0.8875739644970414,0.1775147928994083,0.0,0.0,0.1775147928994083,7.810650887573964,3.5502958579881656,1.242603550295858,0.7100591715976332,0.3550295857988166,1.4201183431952664,0.3550295857988166,0.7100591715976332,0.0,0.0,4.141414141414141,66.66666666666666,45.45454545454545,57.14285714285714,6.4409090909090905
argentina,Primera Division,2025,Randall Rodriguez,22.0,G,Uruguay,188.0,78.0,1,1,90.0,0.0,0.0,0.0,0.0,0,0,0,0.0,0,0.0,0.0,0.0,0.0,0.0,0.0,0.0,25.0,0.0,0.0,0.0,0.0,0.0,1.0,1.0,0.0,0.0,0.0,0.0,0.0,0.0,0.0,0.0,13.0,,100.0,,5.9
argentina,Primera Division,2025,Raúl Cabral,20.0,M,Argentina,182.0,77.0,0,0,0.0,0.0,0.0,0.0,0.0,0,0,0,0.0,0,,,,,,,,,,,,,,,,,,,,,,,,,,,,
argentina,Primera Division,2025 / 2026,Raúl Lozano,28.0,D,Argentina,179.0,78.0,14,11,931.0,0.0,1.0,0.0,0.0,0,0,0,0.0,1,0.0,0.19334049409237378,0.0,0.0,0.09667024704618689,0.09667024704618689,0.0,30.16111707841031,0.6766917293233082,1.7400644468313642,0.09667024704618689,1.3533834586466165,3.0934479054779804,10.343716433941998,4.930182599355532,2.5134264232008596,1.3533834586466165,0.7733619763694951,1.3533834586466165,1.4500537056928036,0.0,0.0,0.09667024704618689,24.772435897435898,0.0,47.66355140186916,53.84615384615385,6.553168635875402
argentina,Primera Division,2026,Renzo Bacchia,26.0,G,Uruguay,187.0,85.0,4,4,368.0,0.0,0.0,0.0,1.0,0,0,1,0.0,0,0.0,0.0,0.0,0.0,0.0,0.0,0.0,22.255434782608695,0.24456521739130435,0.0,0.0,0.0,0.0,0.4891304347826087,0.24456521739130435,0.0,0.0,0.0,0.0,0.24456521739130435,0.24456521739130435,0.0,0.0,10.32967032967033,,50.0,,6.860326086956522
argentina,Primera Division,2025 / 2026,Renzo Giampaoli,25.0,D,Argentina,188.0,78.0,41,34,3046.0,0.0,0.0,0.0,2.0,0,0,8,0.0,0,0.0,0.325016414970453,0.02954694681549573,0.0,0.0,0.0,0.0,33.38804990151018,0.14773473407747867,1.9500984898227185,1.0341431385423507,1.300065659881812,3.250164149704531,9.661851608667105,6.263952724885096,0.11818778726198292,0.11818778726198292,0.41365725541694026,0.6204858831254104,0.7977675640183848,0.23637557452396585,0.0,0.0,32.991150442477874,9.090909090909092,64.83180428134557,100.0,7.050230718523402
argentina,Primera Division,2025 / 2026,Renzo Orihuela,24.0,D,Uruguay,183.0,74.0,27,22,2150.0,0.0,0.0,0.0,0.0,0,0,9,0.0,0,0.08372093023255814,0.2930232558139535,0.20930232558139533,0.0,0.0,0.0,0.0,28.213953488372095,0.20930232558139533,1.7581395348837208,0.586046511627907,1.255813953488372,3.0139534883720933,9.711627906976744,5.3999999999999995,0.5441860465116278,0.20930232558139533,0.7534883720930233,0.9627906976744186,1.0465116279069768,0.37674418604651166,0.0,0.0,27.645645645645647,71.42857142857143,55.603448275862064,38.46153846153847,6.837395348837209
argentina,Primera Division,2025 / 2026,Renzo Tesuri,29.0,M,Argentina,166.0,60.0,22,20,1539.0,2.0,1.0,0.0,0.0,0,0,4,0.0,0,0.0,1.1111111111111112,0.4093567251461988,0.11695906432748537,0.05847953216374269,0.17543859649122806,0.11695906432748537,22.105263157894736,0.9941520467836257,1.6959064327485378,0.05847953216374269,0.23391812865497075,1.9298245614035086,9.532163742690058,4.093567251461988,1.2280701754385963,0.29239766081871343,1.286549707602339,1.5789473684210527,0.6432748538011696,0.23391812865497075,0.0,0.0,16.01058201058201,36.84210526315789,42.944785276073624,23.809523809523807,6.666861598440547
argentina,Primera Division,2025,Richard Sánchez,29.0,M,Paraguay,176.0,74.0,9,5,459.0,0.0,0.0,0.0,0.0,0,0,0,0.0,0,0.0,0.7843137254901962,0.19607843137254904,0.0,0.0,0.0,0.0,46.47058823529412,1.9607843137254903,0.9803921568627452,0.19607843137254904,0.3921568627450981,1.3725490196078431,3.9215686274509807,2.3529411764705883,0.7843137254901962,0.5882352941176471,0.7843137254901962,0.19607843137254904,0.19607843137254904,0.0,0.0,0.0,28.248945147679326,25.0,60.0,75.0,6.938427947598254
argentina,Primera Division,2025 / 2026,Rick,26.0,F,Brazil,,,41,30,2476.0,3.0,1.0,0.0,0.0,0,0,6,0.0,0,0.327140549273021,1.890145395799677,0.9450726978998385,0.10904684975767366,0.036348949919224556,0.14539579967689822,0.10904684975767366,19.483037156704363,1.1268174474959614,1.235864297253635,0.036348949919224556,0.39983844911147015,1.635702746365105,13.376413570274636,5.670436187399031,3.525848142164782,1.5993537964458806,0.5815831987075929,1.7084006462035541,1.381260096930533,0.21809369951534732,0.0,0.0,12.117977528089888,50.0,42.391304347826086,45.36082474226804,6.802988691437803
argentina,Primera Division,2025 / 2026,Roberto Bochi,38.0,M,Argentina,175.0,68.0,39,34,2923.0,0.0,1.0,0.0,1.0,0,0,14,0.0,0,0.0,0.15395141977420457,0.06158056790968183,0.0,0.030790283954840916,0.030790283954840916,0.0,32.91481354772494,0.4002736914129319,2.2169004447485463,0.369483407458091,1.447143345877523,3.6640437906260694,8.251796099897366,3.9719466301744784,0.4002736914129319,0.21553198768388643,0.8005473828258638,0.43106397536777286,1.6318850496065687,0.43106397536777286,0.0,0.0,25.95977549111319,40.0,48.134328358208954,53.84615384615385,6.680875812521382
argentina,Primera Division,2025,Roberto Leon,24.0,G,Argentina,187.0,80.0,0,0,0.0,0.0,0.0,0.0,0.0,0,0,0,0.0,0,,,,,,,,,,,,,,,,,,,,,,,,,,,,
argentina,Primera Division,2025,Roberto Ramírez,29.0,G,Argentina,182.0,75.0,0,0,0.0,0.0,0.0,0.0,0.0,0,0,0,0.0,0,,,,,,,,,,,,,,,,,,,,,,,,,,,,
argentina,Primera Division,2025 / 2026,Rodrigo Aliendro,34.0,M,Argentina,178.0,74.0,41,22,2221.0,1.0,1.0,0.0,0.0,0,0,4,0.0,1,0.040522287257991896,0.8914903196758217,0.24313372354795137,0.040522287257991896,0.040522287257991896,0.08104457451598379,0.040522287257991896,45.060783430886985,0.6483565961278703,3.890139576767222,0.4052228725799189,1.2967131922557407,5.186852769022963,14.263845114813147,7.131922557406574,1.4588023412877082,0.6483565961278703,1.945069788383611,1.3372354795137325,1.4588023412877082,0.16208914903196758,0.0,0.040522287257991896,33.2886690647482,27.27272727272727,50.0,44.44444444444444,6.923412877082395
argentina,Primera Division,2026,Rodrigo Atencio,23.0,F,Argentina,175.0,68.0,16,5,693.0,0.0,4.0,0.0,0.0,0,0,0,0.0,0,0.12987012987012986,0.9090909090909092,0.12987012987012986,0.0,0.5194805194805194,0.5194805194805194,0.0,36.23376623376623,1.948051948051948,1.0389610389610389,0.0,0.12987012987012986,1.168831168831169,10.779220779220779,4.675324675324676,3.116883116883117,1.948051948051948,0.6493506493506493,1.168831168831169,1.0389610389610389,0.0,0.0,0.0,26.29749103942652,14.285714285714285,43.373493975903614,62.5,6.773837209302325
argentina,Primera Division,2025 / 2026,Rodrigo Auzmendi,24.0,F,Argentina,191.0,,29,17,1647.0,8.0,2.0,0.0,0.0,0,0,5,0.0,0,0.43715846994535523,2.4043715846994536,1.4207650273224044,0.43715846994535523,0.10928961748633881,0.5464480874316939,0.43715846994535523,19.672131147540984,0.819672131147541,0.7650273224043715,0.27322404371584696,0.32786885245901637,1.0928961748633879,14.262295081967213,6.612021857923497,1.0928961748633879,0.3825136612021858,0.16393442622950818,1.4207650273224044,1.2568306010928962,0.27322404371584696,0.0,0.0,9.608333333333333,59.09090909090909,46.36015325670498,35.0,6.924347298117791
argentina,Primera Division,2025,Rodrigo Battaglia,34.0,M,Argentina,188.0,79.0,29,23,2246.0,4.0,0.0,0.0,0.0,0,0,6,0.0,0,0.0,0.7212822796081922,0.3205699020480855,0.16028495102404275,0.0,0.16028495102404275,0.16028495102404275,54.85752448797862,0.20035618878005343,1.7631344612644702,0.44078361531611754,0.5609973285841496,2.32413178984862,10.298308103294747,6.010685663401603,0.2404274265360641,0.12021371326803205,0.4808548530721282,1.4024933214603739,1.0819234194122884,0.2404274265360641,0.0,0.0,51.1140350877193,44.44444444444444,58.36575875486382,50.0,7.161658493089612
argentina,Primera Division,2026,Rodrigo Bogarín,28.0,M,Paraguay,180.0,79.0,5,1,177.0,0.0,0.0,0.0,0.0,0,0,0,0.0,0,0.0,3.0508474576271185,1.5254237288135593,0.0,0.0,0.0,0.0,49.32203389830508,1.5254237288135593,0.0,0.5084745762711864,1.0169491525423728,1.0169491525423728,6.610169491525424,2.542372881355932,2.0338983050847457,1.5254237288135593,1.5254237288135593,0.5084745762711864,0.5084745762711864,0.0,0.0,0.0,23.237113402061855,50.0,38.46153846153847,75.0,6.788700564971751
argentina,Primera Division,2025 / 2026,Rodrigo Borzone,21.0,G,Argentina,,82.0,0,0,0.0,0.0,0.0,0.0,0.0,0,0,0,0.0,0,,,,,,,,,,,,,,,,,,,,,,,,,,,,
argentina,Primera Division,2025,Rodrigo Cabral,25.0,F,Argentina,174.0,72.0,18,11,756.0,1.0,1.0,0.0,0.0,0,0,5,0.0,0,0.3571428571428571,1.4285714285714284,0.47619047619047616,0.11904761904761904,0.11904761904761904,0.23809523809523808,0.11904761904761904,19.285714285714285,0.9523809523809523,2.380952380952381,0.0,0.9523809523809523,3.333333333333333,13.333333333333332,7.738095238095237,1.5476190476190474,0.5952380952380952,0.7142857142857142,3.9285714285714284,1.6666666666666665,0.5952380952380952,0.0,0.0,10.666666666666666,33.33333333333333,58.03571428571429,38.46153846153847,6.808211920529801
argentina,Primera Division,2025,Rodrigo Caseres,28.0,D,Argentina,,,24,21,1948.0,0.0,0.0,0.0,0.0,0,0,6,0.0,0,0.23100616016427103,0.6930184804928131,0.13860369609856263,0.0,0.0,0.0,0.0,26.24229979466119,0.23100616016427103,0.87782340862423,0.6930184804928131,1.339835728952772,2.217659137577002,9.00924024640657,5.590349075975359,0.23100616016427103,0.18480492813141686,0.27720739219712526,0.32340862422997946,1.108829568788501,0.27720739219712526,0.0,0.0,25.295774647887324,20.0,62.05128205128205,80.0,7.0186501803194234
argentina,Primera Division,2025 / 2026,Rodrigo Castillo,26.0,F,Argentina,,,37,29,2685.0,12.0,4.0,0.0,0.0,0,0,3,0.0,1,0.3687150837988827,1.5754189944134078,0.8379888268156425,0.40223463687150834,0.1340782122905028,0.5363128491620112,0.40223463687150834,22.659217877094974,0.9720670391061453,0.9050279329608938,0.16759776536312848,0.3016759776536313,1.2067039106145252,16.122905027932962,6.670391061452515,1.8100558659217876,0.7039106145251397,0.3016759776536313,1.3407821229050279,1.7094972067039107,0.10055865921787709,0.0,0.0335195530726257,15.219259259259259,53.191489361702125,41.37214137214137,38.88888888888889,7.005102420856611
argentina,Primera Division,2025 / 2026,Rodrigo Fernández,29.0,M,Uruguay,172.0,74.0,33,17,1716.0,0.0,0.0,0.0,0.0,0,0,9,0.0,1,0.0,0.5769230769230769,0.1048951048951049,0.0,0.0,0.0,0.0,43.05944055944056,0.4195804195804196,2.0454545454545454,0.26223776223776224,1.2062937062937062,3.2517482517482517,10.489510489510488,5.1923076923076925,1.4685314685314685,0.6293706293706294,0.8391608391608392,0.9440559440559441,1.7307692307692308,0.47202797202797203,0.0,0.05244755244755245,30.496954933008528,18.181818181818183,49.5,42.857142857142854,6.873976608187134
argentina,Primera Division,2025,Rodrigo Fumiz,18.0,D,,,,0,0,0.0,0.0,0.0,0.0,0.0,0,0,0,0.0,0,,,,,,,,,,,,,,,,,,,,,,,,,,,,
argentina,Primera Division,2025 / 2026,Rodrigo Gallo,25.0,D,Argentina,178.0,74.0,20,16,1295.0,0.0,1.0,0.0,1.0,0,0,8,0.0,0,0.0,0.0,0.0,0.0,0.0694980694980695,0.0694980694980695,0.0,21.683397683397683,0.833976833976834,1.4594594594594597,0.2084942084942085,1.38996138996139,2.849420849420849,6.880308880308879,3.2664092664092665,0.2084942084942085,0.2084942084942085,0.694980694980695,0.277992277992278,1.111969111969112,0.555984555984556,0.0,0.0,11.099358974358974,,47.474747474747474,100.0,6.850810810810811
argentina,Primera Division,2025 / 2026,Rodrigo Gonzalez,25.0,D,Argentina,175.0,,38,26,2575.0,0.0,1.0,0.0,0.0,0,0,4,0.0,1,0.03495145631067961,0.3844660194174757,0.13980582524271845,0.0,0.03495145631067961,0.03495145631067961,0.0,30.128155339805826,1.0135922330097087,2.796116504854369,0.3844660194174757,0.8038834951456311,3.6,10.974757281553398,5.557281553398059,2.2718446601941746,1.1883495145631067,0.7689320388349514,0.6640776699029126,1.153398058252427,0.13980582524271845,0.0,0.03495145631067961,20.96511627906977,36.36363636363637,50.63694267515923,52.307692307692314,6.730757281553398
argentina,Primera Division,2025 / 2026,Rodrigo Guth,25.0,D,Brazil,191.0,80.0,6,5,425.0,0.0,0.0,0.0,0.0,0,0,1,0.0,0,0.0,0.4235294117647058,0.0,0.0,0.0,0.0,0.0,52.51764705882353,0.2117647058823529,0.8470588235294116,0.8470588235294116,0.6352941176470589,1.4823529411764707,5.5058823529411764,1.9058823529411764,0.0,0.0,0.2117647058823529,0.2117647058823529,1.0588235294117647,0.2117647058823529,0.0,0.0,56.33467741935484,0.0,34.61538461538461,,6.694588235294118
argentina,Primera Division,2025 / 2026,Rodrigo Herrera,25.0,M,Argentina,,,43,39,3106.0,0.0,2.0,1.0,0.0,0,0,12,0.0,1,0.028976175144880875,0.5505473277527366,0.05795235028976175,0.0,0.05795235028976175,0.05795235028976175,0.0,30.04829362524147,0.6374758531873793,3.1873792659368965,0.20283322601416612,1.0141661300708307,4.2015453960077265,13.126207340631037,6.693496458467482,0.927237604636188,0.463618802318094,0.927237604636188,0.8692852543464263,2.2601416613007084,0.34771410173857054,0.0,0.028976175144880875,22.642237222757956,10.526315789473683,50.993377483443716,50.0,6.793657437218287
argentina,Primera Division,2025 / 2026,Rodrigo Insúa,28.0,D,Argentina,,,47,47,4331.0,8.0,5.0,0.0,0.0,6,0,12,0.0,0,0.1454629415839298,0.9351189101824059,0.41560840452551373,0.1662433618102055,0.10390210113137843,0.2701454629415839,0.04156084045255137,26.785961671669362,0.8519972292773031,1.2883860540290926,0.10390210113137843,0.6857538674670977,1.9741399214961903,7.086123297160009,3.7820364811821747,1.267605633802817,0.4779496652043408,0.5402909258831678,0.8104363888247518,0.8727776495035788,0.24936504271530824,0.0,0.0,20.211792086889062,44.44444444444444,53.3724340175953,37.704918032786885,6.955968598476102
argentina,Primera Division,2025,Rodrigo Melo,30.0,M,Argentina,186.0,86.0,8,0,152.0,0.0,0.0,0.0,0.0,0,0,0,0.0,0,0.0,0.5921052631578947,0.5921052631578947,0.0,0.0,0.0,0.0,58.618421052631575,0.5921052631578947,0.5921052631578947,0.0,0.5921052631578947,1.1842105263157894,6.5131578947368425,1.776315789473684,0.5921052631578947,0.5921052631578947,1.1842105263157894,0.0,2.3684210526315788,0.0,0.0,0.0,16.414141414141415,100.0,27.27272727272727,100.0,6.652317880794702
argentina,Primera Division,2025 / 2026,Rodrigo Márquez,23.0,F,Argentina,179.0,71.0,9,1,218.0,0.0,0.0,0.0,0.0,0,0,0,0.0,0,0.0,0.41284403669724773,0.41284403669724773,0.0,0.0,0.0,0.0,33.853211009174316,2.4770642201834865,1.2385321100917432,0.0,1.2385321100917432,2.4770642201834865,13.211009174311927,4.954128440366973,3.7155963302752295,1.2385321100917432,0.8256880733944955,1.651376146788991,2.889908256880734,0.0,0.0,0.0,9.268292682926829,100.0,37.5,33.33333333333333,6.4036697247706424
argentina,Primera Division,2026,Rodrigo Piñeiro,26.0,F,Uruguay,175.0,66.0,0,0,0.0,0.0,0.0,0.0,0.0,0,0,0,0.0,0,,,,,,,,,,,,,,,,,,,,,,,,,,,,
argentina,Primera Division,2025 / 2026,Rodrigo Rey,34.0,G,Argentina,190.0,76.0,52,52,4801.0,0.0,0.0,0.0,1.0,0,0,3,0.0,0,0.0,0.0,0.0,0.0,0.0,0.0,0.0,24.66986044574047,0.018746094563632576,0.05623828369089773,0.0,0.0,0.05623828369089773,0.5811289314726098,0.5061445532180795,0.018746094563632576,0.018746094563632576,0.03749218912726515,0.2999375130181212,0.03749218912726515,0.05623828369089773,0.0,0.0,17.88905775075988,,87.09677419354838,100.0,6.987481774630286
argentina,Primera Division,2025,Rodrigo Saravia,25.0,M,Uruguay,173.0,72.0,7,6,501.0,0.0,0.0,0.0,0.0,0,0,1,0.0,0,0.0,0.0,0.0,0.0,0.0,0.0,0.0,42.395209580838326,0.35928143712574845,1.9760479041916168,0.17964071856287422,1.6167664670658681,3.592814371257485,7.724550898203593,3.413173652694611,0.5389221556886228,0.35928143712574845,1.2574850299401197,0.35928143712574845,1.7964071856287425,0.17964071856287422,0.0,0.0,38.06382978723404,,44.18604651162791,66.66666666666666,6.542315369261477
argentina,Primera Division,2025 / 2026,Rodrigo Sayavedra,30.0,F,Argentina,,,17,6,673.0,0.0,0.0,0.0,0.0,0,0,4,0.0,0,0.0,0.0,0.0,0.0,0.0,0.0,0.0,18.588410104011885,0.8023774145616641,1.6047548291233282,0.2674591381872214,0.8023774145616641,2.4071322436849925,8.826151560178307,4.546805349182764,1.2035661218424962,0.9361069836552749,1.7384843982169391,1.0698365527488856,1.2035661218424962,0.5349182763744428,0.0,0.0,7.671532846715328,,51.515151515151516,77.77777777777779,6.748125937031484
argentina,Primera Division,2025,Romeo Benítez,23.0,M,Paraguay,170.0,57.0,0,0,0.0,0.0,0.0,0.0,0.0,0,0,0,0.0,0,,,,,,,,,,,,,,,,,,,,,,,,,,,,
argentina,Primera Division,2025,Román Gómez,21.0,D,Argentina,,,21,18,1596.0,1.0,0.0,0.0,0.0,0,0,3,0.0,0,0.05639097744360902,0.3383458646616541,0.16917293233082706,0.05639097744360902,0.0,0.05639097744360902,0.05639097744360902,31.8609022556391,0.5639097744360901,2.537593984962406,0.05639097744360902,1.6917293233082706,4.2293233082706765,9.981203007518797,5.526315789473684,1.8609022556390977,0.8458646616541353,0.28195488721804507,0.6766917293233082,1.2969924812030074,0.16917293233082706,0.0,0.0,26.842477876106194,50.0,55.367231638418076,45.45454545454545,6.8466165413533835
argentina,Primera Division,2025 / 2026,Román Riquelme,23.0,D,Argentina,184.0,75.0,18,14,1438.0,1.0,2.0,0.0,0.0,0,0,7,0.0,0,0.12517385257301808,0.6258692628650905,0.18776077885952713,0.06258692628650904,0.12517385257301808,0.18776077885952713,0.06258692628650904,61.21001390820584,0.25034770514603616,1.251738525730181,0.7510431154381085,1.376912378303199,2.6286509040333796,9.200278164116828,5.382475660639777,0.8136300417246176,0.37552155771905427,0.5006954102920723,0.8136300417246176,0.9388038942976357,0.4381084840055633,0.0,0.0,60.10122699386503,30.0,58.50340136054422,46.15384615384615,7.275312934631432
argentina,Primera Division,2025,Román Vega,21.0,D,Argentina,177.0,74.0,14,9,896.0,1.0,1.0,0.0,0.0,0,0,4,0.0,0,0.0,0.6026785714285714,0.3013392857142857,0.10044642857142856,0.10044642857142856,0.20089285714285712,0.10044642857142856,43.995535714285715,1.1049107142857142,1.607142857142857,0.0,0.5022321428571429,2.109375,8.337053571428571,4.319196428571429,2.4107142857142856,1.40625,0.8035714285714285,0.703125,1.0044642857142858,0.40178571428571425,0.0,0.0,32.50456621004566,50.0,51.80722891566265,58.333333333333336,7.063727678571429
argentina,Primera Division,2025 / 2026,Ronaldo Martinez,29.0,F,Paraguay,178.0,72.0,47,41,3436.0,13.0,4.0,0.0,0.0,0,0,4,0.0,0,0.4190919674039581,2.0954598370197908,1.10011641443539,0.340512223515716,0.10477299185098952,0.44528521536670546,0.340512223515716,20.849825378346914,0.8905704307334109,0.5238649592549477,0.07857974388824214,0.18335273573923166,0.7072176949941793,15.008731082654249,7.072176949941793,1.309662398137369,0.5238649592549477,0.4190919674039581,0.9429569266589057,0.969150174621653,0.10477299185098952,0.0,0.0,12.561557788944723,52.5,47.12041884816754,40.0,6.9617287543655415
argentina,Primera Division,2025 / 2026,Ronaldo de Jesus Lopez,24.0,D,Paraguay,190.0,90.0,25,20,1874.0,0.0,0.0,0.0,0.0,0,0,5,0.0,0,0.048025613660619,0.7203842049092849,0.096051227321238,0.0,0.0,0.0,0.0,45.432230522945574,0.288153681963714,1.0085378868729988,0.43223052294557096,1.1045891141942368,2.113127001067236,8.260405549626467,5.042689434364995,0.576307363927428,0.528281750266809,0.288153681963714,0.48025613660619,0.768409818569904,0.240128068303095,0.0,0.0,41.16173361522199,13.333333333333334,61.04651162790697,91.66666666666666,7.118907337975362
argentina,Primera Division,2025,Rubén Bentancourt,32.0,F,Uruguay,184.0,80.0,9,1,236.0,0.0,0.0,0.0,0.0,0,0,0,0.0,0,0.7627118644067796,3.0508474576271185,1.1440677966101696,0.0,0.0,0.0,0.0,17.923728813559322,1.5254237288135593,1.5254237288135593,0.0,0.3813559322033898,1.906779661016949,12.584745762711863,6.864406779661017,1.1440677966101696,0.3813559322033898,0.0,1.906779661016949,0.7627118644067796,0.0,0.0,0.0,6.723404255319149,37.5,54.54545454545454,33.33333333333333,6.526694915254237
argentina,Primera Division,2025 / 2026,Rubén Botta,35.0,F,Argentina,175.0,65.0,36,28,2137.0,1.0,4.0,0.0,0.0,0,1,9,0.0,1,0.3369209171736079,1.1792232101076274,0.42115114646700985,0.04211511464670099,0.16846045858680395,0.21057557323350493,0.04211511464670099,34.74496958352831,2.3163313055685544,1.4740290126345343,0.04211511464670099,0.5474964904071128,2.021525503041647,11.034160037435658,5.053813757604118,2.611137108095461,1.1792232101076274,0.9686476368741226,2.021525503041647,1.2213383247543286,0.37903603182030887,0.0,0.04211511464670099,24.344660194174757,35.714285714285715,45.80152671755725,45.16129032258064,6.937342068320074
argentina,Primera Division,2025,Rubén Martínez,21.0,M,Argentina,,,0,0,0.0,0.0,0.0,0.0,0.0,0,0,0,0.0,0,,,,,,,,,,,,,,,,,,,,,,,,,,,,
argentina,Primera Division,2026,Ryoga Kida,20.0,F,,,,4,0,82.0,1.0,0.0,0.0,0.0,0,0,0,0.0,0,1.0975609756097562,2.1951219512195124,1.0975609756097562,1.0975609756097562,0.0,1.0975609756097562,1.0975609756097562,19.75609756097561,0.0,0.0,0.0,0.0,0.0,8.78048780487805,1.0975609756097562,3.292682926829268,0.0,0.0,0.0,3.292682926829268,0.0,0.0,0.0,7.823529411764706,50.0,12.5,0.0,6.667073170731708
argentina,Primera Division,2026,Ryoga Kida,20.0,F,Japan,176.0,68.0,1,0,27.0,0.0,0.0,0.0,0.0,0,0,0,0.0,0,0.0,3.333333333333333,3.333333333333333,0.0,0.0,0.0,0.0,20.0,0.0,0.0,0.0,0.0,0.0,0.0,0.0,0.0,0.0,0.0,0.0,0.0,0.0,0.0,0.0,5.0,100.0,,,6.3
argentina,Primera Division,2025,Samuel Beltran,21.0,M,Argentina,,,0,0,0.0,0.0,0.0,0.0,0.0,0,0,0,0.0,0,,,,,,,,,,,,,,,,,,,,,,,,,,,,
argentina,Primera Division,2026,Santiago Arias,33.0,D,Colombia,178.0,72.0,13,9,943.0,0.0,2.0,0.0,0.0,0,0,1,0.0,0,0.0,0.09544008483563098,0.0,0.0,0.19088016967126195,0.19088016967126195,0.0,37.22163308589607,0.47720042417815484,2.576882290562036,0.2863202545068929,1.5270413573700956,4.103923647932131,8.398727465535526,5.249204665959703,0.5726405090137858,0.09544008483563098,0.47720042417815484,2.0042417815482505,0.6680805938494168,0.09544008483563098,0.0,0.0,25.943589743589744,0.0,62.5,16.666666666666664,6.749946977730647
argentina,Primera Division,2025,Santiago Arzamendia,27.0,D,Paraguay,172.0,72.0,31,28,2533.0,2.0,0.0,0.0,0.0,0,0,10,0.0,1,0.07106198183971575,1.0303987366758784,0.39084090011843664,0.07106198183971575,0.0,0.07106198183971575,0.07106198183971575,43.38333991314647,0.8527437820765891,2.273983418870904,0.21318594551914727,1.3146466640347414,3.5886300829056457,8.705092775365179,4.619028819581524,0.568495854717726,0.3197789182787209,0.9238057639163049,0.35530990919857874,1.421239636794315,0.35530990919857874,0.0,0.035530990919857876,37.82377049180328,37.93103448275862,53.06122448979592,56.25,7.012396367943151
argentina,Primera Division,2025 / 2026,Santiago Ascacíbar,28.0,M,Argentina,168.0,70.0,47,43,3916.0,5.0,3.0,0.0,0.0,0,0,14,0.0,0,0.04596527068437181,0.7814096016343207,0.4366700715015322,0.11491317671092952,0.0689479060265577,0.18386108273748725,0.11491317671092952,44.47139938712972,0.8503575076608784,2.4821246169560776,0.11491317671092952,1.1261491317671093,3.608273748723187,10.594994892747701,5.423901940755873,0.7584269662921348,0.32175689479060265,1.195097037793667,1.4249233912155261,1.2870275791624106,0.32175689479060265,0.0,0.0,39.42687338501292,55.88235294117647,51.19305856832972,42.42424242424242,6.953907048008172
argentina,Primera Division,2025,Santiago Barrera,22.0,F,Argentina,184.0,,6,0,186.0,1.0,0.0,0.0,0.0,0,0,1,0.0,0,0.4838709677419355,1.4516129032258065,0.967741935483871,0.4838709677419355,0.0,0.4838709677419355,0.4838709677419355,10.645161290322582,0.0,0.0,0.4838709677419355,0.0,0.0,12.096774193548386,3.3870967741935485,1.935483870967742,1.4516129032258065,0.4838709677419355,1.935483870967742,2.903225806451613,0.4838709677419355,0.0,0.0,2.9047619047619047,66.66666666666666,28.000000000000004,75.0,6.644086021505376
argentina,Primera Division,2025 / 2026,Santiago Beltrán,21.0,G,Argentina,189.0,82.0,20,19,1808.0,0.0,0.0,0.0,0.0,0,0,0,0.0,0,0.0,0.0,0.0,0.0,0.0,0.0,0.0,18.96570796460177,0.0,0.09955752212389381,0.0,0.0,0.09955752212389381,0.39823008849557523,0.39823008849557523,0.0,0.0,0.0,0.09955752212389381,0.0,0.0,0.0,0.0,14.501312335958005,,100.0,,6.949059734513274
argentina,Primera Division,2026,Santiago Cena,20.0,D,,,,0,0,0.0,0.0,0.0,0.0,0.0,0,0,0,0.0,0,,,,,,,,,,,,,,,,,,,,,,,,,,,,
argentina,Primera Division,2025,Santiago Correa,19.0,G,Argentina,190.0,82.0,0,0,0.0,0.0,0.0,0.0,0.0,0,0,0,0.0,0,,,,,,,,,,,,,,,,,,,,,,,,,,,,
argentina,Primera Division,2025 / 2026,Santiago Dalmasso,21.0,M,Argentina,181.0,73.0,7,0,151.0,0.0,0.0,0.0,0.0,0,0,2,0.0,0,0.0,1.1920529801324504,1.1920529801324504,0.0,0.0,0.0,0.0,49.47019867549669,0.0,1.1920529801324504,0.5960264900662252,0.0,1.1920529801324504,12.516556291390728,5.960264900662252,1.7880794701986755,1.1920529801324504,1.1920529801324504,0.5960264900662252,2.384105960264901,1.1920529801324504,0.0,0.0,19.987951807228917,100.0,47.61904761904761,66.66666666666666,6.637086092715232
argentina,Primera Division,2025 / 2026,Santiago Daniele,20.0,D,Argentina,183.0,72.0,11,4,539.0,0.0,1.0,0.0,0.0,0,0,2,0.0,0,0.0,0.3339517625231911,0.0,0.0,0.16697588126159554,0.16697588126159554,0.0,21.038961038961038,0.16697588126159554,2.8385899814471243,0.6679035250463822,2.170686456400742,5.009276437847866,9.684601113172542,6.34508348794063,0.5009276437847866,0.3339517625231911,0.6679035250463822,0.8348794063079777,1.3358070500927643,0.3339517625231911,0.0,0.0,13.89344262295082,0.0,65.51724137931035,66.66666666666666,6.904089219330856
argentina,Primera Division,2025 / 2026,Santiago Esquivel,21.0,M,Argentina,,,28,20,1611.0,0.0,0.0,0.0,0.0,0,0,8,0.0,1,0.0,0.2793296089385475,0.055865921787709494,0.0,0.0,0.0,0.0,32.960893854748605,0.7262569832402235,2.458100558659218,0.055865921787709494,0.8938547486033519,3.35195530726257,12.458100558659217,5.251396648044693,1.1731843575418994,0.44692737430167595,1.229050279329609,0.9497206703910613,1.7877094972067038,0.44692737430167595,0.0,0.055865921787709494,20.41186440677966,20.0,42.152466367713004,38.095238095238095,6.62836747361887
argentina,Primera Division,2026,Santiago Ferez,20.0,G,Argentina,,,0,0,0.0,0.0,0.0,0.0,0.0,0,0,0,0.0,0,,,,,,,,,,,,,,,,,,,,,,,,,,,,
argentina,Primera Division,2025 / 2026,Santiago Fernandez,20.0,D,Argentina,179.0,75.0,28,26,2264.0,0.0,0.0,1.0,0.0,0,0,4,0.0,0,0.0,0.357773851590106,0.19876325088339222,0.0,0.0,0.0,0.0,45.715547703180206,0.0,1.5503533568904595,0.7553003533568905,1.1130742049469964,2.6634275618374557,7.234982332155477,4.015017667844523,0.39752650176678445,0.19876325088339222,0.19876325088339222,0.9938162544169612,0.6757950530035335,0.15901060070671377,0.0,0.0,45.76,55.55555555555556,55.494505494505496,50.0,6.999955830388693
argentina,Primera Division,2025,Santiago Flores,24.0,D,Argentina,184.0,74.0,3,2,180.0,0.0,0.0,0.0,0.0,0,0,0,0.0,0,0.0,0.0,0.0,0.0,0.0,0.0,0.0,37.5,0.0,1.5,1.0,0.0,1.5,9.5,3.5,0.0,0.0,0.0,0.5,0.5,0.0,0.0,0.0,25.533333333333335,,36.84210526315789,,6.05
argentina,Primera Division,2025,Santiago González,22.0,M,Argentina,183.0,85.0,24,21,1863.0,0.0,0.0,0.0,0.0,0,0,6,0.0,0,0.0,0.43478260869565216,0.0966183574879227,0.0,0.0,0.0,0.0,35.169082125603865,0.7729468599033816,2.8019323671497585,0.14492753623188406,1.0144927536231885,3.816425120772947,12.125603864734298,6.328502415458937,2.5120772946859904,1.2560386473429952,0.6763285024154589,1.2077294685990339,1.2077294685990339,0.2898550724637681,0.0,0.0,28.826923076923077,22.22222222222222,52.191235059760956,50.0,6.8044551798174995
argentina,Primera Division,2025 / 2026,Santiago Grella,20.0,M,,,,5,0,109.0,0.0,0.0,0.0,0.0,0,0,0,0.0,0,0.0,1.651376146788991,0.0,0.0,0.0,0.0,0.0,30.55045871559633,3.302752293577982,2.4770642201834865,0.0,0.0,2.4770642201834865,11.559633027522937,5.779816513761468,4.128440366972478,1.651376146788991,0.8256880733944955,0.8256880733944955,1.651376146788991,0.0,0.0,0.0,7.918918918918919,0.0,50.0,40.0,6.427522935779818
argentina,Primera Division,2025,Santiago Hidalgo,20.0,F,Argentina,174.0,71.0,10,5,542.0,0.0,0.0,0.0,0.0,0,0,2,0.0,0,0.0,1.1623616236162362,0.0,0.0,0.0,0.0,0.0,15.774907749077492,0.49815498154981547,2.3247232472324724,0.0,0.33210332103321033,2.6568265682656826,18.099630996309962,7.804428044280443,2.1586715867158675,0.16605166051660517,1.4944649446494465,3.6531365313653135,1.4944649446494465,0.33210332103321033,0.0,0.0,8.25263157894737,0.0,43.11926605504588,7.6923076923076925,6.572324723247233
argentina,Primera Division,2025,Santiago Laquidaín,24.0,D,Argentina,184.0,,4,3,290.0,0.0,0.0,0.0,0.0,0,0,0,0.0,0,0.0,0.0,0.0,0.0,0.0,0.0,0.0,36.310344827586206,0.0,0.6206896551724138,0.3103448275862069,2.4827586206896552,3.103448275862069,6.517241379310345,3.103448275862069,0.3103448275862069,0.0,0.3103448275862069,0.3103448275862069,0.9310344827586207,0.0,0.0,0.0,30.24137931034483,,47.61904761904761,0.0,6.362068965517241
argentina,Primera Division,2025 / 2026,Santiago Lencina,20.0,M,Argentina,172.0,68.0,19,10,815.0,3.0,0.0,0.0,0.0,0,0,2,0.0,0,0.11042944785276074,0.3312883435582822,0.3312883435582822,0.3312883435582822,0.0,0.3312883435582822,0.3312883435582822,43.73006134969325,2.3190184049079754,2.6503067484662575,0.0,0.5521472392638037,3.2024539877300615,9.607361963190183,4.085889570552148,1.8773006134969326,0.7730061349693252,0.5521472392638037,0.44171779141104295,1.5460122699386505,0.22085889570552147,0.0,0.0,21.045454545454547,100.0,42.5287356321839,41.17647058823529,6.896687116564418
argentina,Primera Division,2025 / 2026,Santiago Longo,27.0,M,Argentina,177.0,78.0,34,29,2412.0,0.0,0.0,0.0,0.0,0,0,6,0.0,0,0.0373134328358209,0.22388059701492538,0.0746268656716418,0.0,0.0,0.0,0.0,41.156716417910445,0.33582089552238803,3.059701492537313,0.373134328358209,1.4179104477611941,4.477611940298508,8.73134328358209,4.962686567164179,0.4850746268656716,0.26119402985074625,1.1567164179104479,0.746268656716418,1.119402985074627,0.22388059701492538,0.0,0.0,36.21758839528558,33.33333333333333,56.837606837606835,53.84615384615385,6.896268656716417
argentina,Primera Division,2025 / 2026,Santiago López,19.0,F,Argentina,,,33,23,1891.0,2.0,2.0,0.0,0.0,0,0,5,0.0,0,0.23796932839767318,0.9994711792702274,0.523532522474881,0.09518773135906927,0.09518773135906927,0.19037546271813854,0.09518773135906927,25.224748810153358,1.4278159703860394,2.4272871496562667,0.09518773135906927,0.6187202538339502,3.0460074034902167,16.181914331041778,7.1390798519301955,5.378106821787414,2.0465362242199894,0.8566895822316235,2.2845055526176625,1.9513484928609202,0.23796932839767318,0.0,0.0,15.415094339622641,52.38095238095239,44.11764705882353,38.05309734513274,6.656689582231623
argentina,Primera Division,2025 / 2026,Santiago López Garcia,28.0,D,Argentina,170.0,,41,33,3070.0,3.0,4.0,0.0,1.0,0,0,8,0.0,0,0.05863192182410424,0.5276872964169381,0.2052117263843648,0.08794788273615635,0.11726384364820848,0.2052117263843648,0.08794788273615635,29.814332247557005,0.8794788273615635,2.3452768729641695,0.26384364820846906,1.289902280130293,3.635179153094463,9.644951140065146,5.482084690553746,1.729641693811075,1.0553745928338762,0.7035830618892508,1.52442996742671,1.0553745928338762,0.23452768729641696,0.0,0.0,25.845624385447394,38.88888888888889,56.838905775075986,61.016949152542374,6.959609120521173
argentina,Primera Division,2025,Santiago Martinez,21.0,M,Argentina,175.0,,2,0,26.0,0.0,0.0,0.0,0.0,0,0,0,0.0,0,0.0,0.0,0.0,0.0,0.0,0.0,0.0,13.846153846153847,0.0,0.0,0.0,0.0,0.0,13.846153846153847,13.846153846153847,6.923076923076923,6.923076923076923,0.0,3.4615384615384617,0.0,0.0,0.0,0.0,1.0,,100.0,100.0,6.6
argentina,Primera Division,2025 / 2026,Santiago Montiel,25.0,F,Argentina,166.0,60.0,38,29,2571.0,4.0,4.0,0.0,0.0,1,0,9,0.0,2,0.07001166861143523,2.20536756126021,0.9801633605600933,0.14002333722287047,0.14002333722287047,0.28004667444574094,0.10501750291715285,22.998833138856476,1.5052508751458578,1.5752625437572927,0.0,0.45507584597432904,2.030338389731622,11.551925320886815,5.390898483080513,3.4305717619603264,1.4002333722287048,0.6301050175029171,1.9953325554259043,0.7001166861143524,0.31505250875145857,0.0,0.07001166861143523,15.246575342465754,44.44444444444444,46.666666666666664,40.816326530612244,7.011318553092181
argentina,Primera Division,2025 / 2026,Santiago Morales,24.0,D,Argentina,,,8,7,619.0,0.0,0.0,0.0,0.0,0,0,1,0.0,0,0.0,0.5815831987075929,0.14539579967689822,0.0,0.0,0.0,0.0,49.72536348949919,0.43618739903069464,2.1809369951534734,0.5815831987075929,1.5993537964458806,3.780290791599354,9.596122778675282,5.670436187399031,0.0,0.0,0.43618739903069464,0.14539579967689822,0.7269789983844911,0.14539579967689822,0.0,0.0,39.973684210526315,25.0,59.09090909090909,,7.035379644588045
argentina,Primera Division,2025 / 2026,Santiago Moya,22.0,D,Argentina,,,15,14,1287.0,2.0,1.0,0.0,2.0,0,0,5,0.0,0,0.0,0.34965034965034963,0.2097902097902098,0.13986013986013987,0.06993006993006994,0.2097902097902098,0.13986013986013987,23.706293706293707,0.34965034965034963,1.3286713286713288,0.6993006993006993,1.7482517482517481,3.076923076923077,6.853146853146853,4.335664335664336,0.34965034965034963,0.34965034965034963,0.4195804195804196,0.7692307692307693,0.9090909090909092,0.34965034965034963,0.0,0.0,19.93510324483776,60.0,63.26530612244898,100.0,6.776146076146076
argentina,Primera Division,2025 / 2026,Santiago Moyano,28.0,D,Argentina,175.0,80.0,34,29,2589.0,0.0,2.0,0.0,0.0,0,0,5,0.0,0,0.03476245654692932,0.3128621089223638,0.10428736964078794,0.0,0.06952491309385864,0.06952491309385864,0.0,32.12050984936268,0.5561993047508691,1.633835457705678,0.27809965237543455,1.2166859791425262,2.850521436848204,8.342989571263036,4.241019698725377,1.4600231749710313,1.1819235225955969,0.8690614136732329,0.5561993047508691,1.3904982618771726,0.17381228273464658,0.0,0.0,25.3474025974026,33.33333333333333,50.83333333333333,80.95238095238095,6.763113171108537
argentina,Primera Division,2025,Santiago Múñoz,26.0,F,Colombia,173.0,67.0,4,0,46.0,1.0,0.0,0.0,0.0,0,0,0,0.0,0,0.0,3.9130434782608696,1.9565217391304348,1.9565217391304348,0.0,1.9565217391304348,1.9565217391304348,21.521739130434785,0.0,1.9565217391304348,0.0,0.0,1.9565217391304348,5.869565217391304,1.9565217391304348,1.9565217391304348,0.0,0.0,0.0,0.0,0.0,0.0,0.0,6.4,50.0,33.33333333333333,0.0,6.846666666666668
argentina,Primera Division,2025 / 2026,Santiago Núñez,25.0,D,Argentina,187.0,78.0,40,34,3236.0,2.0,1.0,0.0,0.0,0,0,18,0.0,2,0.027812113720642767,0.6396786155747837,0.11124845488257107,0.055624227441285534,0.027812113720642767,0.08343634116192832,0.055624227441285534,42.46909765142151,0.19468479604449937,1.8355995055624228,1.0290482076637826,2.169344870210136,4.004944375772559,9.261433868974041,5.812731767614339,0.22249690976514214,0.19468479604449937,0.27812113720642767,0.723114956736712,1.195920889987639,0.5006180469715699,0.0,0.055624227441285534,40.405370006548786,17.391304347826086,62.76276276276276,87.5,7.1171817058096405
argentina,Primera Division,2025,Santiago Postel,22.0,D,Argentina,186.0,86.0,0,0,0.0,0.0,0.0,0.0,0.0,0,0,0,0.0,0,,,,,,,,,,,,,,,,,,,,,,,,,,,,
argentina,Primera Division,2025,Santiago Puzzo,19.0,M,Argentina,169.0,66.0,0,0,0.0,0.0,0.0,0.0,0.0,0,0,0,0.0,0,,,,,,,,,,,,,,,,,,,,,,,,,,,,
argentina,Primera Division,2025,Santiago Quiros,22.0,D,Argentina,179.0,74.0,12,10,878.0,0.0,0.0,0.0,0.0,0,0,0,0.0,0,0.0,0.0,0.0,0.0,0.0,0.0,0.0,40.07972665148064,0.20501138952164008,0.6150341685649203,0.30751708428246016,1.742596810933941,2.357630979498861,4.202733485193622,1.9476082004555808,0.5125284738041003,0.20501138952164008,0.7175398633257404,0.30751708428246016,0.20501138952164008,0.0,0.0,0.0,34.710997442455245,,46.34146341463415,40.0,6.7688356164383565
argentina,Primera Division,2025 / 2026,Santiago Rodríguez,28.0,F,Argentina,171.0,73.0,31,10,1216.0,1.0,2.0,0.0,0.0,0,0,1,0.0,0,0.3700657894736842,1.4802631578947367,0.7401315789473684,0.07401315789473684,0.14802631578947367,0.2220394736842105,0.07401315789473684,22.57401315789474,0.962171052631579,1.1842105263157894,0.0,0.14802631578947367,1.332236842105263,11.546052631578949,4.292763157894737,3.182565789473684,1.1101973684210527,0.444078947368421,1.4802631578947367,1.1842105263157894,0.07401315789473684,0.0,0.0,9.424342105263158,50.0,37.17948717948718,34.883720930232556,6.611266447368421
argentina,Primera Division,2026,Santiago Roggero,24.0,G,Argentina,,,0,0,0.0,0.0,0.0,0.0,0.0,0,0,0,0.0,0,,,,,,,,,,,,,,,,,,,,,,,,,,,,
argentina,Primera Division,2025 / 2026,Santiago Salle,21.0,M,Argentina,,,34,20,1958.0,1.0,2.0,0.0,0.0,0,0,8,0.0,0,0.18386108273748725,0.6435137895812053,0.32175689479060265,0.04596527068437181,0.09193054136874362,0.1378958120531154,0.04596527068437181,16.54749744637385,1.0112359550561798,1.1491317671092953,0.04596527068437181,0.18386108273748725,1.3329928498467825,13.054136874361593,6.34320735444331,3.9989785495403476,1.884576098059244,0.1378958120531154,2.390194075587334,1.6547497446373851,0.3677221654749745,0.0,0.0,8.815642458100559,50.0,48.59154929577465,47.12643678160919,6.823186925434116
argentina,Primera Division,2025 / 2026,Santiago Segovia,18.0,M,Argentina,,,7,4,286.0,0.0,1.0,0.0,0.0,0,0,0,0.0,0,0.0,0.9440559440559441,0.0,0.0,0.3146853146853147,0.3146853146853147,0.0,32.41258741258741,1.5734265734265735,1.8881118881118881,0.0,0.0,1.8881118881118881,10.6993006993007,5.664335664335665,3.146853146853147,1.5734265734265735,0.3146853146853147,1.8881118881118881,0.9440559440559441,0.0,0.0,0.0,15.067961165048544,0.0,52.94117647058824,50.0,6.745614035087719
argentina,Primera Division,2025,Santiago Simón,23.0,M,Argentina,178.0,76.0,11,5,506.0,0.0,0.0,0.0,0.0,0,0,0,0.0,1,0.0,0.533596837944664,0.0,0.0,0.0,0.0,0.0,53.89328063241106,1.2450592885375493,3.2015810276679844,0.0,0.17786561264822134,3.3794466403162056,11.561264822134389,5.869565217391304,2.134387351778656,1.067193675889328,1.4229249011857708,0.8893280632411067,1.4229249011857708,0.0,0.0,0.17786561264822134,30.93069306930693,0.0,50.76923076923077,50.0,6.880632411067194
argentina,Primera Division,2025 / 2026,Santiago Solari,27.0,F,Argentina,178.0,74.0,45,33,2821.0,7.0,5.0,0.0,1.0,0,0,8,0.0,0,0.4147465437788018,1.0528181495923432,0.6380716058135413,0.22332506203473945,0.15951790145338532,0.3828429634881248,0.22332506203473945,24.182913860333215,1.1485288904643742,1.1166253101736974,0.03190358029067707,0.25522864232541653,1.3718539524991138,9.79439914923786,3.7646224742998937,2.2013470400567177,1.1166253101736974,0.28713222261609356,0.6061680255228642,1.435661113080468,0.25522864232541653,0.0,0.0,14.212401055408971,60.60606060606061,38.43648208469055,50.72463768115942,6.857071960297766
argentina,Primera Division,2025 / 2026,Santiago Sosa,20.0,M,Argentina,175.0,71.0,21,17,1530.0,0.0,0.0,0.0,0.0,0,0,3,0.0,1,0.0,0.3529411764705882,0.0,0.0,0.0,0.0,0.0,33.705882352941174,0.11764705882352941,1.5294117647058822,0.29411764705882354,1.2352941176470589,2.764705882352941,8.352941176470589,4.117647058823529,0.8823529411764706,0.29411764705882354,1.0588235294117647,1.7058823529411764,1.0588235294117647,0.1764705882352941,0.0,0.058823529411764705,29.015706806282722,0.0,49.29577464788733,33.33333333333333,6.702483660130718
argentina,Primera Division,2025 / 2026,Santiago Sosa,26.0,D,Argentina,175.0,78.0,41,40,3636.0,1.0,2.0,0.0,0.0,0,0,13,0.0,2,0.0,0.6683168316831682,0.198019801980198,0.02475247524752475,0.0495049504950495,0.07425742574257425,0.02475247524752475,54.306930693069305,0.6188118811881188,2.103960396039604,0.396039603960396,2.4504950495049505,4.554455445544554,14.207920792079209,8.96039603960396,0.396039603960396,0.198019801980198,0.7425742574257425,0.5445544554455445,1.4356435643564356,0.3217821782178218,0.0,0.0495049504950495,49.04831358249772,29.629629629629626,63.06620209059234,50.0,7.262073707370737
argentina,Primera Division,2025 / 2026,Santiago Toloza,23.0,M,Argentina,171.0,69.0,9,1,258.0,0.0,0.0,0.0,0.0,0,0,0,0.0,0,0.0,1.3953488372093024,0.0,0.0,0.0,0.0,0.0,42.2093023255814,1.744186046511628,1.3953488372093024,0.0,0.0,1.3953488372093024,13.604651162790697,6.627906976744186,2.441860465116279,1.3953488372093024,0.3488372093023256,3.488372093023256,1.744186046511628,0.0,0.0,0.0,15.958677685950413,0.0,48.717948717948715,57.14285714285714,6.614728682170543
argentina,Primera Division,2025,Santiago Vera,27.0,M,Argentina,170.0,65.0,4,0,41.0,0.0,0.0,0.0,0.0,0,0,1,0.0,0,0.0,2.1951219512195124,2.1951219512195124,0.0,0.0,0.0,0.0,17.5609756097561,0.0,2.1951219512195124,0.0,0.0,2.1951219512195124,13.170731707317072,2.1951219512195124,0.0,0.0,0.0,0.0,10.97560975609756,2.1951219512195124,0.0,0.0,3.25,100.0,16.666666666666664,,6.578048780487805
argentina,Primera Division,2025 / 2026,Santiago Villarreal,20.0,M,Argentina,168.0,,4,0,74.0,0.0,0.0,0.0,0.0,0,0,0,0.0,0,0.0,1.2162162162162162,1.2162162162162162,0.0,0.0,0.0,0.0,24.324324324324326,1.2162162162162162,4.864864864864865,0.0,2.4324324324324325,7.297297297297297,15.810810810810812,8.513513513513514,4.864864864864865,1.2162162162162162,0.0,1.2162162162162162,2.4324324324324325,0.0,0.0,0.0,5.45,100.0,53.84615384615385,25.0,6.652702702702703
argentina,Primera Division,2026,Santiago Villarreal,19.0,M,,,,1,0,32.0,0.0,0.0,0.0,0.0,0,0,0,0.0,0,0.0,0.0,0.0,0.0,0.0,0.0,0.0,19.6875,0.0,2.8125,0.0,2.8125,5.625,19.6875,14.0625,8.4375,5.625,0.0,2.8125,0.0,0.0,0.0,0.0,5.0,,71.42857142857143,66.66666666666666,6.3
argentina,Primera Division,2025,Santino Andino,20.0,M,Argentina,174.0,79.0,20,17,1475.0,4.0,1.0,0.0,0.0,0,0,3,0.0,1,0.2440677966101695,1.0983050847457627,0.6101694915254237,0.2440677966101695,0.061016949152542375,0.30508474576271183,0.2440677966101695,16.10847457627119,1.464406779661017,2.2576271186440677,0.0,0.6101694915254237,2.867796610169491,16.47457627118644,7.688135593220339,5.308474576271187,2.4406779661016946,0.7322033898305085,2.745762711864407,1.7694915254237287,0.18305084745762712,0.0,0.061016949152542375,12.041666666666666,55.55555555555556,46.666666666666664,45.97701149425287,6.932540760869566
argentina,Primera Division,2025 / 2026,Santino Barbi,20.0,G,Argentina,191.0,81.0,0,0,0.0,0.0,0.0,0.0,0.0,0,0,0,0.0,0,,,,,,,,,,,,,,,,,,,,,,,,,,,,
argentina,Primera Division,2026,Santino Gatti,20.0,M,Argentina,,,0,0,0.0,0.0,0.0,0.0,0.0,0,0,0,0.0,0,,,,,,,,,,,,,,,,,,,,,,,,,,,,
argentina,Primera Division,2025,Santino Primante,21.0,F,Argentina,,,0,0,0.0,0.0,0.0,0.0,0.0,0,0,0,0.0,0,,,,,,,,,,,,,,,,,,,,,,,,,,,,
argentina,Primera Division,2025,Santino Vera,19.0,M,Argentina,169.0,74.0,0,0,0.0,0.0,0.0,0.0,0.0,0,0,0,0.0,0,,,,,,,,,,,,,,,,,,,,,,,,,,,,
argentina,Primera Division,2025 / 2026,Sasha Marcich,27.0,D,Argentina,,,49,44,4095.0,2.0,7.0,0.0,0.0,0,0,8,0.0,0,0.021978021978021976,0.5934065934065934,0.26373626373626374,0.04395604395604395,0.15384615384615385,0.1978021978021978,0.04395604395604395,36.065934065934066,0.9450549450549451,2.32967032967033,0.13186813186813187,1.2307692307692308,3.5604395604395602,9.054945054945055,5.010989010989011,1.4725274725274726,0.6373626373626373,0.6813186813186813,0.7252747252747254,1.164835164835165,0.1758241758241758,0.0,0.0,29.19317489335771,44.44444444444444,55.33980582524271,43.28358208955223,7.02927960927961
argentina,Primera Division,2025 / 2026,Saúl Salcedo,28.0,D,Paraguay,183.0,75.0,34,30,2744.0,0.0,0.0,1.0,1.0,0,0,6,0.0,0,0.0,0.4919825072886297,0.1639941690962099,0.0,0.0,0.0,0.0,30.437317784256557,0.09839650145772595,1.2463556851311954,0.6231778425655977,1.0823615160349853,2.3287172011661808,7.904518950437318,5.313411078717201,0.1967930029154519,0.1639941690962099,0.13119533527696792,0.5903790087463557,0.6559766763848396,0.1967930029154519,0.0,0.0,33.10021551724138,33.33333333333333,67.21991701244814,83.33333333333334,6.927425237053246
argentina,Primera Division,2025,Sebastian Gonzalez,33.0,M,Argentina,170.0,67.0,21,16,1298.0,1.0,0.0,0.0,0.0,0,0,2,0.0,0,0.06933744221879816,0.6240369799691834,0.27734976887519264,0.06933744221879816,0.0,0.06933744221879816,0.06933744221879816,37.164869029275806,2.288135593220339,1.2480739599383668,0.0,0.41602465331278893,1.6640986132511557,7.83513097072419,3.3975346687211094,1.0400616332819723,0.41602465331278893,1.0400616332819723,1.456086286594761,0.8320493066255779,0.13867488443759632,0.0,0.0,24.505597014925375,44.44444444444444,43.36283185840708,40.0,6.858936825885978
argentina,Primera Division,2025,Sebastián Boselli,22.0,D,Uruguay,183.0,80.0,17,13,1328.0,0.0,0.0,0.0,3.0,0,0,3,0.0,0,0.0,0.27108433734939763,0.0,0.0,0.0,0.0,0.0,41.81475903614458,0.0,1.7620481927710845,0.8132530120481928,1.355421686746988,3.1174698795180724,8.268072289156628,4.947289156626506,0.13554216867469882,0.06777108433734941,0.677710843373494,0.2033132530120482,1.0843373493975905,0.2033132530120482,0.0,0.0,36.65964343598055,0.0,59.83606557377049,50.0,6.807756024096386
argentina,Primera Division,2025,Sebastián Cristóforo,32.0,M,Uruguay,175.0,68.0,15,3,386.0,0.0,0.0,0.0,0.0,0,0,0,0.0,0,0.0,0.46632124352331605,0.0,0.0,0.0,0.0,0.0,43.134715025906736,0.46632124352331605,2.7979274611398965,0.23316062176165803,0.9326424870466321,3.7305699481865284,13.056994818652848,7.927461139896373,1.16580310880829,0.9326424870466321,1.8652849740932642,2.33160621761658,0.23316062176165803,0.0,0.0,0.0,16.994594594594595,0.0,60.71428571428571,80.0,6.741623036649215
argentina,Primera Division,2025 / 2026,Sebastián Driussi,29.0,F,Argentina,179.0,80.0,38,32,2427.0,10.0,2.0,1.0,0.0,0,0,2,0.0,0,0.407911001236094,1.7058096415327564,0.8529048207663782,0.3708281829419036,0.07416563658838071,0.4449938195302843,0.3708281829419036,30.11124845488257,1.03831891223733,1.1495673671199012,0.14833127317676142,0.22249690976514214,1.3720642768850433,10.34610630407911,4.227441285537701,1.965389369592089,0.7787391841779975,0.48207663782447463,1.557478368355995,1.0012360939431397,0.07416563658838071,0.0,0.0,21.51231527093596,50.0,40.86021505376344,39.62264150943396,6.85554182117841
argentina,Primera Division,2025,Sebastián Ferreira,27.0,F,Paraguay,181.0,70.0,9,4,318.0,2.0,0.0,0.0,0.0,0,0,0,0.0,0,0.8490566037735848,1.981132075471698,1.4150943396226414,0.5660377358490566,0.0,0.5660377358490566,0.5660377358490566,16.132075471698112,0.0,0.5660377358490566,0.2830188679245283,0.2830188679245283,0.8490566037735848,8.773584905660378,3.6792452830188678,1.4150943396226414,0.8490566037735848,0.0,1.1320754716981132,1.1320754716981132,0.0,0.0,0.0,6.157894736842105,71.42857142857143,41.935483870967744,60.0,6.902215189873417
argentina,Primera Division,2025,Sebastián Jaurena,26.0,M,Argentina,174.0,70.0,29,19,1698.0,0.0,2.0,0.0,0.0,0,0,3,0.0,0,0.05300353356890459,0.9540636042402828,0.4770318021201414,0.0,0.10600706713780918,0.10600706713780918,0.0,27.031802120141347,1.431095406360424,1.8551236749116609,0.10600706713780918,0.6890459363957597,2.5441696113074204,10.547703180212014,5.194346289752651,2.385159010600707,1.325088339222615,0.8480565371024734,0.7420494699646643,1.0600706713780919,0.15901060070671377,0.0,0.0,14.970414201183432,50.0,49.246231155778894,55.55555555555556,6.777797408716137
argentina,Primera Division,2025 / 2026,Sebastián Lezcano,18.0,M,,,,0,0,0.0,0.0,0.0,0.0,0.0,0,0,0,0.0,0,,,,,,,,,,,,,,,,,,,,,,,,,,,,
argentina,Primera Division,2025,Sebastián Lomónaco,27.0,F,Argentina,173.0,66.0,4,0,93.0,0.0,0.0,0.0,0.0,0,0,0,0.0,0,0.967741935483871,1.935483870967742,0.967741935483871,0.0,0.0,0.0,0.0,17.419354838709676,1.935483870967742,0.967741935483871,0.0,0.0,0.967741935483871,10.645161290322582,5.806451612903226,0.967741935483871,0.967741935483871,0.0,1.935483870967742,0.0,0.0,0.0,0.0,3.1666666666666665,50.0,54.54545454545454,100.0,6.475268817204301
argentina,Primera Division,2025 / 2026,Sebastián Medina,25.0,M,Argentina,177.0,74.0,38,17,1644.0,2.0,3.0,0.0,0.0,0,0,6,0.0,0,0.16423357664233576,1.094890510948905,0.2737226277372263,0.10948905109489052,0.16423357664233576,0.2737226277372263,0.10948905109489052,19.27007299270073,1.0401459854014599,2.2992700729927007,0.10948905109489052,0.656934306569343,2.956204379562044,11.113138686131387,5.474452554744525,1.4233576642335768,0.4927007299270073,0.9306569343065693,1.3686131386861313,2.0802919708029197,0.3284671532846715,0.0,0.0,9.404011461318051,25.0,49.26108374384236,34.61538461538461,6.752022058823529
argentina,Primera Division,2025 / 2026,Sebastián Meza,25.0,G,Argentina,185.0,82.0,6,6,552.0,0.0,0.0,0.0,0.0,0,0,4,0.0,0,0.0,0.0,0.0,0.0,0.0,0.0,0.0,18.75,0.0,0.0,0.0,0.0,0.0,0.9782608695652174,0.9782608695652174,0.0,0.0,0.0,0.16304347826086957,0.16304347826086957,0.6521739130434783,0.0,0.0,13.339130434782609,,100.0,,6.784782608695652
argentina,Primera Division,2025,Sebastián Moyano,35.0,G,Argentina,188.0,78.0,0,0,0.0,0.0,0.0,0.0,0.0,0,0,0,0.0,0,,,,,,,,,,,,,,,,,,,,,,,,,,,,
argentina,Primera Division,2025,Sebastián Palacios,33.0,F,Argentina,169.0,69.0,11,5,495.0,0.0,0.0,0.0,0.0,0,0,0,0.0,0,0.18181818181818182,1.8181818181818183,1.0909090909090908,0.0,0.0,0.0,0.0,23.09090909090909,2.7272727272727275,0.9090909090909092,0.0,0.18181818181818182,1.0909090909090908,11.272727272727273,5.272727272727273,3.2727272727272725,1.0909090909090908,0.18181818181818182,2.0,1.0909090909090908,0.0,0.0,0.0,10.937007874015748,60.0,46.774193548387096,33.33333333333333,6.890505050505051
argentina,Primera Division,2025 / 2026,Sebastián Prieto,32.0,D,Argentina,180.0,73.0,50,45,3947.0,3.0,4.0,0.0,0.0,0,0,9,0.0,0,0.09120851279452749,0.7752723587534838,0.2508234101849506,0.06840638459589561,0.09120851279452749,0.1596148973904231,0.06840638459589561,47.291613883962505,1.0488978971370662,1.960983025082341,0.20521915378768685,1.0488978971370662,3.009880922219407,9.371674689637699,4.970863947301749,1.8241702558905497,0.9348872561439068,1.0488978971370662,0.7980744869521156,0.9804915125411705,0.20521915378768685,0.0,0.0,37.576181292189005,32.35294117647059,53.04136253041363,51.24999999999999,7.075753737015455
argentina,Primera Division,2025 / 2026,Sebastián Valdez,30.0,D,Argentina,,,43,39,3681.0,0.0,0.0,0.0,2.0,0,0,8,0.0,1,0.12224938875305624,0.2933985330073349,0.17114914425427874,0.0,0.0,0.0,0.0,47.530562347188265,0.12224938875305624,1.4425427872860634,0.3667481662591687,1.2958435207823962,2.73838630806846,8.704156479217604,5.158924205378973,0.684596577017115,0.4645476772616137,0.5134474327628362,0.7579462102689486,0.5867970660146699,0.19559902200488996,0.0,0.024449877750611245,46.62808641975309,58.333333333333336,59.269662921348306,67.85714285714286,6.9525129041021465
argentina,Primera Division,2025 / 2026,Sebastián Villa,29.0,F,Colombia,178.0,65.0,46,43,3994.0,5.0,11.0,1.0,0.0,3,1,10,0.0,1,0.7661492238357537,1.6675012518778167,0.6760140210315473,0.1126690035052579,0.24787180771156736,0.3605408112168252,0.04506760140210315,30.488232348522786,2.7941912869303955,0.7886830245368052,0.022533800701051574,0.1802704056084126,0.9689534301452177,10.388082123184777,5.047571357035554,4.709564346519779,2.501251877816725,0.4506760140210316,1.4421632448673007,0.8788182273410114,0.2253380070105158,0.0,0.022533800701051574,25.602365114560236,40.54054054054054,48.590021691973966,53.110047846889955,7.415247871807711
argentina,Primera Division,2026,Sergio Ojeda,33.0,D,Argentina,183.0,83.0,7,7,642.0,0.0,0.0,0.0,0.0,0,0,2,0.0,0,0.2803738317757009,0.14018691588785046,0.0,0.0,0.0,0.0,0.0,30.280373831775698,0.2803738317757009,1.822429906542056,0.7009345794392523,1.542056074766355,3.364485981308411,7.990654205607476,4.485981308411215,0.0,0.0,0.4205607476635514,1.4018691588785046,0.7009345794392523,0.2803738317757009,0.0,0.0,27.587962962962962,0.0,56.14035087719298,,6.726168224299065
argentina,Primera Division,2025,Sergio Ortiz,24.0,M,Argentina,173.0,77.0,1,0,15.0,0.0,0.0,0.0,0.0,0,0,0,0.0,0,0.0,0.0,0.0,0.0,0.0,0.0,0.0,0.0,0.0,0.0,0.0,0.0,0.0,0.0,0.0,0.0,0.0,0.0,0.0,0.0,0.0,0.0,0.0,,,,,6.2
argentina,Primera Division,2025,Sergio Romero,38.0,G,Argentina,192.0,88.0,2,2,180.0,0.0,0.0,0.0,0.0,0,0,0,0.0,0,0.0,0.0,0.0,0.0,0.0,0.0,0.0,20.0,0.0,0.0,0.0,0.0,0.0,0.5,0.5,0.0,0.0,0.0,0.0,0.0,0.0,0.0,0.0,16.5,,100.0,,6.8
argentina,Primera Division,2025,Sergio Sánchez,24.0,D,Argentina,170.0,71.0,0,0,0.0,0.0,0.0,0.0,0.0,0,0,0,0.0,0,,,,,,,,,,,,,,,,,,,,,,,,,,,,
argentina,Primera Division,2025 / 2026,Sergio Vittor,36.0,D,Argentina,189.0,86.0,27,27,2297.0,0.0,0.0,0.0,0.0,0,0,5,0.0,0,0.0,0.391815411406182,0.195907705703091,0.0,0.0,0.0,0.0,35.89029168480627,0.27427078798432736,1.4105354810622552,0.8619939050936004,2.1158032215933824,3.5263387026556376,7.444492816717458,4.035698737483675,0.4701784936874184,0.3526338702655638,0.5485415759686547,0.3526338702655638,0.783630822812364,0.195907705703091,0.0,0.0,26.199781659388645,50.0,54.21052631578947,75.0,6.752808010448411
argentina,Primera Division,2025 / 2026,Sheyko Studer,23.0,D,Argentina,191.0,89.0,44,44,3979.0,4.0,1.0,0.0,1.0,0,0,14,0.0,0,0.022618748429253578,0.40713747172656445,0.24880623272178937,0.09047499371701431,0.022618748429253578,0.11309374214626791,0.09047499371701431,30.851972857501885,0.27142498115104297,1.130937421462679,0.7464186981653682,1.2666499120382007,2.3975873335008795,7.396330736365921,4.501130937421463,0.36189997486805725,0.18094998743402863,0.38451872329731085,1.1987936667504397,0.7916561950238754,0.31666247800955016,0.0,0.0,27.60850439882698,61.111111111111114,60.85626911314985,50.0,6.93302337270671
argentina,Primera Division,2025 / 2026,Silvio Martínez,28.0,M,Argentina,171.0,70.0,10,5,407.0,0.0,0.0,0.0,0.0,0,0,1,0.0,0,0.0,1.1056511056511056,0.0,0.0,0.0,0.0,0.0,20.786240786240786,1.1056511056511056,2.211302211302211,0.0,0.8845208845208845,3.095823095823096,11.94103194103194,5.528255528255529,4.643734643734644,1.99017199017199,1.1056511056511056,0.8845208845208845,0.8845208845208845,0.22113022113022113,0.0,0.0,8.904255319148936,0.0,46.2962962962963,42.857142857142854,6.606388206388207
argentina,Primera Division,2025,Silvio Romero,37.0,F,Argentina,176.0,76.0,8,0,125.0,0.0,0.0,0.0,0.0,0,0,1,0.0,0,2.16,1.44,0.0,0.0,0.0,0.0,0.0,9.36,0.0,2.16,0.0,0.0,2.16,8.64,3.6,1.44,0.0,0.0,1.44,1.44,0.72,0.0,0.0,1.9090909090909092,0.0,41.66666666666667,0.0,6.548387096774194
argentina,Primera Division,2026,Simon Escobar,16.0,D,,,,1,1,96.0,0.0,0.0,0.0,0.0,0,0,0,0.0,0,0.0,1.875,0.0,0.0,0.0,0.0,0.0,45.0,0.0,6.5625,0.0,0.0,6.5625,15.0,10.3125,2.8125,0.9375,0.0,1.875,0.9375,0.0,0.0,0.0,38.0,0.0,68.75,33.33333333333333,7.2
argentina,Primera Division,2026,Simón Bodnar,18.0,F,,,,0,0,0.0,0.0,0.0,0.0,0.0,0,0,0,0.0,0,,,,,,,,,,,,,,,,,,,,,,,,,,,,
argentina,Primera Division,2025,Simón Rivero,22.0,M,Argentina,172.0,75.0,10,2,367.0,0.0,0.0,0.0,0.0,0,0,0,0.0,0,0.0,1.2261580381471389,0.49046321525885556,0.0,0.0,0.0,0.0,21.580381471389643,1.2261580381471389,2.6975476839237054,0.0,0.9809264305177111,3.678474114441417,17.411444141689373,9.564032697547685,5.395095367847411,3.678474114441417,1.7166212534059946,2.4523160762942777,1.2261580381471389,0.0,0.0,0.0,10.977272727272727,40.0,54.929577464788736,68.18181818181817,6.6915531335149865
argentina,Primera Division,2025 / 2026,Siro Rosane,25.0,M,Argentina,177.0,68.0,42,14,2069.0,0.0,4.0,0.0,0.0,0,0,5,0.0,0,0.04349927501208313,0.7829869502174964,0.21749637506041564,0.0,0.17399710004833252,0.17399710004833252,0.0,40.32382793620106,0.6089898501691638,2.1314644755920735,0.3044949250845819,1.043982600289995,3.1754470758820688,11.744804253262446,6.698888351860803,1.2179797003383277,0.6089898501691638,1.0004833252779122,2.044465925567907,1.1744804253262446,0.21749637506041564,0.0,0.0,22.170442286947143,27.77777777777778,57.03703703703704,50.0,6.823731271145481
argentina,Primera Division,2025 / 2026,Stefano Moreyra,24.0,M,Argentina,182.0,77.0,32,17,1716.0,1.0,0.0,0.0,0.0,0,0,9,0.0,0,0.0,0.5769230769230769,0.1048951048951049,0.05244755244755245,0.0,0.05244755244755245,0.05244755244755245,33.61888111888112,0.3146853146853147,3.2517482517482517,0.6293706293706294,1.5734265734265735,4.825174825174825,12.587412587412588,6.660839160839162,0.9965034965034965,0.5244755244755245,1.4160839160839163,1.1013986013986015,1.2587412587412588,0.47202797202797203,0.0,0.0,20.76923076923077,18.181818181818183,52.916666666666664,52.63157894736842,6.867076023391813
argentina,Primera Division,2025 / 2026,Teo Rodríguez Pagano,20.0,D,Argentina,178.0,76.0,13,5,640.0,0.0,0.0,0.0,0.0,0,0,1,0.0,0,0.0,0.703125,0.0,0.0,0.0,0.0,0.0,27.140625,0.140625,1.9687499999999998,0.140625,0.9843749999999999,2.953125,9.84375,4.921875,2.8125,0.9843749999999999,0.84375,0.9843749999999999,1.125,0.140625,0.0,0.0,15.261780104712042,0.0,50.0,35.0,6.523125
argentina,Primera Division,2025 / 2026,Thaiel Peralta,17.0,M,Argentina,171.0,66.0,14,7,540.0,2.0,0.0,0.0,0.0,0,0,1,0.0,1,0.0,1.0,0.6666666666666667,0.33333333333333337,0.0,0.33333333333333337,0.33333333333333337,22.166666666666668,1.0,1.0,0.0,0.8333333333333333,1.8333333333333335,10.5,3.833333333333333,3.833333333333333,1.3333333333333335,0.8333333333333333,1.0,0.6666666666666667,0.16666666666666669,0.0,0.16666666666666669,11.257575757575758,66.66666666666666,36.507936507936506,34.78260869565217,6.765306122448979
argentina,Primera Division,2025,Thiago Acosta,,M,,,,1,0,28.0,0.0,0.0,0.0,0.0,0,0,0,0.0,0,0.0,0.0,0.0,0.0,0.0,0.0,0.0,45.0,0.0,3.214285714285714,0.0,0.0,3.214285714285714,9.642857142857142,3.214285714285714,0.0,0.0,3.214285714285714,0.0,0.0,0.0,0.0,0.0,11.0,,33.33333333333333,,6.3
argentina,Primera Division,2025,Thiago Acosta,20.0,M,,,,3,2,150.0,0.0,0.0,0.0,0.0,0,0,0,0.0,0,0.0,1.8,0.6000000000000001,0.0,0.0,0.0,0.0,39.0,3.6,3.6,0.0,0.6000000000000001,4.2,12.0,5.3999999999999995,1.2000000000000002,0.6000000000000001,0.6000000000000001,0.0,2.4000000000000004,0.0,0.0,0.0,22.046153846153846,33.33333333333333,45.0,50.0,6.876
argentina,Primera Division,2026,Thiago Aguirre,17.0,F,,,,0,0,0.0,0.0,0.0,0.0,0.0,0,0,0,0.0,0,,,,,,,,,,,,,,,,,,,,,,,,,,,,
argentina,Primera Division,2025,Thiago Airala,19.0,M,Argentina,176.0,64.0,0,0,0.0,0.0,0.0,0.0,0.0,0,0,0,0.0,0,,,,,,,,,,,,,,,,,,,,,,,,,,,,
argentina,Primera Division,2026,Thiago Balbuena,19.0,F,Argentina,173.0,68.0,0,0,0.0,0.0,0.0,0.0,0.0,0,0,0,0.0,0,,,,,,,,,,,,,,,,,,,,,,,,,,,,
argentina,Primera Division,2025 / 2026,Thiago Cardozo,29.0,G,Uruguay,181.0,75.0,50,50,4607.0,0.0,0.0,0.0,3.0,0,0,2,0.0,1,0.0,0.0,0.0,0.0,0.0,0.0,0.0,24.53657477751248,0.07814195789016713,0.09767744736270893,0.0,0.0,0.09767744736270893,0.7814195789016715,0.6056001736487953,0.0,0.0,0.05860646841762535,0.21489038419795964,0.07814195789016713,0.039070978945083566,0.0,0.019535489472541783,15.726114649681529,,77.5,,7.1691556327327985
argentina,Primera Division,2026,Thiago Charras,,D,,,,0,0,0.0,0.0,0.0,0.0,0.0,0,0,0,0.0,0,,,,,,,,,,,,,,,,,,,,,,,,,,,,
argentina,Primera Division,2025 / 2026,Thiago Currado,19.0,D,,,,0,0,0.0,0.0,0.0,0.0,0.0,0,0,0,0.0,0,,,,,,,,,,,,,,,,,,,,,,,,,,,,
argentina,Primera Division,2025 / 2026,Thiago Gigena,20.0,F,Argentina,,,2,0,21.0,0.0,0.0,0.0,0.0,0,0,0,0.0,0,0.0,0.0,0.0,0.0,0.0,0.0,0.0,0.0,0.0,0.0,0.0,0.0,0.0,4.285714285714286,0.0,0.0,0.0,0.0,0.0,0.0,0.0,0.0,0.0,,,0.0,,6.404761904761905
argentina,Primera Division,2026,Thiago González,18.0,M,Argentina,,,0,0,0.0,0.0,0.0,0.0,0.0,0,0,0,0.0,0,,,,,,,,,,,,,,,,,,,,,,,,,,,,
argentina,Primera Division,2025 / 2026,Thiago Laplace,19.0,M,Argentina,178.0,,0,0,0.0,0.0,0.0,0.0,0.0,0,0,0,0.0,0,,,,,,,,,,,,,,,,,,,,,,,,,,,,
argentina,Primera Division,2025,Thiago Perugini,20.0,F,Argentina,177.0,80.0,0,0,0.0,0.0,0.0,0.0,0.0,0,0,0,0.0,0,,,,,,,,,,,,,,,,,,,,,,,,,,,,
argentina,Primera Division,2025,Thiago Ponce,20.0,F,Argentina,,,0,0,0.0,0.0,0.0,0.0,0.0,0,0,0,0.0,0,,,,,,,,,,,,,,,,,,,,,,,,,,,,
argentina,Primera Division,2026,Thiago Pérez,19.0,M,Argentina,184.0,71.0,0,0,0.0,0.0,0.0,0.0,0.0,0,0,0,0.0,0,,,,,,,,,,,,,,,,,,,,,,,,,,,,
argentina,Primera Division,2025 / 2026,Thiago Santamaría,22.0,D,Argentina,179.0,71.0,12,11,862.0,0.0,1.0,0.0,0.0,0,0,3,0.0,0,0.10440835266821345,0.5220417633410672,0.10440835266821345,0.0,0.10440835266821345,0.10440835266821345,0.0,32.36658932714617,1.0440835266821344,1.8793503480278422,0.10440835266821345,1.5661252900232019,3.445475638051044,9.08352668213457,3.6542923433874708,0.9396751740139211,0.4176334106728538,1.4617169373549883,1.0440835266821344,0.8352668213457076,0.31322505800464034,0.0,0.0,23.267741935483873,20.0,40.229885057471265,44.44444444444444,6.629582366589327
argentina,Primera Division,2025 / 2026,Thiago Silvero,19.0,D,Argentina,188.0,91.0,15,6,704.0,0.0,0.0,0.0,0.0,0,0,2,0.0,0,0.1278409090909091,0.8948863636363636,0.1278409090909091,0.0,0.0,0.0,0.0,39.88636363636363,0.5113636363636364,2.1732954545454546,0.8948863636363636,2.0454545454545454,4.21875,10.994318181818182,6.647727272727273,0.6392045454545454,0.38352272727272724,0.6392045454545454,0.7670454545454545,0.6392045454545454,0.2556818181818182,0.0,0.0,27.29581993569132,14.285714285714285,60.46511627906976,60.0,6.839743589743589
argentina,Primera Division,2025 / 2026,Thiago Yánez,17.0,D,Argentina,,,0,0,0.0,0.0,0.0,0.0,0.0,0,0,0,0.0,0,,,,,,,,,,,,,,,,,,,,,,,,,,,,
argentina,Primera Division,2025,Thomas Ortega,25.0,D,Argentina,178.0,72.0,19,11,880.0,0.0,0.0,0.0,1.0,0,0,4,0.0,0,0.10227272727272727,0.9204545454545454,0.20454545454545453,0.0,0.0,0.0,0.0,41.01136363636364,1.2272727272727273,1.6363636363636362,0.10227272727272727,0.40909090909090906,2.0454545454545454,11.556818181818183,4.295454545454546,1.4318181818181817,0.8181818181818181,1.2272727272727273,0.6136363636363636,1.8409090909090908,0.40909090909090906,0.0,0.0,25.72658227848101,22.22222222222222,37.16814159292036,57.14285714285714,6.768977272727272
argentina,Primera Division,2026,Thomas Rodríguez,29.0,F,Chile,184.0,75.0,2,0,22.0,0.0,0.0,0.0,0.0,0,0,0,0.0,0,0.0,0.0,0.0,0.0,0.0,0.0,0.0,16.363636363636363,0.0,8.181818181818182,0.0,0.0,8.181818181818182,28.636363636363637,8.181818181818182,0.0,0.0,0.0,0.0,8.181818181818182,0.0,0.0,0.0,1.0,,28.57142857142857,,6.463636363636363
argentina,Primera Division,2025 / 2026,Thomas de Martis,17.0,F,Argentina,,,6,0,119.0,0.0,0.0,0.0,0.0,0,0,0,0.0,0,0.7563025210084033,0.7563025210084033,0.0,0.0,0.0,0.0,0.0,15.882352941176471,0.0,0.0,0.0,0.0,0.0,12.100840336134453,2.26890756302521,0.0,0.0,0.0,0.7563025210084033,3.781512605042017,0.0,0.0,0.0,4.625,0.0,18.75,,6.3537815126050425
argentina,Primera Division,2025 / 2026,Thyago Ayala,24.0,G,Argentina,,,0,0,0.0,0.0,0.0,0.0,0.0,0,0,0,0.0,0,,,,,,,,,,,,,,,,,,,,,,,,,,,,
argentina,Primera Division,2025,Tiago Andino,22.0,D,Argentina,170.0,,1,0,11.0,0.0,0.0,0.0,0.0,0,0,0,0.0,0,0.0,0.0,0.0,0.0,0.0,0.0,0.0,0.0,0.0,0.0,0.0,0.0,0.0,0.0,0.0,0.0,0.0,0.0,0.0,0.0,0.0,0.0,0.0,,,,,6.6
argentina,Primera Division,2025 / 2026,Tiago Palacios,24.0,M,Argentina,168.0,68.0,48,41,3359.0,8.0,6.0,0.0,0.0,0,0,8,0.0,0,0.24114319738017267,1.6880023816612086,0.669842214944924,0.21434950878237571,0.16076213158678176,0.3751116403691575,0.21434950878237571,32.87585590949688,1.6612086930634116,1.50044656147663,0.05358737719559393,0.5090800833581423,2.009526644834772,13.31646323310509,5.412325096754986,3.590354272104793,1.7683834474545994,1.0717475439118784,1.5540339386722237,1.366478118487645,0.21434950878237571,0.0,0.0,23.08557457212714,39.682539682539684,40.643863179074444,49.25373134328358,7.089907710628163
argentina,Primera Division,2025 / 2026,Tiago Serrago,21.0,M,Argentina,175.0,65.0,35,27,2271.0,3.0,1.0,0.0,1.0,0,0,3,0.0,0,0.03963011889035667,1.6644649933949802,0.8322324966974901,0.11889035667107001,0.03963011889035667,0.15852047556142668,0.11889035667107001,21.241743725231174,1.5455746367239103,0.9114927344782034,0.03963011889035667,0.35667107001321,1.2681638044914134,10.184940554821663,3.7252311756935272,3.011889035667107,1.3870541611624836,0.9114927344782034,0.9907529722589168,1.2681638044914134,0.11889035667107001,0.0,0.0,13.406716417910447,50.0,36.57587548638132,46.05263157894737,6.711536767943637
argentina,Primera Division,2025 / 2026,Timoteo Chamorro,19.0,D,Argentina,172.0,,3,0,82.0,0.0,0.0,0.0,0.0,0,0,0,0.0,0,0.0,1.0975609756097562,1.0975609756097562,0.0,0.0,0.0,0.0,18.65853658536585,2.1951219512195124,1.0975609756097562,0.0,2.1951219512195124,3.292682926829268,12.073170731707318,3.292682926829268,3.292682926829268,1.0975609756097562,1.0975609756097562,0.0,2.1951219512195124,0.0,0.0,0.0,3.588235294117647,100.0,27.27272727272727,33.33333333333333,6.726829268292684
argentina,Primera Division,2025 / 2026,Tiziano Perrota,18.0,F,,,,14,12,914.0,4.0,1.0,0.0,1.0,0,0,0,0.0,0,0.6892778993435449,2.264770240700219,1.0831509846827134,0.3938730853391685,0.09846827133479212,0.4923413566739606,0.3938730853391685,19.693654266958426,1.1816192560175054,0.8862144420131292,0.19693654266958424,0.0,0.8862144420131292,15.656455142231948,6.6958424507658645,3.052516411378556,0.4923413566739606,0.3938730853391685,1.1816192560175054,0.8862144420131292,0.0,0.0,0.0,11.74,47.82608695652174,42.76729559748428,16.129032258064516,6.848127753303965
argentina,Primera Division,2025 / 2026,Tobias Cervera,23.0,F,Argentina,,,14,6,621.0,1.0,0.0,0.0,0.0,0,0,3,0.0,0,0.43478260869565216,1.1594202898550725,0.43478260869565216,0.14492753623188406,0.0,0.14492753623188406,0.14492753623188406,16.08695652173913,1.1594202898550725,0.7246376811594202,0.0,0.14492753623188406,0.8695652173913043,15.507246376811594,5.072463768115942,2.7536231884057973,0.5797101449275363,0.5797101449275363,2.463768115942029,2.463768115942029,0.43478260869565216,0.0,0.0,8.837837837837839,37.5,32.71028037383177,21.052631578947366,6.384364820846906
argentina,Primera Division,2025 / 2026,Tobias Rubio,21.0,D,Argentina,175.0,68.0,10,4,439.0,0.0,0.0,0.0,0.0,0,0,2,0.0,0,0.0,0.8200455580865603,0.20501138952164008,0.0,0.0,0.0,0.0,41.82232346241457,0.41002277904328016,2.4601366742596813,0.0,1.2300683371298406,3.6902050113895215,10.045558086560364,4.5102505694760815,1.4350797266514808,0.6150341685649203,0.8200455580865603,0.8200455580865603,0.8200455580865603,0.41002277904328016,0.0,0.0,34.97549019607843,25.0,44.89795918367347,42.857142857142854,6.637844036697247
argentina,Primera Division,2025 / 2026,Tobías Andrada,18.0,F,Argentina,,,28,19,1910.0,1.0,0.0,0.0,0.0,0,0,5,0.0,0,0.0,0.8481675392670157,0.28272251308900526,0.04712041884816755,0.0,0.04712041884816755,0.04712041884816755,41.32460732984293,0.7539267015706808,2.4031413612565444,0.04712041884816755,0.706806282722513,3.1099476439790577,12.722513089005236,5.701570680628272,2.9214659685863875,1.2251308900523559,1.6492146596858637,1.743455497382199,1.4607329842931938,0.23560209424083772,0.0,0.0,34.026225769669324,33.33333333333333,44.81481481481481,41.935483870967744,6.878080755112743
argentina,Primera Division,2025 / 2026,Tobías Leiva,21.0,M,Argentina,185.0,72.0,24,12,1170.0,2.0,0.0,0.0,0.0,0,0,3,0.0,1,0.0,1.5384615384615385,0.38461538461538464,0.15384615384615385,0.0,0.15384615384615385,0.15384615384615385,37.92307692307692,0.6923076923076923,2.153846153846154,0.15384615384615385,0.6153846153846154,2.769230769230769,10.23076923076923,4.538461538461538,2.4615384615384617,1.076923076923077,1.076923076923077,0.5384615384615385,1.076923076923077,0.23076923076923078,0.0,0.07692307692307693,24.661914460285132,25.0,44.3609022556391,43.75,6.712307692307693
argentina,Primera Division,2025 / 2026,Tobías Ostchega,27.0,D,Argentina,,,25,18,1664.0,0.0,1.0,0.0,1.0,0,0,7,0.0,0,0.0,0.48677884615384615,0.10817307692307693,0.0,0.054086538461538464,0.054086538461538464,0.0,30.775240384615383,0.48677884615384615,1.6225961538461537,0.054086538461538464,0.8112980769230769,2.433894230769231,9.194711538461538,4.6514423076923075,1.8389423076923077,1.1358173076923077,0.6490384615384616,0.703125,1.5685096153846154,0.3786057692307692,0.0,0.0,20.05096660808436,22.22222222222222,50.588235294117645,61.76470588235294,6.644411057692308
argentina,Primera Division,2025,Tobías Quiroz,20.0,D,Argentina,,,1,1,90.0,0.0,0.0,0.0,0.0,0,0,1,0.0,0,0.0,0.0,0.0,0.0,0.0,0.0,0.0,30.0,0.0,0.0,1.0,3.0,3.0,9.0,7.0,0.0,0.0,0.0,1.0,1.0,1.0,0.0,0.0,19.0,,77.77777777777779,,6.9
argentina,Primera Division,2025 / 2026,Tobías Ramirez,19.0,D,Argentina,183.0,77.0,8,6,550.0,0.0,0.0,0.0,0.0,0,0,2,0.0,0,0.16363636363636364,0.6545454545454545,0.32727272727272727,0.0,0.0,0.0,0.0,56.12727272727273,0.16363636363636364,1.4727272727272729,0.49090909090909096,1.1454545454545455,2.618181818181818,9.818181818181818,5.8909090909090915,0.9818181818181819,0.49090909090909096,0.32727272727272727,0.32727272727272727,0.9818181818181819,0.32727272727272727,0.0,0.0,48.52769679300292,50.0,60.0,50.0,7.055090909090909
argentina,Primera Division,2025 / 2026,Tomas Adoryan,24.0,M,Argentina,177.0,69.0,34,16,1557.0,1.0,2.0,0.0,0.0,0,0,11,0.0,0,0.11560693641618497,1.6184971098265895,0.6936416184971098,0.057803468208092484,0.11560693641618497,0.17341040462427745,0.057803468208092484,31.502890173410407,1.4450867052023122,2.947976878612717,0.23121387283236994,0.6358381502890174,3.583815028901734,15.60693641618497,8.092485549132947,1.6184971098265895,0.6936416184971098,0.6936416184971098,2.5433526011560694,2.485549132947977,0.6358381502890174,0.0,0.0,17.34806629834254,42.857142857142854,51.85185185185185,42.857142857142854,6.894733461785485
argentina,Primera Division,2026,Tomas Aranda,18.0,M,Argentina,164.0,,14,7,774.0,1.0,2.0,0.0,0.0,0,0,2,0.0,0,0.0,1.8604651162790697,0.46511627906976744,0.11627906976744186,0.23255813953488372,0.3488372093023256,0.11627906976744186,45.348837209302324,1.744186046511628,1.2790697674418605,0.0,0.46511627906976744,1.744186046511628,12.906976744186046,6.27906976744186,4.186046511627907,2.441860465116279,1.3953488372093024,2.0930232558139537,0.8139534883720929,0.23255813953488372,0.0,0.0,38.14871794871795,25.0,48.64864864864865,58.333333333333336,7.262273901808785
argentina,Primera Division,2025 / 2026,Tomas Bottari,24.0,M,Argentina,,,39,34,2874.0,0.0,0.0,0.0,0.0,0,0,8,0.0,1,0.0,0.031315240083507306,0.0,0.0,0.0,0.0,0.0,35.323590814196244,0.31315240083507306,2.6304801670146136,0.3444676409185804,1.5344467640918582,4.164926931106471,10.647181628392484,5.292275574112734,0.43841336116910234,0.1878914405010438,1.7536534446764094,1.033402922755741,1.5344467640918582,0.25052192066805845,0.0,0.031315240083507306,27.945921985815602,0.0,49.705882352941174,42.857142857142854,6.732011134307585
argentina,Primera Division,2025,Tomas Daniel Rossi,26.0,D,Argentina,187.0,,8,5,479.0,0.0,0.0,0.0,0.0,0,0,1,0.0,0,0.0,0.3757828810020876,0.0,0.0,0.0,0.0,0.0,41.52400835073069,0.1878914405010438,0.7515657620041752,0.5636743215031316,0.5636743215031316,1.3152400835073068,7.703549060542797,3.3820459290187888,0.0,0.0,0.9394572025052192,0.0,1.1273486430062631,0.1878914405010438,0.0,0.0,40.46153846153846,0.0,43.90243902439025,,6.694572025052191
argentina,Primera Division,2026,Tomas Gonzalez,26.0,M,,,,14,13,1075.0,0.0,0.0,0.0,0.0,0,0,5,0.0,0,0.33488372093023255,0.9209302325581394,0.08372093023255814,0.0,0.0,0.0,0.0,30.976744186046513,1.6744186046511627,2.5953488372093023,0.33488372093023255,0.7534883720930233,3.3488372093023253,13.89767441860465,6.6139534883720925,2.0093023255813955,0.9209302325581394,0.9209302325581394,1.6744186046511627,2.344186046511628,0.41860465116279066,0.0,0.0,22.627027027027026,9.090909090909092,47.59036144578313,45.83333333333333,6.550790697674419
argentina,Primera Division,2025,Tomas Guiacobini,21.0,F,Argentina,,,5,3,206.0,0.0,0.0,0.0,0.0,0,0,2,0.0,0,0.0,0.4368932038834951,0.0,0.0,0.0,0.0,0.0,62.038834951456316,0.8737864077669902,3.058252427184466,0.4368932038834951,0.0,3.058252427184466,11.79611650485437,6.990291262135922,1.3106796116504855,0.4368932038834951,0.4368932038834951,1.3106796116504855,2.1844660194174756,0.8737864077669902,0.0,0.0,41.60283687943262,0.0,59.25925925925925,33.33333333333333,6.8402912621359215
argentina,Primera Division,2025,Tomas Kummer,21.0,D,Argentina,186.0,,7,3,374.0,0.0,0.0,0.0,0.0,0,0,0,0.0,0,0.0,0.0,0.0,0.0,0.0,0.0,0.0,39.465240641711226,0.0,1.9251336898395721,0.24064171122994651,0.7219251336898397,2.6470588235294117,7.459893048128342,3.128342245989305,0.0,0.0,0.9625668449197861,0.7219251336898397,0.7219251336898397,0.0,0.0,0.0,32.4390243902439,,41.935483870967744,,6.479892761394102
argentina,Primera Division,2026,Tomas Lavezzi,20.0,F,Argentina,167.0,,0,0,0.0,0.0,0.0,0.0,0.0,0,0,0,0.0,0,,,,,,,,,,,,,,,,,,,,,,,,,,,,
argentina,Primera Division,2025,Tomas Lecanda,23.0,D,Argentina,180.0,72.0,14,13,1217.0,1.0,1.0,0.0,0.0,0,0,7,0.0,1,0.0,0.5176663927691044,0.2218570254724733,0.07395234182415776,0.07395234182415776,0.14790468364831552,0.07395234182415776,22.851273623664746,0.29580936729663104,1.552999178307313,0.8874281018898932,0.7395234182415777,2.2925225965488907,8.060805258833197,4.141331142152835,0.29580936729663104,0.07395234182415776,0.4437140509449466,0.4437140509449466,0.9613804437140511,0.5176663927691044,0.0,0.07395234182415776,18.66990291262136,42.857142857142854,51.37614678899083,25.0,6.782169268693508
argentina,Primera Division,2025 / 2026,Tomas Olmos,20.0,D,Argentina,175.0,75.0,3,2,165.0,0.0,0.0,0.0,0.0,0,0,1,0.0,0,0.0,0.0,0.0,0.0,0.0,0.0,0.0,24.0,0.0,0.5454545454545454,0.0,1.0909090909090908,1.6363636363636362,7.09090909090909,2.7272727272727275,0.0,0.0,0.5454545454545454,0.0,0.5454545454545454,0.5454545454545454,0.0,0.0,10.681818181818182,,38.46153846153847,,6.172727272727273
argentina,Primera Division,2025 / 2026,Tomás Ariel Silva,22.0,D,Argentina,175.0,74.0,35,32,2884.0,0.0,0.0,0.0,0.0,0,0,9,0.0,1,0.12482662968099861,0.4056865464632455,0.09361997226074896,0.0,0.0,0.0,0.0,30.58252427184466,0.7801664355062413,3.027045769764216,0.4680998613037448,1.2482662968099862,4.275312066574203,10.360610263522885,5.804438280166435,1.7163661581137308,0.90499306518724,1.2482662968099862,0.7489597780859917,1.0298196948682385,0.28085991678224687,0.0,0.031206657420249653,23.93979591836735,23.076923076923077,56.024096385542165,52.72727272727272,6.9462898751733695
argentina,Primera Division,2025 / 2026,Tomás Belmonte,27.0,M,Argentina,178.0,68.0,31,21,1949.0,0.0,0.0,0.0,0.0,0,0,6,0.0,0,0.04617752693689071,0.8311954848640329,0.09235505387378141,0.0,0.0,0.0,0.0,39.06618778860954,0.27706516162134426,2.8630066700872243,0.27706516162134426,1.4776808619805026,4.340687532067728,11.267316572601334,6.4648537711647,0.41559774243201647,0.09235505387378141,1.0159055926115956,1.800923550538738,1.7085684966649564,0.27706516162134426,0.0,0.0,35.716312056737586,11.11111111111111,57.377049180327866,22.22222222222222,6.809815005138746
argentina,Primera Division,2025,Tomás Cardona,30.0,D,Argentina,186.0,78.0,13,11,1056.0,0.0,0.0,0.0,1.0,0,0,4,0.0,0,0.0,0.2556818181818182,0.08522727272727273,0.0,0.0,0.0,0.0,32.21590909090909,0.08522727272727273,1.1079545454545454,0.42613636363636365,1.534090909090909,2.6420454545454546,9.034090909090908,5.5397727272727275,0.0,0.0,0.42613636363636365,0.5113636363636364,0.9375,0.34090909090909094,0.0,0.0,32.92857142857143,33.33333333333333,61.32075471698113,,7.12282196969697
argentina,Primera Division,2025 / 2026,Tomás Castro,23.0,M,Argentina,,,0,0,0.0,0.0,0.0,0.0,0.0,0,0,0,0.0,0,,,,,,,,,,,,,,,,,,,,,,,,,,,,
argentina,Primera Division,2025,Tomás Cavanagh,24.0,D,Argentina,183.0,66.0,5,4,283.0,0.0,0.0,0.0,0.0,0,0,2,0.0,0,0.31802120141342755,0.6360424028268551,0.0,0.0,0.0,0.0,0.0,34.66431095406361,0.6360424028268551,1.9081272084805656,0.0,0.9540636042402828,2.862190812720848,7.95053003533569,3.1802120141342756,0.6360424028268551,0.0,1.5901060070671378,0.0,1.5901060070671378,0.6360424028268551,0.0,0.0,16.807339449541285,0.0,40.0,0.0,6.658303886925796
argentina,Primera Division,2025 / 2026,Tomás Conechny,27.0,F,Argentina,170.0,68.0,34,15,1826.0,5.0,2.0,0.0,0.0,0,0,7,0.0,0,0.5914567360350492,1.2814895947426068,0.6407447973713034,0.24644030668127054,0.09857612267250822,0.34501642935377874,0.24644030668127054,27.50273822562979,1.0350492880613362,1.5772179627601315,0.09857612267250822,0.39430449069003287,1.9715224534501643,14.29353778751369,5.668127053669222,1.1829134720700984,0.19715224534501644,0.7393209200438117,0.5914567360350492,2.365826944140197,0.34501642935377874,0.0,0.0,15.469534050179211,50.0,39.6551724137931,16.666666666666664,6.5765060240963855
argentina,Primera Division,2025 / 2026,Tomás Durso,26.0,G,Argentina,185.0,80.0,11,11,1029.0,0.0,0.0,0.0,0.0,0,0,1,0.0,0,0.0,0.0,0.0,0.0,0.0,0.0,0.0,25.189504373177844,0.0,0.1749271137026239,0.0,0.0,0.1749271137026239,0.6997084548104956,0.3498542274052478,0.08746355685131195,0.0,0.1749271137026239,0.0,0.0,0.08746355685131195,0.0,0.0,16.461805555555557,,50.0,0.0,6.940233236151603
argentina,Primera Division,2025,Tomás Escalante,26.0,M,Argentina,171.0,71.0,6,1,238.0,0.0,0.0,0.0,0.0,0,0,0,0.0,0,0.0,1.134453781512605,0.0,0.0,0.0,0.0,0.0,36.30252100840336,0.37815126050420167,1.8907563025210086,0.0,0.0,1.8907563025210086,12.857142857142856,5.294117647058823,2.26890756302521,0.7563025210084033,1.134453781512605,1.8907563025210086,1.5126050420168067,0.0,0.0,0.0,15.864583333333334,0.0,41.17647058823529,33.33333333333333,6.621008403361345
argentina,Primera Division,2026,Tomás Fagioli,20.0,D,,,,0,0,0.0,0.0,0.0,0.0,0.0,0,0,0,0.0,0,,,,,,,,,,,,,,,,,,,,,,,,,,,,
argentina,Primera Division,2025 / 2026,Tomás Fernández,27.0,F,Argentina,174.0,78.0,31,20,1744.0,5.0,3.0,0.0,0.0,1,0,6,0.0,0,0.051605504587155966,1.1353211009174313,0.6192660550458716,0.25802752293577985,0.1548165137614679,0.41284403669724773,0.20642201834862386,15.842889908256883,1.599770642201835,1.599770642201835,0.0,0.25802752293577985,1.8577981651376148,11.817660550458715,4.438073394495413,2.8383027522935778,1.3933486238532111,1.0321100917431194,0.7224770642201835,1.548165137614679,0.3096330275229358,0.0,0.0,8.56578947368421,54.54545454545454,37.55458515283843,49.09090909090909,6.815146299483648
argentina,Primera Division,2025 / 2026,Tomás Galván,25.0,M,Argentina,167.0,61.0,38,36,2723.0,5.0,3.0,1.0,0.0,0,0,1,0.0,0,0.09915534337128168,0.7932427469702534,0.4627249357326478,0.1652589056188028,0.09915534337128168,0.2644142489900845,0.1652589056188028,37.8773411678296,1.3220712449504224,1.8839515240543518,0.03305178112376056,0.8262945280940139,2.710246052148366,11.105398457583547,5.784061696658098,2.2805728975394786,0.8593463092177744,0.528828497980169,2.247521116415718,0.9585016525890562,0.03305178112376056,0.0,0.0,30.26876090750436,58.333333333333336,52.083333333333336,37.68115942028986,7.000036724201248
argentina,Primera Division,2026,Tomás Gonzalez,22.0,F,Argentina,,,2,0,38.0,0.0,0.0,0.0,0.0,0,0,0,0.0,0,0.0,0.0,0.0,0.0,0.0,0.0,0.0,35.526315789473685,0.0,0.0,0.0,0.0,0.0,35.526315789473685,16.57894736842105,11.842105263157894,9.473684210526315,0.0,4.7368421052631575,0.0,0.0,0.0,0.0,3.6,,46.666666666666664,80.0,6.3
argentina,Primera Division,2025 / 2026,Tomás Guidara,29.0,D,Argentina,173.0,68.0,45,41,3689.0,0.0,3.0,0.0,1.0,0,0,15,0.0,0,0.04879371103280021,0.2927622661968013,0.04879371103280021,0.0,0.07319056654920032,0.07319056654920032,0.0,32.32583355923014,0.6343182434264029,2.903225806451613,0.2683654106804012,1.0978584982380049,4.001084304689618,10.856600704798048,6.172404445649228,1.1466522092708051,0.3903496882624017,0.46354025481160205,1.390620764434806,1.4882081865004066,0.36595283274600166,0.0,0.0,29.47320754716981,16.666666666666664,56.853932584269664,34.04255319148936,6.92130658715099
argentina,Primera Division,2025,Tomás Jacob,21.0,D,Argentina,180.0,74.0,13,12,1062.0,0.0,0.0,0.0,0.0,0,0,2,0.0,0,0.0,0.5084745762711864,0.2542372881355932,0.0,0.0,0.0,0.0,27.796610169491526,0.0847457627118644,2.6271186440677967,0.9322033898305085,1.0169491525423728,3.6440677966101696,9.576271186440678,6.525423728813559,1.5254237288135593,1.271186440677966,0.847457627118644,1.271186440677966,0.847457627118644,0.1694915254237288,0.0,0.0,30.9390243902439,50.0,68.14159292035397,83.33333333333334,7.021092278719397
argentina,Primera Division,2025 / 2026,Tomás Marchiori,30.0,G,Argentina,186.0,84.0,31,31,2748.0,0.0,0.0,0.0,1.0,0,0,1,0.0,0,0.0,0.0,0.0,0.0,0.0,0.0,0.0,20.633187772925766,0.06550218340611354,0.0,0.0,0.0,0.0,0.5567685589519651,0.42576419213973804,0.03275109170305677,0.03275109170305677,0.06550218340611354,0.0982532751091703,0.03275109170305677,0.03275109170305677,0.0,0.0,15.03015873015873,,76.47058823529412,100.0,6.9132823871906846
argentina,Primera Division,2025,Tomás Menegón,21.0,F,Argentina,169.0,65.0,0,0,0.0,0.0,0.0,0.0,0.0,0,0,0,0.0,0,,,,,,,,,,,,,,,,,,,,,,,,,,,,
argentina,Primera Division,2025 / 2026,Tomás Molina,30.0,F,Argentina,183.0,77.0,49,47,3928.0,16.0,3.0,2.0,0.0,1,2,8,0.0,0,0.824847250509165,2.6120162932790225,1.260183299389002,0.3665987780040733,0.06873727087576374,0.435336048879837,0.3436863543788187,18.14663951120163,0.7561099796334012,1.053971486761711,0.045824847250509164,0.18329938900203666,1.2372708757637474,15.992871690427698,7.4007128309572305,2.909877800407332,1.053971486761711,0.48116089613034624,1.5122199592668024,1.2830957230142568,0.18329938900203666,0.0,0.0,12.453282828282829,48.24561403508772,46.27507163323782,36.22047244094488,6.903564154786151
argentina,Primera Division,2025 / 2026,Tomás Muro,23.0,M,Argentina,180.0,73.0,1,0,36.0,0.0,0.0,0.0,0.0,0,0,1,0.0,0,0.0,2.5,0.0,0.0,0.0,0.0,0.0,45.0,0.0,0.0,0.0,0.0,0.0,17.5,0.0,2.5,0.0,0.0,0.0,7.5,2.5,0.0,0.0,17.0,0.0,0.0,0.0,6.2
argentina,Primera Division,2025 / 2026,Tomás Nasif,21.0,F,Argentina,183.0,78.0,20,10,1104.0,5.0,2.0,0.0,0.0,1,0,0,0.0,0,0.40760869565217395,1.3858695652173914,1.059782608695652,0.40760869565217395,0.16304347826086957,0.5706521739130435,0.32608695652173914,20.706521739130434,0.733695652173913,0.40760869565217395,0.0,0.08152173913043478,0.4891304347826087,17.282608695652172,5.869565217391304,1.9565217391304348,0.9782608695652174,0.24456521739130435,1.2228260869565217,1.3043478260869565,0.0,0.0,0.0,10.37007874015748,76.47058823529412,33.9622641509434,50.0,6.737771739130435
argentina,Primera Division,2025 / 2026,Tomás O'Connor,21.0,M,Argentina,173.0,72.0,19,5,627.0,0.0,0.0,0.0,0.0,0,0,2,0.0,0,0.14354066985645933,0.5741626794258373,0.43062200956937796,0.0,0.0,0.0,0.0,43.63636363636364,0.7177033492822966,3.014354066985646,0.14354066985645933,0.8612440191387559,3.875598086124402,11.913875598086124,5.311004784688995,1.291866028708134,0.43062200956937796,1.4354066985645932,1.4354066985645932,2.2966507177033493,0.28708133971291866,0.0,0.0,21.92105263157895,75.0,44.57831325301205,33.33333333333333,6.822559999999999
argentina,Primera Division,2026,Tomás Ortiz,25.0,M,Argentina,182.0,79.0,1,0,24.0,0.0,0.0,0.0,0.0,0,0,0,0.0,0,0.0,3.75,0.0,0.0,0.0,0.0,0.0,33.75,0.0,0.0,0.0,0.0,0.0,7.5,0.0,0.0,0.0,0.0,0.0,0.0,0.0,0.0,0.0,7.0,0.0,0.0,,6.3
argentina,Primera Division,2026,Tomás Palacios,22.0,D,Argentina,196.0,80.0,12,11,1029.0,0.0,0.0,0.0,0.0,0,0,4,0.0,1,0.0,0.43731778425655976,0.0,0.0,0.0,0.0,0.0,53.265306122448976,0.1749271137026239,1.4868804664723032,0.5247813411078717,1.1370262390670554,2.6239067055393583,10.408163265306122,7.17201166180758,1.2244897959183674,1.0495626822157433,0.1749271137026239,2.011661807580175,0.6997084548104956,0.3498542274052478,0.0,0.08746355685131195,52.92282430213465,0.0,68.90756302521008,85.71428571428571,7.3421768707482995
argentina,Primera Division,2026,Tomás Parmo,17.0,M,Argentina,171.0,,0,0,0.0,0.0,0.0,0.0,0.0,0,0,0,0.0,0,,,,,,,,,,,,,,,,,,,,,,,,,,,,
argentina,Primera Division,2025 / 2026,Tomás Porra,21.0,M,Argentina,173.0,72.0,43,21,2178.0,0.0,5.0,0.0,0.0,0,0,4,0.0,0,0.0,0.5785123966942148,0.2892561983471074,0.0,0.2066115702479339,0.2066115702479339,0.0,34.13223140495868,1.487603305785124,2.1074380165289255,0.08264462809917356,0.9504132231404958,3.0578512396694215,13.099173553719009,6.074380165289257,3.1404958677685952,1.2396694214876034,0.8264462809917356,1.5289256198347108,1.115702479338843,0.1652892561983471,0.0,0.0,21.831105710814096,50.0,46.37223974763407,39.473684210526315,6.738217730822233
argentina,Primera Division,2025,Tomás Pozzo,25.0,M,Argentina,171.0,73.0,8,1,260.0,0.0,0.0,0.0,0.0,0,0,1,0.0,0,0.34615384615384615,0.6923076923076923,0.34615384615384615,0.0,0.0,0.0,0.0,41.88461538461539,3.4615384615384617,1.3846153846153846,0.0,0.0,1.3846153846153846,16.615384615384617,7.615384615384616,4.153846153846154,2.4230769230769234,0.6923076923076923,2.769230769230769,2.769230769230769,0.34615384615384615,0.0,0.0,17.727272727272727,50.0,45.83333333333333,58.333333333333336,6.707692307692308
argentina,Primera Division,2026,Tomás Pérez,19.0,F,Argentina,181.0,73.0,2,0,50.0,0.0,0.0,0.0,0.0,0,0,0,0.0,0,0.0,1.8,1.8,0.0,0.0,0.0,0.0,19.8,0.0,0.0,0.0,0.0,0.0,5.3999999999999995,0.0,0.0,0.0,1.8,0.0,3.6,0.0,0.0,0.0,2.090909090909091,100.0,0.0,,6.42
argentina,Primera Division,2025,Tomás Salteño,20.0,M,Argentina,,,0,0,0.0,0.0,0.0,0.0,0.0,0,0,0,0.0,0,,,,,,,,,,,,,,,,,,,,,,,,,,,,
argentina,Primera Division,2025 / 2026,Tomás Sultani,27.0,G,Argentina,186.0,,1,1,90.0,0.0,0.0,0.0,0.0,0,0,0,0.0,0,0.0,0.0,0.0,0.0,0.0,0.0,0.0,12.0,0.0,0.0,0.0,0.0,0.0,0.0,0.0,0.0,0.0,0.0,0.0,0.0,0.0,0.0,0.0,7.0,,,,7.3
argentina,Primera Division,2026,Ulises Delgado,23.0,F,Paraguay,,,0,0,0.0,0.0,0.0,0.0,0.0,0,0,0,0.0,0,,,,,,,,,,,,,,,,,,,,,,,,,,,,
argentina,Primera Division,2025 / 2026,Ulises Giménez,19.0,D,Argentina,185.0,76.0,1,0,15.0,0.0,0.0,0.0,0.0,0,0,0,0.0,0,0.0,0.0,0.0,0.0,0.0,0.0,0.0,60.0,0.0,0.0,0.0,0.0,0.0,30.0,6.0,12.0,6.0,6.0,0.0,6.0,0.0,0.0,0.0,7.0,,20.0,50.0,6.3
argentina,Primera Division,2025 / 2026,Ulises Ortegoza,28.0,M,Argentina,180.0,71.0,43,32,2778.0,3.0,3.0,0.0,1.0,0,0,12,0.0,1,0.09719222462203024,1.6198704103671706,0.4535637149028077,0.09719222462203024,0.09719222462203024,0.19438444924406048,0.09719222462203024,39.49244060475162,0.9395248380129589,2.7213822894168467,0.25917926565874727,0.48596112311015116,3.207343412526998,11.177105831533478,4.956803455723542,1.7170626349892009,0.6803455723542117,0.7451403887688984,0.6155507559395248,2.1058315334773217,0.38876889848812096,0.0,0.03239740820734341,30.969647251845775,28.000000000000004,44.34782608695652,39.62264150943396,6.708675305975523
argentina,Primera Division,2026,Ulises Piedrabuena,18.0,D,Argentina,,,0,0,0.0,0.0,0.0,0.0,0.0,0,0,0,0.0,0,,,,,,,,,,,,,,,,,,,,,,,,,,,,
argentina,Primera Division,2025 / 2026,Ulises Sánchez,27.0,M,Argentina,167.0,63.0,35,18,1480.0,0.0,1.0,0.0,1.0,0,0,3,0.0,0,0.0,1.2162162162162162,0.3648648648648649,0.0,0.060810810810810814,0.060810810810810814,0.0,32.47297297297297,1.1554054054054055,2.4932432432432434,0.30405405405405406,0.4864864864864865,2.97972972972973,10.824324324324325,5.837837837837839,2.25,1.337837837837838,1.2770270270270272,1.5202702702702704,0.8513513513513514,0.18243243243243246,0.0,0.0,17.06766917293233,30.0,53.93258426966292,59.45945945945946,6.876578411405296
argentina,Primera Division,2025,Uriel La Roza,20.0,F,Argentina,170.0,57.0,0,0,0.0,0.0,0.0,0.0,0.0,0,0,0,0.0,0,,,,,,,,,,,,,,,,,,,,,,,,,,,,
argentina,Primera Division,2025 / 2026,Valente Pierani,19.0,D,Argentina,,,0,0,0.0,0.0,0.0,0.0,0.0,0,0,0,0.0,0,,,,,,,,,,,,,,,,,,,,,,,,,,,,
argentina,Primera Division,2026,Valentin Davila,18.0,F,Argentina,,,16,4,572.0,4.0,0.0,0.0,0.0,0,0,0,0.0,0,0.15734265734265734,2.5174825174825175,1.5734265734265735,0.6293706293706294,0.0,0.6293706293706294,0.6293706293706294,17.15034965034965,0.47202797202797203,1.7307692307692308,0.0,0.0,1.7307692307692308,16.04895104895105,7.080419580419581,3.146853146853147,0.9440559440559441,0.15734265734265734,1.7307692307692308,2.36013986013986,0.0,0.0,0.0,7.467889908256881,62.5,44.11764705882353,30.0,7.020279720279721
argentina,Primera Division,2025 / 2026,Valentin Depietri,25.0,F,Argentina,,,38,21,2074.0,5.0,1.0,0.0,0.0,0,0,8,0.0,1,0.21697203471552556,2.343297974927676,1.2584378013500483,0.21697203471552556,0.04339440694310511,0.2603664416586307,0.21697203471552556,21.350048216007714,1.0414657666345228,1.171648987463838,0.0,0.3471552555448409,1.518804243008679,12.757955641272902,5.554484088717454,5.250723240115718,2.560270009643202,0.4773384763741562,0.9112825458052073,1.171648987463838,0.3471552555448409,0.0,0.04339440694310511,13.648373983739837,53.70370370370371,43.53741496598639,48.760330578512395,6.78794599807136
argentina,Primera Division,2025,Valentin Escalante,21.0,F,Argentina,,,1,0,1.0,0.0,0.0,0.0,0.0,0,0,0,0.0,0,0.0,0.0,0.0,0.0,0.0,0.0,0.0,0.0,0.0,0.0,0.0,0.0,0.0,0.0,0.0,0.0,0.0,0.0,0.0,0.0,0.0,0.0,0.0,,,,,
argentina,Primera Division,2025,Valentin Gelos,22.0,D,Argentina,182.0,71.0,0,0,0.0,0.0,0.0,0.0,0.0,0,0,0,0.0,0,,,,,,,,,,,,,,,,,,,,,,,,,,,,
argentina,Primera Division,2025 / 2026,Valentin Moreno,22.0,D,Argentina,172.0,68.0,13,11,979.0,0.0,0.0,0.0,0.0,0,0,5,0.0,0,0.0,0.3677221654749745,0.18386108273748725,0.0,0.0,0.0,0.0,23.810010214504597,1.0112359550561798,2.7579162410623086,0.09193054136874362,1.195097037793667,3.9530132788559755,8.273748723186925,4.596527068437181,0.735444330949949,0.18386108273748725,1.1031664964249233,0.735444330949949,1.0112359550561798,0.45965270684371806,0.0,0.0,17.602316602316602,50.0,55.55555555555556,25.0,6.778958120531154
argentina,Primera Division,2025 / 2026,Valentino Acuna,19.0,M,Argentina,177.0,75.0,16,8,812.0,1.0,0.0,0.0,0.0,0,0,2,0.0,0,0.0,0.4433497536945813,0.22167487684729065,0.11083743842364532,0.0,0.11083743842364532,0.11083743842364532,24.716748768472907,1.3300492610837438,1.9950738916256159,0.22167487684729065,0.8866995073891626,2.8817733990147785,10.19704433497537,5.20935960591133,3.103448275862069,1.4408866995073892,0.33251231527093594,1.3300492610837438,1.1083743842364533,0.22167487684729065,0.0,0.0,17.798206278026907,50.0,51.08695652173913,46.42857142857143,6.698275862068965
argentina,Primera Division,2025 / 2026,Valentino Gandín,18.0,F,Argentina,,,0,0,0.0,0.0,0.0,0.0,0.0,0,0,0,0.0,0,,,,,,,,,,,,,,,,,,,,,,,,,,,,
argentina,Primera Division,2025 / 2026,Valentino Simoni,21.0,F,Argentina,185.0,81.0,13,7,540.0,0.0,0.0,0.0,0.0,0,0,1,0.0,0,0.16666666666666669,0.8333333333333333,0.6666666666666667,0.0,0.0,0.0,0.0,22.0,1.5,0.6666666666666667,0.0,0.16666666666666669,0.8333333333333333,15.166666666666666,5.166666666666667,1.5,0.6666666666666667,0.5,0.16666666666666669,0.5,0.16666666666666669,0.0,0.0,8.825757575757576,80.0,34.065934065934066,44.44444444444444,6.397955390334572
argentina,Primera Division,2025 / 2026,Valentino Torrente,20.0,M,Argentina,172.0,,0,0,0.0,0.0,0.0,0.0,0.0,0,0,0,0.0,0,,,,,,,,,,,,,,,,,,,,,,,,,,,,
argentina,Primera Division,2025,Valentín Burgoa,25.0,M,Argentina,175.0,65.0,15,5,629.0,1.0,0.0,0.0,0.0,0,0,0,0.0,0,0.0,1.287758346581876,0.8585055643879173,0.14308426073131955,0.0,0.14308426073131955,0.14308426073131955,26.3275039745628,1.4308426073131955,1.7170111287758345,0.0,0.5723370429252782,2.289348171701113,10.15898251192369,4.578696343402226,2.861685214626391,1.4308426073131955,1.1446740858505564,0.8585055643879173,0.5723370429252782,0.0,0.0,0.0,11.858695652173912,66.66666666666666,45.07042253521127,50.0,6.846581875993641
argentina,Primera Division,2026,Valentín Carboni,20.0,M,Argentina,185.0,78.0,5,3,215.0,0.0,0.0,0.0,0.0,0,0,1,0.0,0,0.0,0.8372093023255813,0.0,0.0,0.0,0.0,0.0,20.511627906976745,0.8372093023255813,0.8372093023255813,0.0,0.0,0.8372093023255813,10.046511627906977,2.511627906976744,2.9302325581395348,0.41860465116279066,1.255813953488372,0.8372093023255813,0.8372093023255813,0.41860465116279066,0.0,0.0,12.081632653061224,0.0,25.0,14.285714285714285,6.448803827751196
argentina,Primera Division,2025 / 2026,Valentín Fascendini,22.0,D,Argentina,184.0,80.0,26,23,2044.0,0.0,0.0,0.0,1.0,0,0,6,0.0,1,0.0,0.3082191780821918,0.08806262230919765,0.0,0.0,0.0,0.0,33.8600782778865,0.08806262230919765,1.4530332681017613,0.4843444227005871,0.8365949119373777,2.2896281800391387,9.202544031311154,5.195694716242661,0.22015655577299412,0.13209393346379647,0.26418786692759294,0.8365949119373777,1.4530332681017613,0.26418786692759294,0.0,0.04403131115459882,30.596879063719115,28.57142857142857,56.45933014354066,60.0,6.8195790504160545
argentina,Primera Division,2026,Valentín González,20.0,F,,,,0,0,0.0,0.0,0.0,0.0,0.0,0,0,0,0.0,0,,,,,,,,,,,,,,,,,,,,,,,,,,,,
argentina,Primera Division,2025,Valentín Gómez,22.0,D,Argentina,180.0,76.0,8,8,689.0,0.0,0.0,0.0,1.0,0,0,2,0.0,1,0.13062409288824384,0.13062409288824384,0.0,0.0,0.0,0.0,0.0,45.587808417997095,0.0,1.8287373004354135,0.7837445573294629,0.7837445573294629,2.6124818577648767,6.661828737300436,4.833091436865022,0.39187227866473145,0.2612481857764877,0.6531204644412192,0.39187227866473145,0.39187227866473145,0.2612481857764877,0.0,0.13062409288824384,42.81375358166189,0.0,72.54901960784314,66.66666666666666,6.931059506531205
argentina,Primera Division,2025,Valentín Larralde,25.0,M,Argentina,170.0,65.0,4,1,105.0,0.0,0.0,0.0,0.0,0,0,1,0.0,0,0.0,0.0,0.0,0.0,0.0,0.0,0.0,48.857142857142854,1.7142857142857144,0.0,0.8571428571428572,0.0,0.0,6.857142857142858,3.428571428571429,0.8571428571428572,0.8571428571428572,0.8571428571428572,2.571428571428571,1.7142857142857144,0.8571428571428572,0.0,0.0,19.140350877192983,,50.0,100.0,6.5600000000000005
argentina,Primera Division,2026,Valentín Loza,19.0,D,,,,0,0,0.0,0.0,0.0,0.0,0.0,0,0,0,0.0,0,,,,,,,,,,,,,,,,,,,,,,,,,,,,
argentina,Primera Division,2026,Vicente Pizarro,23.0,M,Chile,172.0,68.0,18,18,1611.0,1.0,1.0,0.0,0.0,0,0,3,0.0,0,0.0,0.44692737430167595,0.22346368715083798,0.055865921787709494,0.055865921787709494,0.11173184357541899,0.055865921787709494,48.10055865921788,1.452513966480447,1.3966480446927374,0.11173184357541899,1.2849162011173185,2.6815642458100557,7.653631284916201,4.078212290502793,1.3407821229050279,1.005586592178771,0.6145251396648045,0.7821229050279329,0.9497206703910613,0.16759776536312848,0.0,0.0,43.43205574912892,50.0,53.284671532846716,75.0,6.947672253258846
argentina,Primera Division,2025,Vicente Poggi,23.0,M,Uruguay,173.0,72.0,31,25,1977.0,1.0,2.0,0.0,1.0,0,0,7,0.0,0,0.09104704097116845,0.8649468892261002,0.3641881638846738,0.045523520485584223,0.09104704097116845,0.13657056145675267,0.045523520485584223,43.06525037936267,0.8194233687405159,3.5963581183611533,0.3641881638846738,1.2746585735963583,4.871016691957512,11.198786039453719,5.690440060698028,0.7738998482549317,0.3641881638846738,1.1836115326251897,0.5918057663125948,2.04855842185129,0.31866464339908956,0.0,0.0,32.98625792811839,42.10526315789473,50.81300813008131,47.05882352941176,6.909104704097118
argentina,Primera Division,2025,Vicente Taborda,24.0,M,Argentina,,,22,20,1632.0,5.0,1.0,0.0,0.0,0,0,5,0.0,0,0.05514705882352941,0.9375,0.4963235294117647,0.2757352941176471,0.05514705882352941,0.33088235294117646,0.2757352941176471,36.01102941176471,2.0955882352941178,1.8198529411764708,0.05514705882352941,0.3860294117647059,2.2058823529411766,15.165441176470589,7.334558823529412,3.860294117647059,1.7095588235294117,1.0477941176470589,2.8125,0.8272058823529412,0.2757352941176471,0.0,0.0,24.162327718223583,52.94117647058824,48.36363636363637,44.285714285714285,7.138909313725491
argentina,Primera Division,2025,Victor Cantillo,32.0,M,Colombia,180.0,70.0,2,0,35.0,0.0,0.0,0.0,0.0,0,0,0,0.0,0,0.0,0.0,0.0,0.0,0.0,0.0,0.0,43.714285714285715,0.0,5.142857142857142,2.571428571428571,7.714285714285714,12.857142857142856,18.0,12.857142857142856,2.571428571428571,2.571428571428571,0.0,0.0,0.0,0.0,0.0,0.0,9.941176470588236,,71.42857142857143,100.0,6.968571428571429
argentina,Primera Division,2025 / 2026,Victorio Ramis,31.0,F,Argentina,180.0,77.0,13,9,578.0,0.0,0.0,0.0,0.0,0,0,0,0.0,0,0.6228373702422145,0.9342560553633218,0.4671280276816609,0.0,0.0,0.0,0.0,17.1280276816609,0.9342560553633218,1.4013840830449826,0.15570934256055363,0.31141868512110726,1.71280276816609,11.98961937716263,6.072664359861593,0.6228373702422145,0.4671280276816609,0.15570934256055363,2.179930795847751,1.4013840830449826,0.0,0.0,0.0,8.854545454545455,50.0,50.649350649350644,75.0,6.733916083916084
argentina,Primera Division,2025 / 2026,Víctor Cuesta,37.0,D,Argentina,187.0,87.0,34,34,3097.0,2.0,0.0,1.0,0.0,0,0,14,0.0,0,0.08718114304165321,0.37778495318049726,0.17436228608330642,0.05812076202776881,0.0,0.05812076202776881,0.05812076202776881,29.670649015175975,0.029060381013884404,1.075234097513723,0.6974491443332257,1.6855020988052956,2.7607361963190185,8.04972554084598,5.5795931546658055,0.23248304811107523,0.08718114304165321,0.290603810138844,0.9589925734581853,0.8718114304165322,0.4068453341943816,0.0,0.0,30.080313418217433,46.15384615384615,69.31407942238266,37.5,7.017371649983855
argentina,Primera Division,2025 / 2026,Walter Bou,32.0,F,Argentina,174.0,74.0,38,28,2298.0,8.0,2.0,0.0,1.0,2,0,3,0.0,0,0.5483028720626633,1.723237597911227,0.9007832898172324,0.3133159268929504,0.0783289817232376,0.39164490861618795,0.2349869451697128,22.67624020887728,0.7832898172323759,1.1357702349869452,0.1174934725848564,0.19582245430809397,1.3315926892950392,10.261096605744125,4.033942558746736,1.9973890339425586,0.8224543080939948,0.0783289817232376,0.7049608355091384,1.1749347258485638,0.1174934725848564,0.0,0.0,13.671875,52.27272727272727,39.31297709923664,41.17647058823529,6.845102307357423
argentina,Primera Division,2025 / 2026,Walter Mazzantti,29.0,F,Argentina,,,44,31,2770.0,4.0,3.0,1.0,0.0,0,0,5,0.0,0,0.5523465703971119,0.8122743682310469,0.4223826714801444,0.1299638989169675,0.09747292418772563,0.22743682310469313,0.1299638989169675,20.04693140794224,1.1371841155234657,2.0469314079422385,0.06498194945848375,0.22743682310469313,2.2743682310469313,12.866425992779783,6.368231046931409,2.664259927797834,1.2996389891696751,1.1046931407942238,2.014440433212996,1.3971119133574008,0.1624548736462094,0.0,0.0,15.063311688311689,52.0,49.494949494949495,48.78048780487805,6.874332129963899
argentina,Primera Division,2025,Walter Montoya,32.0,M,Argentina,171.0,74.0,6,1,242.0,0.0,0.0,0.0,0.0,0,0,1,0.0,0,0.0,0.371900826446281,0.0,0.0,0.0,0.0,0.0,40.16528925619835,1.115702479338843,0.743801652892562,0.0,0.0,0.743801652892562,11.900826446280991,4.834710743801653,2.603305785123967,0.0,0.371900826446281,2.975206611570248,1.115702479338843,0.371900826446281,0.0,0.0,23.87962962962963,0.0,40.625,0.0,6.590909090909091
argentina,Primera Division,2026,Walter Nuñez,22.0,F,Argentina,177.0,,15,9,768.0,1.0,1.0,0.0,0.0,0,0,2,0.0,0,0.0,1.7578125,0.46875,0.1171875,0.1171875,0.234375,0.1171875,19.8046875,1.2890625,2.2265625,0.1171875,0.703125,2.9296875,17.109375,6.9140625,4.6875,2.109375,0.46875,1.7578125,1.875,0.234375,0.0,0.0,11.964497041420119,26.666666666666668,40.41095890410959,45.0,6.632291666666667
argentina,Primera Division,2026,Wilfredo Rivera,22.0,F,Puerto Rico,168.0,67.0,0,0,0.0,0.0,0.0,0.0,0.0,0,0,0,0.0,0,,,,,,,,,,,,,,,,,,,,,,,,,,,,
argentina,Primera Division,2025 / 2026,Williams Alarcón,25.0,M,Chile,182.0,77.0,26,13,1158.0,0.0,2.0,0.0,0.0,0,0,5,0.0,0,0.07772020725388601,0.8549222797927462,0.23316062176165803,0.0,0.15544041450777202,0.15544041450777202,0.0,43.83419689119171,1.3212435233160622,1.3212435233160622,0.46632124352331605,0.9326424870466321,2.2538860103626943,6.994818652849741,3.8860103626943006,1.3989637305699483,0.8549222797927462,0.46632124352331605,1.0103626943005182,0.8549222797927462,0.38860103626943004,0.0,0.0,29.881205673758867,27.27272727272727,55.55555555555556,61.111111111111114,6.965371329879102
argentina,Primera Division,2025 / 2026,Williams Barlasina,27.0,G,Argentina,196.0,84.0,13,12,1118.0,0.0,0.0,0.0,0.0,0,0,0,0.0,0,0.0,0.0,0.0,0.0,0.0,0.0,0.0,20.20572450805009,0.0,0.0,0.0,0.0,0.0,0.4830053667262969,0.4830053667262969,0.08050089445438283,0.08050089445438283,0.0,0.16100178890876565,0.0,0.0,0.0,0.0,11.864541832669323,,100.0,100.0,6.93783542039356
argentina,Primera Division,2025 / 2026,Yair Arismendi,27.0,M,Argentina,,,26,11,1269.0,0.0,0.0,0.0,0.0,0,0,3,0.0,0,0.2127659574468085,0.5673758865248227,0.07092198581560284,0.0,0.0,0.0,0.0,18.51063829787234,0.851063829787234,1.1347517730496455,0.14184397163120568,0.9219858156028368,2.056737588652482,7.659574468085106,4.468085106382979,1.2765957446808511,0.7801418439716312,0.49645390070921985,1.8439716312056735,0.7801418439716312,0.2127659574468085,0.0,0.0,10.857692307692307,12.5,58.333333333333336,61.111111111111114,6.671687697160884
argentina,Primera Division,2026,Yeison Gordillo,33.0,M,Colombia,176.0,73.0,0,0,0.0,0.0,0.0,0.0,0.0,0,0,0,0.0,0,,,,,,,,,,,,,,,,,,,,,,,,,,,,
argentina,Primera Division,2025,Yeison Murillo,32.0,D,Colombia,193.0,88.0,1,0,17.0,0.0,0.0,0.0,0.0,0,0,0,0.0,0,0.0,0.0,0.0,0.0,0.0,0.0,0.0,10.588235294117647,0.0,5.294117647058823,0.0,0.0,5.294117647058823,10.588235294117647,10.588235294117647,0.0,0.0,0.0,0.0,0.0,0.0,0.0,0.0,1.0,,100.0,,6.3
argentina,Primera Division,2025,Yonatan Cabral,33.0,D,Argentina,188.0,84.0,22,16,1440.0,0.0,1.0,0.0,0.0,0,0,6,0.0,1,0.1875,0.3125,0.0625,0.0,0.0625,0.0625,0.0,25.0625,0.1875,1.6875,0.5,1.1875,2.875,6.0625,3.9374999999999996,0.125,0.125,0.375,0.3125,0.6875,0.375,0.0,0.0625,21.2643391521197,20.0,64.94845360824742,100.0,6.712430555555556
argentina,Primera Division,2025 / 2026,Yonatthan Rak,32.0,D,Uruguay,188.0,73.0,26,23,2067.0,0.0,2.0,0.0,0.0,0,0,2,0.0,0,0.0,0.1741654571843251,0.04354136429608128,0.0,0.08708272859216255,0.08708272859216255,0.0,31.088534107402033,0.2612481857764877,1.6110304789550072,0.7837445573294629,1.0885341074020318,2.699564586357039,6.313497822931785,3.918722786647315,0.4354136429608128,0.3047895500725689,0.6095791001451378,0.478955007256894,0.5660377358490566,0.08708272859216255,0.0,0.0,28.633053221288517,25.0,62.06896551724138,70.0,7.025217812197483
argentina,Primera Division,2026,Yoshan Valois,21.0,F,Colombia,,,9,4,409.0,1.0,0.0,0.0,0.0,0,0,0,0.0,0,0.4400977995110024,1.1002444987775062,0.4400977995110024,0.2200488997555012,0.0,0.2200488997555012,0.2200488997555012,19.584352078239608,1.3202933985330074,0.2200488997555012,0.4400977995110024,0.0,0.2200488997555012,13.202933985330073,5.28117359413203,1.5403422982885084,0.6601466992665037,0.0,1.5403422982885084,2.860635696821516,0.0,0.0,0.0,9.898876404494382,40.0,40.0,42.857142857142854,6.453300733496333
argentina,Primera Division,2025 / 2026,Yuri Casermeiro,23.0,D,Argentina,190.0,83.0,21,13,1302.0,0.0,0.0,0.0,0.0,0,0,3,0.0,0,0.1382488479262673,0.3456221198156682,0.06912442396313365,0.0,0.0,0.0,0.0,38.70967741935484,0.0,2.0046082949308754,0.8294930875576036,1.8663594470046083,3.870967741935484,10.023041474654377,6.428571428571428,0.6912442396313364,0.3456221198156682,0.5529953917050692,0.5529953917050692,0.8294930875576036,0.2073732718894009,0.0,0.0,29.107142857142858,20.0,64.13793103448275,50.0,7.035280553420446
argentina,Primera Division,2025,Álan Rodríguez,25.0,M,Uruguay,171.0,63.0,15,15,1266.0,2.0,1.0,0.0,0.0,0,0,2,0.0,0,0.2843601895734597,0.8530805687203792,0.4265402843601896,0.14218009478672985,0.07109004739336493,0.2132701421800948,0.14218009478672985,36.82464454976303,1.5639810426540284,1.5639810426540284,0.0,0.5687203791469194,2.132701421800948,12.796208530805687,5.758293838862559,4.19431279620853,2.061611374407583,0.6398104265402843,1.7772511848341233,0.9241706161137441,0.14218009478672985,0.0,0.0,29.013513513513512,50.0,45.0,49.152542372881356,7.057977883096366
argentina,Primera Division,2025,Álvaro Angulo,28.0,D,Colombia,176.0,72.0,17,10,1089.0,4.0,0.0,0.0,0.0,0,0,4,0.0,0,0.08264462809917356,1.322314049586777,0.6611570247933884,0.3305785123966942,0.0,0.3305785123966942,0.3305785123966942,36.52892561983471,0.743801652892562,1.487603305785124,0.24793388429752067,0.9090909090909092,2.396694214876033,8.84297520661157,5.537190082644628,2.0661157024793386,1.4049586776859504,0.6611570247933884,0.8264462809917356,0.6611570247933884,0.3305785123966942,0.0,0.0,27.79185520361991,50.0,62.616822429906534,68.0,7.512834718374884
argentina,Primera Division,2025 / 2026,Álvaro Montero,30.0,G,Colombia,197.0,98.0,19,18,1727.0,0.0,0.0,0.0,0.0,0,0,1,0.0,0,0.0,0.0,0.0,0.0,0.0,0.0,0.0,21.053850607990736,0.10422698320787492,0.0,0.0,0.0,0.0,0.5211349160393747,0.4690214244354372,0.0,0.0,0.0,0.05211349160393746,0.0,0.05211349160393746,0.0,0.0,10.217821782178218,,90.0,,7.021192819918935
argentina,Primera Division,2025,Álvaro Montoro,18.0,M,Argentina,169.0,,12,8,694.0,0.0,0.0,0.0,0.0,0,0,2,0.0,0,0.0,0.648414985590778,0.0,0.0,0.0,0.0,0.0,36.70028818443804,1.1671469740634006,1.296829971181556,0.12968299711815562,0.7780979827089338,2.07492795389049,15.951008645533141,9.207492795389049,5.835734870317003,3.6311239193083575,0.648414985590778,3.890489913544669,1.296829971181556,0.25936599423631124,0.0,0.0,23.325,0.0,57.72357723577236,62.22222222222222,7.073631123919309
argentina,Primera Division,2025 / 2026,Álvaro Ocampo,21.0,D,Argentina,,,9,2,349.0,0.0,0.0,0.0,0.0,0,0,0,0.0,0,0.0,0.0,0.0,0.0,0.0,0.0,0.0,33.00859598853868,0.25787965616045844,1.2893982808022924,0.5157593123209169,0.25787965616045844,1.5472779369627507,5.415472779369627,2.836676217765043,0.25787965616045844,0.25787965616045844,0.25787965616045844,0.0,0.7736389684813754,0.0,0.0,0.0,18.22047244094488,,52.38095238095239,100.0,6.737931034482759
argentina,Primera Division,2025 / 2026,Ángel Di María,37.0,F,Argentina,178.0,75.0,30,27,2455.0,11.0,7.0,2.0,0.0,4,0,7,0.0,0,0.29327902240325865,1.8696537678207739,1.0631364562118126,0.40325865580448067,0.25661914460285135,0.659877800407332,0.25661914460285135,39.55600814663951,2.969450101832994,0.5132382892057027,0.07331975560081466,0.43991853360488803,0.9531568228105907,11.511201629327903,5.462321792260693,5.169042769857434,2.309572301425662,0.43991853360488803,2.639511201629328,0.6232179226069247,0.25661914460285135,0.0,0.0,31.369786839666357,56.86274509803921,47.452229299363054,44.680851063829785,7.565173116089613
argentina,Primera Division,2026,Ángel Romero,33.0,F,Paraguay,175.0,72.0,9,4,367.0,1.0,0.0,1.0,0.0,0,0,0,0.0,0,0.7356948228882834,1.9618528610354222,0.9809264305177111,0.24523160762942778,0.0,0.24523160762942778,0.24523160762942778,26.73024523160763,0.7356948228882834,1.2261580381471389,0.24523160762942778,0.49046321525885556,1.7166212534059946,14.959128065395097,7.602179836512262,2.20708446866485,0.9809264305177111,0.24523160762942778,2.9427792915531334,0.49046321525885556,0.0,0.0,0.0,15.128440366972477,50.0,50.81967213114754,44.44444444444444,6.8223433242506815
argentina,Primera Division,2025 / 2026,Ángel Stringa,29.0,F,Argentina,,,3,0,50.0,0.0,0.0,0.0,0.0,0,0,1,0.0,0,0.0,0.0,0.0,0.0,0.0,0.0,0.0,18.0,0.0,1.8,0.0,1.8,3.6,9.0,1.8,0.0,0.0,1.8,0.0,5.3999999999999995,1.8,0.0,0.0,4.2,,20.0,,6.463265306122449
argentina,Primera Division,2025 / 2026,Ángelo Marchese,21.0,D,Argentina,173.0,,0,0,0.0,0.0,0.0,0.0,0.0,0,0,0,0.0,0,,,,,,,,,,,,,,,,,,,,,,,,,,,,
argentina,Primera Division,2025,Ángelo Martino,27.0,D,Argentina,178.0,72.0,11,11,959.0,0.0,1.0,0.0,1.0,0,0,2,0.0,0,0.18769551616266944,0.18769551616266944,0.0,0.0,0.09384775808133472,0.09384775808133472,0.0,20.928050052137642,0.7507820646506778,1.9708029197080292,0.18769551616266944,0.9384775808133472,2.9092805005213767,9.197080291970803,4.973931178310741,1.407716371220021,0.3753910323253389,0.4692387904066736,1.6892596454640252,1.1261730969760166,0.18769551616266944,0.0,0.0,16.03587443946188,0.0,54.08163265306123,26.666666666666668,6.82148070907195
argentina,Primera Division,2025 / 2026,Éver Banega,37.0,M,Argentina,176.0,78.0,39,28,2708.0,3.0,5.0,0.0,0.0,0,1,12,0.0,1,0.03323485967503693,0.6314623338257016,0.29911373707533234,0.09970457902511079,0.16617429837518463,0.2658788774002954,0.09970457902511079,56.93131462333826,2.3929098966026587,1.6949778434268832,0.09970457902511079,0.33234859675036926,2.027326440177253,11.100443131462333,5.816100443131462,2.326440177252585,1.5288035450516988,0.8641063515509602,1.9608567208271788,1.4955686853766617,0.39881831610044316,0.0,0.03323485967503693,45.29655575014594,47.368421052631575,52.39520958083832,65.71428571428571,7.4126661742983755
argentina,Primera Division,2026,Óscar Romero,33.0,M,Paraguay,176.0,73.0,12,7,604.0,2.0,0.0,0.0,0.0,2,0,0,0.0,0,0.0,1.3410596026490067,0.8940397350993378,0.2980132450331126,0.0,0.2980132450331126,0.0,39.63576158940397,1.7880794701986755,1.3410596026490067,0.0,0.8940397350993378,2.2350993377483444,7.897350993377484,3.8741721854304636,1.490066225165563,0.5960264900662252,0.2980132450331126,1.9370860927152318,1.0430463576158941,0.0,0.0,0.0,24.169172932330827,66.66666666666666,49.056603773584904,40.0,7.0077814569536425
argentina,Primera Division,2025,‪Ignacio Schor,25.0,F,Argentina,,,34,8,1252.0,1.0,1.0,0.0,0.0,0,0,5,0.0,0,0.7188498402555911,1.5095846645367412,0.7907348242811502,0.0718849840255591,0.0718849840255591,0.1437699680511182,0.0718849840255591,20.05591054313099,1.1501597444089455,1.7971246006389776,0.0,0.43130990415335463,2.228434504792332,13.226837060702875,5.463258785942492,3.6661341853035143,1.5095846645367412,0.35942492012779553,1.0063897763578273,1.5095846645367412,0.35942492012779553,0.0,0.0,10.851985559566787,52.38095238095239,41.30434782608695,41.17647058823529,6.587779552715655
