country,league,season,player_name,age,position,nationality,height,weight,appearances,starts,minutes,goals_total,assists,penalty_won,penalty_committed,penalty_scored,penalty_missed,yellow_cards,yellowred_cards,red_cards,offsides_per90,shots_total_per90,shots_on_per90,goals_total_per90,assists_per90,goals_plus_assists_per90,non_penalty_goals_per90,passes_total_per90,passes_key_per90,tackles_total_per90,blocks_per90,interceptions_per90,tackles_plus_interceptions_per90,duels_total_per90,duels_won_per90,dribbles_attempts_per90,dribbles_success_per90,dribbles_past_per90,fouls_drawn_per90,fouls_committed_per90,yellow_cards_per90,yellowred_cards_per90,red_cards_per90,passes_accuracy_pct,shots_on_target_pct,duels_won_pct,dribbles_success_pct,rating_weighted
england,Premier League,2025,Aaron Hickey,23.0,D,Scotland,178.0,72.0,21,8,716.0,0.0,0.0,0.0,0.0,0,0,1,0.0,0,0.0,0.6284916201117318,0.12569832402234637,0.0,0.0,0.0,0.0,35.824022346368714,0.0,1.8854748603351954,0.7541899441340782,1.005586592178771,2.8910614525139664,8.296089385474861,4.148044692737431,0.8798882681564246,0.0,0.7541899441340782,1.1312849162011174,0.8798882681564246,0.12569832402234637,0.0,0.0,21.37543859649123,20.0,50.0,0.0,6.633146853146853
england,Premier League,2025,Aaron Ramsdale,27.0,G,England,190.0,88.0,12,11,1003.0,0.0,0.0,0.0,0.0,0,0,2,0.0,0,0.0,0.0,0.0,0.0,0.0,0.0,0.0,35.89232303090728,0.08973080757726819,0.0,0.0,0.0,0.0,0.7178464606181455,0.5383848454636092,0.0,0.0,0.0,0.08973080757726819,0.0,0.17946161515453637,0.0,0.0,24.2275,,75.0,,6.632003988035892
england,Premier League,2025,Aaron Ramsey,22.0,M,England,181.0,,0,0,0.0,0.0,0.0,0.0,0.0,0,0,0,0.0,0,,,,,,,,,,,,,,,,,,,,,,,,,,,,
england,Premier League,2025,Aaron Wan-Bissaka,28.0,D,England,183.0,72.0,25,23,2084.0,0.0,2.0,0.0,0.0,0,0,4,0.0,0,0.04318618042226487,0.0,0.0,0.0,0.08637236084452975,0.08637236084452975,0.0,31.785028790786946,0.7773512476007678,1.4683301343570057,0.30230326295585414,1.6842610364683301,3.152591170825336,7.1257197696737045,3.62763915547025,1.4251439539347408,0.690978886756238,0.2591170825335893,0.5182341650671786,0.993282149712092,0.1727447216890595,0.0,0.0,26.241847826086957,,50.90909090909091,48.484848484848484,6.64443378119002
england,Premier League,2025,Abdukodir Khusanov,21.0,D,Uzbekistan,186.0,84.0,21,15,1429.0,0.0,0.0,0.0,0.0,0,0,2,0.0,0,0.0,0.44086773967809656,0.06298110566829951,0.0,0.0,0.0,0.0,68.01959412176348,0.37788663400979705,1.7004898530440868,0.5668299510146956,2.078376487053884,3.7788663400979705,5.731280615815256,3.4639608117564733,0.5668299510146956,0.44086773967809656,0.18894331700489853,0.37788663400979705,0.8817354793561931,0.12596221133659902,0.0,0.0,62.52685185185185,14.285714285714285,60.43956043956044,77.77777777777779,6.942687193841848
england,Premier League,2025,Adam Armstrong,28.0,F,England,172.0,69.0,14,14,1146.0,2.0,2.0,0.0,0.0,1,0,3,0.0,0,0.47120418848167545,0.9424083769633509,0.47120418848167545,0.15706806282722513,0.15706806282722513,0.31413612565445026,0.07853403141361257,11.701570680628272,0.47120418848167545,0.6282722513089005,0.07853403141361257,0.15706806282722513,0.7853403141361257,5.811518324607329,2.356020942408377,1.413612565445026,0.7853403141361257,0.23560209424083772,0.23560209424083772,0.9424083769633509,0.23560209424083772,0.0,0.0,8.89655172413793,50.0,40.54054054054054,55.55555555555556,6.557766143106457
england,Premier League,2025,Adam Aznou,19.0,D,Spain,178.0,70.0,0,0,0.0,0.0,0.0,0.0,0.0,0,0,0,0.0,0,,,,,,,,,,,,,,,,,,,,,,,,,,,,
england,Premier League,2025,Adam Smith,34.0,D,England,180.0,78.0,22,14,1095.0,0.0,2.0,0.0,0.0,0,0,3,0.0,0,0.0,0.0,0.0,0.0,0.1643835616438356,0.1643835616438356,0.0,29.835616438356166,0.410958904109589,1.2328767123287672,0.7397260273972602,0.6575342465753424,1.8904109589041098,7.397260273972602,3.287671232876712,0.0821917808219178,0.0821917808219178,1.2328767123287672,0.9041095890410958,1.5616438356164384,0.24657534246575344,0.0,0.0,23.87292817679558,,44.44444444444444,100.0,6.4965201465201465
england,Premier League,2025,Adam Wharton,21.0,M,England,182.0,77.0,34,29,2562.0,1.0,5.0,0.0,1.0,0,0,6,0.0,1,0.0,0.5971896955503513,0.2107728337236534,0.0351288056206089,0.1756440281030445,0.2107728337236534,0.0351288056206089,43.27868852459016,1.5456674473067917,2.459016393442623,0.1053864168618267,0.9133489461358315,3.3723653395784545,10.117096018735364,4.918032786885246,1.018735362997658,0.5269320843091335,1.5105386416861828,1.0889929742388758,1.2295081967213115,0.2107728337236534,0.0,0.0351288056206089,33.24025974025974,35.294117647058826,48.61111111111111,51.724137931034484,7.13567525370804
england,Premier League,2025,Adama Traoré,29.0,F,Spain,178.0,86.0,24,1,450.0,0.0,0.0,0.0,0.0,0,0,1,0.0,0,1.0,0.8,0.2,0.0,0.0,0.0,0.0,20.6,0.6000000000000001,0.4,0.0,0.0,0.4,12.999999999999998,4.6000000000000005,4.0,2.4000000000000004,0.4,1.6,1.4,0.2,0.0,0.0,5.544554455445544,25.0,35.38461538461539,60.0,6.562416107382551
england,Premier League,2025,Adedamola Samuel Alabi,16.0,M,,,,0,0,0.0,0.0,0.0,0.0,0.0,0,0,0,0.0,0,,,,,,,,,,,,,,,,,,,,,,,,,,,,
england,Premier League,2025,Adrien Truffert,24.0,D,France,176.0,72.0,38,38,3380.0,1.0,5.0,0.0,0.0,0,0,5,0.0,0,0.0,0.29289940828402367,0.15976331360946744,0.026627218934911243,0.1331360946745562,0.15976331360946744,0.026627218934911243,41.53846153846154,0.8520710059171598,2.742603550295858,0.2662721893491124,1.2781065088757395,4.020710059171598,10.624260355029586,5.644970414201184,1.9437869822485208,0.8786982248520709,0.7988165680473372,0.8520710059171598,1.0384615384615385,0.1331360946745562,0.0,0.0,37.425,54.54545454545454,53.1328320802005,45.20547945205479,6.83905325443787
england,Premier League,2025,Airidas Golambeckis,17.0,D,,,,0,0,0.0,0.0,0.0,0.0,0.0,0,0,0,0.0,0,,,,,,,,,,,,,,,,,,,,,,,,,,,,
england,Premier League,2025,Alejandro Garnacho,21.0,F,Argentina,180.0,73.0,24,14,1283.0,1.0,4.0,0.0,0.0,0,0,2,0.0,0,0.1402961808261886,1.613406079501169,0.49103663289166016,0.0701480904130943,0.2805923616523772,0.35074045206547155,0.0701480904130943,33.18004676539361,2.034294621979735,1.1223694466095089,0.0,0.2805923616523772,1.4029618082618862,8.6282151208106,3.9282930631332813,2.7357755261106784,0.9820732657833203,0.6313328137178488,1.613406079501169,0.6313328137178488,0.1402961808261886,0.0,0.0,23.122621564482028,30.434782608695656,45.52845528455284,35.8974358974359,6.913016367887763
england,Premier League,2025,Alex Iwobi,29.0,M,Nigeria,180.0,75.0,29,29,2434.0,4.0,3.0,0.0,0.0,0,0,3,0.0,0,0.03697617091207888,0.8874281018898932,0.5546425636811833,0.14790468364831552,0.11092851273623665,0.2588331963845522,0.14790468364831552,52.8759244042728,1.589975349219392,1.0353327855382088,0.11092851273623665,0.5546425636811833,1.589975349219392,5.102711585866886,2.3294987674609695,1.6639276910435497,0.7025472473294988,0.33278553820870993,0.3697617091207889,0.29580936729663104,0.11092851273623665,0.0,0.0,46.98881118881119,62.5,45.65217391304348,42.22222222222222,7.0902629416598195
england,Premier League,2025,Alex Murphy,21.0,D,Republic of Ireland,188.0,78.0,2,0,16.0,0.0,0.0,0.0,0.0,0,0,0,0.0,0,0.0,0.0,0.0,0.0,0.0,0.0,0.0,39.375,0.0,0.0,5.625,5.625,5.625,0.0,0.0,0.0,0.0,0.0,0.0,0.0,0.0,0.0,0.0,5.285714285714286,,,,6.6
england,Premier League,2025,Alex Scott,22.0,M,England,178.0,68.0,37,34,2859.0,3.0,1.0,0.0,1.0,0,0,5,0.0,0,0.031479538300104935,0.9443861490031479,0.4092339979013641,0.0944386149003148,0.031479538300104935,0.12591815320041974,0.0944386149003148,43.850996852046165,0.8814270724029382,1.8887722980062958,0.47219307450157394,1.1332633788037776,3.0220356768100736,10.482686253934942,5.823714585519412,1.6369359916054564,0.912906610703043,0.7555089192025184,1.8887722980062958,1.4165792235047219,0.15739769150052466,0.0,0.0,37.667385057471265,43.333333333333336,55.55555555555556,55.769230769230774,7.139853044086774
england,Premier League,2025,Alex Tóth,20.0,M,Hungary,181.0,,9,2,185.0,0.0,0.0,0.0,0.0,0,0,1,0.0,0,0.0,0.972972972972973,0.0,0.0,0.0,0.0,0.0,31.621621621621625,2.4324324324324325,0.4864864864864865,0.4864864864864865,1.4594594594594597,1.945945945945946,7.783783783783784,1.945945945945946,1.945945945945946,0.4864864864864865,1.945945945945946,0.972972972972973,0.4864864864864865,0.4864864864864865,0.0,0.0,19.3125,0.0,25.0,25.0,6.478260869565218
england,Premier League,2025,Alexander Isak,26.0,F,Sweden,192.0,77.0,14,8,714.0,3.0,1.0,0.0,0.0,0,0,0,0.0,0,0.0,1.8907563025210086,0.7563025210084033,0.37815126050420167,0.12605042016806722,0.5042016806722689,0.37815126050420167,11.092436974789916,0.25210084033613445,0.8823529411764706,0.12605042016806722,0.0,0.8823529411764706,7.3109243697479,2.142857142857143,1.2605042016806722,0.12605042016806722,0.25210084033613445,0.12605042016806722,0.6302521008403361,0.0,0.0,0.0,6.2727272727272725,40.0,29.310344827586203,10.0,6.47843137254902
england,Premier League,2025,Alexis Mac Allister,27.0,M,Argentina,176.0,69.0,37,31,2675.0,2.0,4.0,0.0,0.0,0,0,7,0.0,0,0.0,1.0766355140186916,0.40373831775700936,0.06728971962616823,0.13457943925233645,0.20186915887850468,0.06728971962616823,48.314018691588785,1.2112149532710281,1.783177570093458,0.30280373831775703,0.7065420560747664,2.489719626168224,8.411214953271028,3.8018691588785045,0.908411214953271,0.37009345794392523,1.3457943925233646,1.0766355140186916,1.177570093457944,0.2355140186915888,0.0,0.0,40.370473537604454,37.5,45.2,40.74074074074074,6.743588785046728
england,Premier League,2025,Alfie Brooks,22.0,G,,,,0,0,0.0,0.0,0.0,0.0,0.0,0,0,0,0.0,0,,,,,,,,,,,,,,,,,,,,,,,,,,,,
england,Premier League,2025,Alfie Cresswell,18.0,M,,,,0,0,0.0,0.0,0.0,0.0,0.0,0,0,0,0.0,0,,,,,,,,,,,,,,,,,,,,,,,,,,,,
england,Premier League,2025,Alfie McNally,21.0,G,England,,,0,0,0.0,0.0,0.0,0.0,0.0,0,0,0,0.0,0,,,,,,,,,,,,,,,,,,,,,,,,,,,,
england,Premier League,2025,Alfie Pond,21.0,D,England,191.0,86.0,0,0,0.0,0.0,0.0,0.0,0.0,0,0,0,0.0,0,,,,,,,,,,,,,,,,,,,,,,,,,,,,
england,Premier League,2025,Alisson,33.0,G,Brazil,193.0,91.0,26,26,2340.0,0.0,0.0,0.0,1.0,0,0,1,0.0,0,0.0,0.0,0.0,0.0,0.0,0.0,0.0,31.346153846153843,0.0,0.0,0.0,0.0,0.0,0.5384615384615385,0.4230769230769231,0.0,0.0,0.038461538461538464,0.2692307692307693,0.038461538461538464,0.038461538461538464,0.0,0.0,26.407361963190183,,78.57142857142857,,6.7846153846153845
england,Premier League,2025,Alphonse Aréola,32.0,G,France,195.0,94.0,20,20,1800.0,0.0,1.0,0.0,1.0,0,0,0,0.0,0,0.0,0.0,0.0,0.0,0.05,0.05,0.0,27.05,0.05,0.0,0.0,0.05,0.05,0.45,0.30000000000000004,0.0,0.0,0.0,0.05,0.05,0.0,0.0,0.0,12.909426987060998,,66.66666666666666,,6.755
england,Premier League,2025,Altay Bayındır,27.0,G,Türkiye,198.0,88.0,6,6,540.0,0.0,0.0,0.0,0.0,0,0,0,0.0,0,0.0,0.0,0.0,0.0,0.0,0.0,0.0,29.5,0.16666666666666669,0.0,0.0,0.0,0.0,1.0,0.8333333333333333,0.16666666666666669,0.16666666666666669,0.16666666666666669,0.5,0.0,0.0,0.0,0.0,19.870056497175142,,83.33333333333334,100.0,6.583333333333333
england,Premier League,2025,Alysson,19.0,F,Brazil,182.0,77.0,3,0,56.0,0.0,0.0,0.0,0.0,0,0,0,0.0,0,0.0,1.607142857142857,0.0,0.0,0.0,0.0,0.0,27.32142857142857,0.0,0.0,0.0,1.607142857142857,1.607142857142857,4.821428571428571,4.821428571428571,3.214285714285714,3.214285714285714,0.0,1.607142857142857,0.0,0.0,0.0,0.0,5.411764705882353,0.0,100.0,100.0,6.483928571428572
england,Premier League,2025,Amad Diallo,23.0,M,Côte d'Ivoire,173.0,72.0,32,27,2344.0,2.0,3.0,1.0,0.0,0,0,2,0.0,0,0.4607508532423208,1.4974402730375427,0.8831058020477816,0.07679180887372014,0.1151877133105802,0.19197952218430034,0.07679180887372014,34.7098976109215,1.5742320819112627,1.4590443686006824,0.1151877133105802,0.6527303754266212,2.111774744027304,9.752559726962458,4.914675767918089,3.0332764505119454,1.4974402730375427,0.7679180887372014,1.4590443686006824,0.8831058020477816,0.07679180887372014,0.0,0.0,29.883849557522122,58.97435897435898,50.39370078740157,49.36708860759494,6.9356655290102385
england,Premier League,2025,Amadou Onana,24.0,M,Belgium,195.0,76.0,25,21,1776.0,2.0,0.0,0.0,0.0,0,0,3,0.0,0,0.0,0.7601351351351352,0.3547297297297297,0.10135135135135136,0.0,0.10135135135135136,0.10135135135135136,43.023648648648646,0.3547297297297297,2.4324324324324325,0.8614864864864864,1.2162162162162162,3.6486486486486487,9.628378378378379,6.131756756756756,0.6587837837837838,0.3547297297297297,0.5574324324324325,1.2668918918918919,1.0135135135135134,0.15202702702702703,0.0,0.0,35.59717314487632,46.666666666666664,63.68421052631579,53.84615384615385,7.090765765765765
england,Premier League,2025,Amara Nallo,19.0,D,England,186.0,72.0,0,0,0.0,0.0,0.0,0.0,0.0,0,0,0,0.0,0,,,,,,,,,,,,,,,,,,,,,,,,,,,,
england,Premier League,2025,Amine Adli,25.0,F,Morocco,174.0,72.0,31,10,1106.0,3.0,1.0,1.0,0.0,0,0,2,0.0,0,0.406871609403255,1.139240506329114,0.732368896925859,0.244122965641953,0.081374321880651,0.325497287522604,0.244122965641953,33.60759493670886,1.301989150090416,2.929475587703436,0.162748643761302,0.569620253164557,3.4990958408679926,14.64737793851718,7.811934900542496,1.790235081374322,0.650994575045208,0.569620253164557,1.790235081374322,2.359855334538879,0.162748643761302,0.0,0.0,16.4455205811138,64.28571428571429,53.333333333333336,36.36363636363637,6.972398190045249
england,Premier League,2025,Andre Annous,18.0,F,England,181.0,,0,0,0.0,0.0,0.0,0.0,0.0,0,0,0,0.0,0,,,,,,,,,,,,,,,,,,,,,,,,,,,,
england,Premier League,2025,Andreas Pereira,29.0,M,Brazil,178.0,71.0,0,0,0.0,0.0,0.0,0.0,0.0,0,0,0,0.0,0,,,,,,,,,,,,,,,,,,,,,,,,,,,,
england,Premier League,2025,Andrew Robertson,31.0,D,Scotland,178.0,64.0,24,11,1188.0,1.0,0.0,0.0,0.0,0,0,0,0.0,0,0.3787878787878788,0.30303030303030304,0.2272727272727273,0.07575757575757576,0.0,0.07575757575757576,0.07575757575757576,53.86363636363637,1.5151515151515151,0.9090909090909092,0.2272727272727273,0.6060606060606061,1.5151515151515151,4.3181818181818175,2.2727272727272725,0.4545454545454546,0.2272727272727273,0.30303030303030304,0.07575757575757576,0.30303030303030304,0.0,0.0,0.0,37.433192686357245,75.0,52.63157894736842,50.0,6.75821398483572
england,Premier League,2025,Andrey Santos,21.0,M,Brazil,180.0,75.0,27,13,1280.0,1.0,0.0,0.0,0.0,0,0,4,0.0,0,0.0703125,0.6328125,0.140625,0.0703125,0.0,0.0703125,0.0703125,56.109375,0.5625,2.6015625,0.421875,1.40625,4.0078125,8.5078125,5.2734375,0.3515625,0.140625,0.9140625,1.5468750000000002,0.9140625,0.28125,0.0,0.0,46.91979949874687,22.22222222222222,61.98347107438017,40.0,7.01203125
england,Premier League,2025,André,24.0,M,Brazil,176.0,77.0,35,30,2766.0,1.0,0.0,0.0,0.0,0,0,12,0.0,0,0.0,0.16268980477223427,0.03253796095444685,0.03253796095444685,0.0,0.03253796095444685,0.03253796095444685,42.52711496746204,0.5856832971800434,2.6681127982646418,0.4229934924078091,0.9761388286334056,3.644251626898048,9.436008676789589,4.815618221258134,1.106290672451193,0.6182212581344902,1.2039045553145336,1.3991323210412148,1.529284164859002,0.39045553145336226,0.0,0.0,39.02142310635042,20.0,51.03448275862069,55.88235294117647,6.818076644974693
england,Premier League,2025,André Onana,29.0,G,Cameroon,190.0,93.0,0,0,0.0,0.0,0.0,0.0,0.0,0,0,0,0.0,0,,,,,,,,,,,,,,,,,,,,,,,,,,,,
england,Premier League,2025,Andrés García,22.0,D,Spain,185.0,77.0,6,1,105.0,0.0,0.0,0.0,0.0,0,0,0,0.0,0,0.0,0.0,0.0,0.0,0.0,0.0,0.0,31.714285714285715,0.0,4.285714285714286,0.8571428571428572,0.0,4.285714285714286,7.714285714285714,4.285714285714286,0.8571428571428572,0.0,0.8571428571428572,0.0,0.8571428571428572,0.0,0.0,0.0,11.486486486486486,,55.55555555555556,0.0,6.425000000000001
england,Premier League,2025,Andy Irving,25.0,M,Scotland,190.0,66.0,7,2,163.0,0.0,0.0,0.0,0.0,0,0,0,0.0,0,0.0,0.0,0.0,0.0,0.0,0.0,0.0,50.79754601226993,1.6564417177914113,3.3128834355828225,0.5521472392638037,0.5521472392638037,3.865030674846626,8.282208588957054,3.3128834355828225,0.5521472392638037,0.0,0.5521472392638037,0.0,0.5521472392638037,0.0,0.0,0.0,29.155555555555555,,40.0,0.0,6.607453416149068
england,Premier League,2025,Angel Gomes,25.0,M,England,168.0,56.0,12,7,488.0,0.0,0.0,0.0,0.0,0,0,1,0.0,0,0.0,1.1065573770491803,0.36885245901639346,0.0,0.0,0.0,0.0,34.67213114754098,1.1065573770491803,1.8442622950819672,0.36885245901639346,0.0,1.8442622950819672,8.114754098360656,4.610655737704918,1.1065573770491803,0.7377049180327869,0.7377049180327869,1.6598360655737705,1.290983606557377,0.18442622950819673,0.0,0.0,18.77659574468085,33.33333333333333,56.81818181818182,66.66666666666666,6.83422131147541
england,Premier League,2025,Angus Gunn,29.0,G,Scotland,196.0,77.0,1,0,45.0,0.0,0.0,0.0,0.0,0,0,0,0.0,0,0.0,0.0,0.0,0.0,0.0,0.0,0.0,38.0,0.0,0.0,0.0,0.0,0.0,0.0,0.0,0.0,0.0,0.0,0.0,0.0,0.0,0.0,0.0,6.0,,,,6.3
england,Premier League,2025,Anthony Elanga,23.0,F,Sweden,178.0,70.0,32,14,1338.0,0.0,1.0,0.0,0.0,0,0,0,0.0,0,0.13452914798206278,0.8071748878923767,0.26905829596412556,0.0,0.06726457399103139,0.06726457399103139,0.0,28.45291479820628,1.0089686098654709,0.9417040358744395,0.0,0.20179372197309417,1.1434977578475336,10.291479820627803,4.37219730941704,2.8251121076233185,0.874439461883408,0.8071748878923767,1.6816143497757847,0.5381165919282511,0.0,0.0,0.0,15.481042654028435,33.33333333333333,42.48366013071895,30.952380952380953,6.640688107703815
england,Premier League,2025,Anthony Gordon,24.0,F,England,183.0,72.0,26,24,1817.0,6.0,2.0,1.0,0.0,3,0,3,0.0,1,0.2476609796367639,1.832691249312053,0.9906439185470556,0.2971931755641167,0.09906439185470556,0.39625756741882223,0.14859658778205834,25.608145294441385,1.2878370941111723,0.9411117226197029,0.0,0.14859658778205834,1.089708310401761,10.599889928453495,5.002751788662631,3.5167859108420476,1.6345624656026416,0.5943863511282333,1.9812878370941112,0.6439185470555862,0.14859658778205834,0.0,0.04953219592735278,20.499032882011605,54.054054054054056,47.19626168224299,46.478873239436616,7.093887665198238
england,Premier League,2025,Anthony Patterson,25.0,G,England,189.0,77.0,0,0,0.0,0.0,0.0,0.0,0.0,0,0,0,0.0,0,,,,,,,,,,,,,,,,,,,,,,,,,,,,
england,Premier League,2025,Antoine Semenyo,25.0,M,Ghana,185.0,79.0,37,37,3200.0,17.0,4.0,0.0,1.0,1,1,7,0.0,0,0.534375,1.9406249999999998,1.153125,0.478125,0.1125,0.590625,0.45,26.325,1.096875,1.265625,0.19687500000000002,0.36562500000000003,1.6312499999999999,12.65625,5.034375,3.6,1.51875,0.5625,0.590625,1.5750000000000002,0.19687500000000002,0.0,0.0,22.490384615384617,59.42028985507246,39.77777777777778,42.1875,7.05234375
england,Premier League,2025,Anton Stach,27.0,M,Germany,193.0,86.0,29,28,2378.0,5.0,3.0,0.0,1.0,0,0,3,0.0,0,0.0,1.1732548359966357,0.5298570227081582,0.18923465096719932,0.1135407905803196,0.3027754415475189,0.18923465096719932,35.53826745164003,2.3843566021867115,2.4600504625735913,0.3406223717409588,0.7569386038687973,3.2169890664423884,11.051303616484441,5.866274179983178,1.5895710681244744,0.7569386038687973,0.9083263246425568,0.9083263246425568,1.362489486963835,0.1135407905803196,0.0,0.0,29.003194888178914,45.16129032258064,53.082191780821915,47.61904761904761,7.171530698065602
england,Premier League,2025,Antonee Robinson,28.0,D,USA,183.0,70.0,22,17,1493.0,1.0,0.0,0.0,0.0,1,0,5,0.0,0,0.12056262558606831,0.12056262558606831,0.060281312793034156,0.060281312793034156,0.0,0.060281312793034156,0.0,48.16476892163429,1.3261888814467515,2.8935030140656393,0.18084393837910245,1.8084393837910249,4.701942397856665,9.223040857334226,5.244474212993971,1.2659075686537173,0.7233757535164098,1.4467515070328196,0.5425318151373074,0.9042196918955124,0.3014065639651708,0.0,0.0,35.0287859824781,50.0,56.86274509803921,57.14285714285714,6.890890823844608
england,Premier League,2025,Antoni Milambo,20.0,M,Netherlands,179.0,68.0,1,1,45.0,0.0,0.0,0.0,0.0,0,0,0,0.0,0,0.0,0.0,0.0,0.0,0.0,0.0,0.0,22.0,0.0,6.0,0.0,0.0,6.0,12.0,10.0,0.0,0.0,0.0,0.0,0.0,0.0,0.0,0.0,8.0,,83.33333333333334,,6.6
england,Premier League,2025,Antonín Kinský,22.0,G,Czechia,190.0,83.0,7,7,630.0,0.0,0.0,0.0,0.0,0,0,1,0.0,0,0.0,0.0,0.0,0.0,0.0,0.0,0.0,31.428571428571427,0.0,0.0,0.0,0.0,0.0,0.5714285714285714,0.5714285714285714,0.0,0.0,0.0,0.14285714285714285,0.0,0.14285714285714285,0.0,0.0,20.095454545454544,,100.0,,6.857142857142857
england,Premier League,2025,Ao Tanaka,27.0,M,Japan,180.0,75.0,28,14,1326.0,2.0,0.0,0.0,0.0,0,0,1,0.0,0,0.0,1.0180995475113122,0.3393665158371041,0.13574660633484165,0.0,0.13574660633484165,0.13574660633484165,46.76470588235294,1.2217194570135748,1.8325791855203621,0.13574660633484165,1.425339366515837,3.2579185520361995,7.53393665158371,3.5294117647058822,0.746606334841629,0.2714932126696833,1.3574660633484164,0.6108597285067874,0.8823529411764706,0.06787330316742082,0.0,0.0,32.032069970845484,33.33333333333333,46.846846846846844,36.36363636363637,6.740936555891238
england,Premier League,2025,Archie Gray,19.0,M,England,187.0,70.0,24,18,1500.0,2.0,2.0,0.0,0.0,0,0,5,0.0,0,0.0,0.48,0.30000000000000004,0.12,0.12,0.24,0.12,32.34,0.48,0.66,0.24,1.02,1.6800000000000002,5.1,1.74,0.96,0.42000000000000004,0.06,0.12,0.72,0.30000000000000004,0.0,0.0,24.76437847866419,62.5,34.11764705882353,43.75,6.605603735823882
england,Premier League,2025,Archie Whitehall,19.0,M,England,,,0,0,0.0,0.0,0.0,0.0,0.0,0,0,0,0.0,0,,,,,,,,,,,,,,,,,,,,,,,,,,,,
england,Premier League,2025,Armando Broja,24.0,F,Albania,191.0,83.0,24,8,874.0,1.0,1.0,0.0,0.0,0,0,0,0.0,0,0.6178489702517163,0.8237986270022883,0.6178489702517163,0.10297482837528604,0.10297482837528604,0.20594965675057209,0.10297482837528604,15.549199084668192,0.5148741418764302,0.6178489702517163,0.0,0.30892448512585813,0.9267734553775744,20.080091533180777,6.693363844393592,2.471395881006865,0.8237986270022883,0.5148741418764302,1.6475972540045767,1.4416475972540046,0.0,0.0,0.0,6.469798657718121,75.0,33.33333333333333,33.33333333333333,6.317276887871854
england,Premier League,2025,Arnaud Kalimuendo,23.0,F,France,178.0,79.0,9,0,107.0,0.0,0.0,0.0,0.0,0,0,0,0.0,0,0.8411214953271028,0.8411214953271028,0.8411214953271028,0.0,0.0,0.0,0.0,24.392523364485978,0.8411214953271028,0.8411214953271028,0.0,0.0,0.8411214953271028,10.093457943925234,4.205607476635514,0.8411214953271028,0.0,0.0,0.0,1.6822429906542056,0.0,0.0,0.0,5.857142857142857,100.0,41.66666666666667,0.0,6.288461538461538
england,Premier League,2025,Arthur Masuaku,32.0,D,Congo DR,179.0,80.0,3,2,127.0,0.0,0.0,0.0,0.0,0,0,1,0.0,0,0.0,0.0,0.0,0.0,0.0,0.0,0.0,34.01574803149606,0.7086614173228346,2.8346456692913384,0.0,1.4173228346456692,4.251968503937007,11.338582677165354,4.960629921259843,2.8346456692913384,1.4173228346456692,2.1259842519685037,0.0,2.1259842519685037,0.7086614173228346,0.0,0.0,17.5625,,43.75,50.0,6.462992125984251
england,Premier League,2025,Ashley Barnes,36.0,F,England,186.0,77.0,7,0,92.0,0.0,0.0,0.0,0.0,0,0,2,0.0,0,1.9565217391304348,0.9782608695652174,0.9782608695652174,0.0,0.0,0.0,0.0,12.717391304347824,0.0,0.0,0.0,0.0,0.0,20.543478260869563,9.782608695652174,0.9782608695652174,0.9782608695652174,0.0,1.9565217391304348,1.9565217391304348,1.9565217391304348,0.0,0.0,1.2222222222222223,100.0,47.61904761904761,100.0,6.410869565217391
england,Premier League,2025,Axel Disasi,27.0,D,France,190.0,83.0,14,14,1255.0,0.0,0.0,0.0,0.0,0,0,1,0.0,0,0.07171314741035857,0.2868525896414343,0.21513944223107567,0.0,0.0,0.0,0.0,40.51792828685259,0.07171314741035857,1.00398406374502,0.8605577689243027,0.7888446215139443,1.792828685258964,4.302788844621514,2.7250996015936257,0.14342629482071714,0.14342629482071714,0.07171314741035857,0.2868525896414343,0.35856573705179284,0.07171314741035857,0.0,0.0,36.743362831858406,75.0,63.33333333333333,100.0,6.723107569721115
england,Premier League,2025,Axel Tuanzebe,28.0,D,England,186.0,75.0,14,14,1202.0,1.0,0.0,0.0,1.0,0,0,1,0.0,0,0.07487520798668885,0.1497504159733777,0.07487520798668885,0.07487520798668885,0.0,0.07487520798668885,0.07487520798668885,42.60399334442596,0.0,1.0482529118136439,0.8236272878535774,0.8236272878535774,1.8718801996672212,5.990016638935108,2.8452579034941765,0.0,0.0,0.37437603993344426,0.1497504159733777,0.9733777038269551,0.07487520798668885,0.0,0.0,38.601054481546576,50.0,47.5,,6.563144758735441
england,Premier League,2025,Ayden Heaven,19.0,D,England,189.0,77.0,17,11,938.0,0.0,1.0,0.0,0.0,0,0,2,0.0,0,0.0,0.19189765458422176,0.0,0.0,0.09594882729211088,0.09594882729211088,0.0,47.398720682302766,0.19189765458422176,2.1108742004264394,1.0554371002132197,0.09594882729211088,2.20682302771855,7.67590618336887,5.277185501066098,0.767590618336887,0.5756929637526652,0.47974413646055436,0.863539445628998,0.6716417910447761,0.19189765458422176,0.0,0.0,41.55668016194332,0.0,68.75,75.0,7.034188034188034
england,Premier League,2025,Bafodé Diakité,24.0,D,France,185.0,74.0,18,15,1286.0,0.0,0.0,0.0,1.0,0,0,1,0.0,0,0.13996889580093314,0.06998444790046657,0.0,0.0,0.0,0.0,0.0,52.41835147744945,0.2099533437013997,1.3996889580093312,0.3499222395023328,0.8398133748055988,2.23950233281493,7.768273716951788,4.199066874027994,0.2099533437013997,0.0,0.2099533437013997,0.3499222395023328,0.5598755832037325,0.06998444790046657,0.0,0.0,49.4365821094793,0.0,54.054054054054056,0.0,6.684280155642023
england,Premier League,2025,Bart Verbruggen,23.0,G,Netherlands,193.0,66.0,38,38,3420.0,0.0,0.0,0.0,1.0,0,0,3,0.0,0,0.0,0.0,0.0,0.0,0.0,0.0,0.0,40.86842105263158,0.026315789473684213,0.026315789473684213,0.0,0.0,0.026315789473684213,0.5526315789473685,0.4210526315789474,0.026315789473684213,0.026315789473684213,0.052631578947368425,0.07894736842105263,0.052631578947368425,0.07894736842105263,0.0,0.0,32.45331616226658,,76.19047619047619,100.0,7.0473684210526315
england,Premier League,2025,Bashir Humphreys,22.0,D,England,187.0,79.0,20,17,1578.0,0.0,0.0,0.0,0.0,0,0,6,0.0,0,0.11406844106463877,0.28517110266159695,0.17110266159695817,0.0,0.0,0.0,0.0,48.536121673003805,0.5133079847908746,1.5399239543726235,1.0836501901140685,0.6273764258555133,2.167300380228137,8.212927756653993,3.935361216730038,0.6844106463878327,0.34220532319391633,0.9695817490494297,0.5703422053231939,0.7984790874524715,0.34220532319391633,0.0,0.0,40.8566392479436,60.0,47.91666666666667,50.0,6.8663705583756345
england,Premier League,2025,Ben Broggio,18.0,M,England,181.0,75.0,0,0,0.0,0.0,0.0,0.0,0.0,0,0,0,0.0,0,,,,,,,,,,,,,,,,,,,,,,,,,,,,
england,Premier League,2025,Ben Davies,32.0,D,Wales,181.0,77.0,3,2,138.0,1.0,0.0,0.0,0.0,0,0,1,0.0,0,0.0,1.3043478260869565,1.3043478260869565,0.6521739130434783,0.0,0.6521739130434783,0.6521739130434783,43.04347826086957,0.6521739130434783,3.2608695652173916,0.6521739130434783,0.6521739130434783,3.9130434782608696,9.782608695652174,5.869565217391304,0.0,0.0,0.0,0.0,1.3043478260869565,0.6521739130434783,0.0,0.0,25.151515151515152,100.0,60.0,,7.246376811594203
england,Premier League,2025,Ben Gannon-Doak,20.0,F,Scotland,175.0,65.0,8,0,122.0,0.0,1.0,0.0,0.0,0,0,0,0.0,0,0.0,1.4754098360655739,0.7377049180327869,0.0,0.7377049180327869,0.7377049180327869,0.0,35.40983606557377,0.7377049180327869,4.426229508196721,0.0,0.7377049180327869,5.163934426229508,18.442622950819672,7.377049180327869,5.901639344262295,1.4754098360655739,2.2131147540983607,0.7377049180327869,2.2131147540983607,0.0,0.0,0.0,5.541666666666667,50.0,40.0,25.0,6.4032786885245905
england,Premier League,2025,Ben White,28.0,D,England,186.0,76.0,12,9,713.0,0.0,1.0,0.0,0.0,0,0,0,0.0,0,0.37868162692847124,0.5049088359046283,0.12622720897615708,0.0,0.12622720897615708,0.12622720897615708,0.0,44.684431977559605,1.0098176718092566,1.8934081346423561,0.5049088359046283,1.1360448807854138,3.02945301542777,8.457223001402525,4.544179523141655,0.5049088359046283,0.37868162692847124,1.0098176718092566,0.7573632538569425,0.6311360448807855,0.0,0.0,0.0,32.80225988700565,25.0,53.73134328358209,75.0,7.029172510518935
england,Premier League,2025,Ben Winterburn,21.0,M,England,185.0,75.0,1,0,13.0,0.0,0.0,0.0,0.0,0,0,0,0.0,0,0.0,0.0,0.0,0.0,0.0,0.0,0.0,6.923076923076923,0.0,0.0,0.0,0.0,0.0,6.923076923076923,0.0,0.0,0.0,0.0,0.0,0.0,0.0,0.0,0.0,,,0.0,,6.200000000000001
england,Premier League,2025,Bendito Mantato,17.0,F,England,180.0,,1,0,15.0,0.0,0.0,0.0,0.0,0,0,0,0.0,0,0.0,0.0,0.0,0.0,0.0,0.0,0.0,30.0,6.0,0.0,0.0,0.0,0.0,6.0,0.0,6.0,0.0,0.0,0.0,0.0,0.0,0.0,0.0,5.0,,0.0,0.0,6.3
england,Premier League,2025,Benjamin Arthur,20.0,D,England,189.0,80.0,0,0,0.0,0.0,0.0,0.0,0.0,0,0,0,0.0,0,,,,,,,,,,,,,,,,,,,,,,,,,,,,
england,Premier League,2025,Benjamin Casey,17.0,F,,,,0,0,0.0,0.0,0.0,0.0,0.0,0,0,0,0.0,0,,,,,,,,,,,,,,,,,,,,,,,,,,,,
england,Premier League,2025,Benjamin Lecomte,34.0,G,France,186.0,78.0,0,0,0.0,0.0,0.0,0.0,0.0,0,0,0,0.0,0,,,,,,,,,,,,,,,,,,,,,,,,,,,,
england,Premier League,2025,Benjamin Šeško,22.0,F,Slovenia,195.0,85.0,30,17,1636.0,11.0,1.0,0.0,0.0,0,0,2,0.0,0,0.3850855745721271,2.8056234718826407,1.8704156479217602,0.6051344743276283,0.0550122249388753,0.6601466992665037,0.6051344743276283,16.833740831295845,0.4951100244498778,0.27506112469437655,0.1100244498777506,0.16503667481662593,0.4400977995110024,11.497555012224938,4.676039119804401,1.6503667481662592,0.5501222493887531,0.16503667481662593,0.33007334963325186,0.9352078239608801,0.1100244498777506,0.0,0.0,10.583606557377049,66.66666666666666,40.66985645933015,33.33333333333333,6.774694376528117
england,Premier League,2025,Benoît Badiashile,24.0,D,France,194.0,75.0,8,6,471.0,0.0,0.0,0.0,0.0,0,0,2,0.0,0,0.0,0.0,0.0,0.0,0.0,0.0,0.0,83.88535031847134,0.0,1.3375796178343948,0.7643312101910827,1.9108280254777068,3.2484076433121016,6.114649681528662,3.2484076433121016,0.0,0.0,0.19108280254777069,0.38216560509554137,1.1464968152866242,0.38216560509554137,0.0,0.0,60.9749430523918,,53.125,,6.790870488322717
england,Premier League,2025,Bernardo Silva,31.0,M,Portugal,173.0,65.0,38,34,2890.0,2.0,4.0,0.0,0.0,0,0,10,0.0,0,0.15570934256055363,0.5294117647058824,0.21799307958477507,0.06228373702422145,0.1245674740484429,0.18685121107266436,0.06228373702422145,68.38754325259515,1.4636678200692042,1.6505190311418685,0.18685121107266436,0.685121107266436,2.3356401384083045,7.598615916955017,3.114186851211073,1.5259515570934257,0.6539792387543253,0.809688581314879,0.685121107266436,1.152249134948097,0.31141868512110726,0.0,0.0,61.68670309653916,41.17647058823529,40.98360655737705,42.857142857142854,6.875328719723184
england,Premier League,2025,Bernd Leno,33.0,G,Germany,189.0,82.0,38,38,3420.0,0.0,0.0,0.0,0.0,0,0,3,0.0,0,0.0,0.0,0.0,0.0,0.0,0.0,0.0,36.684210526315795,0.0,0.10526315789473685,0.0,0.026315789473684213,0.13157894736842105,0.763157894736842,0.736842105263158,0.0,0.0,0.0,0.15789473684210525,0.0,0.07894736842105263,0.0,0.0,29.201578192252512,,96.55172413793103,,6.926315789473684
england,Premier League,2025,Bertrand Traoré,30.0,F,Burkina Faso,181.0,73.0,12,9,638.0,1.0,0.0,0.0,0.0,0,0,1,0.0,0,0.14106583072100312,1.2695924764890283,0.8463949843260189,0.14106583072100312,0.0,0.14106583072100312,0.14106583072100312,25.39184952978056,1.128526645768025,1.5517241379310345,0.42319749216300945,0.28213166144200624,1.8338557993730407,12.131661442006271,5.924764890282131,3.103448275862069,1.974921630094044,0.987460815047022,1.5517241379310345,1.5517241379310345,0.14106583072100312,0.0,0.0,14.738888888888889,66.66666666666666,48.837209302325576,63.63636363636363,6.814285714285714
england,Premier League,2025,Beto,27.0,F,Portugal,194.0,88.0,37,17,1614.0,9.0,1.0,0.0,0.0,0,0,3,0.0,0,0.5018587360594795,1.7843866171003717,0.9479553903345724,0.5018587360594795,0.055762081784386616,0.5576208178438662,0.5018587360594795,11.598513011152415,0.6691449814126393,0.8364312267657993,0.2788104089219331,0.055762081784386616,0.8921933085501859,18.79182156133829,7.4163568773234205,2.2862453531598512,0.7806691449814127,0.16728624535315983,0.6691449814126393,1.8401486988847584,0.16728624535315983,0.0,0.0,6.117073170731707,53.125,39.46587537091988,34.146341463414636,6.753936763794172
england,Premier League,2025,Borna Sosa,27.0,D,Croatia,187.0,79.0,7,0,99.0,0.0,0.0,0.0,0.0,0,0,1,0.0,0,0.0,0.9090909090909092,0.0,0.0,0.0,0.0,0.0,37.27272727272727,1.8181818181818183,2.7272727272727275,0.0,1.8181818181818183,4.545454545454545,10.90909090909091,5.454545454545455,0.9090909090909092,0.0,0.0,0.0,3.6363636363636367,0.9090909090909092,0.0,0.0,8.473684210526315,0.0,50.0,0.0,6.331578947368421
england,Premier League,2025,Boubacar Kamara,26.0,M,France,184.0,68.0,18,17,1418.0,1.0,3.0,0.0,0.0,0,0,5,0.0,0,0.0,0.2538787023977433,0.2538787023977433,0.06346967559943582,0.19040902679830748,0.2538787023977433,0.06346967559943582,51.918194640338506,0.9520451339915373,2.3483779971791257,0.5077574047954866,1.1424541607898449,3.4908321579689705,12.947813822284909,7.362482369534556,1.9675599435825106,0.8885754583921016,1.2059238363892806,1.9040902679830747,1.0789844851904091,0.31734837799717913,0.0,0.0,49.57334963325184,100.0,56.86274509803921,45.16129032258064,7.168970380818054
england,Premier League,2025,Bradley Burrowes,17.0,M,England,,,1,0,16.0,0.0,0.0,0.0,0.0,0,0,0,0.0,0,0.0,0.0,0.0,0.0,0.0,0.0,0.0,28.125,0.0,0.0,0.0,0.0,0.0,16.875,5.625,5.625,0.0,5.625,5.625,0.0,0.0,0.0,0.0,3.0,,33.33333333333333,0.0,6.5
england,Premier League,2025,Braiden Graham,18.0,F,Northern Ireland,175.0,,0,0,0.0,0.0,0.0,0.0,0.0,0,0,0,0.0,0,,,,,,,,,,,,,,,,,,,,,,,,,,,,
england,Premier League,2025,Brajan Gruda,21.0,M,Germany,178.0,70.0,18,8,740.0,1.0,1.0,0.0,0.0,0,0,2,0.0,0,0.24324324324324326,1.4594594594594597,0.7297297297297298,0.12162162162162163,0.12162162162162163,0.24324324324324326,0.12162162162162163,30.040540540540537,1.945945945945946,1.7027027027027029,0.0,0.24324324324324326,1.945945945945946,15.202702702702702,6.810810810810811,6.4459459459459465,2.4324324324324325,0.6081081081081081,1.7027027027027029,1.337837837837838,0.24324324324324326,0.0,0.0,18.101214574898787,50.0,44.800000000000004,37.735849056603776,6.654054054054054
england,Premier League,2025,Brandon Austin,26.0,G,England,188.0,82.0,0,0,0.0,0.0,0.0,0.0,0.0,0,0,0,0.0,0,,,,,,,,,,,,,,,,,,,,,,,,,,,,
england,Premier League,2025,Brenden Aaronson,25.0,F,USA,177.0,68.0,37,30,2473.0,4.0,5.0,0.0,1.0,0,0,3,0.0,0,0.1819652244237768,1.0553983016579054,0.6186817630408411,0.14557217953902143,0.1819652244237768,0.32753740396279823,0.14557217953902143,24.31055398301658,1.2373635260816822,1.8196522442377678,0.14557217953902143,0.5458956732713304,2.3655479175090983,14.156894460169834,5.677315002021836,3.0570157703194503,1.1281843914274161,1.4921148402749695,1.8560452891225232,0.7278608976951072,0.10917913465426607,0.0,0.0,18.038922155688624,58.620689655172406,40.102827763496144,36.904761904761905,6.7746057420137475
england,Premier League,2025,Brennan Johnson,24.0,F,Wales,186.0,73.0,34,19,1752.0,2.0,1.0,0.0,0.0,0,0,6,0.0,0,0.7191780821917808,0.821917808219178,0.2568493150684931,0.10273972602739725,0.05136986301369863,0.1541095890410959,0.10273972602739725,19.623287671232877,0.9760273972602739,1.4897260273972601,0.05136986301369863,0.2054794520547945,1.6952054794520548,7.602739726027397,3.441780821917808,1.4897260273972601,0.46232876712328763,0.7705479452054794,0.7705479452054794,1.0273972602739725,0.3082191780821918,0.0,0.0,10.778947368421052,31.25,45.27027027027027,31.03448275862069,6.599200913242009
england,Premier League,2025,Brian Brobbey,23.0,F,Netherlands,180.0,78.0,31,22,1944.0,7.0,1.0,1.0,1.0,0,0,6,0.0,0,0.3703703703703704,1.3425925925925926,0.8333333333333333,0.32407407407407407,0.0462962962962963,0.3703703703703704,0.32407407407407407,12.731481481481483,0.6944444444444444,0.41666666666666663,0.2777777777777778,0.0,0.41666666666666663,12.175925925925927,5.185185185185185,0.7407407407407408,0.0925925925925926,0.1851851851851852,1.712962962962963,1.5277777777777777,0.2777777777777778,0.0,0.0,8.298181818181819,62.06896551724138,42.585551330798474,12.5,6.592849794238683
england,Premier League,2025,Bruno Fernandes,31.0,M,Portugal,179.0,66.0,35,35,3066.0,9.0,21.0,0.0,1.0,4,2,5,0.0,0,0.11741682974559686,1.6144814090019568,0.7045009784735812,0.26418786692759294,0.6164383561643836,0.8806262230919765,0.14677103718199608,58.561643835616444,4.021526418786692,1.5851272015655575,0.14677103718199608,0.5870841487279843,2.172211350293542,7.984344422700587,3.6399217221135025,1.0567514677103718,0.44031311154598823,1.1448140900195694,1.0273972602739725,0.7338551859099804,0.14677103718199608,0.0,0.0,50.11077694235589,43.63636363636363,45.588235294117645,41.66666666666667,7.641585127201565
england,Premier League,2025,Bruno Guimarães,28.0,M,Brazil,182.0,74.0,29,27,2455.0,9.0,5.0,2.0,0.0,2,0,6,0.0,0,0.07331975560081466,1.319755600814664,0.8431771894093686,0.329938900203666,0.18329938900203666,0.5132382892057027,0.25661914460285135,53.193482688391036,1.6863543788187372,2.2729124236252543,0.10997963340122201,0.5498981670061099,2.8228105906313643,12.20773930753564,6.158859470468432,1.7596741344195521,0.659877800407332,0.9531568228105907,2.74949083503055,1.64969450101833,0.21995926680244401,0.0,0.0,48.28532046864232,63.888888888888886,50.45045045045045,37.5,7.482810590631364
england,Premier League,2025,Bryan Mbeumo,26.0,F,Cameroon,173.0,64.0,33,31,2621.0,11.0,3.0,1.0,0.0,0,0,4,0.0,0,0.24036627241510874,2.0259442960702025,1.0988172453262115,0.3777184280808851,0.10301411674933231,0.4807325448302175,0.3777184280808851,27.333078977489507,1.6138878290728729,0.8584509729111025,0.03433803891644411,0.2747043113315529,1.1331552842426555,9.099580312857688,2.953071346814193,1.8542541014879816,0.618084700495994,0.4807325448302175,0.961465089660435,0.7897748950782144,0.13735215566577644,0.0,0.0,22.925879396984925,54.23728813559322,32.45283018867924,33.33333333333333,6.861159862647844
england,Premier League,2025,Bukayo Saka,24.0,F,England,178.0,72.0,31,25,2225.0,7.0,5.0,0.0,0.0,1,0,2,0.0,0,0.5662921348314607,1.9011235955056178,1.0921348314606742,0.28314606741573034,0.20224719101123598,0.4853932584269663,0.24269662921348314,31.26741573033708,2.548314606741573,1.658426966292135,0.040449438202247195,0.6471910112359551,2.30561797752809,13.186516853932584,6.755056179775281,4.085393258426967,2.0224719101123596,0.6471910112359551,2.1842696629213485,1.3348314606741574,0.08089887640449439,0.0,0.0,22.65588615782665,57.446808510638306,51.22699386503068,49.504950495049506,7.223685393258427
england,Premier League,2025,Callum Bates,20.0,M,,,,0,0,0.0,0.0,0.0,0.0,0.0,0,0,0,0.0,0,,,,,,,,,,,,,,,,,,,,,,,,,,,,
england,Premier League,2025,Callum Hudson-Odoi,25.0,M,England,182.0,76.0,30,21,1849.0,3.0,4.0,0.0,0.0,0,0,0,0.0,0,0.1460248783126014,0.9734991887506761,0.48674959437533805,0.1460248783126014,0.19469983775013522,0.34072471606273663,0.1460248783126014,31.979448350459705,2.141698215251487,0.6814494321254733,0.09734991887506761,0.38939967550027044,1.0708491076257436,6.668469442942131,2.871822606814494,2.82314764737696,1.460248783126014,0.43807463493780424,0.5840995132504057,0.5840995132504057,0.0,0.0,0.0,23.666666666666668,50.0,43.06569343065693,51.724137931034484,6.985235262303949
england,Premier League,2025,Callum Marshall,21.0,F,Northern Ireland,172.0,,2,0,58.0,0.0,0.0,0.0,0.0,0,0,0,0.0,0,1.5517241379310345,1.5517241379310345,0.0,0.0,0.0,0.0,0.0,6.206896551724138,0.0,0.0,0.0,3.103448275862069,3.103448275862069,12.413793103448276,3.103448275862069,3.103448275862069,1.5517241379310345,0.0,0.0,0.0,0.0,0.0,0.0,1.0,0.0,25.0,50.0,6.3500000000000005
england,Premier League,2025,Callum Olusesi,18.0,M,England,175.0,65.0,1,0,14.0,0.0,0.0,0.0,0.0,0,0,0,0.0,0,0.0,0.0,0.0,0.0,0.0,0.0,0.0,51.42857142857142,0.0,0.0,0.0,0.0,0.0,0.0,0.0,0.0,0.0,0.0,0.0,0.0,0.0,0.0,0.0,8.0,,,,6.7
england,Premier League,2025,Callum Wilson,33.0,F,England,180.0,66.0,32,11,1262.0,7.0,1.0,0.0,0.0,0,0,1,0.0,0,0.641838351822504,1.9968304278922346,1.1410459587955626,0.49920760697305866,0.07131537242472266,0.5705229793977813,0.49920760697305866,11.053882725832013,0.5705229793977813,0.28526148969889065,0.14263074484944532,0.21394611727416799,0.49920760697305866,10.554675118858954,3.565768621236133,1.9255150554675118,0.9270998415213947,0.35657686212361334,0.9984152139461173,0.8557844690966719,0.07131537242472266,0.0,0.0,5.374149659863946,57.14285714285714,33.78378378378378,48.148148148148145,6.621632329635499
england,Premier League,2025,Calvin Bassey,26.0,D,Nigeria,185.0,76.0,30,28,2544.0,1.0,0.0,1.0,1.0,0,0,5,0.0,0,0.03537735849056604,0.2122641509433962,0.03537735849056604,0.03537735849056604,0.0,0.03537735849056604,0.03537735849056604,60.38915094339623,0.35377358490566035,2.1933962264150946,0.7429245283018868,0.7783018867924528,2.9716981132075473,8.66745283018868,5.341981132075472,0.7075471698113207,0.35377358490566035,0.24764150943396224,1.4150943396226414,0.990566037735849,0.17688679245283018,0.0,0.0,56.92149970708846,16.666666666666664,61.63265306122449,50.0,6.876572327044025
england,Premier League,2025,Calvin Ramsay,22.0,D,Scotland,177.0,68.0,0,0,0.0,0.0,0.0,0.0,0.0,0,0,0,0.0,0,,,,,,,,,,,,,,,,,,,,,,,,,,,,
england,Premier League,2025,Caoimhin Kelleher,27.0,G,Republic of Ireland,188.0,74.0,37,37,3330.0,0.0,0.0,0.0,3.0,0,0,1,0.0,0,0.0,0.0,0.0,0.0,0.0,0.0,0.0,35.02702702702703,0.08108108108108109,0.027027027027027025,0.0,0.027027027027027025,0.05405405405405405,0.5945945945945945,0.4324324324324324,0.08108108108108109,0.08108108108108109,0.027027027027027025,0.16216216216216217,0.08108108108108109,0.027027027027027025,0.0,0.0,23.43287037037037,,72.72727272727273,100.0,7.045945945945946
england,Premier League,2025,Carlos Alcaraz,23.0,M,Argentina,176.0,68.0,20,6,731.0,0.0,1.0,0.0,0.0,0,0,4,0.0,0,0.12311901504787962,1.4774281805745555,0.615595075239398,0.0,0.12311901504787962,0.12311901504787962,0.0,37.79753761969904,1.231190150478796,1.7236662106703147,0.3693570451436389,0.3693570451436389,2.0930232558139537,12.55813953488372,5.663474692202462,1.8467852257181943,0.8618331053351573,1.4774281805745555,1.4774281805745555,1.231190150478796,0.49247606019151846,0.0,0.0,19.889250814332247,41.66666666666667,45.09803921568628,46.666666666666664,6.39917469050894
england,Premier League,2025,Carlos Baleba,21.0,M,Cameroon,179.0,73.0,31,23,1677.0,0.0,0.0,0.0,1.0,0,0,5,0.0,0,0.0,0.6440071556350626,0.1073345259391771,0.0,0.0,0.0,0.0,40.143112701252235,0.4830053667262969,1.9856887298747763,0.3220035778175313,1.5563506261180682,3.5420393559928445,10.948121645796064,5.474060822898032,1.3416815742397137,0.6440071556350626,0.9660107334525938,1.2880143112701252,1.663685152057245,0.2683363148479428,0.0,0.0,28.33288770053476,16.666666666666664,50.0,48.0,6.649761336515513
england,Premier League,2025,Casemiro,33.0,M,Brazil,185.0,84.0,34,33,2593.0,9.0,2.0,0.0,0.0,0,0,11,0.0,1,0.17354415734670264,1.2495179328962591,0.6247589664481296,0.3123794832240648,0.06941766293868107,0.3817971461627459,0.3123794832240648,55.568839182414195,1.2495179328962591,3.123794832240648,0.9371384496721944,1.0759737755495564,4.1997686077902046,12.425761666023911,6.55996914770536,0.520632472040108,0.2082529888160432,1.7354415734670268,1.2495179328962591,1.5966062475896645,0.3817971461627459,0.0,0.034708831469340534,43.95315427857589,50.0,52.79329608938548,40.0,7.249286540686464
england,Premier League,2025,Chadi Riad,22.0,D,Morocco,186.0,78.0,9,6,554.0,0.0,1.0,0.0,0.0,0,0,2,0.0,0,0.0,0.6498194945848376,0.3249097472924188,0.0,0.1624548736462094,0.1624548736462094,0.0,60.758122743682314,0.1624548736462094,1.2996389891696751,0.48736462093862815,0.9747292418772563,2.2743682310469313,8.772563176895307,4.061371841155235,0.1624548736462094,0.1624548736462094,0.9747292418772563,0.48736462093862815,0.8122743682310469,0.3249097472924188,0.0,0.0,43.580213903743314,50.0,46.2962962962963,100.0,6.549277978339351
england,Premier League,2025,Charalampos Kostoulas,18.0,F,Greece,,,21,2,386.0,2.0,1.0,0.0,0.0,0,0,2,0.0,0,0.9326424870466321,3.7305699481865284,1.8652849740932642,0.46632124352331605,0.23316062176165803,0.6994818652849741,0.46632124352331605,29.61139896373057,2.33160621761658,2.5647668393782386,0.0,0.23316062176165803,2.7979274611398965,25.414507772020727,11.89119170984456,6.295336787564767,2.5647668393782386,0.9326424870466321,1.632124352331606,1.632124352331606,0.46632124352331605,0.0,0.0,8.409448818897637,50.0,46.788990825688074,40.74074074074074,6.6898437500000005
england,Premier League,2025,Charlie Gray,19.0,M,England,,,0,0,0.0,0.0,0.0,0.0,0.0,0,0,0,0.0,0,,,,,,,,,,,,,,,,,,,,,,,,,,,,
england,Premier League,2025,Charlie Stevens,18.0,M,,,,0,0,0.0,0.0,0.0,0.0,0.0,0,0,0,0.0,0,,,,,,,,,,,,,,,,,,,,,,,,,,,,
england,Premier League,2025,Charlie Tasker,19.0,D,England,,,0,0,0.0,0.0,0.0,0.0,0.0,0,0,0,0.0,0,,,,,,,,,,,,,,,,,,,,,,,,,,,,
england,Premier League,2025,Chemsdine Talbi,20.0,F,Morocco,175.0,65.0,28,16,1561.0,4.0,1.0,0.0,0.0,0,0,0,0.0,0,0.11531069827033952,1.1531069827033953,0.5765534913516976,0.23062139654067904,0.05765534913516976,0.2882767456758488,0.23062139654067904,23.177450352338244,0.6918641896220372,0.6342088404868673,0.05765534913516976,0.11531069827033952,0.7495195387572069,5.246636771300449,1.672005124919923,2.0755925688661114,0.9224855861627161,0.7495195387572069,0.05765534913516976,0.2882767456758488,0.0,0.0,0.0,14.676616915422885,50.0,31.868131868131865,44.44444444444444,6.6919923126201155
england,Premier League,2025,Chido Obi-Martin,18.0,F,Denmark,188.0,68.0,0,0,0.0,0.0,0.0,0.0,0.0,0,0,0,0.0,0,,,,,,,,,,,,,,,,,,,,,,,,,,,,
england,Premier League,2025,Chris Richards,25.0,D,USA,188.0,87.0,33,31,2826.0,1.0,0.0,0.0,0.0,0,0,4,0.0,0,0.0,0.25477707006369427,0.06369426751592357,0.03184713375796178,0.0,0.03184713375796178,0.03184713375796178,47.101910828025474,0.28662420382165604,1.7515923566878981,0.6050955414012739,1.3694267515923568,3.1210191082802545,9.585987261146498,5.414012738853503,0.19108280254777069,0.12738853503184713,0.5732484076433121,0.1592356687898089,0.5732484076433121,0.12738853503184713,0.0,0.0,43.827586206896555,25.0,56.47840531561462,66.66666666666666,6.925123849964614
england,Premier League,2025,Chris Rigg,18.0,M,England,177.0,65.0,18,11,773.0,1.0,1.0,0.0,0.0,0,0,1,0.0,0,0.2328589909443726,1.0478654592496766,0.34928848641655885,0.1164294954721863,0.1164294954721863,0.2328589909443726,0.1164294954721863,24.79948253557568,1.0478654592496766,1.5135834411384217,0.1164294954721863,0.4657179818887452,1.979301423027167,7.567917205692108,3.7257438551099615,1.5135834411384217,0.815006468305304,0.5821474773609314,0.9314359637774904,0.9314359637774904,0.1164294954721863,0.0,0.0,13.502369668246445,33.33333333333333,49.23076923076923,53.84615384615385,6.605844155844156
england,Premier League,2025,Chris Wood,34.0,F,New Zealand,191.0,81.0,15,11,906.0,3.0,0.0,0.0,0.0,0,0,0,0.0,0,0.3973509933774834,2.2847682119205297,0.8940397350993378,0.2980132450331126,0.0,0.2980132450331126,0.2980132450331126,15.993377483443707,0.49668874172185434,0.09933774834437085,0.3973509933774834,0.09933774834437085,0.1986754966887417,8.642384105960266,3.377483443708609,0.1986754966887417,0.09933774834437085,0.49668874172185434,0.5960264900662252,0.5960264900662252,0.0,0.0,0.0,8.608695652173912,39.130434782608695,39.08045977011494,50.0,6.660816777041942
england,Premier League,2025,Christantus Uche,22.0,M,Spain,190.0,84.0,14,0,193.0,0.0,0.0,1.0,0.0,0,0,0,0.0,0,1.3989637305699483,1.8652849740932642,0.9326424870466321,0.0,0.0,0.0,0.0,27.512953367875646,0.0,0.46632124352331605,0.0,0.0,0.46632124352331605,22.383419689119172,7.461139896373057,1.8652849740932642,0.0,1.8652849740932642,3.264248704663212,1.8652849740932642,0.0,0.0,0.0,3.6363636363636362,50.0,33.33333333333333,0.0,6.401041666666667
england,Premier League,2025,Christian Nørgaard,31.0,M,Denmark,187.0,73.0,7,1,108.0,0.0,0.0,0.0,0.0,0,0,0,0.0,0,0.0,1.6666666666666665,0.8333333333333333,0.0,0.0,0.0,0.0,50.83333333333333,0.0,2.5,0.8333333333333333,0.0,2.5,13.333333333333332,4.166666666666666,0.0,0.0,3.333333333333333,0.0,2.5,0.0,0.0,0.0,22.327868852459016,50.0,31.25,,6.4663551401869155
england,Premier League,2025,Christos Mandas,24.0,G,Greece,189.0,83.0,0,0,0.0,0.0,0.0,0.0,0.0,0,0,0,0.0,0,,,,,,,,,,,,,,,,,,,,,,,,,,,,
england,Premier League,2025,Cody Gakpo,26.0,M,Netherlands,193.0,76.0,36,32,2754.0,7.0,5.0,1.0,0.0,0,0,3,0.0,0,0.9803921568627452,1.7647058823529411,0.6862745098039216,0.22875816993464052,0.16339869281045752,0.3921568627450981,0.22875816993464052,24.509803921568626,1.7320261437908495,0.9150326797385621,0.13071895424836602,0.42483660130718953,1.3398692810457518,10.915032679738562,5.294117647058823,2.2549019607843137,1.1111111111111112,0.45751633986928103,1.4379084967320261,1.3725490196078431,0.09803921568627452,0.0,0.0,19.26,38.88888888888889,48.50299401197605,49.275362318840585,6.968917937545387
england,Premier League,2025,Cole Palmer,23.0,M,England,189.0,76.0,26,24,1965.0,10.0,1.0,0.0,0.0,5,1,5,0.0,0,0.0916030534351145,1.969465648854962,1.1450381679389312,0.45801526717557256,0.04580152671755725,0.5038167938931297,0.22900763358778628,37.55725190839695,1.1450381679389312,1.1450381679389312,0.0,0.6870229007633587,1.8320610687022902,8.702290076335878,3.8473282442748094,3.068702290076336,1.0076335877862594,0.45801526717557256,1.6946564885496183,0.5954198473282443,0.22900763358778628,0.0,0.0,29.431707317073172,58.139534883720934,44.21052631578947,32.83582089552239,7.026666666666666
england,Premier League,2025,Connor Roberts,30.0,D,Wales,175.0,72.0,0,0,0.0,0.0,0.0,0.0,0.0,0,0,0,0.0,0,,,,,,,,,,,,,,,,,,,,,,,,,,,,
england,Premier League,2025,Conor Bradley,22.0,D,Northern Ireland,180.0,64.0,15,12,932.0,0.0,1.0,0.0,0.0,0,0,5,0.0,0,0.09656652360515021,0.19313304721030042,0.0,0.0,0.09656652360515021,0.09656652360515021,0.0,47.51072961373391,0.38626609442060084,1.834763948497854,0.38626609442060084,1.255364806866953,3.0901287553648067,13.133047210300429,5.890557939914164,2.124463519313305,0.6759656652360515,1.448497854077253,1.9313304721030042,1.7381974248927041,0.48283261802575106,0.0,0.0,31.790650406504064,0.0,44.85294117647059,31.818181818181817,6.618454935622317
england,Premier League,2025,Conor Gallagher,25.0,M,England,183.0,77.0,16,14,1196.0,1.0,1.0,0.0,0.0,0,0,2,0.0,0,0.07525083612040134,0.677257525083612,0.3010033444816054,0.07525083612040134,0.07525083612040134,0.1505016722408027,0.07525083612040134,39.280936454849495,0.9782608695652174,1.6555183946488297,0.3010033444816054,1.354515050167224,3.0100334448160533,10.08361204013378,4.891304347826087,1.5050167224080266,0.9030100334448161,0.9030100334448161,1.7307692307692308,1.8812709030100334,0.1505016722408027,0.0,0.0,33.775862068965516,44.44444444444444,48.507462686567166,60.0,6.804933110367893
england,Premier League,2025,Conor McManus,21.0,M,Republic of Ireland,,,0,0,0.0,0.0,0.0,0.0,0.0,0,0,0,0.0,0,,,,,,,,,,,,,,,,,,,,,,,,,,,,
england,Premier League,2025,Cristhian Mosquera,21.0,D,Spain,191.0,78.0,20,9,1003.0,0.0,0.0,0.0,0.0,0,0,4,0.0,0,0.08973080757726819,0.08973080757726819,0.0,0.0,0.0,0.0,0.0,56.79960119641076,0.448654037886341,2.871385842472582,0.6281156530408774,0.7178464606181455,3.589232303090728,10.767696909272184,5.383848454636092,0.2691924227318046,0.08973080757726819,0.448654037886341,0.6281156530408774,1.5254237288135593,0.35892323030907275,0.0,0.0,49.1216429699842,0.0,50.0,33.33333333333333,7.035
england,Premier League,2025,Cristian Romero,27.0,D,Argentina,185.0,78.0,23,22,1872.0,4.0,1.0,0.0,0.0,0,0,11,0.0,2,0.04807692307692308,0.721153846153846,0.28846153846153844,0.19230769230769232,0.04807692307692308,0.2403846153846154,0.19230769230769232,54.230769230769226,0.5769230769230769,2.7884615384615383,0.6730769230769231,1.4903846153846154,4.278846153846153,11.25,7.451923076923077,0.4807692307692308,0.38461538461538464,0.5288461538461539,0.7692307692307693,1.5384615384615385,0.5288461538461539,0.0,0.09615384615384616,48.531028368794324,40.0,66.23931623931624,80.0,7.209081196581196
england,Premier League,2025,Crysencio Summerville,24.0,M,Netherlands,174.0,64.0,31,29,2480.0,5.0,2.0,1.0,0.0,0,0,6,0.0,0,0.21774193548387097,1.1612903225806452,0.5443548387096774,0.1814516129032258,0.07258064516129033,0.2540322580645161,0.1814516129032258,23.116935483870968,1.0161290322580645,1.6330645161290325,0.14516129032258066,0.5806451612903226,2.213709677419355,12.22983870967742,6.169354838709677,3.737903225806452,1.8508064516129032,0.5080645161290323,2.431451612903226,1.7782258064516128,0.21774193548387097,0.0,0.0,19.37519623233909,46.875,50.445103857566764,49.51456310679612,7.052741935483871
england,Premier League,2025,Curtis Jones,24.0,M,England,185.0,78.0,34,18,1950.0,1.0,2.0,0.0,0.0,0,0,2,0.0,0,0.0,0.7384615384615385,0.3230769230769231,0.046153846153846156,0.09230769230769231,0.13846153846153847,0.046153846153846156,75.96923076923078,0.9692307692307692,1.8461538461538463,0.27692307692307694,0.8307692307692308,2.6769230769230767,9.276923076923078,4.707692307692308,1.5692307692307692,1.0153846153846156,0.9692307692307692,1.3384615384615384,0.7846153846153846,0.09230769230769231,0.0,0.0,61.4678007290401,43.75,50.74626865671642,64.70588235294117,6.900307692307693
england,Premier League,2025,Daichi Kamada,29.0,M,Japan,184.0,76.0,28,22,1908.0,0.0,0.0,1.0,0.0,0,0,3,0.0,0,0.04716981132075472,0.5660377358490566,0.18867924528301888,0.0,0.0,0.0,0.0,38.91509433962264,0.9433962264150944,2.9716981132075473,0.04716981132075472,0.6603773584905661,3.6320754716981134,9.952830188679245,5.471698113207547,1.1320754716981132,0.5660377358490566,1.1320754716981132,1.3207547169811322,1.4150943396226414,0.14150943396226415,0.0,0.0,30.384242424242423,33.33333333333333,54.976303317535546,50.0,6.935901467505241
england,Premier League,2025,Dan Burn,33.0,D,England,198.0,87.0,29,25,2209.0,1.0,2.0,1.0,1.0,0,0,11,0.0,1,0.12222725215029426,0.28519692168401994,0.12222725215029426,0.040742417383431415,0.08148483476686283,0.12222725215029426,0.040742417383431415,42.98325033952015,0.28519692168401994,1.6296966953372567,0.48890900860117703,0.8555907650520598,2.4852874603893165,11.204164780443639,6.152105024898144,0.12222725215029426,0.08148483476686283,0.7333635129017656,0.5296514259846085,1.4667270258035312,0.4481665912177456,0.0,0.040742417383431415,35.035071090047396,42.857142857142854,54.90909090909091,66.66666666666666,6.578859212313264
england,Premier League,2025,Dan Ndoye,25.0,F,Switzerland,184.0,79.0,24,14,1176.0,1.0,1.0,0.0,0.0,0,0,1,0.0,0,0.6887755102040816,0.8418367346938775,0.30612244897959184,0.07653061224489796,0.07653061224489796,0.15306122448979592,0.07653061224489796,21.581632653061224,1.0714285714285714,1.7602040816326532,0.15306122448979592,0.7653061224489797,2.5255102040816326,11.403061224489797,5.280612244897959,2.5255102040816326,0.9948979591836735,0.9183673469387754,1.683673469387755,1.2244897959183674,0.07653061224489796,0.0,0.0,13.617021276595745,36.36363636363637,46.308724832214764,39.39393939393939,6.663543441226576
england,Premier League,2025,Dan Neil,24.0,M,England,185.0,62.0,3,0,13.0,0.0,0.0,0.0,0.0,0,0,0,0.0,0,0.0,0.0,0.0,0.0,0.0,0.0,0.0,62.30769230769231,0.0,0.0,0.0,6.923076923076923,6.923076923076923,20.76923076923077,6.923076923076923,0.0,0.0,0.0,6.923076923076923,0.0,0.0,0.0,0.0,8.0,,33.33333333333333,,6.7
england,Premier League,2025,Dane Scarlett,21.0,F,England,180.0,76.0,2,0,21.0,0.0,0.0,0.0,0.0,0,0,0,0.0,0,0.0,0.0,0.0,0.0,0.0,0.0,0.0,17.142857142857142,0.0,0.0,0.0,0.0,0.0,17.142857142857142,0.0,0.0,0.0,0.0,0.0,4.285714285714286,0.0,0.0,0.0,1.0,,0.0,,6.485714285714287
england,Premier League,2025,Dango Ouattara,23.0,M,Burkina Faso,177.0,71.0,32,25,2279.0,7.0,3.0,5.0,0.0,0,0,5,0.0,0,0.35541904344010533,1.6586222027204913,0.7898200965335674,0.2764370337867486,0.11847301448003511,0.3949100482667837,0.2764370337867486,19.153137340939008,1.0662571303203159,0.9477841158402809,0.0,0.9477841158402809,1.8955682316805618,12.834576568670471,5.449758666081615,3.1592803861342698,0.9082931110136024,0.7108380868802107,1.5401491882404565,1.0662571303203159,0.19745502413339186,0.0,0.0,12.144050104384133,47.61904761904761,42.46153846153846,28.749999999999996,6.9364633611233
england,Premier League,2025,Daniel Ballard,26.0,D,Northern Ireland,187.0,85.0,29,24,2148.0,2.0,0.0,1.0,0.0,0,0,4,0.0,1,0.12569832402234637,0.8798882681564246,0.3770949720670391,0.08379888268156424,0.0,0.08379888268156424,0.08379888268156424,46.21508379888268,0.6284916201117318,1.38268156424581,1.005586592178771,0.8379888268156425,2.2206703910614527,11.941340782122905,7.039106145251397,0.20949720670391062,0.12569832402234637,0.25139664804469275,1.2569832402234635,1.2150837988826815,0.16759776536312848,0.0,0.04189944134078212,40.596554850407976,42.857142857142854,58.94736842105262,60.0,6.904841713221602
england,Premier League,2025,Daniel Bentley,32.0,G,England,188.0,73.0,3,3,270.0,0.0,0.0,0.0,0.0,0,0,0,0.0,0,0.0,0.0,0.0,0.0,0.0,0.0,0.0,29.333333333333336,0.0,0.0,0.0,0.0,0.0,1.0,1.0,0.0,0.0,0.0,0.6666666666666667,0.0,0.0,0.0,0.0,15.215909090909092,,100.0,,7.133333333333334
england,Premier League,2025,Daniel Imray,22.0,D,England,178.0,,0,0,0.0,0.0,0.0,0.0,0.0,0,0,0,0.0,0,,,,,,,,,,,,,,,,,,,,,,,,,,,,
england,Premier League,2025,Daniel James,28.0,M,Wales,171.0,63.0,19,6,566.0,0.0,0.0,0.0,0.0,0,0,0,0.0,0,0.15901060070671377,1.1130742049469964,0.4770318021201414,0.0,0.0,0.0,0.0,18.92226148409894,1.431095406360424,1.1130742049469964,0.0,0.15901060070671377,1.2720848056537102,9.063604240282684,4.4522968197879855,2.385159010600707,0.9540636042402828,1.2720848056537102,1.2720848056537102,0.15901060070671377,0.0,0.0,0.0,5.423728813559322,42.857142857142854,49.122807017543856,40.0,6.70849557522124
england,Premier League,2025,Daniel Muñoz,29.0,M,Colombia,180.0,73.0,29,29,2403.0,4.0,3.0,0.0,0.0,0,0,7,0.0,0,0.299625468164794,0.7490636704119851,0.48689138576779023,0.149812734082397,0.11235955056179775,0.26217228464419473,0.149812734082397,30.861423220973784,1.048689138576779,2.7715355805243447,0.03745318352059925,0.9737827715355805,3.745318352059925,9.962546816479401,5.168539325842697,0.5617977528089887,0.0749063670411985,0.7865168539325843,0.6741573033707865,1.3108614232209739,0.26217228464419473,0.0,0.0,25.756067961165048,65.0,51.8796992481203,13.333333333333334,6.941032043279234
england,Premier League,2025,Danny Welbeck,35.0,F,England,185.0,73.0,37,26,2268.0,13.0,1.0,0.0,0.0,1,2,5,0.0,0,0.1984126984126984,1.8253968253968254,1.1111111111111112,0.5158730158730158,0.03968253968253968,0.5555555555555556,0.47619047619047616,19.285714285714285,0.7936507936507936,0.9523809523809523,0.0,0.3571428571428571,1.3095238095238095,7.063492063492063,2.5396825396825395,1.0714285714285714,0.4365079365079365,0.5158730158730158,0.3968253968253968,1.1904761904761905,0.1984126984126984,0.0,0.0,13.602880658436215,60.86956521739131,35.95505617977528,40.74074074074074,6.670767195767195
england,Premier League,2025,David Brooks,28.0,M,Wales,173.0,62.0,31,13,1220.0,1.0,3.0,0.0,0.0,0,0,6,0.0,0,0.14754098360655737,2.2868852459016393,0.9590163934426229,0.07377049180327869,0.2213114754098361,0.29508196721311475,0.07377049180327869,32.82786885245902,1.9180327868852458,1.4016393442622952,0.0,0.29508196721311475,1.69672131147541,9.811475409836065,4.057377049180328,3.024590163934426,1.2540983606557377,1.4754098360655739,0.9590163934426229,0.8114754098360656,0.4426229508196722,0.0,0.0,16.67865168539326,41.935483870967744,41.35338345864661,41.46341463414634,6.690573770491803
england,Premier League,2025,David Möller Wolfe,23.0,D,Norway,185.0,78.0,22,11,1061.0,0.0,2.0,0.0,0.0,0,0,1,0.0,0,0.0,0.08482563619227144,0.0,0.0,0.1696512723845429,0.1696512723845429,0.0,22.054665409990577,0.6786050895381716,0.8482563619227144,0.1696512723845429,0.5937794533459001,1.4420358152686146,4.750235626767201,2.5447690857681433,0.6786050895381716,0.4241281809613572,0.2544769085768143,0.3393025447690858,0.8482563619227144,0.08482563619227144,0.0,0.0,14.315384615384616,0.0,53.57142857142857,62.5,6.582514177693762
england,Premier League,2025,David Raya,30.0,G,Spain,183.0,80.0,37,37,3330.0,0.0,0.0,0.0,0.0,0,0,1,0.0,0,0.0,0.0,0.0,0.0,0.0,0.0,0.0,29.43243243243243,0.08108108108108109,0.027027027027027025,0.0,0.027027027027027025,0.05405405405405405,0.7027027027027026,0.6756756756756757,0.027027027027027025,0.027027027027027025,0.0,0.3783783783783784,0.0,0.027027027027027025,0.0,0.0,20.738292011019283,,96.15384615384616,100.0,6.954054054054054
england,Premier League,2025,Dean Benamar,17.0,D,,,,0,0,0.0,0.0,0.0,0.0,0.0,0,0,0,0.0,0,,,,,,,,,,,,,,,,,,,,,,,,,,,,
england,Premier League,2025,Dean Henderson,28.0,G,England,188.0,85.0,37,37,3330.0,0.0,0.0,0.0,2.0,0,0,5,0.0,0,0.0,0.0,0.0,0.0,0.0,0.0,0.0,30.135135135135137,0.027027027027027025,0.027027027027027025,0.0,0.05405405405405405,0.08108108108108109,0.6756756756756757,0.5675675675675675,0.027027027027027025,0.027027027027027025,0.0,0.13513513513513514,0.05405405405405405,0.13513513513513514,0.0,0.0,16.895067264573992,,84.0,100.0,6.935135135135135
england,Premier League,2025,Declan Rice,26.0,M,England,188.0,84.0,36,35,3099.0,4.0,5.0,0.0,0.0,0,0,3,0.0,0,0.02904162633107454,0.7841239109390127,0.37754114230396907,0.11616650532429816,0.1452081316553727,0.2613746369796709,0.11616650532429816,62.03291384317522,1.8586640851887706,2.032913843175218,0.34849951597289447,1.074540174249758,3.107454017424976,6.999031945788964,4.211035818005809,0.813165537270087,0.4065827686350435,0.4065827686350435,0.3194578896418199,0.7550822846079381,0.08712487899322362,0.0,0.0,56.40215355805243,48.148148148148145,60.16597510373444,50.0,7.474669248144563
england,Premier League,2025,Dennis Cirkin,23.0,D,England,182.0,78.0,8,3,329.0,0.0,0.0,0.0,0.0,0,0,2,0.0,0,0.0,0.2735562310030395,0.0,0.0,0.0,0.0,0.0,27.082066869300913,0.0,2.188449848024316,0.2735562310030395,1.3677811550151977,3.5562310030395134,9.574468085106384,4.924012158054711,1.094224924012158,0.8206686930091185,0.547112462006079,0.547112462006079,1.094224924012158,0.547112462006079,0.0,0.0,14.0,0.0,51.42857142857142,75.0,6.757798165137615
england,Premier League,2025,Destiny Udogie,23.0,D,Italy,186.0,73.0,20,14,1341.0,0.0,1.0,0.0,0.0,0,0,4,0.0,0,0.20134228187919462,0.1342281879194631,0.06711409395973154,0.0,0.06711409395973154,0.06711409395973154,0.0,39.261744966442954,0.8053691275167785,2.0805369127516777,0.33557046979865773,0.4697986577181208,2.5503355704697985,8.859060402684564,4.429530201342282,1.2080536912751678,0.40268456375838924,0.8053691275167785,1.4765100671140938,1.1409395973154361,0.2684563758389262,0.0,0.0,30.172649572649572,50.0,50.0,33.33333333333333,6.503057419835944
england,Premier League,2025,Diego Coppola,22.0,D,Italy,192.0,78.0,5,2,201.0,0.0,0.0,0.0,0.0,0,0,2,0.0,0,0.0,0.0,0.0,0.0,0.0,0.0,0.0,51.04477611940298,0.0,0.8955223880597015,0.8955223880597015,0.44776119402985076,1.3432835820895521,12.08955223880597,5.820895522388059,0.44776119402985076,0.44776119402985076,0.8955223880597015,0.0,1.791044776119403,0.8955223880597015,0.0,0.0,46.14035087719298,,48.148148148148145,100.0,6.63
england,Premier League,2025,Diego Gómez,22.0,M,Paraguay,183.0,77.0,32,26,2137.0,5.0,1.0,0.0,1.0,0,0,9,0.0,0,0.04211511464670099,1.3055685540477304,0.5896116050538137,0.21057557323350493,0.04211511464670099,0.2526906878802059,0.21057557323350493,31.670566214319138,0.8423022929340197,3.284978942442677,0.12634534394010294,0.7580720636406177,4.043051006083294,13.687412260177819,6.8226485727655595,1.7267197005147403,0.8001871782873187,1.2213383247543286,0.4632662611137108,2.021525503041647,0.37903603182030887,0.0,0.0,22.294117647058822,45.16129032258064,49.84615384615385,46.34146341463415,6.827795975666823
england,Premier League,2025,Diego León,18.0,D,Paraguay,177.0,82.0,0,0,0.0,0.0,0.0,0.0,0.0,0,0,0,0.0,0,,,,,,,,,,,,,,,,,,,,,,,,,,,,
england,Premier League,2025,Dilane Bakwa,23.0,F,France,180.0,75.0,14,6,552.0,0.0,2.0,0.0,0.0,0,0,1,0.0,0,0.0,1.141304347826087,0.4891304347826087,0.0,0.32608695652173914,0.32608695652173914,0.0,31.793478260869566,1.793478260869565,0.6521739130434783,0.16304347826086957,0.0,0.6521739130434783,10.434782608695652,4.4021739130434785,3.423913043478261,1.3043478260869565,0.9782608695652174,2.282608695652174,1.467391304347826,0.16304347826086957,0.0,0.0,16.076923076923077,42.857142857142854,42.1875,38.095238095238095,6.6442831215970966
england,Premier League,2025,Diogo Dalot,26.0,D,Portugal,183.0,78.0,34,29,2617.0,1.0,3.0,0.0,0.0,0,0,5,0.0,0,0.13756209400076425,0.7222009935040122,0.20634314100114634,0.03439052350019106,0.10317157050057317,0.13756209400076425,0.03439052350019106,38.93007260221628,0.9973251815055407,1.8226977455101259,0.30951471150171955,0.9285441345051586,2.751241880015285,7.80664883454337,4.642720672525793,0.9285441345051586,0.6190294230034391,0.7222009935040122,0.4814673290026748,0.8597630875047765,0.1719526175009553,0.0,0.0,34.50706713780919,28.57142857142857,59.471365638766514,66.66666666666666,6.912227741688956
england,Premier League,2025,Divine Mukasa,18.0,M,England,180.0,,2,0,25.0,0.0,0.0,0.0,0.0,0,0,0,0.0,0,0.0,0.0,0.0,0.0,0.0,0.0,0.0,68.4,7.2,0.0,0.0,0.0,0.0,21.599999999999998,0.0,0.0,0.0,3.6,0.0,3.6,0.0,0.0,0.0,14.526315789473685,,0.0,,6.62
england,Premier League,2025,Djed Spence,25.0,D,England,185.0,71.0,30,23,2078.0,0.0,0.0,0.0,0.0,0,0,4,0.0,0,0.17324350336862368,0.43310875842155916,0.34648700673724736,0.0,0.0,0.0,0.0,38.24350336862368,0.43310875842155916,1.8623676612127045,0.12993262752646775,0.7795957651588065,2.641963426371511,10.871029836381135,5.153994225216554,3.2483156881616937,1.3859480269489894,0.38979788257940323,0.9095283926852743,1.2127045235803657,0.17324350336862368,0.0,0.0,30.867346938775512,80.0,47.410358565737056,42.66666666666667,6.585700529610015
england,Premier League,2025,Dominic Calvert-Lewin,28.0,F,England,187.0,71.0,35,30,2726.0,14.0,1.0,2.0,0.0,4,1,3,0.0,0,0.8584005869405723,2.1790168745414524,1.1225238444607484,0.4622157006603081,0.03301540719002201,0.49523110785033014,0.3301540719002201,15.187087307410124,0.6603081438004402,0.3301540719002201,0.2971386647101981,0.13206162876008803,0.4622157006603081,15.385179750550257,6.074834922964049,0.9904622157006603,0.26412325752017607,0.13206162876008803,1.2545854732208364,1.4856933235509904,0.09904622157006603,0.0,0.0,9.224400871459695,51.515151515151516,39.48497854077253,26.666666666666668,6.736280264123257
england,Premier League,2025,Dominic Sadi,22.0,F,England,174.0,65.0,0,0,0.0,0.0,0.0,0.0,0.0,0,0,0,0.0,0,,,,,,,,,,,,,,,,,,,,,,,,,,,,
england,Premier League,2025,Dominic Solanke,28.0,F,England,187.0,80.0,15,11,1000.0,3.0,0.0,0.0,0.0,0,0,1,0.0,0,0.27,1.26,0.99,0.27,0.0,0.27,0.27,14.22,0.54,1.98,0.18,0.27,2.25,13.049999999999999,5.49,2.16,0.99,0.45,0.8099999999999999,1.08,0.09,0.0,0.0,10.544303797468354,78.57142857142857,42.06896551724138,45.83333333333333,6.932300000000001
england,Premier League,2025,Dominik Szoboszlai,25.0,M,Hungary,186.0,74.0,36,36,3233.0,6.0,7.0,0.0,0.0,0,1,8,0.0,1,0.05567584287039901,1.3083823074543768,0.6402721930095886,0.16702752861119702,0.19486545004639652,0.36189297865759357,0.16702752861119702,60.82585833591092,2.1713578719455615,1.5310856789359726,0.22270337148159605,0.8351376430559851,2.366223321991958,7.905969687596659,3.6189297865759356,1.3918960717599753,0.7237859573151871,1.0578410145375812,0.8351376430559851,1.1413547788431797,0.22270337148159605,0.0,0.027837921435199506,57.36613272311213,48.93617021276596,45.774647887323944,52.0,7.1892978657593565
england,Premier League,2025,Donyell Malen,26.0,F,Netherlands,176.0,68.0,21,5,680.0,4.0,1.0,0.0,0.0,0,0,0,0.0,0,0.1323529411764706,2.7794117647058822,1.1911764705882353,0.5294117647058824,0.1323529411764706,0.6617647058823529,0.5294117647058824,12.441176470588236,0.9264705882352942,0.5294117647058824,0.0,0.0,0.5294117647058824,7.544117647058823,2.7794117647058822,2.6470588235294117,1.0588235294117647,0.2647058823529412,0.7941176470588235,0.2647058823529412,0.0,0.0,0.0,7.351063829787234,42.857142857142854,36.84210526315789,40.0,6.743088235294118
england,Premier League,2025,Douglas Luiz,27.0,M,Brazil,175.0,66.0,21,12,944.0,1.0,0.0,0.0,1.0,0,0,3,0.0,0,0.0,0.7627118644067796,0.47669491525423724,0.09533898305084745,0.0,0.09533898305084745,0.09533898305084745,62.25635593220339,1.8114406779661016,2.192796610169492,0.3813559322033898,1.3347457627118644,3.527542372881356,8.67584745762712,4.9576271186440675,1.2394067796610169,0.5720338983050848,0.5720338983050848,1.4300847457627117,1.2394067796610169,0.2860169491525424,0.0,0.0,40.79019908116386,62.5,57.14285714285714,46.15384615384615,6.9906779661016945
england,Premier League,2025,Dwight McNeil,26.0,F,England,183.0,68.0,22,14,1189.0,0.0,1.0,0.0,0.0,0,0,1,0.0,0,0.15138772077375945,0.9083263246425568,0.37846930193439865,0.0,0.07569386038687972,0.07569386038687972,0.0,24.524810765349034,1.135407905803196,1.7409587888982339,0.2270815811606392,0.7569386038687973,2.4978973927670314,7.796467619848612,3.3305298570227078,1.0597140454163163,0.5298570227081582,0.9083263246425568,0.5298570227081582,0.8326324642556769,0.07569386038687972,0.0,0.0,18.20679012345679,41.66666666666667,42.71844660194174,50.0,6.703027754415475
england,Premier League,2025,Dário Essugo,20.0,M,Portugal,178.0,79.0,3,0,34.0,0.0,0.0,0.0,0.0,0,0,2,0.0,0,0.0,0.0,0.0,0.0,0.0,0.0,0.0,66.1764705882353,0.0,15.882352941176471,0.0,0.0,15.882352941176471,42.35294117647059,26.47058823529412,5.294117647058823,5.294117647058823,2.6470588235294117,2.6470588235294117,7.9411764705882355,5.294117647058823,0.0,0.0,10.44,,62.5,100.0,6.767647058823529
england,Premier League,2025,Eberechi Eze,27.0,M,England,178.0,73.0,33,22,1900.0,7.0,2.0,0.0,0.0,0,0,1,0.0,0,0.04736842105263158,1.8473684210526315,0.9473684210526315,0.33157894736842103,0.09473684210526316,0.42631578947368426,0.33157894736842103,31.54736842105263,0.7578947368421053,0.9,0.04736842105263158,0.5210526315789474,1.4210526315789473,8.905263157894737,4.6421052631578945,2.3210526315789473,1.3736842105263156,0.33157894736842103,1.894736842105263,0.7578947368421053,0.04736842105263158,0.0,0.0,21.654654654654653,51.28205128205128,52.12765957446809,59.183673469387756,7.076473684210526
england,Premier League,2025,Ederson,32.0,G,Brazil,188.0,86.0,0,0,0.0,0.0,0.0,0.0,0.0,0,0,0,0.0,0,,,,,,,,,,,,,,,,,,,,,,,,,,,,
england,Premier League,2025,Edson Álvarez,28.0,M,Mexico,187.0,73.0,0,0,0.0,0.0,0.0,0.0,0.0,0,0,0,0.0,0,,,,,,,,,,,,,,,,,,,,,,,,,,,,
england,Premier League,2025,Edward Nketiah,26.0,F,England,175.0,72.0,12,2,416.0,2.0,0.0,0.0,0.0,0,0,2,0.0,0,0.6490384615384616,1.9471153846153846,1.2980769230769231,0.4326923076923077,0.0,0.4326923076923077,0.4326923076923077,18.822115384615387,1.5144230769230769,1.7307692307692308,0.21634615384615385,0.4326923076923077,2.1634615384615388,17.524038461538463,6.0576923076923075,3.4615384615384617,1.0817307692307694,0.6490384615384616,1.5144230769230769,1.5144230769230769,0.4326923076923077,0.0,0.0,7.586206896551724,66.66666666666666,34.5679012345679,31.25,6.594471153846154
england,Premier League,2025,El Hadji Malick Diouf,21.0,D,Senegal,183.0,,32,30,2711.0,0.0,5.0,0.0,2.0,0,0,6,0.0,0,0.06639616377720399,0.4315750645518259,0.13279232755440798,0.0,0.16599040944300997,0.16599040944300997,0.0,34.426410918480265,0.9959424566580597,1.4607156030984878,0.4315750645518259,1.0955367023238656,2.5562523054223534,8.465510881593508,4.548137218738473,1.5603098487642935,0.7635558834378458,0.46477314644042783,0.8299520472150498,0.9295462928808557,0.19918849133161193,0.0,0.0,27.28158148505304,30.76923076923077,53.72549019607843,48.93617021276596,6.744780523791958
england,Premier League,2025,Eli Junior Kroupi,19.0,F,France,179.0,70.0,33,21,1690.0,13.0,0.0,0.0,0.0,2,0,5,0.0,0,0.3195266272189349,1.7573964497041419,1.1715976331360947,0.6923076923076923,0.0,0.6923076923076923,0.5857988165680473,24.8698224852071,1.1715976331360947,0.47928994082840237,0.0,0.47928994082840237,0.9585798816568047,7.562130177514793,2.3431952662721893,1.970414201183432,0.7988165680473372,0.4260355029585799,0.6390532544378698,1.4378698224852071,0.2662721893491124,0.0,0.0,15.408602150537634,66.66666666666666,30.985915492957744,40.54054054054054,6.8016577856719955
england,Premier League,2025,Eliezer Mayenda,20.0,F,Spain,180.0,75.0,20,8,770.0,2.0,0.0,0.0,0.0,0,0,0,0.0,0,0.35064935064935066,0.935064935064935,0.7012987012987013,0.23376623376623376,0.0,0.23376623376623376,0.23376623376623376,9.935064935064934,0.4675324675324675,0.5844155844155845,0.11688311688311688,0.11688311688311688,0.7012987012987013,14.25974025974026,4.909090909090909,3.74025974025974,1.2857142857142856,0.35064935064935066,1.2857142857142856,0.7012987012987013,0.0,0.0,0.0,5.08235294117647,75.0,34.42622950819672,34.375,6.67509778357236
england,Premier League,2025,Elijah Campbell,21.0,D,England,182.0,63.0,0,0,0.0,0.0,0.0,0.0,0.0,0,0,0,0.0,0,,,,,,,,,,,,,,,,,,,,,,,,,,,,
england,Premier League,2025,Ellery Balcombe,26.0,G,England,190.0,92.0,0,0,0.0,0.0,0.0,0.0,0.0,0,0,0,0.0,0,,,,,,,,,,,,,,,,,,,,,,,,,,,,
england,Premier League,2025,Elliot Anderson,23.0,M,Scotland,179.0,69.0,38,37,3334.0,4.0,4.0,0.0,1.0,1,0,8,0.0,0,0.05398920215956808,0.7018596280743851,0.2699460107978405,0.10797840431913616,0.10797840431913616,0.21595680863827232,0.08098380323935213,64.35512897420516,1.4847030593881225,2.8074385122975403,0.43191361727654465,1.1067786442711458,3.9142171565686863,14.63107378524295,8.017396520695861,2.483503299340132,1.349730053989202,1.079784043191362,2.159568086382724,1.5386922615476903,0.21595680863827232,0.0,0.0,59.588506711409394,38.46153846153847,54.79704797047971,54.347826086956516,7.353569286142771
england,Premier League,2025,Emil Krafth,31.0,D,Sweden,184.0,83.0,1,1,45.0,0.0,0.0,0.0,0.0,0,0,0,0.0,0,0.0,0.0,0.0,0.0,0.0,0.0,0.0,38.0,0.0,0.0,0.0,0.0,0.0,6.0,0.0,2.0,0.0,0.0,0.0,2.0,0.0,0.0,0.0,14.0,,0.0,0.0,5.9
england,Premier League,2025,Emile Smith Rowe,25.0,M,England,182.0,79.0,37,22,1944.0,3.0,0.0,0.0,0.0,0,0,1,0.0,0,0.1388888888888889,1.1574074074074074,0.5092592592592593,0.1388888888888889,0.0,0.1388888888888889,0.1388888888888889,42.592592592592595,0.8333333333333333,1.6203703703703705,0.0462962962962963,1.0185185185185186,2.638888888888889,6.712962962962963,3.333333333333333,1.3425925925925926,0.6481481481481481,0.2777777777777778,0.7870370370370371,0.46296296296296297,0.0462962962962963,0.0,0.0,29.06195652173913,44.0,49.6551724137931,48.275862068965516,6.65462962962963
england,Premier League,2025,Emiliano Buendía,29.0,M,Argentina,172.0,72.0,36,21,1784.0,6.0,2.0,0.0,0.0,0,0,6,0.0,0,0.05044843049327354,1.8161434977578474,0.6558295964125561,0.3026905829596413,0.10089686098654709,0.40358744394618834,0.3026905829596413,33.043721973094165,1.5134529147982063,2.4719730941704037,0.20179372197309417,0.7567264573991032,3.2286995515695067,13.923766816143498,6.25560538116592,1.4630044843049326,0.45403587443946186,1.109865470852018,2.2701793721973096,2.0683856502242155,0.3026905829596413,0.0,0.0,20.637614678899084,36.11111111111111,44.927536231884055,31.03448275862069,6.838565022421525
england,Premier League,2025,Emiliano Martínez,33.0,G,Argentina,195.0,88.0,32,32,2835.0,0.0,1.0,0.0,0.0,0,0,2,0.0,0,0.0,0.0,0.0,0.0,0.03174603174603175,0.03174603174603175,0.0,38.41269841269841,0.0634920634920635,0.0,0.0,0.0,0.0,0.9206349206349207,0.8888888888888888,0.0,0.0,0.0,0.5396825396825397,0.0,0.0634920634920635,0.0,0.0,29.09917355371901,,96.55172413793103,,6.96984126984127
england,Premier League,2025,Emmanuel Agbadou,28.0,D,Côte d'Ivoire,192.0,80.0,14,12,1101.0,0.0,0.0,0.0,0.0,0,0,1,0.0,1,0.0,0.5722070844686649,0.24523160762942778,0.0,0.0,0.0,0.0,53.8692098092643,0.32697547683923706,2.6158038147138964,1.2261580381471389,1.0626702997275204,3.678474114441417,8.583106267029974,5.476839237057221,0.40871934604904636,0.32697547683923706,0.5722070844686649,0.40871934604904636,0.8174386920980927,0.08174386920980926,0.0,0.08174386920980926,46.861911987860395,42.857142857142854,63.8095238095238,80.0,6.953950953678475
england,Premier League,2025,Enes Ünal,28.0,F,Türkiye,187.0,78.0,23,0,259.0,1.0,0.0,0.0,0.0,0,0,1,0.0,0,1.0424710424710424,3.4749034749034746,1.0424710424710424,0.3474903474903475,0.0,0.3474903474903475,0.3474903474903475,19.45945945945946,0.3474903474903475,0.3474903474903475,0.3474903474903475,0.0,0.3474903474903475,25.01930501930502,7.297297297297297,1.38996138996139,0.3474903474903475,0.0,3.4749034749034746,2.0849420849420848,0.3474903474903475,0.0,0.0,2.888888888888889,30.0,29.166666666666668,25.0,6.4101960784313725
england,Premier League,2025,Enock Agyei,20.0,F,Belgium,172.0,,0,0,0.0,0.0,0.0,0.0,0.0,0,0,0,0.0,0,,,,,,,,,,,,,,,,,,,,,,,,,,,,
england,Premier League,2025,Enso González,20.0,F,Paraguay,169.0,69.0,0,0,0.0,0.0,0.0,0.0,0.0,0,0,0,0.0,0,,,,,,,,,,,,,,,,,,,,,,,,,,,,
england,Premier League,2025,Enzo Fernández,24.0,M,Argentina,178.0,76.0,36,35,3121.0,10.0,4.0,0.0,0.0,2,0,10,0.0,0,0.028836911246395387,1.4995193848125599,0.8939442486382569,0.28836911246395386,0.11534764498558155,0.4037167574495354,0.2306952899711631,58.7696251201538,1.9897468760012815,1.5283562960589554,0.05767382249279077,0.6055751361743031,2.1339314322332585,8.93944248638257,3.950656840756168,1.3841717398269786,0.37487984620313997,1.038128804870234,1.2976610060877924,1.038128804870234,0.28836911246395386,0.0,0.0,54.92443572129539,59.61538461538461,44.193548387096776,27.083333333333332,7.183050304389618
england,Premier League,2025,Enzo Le Fée,25.0,M,France,170.0,63.0,36,33,2944.0,5.0,6.0,0.0,0.0,3,1,5,0.0,0,0.12228260869565218,0.733695652173913,0.3668478260869565,0.15285326086956522,0.18342391304347824,0.3362771739130435,0.06114130434782609,34.02513586956522,1.6202445652173914,2.7207880434782608,0.3668478260869565,0.8865489130434783,3.607336956521739,10.455163043478262,4.799592391304348,1.40625,0.3974184782608695,1.1922554347826086,1.1311141304347827,0.9476902173913043,0.15285326086956522,0.0,0.0,28.579514824797844,50.0,45.90643274853801,28.26086956521739,6.956555706521739
england,Premier League,2025,Eric da Silva Moreira,19.0,F,Germany,184.0,82.0,0,0,0.0,0.0,0.0,0.0,0.0,0,0,0,0.0,0,,,,,,,,,,,,,,,,,,,,,,,,,,,,
england,Premier League,2025,Erling Haaland,25.0,F,Norway,195.0,88.0,35,34,2958.0,27.0,8.0,0.0,0.0,3,1,2,0.0,0,0.15212981744421905,3.103448275862069,1.7951318458417849,0.821501014198783,0.2434077079107505,1.0649087221095335,0.7302231237322515,11.561866125760648,0.7606490872210954,0.4563894523326572,0.030425963488843813,0.15212981744421905,0.6085192697768762,7.302231237322515,3.924949290060852,0.9432048681541582,0.486815415821501,0.18255578093306288,0.7606490872210954,0.7302231237322515,0.060851926977687626,0.0,0.0,8.260526315789473,57.84313725490197,53.75,51.61290322580645,7.3253887762001355
england,Premier League,2025,Estêvão,18.0,F,Brazil,176.0,62.0,22,12,852.0,2.0,2.0,1.0,0.0,0,0,4,0.0,0,0.6338028169014085,1.795774647887324,0.8450704225352113,0.2112676056338028,0.2112676056338028,0.4225352112676056,0.2112676056338028,28.521126760563384,1.6901408450704225,1.1619718309859155,0.0,0.4225352112676056,1.5845070422535212,15.73943661971831,5.492957746478873,7.394366197183099,3.0633802816901405,1.1619718309859155,0.9507042253521126,1.267605633802817,0.4225352112676056,0.0,0.0,15.406716417910447,47.05882352941176,34.899328859060404,41.42857142857143,6.8511820330969275
england,Premier League,2025,Ethan Ampadu,25.0,M,Wales,182.0,78.0,35,35,3123.0,1.0,1.0,1.0,1.0,0,0,10,0.0,0,0.0,0.43227665706051877,0.1729106628242075,0.02881844380403458,0.02881844380403458,0.05763688760806916,0.02881844380403458,49.88472622478386,0.5763688760806917,2.3342939481268012,0.5187319884726225,1.4409221902017293,3.7752161383285303,8.501440922190202,5.302593659942363,0.4899135446685879,0.345821325648415,0.547550432276657,1.037463976945245,1.4409221902017293,0.2881844380403458,0.0,0.0,45.250144425187756,40.0,62.37288135593221,70.58823529411765,7.150720461095101
england,Premier League,2025,Ethan Nwaneri,18.0,M,England,176.0,70.0,6,0,175.0,0.0,0.0,0.0,0.0,0,0,0,0.0,0,0.0,2.057142857142857,0.0,0.0,0.0,0.0,0.0,44.74285714285715,0.5142857142857142,0.5142857142857142,0.0,0.0,0.5142857142857142,9.77142857142857,2.571428571428571,4.114285714285714,1.542857142857143,1.542857142857143,0.0,1.0285714285714285,0.0,0.0,0.0,24.49425287356322,0.0,26.31578947368421,37.5,6.744508670520231
england,Premier League,2025,Ethan Pinnock,32.0,D,Jamaica,194.0,79.0,4,4,321.0,0.0,0.0,0.0,0.0,0,0,1,0.0,0,0.0,0.2803738317757009,0.2803738317757009,0.0,0.0,0.0,0.0,37.28971962616822,0.0,1.4018691588785046,1.4018691588785046,1.4018691588785046,2.803738317757009,9.532710280373832,5.607476635514018,0.2803738317757009,0.2803738317757009,0.8411214953271028,0.5607476635514018,0.0,0.2803738317757009,0.0,0.0,27.548872180451127,100.0,58.82352941176471,100.0,6.781619937694704
england,Premier League,2025,Ethan Sutherland,19.0,M,Scotland,182.0,,0,0,0.0,0.0,0.0,0.0,0.0,0,0,0,0.0,0,,,,,,,,,,,,,,,,,,,,,,,,,,,,
england,Premier League,2025,Evanilson,26.0,F,Brazil,183.0,80.0,36,32,2759.0,6.0,1.0,2.0,0.0,0,0,1,0.0,0,0.9786154403769481,1.8593693367162014,0.7176513229430953,0.19572308807538963,0.032620514679231605,0.22834360275462123,0.19572308807538963,15.168539325842696,1.0112359550561798,0.42406669083001086,0.19572308807538963,0.26096411743385284,0.6850308082638636,9.264226168901775,3.6861181587531715,1.0438564697354114,0.5219282348677057,0.26096411743385284,1.2069590431315693,0.8481333816600217,0.032620514679231605,0.0,0.0,10.96989247311828,38.59649122807017,39.7887323943662,50.0,6.621203334541501
england,Premier League,2025,Evann Guessand,24.0,F,France,185.0,79.0,21,9,933.0,1.0,2.0,0.0,0.0,0,0,0,0.0,0,0.09646302250803858,0.9646302250803859,0.5787781350482315,0.09646302250803858,0.19292604501607716,0.28938906752411575,0.09646302250803858,18.038585209003216,0.48231511254019294,2.315112540192926,0.28938906752411575,0.48231511254019294,2.797427652733119,14.95176848874598,6.655948553054662,3.7620578778135045,1.3504823151125402,0.48231511254019294,1.9292604501607717,1.4469453376205788,0.0,0.0,0.0,10.93048128342246,60.0,44.516129032258064,35.8974358974359,6.409217577706324
england,Premier League,2025,Ezra Mayers,18.0,D,,,,5,0,119.0,0.0,0.0,0.0,0.0,0,0,0,0.0,0,0.0,0.0,0.0,0.0,0.0,0.0,0.0,60.504201680672274,1.5126050420168067,0.0,0.0,0.0,0.0,4.53781512605042,3.0252100840336134,0.7563025210084033,0.7563025210084033,0.0,0.0,0.0,0.0,0.0,0.0,26.2,,66.66666666666666,100.0,6.7630252100840345
england,Premier League,2025,Ezra Mayers,18.0,D,England,183.0,,1,0,15.0,0.0,0.0,0.0,0.0,0,0,0,0.0,0,0.0,0.0,0.0,0.0,0.0,0.0,0.0,6.0,0.0,0.0,0.0,6.0,6.0,0.0,0.0,0.0,0.0,0.0,0.0,0.0,0.0,0.0,0.0,,,,,6.3
england,Premier League,2025,Ezri Konsa,28.0,D,England,183.0,73.0,34,34,3036.0,0.0,0.0,0.0,0.0,0,0,0,0.0,1,0.0,0.2075098814229249,0.05928853754940712,0.0,0.0,0.0,0.0,62.04545454545455,0.1482213438735178,0.6521739130434783,0.8596837944664031,0.6521739130434783,1.3043478260869565,4.41699604743083,2.964426877470356,0.3557312252964427,0.23715415019762848,0.11857707509881424,1.1857707509881423,0.32608695652173914,0.0,0.0,0.02964426877470356,65.2111801242236,28.57142857142857,67.11409395973155,66.66666666666666,7.002569169960474
england,Premier League,2025,Fabian Schär,34.0,D,Switzerland,186.0,84.0,16,11,1091.0,0.0,0.0,0.0,0.0,0,0,1,0.0,0,0.08249312557286893,1.0724106324472962,0.32997250229147573,0.0,0.0,0.0,0.0,65.66452795600367,0.32997250229147573,1.154903758020165,0.989917506874427,1.4848762603116406,2.639780018331806,9.404216315307057,5.44454628780935,0.08249312557286893,0.0,0.4949587534372135,0.4949587534372135,1.2373968835930338,0.08249312557286893,0.0,0.0,52.77261306532663,30.76923076923077,57.89473684210527,0.0,7.174012855831037
england,Premier League,2025,Fabio Carvalho,23.0,M,Portugal,170.0,62.0,6,1,128.0,1.0,0.0,0.0,0.0,0,0,0,0.0,0,0.0,1.40625,0.703125,0.703125,0.0,0.703125,0.703125,17.578125,0.0,2.109375,0.0,0.0,2.109375,7.734375,3.515625,2.109375,0.703125,0.0,0.0,0.0,0.0,0.0,0.0,6.869565217391305,50.0,45.45454545454545,33.33333333333333,6.432283464566929
england,Premier League,2025,Facundo Buonanotte,21.0,M,Argentina,174.0,66.0,4,1,86.0,0.0,0.0,0.0,0.0,0,0,1,0.0,0,0.0,0.0,0.0,0.0,0.0,0.0,0.0,37.674418604651166,3.13953488372093,1.0465116279069768,1.0465116279069768,1.0465116279069768,2.0930232558139537,8.372093023255815,2.0930232558139537,2.0930232558139537,0.0,2.0930232558139537,0.0,1.0465116279069768,1.0465116279069768,0.0,0.0,13.333333333333334,,25.0,0.0,6.466279069767442
england,Premier League,2025,Federico Chiesa,28.0,F,Italy,175.0,70.0,26,1,400.0,2.0,1.0,0.0,0.0,0,0,3,0.0,0,0.45,2.475,1.125,0.45,0.225,0.6749999999999999,0.45,25.424999999999997,0.6749999999999999,1.8,0.45,0.9,2.6999999999999997,12.15,4.5,2.475,0.45,1.125,1.5750000000000002,2.475,0.6749999999999999,0.0,0.0,5.336283185840708,45.45454545454545,37.03703703703704,18.181818181818183,6.561654135338346
england,Premier League,2025,Fer López,21.0,F,Spain,188.0,76.0,9,2,236.0,0.0,1.0,0.0,0.0,0,0,1,0.0,0,0.0,0.7627118644067796,0.3813559322033898,0.0,0.3813559322033898,0.3813559322033898,0.0,39.279661016949156,1.1440677966101696,0.3813559322033898,0.0,0.0,0.3813559322033898,12.203389830508474,3.813559322033898,2.669491525423729,1.1440677966101696,0.7627118644067796,1.5254237288135593,2.288135593220339,0.3813559322033898,0.0,0.0,11.320388349514563,50.0,31.25,42.857142857142854,6.503813559322034
england,Premier League,2025,Ferdi Kadıoğlu,26.0,D,Türkiye,174.0,68.0,37,34,3135.0,1.0,0.0,0.0,0.0,0,0,6,0.0,0,0.20095693779904306,0.631578947368421,0.3732057416267942,0.028708133971291867,0.0,0.028708133971291867,0.028708133971291867,39.186602870813395,0.631578947368421,1.6650717703349283,0.20095693779904306,0.7464114832535884,2.411483253588517,7.2631578947368425,3.933014354066986,0.631578947368421,0.3444976076555024,1.062200956937799,1.0334928229665072,0.631578947368421,0.1722488038277512,0.0,0.0,35.94505494505494,59.09090909090909,54.1501976284585,54.54545454545454,6.854194577352472
england,Premier League,2025,Filip Jørgensen,23.0,G,Denmark,192.0,85.0,5,3,378.0,0.0,0.0,0.0,0.0,0,0,0,0.0,0,0.0,0.0,0.0,0.0,0.0,0.0,0.0,40.714285714285715,0.0,0.0,0.0,0.23809523809523808,0.23809523809523808,0.9523809523809523,0.7142857142857142,0.23809523809523808,0.23809523809523808,0.0,0.0,0.0,0.0,0.0,0.0,33.32163742690059,,75.0,100.0,6.742857142857144
england,Premier League,2025,Finlay Herrick,19.0,G,England,184.0,,0,0,0.0,0.0,0.0,0.0,0.0,0,0,0,0.0,0,,,,,,,,,,,,,,,,,,,,,,,,,,,,
england,Premier League,2025,Florentino Luís,26.0,M,Portugal,184.0,74.0,31,25,2118.0,0.0,2.0,0.0,2.0,0,0,6,0.0,0,0.042492917847025496,0.42492917847025496,0.08498583569405099,0.0,0.08498583569405099,0.08498583569405099,0.0,44.27762039660057,0.5524079320113314,3.824362606232295,0.5949008498583569,1.7422096317280453,5.56657223796034,11.13314447592068,5.481586402266289,0.8923512747875354,0.29745042492917845,1.529745042492918,0.33994334277620397,1.6997167138810199,0.254957507082153,0.0,0.0,35.161228406909785,20.0,49.23664122137404,33.33333333333333,6.684183191690274
england,Premier League,2025,Florian Wirtz,22.0,M,Germany,176.0,70.0,33,27,2388.0,5.0,3.0,0.0,0.0,0,0,1,0.0,0,0.07537688442211056,1.206030150753769,0.6783919597989949,0.18844221105527637,0.11306532663316583,0.30150753768844224,0.18844221105527637,53.5929648241206,2.298994974874372,1.2814070351758793,0.07537688442211056,0.41457286432160806,1.6959798994974873,9.346733668341708,3.7311557788944723,2.7889447236180906,1.4698492462311559,0.6783919597989949,0.7160804020100503,0.8291457286432161,0.03768844221105528,0.0,0.0,45.53727144866385,56.25,39.91935483870967,52.702702702702695,6.8785594639865995
england,Premier League,2025,Frank Onyeka,27.0,M,Nigeria,183.0,70.0,6,0,88.0,0.0,1.0,0.0,0.0,0,0,0,0.0,0,0.0,0.0,0.0,0.0,1.0227272727272727,1.0227272727272727,0.0,36.81818181818182,1.0227272727272727,2.0454545454545454,0.0,0.0,2.0454545454545454,16.363636363636363,8.181818181818182,4.090909090909091,2.0454545454545454,2.0454545454545454,3.068181818181818,3.068181818181818,0.0,0.0,0.0,6.583333333333333,,50.0,50.0,6.620689655172414
england,Premier League,2025,Fraser Forster,37.0,G,England,201.0,93.0,0,0,0.0,0.0,0.0,0.0,0.0,0,0,0,0.0,0,,,,,,,,,,,,,,,,,,,,,,,,,,,,
england,Premier League,2025,Freddie Potts,22.0,M,England,183.0,,22,12,1167.0,0.0,1.0,0.0,0.0,0,0,1,0.0,0,0.0,0.07712082262210797,0.07712082262210797,0.0,0.07712082262210797,0.07712082262210797,0.0,40.87403598971722,0.6169665809768637,2.236503856041131,0.2313624678663239,1.3110539845758353,3.547557840616967,8.560411311053985,5.012853470437018,0.6169665809768637,0.15424164524421594,0.6169665809768637,1.0796915167095116,1.1568123393316196,0.07712082262210797,0.0,0.0,26.62452830188679,100.0,58.55855855855856,25.0,6.859640102827763
england,Premier League,2025,Freddie Simmonds,17.0,D,England,,,0,0,0.0,0.0,0.0,0.0,0.0,0,0,0,0.0,0,,,,,,,,,,,,,,,,,,,,,,,,,,,,
england,Premier League,2025,Freddie Woodman,28.0,G,England,188.0,83.0,3,2,212.0,0.0,0.0,0.0,0.0,0,0,0,0.0,0,0.0,0.0,0.0,0.0,0.0,0.0,0.0,33.5377358490566,0.0,0.0,0.0,0.4245283018867924,0.4245283018867924,0.0,0.0,0.0,0.0,0.0,0.0,0.0,0.0,0.0,0.0,16.89873417721519,,,,6.9820754716981135
england,Premier League,2025,Gabriel Gudmundsson,26.0,D,Sweden,180.0,74.0,32,31,2642.0,0.0,0.0,0.0,0.0,0,0,6,0.0,1,0.10219530658591976,0.44284632853898565,0.10219530658591976,0.0,0.0,0.0,0.0,32.6003028009084,0.7153671461014384,2.2142316426949282,0.2384557153671461,0.9197577592732777,3.133989401968206,11.309613928841786,6.063588190764572,2.5208175624526876,1.3285389856169567,1.0219530658591978,1.9076457229371688,1.0560181680545042,0.2043906131718395,0.0,0.03406510219530658,27.021943573667713,23.076923076923077,53.6144578313253,52.702702702702695,6.672823618470855
england,Premier League,2025,Gabriel Jesus,28.0,F,Brazil,175.0,73.0,14,3,421.0,3.0,0.0,0.0,0.0,0,0,3,0.0,0,1.496437054631829,3.420427553444181,2.5653206650831355,0.6413301662707839,0.0,0.6413301662707839,0.6413301662707839,23.08788598574822,0.6413301662707839,0.8551068883610452,0.0,0.6413301662707839,1.496437054631829,15.178147268408551,4.9168646080760094,3.420427553444181,1.7102137767220904,0.2137767220902613,0.2137767220902613,1.9239904988123513,0.6413301662707839,0.0,0.0,7.916666666666667,75.0,32.3943661971831,50.0,6.562470308788599
england,Premier League,2025,Gabriel Magalhães,28.0,D,Brazil,190.0,78.0,32,30,2751.0,3.0,4.0,0.0,0.0,0,0,4,0.0,0,0.0,0.5561613958560524,0.22900763358778628,0.09814612868047982,0.13086150490730641,0.22900763358778628,0.09814612868047982,56.69574700109051,0.22900763358778628,1.243184296619411,1.1123227917121048,0.752453653217012,1.995637949836423,8.571428571428571,5.59432933478735,0.06543075245365321,0.032715376226826604,0.22900763358778628,1.1123227917121048,0.6870229007633587,0.13086150490730641,0.0,0.0,54.39122908251587,41.17647058823529,65.2671755725191,50.0,7.393020719738277
england,Premier League,2025,Gabriel Martinelli,24.0,F,Brazil,178.0,75.0,30,11,1079.0,1.0,4.0,0.0,0.0,0,0,3,0.0,0,0.4170528266913809,1.835032437442076,1.0843373493975905,0.08341056533827618,0.3336422613531047,0.4170528266913809,0.08341056533827618,21.770157553290083,1.0843373493975905,1.0009267840593141,0.08341056533827618,0.08341056533827618,1.0843373493975905,10.843373493975903,4.5875810936051895,3.1696014828544947,1.835032437442076,0.5004633920296571,1.1677479147358665,0.8341056533827618,0.25023169601482853,0.0,0.0,12.073643410852712,59.09090909090909,42.30769230769231,57.89473684210527,6.595454545454545
england,Premier League,2025,Gabriel Słonina,21.0,G,USA,193.0,88.0,0,0,0.0,0.0,0.0,0.0,0.0,0,0,0,0.0,0,,,,,,,,,,,,,,,,,,,,,,,,,,,,
england,Premier League,2025,George Brierley,18.0,M,,,,0,0,0.0,0.0,0.0,0.0,0.0,0,0,0,0.0,0,,,,,,,,,,,,,,,,,,,,,,,,,,,,
england,Premier League,2025,George Earthy,21.0,M,England,180.0,70.0,1,0,8.0,0.0,0.0,0.0,0.0,0,0,0,0.0,0,0.0,0.0,0.0,0.0,0.0,0.0,0.0,33.75,0.0,0.0,0.0,0.0,0.0,0.0,0.0,0.0,0.0,0.0,0.0,0.0,0.0,0.0,0.0,3.0,,,,6.5
england,Premier League,2025,George Hemmings,18.0,M,England,,,2,0,25.0,0.0,0.0,0.0,0.0,0,0,0,0.0,0,0.0,0.0,0.0,0.0,0.0,0.0,0.0,61.2,0.0,0.0,0.0,0.0,0.0,3.6,0.0,0.0,0.0,0.0,0.0,3.6,0.0,0.0,0.0,8.529411764705882,,0.0,,6.7
england,Premier League,2025,George King,18.0,D,,,,0,0,0.0,0.0,0.0,0.0,0.0,0,0,0,0.0,0,,,,,,,,,,,,,,,,,,,,,,,,,,,,
england,Premier League,2025,Georginio Rutter,23.0,F,France,182.0,83.0,32,20,1804.0,3.0,3.0,1.0,0.0,0,0,2,0.0,0,0.5487804878048781,1.3968957871396896,0.6984478935698448,0.14966740576496673,0.14966740576496673,0.29933481152993346,0.14966740576496673,21.701773835920175,1.247228381374723,1.5964523281596452,0.04988913525498891,0.5487804878048781,2.145232815964523,14.21840354767184,5.637472283813747,3.292682926829268,1.3968957871396896,0.7982261640798226,1.6962305986696231,1.4966740576496673,0.09977827050997783,0.0,0.0,13.227586206896552,50.0,39.64912280701755,42.42424242424242,6.623725055432373
england,Premier League,2025,Gianluigi Donnarumma,26.0,G,Italy,196.0,90.0,34,34,3060.0,0.0,0.0,0.0,0.0,0,0,8,0.0,0,0.0,0.0,0.0,0.0,0.0,0.0,0.0,25.91176470588235,0.029411764705882353,0.0,0.0,0.029411764705882353,0.029411764705882353,0.7058823529411764,0.6470588235294117,0.058823529411764705,0.058823529411764705,0.029411764705882353,0.11764705882352941,0.0,0.23529411764705882,0.0,0.0,22.30306469920545,,91.66666666666666,100.0,7.026470588235294
england,Premier League,2025,Giorgi Mamardashvili,25.0,G,Georgia,197.0,90.0,10,10,868.0,0.0,0.0,0.0,1.0,0,0,0,0.0,0,0.0,0.0,0.0,0.0,0.0,0.0,0.0,29.861751152073733,0.0,0.10368663594470046,0.0,0.10368663594470046,0.2073732718894009,0.8294930875576036,0.5184331797235023,0.0,0.0,0.10368663594470046,0.2073732718894009,0.10368663594470046,0.0,0.0,0.0,22.73611111111111,,62.5,,6.734101382488479
england,Premier League,2025,Giovanni Leoni,19.0,D,Italy,196.0,76.0,0,0,0.0,0.0,0.0,0.0,0.0,0,0,0,0.0,0,,,,,,,,,,,,,,,,,,,,,,,,,,,,
england,Premier League,2025,Godwill Kukonki,17.0,D,England,196.0,85.0,0,0,0.0,0.0,0.0,0.0,0.0,0,0,0,0.0,0,,,,,,,,,,,,,,,,,,,,,,,,,,,,
england,Premier League,2025,Granit Xhaka,33.0,M,Switzerland,186.0,80.0,34,32,2903.0,1.0,6.0,0.0,0.0,0,0,8,0.0,0,0.0,0.46503616947984844,0.1550120564932828,0.031002411298656565,0.18601446779193936,0.21701687909059594,0.031002411298656565,56.02135721667241,1.054081984154323,1.5501205649328282,0.6200482259731313,0.8990699276610402,2.4491904925938686,7.998622115053394,4.836376162590424,0.7440578711677575,0.3410265242852222,0.49603858077850504,1.3021012745435756,0.713055459869101,0.24801929038925252,0.0,0.0,49.89153292750415,33.33333333333333,60.46511627906976,45.83333333333333,7.359937995177403
england,Premier League,2025,Guglielmo Vicario,29.0,G,Italy,194.0,83.0,31,31,2790.0,0.0,0.0,0.0,0.0,0,0,1,0.0,0,0.0,0.0,0.0,0.0,0.0,0.0,0.0,34.54838709677419,0.03225806451612903,0.03225806451612903,0.0,0.0,0.03225806451612903,0.5806451612903226,0.5161290322580645,0.0,0.0,0.03225806451612903,0.0967741935483871,0.0,0.03225806451612903,0.0,0.0,24.408029878618112,,88.88888888888889,,6.874193548387097
england,Premier League,2025,Guido Rodríguez,31.0,M,Argentina,185.0,80.0,6,2,177.0,0.0,0.0,0.0,0.0,0,0,1,0.0,0,0.0,0.0,0.0,0.0,0.0,0.0,0.0,38.644067796610166,0.0,0.5084745762711864,0.0,1.0169491525423728,1.5254237288135593,7.118644067796611,3.5593220338983054,0.0,0.0,2.0338983050847457,2.0338983050847457,1.0169491525423728,0.5084745762711864,0.0,0.0,20.144736842105264,,50.0,,6.4869318181818185
england,Premier League,2025,Gustavo Nunes,20.0,F,Brazil,173.0,69.0,0,0,0.0,0.0,0.0,0.0,0.0,0,0,0,0.0,0,,,,,,,,,,,,,,,,,,,,,,,,,,,,
england,Premier League,2025,Habib Diarra,21.0,M,France,179.0,74.0,20,15,1407.0,2.0,2.0,1.0,0.0,1,0,6,0.0,0,0.19189765458422176,1.4072494669509594,0.511727078891258,0.1279317697228145,0.1279317697228145,0.255863539445629,0.06396588486140725,27.88912579957356,0.44776119402985076,0.8955223880597015,0.0,0.255863539445629,1.1513859275053304,8.123667377398721,3.7100213219616207,1.4072494669509594,0.3837953091684435,0.44776119402985076,1.727078891257996,1.2153518123667377,0.3837953091684435,0.0,0.0,22.46330275229358,36.36363636363637,45.66929133858268,27.27272727272727,6.735039090262972
england,Premier League,2025,Hamed Junior Traorè,25.0,M,Côte d'Ivoire,184.0,77.0,1,0,16.0,0.0,1.0,0.0,0.0,0,0,0,0.0,0,0.0,0.0,0.0,0.0,5.625,5.625,0.0,11.25,5.625,5.625,0.0,0.0,5.625,22.5,5.625,5.625,0.0,0.0,0.0,0.0,0.0,0.0,0.0,2.0,,25.0,0.0,6.3
england,Premier League,2025,Hannibal Mejbri,22.0,M,Tunisia,177.0,74.0,27,15,1253.0,1.0,4.0,0.0,1.0,0,0,10,0.0,0,0.2154828411811652,0.7901037509976058,0.3591380686352753,0.07182761372705507,0.28731045490822027,0.3591380686352753,0.07182761372705507,36.63208300079808,1.5083798882681565,2.0830007980845973,0.2154828411811652,0.5746209098164405,2.6576217079010376,14.796488427773342,7.326416600159617,2.4421388667198722,1.4365522745411012,0.8619313647246608,3.375897845171588,1.7238627294493216,0.7182761372705506,0.0,0.0,24.534381139489195,45.45454545454545,49.51456310679612,58.82352941176471,6.78552
england,Premier League,2025,Harrison Armstrong,18.0,M,England,185.0,70.0,13,6,537.0,0.0,0.0,0.0,0.0,0,0,0,0.0,0,0.33519553072625696,0.6703910614525139,0.33519553072625696,0.0,0.0,0.0,0.0,34.35754189944134,0.6703910614525139,2.17877094972067,0.16759776536312848,0.6703910614525139,2.8491620111731844,10.726256983240223,5.865921787709497,1.3407821229050279,0.33519553072625696,0.5027932960893855,2.513966480446927,1.005586592178771,0.0,0.0,0.0,18.84390243902439,50.0,54.6875,25.0,6.715140186915888
england,Premier League,2025,Harrison Jones,21.0,M,England,178.0,68.0,0,0,0.0,0.0,0.0,0.0,0.0,0,0,0,0.0,0,,,,,,,,,,,,,,,,,,,,,,,,,,,,
england,Premier League,2025,Harrison Reed,30.0,M,England,181.0,72.0,7,1,126.0,1.0,0.0,0.0,0.0,0,0,0,0.0,0,0.0,0.7142857142857142,0.7142857142857142,0.7142857142857142,0.0,0.7142857142857142,0.7142857142857142,30.714285714285715,2.142857142857143,0.0,0.0,0.0,0.0,6.428571428571428,1.4285714285714284,0.0,0.0,2.142857142857143,0.7142857142857142,1.4285714285714284,0.0,0.0,0.0,14.767441860465116,100.0,22.22222222222222,,6.715873015873016
england,Premier League,2025,Harry Gray,17.0,F,England,,,0,0,0.0,0.0,0.0,0.0,0.0,0,0,0,0.0,0,,,,,,,,,,,,,,,,,,,,,,,,,,,,
england,Premier League,2025,Harry Howell,17.0,M,England,,,3,1,93.0,0.0,0.0,0.0,0.0,0,0,0,0.0,0,0.967741935483871,0.0,0.0,0.0,0.0,0.0,0.0,32.903225806451616,0.0,0.967741935483871,0.0,0.0,0.967741935483871,13.548387096774194,4.838709677419355,2.903225806451613,1.935483870967742,1.935483870967742,0.0,0.0,0.0,0.0,0.0,14.117647058823529,,35.714285714285715,66.66666666666666,6.290322580645161
england,Premier League,2025,Harry Maguire,32.0,D,England,194.0,90.0,23,19,1667.0,1.0,2.0,0.0,2.0,0,0,3,0.0,1,0.0,0.593881223755249,0.21595680863827232,0.05398920215956808,0.10797840431913616,0.16196760647870426,0.05398920215956808,45.83683263347331,0.21595680863827232,1.187762447510498,0.593881223755249,0.7018596280743851,1.889622075584883,7.558488302339532,5.290941811637672,0.10797840431913616,0.05398920215956808,0.21595680863827232,0.8638272345530893,0.8638272345530893,0.16196760647870426,0.0,0.05398920215956808,39.62190812720848,36.36363636363637,70.0,50.0,6.977984403119375
england,Premier League,2025,Harry Tyrer,24.0,G,England,194.0,,0,0,0.0,0.0,0.0,0.0,0.0,0,0,0,0.0,0,,,,,,,,,,,,,,,,,,,,,,,,,,,,
england,Premier League,2025,Harry Wilson,28.0,M,Wales,173.0,63.0,36,32,2692.0,10.0,7.0,0.0,0.0,0,0,7,0.0,0,0.4346210995542348,1.7050520059435363,0.8358098068350669,0.3343239227340267,0.23402674591381872,0.5683506686478454,0.3343239227340267,25.976968796433876,1.3038632986627043,0.9695393759286776,0.10029717682020801,0.5014858841010401,1.4710252600297178,6.151560178306092,2.975482912332838,1.1032689450222883,0.6017830609212481,0.8023774145616641,1.236998514115899,0.4346210995542348,0.23402674591381872,0.0,0.0,19.904761904761905,49.01960784313725,48.369565217391305,54.54545454545454,7.1779346210995545
england,Premier League,2025,Harvey Barnes,28.0,M,England,174.0,66.0,37,19,1961.0,7.0,1.0,0.0,0.0,0,0,1,0.0,0,0.13768485466598673,1.7899031106578276,0.9637939826619072,0.3212646608873024,0.04589495155532892,0.36715961244263134,0.3212646608873024,26.848546659867417,1.1014788373278939,0.5966343702192759,0.04589495155532892,0.13768485466598673,0.7343192248852627,7.15961244263131,2.570117287098419,2.065272819989801,0.5966343702192759,0.6425293217746048,1.055583885772565,0.7802141764405917,0.04589495155532892,0.0,0.0,17.022222222222222,53.84615384615385,35.8974358974359,28.888888888888886,6.833265306122449
england,Premier League,2025,Harvey Elliott,22.0,M,England,170.0,64.0,5,1,117.0,0.0,0.0,0.0,0.0,0,0,0,0.0,0,0.0,0.7692307692307693,0.0,0.0,0.0,0.0,0.0,63.07692307692307,0.7692307692307693,0.0,0.7692307692307693,0.0,0.0,3.8461538461538463,2.3076923076923075,0.7692307692307693,0.0,0.0,1.5384615384615385,0.0,0.0,0.0,0.0,17.51219512195122,0.0,60.0,0.0,6.533333333333333
england,Premier League,2025,Hee-Chan Hwang,29.0,F,Korea Republic,177.0,77.0,26,18,1461.0,2.0,2.0,0.0,0.0,1,0,5,0.0,0,0.5544147843942505,0.9240246406570841,0.3696098562628337,0.12320328542094455,0.12320328542094455,0.2464065708418891,0.061601642710472276,23.347022587268995,0.9240246406570841,0.6160164271047228,0.0,0.8008213552361397,1.4168377823408622,7.268993839835729,2.648870636550308,1.5400410677618068,0.5544147843942505,0.4312114989733059,1.108829568788501,1.7248459958932236,0.3080082135523614,0.0,0.0,14.95514511873351,40.0,36.440677966101696,36.0,6.588774811772759
england,Premier League,2025,Hjalmar Ekdal,27.0,D,Sweden,188.0,77.0,19,17,1539.0,0.0,0.0,0.0,0.0,0,0,0,0.0,0,0.11695906432748537,0.23391812865497075,0.05847953216374269,0.0,0.0,0.0,0.0,39.82456140350877,0.23391812865497075,1.4035087719298245,0.7602339181286549,0.7017543859649122,2.1052631578947367,7.602339181286549,4.853801169590643,0.23391812865497075,0.11695906432748537,0.23391812865497075,0.4093567251461988,0.29239766081871343,0.0,0.0,0.0,42.05301914580265,25.0,63.84615384615384,50.0,6.656176853055917
england,Premier League,2025,Hugo Bueno,23.0,M,Spain,180.0,73.0,35,26,2375.0,1.0,2.0,0.0,1.0,0,0,3,0.0,0,0.11368421052631579,0.45473684210526316,0.22736842105263158,0.037894736842105266,0.07578947368421053,0.11368421052631579,0.037894736842105266,32.09684210526316,1.44,2.5389473684210526,0.15157894736842106,1.44,3.9789473684210526,11.065263157894735,5.343157894736842,2.917894736842105,1.174736842105263,1.288421052631579,0.9094736842105263,0.6442105263157895,0.11368421052631579,0.0,0.0,24.532467532467532,50.0,48.28767123287671,40.25974025974026,6.671536842105263
england,Premier League,2025,Hugo Ekitiké,23.0,F,France,190.0,76.0,28,21,1810.0,11.0,4.0,0.0,0.0,0,0,0,0.0,0,0.49723756906077343,2.386740331491713,0.9447513812154696,0.5469613259668509,0.1988950276243094,0.7458563535911602,0.5469613259668509,19.88950276243094,1.0441988950276244,0.5469613259668509,0.0994475138121547,0.14917127071823205,0.6961325966850829,11.883977900552487,4.574585635359116,3.580110497237569,1.8895027624309393,0.14917127071823205,0.5966850828729282,1.740331491712707,0.0,0.0,0.0,13.735,39.58333333333333,38.49372384937239,52.77777777777778,7.046353591160221
england,Premier League,2025,Hákon Rafn Valdimarsson,24.0,G,Iceland,188.0,89.0,1,1,90.0,0.0,0.0,0.0,0.0,0,0,0,0.0,0,0.0,0.0,0.0,0.0,0.0,0.0,0.0,41.0,0.0,0.0,0.0,0.0,0.0,0.0,0.0,0.0,0.0,0.0,0.0,0.0,0.0,0.0,0.0,30.0,,,,6.3
england,Premier League,2025,Ian Maatsen,23.0,D,Netherlands,178.0,57.0,30,17,1615.0,0.0,1.0,0.0,0.0,0,0,2,0.0,0,0.05572755417956657,0.7801857585139319,0.2786377708978328,0.0,0.05572755417956657,0.05572755417956657,0.0,39.845201238390096,1.4489164086687305,2.3962848297213624,0.05572755417956657,1.0588235294117647,3.455108359133127,11.535603715170279,5.628482972136223,2.8421052631578947,1.1702786377708978,1.3374613003095974,1.0588235294117647,0.9473684210526315,0.11145510835913314,0.0,0.0,33.806993006993004,35.714285714285715,48.792270531400966,41.17647058823529,6.565117719950434
england,Premier League,2025,Ibrahim Sangaré,28.0,M,Côte d'Ivoire,191.0,77.0,28,25,2080.0,2.0,2.0,0.0,2.0,0,0,5,0.0,0,0.0,0.6057692307692308,0.21634615384615385,0.08653846153846154,0.08653846153846154,0.17307692307692307,0.08653846153846154,41.36538461538461,0.5192307692307693,2.5528846153846154,0.8221153846153847,1.0817307692307694,3.634615384615385,9.951923076923077,4.802884615384615,0.9951923076923077,0.4759615384615385,1.0384615384615385,0.7788461538461539,1.8173076923076925,0.21634615384615385,0.0,0.0,34.71757322175732,35.714285714285715,48.26086956521739,47.82608695652174,6.97893217893218
england,Premier League,2025,Ibrahima Konaté,26.0,D,France,194.0,95.0,36,36,3100.0,1.0,0.0,0.0,1.0,0,0,7,0.0,0,0.0,0.26129032258064516,0.11612903225806452,0.02903225806451613,0.0,0.02903225806451613,0.02903225806451613,62.912903225806446,0.23225806451612904,1.538709677419355,0.6967741935483871,0.8129032258064517,2.3516129032258064,9.261290322580646,6.387096774193548,0.20322580645161292,0.14516129032258066,0.2903225806451613,1.1903225806451612,0.9580645161290322,0.20322580645161292,0.0,0.0,57.16982002768805,44.44444444444444,68.96551724137932,71.42857142857143,7.079451612903226
england,Premier League,2025,Idrissa Gueye,36.0,M,Senegal,174.0,66.0,25,25,2101.0,2.0,3.0,0.0,0.0,0,0,1,0.0,1,0.0,0.7710613993336507,0.29985721085197525,0.08567348881485007,0.12851023322227512,0.21418372203712516,0.08567348881485007,45.62113279390766,0.5568776772965255,1.8419800095192764,0.29985721085197525,1.199428843407901,3.041408852927178,7.196573060447405,4.026653974297953,0.8995716325559256,0.29985721085197525,0.8138981437410756,1.3279390766301762,0.8995716325559256,0.042836744407425034,0.0,0.042836744407425034,40.140845070422536,38.88888888888889,55.952380952380956,33.33333333333333,6.935364112327464
england,Premier League,2025,Igor Jesus,24.0,F,Brazil,180.0,73.0,37,28,2320.0,6.0,4.0,0.0,0.0,1,0,2,0.0,0,0.4267241379310345,1.5129310344827585,0.8146551724137931,0.23275862068965517,0.15517241379310345,0.3879310344827586,0.1939655172413793,17.767241379310345,0.5818965517241379,0.9310344827586207,0.1939655172413793,0.11637931034482758,1.0474137931034484,15.323275862068964,6.012931034482758,1.5129310344827585,0.4267241379310345,0.3103448275862069,1.5517241379310345,1.6293103448275863,0.07758620689655173,0.0,0.0,12.093886462882097,53.84615384615385,39.24050632911392,28.205128205128204,6.606508620689655
england,Premier League,2025,Igor Júlio,27.0,D,Brazil,185.0,85.0,4,1,122.0,0.0,0.0,0.0,0.0,0,0,0,0.0,0,0.0,0.0,0.0,0.0,0.0,0.0,0.0,16.229508196721312,0.7377049180327869,0.0,1.4754098360655739,0.7377049180327869,0.7377049180327869,1.4754098360655739,0.0,0.0,0.0,0.0,0.0,0.7377049180327869,0.0,0.0,0.0,8.333333333333334,,0.0,,6.275206611570248
england,Premier League,2025,Igor Thiago,24.0,F,Brazil,191.0,85.0,38,37,3284.0,22.0,1.0,0.0,0.0,8,1,7,0.0,0,0.6303288672350792,1.836175395858709,1.1784409257003654,0.6029232643118149,0.02740560292326431,0.6303288672350792,0.38367844092570036,17.21071863580999,0.6577344701583434,1.0414129110840438,0.21924482338611448,0.3288672350791717,1.3702801461632157,14.3605359317905,5.535931790499391,1.4524969549330085,0.7947624847746649,0.4110840438489647,0.7125456760048721,2.0006090133982948,0.19183922046285018,0.0,0.0,12.523885350318471,64.17910447761194,38.54961832061068,54.71698113207547,6.942570036540804
england,Premier League,2025,Ilia Gruev,25.0,M,Bulgaria,185.0,72.0,23,15,1334.0,0.0,3.0,0.0,0.0,0,0,3,0.0,0,0.0,0.4047976011994003,0.06746626686656672,0.0,0.20239880059970014,0.20239880059970014,0.0,39.400299850074965,0.7421289355322339,1.6191904047976011,0.4047976011994003,1.0119940029985008,2.631184407796102,7.623688155922038,3.5082458770614693,0.47226386806596704,0.4047976011994003,1.2818590704647677,0.6071964017991005,1.0794602698650675,0.20239880059970014,0.0,0.0,32.707191780821915,16.666666666666664,46.017699115044245,85.71428571428571,6.790547636909227
england,Premier League,2025,Iliman Ndiaye,25.0,M,Senegal,180.0,70.0,32,32,2786.0,6.0,3.0,0.0,0.0,2,0,2,0.0,0,0.38765254845656855,0.9691313711414214,0.7106963388370423,0.19382627422828427,0.09691313711414214,0.2907394113424264,0.12921751615218952,30.398420674802587,0.9691313711414214,2.261306532663317,0.06460875807609476,0.5168700646087581,2.7781765972720747,13.212491026561377,6.170136396267049,4.328786791098349,2.358219669777459,0.8722182340272793,1.1952620244077532,0.9691313711414214,0.06460875807609476,0.0,0.0,27.314558979808716,73.33333333333333,46.69926650366748,54.47761194029851,6.878356066044508
england,Premier League,2025,Illan Meslier,25.0,G,France,197.0,74.0,0,0,0.0,0.0,0.0,0.0,0.0,0,0,0,0.0,0,,,,,,,,,,,,,,,,,,,,,,,,,,,,
england,Premier League,2025,Ismaïla Sarr,27.0,F,Senegal,185.0,76.0,28,24,2176.0,9.0,1.0,2.0,0.0,3,0,2,0.0,0,0.5790441176470588,1.5303308823529411,0.8685661764705883,0.37224264705882354,0.04136029411764706,0.4136029411764706,0.24816176470588236,19.604779411764707,0.7858455882352942,0.7444852941176471,0.16544117647058823,0.33088235294117646,1.0753676470588234,9.96783088235294,3.9292279411764706,1.2821691176470589,0.4549632352941177,0.4136029411764706,1.7371323529411766,0.4963235294117647,0.08272058823529412,0.0,0.0,13.39240506329114,56.75675675675676,39.41908713692946,35.483870967741936,6.884650735294118
england,Premier League,2025,Issa Diop,28.0,D,France,194.0,92.0,13,8,827.0,1.0,0.0,0.0,0.0,0,0,2,0.0,0,0.0,0.21765417170495766,0.10882708585247883,0.10882708585247883,0.0,0.10882708585247883,0.10882708585247883,53.76058041112454,0.0,0.7617896009673519,0.7617896009673519,0.652962515114873,1.414752116082225,5.1148730350665055,2.82950423216445,0.10882708585247883,0.10882708585247883,0.3264812575574365,0.3264812575574365,0.9794437726723096,0.21765417170495766,0.0,0.0,48.526315789473685,50.0,55.319148936170215,100.0,6.70630303030303
england,Premier League,2025,Jack Fletcher,18.0,M,England,180.0,78.0,3,0,107.0,0.0,0.0,0.0,0.0,0,0,0,0.0,0,0.0,0.8411214953271028,0.0,0.0,0.0,0.0,0.0,37.850467289719624,1.6822429906542056,4.205607476635514,0.8411214953271028,0.8411214953271028,5.046728971962617,15.140186915887849,5.887850467289719,0.8411214953271028,0.0,0.0,0.8411214953271028,1.6822429906542056,0.0,0.0,0.0,17.4,0.0,38.88888888888889,0.0,6.531775700934579
england,Premier League,2025,Jack Grealish,30.0,M,England,180.0,77.0,20,18,1631.0,2.0,6.0,0.0,0.0,0,0,5,0.0,1,0.0,0.7725321888412017,0.4414469650521152,0.1103617412630288,0.33108522378908645,0.4414469650521152,0.1103617412630288,31.673819742489272,2.2072348252605765,1.1587982832618027,0.33108522378908645,0.6621704475781729,1.8209687308399756,11.587982832618025,5.849172286940528,3.1453096259963216,1.2691600245248313,0.5518087063151441,3.200490496627836,0.7173513182096873,0.27590435315757206,0.0,0.0551808706315144,28.010452961672474,57.14285714285714,50.476190476190474,40.35087719298245,7.27621091354997
england,Premier League,2025,Jack Harrison,29.0,F,England,175.0,70.0,11,1,263.0,0.0,0.0,0.0,1.0,0,0,0,0.0,0,0.0,1.7110266159695817,0.6844106463878327,0.0,0.0,0.0,0.0,39.6958174904943,0.6844106463878327,1.7110266159695817,0.0,1.3688212927756653,3.079847908745247,8.212927756653993,4.448669201520913,2.3954372623574143,1.0266159695817492,1.0266159695817492,1.3688212927756653,0.34220532319391633,0.0,0.0,0.0,14.120689655172415,40.0,54.166666666666664,42.857142857142854,6.720992366412214
england,Premier League,2025,Jack Hinshelwood,20.0,M,England,181.0,76.0,27,20,1750.0,4.0,3.0,0.0,0.0,0,0,0,0.0,0,0.10285714285714287,1.4914285714285713,0.7714285714285715,0.20571428571428574,0.15428571428571428,0.36,0.20571428571428574,32.4,0.7714285714285715,0.9771428571428571,0.2571428571428571,0.30857142857142855,1.2857142857142856,6.582857142857144,2.3657142857142857,0.46285714285714286,0.15428571428571428,0.6685714285714286,0.6171428571428571,1.697142857142857,0.0,0.0,0.0,23.642857142857142,51.724137931034484,35.9375,33.33333333333333,6.659015455065827
england,Premier League,2025,Jack Moorhouse,20.0,M,England,184.0,70.0,0,0,0.0,0.0,0.0,0.0,0.0,0,0,0,0.0,0,,,,,,,,,,,,,,,,,,,,,,,,,,,,
england,Premier League,2025,Jack Whittaker,19.0,M,England,,,0,0,0.0,0.0,0.0,0.0,0.0,0,0,0,0.0,0,,,,,,,,,,,,,,,,,,,,,,,,,,,,
england,Premier League,2025,Jackson Tchatchoua,24.0,D,Cameroon,186.0,76.0,31,19,1855.0,0.0,1.0,0.0,0.0,0,0,3,0.0,0,0.09703504043126686,0.09703504043126686,0.04851752021563343,0.0,0.04851752021563343,0.04851752021563343,0.0,26.247978436657682,1.0188679245283019,1.4070080862533694,0.38814016172506743,0.7762803234501349,2.183288409703504,6.501347708894879,3.202156334231806,0.6792452830188679,0.24258760107816713,0.6792452830188679,0.4366576819407008,0.38814016172506743,0.14555256064690028,0.0,0.0,17.304990757855823,50.0,49.25373134328358,35.714285714285715,6.573300970873786
england,Premier League,2025,Jacob Bruun Larsen,27.0,F,Denmark,183.0,77.0,28,10,1038.0,0.0,1.0,0.0,0.0,0,0,0,0.0,0,0.3468208092485549,0.8670520231213872,0.3468208092485549,0.0,0.08670520231213873,0.08670520231213873,0.0,25.31791907514451,1.0404624277456647,1.0404624277456647,0.08670520231213873,0.5202312138728323,1.5606936416184969,7.976878612716763,2.8612716763005777,3.034682080924856,0.8670520231213872,0.4335260115606936,0.0,0.08670520231213873,0.0,0.0,0.0,13.441780821917808,40.0,35.869565217391305,28.57142857142857,6.57552986512524
england,Premier League,2025,Jacob Murphy,30.0,M,England,179.0,74.0,33,19,1627.0,3.0,2.0,0.0,1.0,0,0,2,0.0,0,0.27658266748617083,1.548862937922557,0.7191149354640444,0.16594960049170251,0.11063306699446834,0.27658266748617083,0.16594960049170251,27.602950215119854,1.272280270436386,0.8850645359557467,0.2212661339889367,0.33189920098340503,1.2169637369391517,7.68899815611555,3.097725875845114,2.2126613398893666,1.1063306699446833,1.3829133374308542,0.7191149354640444,0.4978488014751075,0.11063306699446834,0.0,0.0,14.562248995983936,46.42857142857143,40.28776978417266,50.0,6.787953288260602
england,Premier League,2025,Jacob Ramsey,24.0,M,England,180.0,75.0,28,15,1465.0,2.0,3.0,0.0,1.0,0,0,5,0.0,1,0.12286689419795221,0.6143344709897611,0.24573378839590443,0.12286689419795221,0.18430034129692832,0.30716723549488056,0.12286689419795221,43.37201365187713,1.3515358361774743,2.5187713310580206,0.24573378839590443,0.552901023890785,3.0716723549488054,8.84641638225256,4.853242320819112,1.8430034129692832,0.9215017064846416,0.7986348122866894,0.8600682593856654,0.9829351535836177,0.30716723549488056,0.0,0.06143344709897611,31.424929178470254,40.0,54.861111111111114,50.0,6.722336065573771
england,Premier League,2025,Jadon Sancho,25.0,F,England,180.0,76.0,23,9,891.0,0.0,2.0,0.0,0.0,0,0,0,0.0,0,0.30303030303030304,0.4040404040404041,0.30303030303030304,0.0,0.20202020202020204,0.20202020202020204,0.0,38.08080808080808,2.121212121212121,0.6060606060606061,0.0,0.20202020202020204,0.8080808080808082,6.464646464646465,2.7272727272727275,2.929292929292929,1.6161616161616164,0.7070707070707072,0.20202020202020204,0.30303030303030304,0.0,0.0,0.0,18.9946949602122,75.0,42.1875,55.172413793103445,6.722783389450056
england,Premier League,2025,Jaidon Anthony,26.0,M,England,183.0,,37,32,2743.0,8.0,2.0,1.0,1.0,0,0,4,0.0,0,0.2952971199416697,1.3780532263944585,0.7546481954064893,0.2624863288370397,0.06562158220925993,0.32810791104629966,0.2624863288370397,29.39846882974845,1.2139992708713088,1.3780532263944585,0.22967553773240976,0.49216186656944955,1.870215092963908,10.56507473569085,4.396646008020416,3.3138899015676264,1.1811884797666787,0.951512942034269,1.5421071819176084,0.918702150929639,0.13124316441851985,0.0,0.0,23.592633928571427,54.761904761904766,41.61490683229814,35.64356435643564,6.798468829748451
england,Premier League,2025,Jair,20.0,D,Brazil,198.0,87.0,9,6,525.0,0.0,0.0,0.0,0.0,0,0,0,0.0,0,0.0,0.17142857142857143,0.17142857142857143,0.0,0.0,0.0,0.0,37.885714285714286,0.17142857142857143,1.542857142857143,0.34285714285714286,0.8571428571428572,2.4000000000000004,5.828571428571428,3.7714285714285714,0.6857142857142857,0.34285714285714286,0.8571428571428572,1.0285714285714285,0.0,0.0,0.0,0.0,23.97285067873303,100.0,64.70588235294117,50.0,6.548
england,Premier League,2025,Jaka Bijol,26.0,D,Slovenia,190.0,85.0,25,21,1913.0,1.0,2.0,0.0,1.0,0,0,4,0.0,0,0.0,0.5175117616309461,0.2822791427077888,0.047046523784631464,0.09409304756926293,0.1411395713538944,0.047046523784631464,47.42289597490853,0.3293256664924203,1.2232096184004182,0.6586513329848406,1.1291165708311552,2.352326189231573,8.891792995295347,4.892838473601673,0.1411395713538944,0.09409304756926293,0.2822791427077888,0.47046523784631467,0.8938839519079979,0.18818609513852586,0.0,0.0,44.74603174603175,54.54545454545454,55.026455026455025,66.66666666666666,6.961055933089388
england,Premier League,2025,Jake O'Brien,24.0,D,Republic of Ireland,197.0,92.0,37,35,3131.0,1.0,1.0,0.0,1.0,0,0,6,0.0,1,0.11497923985946983,0.28744809964867457,0.17246885978920473,0.028744809964867456,0.028744809964867456,0.05748961992973491,0.028744809964867456,30.92941552219738,0.48866176940274675,1.638454167997445,0.4599169594378793,0.4311721494730118,2.069626317470457,9.169594378792718,5.605237943149153,0.5748961992973491,0.17246885978920473,0.22995847971893965,0.48866176940274675,0.6611306291919514,0.17246885978920473,0.0,0.028744809964867456,24.029739776951672,60.0,61.12852664576802,30.0,6.712360268284893
england,Premier League,2025,Jakub Kiwior,25.0,D,Poland,189.0,75.0,0,0,0.0,0.0,0.0,0.0,0.0,0,0,0,0.0,0,,,,,,,,,,,,,,,,,,,,,,,,,,,,
england,Premier League,2025,Jamaal Lascelles,32.0,D,England,188.0,89.0,2,0,25.0,0.0,0.0,0.0,0.0,0,0,0,0.0,0,0.0,0.0,0.0,0.0,0.0,0.0,0.0,28.8,0.0,0.0,3.6,0.0,0.0,3.6,3.6,0.0,0.0,0.0,0.0,0.0,0.0,0.0,0.0,3.5,,100.0,,6.392
england,Premier League,2025,Jamaldeen Jimoh,19.0,M,England,183.0,71.0,1,0,8.0,0.0,0.0,0.0,0.0,0,0,0,0.0,0,0.0,0.0,0.0,0.0,0.0,0.0,0.0,78.75,0.0,0.0,0.0,0.0,0.0,22.5,11.25,11.25,0.0,0.0,11.25,0.0,0.0,0.0,0.0,6.0,,50.0,0.0,6.7
england,Premier League,2025,James Garner,24.0,M,England,186.0,78.0,38,38,3414.0,2.0,7.0,0.0,0.0,0,0,12,0.0,0,0.0,0.8963093145869947,0.36906854130052724,0.05272407732864675,0.18453427065026362,0.23725834797891038,0.05272407732864675,47.24077328646749,1.476274165202109,3.163444639718805,0.26362038664323373,1.5026362038664325,4.666080843585237,8.98945518453427,5.509666080843585,0.8963093145869947,0.47451669595782076,1.2126537785588751,1.1072056239015817,1.0281195079086116,0.3163444639718805,0.0,0.0,45.060825892857146,41.17647058823529,61.29032258064516,52.94117647058824,7.236906854130052
england,Premier League,2025,James Hill,23.0,D,England,184.0,73.0,29,22,2120.0,0.0,3.0,0.0,0.0,0,0,5,0.0,0,0.08490566037735849,0.4245283018867924,0.08490566037735849,0.0,0.12735849056603774,0.12735849056603774,0.0,44.02358490566038,0.5518867924528302,1.6556603773584906,0.6367924528301887,1.6556603773584906,3.311320754716981,11.037735849056604,7.047169811320755,0.08490566037735849,0.08490566037735849,0.5518867924528302,0.5518867924528302,0.7216981132075472,0.2122641509433962,0.0,0.0,36.83124397299903,20.0,63.84615384615384,100.0,7.02057574327513
england,Premier League,2025,James Justin,27.0,D,England,183.0,80.0,29,21,1916.0,2.0,1.0,0.0,0.0,0,0,4,0.0,0,0.0939457202505219,0.7515657620041752,0.2818371607515658,0.0939457202505219,0.04697286012526095,0.1409185803757829,0.0939457202505219,33.25678496868476,0.5636743215031316,2.6304801670146136,0.5167014613778705,1.3152400835073068,3.945720250521921,9.77035490605428,5.965553235908142,0.7515657620041752,0.1409185803757829,0.5167014613778705,1.4091858037578289,0.6106471816283925,0.1878914405010438,0.0,0.0,27.440677966101696,37.5,61.057692307692314,18.75,7.0531592689295035
england,Premier League,2025,James Maddison,29.0,M,England,175.0,73.0,3,0,50.0,0.0,0.0,0.0,0.0,0,0,0,0.0,0,0.0,1.8,0.0,0.0,0.0,0.0,0.0,66.6,0.0,1.8,0.0,0.0,1.8,10.799999999999999,3.6,1.8,0.0,1.8,1.8,1.8,0.0,0.0,0.0,17.91891891891892,0.0,33.33333333333333,0.0,6.784000000000001
england,Premier League,2025,James McAtee,23.0,M,England,180.0,72.0,14,2,322.0,0.0,1.0,0.0,0.0,0,0,1,0.0,0,0.5590062111801242,0.5590062111801242,0.0,0.0,0.2795031055900621,0.2795031055900621,0.0,33.81987577639752,1.6770186335403727,1.9565217391304348,0.2795031055900621,0.8385093167701864,2.7950310559006213,12.298136645962733,4.472049689440993,2.515527950310559,0.8385093167701864,1.1180124223602483,1.3975155279503106,1.1180124223602483,0.2795031055900621,0.0,0.0,14.241666666666667,0.0,36.36363636363637,33.33333333333333,6.4965625000000005
england,Premier League,2025,James McConnell,21.0,M,England,175.0,65.0,0,0,0.0,0.0,0.0,0.0,0.0,0,0,0,0.0,0,,,,,,,,,,,,,,,,,,,,,,,,,,,,
england,Premier League,2025,James Milner,39.0,M,England,175.0,70.0,20,7,802.0,1.0,1.0,0.0,0.0,1,0,2,0.0,0,0.11221945137157106,0.6733167082294265,0.22443890274314213,0.11221945137157106,0.11221945137157106,0.22443890274314213,0.0,54.65087281795511,0.8977556109725685,1.6832917705735662,0.11221945137157106,0.6733167082294265,2.3566084788029924,6.957605985037406,2.8054862842892767,0.22443890274314213,0.11221945137157106,0.8977556109725685,0.33665835411471323,1.6832917705735662,0.22443890274314213,0.0,0.0,35.24229979466119,33.33333333333333,40.32258064516129,50.0,6.737453183520599
england,Premier League,2025,James Rowswell,19.0,D,England,,,1,0,1.0,0.0,0.0,0.0,0.0,0,0,0,0.0,0,0.0,0.0,0.0,0.0,0.0,0.0,0.0,0.0,0.0,0.0,0.0,0.0,0.0,0.0,0.0,0.0,0.0,0.0,0.0,0.0,0.0,0.0,0.0,,,,,
england,Premier League,2025,James Tarkowski,33.0,D,England,185.0,81.0,37,37,3330.0,2.0,3.0,0.0,1.0,0,0,8,0.0,0,0.05405405405405405,0.40540540540540543,0.2702702702702703,0.05405405405405405,0.08108108108108109,0.13513513513513514,0.05405405405405405,42.05405405405405,0.5135135135135135,1.3783783783783783,1.4054054054054053,0.8648648648648648,2.2432432432432434,9.297297297297296,6.297297297297297,0.2162162162162162,0.1081081081081081,0.3513513513513513,0.945945945945946,0.8648648648648648,0.2162162162162162,0.0,0.0,37.80655526992288,66.66666666666666,67.73255813953489,50.0,7.164864864864865
england,Premier League,2025,James Trafford,23.0,G,England,197.0,83.0,4,4,360.0,0.0,0.0,0.0,0.0,0,0,0,0.0,0,0.0,0.0,0.0,0.0,0.0,0.0,0.0,29.5,0.0,0.5,0.0,0.0,0.5,1.25,1.25,0.25,0.25,0.0,0.25,0.0,0.0,0.0,0.0,24.983050847457626,,100.0,100.0,7.075
england,Premier League,2025,James Ward-Prowse,31.0,M,England,177.0,66.0,18,12,1109.0,0.0,1.0,0.0,0.0,0,0,1,0.0,0,0.0,0.1623083859332732,0.1623083859332732,0.0,0.0811541929666366,0.0811541929666366,0.0,49.828674481514874,1.8665464382326418,1.2984670874661857,0.5680793507664562,1.6230838593327321,2.921550946798918,6.4923354373309285,3.327321911632101,0.5680793507664562,0.1623083859332732,0.8115419296663661,1.055004508566276,0.6492335437330928,0.0811541929666366,0.0,0.0,38.144951140065146,100.0,51.24999999999999,28.57142857142857,6.842019837691614
england,Premier League,2025,James Wilson,18.0,F,Scotland,,,0,0,0.0,0.0,0.0,0.0,0.0,0,0,0,0.0,0,,,,,,,,,,,,,,,,,,,,,,,,,,,,
england,Premier League,2025,James Wright,21.0,G,England,188.0,,0,0,0.0,0.0,0.0,0.0,0.0,0,0,0,0.0,0,,,,,,,,,,,,,,,,,,,,,,,,,,,,
england,Premier League,2025,Jamie Gittens,21.0,F,England,175.0,70.0,16,5,495.0,0.0,2.0,0.0,0.0,0,0,0,0.0,0,0.36363636363636365,0.7272727272727273,0.36363636363636365,0.0,0.36363636363636365,0.36363636363636365,0.0,27.09090909090909,1.6363636363636362,1.4545454545454546,0.18181818181818182,0.36363636363636365,1.8181818181818183,10.727272727272728,5.818181818181818,3.8181818181818183,2.3636363636363638,0.5454545454545454,1.4545454545454546,1.0909090909090908,0.0,0.0,0.0,9.838926174496644,50.0,54.23728813559322,61.904761904761905,6.718421052631579
england,Premier League,2025,Jan Paul van Hecke,25.0,D,Netherlands,189.0,79.0,36,36,3211.0,3.0,3.0,0.0,1.0,0,0,9,0.0,0,0.11211460604173155,0.4484584241669262,0.2802865151043289,0.08408595453129866,0.08408595453129866,0.16817190906259732,0.08408595453129866,70.63220180629088,0.3643724696356275,1.485518530052943,0.7848022422921208,1.2893179694799128,2.7748364995328556,9.557770165057615,5.82995951417004,0.14014325755216445,0.08408595453129866,0.5886016817190907,1.2052320149486142,0.756773590781688,0.252257863593896,0.0,0.0,66.89960317460317,62.5,60.997067448680355,60.0,7.267175334786671
england,Premier League,2025,Jarrad Branthwaite,23.0,D,England,195.0,87.0,10,7,689.0,1.0,0.0,1.0,0.0,0,0,1,0.0,0,0.13062409288824384,0.6531204644412192,0.2612481857764877,0.13062409288824384,0.0,0.13062409288824384,0.13062409288824384,45.84905660377358,0.39187227866473145,1.6981132075471697,0.2612481857764877,1.436865021770682,3.1349782293178516,8.359941944847606,5.747460087082728,0.5224963715529753,0.0,0.39187227866473145,0.13062409288824384,0.39187227866473145,0.13062409288824384,0.0,0.0,39.096866096866094,40.0,68.75,0.0,7.0818577648766325
england,Premier League,2025,Jarrod Bowen,29.0,M,England,176.0,70.0,38,38,3405.0,9.0,11.0,0.0,0.0,1,0,4,0.0,0,0.4493392070484582,1.3215859030837005,0.7400881057268722,0.23788546255506607,0.29074889867841414,0.5286343612334802,0.21145374449339208,20.933920704845814,1.1894273127753305,1.2951541850220265,0.18502202643171806,0.7136563876651982,2.0088105726872247,11.33920704845815,4.863436123348017,3.1453744493392066,1.4008810572687225,0.7400881057268722,1.2951541850220265,0.5022026431718062,0.10572687224669604,0.0,0.0,16.303030303030305,56.00000000000001,42.89044289044289,44.537815126050425,6.993215859030838
england,Premier League,2025,Jason Steele,35.0,G,England,188.0,79.0,0,0,0.0,0.0,0.0,0.0,0.0,0,0,0,0.0,0,,,,,,,,,,,,,,,,,,,,,,,,,,,,
england,Premier League,2025,Jaydee Canvot,19.0,D,France,188.0,75.0,20,14,1347.0,0.0,0.0,0.0,1.0,0,0,3,0.0,0,0.0,0.46770601336302897,0.06681514476614699,0.0,0.0,0.0,0.0,51.11358574610245,0.20044543429844097,2.6057906458797326,0.8685968819599108,0.8017817371937639,3.4075723830734965,9.420935412026726,5.679287305122494,0.26726057906458794,0.13363028953229397,1.2694877505567927,0.46770601336302897,0.8017817371937639,0.20044543429844097,0.0,0.0,47.082352941176474,14.285714285714285,60.28368794326241,50.0,6.944650817236256
england,Premier League,2025,Jayden Bogle,25.0,D,England,178.0,69.0,34,32,2809.0,1.0,2.0,1.0,0.0,0,0,6,0.0,0,0.3203987184051264,0.35243859024563906,0.12815948736205057,0.03203987184051264,0.06407974368102529,0.09611961552153792,0.03203987184051264,28.323246707013173,0.6728373086507654,2.1146315414738344,0.1601993592025632,1.0573157707369172,3.1719473122107513,9.70808116767533,4.421502313990744,1.8262726949092203,0.6087575649697402,0.8330366678533286,0.9291562833748666,1.249555001779993,0.19223923104307583,0.0,0.0,22.82239819004525,36.36363636363637,45.54455445544555,33.33333333333333,6.609896760412958
england,Premier League,2025,Jayden Lienou,17.0,D,,,,0,0,0.0,0.0,0.0,0.0,0.0,0,0,0,0.0,0,,,,,,,,,,,,,,,,,,,,,,,,,,,,
england,Premier League,2025,Jaydon Banel,21.0,F,Netherlands,173.0,70.0,1,0,9.0,0.0,0.0,0.0,0.0,0,0,0,0.0,0,0.0,0.0,0.0,0.0,0.0,0.0,0.0,40.0,0.0,0.0,0.0,0.0,0.0,40.0,10.0,10.0,0.0,0.0,10.0,10.0,0.0,0.0,0.0,4.0,,25.0,0.0,6.5
england,Premier League,2025,Jaydon Jones,19.0,M,England,182.0,,0,0,0.0,0.0,0.0,0.0,0.0,0,0,0,0.0,0,,,,,,,,,,,,,,,,,,,,,,,,,,,,
england,Premier League,2025,Jean-Clair Todibo,26.0,D,France,192.0,88.0,23,22,1817.0,0.0,1.0,0.0,0.0,0,0,5,0.0,1,0.04953219592735278,0.04953219592735278,0.0,0.0,0.04953219592735278,0.04953219592735278,0.0,38.68464501926252,0.2476609796367639,1.832691249312053,0.6439185470555862,0.8420473307649972,2.67473858007705,5.646670335718216,3.3681893230599886,0.445789763346175,0.19812878370941112,0.3467253714914695,0.14859658778205834,0.39625756741882223,0.2476609796367639,0.0,0.04953219592735278,37.76824583866837,0.0,59.64912280701754,44.44444444444444,6.57863436123348
england,Premier League,2025,Jean-Philippe Mateta,28.0,F,France,192.0,88.0,32,25,2222.0,12.0,0.0,1.0,0.0,4,0,2,0.0,0,0.7290729072907292,2.2682268226822684,1.296129612961296,0.48604860486048607,0.0,0.48604860486048607,0.324032403240324,12.758775877587759,0.3645364536453646,0.40504050405040504,0.24302430243024303,0.24302430243024303,0.648064806480648,11.827182718271828,4.455445544554456,1.2556255625562556,0.5670567056705671,0.3645364536453646,0.7695769576957696,0.8505850585058506,0.081008100810081,0.0,0.0,7.588424437299035,57.14285714285714,37.67123287671233,45.16129032258064,6.716471647164717
england,Premier League,2025,Jean-Ricner Bellegarde,27.0,M,France,170.0,70.0,26,15,1251.0,1.0,1.0,0.0,0.0,0,0,5,0.0,0,0.0,1.079136690647482,0.5035971223021583,0.07194244604316546,0.07194244604316546,0.14388489208633093,0.07194244604316546,30.647482014388487,1.0071942446043165,2.014388489208633,0.2158273381294964,0.7194244604316546,2.7338129496402876,12.23021582733813,6.762589928057554,2.158273381294964,1.2949640287769786,0.2158273381294964,2.949640287769784,1.4388489208633093,0.3597122302158273,0.0,0.0,18.77699530516432,46.666666666666664,55.294117647058826,60.0,6.800079936051159
england,Premier League,2025,Jefferson Lerma,31.0,M,Colombia,179.0,70.0,31,18,1731.0,0.0,2.0,1.0,0.0,0,0,7,0.0,0,0.0,0.7279029462738301,0.36395147313691506,0.0,0.10398613518197573,0.10398613518197573,0.0,45.28596187175044,0.7279029462738301,1.5077989601386481,0.20797227036395147,1.2998266897746968,2.8076256499133447,11.646447140381282,6.34315424610052,0.36395147313691506,0.1559792027729636,0.8318890814558059,1.2998266897746968,1.2998266897746968,0.36395147313691506,0.0,0.0,33.25143513203215,50.0,54.46428571428571,42.857142857142854,6.780809248554913
england,Premier League,2025,Jenson Jones,19.0,D,,,,0,0,0.0,0.0,0.0,0.0,0.0,0,0,0,0.0,0,,,,,,,,,,,,,,,,,,,,,,,,,,,,
england,Premier League,2025,Jenson Seelt,22.0,D,Netherlands,192.0,84.0,2,1,134.0,0.0,0.0,0.0,0.0,0,0,0,0.0,0,0.0,0.0,0.0,0.0,0.0,0.0,0.0,73.2089552238806,0.0,2.6865671641791042,0.6716417910447761,0.0,2.6865671641791042,9.402985074626866,6.716417910447761,0.0,0.0,0.6716417910447761,0.6716417910447761,0.6716417910447761,0.0,0.0,0.0,60.15596330275229,,71.42857142857143,,6.876865671641791
england,Premier League,2025,Jeremie Frimpong,25.0,D,Netherlands,171.0,63.0,21,12,1068.0,0.0,1.0,0.0,0.0,0,0,1,0.0,0,0.33707865168539325,0.5056179775280899,0.16853932584269662,0.0,0.08426966292134831,0.08426966292134831,0.0,37.162921348314605,1.2640449438202246,0.9269662921348314,0.0,0.5056179775280899,1.4325842696629214,9.943820224719103,4.803370786516854,2.7808988764044944,1.5168539325842696,1.0112359550561798,1.7696629213483146,0.6741573033707865,0.08426966292134831,0.0,0.0,27.20408163265306,33.33333333333333,48.30508474576271,54.54545454545454,6.784176029962547
england,Premier League,2025,Jerome Abbey,,M,,,,1,0,16.0,0.0,0.0,0.0,0.0,0,0,0,0.0,0,5.625,0.0,0.0,0.0,0.0,0.0,0.0,28.125,0.0,5.625,0.0,5.625,11.25,16.875,16.875,0.0,0.0,0.0,0.0,0.0,0.0,0.0,0.0,1.0,,100.0,,6.9
england,Premier League,2025,Jesse Derry,18.0,F,England,,,1,1,44.0,0.0,0.0,1.0,0.0,0,0,0,0.0,0,0.0,4.090909090909091,2.0454545454545454,0.0,0.0,0.0,0.0,26.590909090909093,0.0,2.0454545454545454,0.0,0.0,2.0454545454545454,12.272727272727272,4.090909090909091,4.090909090909091,0.0,0.0,2.0454545454545454,0.0,0.0,0.0,0.0,12.0,50.0,33.33333333333333,0.0,6.6
england,Premier League,2025,Jesurun Rak-Sakyi,23.0,M,England,178.0,,0,0,0.0,0.0,0.0,0.0,0.0,0,0,0,0.0,0,,,,,,,,,,,,,,,,,,,,,,,,,,,,
england,Premier League,2025,Jhon Arias,28.0,M,Colombia,170.0,77.0,23,14,1121.0,1.0,0.0,0.0,0.0,0,0,1,0.0,0,0.2408563782337199,0.8028545941123997,0.2408563782337199,0.08028545941123996,0.0,0.08028545941123996,0.08028545941123996,31.953612845673508,0.8831400535236397,3.452274754683318,0.16057091882247992,0.6422836752899197,4.0945584299732385,13.247100802854595,5.619982158786797,1.6057091882247994,0.6422836752899197,1.1239964317573594,0.7225691347011597,2.007136485280999,0.08028545941123996,0.0,0.0,26.07537688442211,30.0,42.42424242424242,40.0,6.729196428571428
england,Premier League,2025,Jim Thwaites,17.0,M,,,,0,0,0.0,0.0,0.0,0.0,0.0,0,0,0,0.0,0,,,,,,,,,,,,,,,,,,,,,,,,,,,,
england,Premier League,2025,Jimmy Sinclair,19.0,M,England,177.0,,0,0,0.0,0.0,0.0,0.0,0.0,0,0,0,0.0,0,,,,,,,,,,,,,,,,,,,,,,,,,,,,
england,Premier League,2025,Joachim Andersen,29.0,D,Denmark,192.0,86.0,33,33,2884.0,0.0,1.0,0.0,0.0,0,0,7,0.0,1,0.0,0.4056865464632455,0.12482662968099861,0.0,0.031206657420249653,0.031206657420249653,0.0,70.99514563106796,0.21844660194174756,1.4042995839112344,0.5929264909847434,1.1234396671289875,2.527739251040222,6.927877947295422,4.400138696255201,0.21844660194174756,0.18723994452149792,0.49930651872399445,0.4056865464632455,0.9361997226074896,0.21844660194174756,0.0,0.031206657420249653,67.76835164835165,30.76923076923077,63.51351351351351,85.71428571428571,7.055409153952843
england,Premier League,2025,Jocelin Ta Bi,20.0,F,,,,1,1,39.0,0.0,0.0,0.0,0.0,0,0,0,0.0,0,0.0,0.0,0.0,0.0,0.0,0.0,0.0,4.615384615384615,0.0,2.3076923076923075,0.0,0.0,2.3076923076923075,18.46153846153846,9.23076923076923,6.923076923076923,4.615384615384615,0.0,2.3076923076923075,0.0,0.0,0.0,0.0,2.0,,50.0,66.66666666666666,6.6
england,Premier League,2025,Joe Gomez,28.0,D,England,188.0,80.0,21,7,644.0,0.0,2.0,0.0,0.0,0,0,4,0.0,0,0.0,0.6987577639751553,0.13975155279503104,0.0,0.2795031055900621,0.2795031055900621,0.0,44.440993788819874,0.8385093167701864,1.3975155279503106,0.2795031055900621,1.2577639751552796,2.6552795031055902,9.22360248447205,3.6335403726708075,0.8385093167701864,0.4192546583850932,0.5590062111801242,0.0,1.9565217391304348,0.5590062111801242,0.0,0.0,26.170886075949365,20.0,39.39393939393939,50.0,6.491433021806854
england,Premier League,2025,Joe Knight,20.0,M,England,164.0,,1,0,1.0,0.0,0.0,0.0,0.0,0,0,0,0.0,0,0.0,0.0,0.0,0.0,0.0,0.0,0.0,0.0,0.0,0.0,0.0,0.0,0.0,0.0,0.0,0.0,0.0,0.0,0.0,0.0,0.0,0.0,0.0,,,,,
england,Premier League,2025,Joe Rodon,28.0,D,Wales,193.0,88.0,35,33,2953.0,2.0,0.0,0.0,0.0,0,0,3,0.0,0,0.03047748052827633,0.4266847273958686,0.2133423636979343,0.06095496105655266,0.0,0.06095496105655266,0.06095496105655266,44.192346766000675,0.2742973247544869,1.127666779546224,0.6705045716220792,0.8838469353200136,2.0115137148662376,7.680325093125635,4.266847273958686,0.06095496105655266,0.03047748052827633,0.3047748052827633,0.5790721300372502,0.5181171689806976,0.09143244158482898,0.0,0.0,46.57586206896552,50.0,55.55555555555556,50.0,6.709112466124661
england,Premier League,2025,Joe Willock,26.0,M,England,179.0,71.0,24,10,1011.0,0.0,2.0,0.0,0.0,0,0,3,0.0,0,0.17804154302670622,1.2462908011869436,0.5341246290801187,0.0,0.17804154302670622,0.17804154302670622,0.0,31.958456973293767,1.2462908011869436,1.780415430267062,0.17804154302670622,0.8011869436201781,2.5816023738872405,10.326409495548962,4.27299703264095,1.513353115727003,0.6231454005934718,1.6913946587537092,0.9792284866468842,1.4243323442136497,0.26706231454005935,0.0,0.0,21.00557103064067,42.857142857142854,41.37931034482759,41.17647058823529,6.495643564356436
england,Premier League,2025,Joe Worrall,29.0,D,England,193.0,64.0,11,5,517.0,0.0,0.0,0.0,0.0,0,0,0,0.0,0,0.0,0.17408123791102514,0.0,0.0,0.0,0.0,0.0,26.982591876208897,0.0,0.6963249516441006,1.2185686653771761,0.8704061895551258,1.5667311411992264,9.052224371373308,4.352030947775629,0.0,0.0,0.3481624758220503,0.17408123791102514,0.6963249516441006,0.0,0.0,0.0,21.296774193548387,0.0,48.07692307692308,,6.350968992248061
england,Premier League,2025,Joel Drakes-Thomas,16.0,F,,,,2,0,25.0,0.0,0.0,0.0,0.0,0,0,0,0.0,0,0.0,0.0,0.0,0.0,0.0,0.0,0.0,39.6,0.0,3.6,0.0,0.0,3.6,10.799999999999999,3.6,3.6,0.0,0.0,0.0,3.6,0.0,0.0,0.0,4.090909090909091,,33.33333333333333,0.0,6.372000000000001
england,Premier League,2025,Joelinton,29.0,M,Brazil,186.0,81.0,27,23,1953.0,2.0,1.0,0.0,0.0,0,0,10,0.0,0,0.04608294930875576,1.0599078341013826,0.5069124423963134,0.09216589861751152,0.04608294930875576,0.1382488479262673,0.09216589861751152,38.66359447004608,0.783410138248848,1.9815668202764976,0.1382488479262673,1.336405529953917,3.3179723502304146,13.640552995391706,6.8663594470046085,1.3824884792626728,0.7373271889400922,0.9216589861751152,1.2442396313364057,2.1658986175115205,0.4608294930875576,0.0,0.0,30.58760429082241,47.82608695652174,50.33783783783784,53.333333333333336,6.8560675883256526
england,Premier League,2025,John McGinn,31.0,M,Scotland,178.0,68.0,30,28,2169.0,5.0,4.0,0.0,0.0,0,0,5,0.0,0,0.0,0.8713692946058091,0.4979253112033195,0.2074688796680498,0.16597510373443983,0.37344398340248963,0.2074688796680498,31.244813278008298,1.7012448132780082,1.2033195020746887,0.2074688796680498,0.4979253112033195,1.7012448132780082,9.91701244813278,4.439834024896266,1.6182572614107882,0.7883817427385892,0.5809128630705394,1.991701244813278,1.2863070539419086,0.2074688796680498,0.0,0.0,25.03851261620186,57.14285714285714,44.76987447698745,48.717948717948715,6.976717381281697
england,Premier League,2025,John Ruddy,39.0,G,England,192.0,96.0,0,0,0.0,0.0,0.0,0.0,0.0,0,0,0,0.0,0,,,,,,,,,,,,,,,,,,,,,,,,,,,,
england,Premier League,2025,John Stones,31.0,D,England,188.0,80.0,9,5,449.0,0.0,0.0,0.0,0.0,0,0,0,0.0,0,0.0,0.0,0.0,0.0,0.0,0.0,0.0,60.53452115812918,0.20044543429844097,0.20044543429844097,1.2026726057906458,0.6013363028953229,0.8017817371937639,4.008908685968819,2.8062360801781736,0.40089086859688194,0.40089086859688194,0.6013363028953229,0.0,0.0,0.0,0.0,0.0,55.74,,70.0,100.0,6.562946428571428
england,Premier League,2025,John Victor,29.0,G,Brazil,196.0,91.0,5,5,438.0,0.0,0.0,0.0,0.0,0,0,1,0.0,0,0.0,0.0,0.0,0.0,0.0,0.0,0.0,26.712328767123285,0.0,0.0,0.0,0.0,0.0,0.0,0.0,0.0,0.0,0.0,0.0,0.0,0.2054794520547945,0.0,0.0,17.5,,,,6.3273972602739725
england,Premier League,2025,Jonah Kusi-Asare,18.0,F,Sweden,196.0,84.0,7,0,79.0,0.0,0.0,0.0,0.0,0,0,1,0.0,0,0.0,0.0,0.0,0.0,0.0,0.0,0.0,18.227848101265824,1.139240506329114,1.139240506329114,0.0,0.0,1.139240506329114,18.227848101265824,4.556962025316456,0.0,0.0,3.4177215189873418,2.278481012658228,4.556962025316456,1.139240506329114,0.0,0.0,2.25,,25.0,,6.461538461538462
england,Premier League,2025,Jordan Henderson,35.0,M,England,182.0,78.0,32,22,1929.0,1.0,3.0,0.0,0.0,0,0,6,0.0,0,0.04665629860031104,0.18662519440124417,0.04665629860031104,0.04665629860031104,0.13996889580093314,0.18662519440124417,0.04665629860031104,54.02799377916019,0.8864696734059098,1.2597200622083982,0.3265940902021773,0.7931570762052877,2.052877138413686,4.618973561430794,2.23950233281493,0.37325038880248834,0.13996889580093314,0.4199066874027994,0.3265940902021773,0.6065318818040436,0.27993779160186627,0.0,0.0,37.457685664939554,25.0,48.484848484848484,37.5,6.909797822706065
england,Premier League,2025,Jordan Pickford,31.0,G,England,185.0,82.0,38,38,3420.0,0.0,0.0,0.0,1.0,0,0,4,0.0,0,0.0,0.0,0.0,0.0,0.0,0.0,0.0,37.89473684210526,0.052631578947368425,0.052631578947368425,0.0,0.0,0.052631578947368425,0.44736842105263164,0.34210526315789475,0.0,0.0,0.026315789473684213,0.15789473684210525,0.026315789473684213,0.10526315789473685,0.0,0.0,24.141666666666666,,76.47058823529412,,7.023684210526316
england,Premier League,2025,Jorge Cuenca,26.0,D,Spain,190.0,75.0,15,11,965.0,0.0,0.0,0.0,0.0,0,0,6,0.0,0,0.09326424870466321,0.09326424870466321,0.0,0.0,0.0,0.0,0.0,58.38341968911917,0.27979274611398963,1.4922279792746114,0.9326424870466321,1.4922279792746114,2.9844559585492227,6.341968911917098,3.357512953367875,0.46632124352331605,0.18652849740932642,0.37305699481865284,0.09326424870466321,0.9326424870466321,0.5595854922279793,0.0,0.0,52.23801916932907,0.0,52.94117647058824,40.0,6.8649377593361
england,Premier League,2025,Jorrel Hato,19.0,D,Netherlands,182.0,76.0,22,12,1159.0,0.0,0.0,0.0,0.0,0,0,7,0.0,0,0.0,0.3106125970664366,0.0,0.0,0.0,0.0,0.0,58.78343399482313,0.6212251941328732,2.795513373597929,0.543572044866264,1.3977566867989646,4.193270060396894,9.00776531492666,4.7368421052631575,1.009490940465919,0.543572044866264,0.9318377911993097,0.1553062985332183,1.1647972389991372,0.543572044866264,0.0,0.0,48.949801849405546,0.0,52.58620689655172,53.84615384615385,6.548748921484038
england,Premier League,2025,Josh Acheampong,19.0,D,England,184.0,75.0,17,8,700.0,1.0,0.0,0.0,0.0,0,0,1,0.0,0,0.2571428571428571,0.2571428571428571,0.2571428571428571,0.12857142857142856,0.0,0.12857142857142856,0.12857142857142856,61.32857142857142,0.2571428571428571,1.4142857142857144,0.2571428571428571,1.4142857142857144,2.8285714285714287,8.485714285714286,5.3999999999999995,1.8,1.4142857142857144,0.5142857142857142,1.157142857142857,0.2571428571428571,0.12857142857142856,0.0,0.0,57.312368972746334,100.0,63.63636363636363,78.57142857142857,6.728469241773962
england,Premier League,2025,Josh Cullen,29.0,M,Republic of Ireland,175.0,70.0,18,18,1519.0,2.0,2.0,0.0,1.0,0,0,2,0.0,0,0.0,0.4147465437788018,0.3554970375246873,0.1184990125082291,0.1184990125082291,0.2369980250164582,0.1184990125082291,51.3100724160632,0.7702435813034891,1.8367346938775508,0.65174456879526,1.30348913759052,3.140223831468071,7.169190256747861,3.91046741277156,0.3554970375246873,0.1184990125082291,0.7109940750493746,1.066491112574062,0.9479921000658328,0.1184990125082291,0.0,0.0,44.764434180138565,85.71428571428571,54.54545454545454,33.33333333333333,6.926267281105991
england,Premier League,2025,Josh Dasilva,27.0,M,England,184.0,75.0,2,0,21.0,0.0,0.0,0.0,0.0,0,0,0,0.0,0,0.0,4.285714285714286,0.0,0.0,0.0,0.0,0.0,21.428571428571427,4.285714285714286,0.0,0.0,0.0,0.0,4.285714285714286,0.0,4.285714285714286,0.0,0.0,0.0,0.0,0.0,0.0,0.0,2.0,0.0,0.0,0.0,6.4523809523809526
england,Premier League,2025,Josh Gracey,18.0,G,Northern Ireland,196.0,,0,0,0.0,0.0,0.0,0.0,0.0,0,0,0,0.0,0,,,,,,,,,,,,,,,,,,,,,,,,,,,,
england,Premier League,2025,Josh Laurent,30.0,M,England,188.0,70.0,33,18,1783.0,1.0,0.0,0.0,1.0,0,0,7,0.0,1,0.10095344924284913,0.5047672462142456,0.20190689848569826,0.050476724621424565,0.0,0.050476724621424565,0.050476724621424565,32.40605720695457,0.6057206954570947,2.422882781828379,0.4038137969713965,1.3628715647784633,3.785754346606842,9.842961301177791,4.744812114413909,0.9590577678070668,0.45429052159282113,1.1104879416713405,0.5552439708356702,1.5647784632641615,0.35333707234997197,0.0,0.050476724621424565,22.24922118380062,40.0,48.205128205128204,47.368421052631575,6.386932136848009
england,Premier League,2025,Joshua King,18.0,M,England,187.0,74.0,32,15,1310.0,1.0,2.0,0.0,0.0,0,0,4,0.0,0,0.20610687022900764,1.4427480916030535,0.7557251908396947,0.06870229007633588,0.13740458015267176,0.20610687022900764,0.06870229007633588,23.83969465648855,1.0305343511450382,1.8549618320610688,0.34351145038167935,0.20610687022900764,2.0610687022900764,10.51145038167939,5.221374045801527,2.5419847328244276,1.099236641221374,0.549618320610687,2.0610687022900764,0.8931297709923665,0.2748091603053435,0.0,0.0,11.412103746397694,52.38095238095239,49.673202614379086,43.24324324324324,6.643206106870229
england,Premier League,2025,Joshua Stephenson,18.0,D,,,,0,0,0.0,0.0,0.0,0.0,0.0,0,0,0,0.0,0,,,,,,,,,,,,,,,,,,,,,,,,,,,,
england,Premier League,2025,Joshua Zirkzee,24.0,F,Netherlands,193.0,84.0,24,5,666.0,2.0,1.0,0.0,0.0,0,0,3,0.0,0,0.13513513513513514,2.5675675675675675,1.2162162162162162,0.2702702702702703,0.13513513513513514,0.40540540540540543,0.2702702702702703,33.108108108108105,1.4864864864864864,1.2162162162162162,0.2702702702702703,0.13513513513513514,1.3513513513513513,13.64864864864865,5.405405405405405,1.2162162162162162,0.6756756756756757,0.40540540540540543,0.8108108108108109,1.2162162162162162,0.40540540540540543,0.0,0.0,13.253061224489796,47.368421052631575,39.603960396039604,55.55555555555556,6.554054054054054
england,Premier League,2025,José Sá,32.0,G,Portugal,192.0,84.0,23,23,2070.0,0.0,0.0,0.0,0.0,0,0,2,0.0,0,0.0,0.0,0.0,0.0,0.0,0.0,0.0,30.086956521739133,0.043478260869565216,0.043478260869565216,0.0,0.0,0.043478260869565216,1.0,0.9565217391304348,0.0,0.0,0.0,0.2608695652173913,0.0,0.08695652173913043,0.0,0.0,18.908959537572255,,95.65217391304348,,6.860869565217391
england,Premier League,2025,Jota Silva,26.0,F,Portugal,179.0,77.0,1,0,11.0,0.0,0.0,0.0,0.0,0,0,0,0.0,0,0.0,0.0,0.0,0.0,0.0,0.0,0.0,16.363636363636363,0.0,16.363636363636363,0.0,0.0,16.363636363636363,32.72727272727273,24.545454545454543,0.0,0.0,0.0,8.181818181818182,0.0,0.0,0.0,0.0,2.0,,75.0,,6.7
england,Premier League,2025,João Gomes,24.0,M,Brazil,176.0,74.0,35,32,2843.0,1.0,1.0,0.0,0.0,0,0,10,0.0,0,0.03165670066830813,0.41153710868800564,0.22159690467815688,0.03165670066830813,0.03165670066830813,0.06331340133661625,0.03165670066830813,45.9971860710517,0.50650721069293,3.4189236721772773,0.18994020400984876,1.1396412240590925,4.55856489623637,14.213858600070349,7.1860710517059445,2.120998944776644,1.3612381287372493,1.5511783327470983,1.5511783327470983,2.184312346113261,0.31656700668308124,0.0,0.0,39.58430832759807,53.84615384615385,50.55679287305123,64.17910447761194,6.793527963418923
england,Premier League,2025,João Palhinha,30.0,M,Portugal,190.0,84.0,33,23,2198.0,5.0,2.0,0.0,0.0,0,0,8,0.0,0,0.0,0.7779799818016379,0.3685168334849864,0.20473157415832574,0.0818926296633303,0.28662420382165604,0.20473157415832574,42.70700636942675,0.3275705186533212,4.5040946314831665,0.4913557779799818,1.2283894449499544,5.732484076433121,12.775250227479528,7.861692447679709,0.9417652411282985,0.4094631483166515,0.9827115559599636,1.4740673339399455,1.1464968152866242,0.3275705186533212,0.0,0.0,33.16203259827421,47.368421052631575,61.53846153846154,43.47826086956522,7.13589626933576
england,Premier League,2025,João Pedro,24.0,F,Brazil,182.0,70.0,35,31,2674.0,15.0,5.0,3.0,0.0,0,0,5,0.0,0,0.5385190725504861,1.75018698578908,0.9424083769633509,0.5048616305160808,0.1682872101720269,0.6731488406881077,0.5048616305160808,23.324607329842934,0.9760658189977561,0.9087509349289454,0.1682872101720269,0.23560209424083772,1.144353029169783,13.63126402393418,6.596858638743455,2.5916230366492146,1.3462976813762153,0.13462976813762154,1.8848167539267018,1.2789827973074046,0.1682872101720269,0.0,0.0,17.623376623376622,53.84615384615385,48.39506172839506,51.94805194805194,7.116192969334331
england,Premier League,2025,Joël Piroe,26.0,F,Netherlands,181.0,74.0,16,2,315.0,0.0,0.0,0.0,0.0,0,0,0,0.0,0,0.2857142857142857,2.571428571428571,0.8571428571428572,0.0,0.0,0.0,0.0,27.714285714285715,0.2857142857142857,0.5714285714285714,0.0,0.2857142857142857,0.8571428571428572,9.428571428571429,2.2857142857142856,0.8571428571428572,0.2857142857142857,0.2857142857142857,0.0,1.1428571428571428,0.0,0.0,0.0,7.608247422680412,33.33333333333333,24.242424242424242,33.33333333333333,6.358730158730158
england,Premier League,2025,Joël Veltman,33.0,D,Netherlands,184.0,75.0,24,9,1073.0,1.0,0.0,0.0,0.0,0,0,5,0.0,0,0.16775396085740912,0.16775396085740912,0.08387698042870456,0.08387698042870456,0.0,0.08387698042870456,0.08387698042870456,37.07362534948742,0.33550792171481825,2.6001863932898415,0.5032618825722274,1.509785647716682,4.1099720410065235,9.394221808014912,6.290773532152842,0.4193849021435228,0.16775396085740912,0.8387698042870456,1.8452935694315007,0.8387698042870456,0.4193849021435228,0.0,0.0,26.364464692482915,50.0,66.96428571428571,40.0,6.90812324929972
england,Premier League,2025,Joško Gvardiol,23.0,D,Croatia,185.0,80.0,18,16,1374.0,2.0,2.0,0.0,1.0,0,0,2,0.0,0,0.0,0.8515283842794761,0.3930131004366812,0.13100436681222707,0.13100436681222707,0.26200873362445415,0.13100436681222707,68.58078602620087,0.3930131004366812,1.1790393013100435,0.6550218340611353,0.982532751091703,2.1615720524017465,6.812227074235809,3.668122270742358,0.3930131004366812,0.13100436681222707,0.06550218340611354,0.4585152838427948,1.0480349344978166,0.13100436681222707,0.0,0.0,61.117478510028654,46.15384615384615,53.84615384615385,33.33333333333333,7.009097525473071
england,Premier League,2025,Julio Soler,20.0,D,Argentina,170.0,63.0,3,0,34.0,0.0,0.0,0.0,0.0,0,0,0,0.0,0,0.0,0.0,0.0,0.0,0.0,0.0,0.0,60.88235294117647,0.0,2.6470588235294117,0.0,0.0,2.6470588235294117,15.882352941176471,7.9411764705882355,0.0,0.0,2.6470588235294117,5.294117647058823,5.294117647058823,0.0,0.0,0.0,11.565217391304348,,50.0,,6.378787878787879
england,Premier League,2025,Julián Araujo,24.0,D,Mexico,175.0,70.0,0,0,0.0,0.0,0.0,0.0,0.0,0,0,0,0.0,0,,,,,,,,,,,,,,,,,,,,,,,,,,,,
england,Premier League,2025,Jun'ai Byfield,17.0,D,England,188.0,,1,0,10.0,0.0,0.0,0.0,0.0,0,0,0,0.0,0,0.0,0.0,0.0,0.0,0.0,0.0,0.0,45.0,0.0,0.0,0.0,0.0,0.0,9.0,9.0,0.0,0.0,0.0,0.0,0.0,0.0,0.0,0.0,4.0,,100.0,,6.6
england,Premier League,2025,Jurriën Timber,24.0,D,Netherlands,179.0,79.0,30,28,2457.0,3.0,5.0,1.0,0.0,0,0,5,0.0,0,0.0,0.8058608058608059,0.25641025641025644,0.10989010989010989,0.18315018315018314,0.29304029304029305,0.10989010989010989,39.743589743589745,0.989010989010989,2.417582417582418,0.21978021978021978,0.8791208791208791,3.296703296703297,9.413919413919414,5.384615384615385,1.208791208791209,0.47619047619047616,0.32967032967032966,1.0622710622710623,1.3919413919413919,0.18315018315018314,0.0,0.0,35.20645161290322,31.818181818181817,57.19844357976653,39.39393939393939,6.914570614570614
england,Premier League,2025,Justin Devenny,22.0,M,Scotland,178.0,74.0,21,7,830.0,1.0,0.0,0.0,0.0,1,0,0,0.0,0,0.10843373493975905,0.9759036144578314,0.4337349397590362,0.10843373493975905,0.0,0.10843373493975905,0.0,27.433734939759038,0.7590361445783133,2.710843373493976,0.0,0.10843373493975905,2.8192771084337354,12.795180722891567,4.9879518072289155,1.5180722891566265,0.3253012048192771,2.0602409638554215,1.0843373493975905,1.1927710843373494,0.0,0.0,0.0,15.904761904761905,44.44444444444444,38.983050847457626,21.428571428571427,6.458866103739445
england,Premier League,2025,Justin Kluivert,26.0,F,Netherlands,171.0,67.0,20,10,951.0,2.0,0.0,0.0,0.0,0,0,5,0.0,0,0.1892744479495268,1.0410094637223974,0.3785488958990536,0.1892744479495268,0.0,0.1892744479495268,0.1892744479495268,32.64984227129338,1.9873817034700316,0.9463722397476341,0.1892744479495268,0.3785488958990536,1.3249211356466877,10.977917981072556,3.501577287066246,2.4605678233438484,1.0410094637223974,0.8517350157728707,0.9463722397476341,1.7034700315457414,0.47318611987381703,0.0,0.0,17.692753623188405,36.36363636363637,31.896551724137932,42.30769230769231,6.559726603575184
england,Premier League,2025,Jérémy Doku,23.0,M,Belgium,173.0,66.0,30,19,1784.0,5.0,5.0,2.0,0.0,0,0,0,0.0,0,0.15134529147982065,1.2107623318385652,0.7567264573991032,0.2522421524663677,0.2522421524663677,0.5044843049327354,0.2522421524663677,38.946188340807176,3.0269058295964126,1.1603139013452914,0.0,0.6558295964125561,1.8161434977578474,16.143497757847534,8.525784753363228,7.415919282511211,4.136771300448431,0.5044843049327354,3.0773542600896864,1.1603139013452914,0.0,0.0,0.0,28.18782383419689,62.5,52.81249999999999,55.78231292517006,7.658576233183856
england,Premier League,2025,Jørgen Strand Larsen,25.0,F,Norway,193.0,79.0,36,26,2316.0,4.0,1.0,0.0,0.0,1,1,4,0.0,0,0.38860103626943004,1.3212435233160622,0.5440414507772021,0.15544041450777202,0.038860103626943004,0.19430051813471502,0.11658031088082901,19.1580310880829,0.38860103626943004,0.34974093264248707,0.27202072538860106,0.15544041450777202,0.5051813471502591,13.678756476683938,4.7020725388601035,1.049222797927461,0.4274611398963731,0.5440414507772021,0.816062176165803,2.0207253886010363,0.15544041450777202,0.0,0.0,10.981744421906694,41.17647058823529,34.375,40.74074074074074,6.4253886010362695
england,Premier League,2025,Kaden Rodney,21.0,M,England,189.0,67.0,1,0,9.0,0.0,0.0,0.0,0.0,0,0,0,0.0,0,0.0,0.0,0.0,0.0,0.0,0.0,0.0,50.0,0.0,0.0,0.0,0.0,0.0,20.0,0.0,0.0,0.0,0.0,0.0,10.0,0.0,0.0,0.0,3.0,,0.0,,6.5
england,Premier League,2025,Kai Havertz,26.0,F,Germany,193.0,83.0,12,7,583.0,2.0,3.0,0.0,0.0,0,0,1,0.0,0,0.4631217838765009,1.8524871355060035,0.6174957118353345,0.30874785591766724,0.4631217838765009,0.7718696397941681,0.30874785591766724,25.62607204116638,1.6981132075471697,1.234991423670669,0.15437392795883362,0.15437392795883362,1.3893653516295026,12.967409948542025,5.55746140651801,0.9262435677530018,0.4631217838765009,0.9262435677530018,1.234991423670669,1.234991423670669,0.15437392795883362,0.0,0.0,13.75301204819277,33.33333333333333,42.857142857142854,50.0,6.780960548885077
england,Premier League,2025,Kaoru Mitoma,28.0,M,Japan,178.0,73.0,25,19,1721.0,3.0,1.0,0.0,0.0,0,0,5,0.0,0,0.20918070889018012,1.2550842533410809,0.6798373038930854,0.1568855316676351,0.05229517722254503,0.20918070889018012,0.1568855316676351,29.912841371295755,1.621150493898896,0.9413131900058106,0.05229517722254503,0.41836141778036023,1.3596746077861708,10.668216153399186,4.2359093550261475,3.242300987797792,1.4119697850087158,0.8890180127832655,1.0981987216734457,1.621150493898896,0.26147588611272515,0.0,0.0,21.987762237762237,54.166666666666664,39.705882352941174,43.54838709677419,6.827367809413132
england,Premier League,2025,Karl Darlow,35.0,G,England,190.0,88.0,22,22,1980.0,0.0,0.0,0.0,0.0,0,0,1,0.0,0,0.0,0.0,0.0,0.0,0.0,0.0,0.0,38.45454545454545,0.0,0.045454545454545456,0.0,0.0,0.045454545454545456,0.5909090909090909,0.5909090909090909,0.045454545454545456,0.045454545454545456,0.0,0.3181818181818182,0.0,0.045454545454545456,0.0,0.0,23.013002364066192,,100.0,100.0,7.05
england,Premier League,2025,Kaye Furo,18.0,F,Belgium,190.0,,1,0,9.0,0.0,0.0,0.0,0.0,0,0,0,0.0,0,0.0,0.0,0.0,0.0,0.0,0.0,0.0,0.0,0.0,0.0,0.0,0.0,0.0,10.0,0.0,0.0,0.0,0.0,0.0,10.0,0.0,0.0,0.0,,,0.0,,6.5
england,Premier League,2025,Keane Lewis-Potter,24.0,F,England,170.0,67.0,36,22,1990.0,3.0,3.0,0.0,0.0,0,0,1,0.0,0,0.135678391959799,0.8592964824120604,0.40703517587939697,0.135678391959799,0.135678391959799,0.271356783919598,0.135678391959799,25.64321608040201,0.8592964824120604,1.0402010050251256,0.09045226130653267,0.542713567839196,1.5829145728643217,8.185929648241206,3.8894472361809043,1.9899497487437188,0.7236180904522613,0.45226130653266333,1.6281407035175879,0.6783919597989949,0.04522613065326633,0.0,0.0,19.11111111111111,47.368421052631575,47.51381215469613,36.36363636363637,6.718542713567839
england,Premier League,2025,Keiber Lamadrid,22.0,M,Venezuela,,,0,0,0.0,0.0,0.0,0.0,0.0,0,0,0,0.0,0,,,,,,,,,,,,,,,,,,,,,,,,,,,,
england,Premier League,2025,Kenny Tete,30.0,D,Netherlands,180.0,71.0,22,21,1802.0,1.0,0.0,0.0,0.0,0,0,2,0.0,0,0.049944506104328525,0.49944506104328523,0.14983351831298555,0.049944506104328525,0.0,0.049944506104328525,0.049944506104328525,44.25083240843507,0.5493895671476138,3.1964483906770256,0.2996670366259711,1.3485016648168702,4.544950055493896,10.83795782463929,6.4927857935627085,1.0987791342952276,0.3995560488346282,0.6492785793562708,1.5482796892341844,1.3485016648168702,0.09988901220865705,0.0,0.0,37.635440180586905,30.0,59.907834101382484,36.36363636363637,6.970754716981132
england,Premier League,2025,Kepa Arrizabalaga,31.0,G,Spain,189.0,84.0,1,1,90.0,0.0,0.0,0.0,0.0,0,0,0,0.0,0,0.0,0.0,0.0,0.0,0.0,0.0,0.0,20.0,0.0,0.0,0.0,0.0,0.0,1.0,1.0,0.0,0.0,0.0,0.0,0.0,0.0,0.0,0.0,15.0,,100.0,,7.0
england,Premier League,2025,Kevin,22.0,F,Brazil,176.0,71.0,26,9,1037.0,1.0,1.0,1.0,0.0,0,0,1,0.0,0,0.2603664416586307,1.6489874638379944,0.8678881388621023,0.08678881388621022,0.08678881388621022,0.17357762777242045,0.08678881388621022,29.421407907425266,1.215043394406943,1.8225650916104146,0.0,0.781099324975892,2.6036644165863065,17.618129218900677,7.81099324975892,7.6374156219864995,3.8187078109932497,1.562198649951784,1.4754098360655739,1.215043394406943,0.08678881388621022,0.0,0.0,12.542772861356932,52.63157894736842,44.33497536945813,50.0,6.780520732883317
england,Premier League,2025,Kevin Danso,27.0,D,Austria,190.0,85.0,24,17,1507.0,0.0,0.0,0.0,0.0,0,0,8,0.0,0,0.0,0.3583278035832781,0.11944260119442601,0.0,0.0,0.0,0.0,56.854678168546776,0.11944260119442601,1.6124751161247513,0.656934306569343,1.4333112143331124,3.0457863304578634,11.884538818845389,7.166556071665561,0.17916390179163905,0.11944260119442601,0.5374917053749171,0.7763769077637691,1.254147312541473,0.47777040477770405,0.0,0.0,50.11974789915966,33.33333333333333,60.30150753768844,66.66666666666666,6.926312292358804
england,Premier League,2025,Kevin Schade,24.0,M,Germany,183.0,74.0,35,32,2757.0,8.0,3.0,2.0,0.0,0,1,6,0.0,1,0.32644178454842215,1.4689880304679,0.7834602829162133,0.2611534276387378,0.09793253536452666,0.35908596300326445,0.2611534276387378,17.236126224156692,0.9466811751904244,1.3057671381936886,0.09793253536452666,0.5875952121871599,1.8933623503808488,14.00435255712731,6.137105549510338,2.4483133841131663,0.6528835690968443,0.29379760609357997,1.4036996735582155,1.632208922742111,0.19586507072905332,0.0,0.03264417845484222,11.702651515151516,53.333333333333336,43.82284382284382,26.666666666666668,6.80594849474066
england,Premier League,2025,Ki-Jana Hoever,23.0,D,Netherlands,183.0,65.0,8,6,428.0,0.0,0.0,0.0,0.0,0,0,0,0.0,0,0.2102803738317757,0.2102803738317757,0.2102803738317757,0.0,0.0,0.0,0.0,32.38317757009346,1.0514018691588785,2.7336448598130842,0.2102803738317757,1.2616822429906542,3.995327102803738,9.462616822429906,5.677570093457943,1.6822429906542056,1.0514018691588785,0.6308411214953271,0.6308411214953271,0.6308411214953271,0.0,0.0,0.0,16.103896103896105,100.0,60.0,62.5,6.595794392523365
england,Premier League,2025,Kian McMahon-Brown,17.0,F,,,,0,0,0.0,0.0,0.0,0.0,0.0,0,0,0,0.0,0,,,,,,,,,,,,,,,,,,,,,,,,,,,,
england,Premier League,2025,Kieran Morrison,19.0,M,England,170.0,65.0,0,0,0.0,0.0,0.0,0.0,0.0,0,0,0,0.0,0,,,,,,,,,,,,,,,,,,,,,,,,,,,,
england,Premier League,2025,Kieran Trippier,35.0,D,England,178.0,71.0,21,18,1592.0,0.0,1.0,0.0,0.0,0,0,3,0.0,0,0.056532663316582916,0.11306532663316583,0.0,0.0,0.056532663316582916,0.056532663316582916,0.0,59.698492462311556,1.5829145728643217,1.4698492462311559,0.056532663316582916,0.5087939698492463,1.9786432160804022,8.9321608040201,4.07035175879397,0.5653266331658292,0.22613065326633167,1.5829145728643217,1.0741206030150754,1.2437185929648242,0.16959798994974873,0.0,0.0,48.86174242424242,0.0,45.56962025316456,40.0,6.74588309239472
england,Premier League,2025,Kiernan Dewsbury-Hall,27.0,M,England,178.0,80.0,31,30,2635.0,8.0,4.0,0.0,1.0,0,0,6,0.0,0,0.0683111954459203,0.9563567362428842,0.5123339658444023,0.2732447817836812,0.1366223908918406,0.4098671726755218,0.2732447817836812,35.04364326375712,1.2637571157495255,1.776091081593928,0.1366223908918406,0.4098671726755218,2.18595825426945,9.939278937381404,5.020872865275142,1.7077798861480076,0.922201138519924,0.6489563567362429,1.6394686907020872,1.092979127134725,0.2049335863377609,0.0,0.0,30.182261208577,53.57142857142857,50.51546391752577,54.0,7.179127134724857
england,Premier League,2025,Kobbie Mainoo,20.0,M,England,175.0,72.0,28,16,1670.0,1.0,2.0,0.0,0.0,0,0,2,0.0,0,0.05389221556886228,0.4311377245508982,0.16167664670658682,0.05389221556886228,0.10778443113772455,0.16167664670658682,0.05389221556886228,56.4251497005988,1.18562874251497,1.8862275449101795,0.5389221556886228,1.0778443113772456,2.9640718562874255,9.970059880239521,4.904191616766466,1.8862275449101795,1.0239520958083832,0.592814371257485,1.18562874251497,0.7005988023952096,0.10778443113772455,0.0,0.0,47.01050620821395,37.5,49.18918918918919,54.285714285714285,7.013900539245057
england,Premier League,2025,Konstantinos Mavropanos,28.0,D,Greece,194.0,94.0,31,27,2535.0,3.0,0.0,0.0,0.0,0,0,2,0.0,0,0.07100591715976332,0.7100591715976332,0.28402366863905326,0.10650887573964497,0.0,0.10650887573964497,0.10650887573964497,41.53846153846154,0.14201183431952663,1.4201183431952664,1.0650887573964496,1.7396449704142012,3.159763313609467,7.278106508875739,4.757396449704141,0.07100591715976332,0.07100591715976332,0.4970414201183432,0.3195266272189349,0.5680473372781065,0.07100591715976332,0.0,0.0,38.01027397260274,40.0,65.3658536585366,100.0,7.104102564102565
england,Premier League,2025,Kota Takai,21.0,D,Japan,192.0,84.0,0,0,0.0,0.0,0.0,0.0,0.0,0,0,0,0.0,0,,,,,,,,,,,,,,,,,,,,,,,,,,,,
england,Premier League,2025,Kristoffer Ajer,27.0,D,Norway,198.0,92.0,27,20,1820.0,0.0,1.0,0.0,1.0,0,0,4,0.0,0,0.0,0.3956043956043956,0.14835164835164835,0.0,0.04945054945054945,0.04945054945054945,0.0,34.81318681318682,0.1978021978021978,1.8296703296703298,0.7912087912087912,0.8901098901098901,2.71978021978022,9.543956043956044,5.1923076923076925,0.543956043956044,0.14835164835164835,0.34615384615384615,0.24725274725274726,1.1373626373626373,0.1978021978021978,0.0,0.0,29.792613636363637,37.5,54.40414507772021,27.27272727272727,6.670274725274725
england,Premier League,2025,Kyle Walker,35.0,D,England,183.0,80.0,36,35,3097.0,0.0,2.0,0.0,0.0,0,0,9,0.0,0,0.029060381013884404,0.029060381013884404,0.0,0.0,0.05812076202776881,0.05812076202776881,0.0,41.846948659993544,0.37778495318049726,1.6273813367775265,0.290603810138844,1.3077171456247982,2.935098482402325,7.584759444623829,4.010332579916048,0.7846302873748788,0.37778495318049726,0.5521472392638037,0.6393283823054569,0.9299321924443009,0.26154342912495965,0.0,0.0,35.97083333333333,0.0,52.87356321839081,48.148148148148145,6.609622215046819
england,Premier League,2025,Kyle Walker-Peters,28.0,D,England,173.0,62.0,23,15,1396.0,1.0,0.0,0.0,0.0,0,0,2,0.0,0,0.06446991404011461,0.3223495702005731,0.19340974212034384,0.06446991404011461,0.0,0.06446991404011461,0.06446991404011461,38.42406876790831,0.45128939828080233,2.836676217765043,0.25787965616045844,0.5802292263610316,3.4169054441260744,10.379656160458453,6.2535816618911175,1.5472779369627507,1.0315186246418337,0.7091690544412608,1.6117478510028653,0.7736389684813754,0.12893982808022922,0.0,0.0,34.354026845637584,60.0,60.24844720496895,66.66666666666666,6.740143369175628
england,Premier League,2025,Ladislav Krejčí,26.0,D,Czechia,191.0,87.0,28,27,2361.0,2.0,1.0,0.0,0.0,0,0,5,0.0,1,0.0,0.6099110546378653,0.38119440914866576,0.07623888182973317,0.03811944091486658,0.11435832274459976,0.07623888182973317,50.050825921219825,0.34307496823379924,1.2198221092757306,0.5717916137229987,1.2198221092757306,2.4396442185514613,7.852604828462516,3.926302414231258,0.15247776365946633,0.07623888182973317,0.4955527318932656,0.2668360864040661,1.2579415501905973,0.19059720457433288,0.0,0.03811944091486658,44.85224676313785,62.5,50.0,50.0,6.738754764930115
england,Premier League,2025,Lamare Bogarde,21.0,M,Netherlands,183.0,76.0,28,11,1104.0,0.0,0.0,0.0,0.0,0,0,5,0.0,0,0.0,0.0,0.0,0.0,0.0,0.0,0.0,40.923913043478265,0.16304347826086957,2.119565217391304,0.4891304347826087,0.40760869565217395,2.527173913043478,8.88586956521739,4.646739130434782,0.5706521739130435,0.16304347826086957,0.40760869565217395,1.6304347826086958,1.3858695652173914,0.40760869565217395,0.0,0.0,29.159362549800797,,52.293577981651374,28.57142857142857,6.507350272232305
england,Premier League,2025,Lamin Sillah,19.0,D,Gambia,,,0,0,0.0,0.0,0.0,0.0,0.0,0,0,0,0.0,0,,,,,,,,,,,,,,,,,,,,,,,,,,,,
england,Premier League,2025,Landon Emenalo,17.0,M,England,177.0,,0,0,0.0,0.0,0.0,0.0,0.0,0,0,0,0.0,0,,,,,,,,,,,,,,,,,,,,,,,,,,,,
england,Premier League,2025,Largie Ramazani,24.0,F,Belgium,167.0,55.0,0,0,0.0,0.0,0.0,0.0,0.0,0,0,0,0.0,0,,,,,,,,,,,,,,,,,,,,,,,,,,,,
england,Premier League,2025,Leandro Trossard,31.0,F,Belgium,172.0,61.0,31,21,2006.0,6.0,6.0,0.0,0.0,0,0,2,0.0,0,0.2243270189431705,1.5702891326021933,0.6729810568295115,0.2691924227318046,0.2691924227318046,0.5383848454636092,0.2691924227318046,33.96311066799601,1.6151545363908277,1.2113659022931205,0.1345962113659023,0.40378863409770693,1.6151545363908277,9.376869391824526,4.307078763708874,2.5124626121635094,1.1216350947158524,0.8075772681954139,1.74975074775673,0.5832502492522433,0.08973080757726819,0.0,0.0,24.126816380449142,42.857142857142854,45.933014354066984,44.642857142857146,7.056380857427717
england,Premier League,2025,Leny Yoro,20.0,D,France,190.0,83.0,32,18,1748.0,0.0,0.0,0.0,1.0,0,0,1,0.0,0,0.10297482837528604,0.41189931350114417,0.15446224256292906,0.0,0.0,0.0,0.0,50.8695652173913,0.20594965675057209,1.6475972540045767,0.5663615560640732,1.5961098398169336,3.2437070938215107,7.620137299771168,4.273455377574371,0.15446224256292906,0.10297482837528604,0.41189931350114417,0.2574370709382151,0.8752860411899314,0.05148741418764302,0.0,0.0,43.77125506072875,37.5,56.08108108108109,66.66666666666666,6.716552119129439
england,Premier League,2025,Leo Fuhr Hjelde,22.0,D,Norway,190.0,75.0,0,0,0.0,0.0,0.0,0.0,0.0,0,0,0,0.0,0,,,,,,,,,,,,,,,,,,,,,,,,,,,,
england,Premier League,2025,Leo Shahar,18.0,D,England,,,0,0,0.0,0.0,0.0,0.0,0.0,0,0,0,0.0,0,,,,,,,,,,,,,,,,,,,,,,,,,,,,
england,Premier League,2025,Leon Bailey,28.0,F,Jamaica,178.0,77.0,13,3,466.0,0.0,1.0,0.0,0.0,0,0,1,0.0,0,0.19313304721030042,0.9656652360515021,0.19313304721030042,0.0,0.19313304721030042,0.19313304721030042,0.0,26.652360515021456,2.3175965665236054,1.9313304721030042,0.0,0.5793991416309013,2.510729613733906,13.71244635193133,4.635193133047211,5.021459227467812,0.9656652360515021,0.9656652360515021,0.9656652360515021,1.1587982832618027,0.19313304721030042,0.0,0.0,12.23913043478261,20.0,33.80281690140845,19.230769230769234,6.574892703862661
england,Premier League,2025,Leon Routh,18.0,D,England,,,0,0,0.0,0.0,0.0,0.0,0.0,0,0,0,0.0,0,,,,,,,,,,,,,,,,,,,,,,,,,,,,
england,Premier League,2025,Lesley Ugochukwu,21.0,M,France,190.0,72.0,35,27,2359.0,3.0,1.0,0.0,1.0,0,0,3,0.0,1,0.03815175922000848,0.5341246290801187,0.3052140737600678,0.11445527766002545,0.03815175922000848,0.1526070368800339,0.11445527766002545,30.06358626536668,0.38151759220008474,1.9457397202204325,0.8011869436201781,0.6867316659601526,2.632471386180585,9.385332768122087,4.654514624841035,1.2208562950402713,0.6104281475201356,0.8011869436201781,1.1445527766002543,1.0682492581602374,0.11445527766002545,0.0,0.03815175922000848,25.111675126903553,57.14285714285714,49.59349593495935,50.0,6.726197541331072
england,Premier League,2025,Levi Colwill,22.0,D,England,187.0,83.0,3,2,225.0,0.0,0.0,0.0,0.0,0,0,0,0.0,0,0.0,0.0,0.0,0.0,0.0,0.0,0.0,76.80000000000001,0.0,1.2000000000000002,1.2000000000000002,2.0,3.2,6.8,4.4,0.0,0.0,0.0,0.8,0.4,0.0,0.0,0.0,59.9375,,64.70588235294117,,6.98
england,Premier League,2025,Lewis Cook,28.0,M,England,175.0,71.0,18,8,905.0,0.0,1.0,0.0,0.0,0,0,1,0.0,1,0.0,0.1988950276243094,0.0,0.0,0.0994475138121547,0.0994475138121547,0.0,49.52486187845304,1.0939226519337018,2.4861878453038675,0.5966850828729282,2.386740331491713,4.87292817679558,7.657458563535911,4.176795580110498,0.3977900552486188,0.2983425414364641,0.6961325966850829,0.49723756906077343,0.7955801104972376,0.0994475138121547,0.0,0.0994475138121547,44.55241935483871,0.0,54.54545454545454,75.0,7.055038759689922
england,Premier League,2025,Lewis Dunk,34.0,D,England,192.0,88.0,33,31,2844.0,1.0,0.0,1.0,1.0,0,0,10,0.0,0,0.03164556962025317,0.6012658227848101,0.09493670886075949,0.03164556962025317,0.0,0.03164556962025317,0.03164556962025317,78.79746835443038,0.22151898734177217,1.0759493670886076,0.8544303797468354,0.9493670886075949,2.0253164556962027,6.867088607594937,4.018987341772152,0.12658227848101267,0.12658227848101267,0.6645569620253164,0.37974683544303794,0.47468354430379744,0.3164556962025316,0.0,0.0,77.95140562248996,15.789473684210526,58.525345622119815,100.0,6.9870253164556955
england,Premier League,2025,Lewis Hall,21.0,D,England,179.0,73.0,30,24,2179.0,1.0,1.0,0.0,0.0,0,0,4,0.0,0,0.0,0.578246902248738,0.24782010096374482,0.04130335016062414,0.04130335016062414,0.08260670032124828,0.04130335016062414,51.95961450206517,1.0325837540156035,2.2303809086737036,0.578246902248738,1.156493804497476,3.3868747131711796,11.977971546581,6.525929325378614,2.8086278109224416,1.5282239559430932,0.6608536025699863,1.6934373565855898,0.7021569527306104,0.16521340064249657,0.0,0.0,46.316626889419254,42.857142857142854,54.48275862068965,54.41176470588235,6.9266758494031215
england,Premier League,2025,Lewis Miley,19.0,M,England,185.0,72.0,23,15,1494.0,1.0,4.0,0.0,0.0,0,0,0,0.0,0,0.12048192771084337,0.4819277108433735,0.24096385542168675,0.060240963855421686,0.24096385542168675,0.3012048192771084,0.060240963855421686,50.602409638554214,0.9036144578313253,1.7469879518072289,0.18072289156626503,1.2048192771084336,2.9518072289156625,8.072289156626507,5.36144578313253,0.8433734939759037,0.7228915662650601,0.7228915662650601,0.24096385542168675,0.3012048192771084,0.0,0.0,0.0,45.482142857142854,50.0,66.4179104477612,85.71428571428571,7.043096514745308
england,Premier League,2025,Liam Delap,22.0,F,England,186.0,72.0,28,12,1139.0,1.0,0.0,1.0,0.0,0,0,4,0.0,0,0.39508340649692714,2.0544337137840207,0.8691834942932397,0.07901668129938542,0.0,0.07901668129938542,0.07901668129938542,14.934152765583844,0.23705004389815626,0.39508340649692714,0.0,0.07901668129938542,0.4741000877963125,11.9315188762072,4.66198419666374,1.0272168568920104,0.7901668129938543,0.6321334503950834,1.5013169446883232,1.9754170324846356,0.3160667251975417,0.0,0.0,7.349462365591398,42.30769230769231,39.0728476821192,76.92307692307693,6.52361720807726
england,Premier League,2025,Lisandro Martínez,27.0,D,Argentina,175.0,72.0,18,13,1237.0,0.0,0.0,0.0,0.0,0,0,0,0.0,1,0.0,0.14551333872271624,0.0,0.0,0.0,0.0,0.0,68.31851253031529,0.36378334680679064,1.3823767178658044,0.8730800323362976,0.8730800323362976,2.255456750202102,5.238480194017785,3.419563459983832,1.16410670978173,1.0185933710590136,0.2182700080840744,0.14551333872271624,0.6548100242522231,0.0,0.0,0.07275666936135812,64.90521831735889,0.0,65.27777777777779,87.5,7.210832659660468
england,Premier League,2025,Lorenzo Lucca,25.0,F,Italy,201.0,80.0,4,1,135.0,1.0,0.0,0.0,0.0,0,0,0,0.0,0,1.3333333333333335,2.666666666666667,0.6666666666666667,0.6666666666666667,0.0,0.6666666666666667,0.6666666666666667,10.666666666666668,0.6666666666666667,0.0,0.0,0.6666666666666667,0.6666666666666667,10.666666666666668,4.666666666666667,0.6666666666666667,0.0,0.0,1.3333333333333335,0.6666666666666667,0.0,0.0,0.0,2.3125,25.0,43.75,0.0,6.58962962962963
england,Premier League,2025,Loum Tchaouna,22.0,F,France,180.0,68.0,29,14,1316.0,2.0,1.0,0.0,0.0,0,0,2,0.0,0,0.06838905775075987,0.9574468085106382,0.6155015197568389,0.13677811550151975,0.06838905775075987,0.20516717325227962,0.13677811550151975,23.38905775075988,0.8890577507598784,1.2310030395136777,0.06838905775075987,0.13677811550151975,1.3677811550151977,9.300911854103344,3.6930091185410334,1.4361702127659572,0.4787234042553191,0.9574468085106382,1.094224924012158,0.8890577507598784,0.13677811550151975,0.0,0.0,12.064327485380117,64.28571428571429,39.705882352941174,33.33333333333333,6.57758358662614
england,Premier League,2025,Luca Netz,22.0,D,Germany,180.0,83.0,7,3,355.0,0.0,0.0,0.0,0.0,0,0,0,0.0,0,0.0,0.0,0.0,0.0,0.0,0.0,0.0,25.35211267605634,0.5070422535211268,3.04225352112676,0.76056338028169,0.76056338028169,3.8028169014084505,9.126760563380282,4.563380281690141,1.0140845070422535,0.5070422535211268,0.5070422535211268,0.5070422535211268,1.267605633802817,0.0,0.0,0.0,13.87,,50.0,50.0,6.725633802816901
england,Premier League,2025,Luca Williams-Barnett,17.0,M,England,175.0,,0,0,0.0,0.0,0.0,0.0,0.0,0,0,0,0.0,0,,,,,,,,,,,,,,,,,,,,,,,,,,,,
england,Premier League,2025,Lucas Bergvall,19.0,M,Sweden,187.0,74.0,23,11,979.0,1.0,3.0,0.0,0.0,0,0,2,0.0,0,0.2757916241062308,1.0112359550561798,0.45965270684371806,0.09193054136874362,0.2757916241062308,0.3677221654749745,0.09193054136874362,28.038815117466804,0.45965270684371806,2.0224719101123596,0.18386108273748725,0.18386108273748725,2.2063329928498465,10.388151174668028,4.504596527068437,2.2063329928498465,1.3789581205311543,0.8273748723186926,0.6435137895812053,2.2063329928498465,0.18386108273748725,0.0,0.0,16.081967213114755,45.45454545454545,43.36283185840708,62.5,6.581256436663233
england,Premier League,2025,Lucas Digne,32.0,D,France,178.0,74.0,31,21,1866.0,0.0,6.0,0.0,0.0,0,0,3,0.0,0,0.14469453376205788,0.3858520900321543,0.24115755627009647,0.0,0.28938906752411575,0.28938906752411575,0.0,35.11254019292605,1.2540192926045017,1.7363344051446947,0.19292604501607716,0.6752411575562701,2.4115755627009645,7.524115755627009,4.196141479099678,0.5305466237942122,0.19292604501607716,0.5787781350482315,0.5787781350482315,0.6752411575562701,0.14469453376205788,0.0,0.0,25.914835164835164,62.5,55.769230769230774,36.36363636363637,6.789067524115755
england,Premier League,2025,Lucas Paquetá,28.0,M,Brazil,180.0,72.0,18,18,1521.0,4.0,1.0,0.0,1.0,2,0,7,0.0,1,0.2958579881656805,1.0059171597633136,0.650887573964497,0.2366863905325444,0.0591715976331361,0.2958579881656805,0.1183431952662722,46.62721893491125,1.3609467455621302,2.3076923076923075,0.3550295857988166,0.4733727810650888,2.7810650887573964,15.621301775147929,7.278106508875739,2.485207100591716,0.9467455621301776,0.7100591715976332,1.7751479289940828,1.6568047337278107,0.41420118343195267,0.0,0.0591715976331361,36.28426395939086,64.70588235294117,46.590909090909086,38.095238095238095,6.92353714661407
england,Premier League,2025,Lucas Perri,28.0,G,Brazil,197.0,98.0,16,16,1440.0,0.0,0.0,0.0,1.0,0,0,2,0.0,0,0.0,0.0,0.0,0.0,0.0,0.0,0.0,34.9375,0.0,0.0,0.0,0.0,0.0,0.625,0.4375,0.0,0.0,0.0,0.1875,0.0625,0.125,0.0,0.0,20.298747763864043,,70.0,,6.625
england,Premier League,2025,Lucas Pires,24.0,D,Brazil,175.0,71.0,20,15,1406.0,0.0,0.0,0.0,0.0,0,0,1,0.0,1,0.38406827880512096,0.6401137980085349,0.25604551920341395,0.0,0.0,0.0,0.0,35.84637268847795,1.2802275960170697,1.856330014224751,0.38406827880512096,1.2802275960170697,3.136557610241821,7.7453769559032715,3.456614509246088,1.7923186344238975,1.1522048364153628,1.3442389758179232,0.25604551920341395,0.9601706970128022,0.06401137980085349,0.0,0.06401137980085349,29.521428571428572,40.0,44.62809917355372,64.28571428571429,6.624964438122333
england,Premier League,2025,Luis Guilherme,19.0,F,Brazil,178.0,74.0,5,1,121.0,0.0,0.0,0.0,0.0,0,0,0,0.0,0,0.0,0.743801652892562,0.0,0.0,0.0,0.0,0.0,22.31404958677686,0.743801652892562,0.743801652892562,0.0,0.0,0.743801652892562,10.413223140495868,2.231404958677686,4.462809917355372,1.487603305785124,0.743801652892562,0.0,0.0,0.0,0.0,0.0,7.166666666666667,0.0,21.428571428571427,33.33333333333333,6.409917355371901
england,Premier League,2025,Luka Bentt,18.0,M,USA,184.0,,0,0,0.0,0.0,0.0,0.0,0.0,0,0,0,0.0,0,,,,,,,,,,,,,,,,,,,,,,,,,,,,
england,Premier League,2025,Luka Vušković,18.0,D,Croatia,193.0,86.0,0,0,0.0,0.0,0.0,0.0,0.0,0,0,0,0.0,0,,,,,,,,,,,,,,,,,,,,,,,,,,,,
england,Premier League,2025,Lukas Nmecha,27.0,F,Germany,185.0,80.0,31,10,1092.0,6.0,1.0,0.0,0.0,2,1,0,0.0,0,0.24725274725274726,2.0604395604395602,1.3186813186813187,0.4945054945054945,0.08241758241758242,0.5769230769230769,0.32967032967032966,17.884615384615383,0.9065934065934067,0.989010989010989,0.08241758241758242,0.24725274725274726,1.2362637362637363,13.104395604395606,5.521978021978022,1.0714285714285714,0.5769230769230769,0.32967032967032966,1.4835164835164836,1.4835164835164836,0.0,0.0,0.0,7.985645933014354,64.0,42.138364779874216,53.84615384615385,6.731221303948577
england,Premier League,2025,Luke O'Nien,31.0,M,England,174.0,74.0,12,5,591.0,0.0,1.0,0.0,0.0,0,0,1,0.0,1,0.0,0.45685279187817257,0.15228426395939085,0.0,0.15228426395939085,0.15228426395939085,0.0,37.30964467005076,0.3045685279187817,0.9137055837563451,0.15228426395939085,0.9137055837563451,1.8274111675126903,6.700507614213198,3.6548223350253806,0.15228426395939085,0.15228426395939085,0.15228426395939085,1.2182741116751268,0.9137055837563451,0.15228426395939085,0.0,0.15228426395939085,29.4,33.33333333333333,54.54545454545454,100.0,6.66175972927242
england,Premier League,2025,Luke Rawlings,17.0,M,England,178.0,70.0,0,0,0.0,0.0,0.0,0.0,0.0,0,0,0,0.0,0,,,,,,,,,,,,,,,,,,,,,,,,,,,,
england,Premier League,2025,Luke Shaw,30.0,D,England,178.0,80.0,38,38,3231.0,1.0,1.0,0.0,0.0,0,0,9,0.0,0,0.0,0.1671309192200557,0.08356545961002786,0.027855153203342618,0.027855153203342618,0.055710306406685235,0.027855153203342618,47.66016713091923,0.4456824512534819,2.0612813370473537,0.25069637883008355,1.2813370473537604,3.342618384401114,8.384401114206128,4.623955431754874,0.5571030640668524,0.2785515320334262,0.47353760445682447,0.5571030640668524,1.3649025069637883,0.25069637883008355,0.0,0.0,45.942139099941556,50.0,55.14950166112956,50.0,6.724543484989168
england,Premier League,2025,Lutsharel Geertruida,25.0,D,Netherlands,184.0,69.0,28,17,1702.0,0.0,0.0,0.0,0.0,0,0,2,0.0,0,0.052878965922444184,0.3701527614571093,0.15863689776733256,0.0,0.0,0.0,0.0,39.289071680376026,0.42303172737955347,1.9565217391304348,0.5287896592244419,1.0047003525264395,2.9612220916568743,5.922444183313749,3.3313748531139837,0.6345475910693302,0.3701527614571093,0.6345475910693302,0.3701527614571093,0.7931844888366627,0.10575793184488837,0.0,0.0,34.38274932614555,42.857142857142854,56.25,58.333333333333336,6.845593419506463
england,Premier League,2025,Lyle Foster,25.0,F,South Africa,185.0,70.0,26,15,1372.0,3.0,2.0,0.0,0.0,0,0,4,0.0,0,0.7215743440233237,0.8527696793002916,0.3935860058309038,0.1967930029154519,0.13119533527696792,0.3279883381924198,0.1967930029154519,18.432944606413994,0.6559766763848396,1.0495626822157433,0.1967930029154519,0.26239067055393583,1.3119533527696792,13.644314868804665,4.329446064139941,1.4431486880466473,0.6559766763848396,0.5247813411078717,0.8527696793002916,1.4431486880466473,0.26239067055393583,0.0,0.0,11.025454545454545,46.15384615384615,31.73076923076923,45.45454545454545,6.451530612244898
england,Premier League,2025,Mads Hermansen,25.0,G,Denmark,187.0,81.0,18,18,1620.0,0.0,1.0,0.0,0.0,0,0,0,0.0,0,0.0,0.0,0.0,0.0,0.05555555555555555,0.05555555555555555,0.0,32.94444444444444,0.1111111111111111,0.0,0.0,0.0,0.0,0.6111111111111112,0.6111111111111112,0.0,0.0,0.0,0.1111111111111111,0.0,0.0,0.0,0.0,19.634064080944352,,100.0,,6.783333333333333
england,Premier League,2025,Mads Roerslev,26.0,D,Denmark,184.0,77.0,0,0,0.0,0.0,0.0,0.0,0.0,0,0,0,0.0,0,,,,,,,,,,,,,,,,,,,,,,,,,,,,
england,Premier League,2025,Malcom Dacosta,17.0,M,,,,0,0,0.0,0.0,0.0,0.0,0.0,0,0,0,0.0,0,,,,,,,,,,,,,,,,,,,,,,,,,,,,
england,Premier League,2025,Malick Thiaw,24.0,D,Germany,191.0,80.0,35,33,2964.0,4.0,0.0,0.0,1.0,0,0,4,0.0,0,0.06072874493927125,0.6072874493927126,0.4251012145748988,0.1214574898785425,0.0,0.1214574898785425,0.1214574898785425,51.43724696356276,0.18218623481781376,1.3360323886639676,1.0020242914979756,0.9109311740890689,2.246963562753036,8.319838056680162,5.34412955465587,0.242914979757085,0.242914979757085,0.39473684210526316,0.3340080971659919,0.728744939271255,0.1214574898785425,0.0,0.0,50.404368358913814,70.0,64.23357664233576,100.0,7.097165991902834
england,Premier League,2025,Malo Gusto,22.0,D,France,179.0,67.0,34,26,2267.0,2.0,3.0,0.0,1.0,0,0,5,0.0,1,0.03970004411116012,0.3573003970004411,0.23820026466696076,0.07940008822232024,0.11910013233348038,0.19850022055580063,0.07940008822232024,50.180855756506396,1.1116012351124833,2.1041023378914865,0.19850022055580063,1.2307013674459637,3.3348037053374506,7.463608292898103,4.009704455227173,0.992501102779003,0.5161005734450816,0.8734009704455227,0.7940008822232025,0.7940008822232025,0.19850022055580063,0.0,0.03970004411116012,39.07120253164557,66.66666666666666,53.72340425531915,52.0,6.651080723423026
england,Premier League,2025,Mamadou Sarr,20.0,D,France,194.0,77.0,3,1,107.0,0.0,0.0,0.0,0.0,0,0,0,0.0,0,0.0,0.8411214953271028,0.0,0.0,0.0,0.0,0.0,43.73831775700935,0.0,0.8411214953271028,0.8411214953271028,0.8411214953271028,1.6822429906542056,5.046728971962617,1.6822429906542056,0.8411214953271028,0.0,1.6822429906542056,0.0,0.0,0.0,0.0,0.0,40.69230769230769,0.0,33.33333333333333,0.0,6.075700934579438
england,Premier League,2025,Manor Solomon,26.0,F,Israel,170.0,66.0,0,0,0.0,0.0,0.0,0.0,0.0,0,0,0,0.0,0,,,,,,,,,,,,,,,,,,,,,,,,,,,,
england,Premier League,2025,Manuel Akanji,30.0,D,Switzerland,188.0,91.0,0,0,0.0,0.0,0.0,0.0,0.0,0,0,0,0.0,0,,,,,,,,,,,,,,,,,,,,,,,,,,,,
england,Premier League,2025,Manuel Ugarte,24.0,M,Uruguay,182.0,77.0,22,8,901.0,0.0,0.0,0.0,0.0,0,0,1,0.0,0,0.0,0.7991120976692564,0.09988901220865705,0.0,0.0,0.0,0.0,50.14428412874584,0.2996670366259711,4.594894561598224,0.49944506104328523,1.997780244173141,6.592674805771365,14.783573806881243,7.891231964483906,0.9988901220865705,0.6992230854605994,1.5982241953385128,1.498335183129856,2.397336293007769,0.09988901220865705,0.0,0.0,30.94223107569721,12.5,53.37837837837838,70.0,6.739067702552719
england,Premier League,2025,Marc Cucurella,27.0,D,Spain,174.0,66.0,34,31,2710.0,1.0,4.0,0.0,0.0,0,0,8,0.0,1,0.16605166051660517,0.4649446494464945,0.1992619926199262,0.033210332103321034,0.13284132841328414,0.16605166051660517,0.033210332103321034,47.988929889298895,1.2952029520295203,1.8265682656826567,0.2656826568265683,1.062730627306273,2.88929889298893,7.571955719557195,3.9852398523985237,0.0996309963099631,0.033210332103321034,0.7306273062730627,0.96309963099631,1.4944649446494465,0.2656826568265683,0.0,0.033210332103321034,45.720415224913495,42.857142857142854,52.63157894736842,33.33333333333333,6.7204059040590405
england,Premier League,2025,Marc Guiu,19.0,F,Spain,187.0,82.0,10,1,276.0,0.0,1.0,0.0,0.0,0,0,1,0.0,0,0.6521739130434783,3.58695652173913,0.6521739130434783,0.0,0.32608695652173914,0.32608695652173914,0.0,10.434782608695652,0.9782608695652174,0.0,0.0,0.0,0.0,11.739130434782608,2.608695652173913,1.3043478260869565,0.32608695652173914,0.6521739130434783,0.6521739130434783,3.2608695652173916,0.32608695652173914,0.0,0.0,4.766666666666667,18.181818181818183,22.22222222222222,25.0,6.223550724637681
england,Premier League,2025,Marc Guéhi,25.0,D,England,182.0,80.0,35,35,3150.0,3.0,3.0,1.0,0.0,0,0,6,0.0,0,0.0,0.6857142857142857,0.2571428571428571,0.08571428571428572,0.08571428571428572,0.17142857142857143,0.08571428571428572,65.88571428571429,0.5142857142857142,1.3142857142857143,0.6571428571428571,1.4285714285714284,2.742857142857143,8.685714285714287,5.514285714285714,0.3142857142857143,0.2,0.3142857142857143,1.0857142857142859,0.7142857142857142,0.17142857142857143,0.0,0.0,68.4319167389419,37.5,63.48684210526315,63.63636363636363,7.34
england,Premier League,2025,Marco Bizot,34.0,G,Netherlands,193.0,88.0,7,6,585.0,0.0,0.0,0.0,1.0,0,0,2,0.0,0,0.0,0.0,0.0,0.0,0.0,0.0,0.0,37.07692307692307,0.0,0.0,0.0,0.0,0.0,0.46153846153846156,0.3076923076923077,0.0,0.0,0.0,0.15384615384615385,0.15384615384615385,0.3076923076923077,0.0,0.0,28.232365145228215,,66.66666666666666,,6.430769230769231
england,Premier League,2025,Marcos Senesi,28.0,D,Argentina,185.0,80.0,37,37,3290.0,0.0,5.0,1.0,0.0,0,0,8,0.0,0,0.02735562310030395,0.3556231003039514,0.13677811550151975,0.0,0.13677811550151975,0.13677811550151975,0.0,63.43768996960486,0.6565349544072948,1.6960486322188448,1.2857142857142856,1.5319148936170213,3.2279635258358663,10.231003039513677,5.361702127659575,0.24620060790273554,0.1641337386018237,0.7933130699088146,1.0121580547112463,0.9300911854103343,0.2188449848024316,0.0,0.0,53.577835273824924,38.46153846153847,52.406417112299465,66.66666666666666,7.250699088145897
england,Premier League,2025,Marcus Bettinelli,33.0,G,England,193.0,82.0,0,0,0.0,0.0,0.0,0.0,0.0,0,0,0,0.0,0,,,,,,,,,,,,,,,,,,,,,,,,,,,,
england,Premier League,2025,Marcus Edwards,27.0,F,England,168.0,65.0,23,11,1073.0,1.0,3.0,0.0,0.0,0,0,0,0.0,0,0.08387698042870456,1.174277726001864,0.5032618825722274,0.08387698042870456,0.2516309412861137,0.33550792171481825,0.08387698042870456,28.350419384902143,1.6775396085740912,0.9226467847157503,0.0,0.16775396085740912,1.0904007455731595,10.65237651444548,3.7744641192917054,3.1873252562907735,1.174277726001864,1.4259086672879777,1.509785647716682,0.587138863000932,0.0,0.0,0.0,17.81305637982196,42.857142857142854,35.43307086614173,36.84210526315789,6.71026119402985
england,Premier League,2025,Marcus Tavernier,26.0,M,England,178.0,70.0,34,31,2738.0,7.0,4.0,0.0,0.0,2,0,6,0.0,0,0.13148283418553688,1.6764061358655953,0.7888970051132214,0.23009495982468958,0.13148283418553688,0.3615777940102264,0.16435354273192113,37.078159240321405,1.8078889700511322,1.314828341855369,0.19722425127830534,0.5588020452885318,1.8736303871439006,10.485756026296567,4.536157779401022,2.9254930606281957,1.2819576333089846,0.6902848794740687,1.1504747991234479,0.9861212563915266,0.19722425127830534,0.0,0.0,31.170212765957448,47.05882352941176,43.260188087774296,43.82022471910113,6.862783053323594
england,Premier League,2025,Mark Travers,26.0,G,Republic of Ireland,191.0,82.0,0,0,0.0,0.0,0.0,0.0,0.0,0,0,0,0.0,0,,,,,,,,,,,,,,,,,,,,,,,,,,,,
england,Premier League,2025,Marli Salmon,16.0,D,England,,,0,0,0.0,0.0,0.0,0.0,0.0,0,0,0,0.0,0,,,,,,,,,,,,,,,,,,,,,,,,,,,,
england,Premier League,2025,Marshall Munetsi,29.0,M,Zimbabwe,188.0,83.0,13,9,877.0,1.0,1.0,0.0,0.0,0,0,2,0.0,0,0.4104903078677309,1.2314709236031927,0.6157354618015963,0.10262257696693272,0.10262257696693272,0.20524515393386544,0.10262257696693272,17.343215507411628,0.30786773090079816,2.1550741163055873,0.20524515393386544,0.7183580387685291,2.8734321550741164,14.572405929304448,6.670467502850627,0.9236031927023945,0.5131128848346637,0.9236031927023945,1.0262257696693273,1.9498289623717218,0.20524515393386544,0.0,0.0,10.041420118343195,50.0,45.774647887323944,55.55555555555556,6.70285062713797
england,Premier League,2025,Martin Dúbravka,36.0,G,Slovakia,190.0,83.0,35,35,3150.0,0.0,0.0,0.0,0.0,0,0,1,0.0,0,0.0,0.0,0.0,0.0,0.0,0.0,0.0,34.4,0.0,0.02857142857142857,0.0,0.0,0.02857142857142857,0.9714285714285715,0.8285714285714285,0.0,0.0,0.02857142857142857,0.22857142857142856,0.0,0.02857142857142857,0.0,0.0,20.92940199335548,,85.29411764705883,,6.985714285714286
england,Premier League,2025,Martin Ødegaard,27.0,M,Norway,178.0,68.0,24,16,1370.0,1.0,6.0,0.0,0.0,0,0,0,0.0,0,0.1313868613138686,1.1167883211678833,0.5255474452554744,0.0656934306569343,0.39416058394160586,0.45985401459854014,0.0656934306569343,54.394160583941606,2.627737226277372,1.248175182481752,0.0,0.45985401459854014,1.7080291970802919,6.372262773722627,2.627737226277372,1.7737226277372262,0.5912408759124088,0.7883211678832117,0.5912408759124088,0.5912408759124088,0.0,0.0,0.0,38.57367149758454,47.05882352941176,41.23711340206185,33.33333333333333,7.11036496350365
england,Premier League,2025,Martín Zubimendi,26.0,M,Spain,181.0,74.0,38,34,3001.0,5.0,1.0,0.0,0.0,0,0,4,0.0,0,0.029990003332222594,0.5698100633122293,0.26991002999000335,0.14995001666111296,0.029990003332222594,0.17994001999333556,0.14995001666111296,57.79073642119293,0.5698100633122293,2.039320226591136,0.14995001666111296,1.169610129956681,3.2089303565478176,7.677440853048984,4.588470509830056,0.44985004998333894,0.20993002332555813,0.6297900699766744,0.44985004998333894,0.9896701099633455,0.11996001332889038,0.0,0.0,50.99220779220779,47.368421052631575,59.765625,46.666666666666664,7.096900000000001
england,Premier League,2025,Mason Mount,26.0,M,England,181.0,76.0,23,12,1018.0,3.0,0.0,1.0,0.0,0,0,2,0.0,0,0.0,1.149312377210216,0.44204322200392926,0.26522593320235754,0.0,0.26522593320235754,0.26522593320235754,37.927308447937136,1.237721021611002,2.1218074656188604,0.08840864440078584,0.7956777996070726,2.9174852652259333,10.166994106090373,4.4204322200392925,1.5029469548133596,0.618860510805501,0.9724950884086444,1.0609037328094302,1.4145383104125735,0.1768172888015717,0.0,0.0,22.675990675990676,38.46153846153847,43.47826086956522,41.17647058823529,7.027854330708662
england,Premier League,2025,Mateo Kovačić,31.0,M,Croatia,177.0,78.0,6,1,134.0,0.0,1.0,0.0,0.0,0,0,0,0.0,0,0.0,0.6716417910447761,0.0,0.0,0.6716417910447761,0.6716417910447761,0.0,99.40298507462687,2.6865671641791042,1.3432835820895521,0.0,1.3432835820895521,2.6865671641791042,8.059701492537313,4.029850746268656,2.014925373134328,1.3432835820895521,0.0,1.3432835820895521,0.0,0.0,0.0,0.0,25.945945945945947,0.0,50.0,66.66666666666666,6.7029850746268655
england,Premier League,2025,Mateus Fernandes,21.0,M,Portugal,178.0,72.0,36,35,3024.0,3.0,4.0,0.0,0.0,0,0,7,0.0,0,0.0,0.5059523809523809,0.23809523809523808,0.08928571428571427,0.11904761904761904,0.20833333333333331,0.08928571428571427,46.42857142857143,1.101190476190476,3.095238095238095,0.3571428571428571,1.0416666666666665,4.136904761904762,10.714285714285714,5.952380952380952,1.4285714285714284,0.8333333333333333,1.2202380952380951,1.4583333333333333,1.4583333333333333,0.20833333333333331,0.0,0.0,42.10576923076923,47.05882352941176,55.55555555555556,58.333333333333336,7.198280423280423
england,Premier League,2025,Mateus Mané,18.0,F,England,,,27,19,1799.0,3.0,1.0,2.0,1.0,0,0,0,0.0,0,0.10005558643690939,1.7509727626459144,0.8504724847137298,0.15008337965536409,0.05002779321845469,0.20011117287381877,0.15008337965536409,18.610339077265145,1.5508615897720957,1.350750416898277,0.05002779321845469,0.2501389660922735,1.6008893829905502,14.157865480822679,5.603112840466926,4.15230683713174,1.500833796553641,0.7504168982768205,2.351306281267371,1.3007226236798222,0.0,0.0,0.0,14.032345013477089,48.57142857142857,39.57597173144876,36.144578313253014,7.012618121178433
england,Premier League,2025,Matheus Cunha,26.0,F,Brazil,183.0,76.0,33,29,2503.0,10.0,2.0,2.0,0.0,0,0,4,0.0,0,0.07191370355573312,2.0854974031162605,1.2584898122253296,0.35956851777866555,0.07191370355573312,0.4314822213343987,0.35956851777866555,31.642029564522574,1.2584898122253296,1.4023172193367959,0.10787055533359967,0.7550938873351977,2.1574111066719937,12.692768677586896,5.896923691570116,3.272073511785857,1.5821014782261285,0.6472233320015981,1.941669996004794,0.970834998002397,0.14382740711146624,0.0,0.0,24.47840909090909,60.3448275862069,46.45892351274787,48.35164835164835,7.130043947263284
england,Premier League,2025,Matheus Nunes,27.0,D,Portugal,183.0,78.0,34,32,2865.0,1.0,5.0,1.0,1.0,0,0,5,0.0,0,0.1256544502617801,0.1884816753926702,0.06282722513089005,0.031413612565445025,0.15706806282722513,0.1884816753926702,0.031413612565445025,67.66492146596859,0.8795811518324608,1.8219895287958114,0.2513089005235602,0.9424083769633509,2.764397905759162,8.418848167539267,4.963350785340314,1.7905759162303663,0.8795811518324608,0.6596858638743456,0.9424083769633509,0.5340314136125655,0.15706806282722513,0.0,0.0,64.71123491179202,33.33333333333333,58.95522388059702,49.122807017543856,6.988272251308901
england,Premier League,2025,Mathias Jensen,29.0,M,Denmark,180.0,72.0,36,26,2277.0,3.0,1.0,0.0,0.0,0,0,3,0.0,0,0.07905138339920949,0.7509881422924902,0.31620553359683795,0.11857707509881424,0.039525691699604744,0.15810276679841898,0.11857707509881424,44.22924901185771,1.383399209486166,1.6205533596837944,0.15810276679841898,0.8300395256916996,2.450592885375494,7.826086956521739,3.2806324110671934,1.383399209486166,0.7509881422924902,1.3043478260869565,0.5928853754940712,0.7905138339920948,0.11857707509881424,0.0,0.0,36.620751341681576,42.10526315789473,41.91919191919192,54.285714285714285,7.0091348265261315
england,Premier League,2025,Mathis Eboue,,M,,,,0,0,0.0,0.0,0.0,0.0,0.0,0,0,0,0.0,0,,,,,,,,,,,,,,,,,,,,,,,,,,,,
england,Premier League,2025,Mathys Tel,20.0,F,France,183.0,77.0,31,13,1358.0,4.0,1.0,0.0,1.0,0,0,1,0.0,0,0.19882179675994108,1.5905743740795286,0.5301914580265096,0.2650957290132548,0.0662739322533137,0.33136966126656847,0.2650957290132548,23.792341678939618,1.988217967599411,1.2592047128129602,0.1325478645066274,0.39764359351988215,1.6568483063328425,15.773195876288659,6.428571428571428,5.169366715758468,2.584683357879234,0.6627393225331369,1.524300441826215,1.2592047128129602,0.0662739322533137,0.0,0.0,14.37883008356546,33.33333333333333,40.7563025210084,50.0,6.777818717759764
england,Premier League,2025,Mats Wieffer,26.0,D,Netherlands,188.0,78.0,26,23,1914.0,2.0,3.0,0.0,0.0,0,0,8,0.0,0,0.09404388714733543,0.6112852664576802,0.28213166144200624,0.09404388714733543,0.14106583072100312,0.23510971786833856,0.09404388714733543,41.426332288401255,0.9404388714733543,3.103448275862069,0.329153605015674,1.1755485893416928,4.278996865203762,13.354231974921628,6.58307210031348,0.9404388714733543,0.42319749216300945,1.64576802507837,1.0344827586206897,1.4106583072100312,0.3761755485893417,0.0,0.0,33.56526674233825,46.15384615384615,49.29577464788733,45.0,6.771682340647858
england,Premier League,2025,Matt Doherty,33.0,D,Republic of Ireland,185.0,80.0,11,11,791.0,0.0,0.0,1.0,1.0,0,0,4,0.0,0,0.0,0.11378002528445007,0.0,0.0,0.0,0.0,0.0,33.79266750948167,0.3413400758533502,1.820480404551201,0.6826801517067004,0.7964601769911505,2.6169405815423517,9.329962073324905,5.006321112515803,0.22756005056890014,0.22756005056890014,1.1378002528445006,0.6826801517067004,1.820480404551201,0.45512010113780027,0.0,0.0,25.52861952861953,0.0,53.65853658536586,100.0,6.601769911504425
england,Premier League,2025,Matt O'Riley,25.0,M,Denmark,187.0,77.0,6,2,203.0,1.0,0.0,0.0,0.0,1,0,0,0.0,0,0.4433497536945813,1.7733990147783252,0.8866995073891626,0.4433497536945813,0.0,0.4433497536945813,0.0,31.03448275862069,1.7733990147783252,2.2167487684729066,0.4433497536945813,0.0,2.2167487684729066,8.866995073891626,3.5467980295566504,0.4433497536945813,0.0,1.3300492610837438,0.4433497536945813,0.8866995073891626,0.0,0.0,0.0,20.17142857142857,50.0,40.0,0.0,6.795522388059702
england,Premier League,2025,Matthijs de Ligt,26.0,D,Netherlands,187.0,89.0,13,13,1170.0,1.0,0.0,0.0,0.0,0,0,0,0.0,0,0.0,0.6153846153846154,0.23076923076923078,0.07692307692307693,0.0,0.07692307692307693,0.07692307692307693,47.07692307692308,0.23076923076923078,1.4615384615384617,0.5384615384615385,1.1538461538461537,2.6153846153846154,9.076923076923077,5.692307692307692,0.15384615384615385,0.07692307692307693,0.46153846153846156,0.38461538461538464,0.46153846153846156,0.0,0.0,0.0,43.697712418300654,37.5,62.71186440677966,50.0,6.930769230769231
england,Premier League,2025,Matty Cash,28.0,D,Poland,185.0,79.0,35,34,3020.0,3.0,3.0,0.0,0.0,0,0,9,0.0,0,0.11920529801324503,0.6556291390728477,0.2980132450331126,0.08940397350993377,0.08940397350993377,0.17880794701986755,0.08940397350993377,41.42384105960265,0.923841059602649,1.966887417218543,0.41721854304635764,0.6556291390728477,2.622516556291391,7.897350993377484,4.082781456953642,0.5960264900662252,0.32781456953642385,1.0132450331125828,0.8940397350993378,1.2218543046357617,0.26821192052980136,0.0,0.0,39.57410071942446,45.45454545454545,51.698113207547166,55.00000000000001,6.865364238410597
england,Premier League,2025,Matz Sels,33.0,G,Belgium,188.0,75.0,31,30,2667.0,0.0,0.0,0.0,0.0,0,0,2,0.0,0,0.0,0.0,0.0,0.0,0.0,0.0,0.0,26.456692913385826,0.03374578177727784,0.03374578177727784,0.0,0.0,0.03374578177727784,0.43869516310461193,0.3374578177727784,0.0,0.0,0.06749156355455568,0.13498312710911137,0.0,0.06749156355455568,0.0,0.0,15.400510204081632,,76.92307692307693,,6.834983127109112
england,Premier League,2025,Max Alleyne,20.0,D,England,185.0,71.0,2,2,135.0,0.0,0.0,0.0,0.0,0,0,0,0.0,0,0.0,1.3333333333333335,0.6666666666666667,0.0,0.0,0.0,0.0,80.66666666666666,0.6666666666666667,2.0,0.0,2.0,4.0,7.333333333333334,6.0,2.666666666666667,2.0,0.0,0.0,0.0,0.0,0.0,0.0,59.95867768595041,50.0,81.81818181818183,75.0,7.3
england,Premier League,2025,Max Dowman,16.0,M,England,183.0,,6,1,162.0,1.0,0.0,1.0,0.0,0,0,0,0.0,0,0.0,2.7777777777777777,0.5555555555555556,0.5555555555555556,0.0,0.5555555555555556,0.5555555555555556,28.888888888888886,2.2222222222222223,1.1111111111111112,0.0,0.5555555555555556,1.6666666666666665,22.22222222222222,8.333333333333332,9.444444444444445,3.333333333333333,1.6666666666666665,3.888888888888889,1.1111111111111112,0.0,0.0,0.0,13.942307692307692,20.0,37.5,35.294117647058826,6.640740740740741
england,Premier League,2025,Max Kilman,28.0,D,England,194.0,89.0,21,17,1565.0,0.0,0.0,0.0,2.0,0,0,4,0.0,0,0.0,0.2875399361022364,0.05750798722044729,0.0,0.0,0.0,0.0,39.50798722044728,0.23003194888178916,0.9201277955271566,1.3801916932907348,0.5175718849840255,1.4376996805111821,7.5910543130990416,3.968051118210863,0.2875399361022364,0.23003194888178916,0.402555910543131,0.11501597444089458,0.9201277955271566,0.23003194888178916,0.0,0.0,42.78862973760933,20.0,52.27272727272727,80.0,6.611708253358925
england,Premier League,2025,Max Merrick,20.0,G,England,176.0,70.0,0,0,0.0,0.0,0.0,0.0,0.0,0,0,0,0.0,0,,,,,,,,,,,,,,,,,,,,,,,,,,,,
england,Premier League,2025,Max Weiss,21.0,G,Germany,190.0,84.0,3,3,270.0,0.0,0.0,0.0,0.0,0,0,0,0.0,0,0.0,0.0,0.0,0.0,0.0,0.0,0.0,37.333333333333336,0.33333333333333337,0.0,0.0,0.0,0.0,0.6666666666666667,0.33333333333333337,0.0,0.0,0.0,0.0,0.0,0.0,0.0,0.0,24.892857142857142,,50.0,,7.666666666666667
england,Premier League,2025,Maxence Lacroix,25.0,D,France,190.0,88.0,35,35,3087.0,1.0,2.0,0.0,2.0,0,0,4,0.0,1,0.0,0.4956268221574344,0.20408163265306123,0.029154518950437316,0.05830903790087463,0.08746355685131195,0.029154518950437316,48.2798833819242,0.20408163265306123,1.749271137026239,0.5247813411078717,1.3119533527696792,3.0612244897959187,9.708454810495628,5.947521865889213,0.3206997084548105,0.20408163265306123,0.3206997084548105,0.553935860058309,0.9912536443148688,0.11661807580174927,0.0,0.029154518950437316,49.26932367149758,41.17647058823529,61.261261261261254,63.63636363636363,6.90952380952381
england,Premier League,2025,Maxim De Cuyper,25.0,D,Belgium,182.0,72.0,30,17,1443.0,2.0,3.0,0.0,1.0,0,0,2,0.0,0,0.062370062370062374,0.5613305613305614,0.37422037422037424,0.12474012474012475,0.18711018711018712,0.31185031185031187,0.12474012474012475,42.972972972972975,2.0582120582120584,1.4345114345114345,0.12474012474012475,0.7484407484407485,2.182952182952183,7.983367983367984,3.8045738045738045,1.0602910602910602,0.43659043659043656,0.8731808731808731,1.30977130977131,1.1226611226611227,0.12474012474012475,0.0,0.0,30.6,66.66666666666666,47.65625,41.17647058823529,6.995423023578363
england,Premier League,2025,Maxime Estève,23.0,D,France,193.0,87.0,34,34,2937.0,0.0,0.0,0.0,0.0,0,0,1,0.0,0,0.0,0.2757916241062308,0.030643513789581203,0.0,0.0,0.0,0.0,41.2461695607763,0.21450459652706844,1.348314606741573,1.0112359550561798,1.1338100102145046,2.4821246169560776,6.435137895812053,4.259448416751788,0.15321756894790603,0.09193054136874362,0.45965270684371806,0.3677221654749745,0.3983656792645556,0.030643513789581203,0.0,0.0,42.43833580980684,11.11111111111111,66.19047619047619,60.0,6.652672795369425
england,Premier League,2025,Melker Ellborg,22.0,G,Sweden,,,3,3,270.0,0.0,0.0,0.0,0.0,0,0,0,0.0,0,0.0,0.0,0.0,0.0,0.0,0.0,0.0,32.66666666666667,0.0,0.0,0.0,0.0,0.0,0.6666666666666667,0.6666666666666667,0.33333333333333337,0.33333333333333337,0.0,0.33333333333333337,0.0,0.0,0.0,0.0,15.877551020408163,,100.0,100.0,7.1
england,Premier League,2025,Merlin Röhl,23.0,M,Germany,192.0,75.0,16,6,694.0,1.0,0.0,0.0,0.0,0,0,0,0.0,0,0.25936599423631124,0.9077809798270894,0.12968299711815562,0.12968299711815562,0.0,0.12968299711815562,0.12968299711815562,21.9164265129683,0.7780979827089338,3.2420749279538907,0.25936599423631124,0.5187319884726225,3.7608069164265125,15.821325648414986,6.4841498559077815,1.4265129682997117,0.3890489913544669,0.7780979827089338,0.9077809798270894,2.593659942363112,0.0,0.0,0.0,12.04733727810651,14.285714285714285,40.98360655737705,27.27272727272727,6.583982683982684
england,Premier League,2025,Michael Kayode,21.0,D,Italy,179.0,74.0,37,37,3264.0,1.0,1.0,0.0,2.0,0,0,8,0.0,0,0.027573529411764705,0.13786764705882354,0.08272058823529412,0.027573529411764705,0.027573529411764705,0.05514705882352941,0.027573529411764705,31.378676470588232,0.9926470588235294,1.8198529411764708,0.4136029411764706,1.0477941176470589,2.867647058823529,10.119485294117647,5.845588235294118,2.950367647058824,1.5165441176470587,0.6066176470588236,1.3786764705882353,0.7169117647058822,0.22058823529411764,0.0,0.0,29.422671353251317,60.0,57.765667574931875,51.4018691588785,6.882506127450981
england,Premier League,2025,Michael Keane,32.0,D,England,191.0,82.0,33,29,2619.0,3.0,1.0,0.0,0.0,0,0,1,0.0,1,0.0,0.6185567010309279,0.24054982817869414,0.10309278350515465,0.03436426116838488,0.13745704467353953,0.10309278350515465,37.90378006872852,0.06872852233676977,1.2371134020618557,0.9278350515463918,1.2714776632302405,2.508591065292096,8.934707903780069,5.498281786941581,0.3780068728522337,0.2061855670103093,0.4123711340206186,0.2061855670103093,0.5498281786941581,0.03436426116838488,0.0,0.03436426116838488,34.926563916591114,38.88888888888889,61.53846153846154,54.54545454545454,6.91948051948052
england,Premier League,2025,Micky van de Ven,24.0,D,Netherlands,193.0,81.0,35,35,3043.0,4.0,1.0,0.0,1.0,0,0,9,0.0,1,0.02957607624055209,0.38448899112717716,0.17745645744331254,0.11830430496220835,0.02957607624055209,0.14788038120276042,0.11830430496220835,52.14262241209333,0.17745645744331254,1.1534669733815315,0.6506736772921459,0.680249753532698,1.8337167269142294,6.447584620440355,3.5195530726256985,0.4436411436082813,0.32533683864607293,0.32533683864607293,0.6506736772921459,0.8577062109760105,0.26618468616496876,0.0,0.02957607624055209,51.02495745887691,46.15384615384615,54.58715596330275,73.33333333333333,6.744659875123234
england,Premier League,2025,Mike Trésor,26.0,F,Belgium,172.0,64.0,6,0,63.0,0.0,0.0,0.0,0.0,0,0,0,0.0,0,0.0,0.0,0.0,0.0,0.0,0.0,0.0,38.57142857142857,1.4285714285714284,1.4285714285714284,0.0,0.0,1.4285714285714284,11.428571428571427,1.4285714285714284,2.8571428571428568,0.0,0.0,0.0,0.0,0.0,0.0,0.0,6.148148148148148,,12.5,0.0,6.493650793650793
england,Premier League,2025,Mikel Merino,29.0,M,Spain,189.0,83.0,22,10,1035.0,4.0,3.0,0.0,0.0,0,0,1,0.0,0,0.2608695652173913,1.391304347826087,0.6956521739130435,0.34782608695652173,0.2608695652173913,0.6086956521739131,0.34782608695652173,32.17391304347826,1.0434782608695652,2.260869565217391,0.17391304347826086,0.8695652173913043,3.130434782608696,14.956521739130435,6.869565217391305,1.0434782608695652,0.43478260869565216,0.5217391304347826,1.7391304347826086,1.9130434782608696,0.08695652173913043,0.0,0.0,18.124324324324323,50.0,45.93023255813954,41.66666666666667,7.000676328502415
england,Premier League,2025,Mikkel Damsgaard,25.0,M,Denmark,180.0,66.0,33,24,2078.0,4.0,4.0,0.0,0.0,0,0,0,0.0,0,0.17324350336862368,1.039461020211742,0.4764196342637151,0.17324350336862368,0.17324350336862368,0.34648700673724736,0.17324350336862368,41.18864292589028,1.8190567853705486,2.4687199230028876,0.17324350336862368,1.082771896053898,3.5514918190567855,11.650625601539941,5.024061597690086,2.208854667949952,0.7795957651588065,1.8623676612127045,0.996150144369586,0.8229066410009624,0.0,0.0,0.0,28.542586750788644,45.83333333333333,43.12267657992565,35.294117647058826,7.0614533205004815
england,Premier League,2025,Milan Aleksić,20.0,M,Serbia,179.0,70.0,0,0,0.0,0.0,0.0,0.0,0.0,0,0,0,0.0,0,,,,,,,,,,,,,,,,,,,,,,,,,,,,
england,Premier League,2025,Miloš Kerkez,22.0,D,Hungary,180.0,71.0,34,27,2301.0,2.0,1.0,0.0,0.0,0,0,3,0.0,0,0.15645371577574968,0.2737940026075619,0.07822685788787484,0.07822685788787484,0.03911342894393742,0.11734028683181225,0.07822685788787484,41.773142112125164,1.0169491525423728,1.6036505867014341,0.31290743155149936,0.5475880052151239,2.1512385919165578,7.548891786179922,4.458930899608865,0.8604954367666231,0.469361147327249,0.39113428943937417,1.1734028683181226,0.8604954367666231,0.11734028683181225,0.0,0.0,34.43445692883895,28.57142857142857,59.067357512953365,54.54545454545454,6.632681442850934
england,Premier League,2025,Mohamadou Kanté,20.0,M,France,178.0,74.0,11,0,111.0,0.0,0.0,0.0,0.0,0,0,2,0.0,0,0.0,1.6216216216216217,0.0,0.0,0.0,0.0,0.0,25.135135135135133,0.8108108108108109,4.864864864864865,0.8108108108108109,0.0,4.864864864864865,17.83783783783784,8.108108108108107,0.8108108108108109,0.8108108108108109,3.2432432432432434,0.8108108108108109,3.2432432432432434,1.6216216216216217,0.0,0.0,2.8333333333333335,0.0,45.45454545454545,100.0,6.565094339622642
england,Premier League,2025,Mohamed Salah,33.0,M,Egypt,175.0,71.0,27,23,2148.0,7.0,7.0,0.0,0.0,1,0,1,0.0,0,0.5865921787709497,1.8854748603351954,0.7960893854748603,0.29329608938547486,0.29329608938547486,0.5865921787709497,0.25139664804469275,33.22625698324022,2.053072625698324,0.7122905027932961,0.04189944134078212,0.16759776536312848,0.8798882681564246,8.421787709497206,2.513966480446927,3.016759776536313,0.7960893854748603,0.3770949720670391,0.6703910614525139,0.41899441340782123,0.04189944134078212,0.0,0.0,25.345523329129886,42.22222222222222,29.850746268656714,26.38888888888889,6.9395716945996275
england,Premier League,2025,Mohammed Kudus,25.0,M,Ghana,177.0,70.0,19,19,1545.0,2.0,5.0,0.0,0.0,0,0,3,0.0,0,0.5825242718446603,0.9320388349514563,0.5242718446601942,0.11650485436893204,0.29126213592233013,0.4077669902912621,0.11650485436893204,25.864077669902912,1.4563106796116503,1.6893203883495145,0.0,0.17475728155339806,1.8640776699029127,15.320388349514564,6.233009708737864,5.941747572815535,3.0291262135922334,0.6990291262135923,0.8737864077669902,1.3398058252427185,0.17475728155339806,0.0,0.0,22.975225225225227,56.25,40.68441064638783,50.98039215686274,6.9167637540453075
england,Premier League,2025,Moisés Caicedo,24.0,M,Ecuador,178.0,73.0,33,32,2802.0,3.0,1.0,0.0,1.0,0,0,11,0.0,1,0.0,0.44967880085653106,0.22483940042826553,0.09635974304068523,0.032119914346895075,0.1284796573875803,0.09635974304068523,65.94218415417559,0.6102783725910065,2.7944325481798713,0.4817987152034261,1.8950749464668095,4.689507494646681,9.925053533190578,5.524625267665953,0.8993576017130621,0.4817987152034261,0.7708779443254818,1.7665952890792291,1.734475374732334,0.3533190578158458,0.0,0.032119914346895075,62.39941548952752,50.0,55.663430420711975,53.57142857142857,7.210206995003569
england,Premier League,2025,Mor Talla Ndiaye,,D,,,,0,0,0.0,0.0,0.0,0.0,0.0,0,0,0,0.0,0,,,,,,,,,,,,,,,,,,,,,,,,,,,,
england,Premier League,2025,Morato,24.0,D,Brazil,192.0,88.0,21,14,1366.0,1.0,0.0,0.0,0.0,0,0,5,0.0,0,0.06588579795021962,0.32942898975109813,0.13177159590043924,0.06588579795021962,0.0,0.06588579795021962,0.06588579795021962,49.74377745241581,0.13177159590043924,1.9765739385065886,0.9882869692532943,0.7247437774524158,2.7013177159590045,6.720351390922401,4.282576866764275,0.32942898975109813,0.32942898975109813,0.4612005856515373,0.4612005856515373,1.054172767203514,0.32942898975109813,0.0,0.0,46.05039787798408,40.0,63.725490196078425,100.0,6.929221732745962
england,Premier League,2025,Morgan Gibbs-White,25.0,M,England,171.0,66.0,37,35,3110.0,15.0,4.0,1.0,0.0,1,0,1,0.0,0,0.14469453376205788,1.707395498392283,0.9260450160771705,0.4340836012861737,0.11575562700964631,0.54983922829582,0.40514469453376206,34.958199356913184,1.4180064308681672,0.5787781350482315,0.08681672025723472,0.3762057877813505,0.9549839228295821,9.318327974276528,3.7620578778135045,1.8231511254019295,0.8681672025723474,0.6366559485530547,1.1864951768488747,0.752411575562701,0.028938906752411578,0.0,0.0,29.855960264900663,54.23728813559322,40.37267080745342,47.61904761904761,6.931157556270097
england,Premier League,2025,Morgan Rogers,23.0,M,England,187.0,80.0,37,37,3285.0,10.0,6.0,0.0,1.0,0,0,7,0.0,0,0.0821917808219178,1.589041095890411,0.8767123287671234,0.273972602739726,0.1643835616438356,0.4383561643835617,0.273972602739726,29.232876712328768,1.2876712328767124,1.1506849315068495,0.0821917808219178,0.35616438356164387,1.506849315068493,12.082191780821919,4.328767123287672,3.2328767123287667,1.1506849315068495,0.6301369863013698,1.3424657534246576,1.2602739726027397,0.1917808219178082,0.0,0.0,23.275538894095597,55.172413793103445,35.827664399092974,35.59322033898305,6.841248097412481
england,Premier League,2025,Murillo,23.0,D,Brazil,180.0,75.0,25,25,2133.0,1.0,0.0,0.0,0.0,0,0,5,0.0,0,0.0,0.25316455696202533,0.1687763713080169,0.042194092827004225,0.0,0.042194092827004225,0.042194092827004225,47.76371308016878,0.3375527426160338,1.4767932489451476,1.0126582278481013,1.4345991561181433,2.9113924050632916,5.822784810126583,3.1223628691983123,0.5907172995780591,0.37974683544303794,0.25316455696202533,0.29535864978902954,0.9704641350210971,0.2109704641350211,0.0,0.0,44.59540636042403,66.66666666666666,53.62318840579711,64.28571428571429,7.025082044069386
england,Premier League,2025,Myles Lewis-Skelly,19.0,D,England,178.0,72.0,20,5,722.0,0.0,0.0,0.0,0.0,0,0,3,0.0,0,0.12465373961218837,0.12465373961218837,0.0,0.0,0.0,0.0,0.0,47.61772853185596,0.4986149584487535,0.997229916897507,0.12465373961218837,0.6232686980609418,1.6204986149584488,8.975069252077564,4.7368421052631575,1.2465373961218835,0.997229916897507,0.4986149584487535,1.994459833795014,1.2465373961218835,0.37396121883656513,0.0,0.0,39.19109947643979,0.0,52.77777777777778,80.0,6.746527777777778
england,Premier League,2025,Myles Peart-Harris,23.0,M,England,187.0,80.0,1,0,1.0,0.0,0.0,0.0,0.0,0,0,0,0.0,0,0.0,0.0,0.0,0.0,0.0,0.0,0.0,0.0,0.0,0.0,0.0,0.0,0.0,90.0,0.0,0.0,0.0,0.0,0.0,90.0,0.0,0.0,0.0,,,0.0,,
england,Premier League,2025,Nathan Aké,30.0,D,Netherlands,180.0,75.0,18,6,703.0,0.0,0.0,0.0,0.0,0,0,1,0.0,0,0.12802275960170698,0.6401137980085349,0.12802275960170698,0.0,0.0,0.0,0.0,63.11522048364154,0.8961593172119487,1.0241820768136558,0.12802275960170698,0.6401137980085349,1.6642958748221908,6.401137980085349,4.22475106685633,0.12802275960170698,0.0,0.25604551920341395,1.0241820768136558,0.38406827880512096,0.12802275960170698,0.0,0.0,56.953346855983774,20.0,66.0,0.0,6.94971346704871
england,Premier League,2025,Nathan Collins,24.0,D,Republic of Ireland,193.0,83.0,35,32,2972.0,1.0,2.0,1.0,1.0,0,0,7,0.0,0,0.06056527590847914,0.4845222072678331,0.1816958277254374,0.03028263795423957,0.06056527590847914,0.0908479138627187,0.03028263795423957,52.964333781965,0.33310901749663524,0.9387617765814266,1.2415881561238225,1.0901749663526246,2.028936742934051,7.812920592193809,4.360699865410498,0.3028263795423957,0.211978465679677,0.27254374158815614,0.5148048452220726,0.6056527590847914,0.211978465679677,0.0,0.0,47.511720983419096,37.5,55.81395348837209,70.0,6.78829071332436
england,Premier League,2025,Nathan Patterson,24.0,D,Scotland,189.0,83.0,7,3,266.0,0.0,0.0,0.0,0.0,0,0,0,0.0,0,0.3383458646616541,0.3383458646616541,0.3383458646616541,0.0,0.0,0.0,0.0,28.421052631578945,0.0,3.3834586466165413,0.6766917293233082,0.6766917293233082,4.060150375939849,11.165413533834586,6.7669172932330826,1.6917293233082706,0.3383458646616541,1.3533834586466165,0.6766917293233082,0.6766917293233082,0.0,0.0,0.0,19.63855421686747,100.0,60.60606060606061,20.0,7.094716981132075
england,Premier League,2025,Nathaniel Clyne,34.0,D,England,175.0,67.0,10,7,604.0,0.0,1.0,0.0,0.0,0,0,1,0.0,0,0.0,0.2980132450331126,0.0,0.0,0.1490066225165563,0.1490066225165563,0.0,27.417218543046356,0.4470198675496689,2.384105960264901,0.2980132450331126,0.7450331125827815,3.129139072847682,6.258278145695364,3.4271523178807946,1.0430463576158941,0.5960264900662252,0.7450331125827815,0.1490066225165563,0.5960264900662252,0.1490066225165563,0.0,0.0,20.27173913043478,0.0,54.761904761904766,57.14285714285714,6.535596026490066
england,Premier League,2025,Nayef Aguerd,29.0,D,Morocco,190.0,76.0,2,2,180.0,0.0,0.0,0.0,0.0,0,0,0,0.0,0,0.0,1.0,0.0,0.0,0.0,0.0,0.0,57.49999999999999,0.0,0.5,1.0,0.5,1.0,5.0,3.5,0.5,0.5,0.0,0.5,0.0,0.0,0.0,0.0,53.8,0.0,70.0,100.0,6.25
england,Premier League,2025,Neco Williams,24.0,D,Wales,183.0,72.0,37,36,3206.0,2.0,3.0,0.0,1.0,0,0,6,0.0,1,0.11228945726762321,0.7860262008733624,0.5333749220212103,0.056144728633811605,0.0842170929507174,0.140361821584529,0.056144728633811605,37.19588271990019,1.0386774797255147,2.694946974422957,0.47723019338739864,1.3194011228945728,4.014348097317529,10.83593262632564,6.063630692451653,1.993137866500312,0.8702432938240799,1.0386774797255147,1.4597629444791016,0.842170929507174,0.1684341859014348,0.0,0.028072364316905803,34.15924528301887,67.85714285714286,55.95854922279793,43.66197183098591,6.952713661883968
england,Premier League,2025,Nehemiah Oriola,18.0,F,,,,1,0,1.0,0.0,0.0,0.0,0.0,0,0,0,0.0,0,0.0,0.0,0.0,0.0,0.0,0.0,0.0,0.0,0.0,0.0,0.0,0.0,0.0,0.0,0.0,0.0,0.0,0.0,0.0,0.0,0.0,0.0,0.0,,,,,
england,Premier League,2025,Nick Pope,33.0,G,England,191.0,76.0,27,27,2417.0,0.0,0.0,0.0,0.0,0,0,2,0.0,0,0.0,0.037236243276789406,0.037236243276789406,0.0,0.0,0.0,0.0,22.75134464211833,0.0,0.037236243276789406,0.0,0.0,0.037236243276789406,0.6702523789822094,0.6330161357054199,0.0,0.0,0.0,0.07447248655357881,0.037236243276789406,0.07447248655357881,0.0,0.0,14.168576104746318,100.0,94.44444444444444,,6.936739760033098
england,Premier League,2025,Nick Woltemade,23.0,F,Germany,198.0,90.0,33,24,1939.0,8.0,3.0,0.0,0.0,1,0,0,0.0,0,0.37132542547705005,1.11397627643115,0.6034038164002063,0.37132542547705005,0.13924703455389376,0.5105724600309438,0.3249097472924188,17.8236204228984,1.0211449200618876,1.11397627643115,0.09283135636926251,0.23207839092315627,1.3460546673543063,11.186178442496132,4.270242392986075,1.6245487364620939,0.6034038164002063,0.5105724600309438,0.9283135636926251,0.9283135636926251,0.0,0.0,0.0,12.428198433420366,54.166666666666664,38.17427385892116,37.142857142857146,6.712068076328005
england,Premier League,2025,Niclas Füllkrug,32.0,F,Germany,189.0,83.0,8,5,408.0,0.0,0.0,0.0,0.0,0,0,0,0.0,0,0.6617647058823529,1.5441176470588236,0.6617647058823529,0.0,0.0,0.0,0.0,20.514705882352942,1.5441176470588236,0.4411764705882353,0.22058823529411764,0.4411764705882353,0.8823529411764706,15.220588235294118,4.63235294117647,0.0,0.0,0.22058823529411764,0.22058823529411764,2.4264705882352944,0.0,0.0,0.0,10.204301075268818,42.857142857142854,30.434782608695656,,5.899019607843137
england,Premier League,2025,Nico González,23.0,M,Spain,189.0,88.0,25,17,1575.0,1.0,0.0,0.0,0.0,0,0,6,0.0,0,0.0,0.2857142857142857,0.11428571428571428,0.05714285714285714,0.0,0.05714285714285714,0.05714285714285714,74.97142857142858,0.6285714285714286,2.4000000000000004,0.34285714285714286,1.4285714285714284,3.8285714285714283,10.857142857142858,6.0,0.9714285714285715,0.6857142857142857,0.5714285714285714,1.0285714285714285,1.7142857142857144,0.34285714285714286,0.0,0.0,60.28810975609756,40.0,55.26315789473685,70.58823529411765,7.0882539682539685
england,Premier League,2025,Nico O'Reilly,20.0,D,England,177.0,77.0,34,29,2648.0,5.0,3.0,0.0,0.0,0,0,5,0.0,0,0.033987915407854986,0.9516616314199396,0.5098187311178247,0.16993957703927492,0.10196374622356497,0.2719033232628399,0.16993957703927492,45.781722054380666,0.7817220543806647,2.311178247734139,0.40785498489425986,0.6797583081570997,2.990936555891239,11.691842900302115,5.472054380664653,2.039274924471299,0.8157099697885197,0.7477341389728097,0.6117824773413897,1.5294561933534745,0.16993957703927492,0.0,0.0,41.097995545657014,53.57142857142857,46.80232558139535,40.0,6.897771903323263
england,Premier League,2025,Nicolás Domínguez,27.0,M,Argentina,179.0,73.0,27,17,1193.0,1.0,1.0,0.0,0.0,0,0,3,0.0,0,0.0,0.7544006705783739,0.37720033528918695,0.07544006705783739,0.07544006705783739,0.15088013411567477,0.07544006705783739,40.360435875943004,0.9052808046940486,4.224643755238894,0.37720033528918695,0.5280804694048618,4.752724224643756,11.768650461022633,6.487845766974015,0.9052808046940486,0.4526404023470243,1.8105616093880972,0.8298407376362111,1.2070410729253982,0.22632020117351215,0.0,0.0,24.725233644859813,50.0,55.12820512820513,50.0,6.908900083963056
england,Premier League,2025,Nicolò Savona,22.0,D,Italy,192.0,80.0,14,11,1026.0,2.0,0.0,0.0,0.0,0,0,2,0.0,0,0.08771929824561403,0.3508771929824561,0.2631578947368421,0.17543859649122806,0.0,0.17543859649122806,0.17543859649122806,35.0,0.6140350877192982,1.7543859649122806,0.2631578947368421,0.3508771929824561,2.1052631578947367,6.140350877192982,2.982456140350877,0.43859649122807015,0.17543859649122806,1.3157894736842104,0.43859649122807015,1.0526315789473684,0.17543859649122806,0.0,0.0,25.979949874686717,75.0,48.57142857142857,40.0,6.677972709551657
england,Premier League,2025,Nikola Milenković,28.0,D,Serbia,195.0,90.0,38,37,3375.0,0.0,0.0,0.0,0.0,0,0,6,0.0,0,0.026666666666666665,0.37333333333333335,0.026666666666666665,0.0,0.0,0.0,0.0,41.013333333333335,0.08,0.8266666666666667,0.96,0.7733333333333333,1.6,5.706666666666667,3.8133333333333335,0.08,0.08,0.26666666666666666,0.5333333333333333,0.5599999999999999,0.16,0.0,0.0,41.40702210663199,7.142857142857142,66.82242990654206,100.0,6.844
england,Premier League,2025,Nilson Angulo,22.0,M,Ecuador,184.0,65.0,8,5,413.0,0.0,0.0,0.0,0.0,0,0,1,0.0,0,0.2179176755447942,1.3075060532687652,0.6537530266343826,0.0,0.0,0.0,0.0,16.997578692493946,0.6537530266343826,2.179176755447942,0.0,1.089588377723971,3.2687651331719128,13.292978208232444,5.447941888619855,3.486682808716707,1.5254237288135593,0.8716707021791767,0.6537530266343826,2.3970944309927362,0.2179176755447942,0.0,0.0,9.653846153846153,50.0,40.98360655737705,43.75,6.449636803874092
england,Premier League,2025,Noah Okafor,25.0,F,Switzerland,185.0,85.0,28,19,1573.0,8.0,1.0,0.0,0.0,0,0,3,0.0,0,0.0,1.4303877940241576,0.8582326764144945,0.45772409408773046,0.05721551176096631,0.5149396058486967,0.45772409408773046,18.995549904640814,1.1443102352193262,1.315956770502225,0.05721551176096631,0.6865861411315957,2.0025429116338205,12.70184361093452,5.034965034965035,5.2638270820089,2.231404958677686,0.743801652892562,0.8010171646535283,1.0298792116973934,0.17164653528289892,0.0,0.0,12.25301204819277,60.0,39.63963963963964,42.391304347826086,7.006865861411315
england,Premier League,2025,Noah Sadiki,21.0,M,Belgium,165.0,58.0,33,33,2894.0,0.0,1.0,0.0,0.0,0,0,9,0.0,0,0.06219765031098825,0.27988942639944714,0.15549412577747063,0.0,0.031098825155494125,0.031098825155494125,0.0,34.3953006219765,0.5908776779543884,1.43054595715273,0.34208707671043537,1.0573600552868003,2.48790601243953,7.15272978576365,3.8251554941257773,1.3683483068417415,0.8396682791983413,0.5286800276434002,1.243953006219765,0.995162404975812,0.27988942639944714,0.0,0.0,31.292947558770344,55.55555555555556,53.47826086956522,61.36363636363637,6.763614374568072
england,Premier League,2025,Noni Madueke,23.0,F,England,182.0,75.0,26,16,1226.0,2.0,1.0,0.0,0.0,0,0,0,0.0,0,0.2936378466557912,1.101141924959217,0.6606851549755302,0.1468189233278956,0.0734094616639478,0.22022838499184338,0.1468189233278956,30.171288743882542,1.6150081566068515,1.5415986949429037,0.0734094616639478,0.367047308319739,1.9086460032626429,12.553017944535073,5.505709624796085,4.4779771615008155,2.128874388254486,1.5415986949429037,1.101141924959217,1.101141924959217,0.0,0.0,0.0,16.985401459854014,60.0,43.859649122807014,47.540983606557376,6.916163265306122
england,Premier League,2025,Nordi Mukiele,28.0,D,France,187.0,84.0,32,32,2787.0,3.0,3.0,0.0,0.0,0,0,5,0.0,0,0.0968783638320775,0.5166846071044133,0.12917115177610333,0.0968783638320775,0.0968783638320775,0.193756727664155,0.0968783638320775,38.396124865446716,0.7427341227125942,2.2282023681377825,0.32292787944025836,1.2917115177610334,3.5199138858988155,10.139935414424112,5.909580193756728,0.8719052744886975,0.4198062432723358,0.4520990312163617,0.8396124865446716,1.1302475780409043,0.16146393972012918,0.0,0.0,34.07485281749369,25.0,58.28025477707006,48.148148148148145,6.946465733763904
england,Premier League,2025,Noussair Mazraoui,28.0,D,Morocco,183.0,63.0,20,11,1022.0,0.0,0.0,0.0,0.0,0,0,3,0.0,0,0.0,0.1761252446183953,0.0,0.0,0.0,0.0,0.0,47.81800391389432,0.6164383561643836,2.4657534246575343,0.1761252446183953,1.2328767123287672,3.698630136986301,9.510763209393346,5.98825831702544,1.3209393346379648,0.7045009784735812,0.26418786692759294,1.2328767123287672,1.0567514677103718,0.26418786692759294,0.0,0.0,34.92606284658041,0.0,62.96296296296296,53.333333333333336,6.995303326810177
england,Premier League,2025,Odsonne Édouard,27.0,F,France,187.0,83.0,1,0,8.0,0.0,0.0,0.0,0.0,0,0,0,0.0,0,0.0,0.0,0.0,0.0,0.0,0.0,0.0,0.0,0.0,11.25,0.0,0.0,11.25,45.0,22.5,0.0,0.0,0.0,11.25,0.0,0.0,0.0,0.0,,,50.0,,6.7
england,Premier League,2025,Ojinnaka Temple,20.0,M,England,191.0,,0,0,0.0,0.0,0.0,0.0,0.0,0,0,0,0.0,0,,,,,,,,,,,,,,,,,,,,,,,,,,,,
england,Premier League,2025,Ola Aina,29.0,D,Nigeria,184.0,82.0,18,18,1590.0,0.0,0.0,0.0,0.0,0,0,3,0.0,0,0.0,0.5094339622641509,0.056603773584905655,0.0,0.0,0.0,0.0,35.60377358490566,0.5660377358490566,1.7547169811320753,0.16981132075471697,1.4150943396226414,3.1698113207547167,8.943396226415095,4.811320754716982,1.9245283018867922,0.8490566037735848,0.7358490566037735,0.8490566037735848,0.7358490566037735,0.16981132075471697,0.0,0.0,32.32432432432432,11.11111111111111,53.79746835443038,44.11764705882353,6.912327044025157
england,Premier League,2025,Oleksandr Zinchenko,29.0,D,Ukraine,175.0,64.0,5,4,353.0,0.0,0.0,0.0,0.0,0,0,0,0.0,0,0.254957507082153,0.509915014164306,0.509915014164306,0.0,0.0,0.0,0.0,64.75920679886686,1.274787535410765,2.54957507082153,0.254957507082153,0.509915014164306,3.059490084985836,8.6685552407932,4.079320113314448,0.509915014164306,0.254957507082153,2.2946175637393766,0.509915014164306,0.254957507082153,0.0,0.0,0.0,61.12992125984252,100.0,47.05882352941176,50.0,6.7665722379603395
england,Premier League,2025,Oliver Pimlott,18.0,M,England,,,0,0,0.0,0.0,0.0,0.0,0.0,0,0,0,0.0,0,,,,,,,,,,,,,,,,,,,,,,,,,,,,
england,Premier League,2025,Oliver Scarles,20.0,D,England,182.0,75.0,13,9,668.0,0.0,0.0,1.0,0.0,0,0,2,0.0,0,0.1347305389221557,0.40419161676646703,0.0,0.0,0.0,0.0,0.0,37.050898203592816,0.6736526946107785,4.041916167664671,0.1347305389221557,1.751497005988024,5.793413173652694,9.970059880239521,6.197604790419162,1.2125748502994012,0.2694610778443114,1.0778443113772456,0.9431137724550898,0.9431137724550898,0.2694610778443114,0.0,0.0,28.741818181818182,0.0,62.16216216216216,22.22222222222222,6.576347305389222
england,Premier League,2025,Oliver Sonne,25.0,D,Denmark,184.0,72.0,7,1,165.0,1.0,0.0,0.0,0.0,0,0,0,0.0,0,0.0,1.6363636363636362,0.5454545454545454,0.5454545454545454,0.0,0.5454545454545454,0.5454545454545454,32.18181818181819,0.5454545454545454,1.0909090909090908,0.0,0.5454545454545454,1.6363636363636362,9.818181818181818,4.363636363636363,1.6363636363636362,0.5454545454545454,0.5454545454545454,0.0,2.1818181818181817,0.0,0.0,0.0,8.842105263157896,33.33333333333333,44.44444444444444,33.33333333333333,6.497560975609756
england,Premier League,2025,Olivier Boscagli,28.0,D,France,181.0,68.0,12,9,819.0,0.0,1.0,0.0,0.0,0,0,2,0.0,0,0.0,0.10989010989010989,0.0,0.0,0.10989010989010989,0.10989010989010989,0.0,82.85714285714285,0.43956043956043955,1.7582417582417582,0.21978021978021978,1.978021978021978,3.7362637362637363,7.912087912087912,5.054945054945055,0.21978021978021978,0.21978021978021978,0.5494505494505495,1.208791208791209,0.7692307692307693,0.21978021978021978,0.0,0.0,67.36737400530504,0.0,63.888888888888886,100.0,7.063003663003664
england,Premier League,2025,Ollie Shield,19.0,D,,,,0,0,0.0,0.0,0.0,0.0,0.0,0,0,0,0.0,0,,,,,,,,,,,,,,,,,,,,,,,,,,,,
england,Premier League,2025,Ollie Watkins,30.0,F,England,180.0,75.0,37,33,2852.0,16.0,3.0,0.0,0.0,0,0,4,0.0,0,0.7573632538569425,1.8934081346423561,1.1991584852734922,0.5049088359046283,0.09467040673211781,0.5995792426367461,0.5049088359046283,15.052594670406732,0.7258064516129032,0.6942496493688639,0.06311360448807854,0.18934081346423562,0.8835904628330995,8.930575035063114,3.6605890603085554,1.767180925666199,0.820476858345021,0.12622720897615708,1.0098176718092566,1.1044880785413744,0.12622720897615708,0.0,0.0,10.668763102725366,63.33333333333333,40.98939929328622,46.42857142857143,6.876402524544179
england,Premier League,2025,Omar Alderete,29.0,D,Paraguay,188.0,77.0,33,32,2802.0,1.0,1.0,0.0,0.0,0,0,6,0.0,0,0.16059957173447537,0.5460385438972163,0.2890792291220557,0.032119914346895075,0.032119914346895075,0.06423982869379015,0.032119914346895075,41.88436830835118,0.2890792291220557,1.0278372591006424,0.9314775160599572,1.1563169164882228,2.184154175588865,8.640256959314774,4.689507494646681,0.6745182012847966,0.5460385438972163,0.2569593147751606,0.32119914346895073,1.0920770877944326,0.19271948608137046,0.0,0.0,37.7101226993865,52.94117647058824,54.27509293680297,80.95238095238095,6.8341898643825845
england,Premier League,2025,Omar Marmoush,26.0,F,Egypt,180.0,81.0,21,8,734.0,3.0,3.0,0.0,0.0,0,0,3,0.0,0,0.7356948228882834,2.5749318801089918,1.103542234332425,0.3678474114441417,0.3678474114441417,0.7356948228882834,0.3678474114441417,19.986376021798364,1.4713896457765667,1.5940054495912808,0.24523160762942778,0.24523160762942778,1.8392370572207084,11.158038147138964,5.640326975476839,2.6975476839237054,1.2261580381471389,0.49046321525885556,2.5749318801089918,1.2261580381471389,0.3678474114441417,0.0,0.0,13.61963190184049,42.857142857142854,50.54945054945055,45.45454545454545,6.910109289617486
england,Premier League,2025,Omari Hutchinson,22.0,F,Jamaica,174.0,65.0,31,17,1695.0,1.0,5.0,1.0,0.0,0,0,1,0.0,0,0.4247787610619469,0.9026548672566371,0.584070796460177,0.05309734513274336,0.2654867256637168,0.3185840707964602,0.05309734513274336,28.56637168141593,1.752212389380531,1.168141592920354,0.0,0.6371681415929203,1.8053097345132743,11.840707964601771,4.831858407079646,4.1946902654867255,2.1769911504424777,1.008849557522124,1.2743362831858407,1.2212389380530972,0.05309734513274336,0.0,0.0,20.96282527881041,64.70588235294117,40.80717488789238,51.89873417721519,6.72987012987013
england,Premier League,2025,Oscar Bobb,22.0,M,Norway,177.0,70.0,23,11,1050.0,0.0,1.0,0.0,0.0,0,0,1,0.0,0,0.0,0.6857142857142857,0.2571428571428571,0.0,0.08571428571428572,0.08571428571428572,0.0,34.371428571428574,1.8857142857142857,1.8,0.0,0.7714285714285715,2.571428571428571,11.485714285714288,6.085714285714285,3.857142857142857,2.314285714285714,0.6000000000000001,1.457142857142857,0.7714285714285715,0.08571428571428572,0.0,0.0,20.835411471321695,37.5,52.98507462686567,60.0,6.883333333333334
england,Premier League,2025,Pablo Felipe,21.0,F,Portugal,184.0,74.0,14,10,826.0,0.0,1.0,0.0,0.0,0,0,0,0.0,0,0.0,0.9806295399515738,0.3268765133171913,0.0,0.1089588377723971,0.1089588377723971,0.0,21.79176755447942,1.5254237288135593,2.7239709443099276,0.2179176755447942,0.4358353510895884,3.1598062953995156,16.670702179176754,6.5375302663438255,1.5254237288135593,0.9806295399515738,0.8716707021791767,0.8716707021791767,2.506053268765133,0.0,0.0,0.0,11.77,33.33333333333333,39.21568627450981,64.28571428571429,6.50544794188862
england,Premier League,2025,Pape Matar Sarr,23.0,M,Senegal,185.0,70.0,26,13,1398.0,2.0,4.0,0.0,0.0,0,0,3,0.0,0,0.19313304721030042,0.6437768240343348,0.38626609442060084,0.12875536480686695,0.2575107296137339,0.38626609442060084,0.12875536480686695,40.68669527896996,0.7081545064377682,2.124463519313305,0.6437768240343348,1.1587982832618027,3.2832618025751072,12.103004291845494,5.536480686695279,1.4163090128755365,0.8369098712446352,0.7081545064377682,0.8369098712446352,1.866952789699571,0.19313304721030042,0.0,0.0,34.04120443740095,60.0,45.744680851063826,59.09090909090909,6.868861846814602
england,Premier League,2025,Park Seung-soo,18.0,F,Korea Republic,183.0,62.0,0,0,0.0,0.0,0.0,0.0,0.0,0,0,0,0.0,0,,,,,,,,,,,,,,,,,,,,,,,,,,,,
england,Premier League,2025,Pascal Groß,34.0,M,Germany,181.0,78.0,19,18,1636.0,1.0,3.0,0.0,0.0,0,0,2,0.0,0,0.2200488997555012,0.6601466992665037,0.4951100244498778,0.0550122249388753,0.16503667481662593,0.2200488997555012,0.0550122249388753,58.808068459657704,2.145476772616137,1.5953545232273838,0.2200488997555012,0.6601466992665037,2.2555012224938875,7.041564792176039,3.3007334963325183,0.8801955990220048,0.3850855745721271,0.8801955990220048,0.6601466992665037,0.9352078239608801,0.1100244498777506,0.0,0.0,52.47146866230121,75.0,46.875,43.75,7.070232273838631
england,Premier League,2025,Pascal Struijk,26.0,D,Netherlands,190.0,79.0,34,33,2937.0,0.0,1.0,0.0,0.0,0,0,5,0.0,0,0.15321756894790603,0.7048008171603677,0.15321756894790603,0.0,0.030643513789581203,0.030643513789581203,0.0,56.353421859039834,0.3677221654749745,1.195097037793667,0.5822267620020429,0.9499489274770174,2.1450459652706844,9.591419816138918,5.33197139938713,0.18386108273748725,0.12257405515832481,0.5209397344228806,0.6741573033707865,0.8273748723186926,0.15321756894790603,0.0,0.0,54.056008700380644,21.73913043478261,55.59105431309904,66.66666666666666,6.827477017364657
england,Premier League,2025,Patrick Dorgu,21.0,M,Denmark,185.0,68.0,26,15,1461.0,4.0,4.0,0.0,0.0,0,0,5,0.0,0,0.4312114989733059,1.2936344969199178,0.7392197125256674,0.2464065708418891,0.2464065708418891,0.4928131416837782,0.2464065708418891,31.1088295687885,1.6632443531827514,2.9568788501026697,0.18480492813141686,0.9240246406570841,3.8809034907597537,16.878850102669407,9.17864476386037,2.402464065708419,0.6776180698151951,0.9856262833675564,2.8952772073921973,1.4168377823408622,0.3080082135523614,0.0,0.0,20.778884462151396,57.14285714285714,54.379562043795616,28.205128205128204,7.102739726027397
england,Premier League,2025,Patrick Roberts,28.0,M,England,167.0,58.0,1,0,27.0,0.0,0.0,0.0,0.0,0,0,0,0.0,0,0.0,0.0,0.0,0.0,0.0,0.0,0.0,66.66666666666666,0.0,0.0,0.0,0.0,0.0,6.666666666666666,3.333333333333333,3.333333333333333,3.333333333333333,0.0,0.0,0.0,0.0,0.0,0.0,16.0,,50.0,100.0,6.5
england,Premier League,2025,Pau Torres,28.0,D,Spain,191.0,80.0,21,18,1676.0,0.0,0.0,0.0,0.0,0,0,1,0.0,0,0.0,0.42959427207637235,0.053699284009546544,0.0,0.0,0.0,0.0,62.667064439140816,0.053699284009546544,1.1813842482100239,0.9665871121718377,0.5906921241050119,1.7720763723150357,5.692124105011933,3.168257756563246,0.5906921241050119,0.37589498806682575,0.48329355608591884,0.26849642004773266,0.37589498806682575,0.053699284009546544,0.0,0.0,58.41816623821765,12.5,55.660377358490564,63.63636363636363,6.922374701670644
england,Premier League,2025,Pedro Lima,19.0,D,Brazil,174.0,68.0,9,3,271.0,0.0,0.0,0.0,0.0,0,0,0,0.0,0,0.0,0.9963099630996309,0.33210332103321033,0.0,0.0,0.0,0.0,17.933579335793358,0.9963099630996309,2.6568265682656826,0.0,1.6605166051660516,4.317343173431735,9.630996309963098,3.9852398523985237,0.9963099630996309,0.33210332103321033,0.9963099630996309,0.33210332103321033,1.6605166051660516,0.0,0.0,0.0,6.833333333333333,33.33333333333333,41.37931034482759,33.33333333333333,6.544981412639406
england,Premier League,2025,Pedro Neto,25.0,M,Portugal,174.0,62.0,34,30,2643.0,5.0,6.0,0.0,0.0,0,0,4,0.0,1,0.2043132803632236,0.8172531214528944,0.4426787741203178,0.170261066969353,0.2043132803632236,0.3745743473325766,0.170261066969353,31.70261066969353,1.8728717366628829,0.6469920544835415,0.0,0.2043132803632236,0.8513053348467651,8.44494892167991,3.4052213393870603,3.5414301929625425,1.6004540295119183,0.8853575482406356,0.8513053348467651,0.5448354143019296,0.1362088535754824,0.0,0.0340522133938706,27.218279569892474,54.166666666666664,40.32258064516129,45.19230769230769,6.948937784522004
england,Premier League,2025,Pedro Porro,26.0,D,Spain,173.0,69.0,34,32,2798.0,1.0,2.0,0.0,0.0,0,0,10,0.0,0,0.032165832737669764,0.7398141529664046,0.2573266619013581,0.032165832737669764,0.06433166547533953,0.09649749821300929,0.032165832737669764,47.25160829163688,1.801286633309507,2.4124374553252323,0.32165832737669764,0.9649749821300929,3.377412437455325,8.652609006433167,4.471050750536097,1.4474624731951393,0.6111508220157255,1.222301644031451,0.8363116511794138,1.0293066476054324,0.32165832737669764,0.0,0.0,35.21238938053097,34.78260869565217,51.6728624535316,42.22222222222222,6.920335954253037
england,Premier League,2025,Phil Foden,25.0,M,England,171.0,63.0,33,23,2107.0,7.0,5.0,0.0,0.0,0,0,4,0.0,0,0.12814428096820124,1.5377313716184149,0.8115804461319411,0.29900332225913623,0.2135738016136687,0.512577123872805,0.29900332225913623,51.72757475083056,2.39202657807309,1.4523018509729475,0.12814428096820124,0.3844328429046037,1.8367346938775508,8.500237304224015,4.10061699098244,2.007593735168486,1.0678690080683435,0.5980066445182725,1.324157570004746,0.7688656858092074,0.170859041290935,0.0,0.0,43.516928158546655,52.77777777777778,48.24120603015075,53.191489361702125,7.149501661129568
england,Premier League,2025,Philip Billing,29.0,M,Denmark,193.0,83.0,0,0,0.0,0.0,0.0,0.0,0.0,0,0,0,0.0,0,,,,,,,,,,,,,,,,,,,,,,,,,,,,
england,Premier League,2025,Piero Hincapié,23.0,D,Ecuador,184.0,77.0,25,20,1792.0,1.0,2.0,0.0,0.0,0,0,2,0.0,0,0.05022321428571428,0.10044642857142856,0.10044642857142856,0.05022321428571428,0.10044642857142856,0.15066964285714285,0.05022321428571428,42.08705357142857,0.6529017857142857,2.4107142857142856,0.4520089285714286,1.3058035714285714,3.716517857142857,8.638392857142858,5.022321428571429,0.703125,0.3515625,0.703125,0.703125,0.9040178571428572,0.10044642857142856,0.0,0.0,45.66825775656324,100.0,58.139534883720934,50.0,6.961383928571428
england,Premier League,2025,Quilindschy Hartman,24.0,D,Netherlands,183.0,77.0,21,21,1830.0,0.0,5.0,0.0,0.0,0,0,1,0.0,0,0.04918032786885246,0.3442622950819672,0.14754098360655737,0.0,0.2459016393442623,0.2459016393442623,0.0,36.196721311475414,0.9836065573770492,2.557377049180328,0.19672131147540983,1.5245901639344261,4.081967213114754,6.245901639344263,3.4426229508196724,0.5901639344262295,0.2459016393442623,0.639344262295082,0.14754098360655737,0.639344262295082,0.04918032786885246,0.0,0.0,31.144021739130434,42.857142857142854,55.118110236220474,41.66666666666667,6.485737704918033
england,Premier League,2025,Radu Drăguşin,23.0,D,Romania,191.0,85.0,10,5,541.0,0.0,0.0,0.0,0.0,0,0,0,0.0,0,0.0,0.49907578558225507,0.0,0.0,0.0,0.0,0.0,39.75970425138632,0.0,0.8317929759704252,1.3308687615526802,2.6617375231053604,3.4935304990757854,8.317929759704251,4.32532347504621,0.16635859519408502,0.16635859519408502,0.49907578558225507,0.16635859519408502,1.497227356746765,0.0,0.0,0.0,30.340336134453782,0.0,52.0,100.0,6.48462962962963
england,Premier League,2025,Randal Kolo Muani,27.0,F,France,187.0,73.0,30,21,1670.0,1.0,1.0,0.0,0.0,0,0,3,0.0,0,0.16167664670658682,0.8083832335329341,0.2155688622754491,0.05389221556886228,0.05389221556886228,0.10778443113772455,0.05389221556886228,17.676646706586826,1.0778443113772456,1.562874251497006,0.05389221556886228,0.16167664670658682,1.7245508982035929,15.305389221556887,5.712574850299401,3.5568862275449105,1.5089820359281436,0.7005988023952096,0.9161676646706587,2.2095808383233533,0.16167664670658682,0.0,0.0,10.274390243902438,26.666666666666668,37.32394366197183,42.42424242424242,6.491317365269461
england,Premier League,2025,Rayan,19.0,M,Brazil,187.0,81.0,15,13,1119.0,5.0,2.0,0.0,1.0,0,0,1,0.0,0,0.08042895442359249,1.3672922252010724,0.6434316353887399,0.40214477211796246,0.16085790884718498,0.5630026809651475,0.40214477211796246,25.576407506702417,1.126005361930295,0.8847184986595175,0.0,0.6434316353887399,1.5281501340482573,10.857908847184987,4.423592493297587,2.734584450402145,1.0455764075067024,0.7238605898123325,0.48257372654155495,0.7238605898123325,0.08042895442359249,0.0,0.0,18.641509433962263,47.05882352941176,40.74074074074074,38.23529411764706,6.960321715817694
england,Premier League,2025,Rayan Aït-Nouri,24.0,D,Algeria,180.0,70.0,17,12,976.0,0.0,2.0,0.0,0.0,0,0,2,0.0,0,0.0,0.7377049180327869,0.18442622950819673,0.0,0.18442622950819673,0.18442622950819673,0.0,54.221311475409834,1.1065573770491803,3.135245901639344,0.09221311475409837,1.1987704918032787,4.334016393442623,13.186475409836067,7.377049180327869,3.872950819672131,2.028688524590164,0.5532786885245902,0.9221311475409836,1.567622950819672,0.18442622950819673,0.0,0.0,45.65816326530612,25.0,55.94405594405595,52.38095238095239,6.992710472279261
england,Premier League,2025,Rayan Cherki,22.0,M,France,180.0,71.0,33,19,1794.0,4.0,12.0,0.0,0.0,0,0,1,0.0,0,0.05016722408026756,1.605351170568562,0.6521739130434783,0.20066889632107024,0.6020066889632107,0.802675585284281,0.20066889632107024,63.913043478260875,3.060200668896321,1.3043478260869565,0.05016722408026756,0.3511705685618729,1.6555183946488297,12.14046822742475,5.568561872909699,5.2675585284280935,2.508361204013378,0.9531772575250836,1.705685618729097,0.8528428093645485,0.05016722408026756,0.0,0.0,46.141287284144425,40.625,45.867768595041326,47.61904761904761,7.3186176142697885
england,Premier League,2025,Raúl Jiménez,34.0,F,Mexico,190.0,76.0,36,27,2207.0,9.0,3.0,2.0,0.0,4,0,5,0.0,0,0.7748074309016764,2.1613049388309924,0.7748074309016764,0.36701404621658357,0.12233801540552787,0.4893520616221115,0.20389669234254643,21.12369732668781,1.0194834617127322,1.3864975079293158,0.12233801540552787,0.32623470774807434,1.71273221567739,15.863162664250115,6.647032170367013,1.1418214771182602,0.44857272315360214,0.7748074309016764,1.3864975079293158,1.8758495695514275,0.20389669234254643,0.0,0.0,12.411992263056092,35.84905660377358,41.90231362467866,39.285714285714285,6.698232895333032
england,Premier League,2025,Reece James,26.0,D,England,182.0,82.0,29,20,1961.0,2.0,4.0,0.0,0.0,0,0,4,0.0,0,0.04589495155532892,0.5966343702192759,0.3212646608873024,0.09178990311065784,0.18357980622131567,0.27536970933197347,0.09178990311065784,60.76491585925548,1.2391636919938807,2.2029576746557877,0.27536970933197347,1.5145334013258542,3.7174910759816417,8.674145843957165,5.140234574196838,1.009688934217236,0.504844467108618,0.45894951555328917,1.009688934217236,1.2391636919938807,0.18357980622131567,0.0,0.0,49.846676737160124,53.84615384615385,59.25925925925925,50.0,7.338908720040796
england,Premier League,2025,Reece Welch,22.0,D,England,,,0,0,0.0,0.0,0.0,0.0,0.0,0,0,0,0.0,0,,,,,,,,,,,,,,,,,,,,,,,,,,,,
england,Premier League,2025,Reigan Heskey,17.0,F,England,,,0,0,0.0,0.0,0.0,0.0,0.0,0,0,0,0.0,0,,,,,,,,,,,,,,,,,,,,,,,,,,,,
england,Premier League,2025,Reinildo Mandava,31.0,D,Mozambique,183.0,73.0,25,23,1969.0,0.0,1.0,1.0,1.0,0,0,7,0.0,1,0.0457084814626714,0.0914169629253428,0.0,0.0,0.0457084814626714,0.0457084814626714,0.0,37.20670391061453,0.27425088877602843,1.7826307770441847,0.6399187404773997,1.4169629253428138,3.199593702386998,10.055865921787708,5.53072625698324,1.234128999492128,0.6856272219400711,0.7313357034027425,1.599796851193499,1.462671406805485,0.31995937023869986,0.0,0.0457084814626714,33.47911547911548,0.0,55.00000000000001,55.55555555555556,6.754878048780488
england,Premier League,2025,Reiss Nelson,26.0,F,England,175.0,71.0,10,0,152.0,0.0,1.0,0.0,0.0,0,0,0,0.0,0,0.0,2.9605263157894735,0.5921052631578947,0.0,0.5921052631578947,0.5921052631578947,0.0,43.81578947368421,1.1842105263157894,2.3684210526315788,0.5921052631578947,0.0,2.3684210526315788,14.210526315789473,6.5131578947368425,7.105263157894736,2.9605263157894735,1.1842105263157894,1.1842105263157894,0.0,0.0,0.0,0.0,13.972222222222221,20.0,45.83333333333333,41.66666666666667,6.552631578947368
england,Premier League,2025,Remi Matthews,31.0,G,England,184.0,78.0,0,0,0.0,0.0,0.0,0.0,0.0,0,0,0,0.0,0,,,,,,,,,,,,,,,,,,,,,,,,,,,,
england,Premier League,2025,Remy Rees-Dottin,19.0,F,England,174.0,76.0,0,0,0.0,0.0,0.0,0.0,0.0,0,0,0,0.0,0,,,,,,,,,,,,,,,,,,,,,,,,,,,,
england,Premier League,2025,Rhys Chadwick-Chaplin,18.0,M,,,,0,0,0.0,0.0,0.0,0.0,0.0,0,0,0,0.0,0,,,,,,,,,,,,,,,,,,,,,,,,,,,,
england,Premier League,2025,Riccardo Calafiori,23.0,D,Italy,188.0,86.0,26,22,1707.0,1.0,2.0,0.0,0.0,0,0,5,0.0,0,0.210896309314587,1.1599297012302285,0.421792618629174,0.05272407732864675,0.1054481546572935,0.15817223198594024,0.05272407732864675,39.85940246045694,0.47451669595782076,1.687170474516696,0.26362038664323373,0.7908611599297013,2.4780316344463973,9.701230228471001,5.483304042179261,1.265377855887522,0.843585237258348,0.421792618629174,0.5272407732864675,1.3708260105448153,0.26362038664323373,0.0,0.0,30.674603174603174,36.36363636363637,56.52173913043478,66.66666666666666,6.9478898007034
england,Premier League,2025,Richarlison,28.0,F,Brazil,184.0,83.0,32,20,1957.0,11.0,4.0,0.0,0.0,0,0,5,0.0,0,0.45988758303525806,2.1614716402657126,1.195707715891671,0.5058763413387838,0.18395503321410323,0.6898313745528871,0.5058763413387838,14.670413898824732,0.9197751660705161,1.2416964741951968,0.13796627491057742,0.22994379151762903,1.4716402657128258,14.992335206949413,6.346448645886562,1.4256515074093,0.5518650996423097,0.5518650996423097,1.5176290240163517,1.0577414409810935,0.22994379151762903,0.0,0.0,8.958860759493671,55.319148936170215,42.331288343558285,38.70967741935484,6.950587634133878
england,Premier League,2025,Rico Henry,28.0,D,England,170.0,67.0,25,14,1334.0,0.0,1.0,0.0,1.0,0,0,2,0.0,0,0.13493253373313344,0.2698650674662669,0.0,0.0,0.06746626686656672,0.06746626686656672,0.0,32.451274362818594,0.2698650674662669,1.0119940029985008,0.3373313343328336,0.5397301349325337,1.5517241379310345,9.04047976011994,4.452773613193403,2.0239880059970017,1.0119940029985008,0.5397301349325337,1.1469265367316341,1.0119940029985008,0.13493253373313344,0.0,0.0,25.295218295218294,0.0,49.25373134328358,50.0,6.425206301575393
england,Premier League,2025,Rico Lewis,21.0,D,England,170.0,64.0,11,4,423.0,0.0,1.0,0.0,0.0,0,0,2,0.0,0,0.0,0.425531914893617,0.0,0.0,0.2127659574468085,0.2127659574468085,0.0,60.638297872340424,1.4893617021276595,1.2765957446808511,0.2127659574468085,1.4893617021276595,2.7659574468085104,8.085106382978724,3.829787234042553,0.851063829787234,0.425531914893617,0.851063829787234,1.9148936170212765,1.0638297872340425,0.425531914893617,0.0,0.0,37.41901408450704,0.0,47.368421052631575,50.0,6.537440758293839
england,Premier League,2025,Riley Owen,20.0,M,England,,,0,0,0.0,0.0,0.0,0.0,0.0,0,0,0,0.0,0,,,,,,,,,,,,,,,,,,,,,,,,,,,,
england,Premier League,2025,Rio Cardines,19.0,M,England,175.0,,1,1,90.0,0.0,0.0,0.0,0.0,0,0,0,0.0,0,0.0,1.0,0.0,0.0,0.0,0.0,0.0,33.0,2.0,1.0,0.0,0.0,1.0,10.0,4.0,4.0,2.0,3.0,1.0,0.0,0.0,0.0,0.0,25.0,0.0,40.0,50.0,6.9
england,Premier League,2025,Rio Kyerematen,20.0,M,England,174.0,68.0,0,0,0.0,0.0,0.0,0.0,0.0,0,0,0,0.0,0,,,,,,,,,,,,,,,,,,,,,,,,,,,,
england,Premier League,2025,Rio Ngumoha,17.0,F,England,170.0,75.0,19,5,582.0,2.0,1.0,0.0,0.0,0,0,0,0.0,0,0.0,1.8556701030927836,0.9278350515463918,0.30927835051546393,0.15463917525773196,0.4639175257731959,0.30927835051546393,29.690721649484537,2.4742268041237114,0.6185567010309279,0.15463917525773196,0.4639175257731959,1.0824742268041239,12.835051546391751,6.958762886597938,6.494845360824741,4.484536082474227,0.6185567010309279,1.8556701030927836,0.6185567010309279,0.0,0.0,0.0,14.401041666666666,50.0,54.21686746987952,69.04761904761905,7.134536082474227
england,Premier League,2025,Robert Sánchez,28.0,G,Spain,197.0,90.0,35,35,3041.0,0.0,1.0,0.0,0.0,0,0,3,0.0,1,0.0,0.0,0.0,0.0,0.029595527786912202,0.029595527786912202,0.0,38.62216376192042,0.147977638934561,0.059191055573824404,0.0,0.029595527786912202,0.0887865833607366,0.8582703058204537,0.7694837224597172,0.0,0.0,0.0,0.41433738901677075,0.059191055573824404,0.0887865833607366,0.0,0.029595527786912202,27.13891020721412,,89.65517241379311,,7.029332456428807
england,Premier League,2025,Robin Roefs,22.0,G,Netherlands,193.0,72.0,35,35,3150.0,0.0,0.0,0.0,0.0,0,0,4,0.0,0,0.0,0.0,0.0,0.0,0.0,0.0,0.0,37.74285714285715,0.14285714285714285,0.0,0.0,0.0,0.0,1.0571428571428572,1.0,0.02857142857142857,0.02857142857142857,0.05714285714285714,0.4,0.0,0.11428571428571428,0.0,0.0,25.37547312641938,,94.5945945945946,100.0,6.962857142857143
england,Premier League,2025,Rodri,29.0,M,Spain,190.0,82.0,21,17,1513.0,1.0,0.0,0.0,0.0,0,0,3,0.0,0,0.0,0.5948446794448117,0.1784534038334435,0.05948446794448116,0.0,0.05948446794448116,0.05948446794448116,96.0079312623926,1.5465961665565104,2.4983476536682088,0.1784534038334435,0.8327825512227364,3.3311302048909455,10.588235294117647,7.078651685393258,0.8922670191672174,0.4163912756113682,0.8922670191672174,1.844018506278916,0.8327825512227364,0.1784534038334435,0.0,0.0,84.64188351920694,30.0,66.85393258426966,46.666666666666664,7.5531084656084655
england,Premier League,2025,Rodrigo Bentancur,28.0,M,Uruguay,187.0,72.0,26,23,1892.0,1.0,1.0,0.0,1.0,0,0,7,0.0,0,0.04756871035940804,0.4281183932346723,0.1427061310782241,0.04756871035940804,0.04756871035940804,0.09513742071881608,0.04756871035940804,48.377378435517976,0.47568710359408034,2.66384778012685,0.33298097251585623,1.617336152219873,4.281183932346723,9.894291754756871,5.375264270613108,1.4746300211416492,0.9038054968287526,0.5232558139534884,0.3805496828752643,0.9038054968287526,0.33298097251585623,0.0,0.0,39.13962635201573,33.33333333333333,54.32692307692307,61.29032258064516,6.760782241014799
england,Premier League,2025,Rodrigo Gomes,22.0,D,Portugal,175.0,67.0,22,9,978.0,3.0,0.0,0.0,0.0,0,0,0,0.0,0,0.27607361963190186,1.6564417177914113,0.5521472392638037,0.27607361963190186,0.0,0.27607361963190186,0.27607361963190186,24.202453987730063,0.3680981595092025,2.1165644171779143,0.18404907975460125,0.8282208588957056,2.94478527607362,9.570552147239264,4.141104294478527,2.392638036809816,0.736196319018405,0.9202453987730062,0.736196319018405,0.5521472392638037,0.0,0.0,0.0,14.125954198473282,33.33333333333333,43.269230769230774,30.76923076923077,6.613803680981595
england,Premier League,2025,Rodrigo Muniz,24.0,F,Brazil,178.0,67.0,21,10,997.0,1.0,1.0,0.0,0.0,0,0,2,0.0,0,0.45135406218655966,1.8956870611835508,0.45135406218655966,0.09027081243731194,0.09027081243731194,0.18054162487462388,0.09027081243731194,12.006018054162487,0.7221664994984955,0.7221664994984955,0.27081243731193577,0.18054162487462388,0.9027081243731193,19.859578736208626,9.749247743229688,1.083249749247743,0.45135406218655966,0.45135406218655966,1.624874623871615,1.8956870611835508,0.18054162487462388,0.0,0.0,3.796875,23.809523809523807,49.09090909090909,41.66666666666667,6.495687061183551
england,Premier League,2025,Romain Esse,20.0,M,England,175.0,67.0,4,0,55.0,0.0,0.0,0.0,0.0,0,0,0,0.0,0,0.0,0.0,0.0,0.0,0.0,0.0,0.0,32.72727272727273,0.0,3.2727272727272725,0.0,0.0,3.2727272727272725,24.545454545454543,9.818181818181818,3.2727272727272725,1.6363636363636362,1.6363636363636362,3.2727272727272725,3.2727272727272725,0.0,0.0,0.0,4.368421052631579,,40.0,50.0,6.6854545454545455
england,Premier League,2025,Romain Faivre,27.0,M,France,180.0,75.0,0,0,0.0,0.0,0.0,0.0,0.0,0,0,0,0.0,0,,,,,,,,,,,,,,,,,,,,,,,,,,,,
england,Premier League,2025,Romaine Mundle,22.0,F,England,180.0,61.0,14,2,412.0,0.0,0.0,0.0,0.0,0,0,1,0.0,0,0.0,1.0922330097087378,0.4368932038834951,0.0,0.0,0.0,0.0,22.718446601941746,0.21844660194174756,1.0922330097087378,0.0,0.21844660194174756,1.3106796116504855,13.762135922330096,5.242718446601942,3.2766990291262132,1.529126213592233,1.529126213592233,1.7475728155339805,1.529126213592233,0.21844660194174756,0.0,0.0,11.740384615384615,40.0,38.095238095238095,46.666666666666664,6.465776699029126
england,Premier League,2025,Romelle Donovan,19.0,M,England,,,4,0,38.0,0.0,0.0,0.0,0.0,0,0,0,0.0,0,0.0,2.3684210526315788,2.3684210526315788,0.0,0.0,0.0,0.0,37.89473684210526,2.3684210526315788,0.0,0.0,0.0,0.0,35.526315789473685,18.94736842105263,14.210526315789473,11.842105263157894,2.3684210526315788,7.105263157894736,4.7368421052631575,0.0,0.0,0.0,2.375,100.0,53.333333333333336,83.33333333333334,6.743243243243243
england,Premier League,2025,Roméo Lavia,21.0,M,Belgium,181.0,76.0,12,4,377.0,0.0,0.0,0.0,0.0,0,0,0,0.0,0,0.0,0.47745358090185674,0.0,0.0,0.0,0.0,0.0,67.79840848806366,0.23872679045092837,1.909814323607427,0.0,1.193633952254642,3.103448275862069,9.071618037135279,5.251989389920425,1.193633952254642,0.7161803713527851,0.0,1.909814323607427,1.909814323607427,0.0,0.0,0.0,31.85211267605634,0.0,57.89473684210527,60.0,6.808533333333333
england,Premier League,2025,Ronnie Hollingshead,21.0,G,,,,0,0,0.0,0.0,0.0,0.0,0.0,0,0,0,0.0,0,,,,,,,,,,,,,,,,,,,,,,,,,,,,
england,Premier League,2025,Ross Barkley,32.0,M,England,189.0,76.0,21,7,865.0,3.0,1.0,0.0,0.0,0,0,1,0.0,0,0.0,1.4566473988439306,0.8323699421965318,0.31213872832369943,0.10404624277456648,0.4161849710982659,0.31213872832369943,42.03468208092485,1.0404624277456647,1.4566473988439306,0.31213872832369943,0.20809248554913296,1.6647398843930636,10.61271676300578,4.994219653179191,1.976878612716763,1.2485549132947977,0.7283236994219653,0.8323699421965318,0.9364161849710982,0.10404624277456648,0.0,0.0,26.274752475247524,57.14285714285714,47.05882352941176,63.1578947368421,6.845086705202312
england,Premier League,2025,Ryan Christie,30.0,M,Scotland,178.0,70.0,26,9,986.0,2.0,0.0,0.0,1.0,0,0,3,0.0,1,0.09127789046653144,1.3691683569979716,0.7302231237322515,0.18255578093306288,0.0,0.18255578093306288,0.18255578093306288,49.9290060851927,1.0040567951318458,2.464503042596349,0.36511156186612576,1.0953346855983772,3.559837728194726,14.60446247464503,7.302231237322515,3.559837728194726,1.7342799188640974,1.2778904665314401,2.0081135902636915,1.5517241379310345,0.2738336713995943,0.0,0.09127789046653144,21.50091407678245,53.333333333333336,50.0,48.717948717948715,6.811764705882354
england,Premier League,2025,Ryan Gravenberch,23.0,M,Netherlands,190.0,83.0,36,34,2996.0,5.0,3.0,0.0,0.0,0,0,5,0.0,0,0.0,0.7510013351134845,0.39052069425901204,0.15020026702269693,0.09012016021361817,0.24032042723631508,0.15020026702269693,55.87449933244326,0.8711615487316422,1.7723631508678237,0.3604806408544727,1.4118825100133512,3.184245660881175,8.501335113484645,4.7763684913217626,1.622162883845127,0.9312416555407209,0.5106809078771696,1.2616822429906542,1.1415220293724966,0.15020026702269693,0.0,0.0,52.2,52.0,56.18374558303887,57.407407407407405,7.101001335113484
england,Premier League,2025,Ryan Kavuma-McQueen,16.0,F,,,,0,0,0.0,0.0,0.0,0.0,0.0,0,0,0,0.0,0,,,,,,,,,,,,,,,,,,,,,,,,,,,,
england,Premier League,2025,Ryan McAidoo,17.0,F,England,,,0,0,0.0,0.0,0.0,0.0,0.0,0,0,0,0.0,0,,,,,,,,,,,,,,,,,,,,,,,,,,,,
england,Premier League,2025,Ryan Sessegnon,25.0,D,England,178.0,70.0,27,20,1822.0,3.0,1.0,0.0,2.0,0,0,0,0.0,0,0.19758507135016465,0.4939626783754117,0.19758507135016465,0.14818880351262348,0.04939626783754116,0.19758507135016465,0.14818880351262348,33.54006586169045,0.6915477497255763,2.3710208562019757,0.3951701427003293,1.234906695938529,3.6059275521405048,8.94072447859495,3.902305159165752,1.234906695938529,0.44456641053787044,0.5927552140504939,0.14818880351262348,1.6300768386388584,0.0,0.0,0.0,24.96759941089838,40.0,43.646408839779006,36.0,6.568423942888523
england,Premier League,2025,Ryan Yates,28.0,M,England,190.0,87.0,22,2,629.0,0.0,2.0,0.0,0.0,0,0,3,0.0,0,0.0,0.7154213036565977,0.2861685214626391,0.0,0.2861685214626391,0.2861685214626391,0.0,37.20190779014308,0.7154213036565977,2.289348171701113,0.4292527821939586,1.287758346581876,3.577106518282989,12.019077901430842,7.154213036565978,0.2861685214626391,0.14308426073131955,0.7154213036565977,1.8600953895071541,1.8600953895071541,0.4292527821939586,0.0,0.0,16.93822393822394,40.0,59.523809523809526,50.0,6.697929936305733
england,Premier League,2025,Rúben Dias,28.0,D,Portugal,187.0,76.0,26,24,2149.0,2.0,0.0,0.0,0.0,0,0,3,0.0,0,0.0,0.2931596091205212,0.16751977664029782,0.08375988832014891,0.0,0.08375988832014891,0.08375988832014891,73.37366216845044,0.2931596091205212,0.5444392740809679,0.7119590507212658,0.9632387156817124,1.5076779897626802,5.695672405770126,3.434155421126105,0.25127966496044674,0.12563983248022337,0.08375988832014891,0.37691949744067005,0.6281991624011168,0.12563983248022337,0.0,0.0,72.1027397260274,57.14285714285714,60.29411764705882,50.0,7.234899953466728
england,Premier League,2025,Saheed Olagunju,18.0,D,England,,,0,0,0.0,0.0,0.0,0.0,0.0,0,0,0,0.0,0,,,,,,,,,,,,,,,,,,,,,,,,,,,,
england,Premier League,2025,Sam Byram,32.0,D,England,180.0,72.0,2,0,18.0,0.0,0.0,0.0,0.0,0,0,0,0.0,0,5.0,0.0,0.0,0.0,0.0,0.0,0.0,30.0,0.0,5.0,0.0,0.0,5.0,10.0,5.0,0.0,0.0,0.0,0.0,5.0,0.0,0.0,0.0,1.8333333333333333,,50.0,,6.466666666666667
england,Premier League,2025,Sam Chambers,18.0,M,Scotland,176.0,68.0,0,0,0.0,0.0,0.0,0.0,0.0,0,0,0,0.0,0,,,,,,,,,,,,,,,,,,,,,,,,,,,,
england,Premier League,2025,Sam Johnstone,32.0,G,England,193.0,85.0,12,12,1080.0,0.0,0.0,0.0,0.0,0,0,0,0.0,0,0.0,0.0,0.0,0.0,0.0,0.0,0.0,36.5,0.0,0.16666666666666669,0.0,0.0,0.16666666666666669,0.5,0.41666666666666663,0.0,0.0,0.0,0.0,0.0,0.0,0.0,0.0,20.52054794520548,,83.33333333333334,,6.925
england,Premier League,2025,Sam Proctor,19.0,G,England,,,0,0,0.0,0.0,0.0,0.0,0.0,0,0,0,0.0,0,,,,,,,,,,,,,,,,,,,,,,,,,,,,
england,Premier League,2025,Samuel Amissah,18.0,D,England,184.0,73.0,0,0,0.0,0.0,0.0,0.0,0.0,0,0,0,0.0,0,,,,,,,,,,,,,,,,,,,,,,,,,,,,
england,Premier League,2025,Samuel Chukwueze,26.0,F,Nigeria,172.0,70.0,23,10,1075.0,3.0,4.0,0.0,0.0,0,0,0,0.0,0,0.25116279069767444,1.4232558139534883,0.586046511627907,0.25116279069767444,0.33488372093023255,0.586046511627907,0.25116279069767444,34.49302325581395,2.0093023255813955,0.5023255813953489,0.08372093023255814,0.5023255813953489,1.0046511627906978,8.372093023255815,3.6,3.265116279069767,1.5069767441860467,0.5023255813953489,1.0046511627906978,0.41860465116279066,0.0,0.0,0.0,16.99271844660194,41.17647058823529,43.0,46.15384615384615,6.844093023255813
england,Premier League,2025,Samuel Iling Junior,22.0,F,England,182.0,74.0,0,0,0.0,0.0,0.0,0.0,0.0,0,0,0,0.0,0,,,,,,,,,,,,,,,,,,,,,,,,,,,,
england,Premier League,2025,Sander Berge,27.0,M,Norway,195.0,96.0,35,34,2911.0,0.0,1.0,0.0,1.0,0,0,5,0.0,0,0.03091721058055651,0.24733768464445208,0.09275163174166952,0.0,0.03091721058055651,0.03091721058055651,0.0,53.3940226726211,0.6492614221916867,1.7931982136722775,0.49467536928890415,0.7729302645139128,2.56612847818619,7.420130539333563,4.081071796633459,0.6801786327722432,0.3091721058055651,0.3400893163861216,0.43284094812779117,1.0821023703194779,0.15458605290278254,0.0,0.0,48.9988419224088,37.5,55.00000000000001,45.45454545454545,6.906286499484714
england,Premier League,2025,Sandro Tonali,25.0,M,Italy,181.0,79.0,35,31,2543.0,0.0,2.0,0.0,0.0,0,0,4,0.0,0,0.03539127015336217,0.6724341329138812,0.2831301612268974,0.0,0.07078254030672435,0.07078254030672435,0.0,55.281163979551714,1.1325206449075895,1.238694455367676,0.24773889107353522,1.0617381046008652,2.300432559968541,6.865906409752261,3.786865906409752,1.0971293747542272,0.6724341329138812,0.7786079433739678,1.486433346441211,0.8493904836806921,0.1415650806134487,0.0,0.0,47.41933418693982,42.10526315789473,55.154639175257735,61.29032258064516,6.982447855175129
england,Premier League,2025,Santiago Bueno,27.0,D,Uruguay,190.0,76.0,29,28,2553.0,3.0,1.0,1.0,0.0,0,0,4,0.0,0,0.07050528789659224,0.282021151586369,0.24676850763807287,0.10575793184488837,0.03525264394829612,0.1410105757931845,0.10575793184488837,38.108108108108105,0.35252643948296125,1.762632197414806,0.7403055229142186,0.9518213866039954,2.7144535840188015,7.08578143360752,3.8425381903642775,0.07050528789659224,0.0,0.38777908343125733,0.38777908343125733,1.0575793184488838,0.1410105757931845,0.0,0.0,37.819611470860316,87.5,54.22885572139303,0.0,6.73376419898159
england,Premier League,2025,Savinho,21.0,F,Brazil,179.0,66.0,24,7,846.0,1.0,1.0,1.0,0.0,0,0,2,0.0,0,0.425531914893617,1.8085106382978724,1.1702127659574468,0.10638297872340426,0.10638297872340426,0.2127659574468085,0.10638297872340426,39.68085106382979,0.9574468085106382,0.9574468085106382,0.0,0.5319148936170213,1.4893617021276595,10.74468085106383,4.361702127659575,5.638297872340425,1.8085106382978724,0.2127659574468085,1.595744680851064,0.9574468085106382,0.2127659574468085,0.0,0.0,24.005361930294907,64.70588235294117,40.5940594059406,32.075471698113205,6.83810650887574
england,Premier League,2025,Saša Kalajdžić,28.0,F,Austria,200.0,90.0,1,0,14.0,0.0,0.0,0.0,0.0,0,0,0,0.0,0,0.0,0.0,0.0,0.0,0.0,0.0,0.0,32.142857142857146,0.0,0.0,0.0,6.428571428571428,6.428571428571428,32.142857142857146,12.857142857142856,6.428571428571428,0.0,0.0,0.0,0.0,0.0,0.0,0.0,4.0,,40.0,0.0,6.2
england,Premier League,2025,Saša Lukić,29.0,M,Serbia,183.0,76.0,26,20,1734.0,1.0,2.0,0.0,0.0,0,0,9,0.0,0,0.10380622837370243,0.6747404844290658,0.31141868512110726,0.051903114186851215,0.10380622837370243,0.15570934256055363,0.051903114186851215,37.88927335640138,1.4532871972318337,2.5432525951557095,0.4671280276816609,0.9342560553633218,3.477508650519031,11.003460207612456,5.346020761245675,0.5709342560553633,0.31141868512110726,0.5190311418685122,1.2975778546712802,2.750865051903114,0.4671280276816609,0.0,0.0,31.317808219178083,46.15384615384615,48.58490566037736,54.54545454545454,6.612745098039215
england,Premier League,2025,Sean Longstaff,28.0,M,England,180.0,65.0,23,10,1046.0,2.0,2.0,0.0,0.0,0,0,2,0.0,0,0.08604206500956023,1.118546845124283,0.3441682600382409,0.17208413001912046,0.17208413001912046,0.3441682600382409,0.17208413001912046,38.54684512428299,2.1510516252390057,3.269598470363289,0.5162523900573613,1.0325047801147227,4.3021032504780115,11.18546845124283,5.764818355640536,0.6022944550669217,0.17208413001912046,1.892925430210325,1.462715105162524,1.118546845124283,0.17208413001912046,0.0,0.0,30.772321428571427,30.76923076923077,51.53846153846153,28.57142857142857,7.0392138063279
england,Premier League,2025,Sean Neave,18.0,F,England,,,1,0,13.0,0.0,0.0,0.0,0.0,0,0,0,0.0,0,0.0,0.0,0.0,0.0,0.0,0.0,0.0,0.0,0.0,0.0,0.0,0.0,0.0,13.846153846153847,0.0,0.0,0.0,0.0,0.0,0.0,0.0,0.0,0.0,,,0.0,,6.5
england,Premier League,2025,Sebastiaan Bornauw,26.0,D,Belgium,191.0,81.0,12,5,439.0,0.0,0.0,0.0,0.0,0,0,1,0.0,0,0.20501138952164008,0.20501138952164008,0.0,0.0,0.0,0.0,0.0,29.931662870159453,0.0,1.6400911161731206,1.2300683371298406,1.0250569476082005,2.6651480637813214,9.840546697038725,4.100227790432802,0.41002277904328016,0.20501138952164008,0.6150341685649203,0.0,1.4350797266514808,0.20501138952164008,0.0,0.0,22.58219178082192,0.0,41.66666666666667,50.0,6.749769585253456
england,Premier League,2025,Senne Lammens,23.0,G,Belgium,193.0,70.0,32,32,2880.0,0.0,0.0,0.0,0.0,0,0,0,0.0,0,0.0,0.0,0.0,0.0,0.0,0.0,0.0,29.40625,0.0,0.03125,0.0,0.0,0.03125,0.375,0.34375,0.0,0.0,0.03125,0.125,0.0,0.0,0.0,0.0,17.79383634431456,,91.66666666666666,,7.0125
england,Premier League,2025,Sepp van den Berg,24.0,D,Netherlands,189.0,74.0,32,30,2761.0,0.0,2.0,0.0,0.0,0,0,2,0.0,0,0.0,0.6519377037305324,0.22817819630568634,0.0,0.06519377037305324,0.06519377037305324,0.0,46.35277073524085,0.22817819630568634,0.7497283592901123,0.7497283592901123,0.9453096704092719,1.6950380296993843,8.833755885548713,5.704454907642159,0.03259688518652662,0.03259688518652662,0.22817819630568634,0.35856573705179284,0.4889532777978993,0.06519377037305324,0.0,0.0,43.774964838255976,35.0,64.57564575645756,100.0,6.796776530242666
england,Premier League,2025,Seth Ridgeon,17.0,M,,,,0,0,0.0,0.0,0.0,0.0,0.0,0,0,0,0.0,0,,,,,,,,,,,,,,,,,,,,,,,,,,,,
england,Premier League,2025,Shea Lacey,18.0,F,,,,3,0,51.0,0.0,0.0,0.0,0.0,0,0,0,0.0,0,0.0,7.0588235294117645,1.7647058823529411,0.0,0.0,0.0,0.0,19.411764705882355,0.0,1.7647058823529411,0.0,0.0,1.7647058823529411,14.117647058823529,7.0588235294117645,3.5294117647058822,1.7647058823529411,0.0,3.5294117647058822,3.5294117647058822,0.0,0.0,0.0,5.181818181818182,25.0,50.0,50.0,6.645098039215686
england,Premier League,2025,Shumaira Mheuka,18.0,F,England,182.0,75.0,1,0,9.0,0.0,0.0,0.0,0.0,0,0,0,0.0,0,0.0,0.0,0.0,0.0,0.0,0.0,0.0,20.0,0.0,0.0,0.0,0.0,0.0,20.0,0.0,0.0,0.0,10.0,0.0,0.0,0.0,0.0,0.0,1.0,,0.0,,6.5
england,Premier League,2025,Simon Adingra,23.0,F,Côte d'Ivoire,175.0,68.0,14,9,665.0,1.0,0.0,0.0,0.0,0,0,2,0.0,0,0.5413533834586467,0.5413533834586467,0.27067669172932335,0.13533834586466167,0.0,0.13533834586466167,0.13533834586466167,21.789473684210527,0.9473684210526315,1.488721804511278,0.0,0.27067669172932335,1.7593984962406015,13.26315789473684,4.060150375939849,3.518796992481203,0.9473684210526315,1.218045112781955,0.406015037593985,2.300751879699248,0.27067669172932335,0.0,0.0,12.51875,50.0,30.612244897959183,26.923076923076923,6.544277108433734
england,Premier League,2025,Simon Moore,35.0,G,England,191.0,83.0,0,0,0.0,0.0,0.0,0.0,0.0,0,0,0,0.0,0,,,,,,,,,,,,,,,,,,,,,,,,,,,,
england,Premier League,2025,Solly March,31.0,M,England,180.0,88.0,4,0,60.0,0.0,0.0,0.0,0.0,0,0,0,0.0,0,0.0,1.5,1.5,0.0,0.0,0.0,0.0,18.0,0.0,3.0,0.0,0.0,3.0,10.5,4.5,0.0,0.0,1.5,1.5,0.0,0.0,0.0,0.0,7.363636363636363,100.0,42.857142857142854,,6.691666666666666
england,Premier League,2025,Soungoutou Magassa,22.0,M,France,188.0,80.0,22,11,998.0,1.0,0.0,0.0,1.0,0,0,4,0.0,0,0.0,0.45090180360721444,0.18036072144288576,0.09018036072144288,0.0,0.09018036072144288,0.09018036072144288,36.52304609218437,0.45090180360721444,3.6072144288577155,0.3607214428857715,1.533066132264529,5.140280561122244,11.63326653306613,6.583166332665331,0.721442885771543,0.45090180360721444,1.3527054108216432,1.533066132264529,1.533066132264529,0.3607214428857715,0.0,0.0,21.444168734491313,40.0,56.58914728682171,62.5,6.792184368737475
england,Premier League,2025,Souza,19.0,D,Brazil,178.0,67.0,4,2,144.0,0.0,0.0,0.0,0.0,0,0,1,0.0,0,0.0,0.625,0.625,0.0,0.0,0.0,0.0,16.875,1.875,0.0,0.0,1.25,1.25,7.5,1.25,1.25,0.0,1.875,1.25,1.875,0.625,0.0,0.0,7.407407407407407,100.0,16.666666666666664,0.0,6.273611111111112
england,Premier League,2025,Stefan Ortega,33.0,G,Germany,185.0,88.0,3,3,270.0,0.0,0.0,0.0,0.0,0,0,0,0.0,0,0.0,0.0,0.0,0.0,0.0,0.0,0.0,22.666666666666664,0.0,0.0,0.0,0.0,0.0,0.33333333333333337,0.33333333333333337,0.0,0.0,0.0,0.0,0.0,0.0,0.0,0.0,16.147058823529413,,100.0,,7.033333333333333
england,Premier League,2025,Stefanos Tzimas,19.0,F,Greece,186.0,77.0,9,1,164.0,1.0,1.0,0.0,0.0,0,0,0,0.0,0,0.5487804878048781,1.646341463414634,0.5487804878048781,0.5487804878048781,0.5487804878048781,1.0975609756097562,0.5487804878048781,13.170731707317072,3.292682926829268,1.646341463414634,0.5487804878048781,0.0,1.646341463414634,12.621951219512196,2.74390243902439,1.0975609756097562,0.5487804878048781,1.0975609756097562,0.5487804878048781,2.1951219512195124,0.0,0.0,0.0,2.857142857142857,33.33333333333333,21.73913043478261,50.0,6.585975609756097
england,Premier League,2025,Stephen Mfuni,17.0,D,England,,,0,0,0.0,0.0,0.0,0.0,0.0,0,0,0,0.0,0,,,,,,,,,,,,,,,,,,,,,,,,,,,,
england,Premier League,2025,Sven Botman,25.0,D,Netherlands,193.0,81.0,25,21,1838.0,1.0,1.0,0.0,1.0,0,0,2,0.0,0,0.04896626768226333,0.5386289445048966,0.19586507072905332,0.04896626768226333,0.04896626768226333,0.09793253536452666,0.04896626768226333,58.26985854189336,0.39173014145810664,1.0772578890097932,1.2731229597388465,1.32208922742111,2.399347116430903,9.744287268770403,6.414581066376496,0.19586507072905332,0.19586507072905332,0.14689880304678998,0.9303590859630033,0.6365614798694232,0.09793253536452666,0.0,0.0,52.29327731092437,36.36363636363637,65.82914572864321,100.0,7.0815904139433545
england,Premier League,2025,Séamus Coleman,37.0,D,Republic of Ireland,177.0,67.0,5,1,39.0,0.0,0.0,0.0,0.0,0,0,0,0.0,0,0.0,0.0,0.0,0.0,0.0,0.0,0.0,41.53846153846154,2.3076923076923075,0.0,0.0,0.0,0.0,6.923076923076923,4.615384615384615,0.0,0.0,2.3076923076923075,2.3076923076923075,0.0,0.0,0.0,0.0,6.444444444444445,,66.66666666666666,,6.6
england,Premier League,2025,TJ Carroll,19.0,D,England,,,0,0,0.0,0.0,0.0,0.0,0.0,0,0,0,0.0,0,,,,,,,,,,,,,,,,,,,,,,,,,,,,
england,Premier League,2025,Taiwo Awoniyi,28.0,F,Nigeria,183.0,84.0,17,3,502.0,4.0,1.0,1.0,0.0,0,0,2,0.0,0,1.0756972111553784,2.50996015936255,1.4342629482071714,0.7171314741035857,0.17928286852589642,0.896414342629482,0.7171314741035857,13.446215139442232,1.0756972111553784,0.35856573705179284,0.17928286852589642,0.17928286852589642,0.5378486055776892,14.701195219123505,3.585657370517928,0.7171314741035857,0.35856573705179284,0.7171314741035857,1.254980079681275,1.792828685258964,0.35856573705179284,0.0,0.0,6.541666666666667,57.14285714285714,24.390243902439025,50.0,6.908366533864542
england,Premier League,2025,Tammy Abraham,28.0,F,England,190.0,80.0,12,2,294.0,2.0,0.0,0.0,0.0,0,0,0,0.0,0,0.0,1.8367346938775508,0.9183673469387754,0.6122448979591837,0.0,0.6122448979591837,0.6122448979591837,13.46938775510204,1.2244897959183674,1.2244897959183674,0.0,0.0,1.2244897959183674,6.428571428571428,3.0612244897959187,0.30612244897959184,0.30612244897959184,0.6122448979591837,0.0,0.6122448979591837,0.0,0.0,0.0,3.9767441860465116,50.0,47.61904761904761,100.0,6.465986394557823
england,Premier League,2025,Tawanda Chirewa,22.0,F,England,181.0,72.0,2,0,31.0,0.0,0.0,0.0,0.0,0,0,0,0.0,0,0.0,0.0,0.0,0.0,0.0,0.0,0.0,8.709677419354838,0.0,8.709677419354838,0.0,0.0,8.709677419354838,23.225806451612904,11.612903225806452,0.0,0.0,2.903225806451613,2.903225806451613,8.709677419354838,0.0,0.0,0.0,1.6666666666666667,,50.0,,6.396774193548387
england,Premier League,2025,Teddy Sharman-Lowe,22.0,G,England,189.0,73.0,0,0,0.0,0.0,0.0,0.0,0.0,0,0,0,0.0,0,,,,,,,,,,,,,,,,,,,,,,,,,,,,
england,Premier League,2025,Thierno Barry,23.0,F,France,195.0,82.0,38,21,1932.0,8.0,0.0,0.0,0.0,0,0,3,0.0,0,0.5590062111801242,1.4440993788819878,0.6521739130434783,0.3726708074534162,0.0,0.3726708074534162,0.3726708074534162,16.863354037267083,0.5590062111801242,0.2795031055900621,0.1863354037267081,0.2329192546583851,0.5124223602484472,18.58695652173913,7.080745341614907,1.3975155279503106,0.4192546583850932,0.4658385093167702,0.3726708074534162,2.18944099378882,0.13975155279503104,0.0,0.0,8.955182072829132,45.16129032258064,38.095238095238095,30.0,6.5249999999999995
england,Premier League,2025,Tijjani Reijnders,27.0,M,Netherlands,178.0,73.0,28,19,1640.0,5.0,2.0,0.0,0.0,0,0,2,0.0,0,0.21951219512195122,1.975609756097561,0.8780487804878049,0.27439024390243905,0.10975609756097561,0.38414634146341464,0.27439024390243905,43.792682926829265,0.9878048780487805,0.5487804878048781,0.054878048780487805,0.6036585365853658,1.1524390243902438,6.47560975609756,2.579268292682927,2.4146341463414633,1.0426829268292683,0.32926829268292684,0.823170731707317,1.0426829268292683,0.10975609756097561,0.0,0.0,34.61278195488722,44.44444444444444,39.83050847457627,43.18181818181818,6.921829268292682
england,Premier League,2025,Tim Iroegbunam,22.0,M,England,183.0,70.0,29,17,1505.0,0.0,2.0,1.0,0.0,0,0,9,0.0,0,0.0,0.47840531561461797,0.059800664451827246,0.0,0.11960132890365449,0.11960132890365449,0.0,29.30232558139535,0.47840531561461797,4.12624584717608,0.7176079734219268,1.3156146179401993,5.441860465116279,13.754152823920267,7.534883720930233,2.39202657807309,0.8970099667774086,0.41860465116279066,1.196013289036545,1.73421926910299,0.5382059800664452,0.0,0.0,20.753061224489795,12.5,54.78260869565217,37.5,6.855755156353959
england,Premier League,2025,Timothy Castagne,30.0,D,Belgium,185.0,80.0,30,20,1872.0,0.0,0.0,1.0,0.0,0,0,4,0.0,0,0.04807692307692308,0.4326923076923077,0.28846153846153844,0.0,0.0,0.0,0.0,38.26923076923077,0.8653846153846154,1.9230769230769231,0.4807692307692308,1.4903846153846154,3.4134615384615383,6.778846153846153,3.894230769230769,0.28846153846153844,0.14423076923076922,0.2403846153846154,0.5288461538461539,0.8653846153846154,0.19230769230769232,0.0,0.0,31.722361809045225,66.66666666666666,57.446808510638306,50.0,6.812994652406417
england,Premier League,2025,Timur Tutierov,20.0,F,Ukraine,183.0,70.0,0,0,0.0,0.0,0.0,0.0,0.0,0,0,0,0.0,0,,,,,,,,,,,,,,,,,,,,,,,,,,,,
england,Premier League,2025,Tolu Arokodare,25.0,F,Nigeria,197.0,97.0,33,13,1438.0,3.0,1.0,0.0,0.0,0,1,1,0.0,0,0.37552155771905427,2.3783031988873433,1.0013908205841446,0.18776077885952713,0.06258692628650904,0.25034770514603616,0.18776077885952713,16.773296244784422,0.6884561891515995,0.4381084840055633,0.12517385257301808,0.31293463143254524,0.7510431154381085,17.774687065368568,8.762169680111265,2.0027816411682893,1.1265646731571626,0.06258692628650904,1.0639777468706537,1.1265646731571626,0.06258692628650904,0.0,0.0,7.93916349809886,42.10526315789473,49.29577464788733,56.25,6.562630480167015
england,Premier League,2025,Tom Cairney,34.0,M,Scotland,185.0,84.0,24,6,805.0,2.0,0.0,0.0,0.0,0,0,3,0.0,0,0.0,1.1180124223602483,0.2236024844720497,0.2236024844720497,0.0,0.2236024844720497,0.2236024844720497,77.14285714285714,1.2298136645962732,0.782608695652174,0.11180124223602485,0.4472049689440994,1.2298136645962732,6.708074534161491,3.577639751552795,0.8944099378881988,0.4472049689440994,0.782608695652174,1.2298136645962732,1.1180124223602483,0.3354037267080745,0.0,0.0,47.7072463768116,20.0,53.333333333333336,50.0,6.919130434782608
england,Premier League,2025,Tom Edozie,19.0,F,England,178.0,68.0,3,0,26.0,1.0,0.0,0.0,0.0,0,0,0,0.0,0,0.0,6.923076923076923,3.4615384615384617,3.4615384615384617,0.0,3.4615384615384617,3.4615384615384617,24.23076923076923,0.0,3.4615384615384617,0.0,0.0,3.4615384615384617,20.76923076923077,10.384615384615385,10.384615384615385,6.923076923076923,0.0,0.0,0.0,0.0,0.0,0.0,2.5714285714285716,50.0,50.0,66.66666666666666,7.3
england,Premier League,2025,Tom Heaton,39.0,G,England,188.0,85.0,0,0,0.0,0.0,0.0,0.0,0.0,0,0,0,0.0,0,,,,,,,,,,,,,,,,,,,,,,,,,,,,
england,Premier League,2025,Tom King,30.0,G,Wales,194.0,80.0,0,0,0.0,0.0,0.0,0.0,0.0,0,0,0,0.0,0,,,,,,,,,,,,,,,,,,,,,,,,,,,,
england,Premier League,2025,Tom Watson,19.0,F,England,168.0,63.0,6,0,73.0,0.0,0.0,0.0,0.0,0,0,1,0.0,0,0.0,1.2328767123287672,1.2328767123287672,0.0,0.0,0.0,0.0,23.424657534246574,0.0,1.2328767123287672,0.0,0.0,1.2328767123287672,7.397260273972602,1.2328767123287672,1.2328767123287672,0.0,0.0,0.0,3.698630136986301,1.2328767123287672,0.0,0.0,5.611111111111111,100.0,16.666666666666664,0.0,6.4957142857142856
england,Premier League,2025,Tommy Setford,19.0,G,England,185.0,76.0,0,0,0.0,0.0,0.0,0.0,0.0,0,0,0,0.0,0,,,,,,,,,,,,,,,,,,,,,,,,,,,,
england,Premier League,2025,Tomáš Souček,30.0,M,Czechia,192.0,86.0,35,24,2215.0,5.0,0.0,0.0,0.0,0,0,3,0.0,1,0.20316027088036115,0.8532731376975169,0.5688487584650113,0.20316027088036115,0.0,0.20316027088036115,0.20316027088036115,36.36568848758465,0.4469525959367946,1.7878103837471784,0.6094808126410836,0.6501128668171557,2.4379232505643342,10.686230248306998,5.566591422121896,0.4469525959367946,0.16252821670428894,0.9345372460496614,0.8939051918735892,1.5033860045146725,0.1218961625282167,0.0,0.040632054176072234,27.291620111731845,66.66666666666666,52.09125475285171,36.36363636363637,6.860451467268623
england,Premier League,2025,Tosin Adarabioyo,28.0,D,England,196.0,80.0,16,8,796.0,0.0,0.0,0.0,0.0,0,0,2,0.0,0,0.11306532663316583,0.11306532663316583,0.0,0.0,0.0,0.0,0.0,85.59045226130652,0.11306532663316583,1.922110552763819,0.5653266331658292,1.0175879396984926,2.9396984924623117,9.384422110552764,6.557788944723618,0.0,0.0,0.22613065326633167,0.0,0.6783919597989949,0.22613065326633167,0.0,0.0,74.60369881109644,0.0,69.87951807228916,,7.096352201257862
england,Premier League,2025,Toti Gomes,26.0,D,Portugal,187.0,72.0,19,17,1427.0,0.0,0.0,0.0,0.0,0,0,2,0.0,1,0.0,0.25227750525578135,0.12613875262789068,0.0,0.0,0.0,0.0,51.464611072179395,0.37841625788367206,1.4505956552207429,0.7568325157673441,0.8829712683952348,2.3335669236159773,6.8745620182200415,4.288717589348283,0.7568325157673441,0.6306937631394534,0.25227750525578135,0.6937631394533987,0.6937631394533987,0.12613875262789068,0.0,0.06306937631394534,47.96078431372549,50.0,62.38532110091744,83.33333333333334,6.579943899018232
england,Premier League,2025,Trai Hume,23.0,D,Northern Ireland,180.0,75.0,38,34,3037.0,2.0,1.0,0.0,1.0,0,0,9,0.0,0,0.02963450773789924,0.6519591702337834,0.2074415541652947,0.05926901547579848,0.02963450773789924,0.08890352321369774,0.05926901547579848,31.056964109318407,0.859400724399078,1.9855120184392492,0.35561409285479095,0.7408626934474811,2.7263747118867303,9.720118538030952,5.186038854132367,0.5630556470200856,0.1481725386894962,0.9186697398748765,1.1557458017780704,0.9186697398748765,0.2667105696410932,0.0,0.0,24.170801526717558,31.818181818181817,53.35365853658537,26.31578947368421,6.7589397431676
england,Premier League,2025,Travis Patterson,20.0,D,England,178.0,64.0,0,0,0.0,0.0,0.0,0.0,0.0,0,0,0,0.0,0,,,,,,,,,,,,,,,,,,,,,,,,,,,,
england,Premier League,2025,Trevoh Chalobah,26.0,D,England,190.0,75.0,34,31,2782.0,3.0,0.0,0.0,0.0,0,0,3,0.0,1,0.06470165348670022,0.4205607476635514,0.16175413371675054,0.09705248023005032,0.0,0.09705248023005032,0.09705248023005032,73.85693745506829,0.16175413371675054,1.1322789360172538,0.5499640546369519,1.1322789360172538,2.2645578720345076,7.408339324227174,4.335010783608914,0.291157440690151,0.22645578720345078,0.291157440690151,0.582314881380302,0.6470165348670022,0.09705248023005032,0.0,0.03235082674335011,72.69864213753833,38.46153846153847,58.515283842794766,77.77777777777779,6.971459381739755
england,Premier League,2025,Trey Nyoni,18.0,M,England,180.0,75.0,6,0,47.0,0.0,0.0,0.0,0.0,0,0,0,0.0,0,1.9148936170212765,1.9148936170212765,0.0,0.0,0.0,0.0,0.0,42.12765957446808,1.9148936170212765,1.9148936170212765,0.0,0.0,1.9148936170212765,9.574468085106384,1.9148936170212765,1.9148936170212765,0.0,1.9148936170212765,0.0,1.9148936170212765,0.0,0.0,0.0,6.545454545454546,0.0,20.0,0.0,6.581818181818182
england,Premier League,2025,Triston Rowe,19.0,D,England,183.0,70.0,0,0,0.0,0.0,0.0,0.0,0.0,0,0,0,0.0,0,,,,,,,,,,,,,,,,,,,,,,,,,,,,
england,Premier League,2025,Triston Rowe,19.0,D,,,,0,0,0.0,0.0,0.0,0.0,0.0,0,0,0,0.0,0,,,,,,,,,,,,,,,,,,,,,,,,,,,,
england,Premier League,2025,Tyler Adams,26.0,M,USA,175.0,72.0,25,21,1778.0,2.0,2.0,0.0,0.0,0,0,8,0.0,0,0.05061867266591676,0.4049493813273341,0.30371203599550056,0.10123734533183353,0.10123734533183353,0.20247469066366705,0.10123734533183353,51.12485939257592,0.3543307086614173,2.6827896512935885,0.45556805399325084,1.670416197975253,4.353205849268841,9.465691788526433,4.859392575928009,0.6074240719910011,0.30371203599550056,0.9111361079865017,0.6580427446569179,1.7716535433070866,0.4049493813273341,0.0,0.0,42.32178217821782,75.0,51.33689839572193,50.0,6.876480541455161
england,Premier League,2025,Tyler Dibling,19.0,M,England,178.0,72.0,14,4,371.0,0.0,0.0,0.0,0.0,0,0,2,0.0,0,0.0,0.24258760107816713,0.0,0.0,0.0,0.0,0.0,24.743935309973047,0.9703504043126685,1.6981132075471697,0.24258760107816713,1.4555256064690028,3.1536388140161726,19.164420485175203,8.005390835579515,6.549865229110512,3.1536388140161726,1.4555256064690028,2.6684636118598384,2.6684636118598384,0.48517520215633425,0.0,0.0,12.227722772277227,0.0,41.77215189873418,48.148148148148145,6.555135135135135
england,Premier League,2025,Tyler Fletcher,18.0,M,,,,2,0,17.0,0.0,0.0,0.0,0.0,0,0,0,0.0,0,0.0,0.0,0.0,0.0,0.0,0.0,0.0,100.58823529411765,0.0,0.0,0.0,0.0,0.0,0.0,0.0,0.0,0.0,0.0,0.0,0.0,0.0,0.0,0.0,9.526315789473685,,,,6.7
england,Premier League,2025,Tyler Fredricson,20.0,D,England,184.0,70.0,1,0,10.0,0.0,0.0,0.0,0.0,0,0,0,0.0,0,0.0,0.0,0.0,0.0,0.0,0.0,0.0,9.0,0.0,0.0,0.0,0.0,0.0,0.0,0.0,0.0,0.0,0.0,0.0,0.0,0.0,0.0,0.0,,,,,6.7
england,Premier League,2025,Tyler Onyango,22.0,M,England,190.0,76.0,0,0,0.0,0.0,0.0,0.0,0.0,0,0,0,0.0,0,,,,,,,,,,,,,,,,,,,,,,,,,,,,
england,Premier League,2025,Tyrell Malacia,26.0,D,Netherlands,170.0,67.0,3,0,32.0,0.0,0.0,0.0,0.0,0,0,0,0.0,0,0.0,0.0,0.0,0.0,0.0,0.0,0.0,36.5625,0.0,8.4375,0.0,0.0,8.4375,14.0625,8.4375,0.0,0.0,0.0,0.0,0.0,0.0,0.0,0.0,4.461538461538462,,60.0,,6.5
england,Premier League,2025,Tyrick Mitchell,26.0,M,England,175.0,68.0,38,36,3253.0,1.0,2.0,0.0,0.0,0,0,6,0.0,0,0.13833384568090992,0.38733476790654775,0.19366738395327388,0.027666769136181983,0.055333538272363966,0.08300030740854596,0.027666769136181983,30.62711343375346,0.8023363049492775,2.7943436827543806,0.3320012296341838,0.9406701506301876,3.735013833384568,8.466031355671687,4.7033507531509375,1.1896710728558253,0.4150015370427298,0.5810021518598217,0.7746695358130955,0.6363356901321857,0.1660006148170919,0.0,0.0,23.766937669376695,50.0,55.55555555555556,34.883720930232556,6.802797417768214
england,Premier League,2025,Tyrique George,19.0,F,England,181.0,75.0,15,1,370.0,0.0,0.0,0.0,0.0,0,0,2,0.0,0,0.972972972972973,2.1891891891891895,1.2162162162162162,0.0,0.0,0.0,0.0,27.0,0.7297297297297298,1.7027027027027029,0.0,0.4864864864864865,2.1891891891891895,10.945945945945947,4.135135135135135,3.4054054054054057,1.7027027027027029,0.24324324324324326,0.4864864864864865,2.1891891891891895,0.4864864864864865,0.0,0.0,10.117117117117116,55.55555555555556,37.77777777777778,50.0,6.4742547425474255
england,Premier League,2025,Tyrone Mings,32.0,D,England,196.0,77.0,17,15,1323.0,0.0,0.0,0.0,0.0,0,0,1,0.0,0,0.0,0.3401360544217687,0.06802721088435375,0.0,0.0,0.0,0.0,63.537414965986386,0.3401360544217687,0.3401360544217687,0.6122448979591837,0.7482993197278911,1.08843537414966,6.666666666666666,3.6734693877551017,0.40816326530612246,0.1360544217687075,0.1360544217687075,0.6122448979591837,0.6802721088435374,0.06802721088435375,0.0,0.0,58.559957173447536,20.0,55.10204081632652,33.33333333333333,6.705215419501134
england,Premier League,2025,Valentino Livramento,23.0,D,England,182.0,65.0,17,14,1328.0,0.0,1.0,0.0,0.0,0,0,1,0.0,0,0.13554216867469882,0.06777108433734941,0.0,0.0,0.06777108433734941,0.06777108433734941,0.0,44.25451807228916,0.7454819277108434,1.4909638554216869,0.13554216867469882,0.4066265060240964,1.897590361445783,7.522590361445783,4.134036144578314,2.168674698795181,0.9487951807228915,0.5421686746987953,1.0843373493975905,0.47439759036144574,0.06777108433734941,0.0,0.0,41.36140888208269,0.0,54.95495495495496,43.75,6.79375
england,Premier League,2025,Valentín Castellanos,27.0,F,Argentina,178.0,70.0,18,17,1395.0,6.0,0.0,0.0,0.0,0,0,6,0.0,0,0.5806451612903226,2.709677419354839,1.4193548387096775,0.3870967741935484,0.0,0.3870967741935484,0.3870967741935484,16.129032258064516,0.7741935483870968,0.7096774193548387,0.12903225806451613,0.3870967741935484,1.0967741935483872,9.741935483870968,3.6129032258064515,0.7096774193548387,0.12903225806451613,0.5161290322580645,1.032258064516129,2.064516129032258,0.3870967741935484,0.0,0.0,9.7,52.38095238095239,37.086092715231786,18.181818181818183,6.744086021505376
england,Premier League,2025,Veljko Milosavljević,18.0,D,Serbia,192.0,,7,4,375.0,0.0,0.0,0.0,0.0,0,0,0,0.0,0,0.0,0.24,0.0,0.0,0.0,0.0,0.0,45.6,0.24,1.2000000000000002,1.2000000000000002,0.96,2.16,8.64,4.08,0.24,0.24,0.48,0.0,0.0,0.0,0.0,0.0,40.58730158730159,0.0,47.22222222222222,100.0,6.817158176943701
england,Premier League,2025,Victor Lindelöf,31.0,D,Sweden,187.0,80.0,17,11,985.0,0.0,1.0,0.0,0.0,0,0,0,0.0,0,0.0,0.27411167512690354,0.0,0.0,0.09137055837563453,0.09137055837563453,0.0,58.38578680203046,0.18274111675126906,0.6395939086294417,0.45685279187817257,0.7309644670050762,1.3705583756345179,2.8324873096446703,1.736040609137056,0.0,0.0,0.18274111675126906,0.09137055837563453,0.18274111675126906,0.0,0.0,0.0,57.53521126760563,0.0,61.29032258064516,,6.685583756345178
england,Premier League,2025,Viktor Gyökeres,27.0,F,Sweden,189.0,90.0,36,26,2254.0,14.0,1.0,0.0,0.0,3,0,5,0.0,0,0.15971606033717836,1.6370896184560781,0.878438331854481,0.5590062111801242,0.03992901508429459,0.5989352262644188,0.4392191659272405,12.737355811889973,0.7985803016858918,0.2795031055900621,0.11978704525288375,0.03992901508429459,0.3194321206743567,9.343389529724934,2.954747116237799,1.4773735581188996,0.2795031055900621,0.3194321206743567,1.2377994676131323,1.3975155279503106,0.19964507542147295,0.0,0.0,7.636363636363637,53.65853658536586,31.62393162393162,18.91891891891892,6.606166814551908
england,Premier League,2025,Virgil van Dijk,34.0,D,Netherlands,195.0,92.0,38,38,3420.0,6.0,0.0,0.0,1.0,0,0,4,0.0,0,0.026315789473684213,0.6842105263157895,0.368421052631579,0.15789473684210525,0.0,0.15789473684210525,0.15789473684210525,73.36842105263159,0.3157894736842105,0.5789473684210527,0.6842105263157895,0.736842105263158,1.3157894736842104,7.736842105263158,5.684210526315789,0.052631578947368425,0.052631578947368425,0.052631578947368425,0.47368421052631576,0.5,0.10526315789473685,0.0,0.0,69.32209469153516,53.84615384615385,73.46938775510205,100.0,7.281578947368421
england,Premier League,2025,Vitaliy Mykolenko,26.0,D,Ukraine,180.0,71.0,33,33,2960.0,0.0,1.0,0.0,0.0,0,0,6,0.0,0,0.0,0.18243243243243246,0.060810810810810814,0.0,0.030405405405405407,0.030405405405405407,0.0,36.12162162162162,0.6993243243243243,1.5506756756756757,0.2736486486486487,0.9121621621621622,2.462837837837838,8.027027027027028,4.226351351351351,0.9121621621621622,0.30405405405405406,0.9121621621621622,0.8513513513513514,0.8817567567567568,0.18243243243243246,0.0,0.0,31.19107744107744,33.33333333333333,52.65151515151515,33.33333333333333,6.698141891891892
england,Premier League,2025,Vitaly Janelt,27.0,M,Germany,184.0,79.0,25,15,1449.0,1.0,4.0,0.0,0.0,0,0,8,0.0,0,0.0,0.5590062111801242,0.1863354037267081,0.062111801242236024,0.2484472049689441,0.3105590062111801,0.062111801242236024,50.1863354037267,1.3043478260869565,1.6770186335403727,0.4968944099378882,1.8633540372670807,3.5403726708074537,8.198757763975156,4.099378881987578,0.6832298136645963,0.3105590062111801,1.2422360248447204,0.8074534161490683,1.2422360248447204,0.4968944099378882,0.0,0.0,40.18935643564357,33.33333333333333,50.0,45.45454545454545,7.165976535541753
england,Premier League,2025,Walter Benítez,32.0,G,Argentina,191.0,91.0,1,1,90.0,0.0,0.0,0.0,0.0,0,0,0,0.0,0,0.0,0.0,0.0,0.0,0.0,0.0,0.0,27.0,0.0,0.0,0.0,0.0,0.0,0.0,0.0,0.0,0.0,0.0,0.0,0.0,0.0,0.0,0.0,18.0,,,,7.2
england,Premier League,2025,Wataru Endo,32.0,M,Japan,178.0,76.0,8,1,206.0,0.0,1.0,0.0,0.0,0,0,1,0.0,0,0.0,0.0,0.0,0.0,0.4368932038834951,0.4368932038834951,0.0,41.067961165048544,0.4368932038834951,3.058252427184466,0.0,0.0,3.058252427184466,12.233009708737864,7.864077669902913,0.4368932038834951,0.0,0.8737864077669902,1.3106796116504855,0.8737864077669902,0.4368932038834951,0.0,0.0,24.107526881720432,,64.28571428571429,0.0,6.851219512195122
england,Premier League,2025,Wellity Lucky,19.0,D,Spain,,,0,0,0.0,0.0,0.0,0.0,0.0,0,0,0,0.0,0,,,,,,,,,,,,,,,,,,,,,,,,,,,,
england,Premier League,2025,Wesley Fofana,25.0,D,France,190.0,84.0,25,20,1726.0,0.0,1.0,0.0,0.0,0,0,9,0.0,2,0.05214368482039397,0.2607184241019699,0.05214368482039397,0.0,0.05214368482039397,0.05214368482039397,0.0,65.28389339513326,0.1564310544611819,0.9907300115874855,0.9907300115874855,2.085747392815759,3.076477404403245,9.803012746234067,5.944380069524913,0.7300115874855156,0.5214368482039398,0.20857473928157588,0.8864426419466975,1.4078794901506373,0.46929316338354576,0.0,0.10428736964078794,59.599840255591054,20.0,60.63829787234043,71.42857142857143,6.895538818076478
england,Premier League,2025,Wilfried Gnonto,22.0,F,Italy,172.0,65.0,23,4,535.0,0.0,1.0,1.0,0.0,0,0,3,0.0,0,0.0,1.0093457943925233,0.0,0.0,0.16822429906542058,0.16822429906542058,0.0,36.67289719626168,1.514018691588785,3.02803738317757,0.0,0.5046728971962616,3.5327102803738315,12.953271028037383,5.887850467289719,2.355140186915888,0.8411214953271028,0.6728971962616823,1.8504672897196262,1.177570093457944,0.5046728971962616,0.0,0.0,11.981566820276498,0.0,45.45454545454545,35.714285714285715,6.610131332082552
england,Premier League,2025,Will Dennis,25.0,G,England,188.0,84.0,0,0,0.0,0.0,0.0,0.0,0.0,0,0,0,0.0,0,,,,,,,,,,,,,,,,,,,,,,,,,,,,
england,Premier League,2025,Will Hughes,30.0,M,England,185.0,74.0,31,19,1577.0,0.0,0.0,0.0,1.0,0,0,7,0.0,0,0.0,0.570703868103995,0.0,0.0,0.0,0.0,0.0,38.69372225745086,1.1984781230183892,1.5409004438807863,0.45656309448319593,0.8560558021559924,2.3969562460367784,9.13126188966392,4.508560558021561,1.0272669625871909,0.6277742549143944,0.8560558021559924,1.4267596702599872,1.3126188966391883,0.39949270767279643,0.0,0.0,25.07237813884786,0.0,49.375,61.111111111111114,6.85507614213198
england,Premier League,2025,Will Wright,17.0,F,England,,,0,0,0.0,0.0,0.0,0.0,0.0,0,0,0,0.0,0,,,,,,,,,,,,,,,,,,,,,,,,,,,,
england,Premier League,2025,William Osula,22.0,F,Denmark,180.0,81.0,24,8,863.0,7.0,0.0,0.0,0.0,0,0,0,0.0,0,0.20857473928157588,1.668597914252607,1.2514484356894553,0.7300115874855156,0.0,0.7300115874855156,0.7300115874855156,8.447276940903825,0.6257242178447276,0.6257242178447276,0.10428736964078794,0.10428736964078794,0.7300115874855156,11.68018539976825,4.06720741599073,1.668597914252607,0.8342989571263035,0.3128621089223638,1.668597914252607,2.5028968713789106,0.0,0.0,0.0,6.6075949367088604,75.0,34.82142857142857,50.0,7.074332171893148
england,Premier League,2025,William Saliba,24.0,D,France,192.0,92.0,31,30,2615.0,1.0,0.0,0.0,0.0,0,0,2,0.0,0,0.03441682600382409,0.13766730401529637,0.03441682600382409,0.03441682600382409,0.0,0.03441682600382409,0.03441682600382409,72.4130019120459,0.3441682600382409,1.2045889101338434,0.2409177820267686,0.5850860420650096,1.7896749521988526,7.950286806883366,4.508604206500956,0.3441682600382409,0.2409177820267686,0.2409177820267686,0.5506692160611855,0.75717017208413,0.06883365200764818,0.0,0.0,72.36121673003802,25.0,56.709956709956714,70.0,7.039655172413793
england,Premier League,2025,Willy Boly,34.0,D,Côte d'Ivoire,195.0,92.0,0,0,0.0,0.0,0.0,0.0,0.0,0,0,0,0.0,0,,,,,,,,,,,,,,,,,,,,,,,,,,,,
england,Premier League,2025,Wilson Isidor,25.0,F,France,186.0,79.0,32,11,1173.0,6.0,0.0,0.0,0.0,0,0,1,0.0,0,0.843989769820972,2.378516624040921,1.3043478260869565,0.4603580562659847,0.0,0.4603580562659847,0.4603580562659847,10.358056265984654,0.0,0.843989769820972,0.07672634271099744,0.07672634271099744,0.9207161125319694,12.89002557544757,3.7595907928388748,1.8414322250639388,0.4603580562659847,0.3836317135549872,0.5370843989769821,1.0741687979539642,0.07672634271099744,0.0,0.0,4.106060606060606,54.83870967741935,29.166666666666668,25.0,6.573589743589744
england,Premier League,2025,Wilson Odobert,21.0,F,France,182.0,76.0,24,10,990.0,0.0,2.0,0.0,0.0,0,0,0,0.0,0,0.18181818181818182,1.6363636363636362,0.7272727272727273,0.0,0.18181818181818182,0.18181818181818182,0.0,29.545454545454547,1.8181818181818183,0.8181818181818181,0.0,0.09090909090909091,0.9090909090909092,9.363636363636363,4.363636363636363,3.8181818181818183,2.1818181818181817,0.2727272727272727,0.9090909090909092,0.18181818181818182,0.0,0.0,0.0,19.393846153846155,44.44444444444444,46.601941747572816,57.14285714285714,6.648787878787879
england,Premier League,2025,Xavi Simons,22.0,M,Netherlands,179.0,58.0,28,19,1769.0,2.0,5.0,0.0,0.0,0,0,5,0.0,1,0.0,1.2719050310910118,0.5087620124364047,0.10175240248728094,0.25438100621820237,0.3561334087054833,0.10175240248728094,40.8535895986433,1.7806670435274166,1.729790842283776,0.05087620124364047,0.7631430186546071,2.4929338609383835,12.566421707179197,6.054267947993216,3.408705483323912,1.4754098360655739,0.9157716223855286,2.2385528547201807,1.06840022611645,0.25438100621820237,0.0,0.05087620124364047,29.171855541718557,40.0,48.178137651821864,43.28358208955223,6.985924250989259
england,Premier League,2025,Yankuba Minteh,21.0,M,Gambia,180.0,65.0,34,26,2398.0,3.0,4.0,1.0,0.0,0,0,3,0.0,0,0.37531276063386154,0.9758131776480401,0.41284403669724773,0.11259382819015847,0.1501251042535446,0.2627189324437031,0.11259382819015847,23.644703919933278,1.7264386989157632,2.1017514595496247,0.0,0.6380316930775647,2.739783152627189,12.610508757297747,6.080066722268557,4.541284403669725,2.4395329441201,0.7881567973311092,0.8256880733944955,1.201000834028357,0.11259382819015847,0.0,0.0,14.352380952380953,42.30769230769231,48.214285714285715,53.71900826446281,6.886071726438699
england,Premier League,2025,Yasin Ayari,22.0,M,Sweden,172.0,69.0,29,20,1941.0,3.0,3.0,0.0,0.0,0,0,1,0.0,0,0.0,1.3910355486862442,0.46367851622874806,0.1391035548686244,0.1391035548686244,0.2782071097372488,0.1391035548686244,44.513137557959816,0.7418856259659969,2.132921174652241,0.18547140649149924,1.205564142194745,3.338485316846986,9.876352395672335,4.683153013910355,2.2256568778979906,0.8346213292117465,1.0664605873261206,1.2982998454404946,1.1128284389489953,0.04636785162287481,0.0,0.0,37.77395833333333,33.33333333333333,47.417840375586856,37.5,6.863678516228748
england,Premier League,2025,Yehor Yarmolyuk,21.0,M,Ukraine,180.0,72.0,37,30,2675.0,1.0,2.0,0.0,0.0,0,0,7,0.0,0,0.03364485981308411,0.40373831775700936,0.13457943925233645,0.03364485981308411,0.06728971962616823,0.10093457943925234,0.03364485981308411,45.3196261682243,0.5046728971962616,2.355140186915888,0.4710280373831776,0.9420560747663552,3.297196261682243,9.420560747663552,4.3065420560747665,1.4130841121495328,0.5046728971962616,1.3121495327102803,0.40373831775700936,1.244859813084112,0.2355140186915888,0.0,0.0,39.952487008166294,33.33333333333333,45.714285714285715,35.714285714285715,6.769719626168224
england,Premier League,2025,Yerson Mosquera,24.0,D,Colombia,187.0,76.0,27,24,2142.0,0.0,0.0,0.0,2.0,0,0,12,0.0,0,0.04201680672268908,0.9243697478991597,0.25210084033613445,0.0,0.0,0.0,0.0,33.319327731092436,0.46218487394957986,2.6050420168067228,0.7142857142857142,1.2184873949579833,3.823529411764706,11.84873949579832,6.722689075630252,0.9663865546218487,0.37815126050420167,0.7142857142857142,1.8487394957983194,1.4285714285714284,0.5042016806722689,0.0,0.0,29.012610340479192,27.27272727272727,56.73758865248227,39.130434782608695,6.70569827183559
england,Premier League,2025,Yoane Wissa,29.0,F,Congo DR,176.0,74.0,19,4,539.0,1.0,0.0,0.0,0.0,0,0,3,0.0,0,0.6679035250463822,2.170686456400742,0.8348794063079777,0.16697588126159554,0.0,0.16697588126159554,0.16697588126159554,15.528756957328387,0.5009276437847866,0.8348794063079777,0.16697588126159554,0.0,0.8348794063079777,11.187384044526901,3.8404452690166977,2.0037105751391464,0.16697588126159554,0.16697588126159554,0.3339517625231911,1.0018552875695732,0.5009276437847866,0.0,0.0,6.119047619047619,38.46153846153847,34.32835820895522,8.333333333333332,6.453717472118959
england,Premier League,2025,Youri Tielemans,28.0,M,Belgium,176.0,72.0,25,21,1862.0,0.0,4.0,0.0,0.0,0,0,0,0.0,0,0.048335123523093444,0.8216970998925887,0.3383458646616541,0.0,0.19334049409237378,0.19334049409237378,0.0,54.52201933404941,1.5467239527389902,2.80343716433942,0.6766917293233082,0.8700322234156821,3.6734693877551017,10.343716433941998,6.2352309344790555,0.8216970998925887,0.43501611170784105,1.1117078410311492,1.9817400644468315,1.2083780880773363,0.0,0.0,0.0,50.141843971631204,41.17647058823529,60.280373831775705,52.94117647058824,7.247153598281418
england,Premier League,2025,Youssef Chermiti,21.0,F,Portugal,192.0,84.0,0,0,0.0,0.0,0.0,0.0,0.0,0,0,0,0.0,0,,,,,,,,,,,,,,,,,,,,,,,,,,,,
england,Premier League,2025,Yunus Konak,20.0,M,Türkiye,181.0,76.0,0,0,0.0,0.0,0.0,0.0,0.0,0,0,0,0.0,0,,,,,,,,,,,,,,,,,,,,,,,,,,,,
england,Premier League,2025,Yusuf Akhamrich,20.0,F,Morocco,,,0,0,0.0,0.0,0.0,0.0,0.0,0,0,0,0.0,0,,,,,,,,,,,,,,,,,,,,,,,,,,,,
england,Premier League,2025,Yves Bissouma,29.0,M,Mali,182.0,80.0,11,7,605.0,0.0,0.0,0.0,0.0,0,0,4,0.0,0,0.0,0.5950413223140496,0.2975206611570248,0.0,0.0,0.0,0.0,47.15702479338844,0.0,2.677685950413223,0.4462809917355372,1.3388429752066116,4.016528925619834,7.43801652892562,4.760330578512397,0.743801652892562,0.4462809917355372,0.2975206611570248,0.8925619834710744,1.1900826446280992,0.5950413223140496,0.0,0.0,32.98738170347003,50.0,64.0,60.0,6.676198347107438
england,Premier League,2025,Yéremy Pino,23.0,F,Spain,172.0,65.0,34,26,2100.0,2.0,2.0,0.0,0.0,0,0,4,0.0,0,0.4285714285714286,1.0285714285714285,0.4714285714285714,0.08571428571428572,0.08571428571428572,0.17142857142857143,0.08571428571428572,35.614285714285714,2.057142857142857,1.542857142857143,0.04285714285714286,0.38571428571428573,1.9285714285714286,11.014285714285714,4.285714285714286,1.8857142857142857,0.7714285714285715,1.4142857142857144,1.0285714285714285,1.2857142857142856,0.17142857142857143,0.0,0.0,22.273164861612514,45.83333333333333,38.91050583657588,40.909090909090914,6.922285714285714
england,Premier League,2025,Zach Abbott,19.0,D,England,180.0,70.0,3,2,165.0,0.0,0.0,0.0,1.0,0,0,0,0.0,0,0.0,0.0,0.0,0.0,0.0,0.0,0.0,33.81818181818181,0.0,2.1818181818181817,0.5454545454545454,0.5454545454545454,2.7272727272727275,10.90909090909091,6.545454545454545,1.6363636363636362,0.5454545454545454,0.0,0.5454545454545454,1.6363636363636362,0.0,0.0,0.0,15.35483870967742,,60.0,33.33333333333333,6.416363636363637
england,Premier League,2025,Zach Marsh,20.0,F,England,176.0,60.0,0,0,0.0,0.0,0.0,0.0,0.0,0,0,0,0.0,0,,,,,,,,,,,,,,,,,,,,,,,,,,,,
england,Premier League,2025,Zeki Amdouni,25.0,F,Switzerland,185.0,79.0,4,0,69.0,0.0,0.0,0.0,0.0,0,0,0,0.0,0,0.0,2.608695652173913,1.3043478260869565,0.0,0.0,0.0,0.0,26.086956521739133,0.0,0.0,0.0,0.0,0.0,11.739130434782608,3.9130434782608696,5.217391304347826,1.3043478260869565,0.0,1.3043478260869565,1.3043478260869565,0.0,0.0,0.0,6.65,50.0,33.33333333333333,25.0,6.426086956521739
england,Premier League,2025,Zian Flemming,27.0,F,Netherlands,185.0,84.0,29,21,1808.0,11.0,0.0,0.0,0.0,2,0,5,0.0,0,0.14933628318584072,1.8915929203539825,1.045353982300885,0.547566371681416,0.0,0.547566371681416,0.4480088495575221,13.788716814159292,0.497787610619469,0.8462389380530975,0.2488938053097345,0.34845132743362833,1.1946902654867257,13.639380530973453,5.674778761061947,0.547566371681416,0.19911504424778761,0.2488938053097345,1.2942477876106195,2.4889380530973453,0.2488938053097345,0.0,0.0,8.301470588235293,55.26315789473685,41.605839416058394,36.36363636363637,6.951161504424779
england,Premier League,2025,Álex Jiménez,20.0,D,Spain,177.0,73.0,31,26,2330.0,1.0,0.0,0.0,1.0,0,0,10,0.0,0,0.0,0.46351931330472107,0.15450643776824033,0.03862660944206008,0.0,0.03862660944206008,0.03862660944206008,33.527896995708154,0.5407725321888412,2.665236051502146,0.4248927038626609,1.0429184549356223,3.7081545064377686,10.699570815450643,5.446351931330472,2.896995708154506,1.5064377682403434,0.888412017167382,0.7725321888412017,1.351931330472103,0.38626609442060084,0.0,0.0,26.629032258064516,33.33333333333333,50.90252707581227,52.0,6.8745064377682406
england,Premier League,2025,Ármin Pécsi,20.0,G,Hungary,190.0,,0,0,0.0,0.0,0.0,0.0,0.0,0,0,0,0.0,0,,,,,,,,,,,,,,,,,,,,,,,,,,,,
england,Premier League,2025,Đorđe Petrović,26.0,G,Serbia,194.0,89.0,38,38,3420.0,0.0,0.0,0.0,0.0,0,0,3,0.0,0,0.0,0.0,0.0,0.0,0.0,0.0,0.0,23.710526315789473,0.0,0.0,0.0,0.0,0.0,0.6842105263157895,0.6052631578947368,0.0,0.0,0.07894736842105263,0.052631578947368425,0.0,0.07894736842105263,0.0,0.0,16.478357380688124,,88.46153846153845,,6.878947368421053
england,Premier League,2025,İlkay Gündoğan,35.0,M,Germany,180.0,80.0,0,0,0.0,0.0,0.0,0.0,0.0,0,0,0,0.0,0,,,,,,,,,,,,,,,,,,,,,,,,,,,,
england,Premier League,2025,Łukasz Fabiański,40.0,G,Poland,190.0,83.0,0,0,0.0,0.0,0.0,0.0,0.0,0,0,0,0.0,0,,,,,,,,,,,,,,,,,,,,,,,,,,,,
