country,league,season,player_name,age,position,nationality,height,weight,appearances,starts,minutes,goals_total,assists,penalty_won,penalty_committed,penalty_scored,penalty_missed,yellow_cards,yellowred_cards,red_cards,offsides_per90,shots_total_per90,shots_on_per90,goals_total_per90,assists_per90,goals_plus_assists_per90,non_penalty_goals_per90,passes_total_per90,passes_key_per90,tackles_total_per90,blocks_per90,interceptions_per90,tackles_plus_interceptions_per90,duels_total_per90,duels_won_per90,dribbles_attempts_per90,dribbles_success_per90,dribbles_past_per90,fouls_drawn_per90,fouls_committed_per90,yellow_cards_per90,yellowred_cards_per90,red_cards_per90,passes_accuracy_pct,shots_on_target_pct,duels_won_pct,dribbles_success_pct,rating_weighted
france,Ligue 1,2025,Aarón Anselmino,20.0,D,Argentina,186.0,83.0,3,0,24.0,0.0,0.0,0.0,0.0,0,0,0,0.0,0,0.0,0.0,0.0,0.0,0.0,0.0,0.0,30.0,0.0,0.0,0.0,3.75,3.75,7.5,7.5,0.0,0.0,0.0,0.0,0.0,0.0,0.0,0.0,4.0,,100.0,,6.700000000000001
france,Ligue 1,2025,Abakar Sylla,23.0,D,Côte d'Ivoire,188.0,78.0,3,1,65.0,0.0,0.0,0.0,0.0,0,0,0,0.0,0,0.0,2.769230769230769,0.0,0.0,0.0,0.0,0.0,66.46153846153847,0.0,0.0,0.0,0.0,0.0,13.846153846153847,6.923076923076923,0.0,0.0,0.0,0.0,2.769230769230769,0.0,0.0,0.0,19.541666666666668,0.0,50.0,,5.7046875
france,Ligue 1,2025,Abdallah Sima,24.0,F,Senegal,188.0,79.0,21,6,718.0,2.0,2.0,0.0,0.0,0,0,3,0.0,0,0.3760445682451254,2.883008356545961,1.128133704735376,0.25069637883008355,0.25069637883008355,0.5013927576601671,0.25069637883008355,30.208913649025067,1.2534818941504178,0.8774373259052926,0.0,0.25069637883008355,1.128133704735376,12.534818941504179,5.766016713091922,1.3788300835654597,0.5013927576601671,0.3760445682451254,1.754874651810585,1.754874651810585,0.3760445682451254,0.0,0.0,15.278008298755188,39.130434782608695,46.0,36.36363636363637,6.583682008368201
france,Ligue 1,2025,Abdelhamid Ait Boudlal,19.0,D,Morocco,190.0,78.0,20,17,1415.0,2.0,1.0,0.0,0.0,0,0,3,0.0,1,0.0636042402826855,0.763250883392226,0.254416961130742,0.127208480565371,0.0636042402826855,0.1908127208480565,0.127208480565371,52.15547703180212,0.0636042402826855,1.3992932862190814,1.0812720848056536,1.2084805653710247,2.607773851590106,9.031802120141343,5.088339222614841,1.1448763250883394,0.6360424028268551,0.381625441696113,0.6360424028268551,0.8904593639575972,0.1908127208480565,0.0,0.0636042402826855,46.798780487804876,33.33333333333333,56.33802816901409,55.55555555555556,6.925441696113074
france,Ligue 1,2025,Abdoul Ouattara,20.0,M,France,178.0,68.0,28,19,1775.0,2.0,0.0,1.0,0.0,0,0,2,0.0,0,0.05070422535211268,1.0140845070422535,0.5577464788732395,0.10140845070422536,0.0,0.10140845070422536,0.10140845070422536,43.707042253521124,0.3042253521126761,1.1661971830985915,0.05070422535211268,1.064788732394366,2.230985915492958,4.766197183098591,2.332394366197183,1.1661971830985915,0.4056338028169014,0.3549295774647887,0.5577464788732395,0.6084507042253522,0.10140845070422536,0.0,0.0,37.67053364269142,55.00000000000001,48.93617021276596,34.78260869565217,6.667718309859155
france,Ligue 1,2025,Abdoulaye Bamba,35.0,D,Côte d'Ivoire,182.0,72.0,6,3,266.0,0.0,0.0,0.0,0.0,0,0,1,0.0,0,0.0,0.3383458646616541,0.3383458646616541,0.0,0.0,0.0,0.0,25.37593984962406,0.0,2.0300751879699246,1.0150375939849623,2.0300751879699246,4.060150375939849,8.458646616541353,6.090225563909774,0.0,0.0,0.6766917293233082,1.6917293233082706,1.0150375939849623,0.3383458646616541,0.0,0.0,16.216216216216218,100.0,72.0,,6.834339622641509
france,Ligue 1,2025,Abdoulaye Faye,21.0,D,Senegal,,,17,16,1446.0,0.0,0.0,0.0,1.0,0,0,7,0.0,0,0.0,0.43568464730290457,0.12448132780082988,0.0,0.0,0.0,0.0,51.90871369294605,0.12448132780082988,1.991701244813278,0.37344398340248963,1.7427385892116183,3.7344398340248963,9.149377593360995,5.29045643153527,0.6224066390041494,0.43568464730290457,0.4979253112033195,0.8713692946058091,1.5560165975103735,0.43568464730290457,0.0,0.0,46.42805755395683,28.57142857142857,57.82312925170068,70.0,6.599792531120332
france,Ligue 1,2025,Abdoulaye Kanté,20.0,M,France,180.0,75.0,3,3,243.0,0.0,0.0,0.0,0.0,0,0,2,0.0,0,0.0,0.7407407407407408,0.0,0.0,0.0,0.0,0.0,55.18518518518518,0.3703703703703704,2.2222222222222223,0.0,1.1111111111111112,3.333333333333333,7.407407407407407,3.7037037037037037,0.3703703703703704,0.3703703703703704,0.3703703703703704,0.3703703703703704,2.5925925925925926,0.7407407407407408,0.0,0.0,49.630872483221474,0.0,50.0,100.0,7.333333333333333
france,Ligue 1,2025,Abdoulaye Touré,31.0,M,France,188.0,84.0,11,8,741.0,2.0,0.0,0.0,0.0,0,1,2,0.0,0,0.0,0.97165991902834,0.48582995951417,0.242914979757085,0.0,0.242914979757085,0.242914979757085,36.072874493927124,0.3643724696356275,1.45748987854251,0.48582995951417,1.0931174089068827,2.5506072874493926,8.744939271255062,4.7368421052631575,1.0931174089068827,0.3643724696356275,0.1214574898785425,2.064777327935223,1.5789473684210527,0.242914979757085,0.0,0.0,27.922558922558924,50.0,54.166666666666664,33.33333333333333,6.9574898785425106
france,Ligue 1,2025,Abdulay Juma Bah,19.0,D,Sierra Leone,195.0,80.0,28,23,2063.0,0.0,0.0,0.0,1.0,0,0,6,0.0,0,0.13087736306349976,0.3053805138148328,0.08725157537566651,0.0,0.0,0.0,0.0,54.13960252060107,0.2617547261269995,1.5269025690741638,1.2651478429471643,1.2651478429471643,2.7920504120213283,8.33252544837615,4.493456131846825,0.5671352399418322,0.39263208919049924,0.523509452253999,0.3053805138148328,1.177896267571498,0.2617547261269995,0.0,0.0,56.60645161290323,28.57142857142857,53.92670157068062,69.23076923076923,6.824915172079495
france,Ligue 1,2025,Abner Vinícius,25.0,D,Brazil,182.0,75.0,26,25,2164.0,3.0,2.0,0.0,0.0,0,0,4,0.0,1,0.041589648798521256,0.4158964879852126,0.2911275415896488,0.12476894639556377,0.08317929759704251,0.2079482439926063,0.12476894639556377,41.63123844731978,0.9565619223659888,1.4140480591497229,0.16635859519408502,0.2911275415896488,1.7051756007393715,6.1136783733826245,2.620147874306839,0.9149722735674677,0.3743068391866913,0.5822550831792976,0.24953789279112754,0.9565619223659888,0.16635859519408502,0.0,0.041589648798521256,38.48251748251748,70.0,42.857142857142854,40.909090909090914,6.870563770794824
france,Ligue 1,2025,Abu Francis,24.0,M,Ghana,182.0,65.0,8,7,532.0,0.0,0.0,0.0,0.0,0,0,2,0.0,0,0.0,0.3383458646616541,0.0,0.0,0.0,0.0,0.0,40.26315789473684,0.16917293233082706,3.214285714285714,0.5075187969924811,1.3533834586466165,4.56766917293233,8.289473684210526,5.582706766917293,0.6766917293233082,0.5075187969924811,0.6766917293233082,0.6766917293233082,0.8458646616541353,0.3383458646616541,0.0,0.0,26.823529411764707,0.0,67.3469387755102,75.0,6.743796992481203
france,Ligue 1,2025,Achraf Hakimi,27.0,D,Morocco,181.0,73.0,18,15,1374.0,2.0,2.0,0.0,0.0,0,0,3,0.0,1,0.26200873362445415,1.3100436681222707,0.5895196506550218,0.13100436681222707,0.13100436681222707,0.26200873362445415,0.13100436681222707,83.44978165938865,1.3755458515283843,1.1790393013100435,0.06550218340611354,0.7205240174672489,1.8995633187772925,7.467248908296943,3.078602620087336,2.1615720524017465,0.5240174672489083,0.8515283842794761,1.1135371179039302,0.5895196506550218,0.1965065502183406,0.0,0.06550218340611354,73.06985871271586,45.0,41.228070175438596,24.242424242424242,6.7990538573508
france,Ligue 1,2025,Adam Delplace,19.0,G,France,180.0,78.0,0,0,0.0,0.0,0.0,0.0,0.0,0,0,0,0.0,0,,,,,,,,,,,,,,,,,,,,,,,,,,,,
france,Ligue 1,2025,Adam El Ouali,19.0,M,,,,0,0,0.0,0.0,0.0,0.0,0.0,0,0,0,0.0,0,,,,,,,,,,,,,,,,,,,,,,,,,,,,
france,Ligue 1,2025,Adam Karabec,22.0,M,Czechia,186.0,74.0,21,11,940.0,1.0,0.0,0.0,0.0,0,0,3,0.0,0,0.28723404255319146,0.5744680851063829,0.4787234042553191,0.09574468085106383,0.0,0.09574468085106383,0.09574468085106383,26.329787234042552,2.106382978723404,0.3829787234042553,0.09574468085106383,0.09574468085106383,0.4787234042553191,8.23404255319149,4.117021276595745,1.9148936170212765,1.053191489361702,0.5744680851063829,2.0106382978723407,1.3404255319148937,0.28723404255319146,0.0,0.0,15.672727272727272,83.33333333333334,50.0,55.00000000000001,6.724626865671642
france,Ligue 1,2025,Adama Camara,29.0,M,France,195.0,87.0,29,26,2171.0,1.0,0.0,0.0,0.0,0,0,8,0.0,0,0.0,0.5803777061262091,0.20727775218793182,0.041455550437586364,0.0,0.041455550437586364,0.041455550437586364,37.80746199907877,0.6632888070013818,2.404421925380009,0.4974666052510364,1.6167664670658681,4.021188392445877,8.78857669276831,4.6015660985720865,0.8291110087517273,0.37309995393827733,0.6218332565637955,0.787655458314141,1.0778443113772456,0.3316444035006909,0.0,0.0,30.470394736842106,35.714285714285715,52.358490566037744,45.0,6.759005066789498
france,Ligue 1,2025,Adams Diabaté,20.0,M,France,,,0,0,0.0,0.0,0.0,0.0,0.0,0,0,0,0.0,0,,,,,,,,,,,,,,,,,,,,,,,,,,,,
france,Ligue 1,2025,Adil Hamdani,16.0,F,,,,4,0,28.0,0.0,0.0,0.0,0.0,0,0,0,0.0,0,0.0,3.214285714285714,0.0,0.0,0.0,0.0,0.0,41.785714285714285,0.0,3.214285714285714,3.214285714285714,0.0,3.214285714285714,16.071428571428573,6.428571428571428,6.428571428571428,3.214285714285714,0.0,0.0,3.214285714285714,0.0,0.0,0.0,4.153846153846154,0.0,40.0,50.0,6.448148148148148
france,Ligue 1,2025,Ado Onaiwu,30.0,F,Japan,180.0,75.0,0,0,0.0,0.0,0.0,0.0,0.0,0,0,0,0.0,0,,,,,,,,,,,,,,,,,,,,,,,,,,,,
france,Ligue 1,2025,Adrien Rabiot,30.0,M,France,188.0,72.0,1,1,90.0,0.0,0.0,0.0,0.0,0,0,1,0.0,0,0.0,1.0,0.0,0.0,0.0,0.0,0.0,41.0,4.0,0.0,0.0,0.0,0.0,5.0,1.0,1.0,0.0,0.0,1.0,2.0,1.0,0.0,0.0,39.0,0.0,20.0,0.0,6.3
france,Ligue 1,2025,Adrien Thomasson,32.0,M,France,175.0,72.0,32,31,2690.0,3.0,9.0,0.0,0.0,0,0,11,0.0,0,0.13382899628252787,1.070631970260223,0.4349442379182156,0.10037174721189591,0.30111524163568776,0.40148698884758366,0.10037174721189591,45.1003717472119,2.7100371747211898,3.312267657992565,0.13382899628252787,0.6356877323420075,3.9479553903345725,13.014869888475838,6.022304832713754,1.4721189591078068,0.6356877323420075,2.1747211895910783,1.4386617100371748,1.8066914498141264,0.3680297397769517,0.0,0.0,37.82789317507418,40.625,46.27249357326478,43.18181818181818,6.919479553903346
france,Ligue 1,2025,Afonso Moreira,20.0,F,Portugal,176.0,69.0,27,18,1724.0,4.0,7.0,1.0,0.0,0,0,3,0.0,0,0.2088167053364269,1.6183294663573085,0.7308584686774942,0.2088167053364269,0.3654292343387471,0.574245939675174,0.2088167053364269,28.346867749419953,1.722737819025522,1.722737819025522,0.0,0.6786542923433875,2.4013921113689096,14.095127610208815,6.368909512761022,3.6542923433874708,1.2529002320185614,0.574245939675174,2.9756380510440836,1.4095127610208815,0.15661252900232017,0.0,0.0,23.2707182320442,45.16129032258064,45.18518518518518,34.285714285714285,7.1619268717353455
france,Ligue 1,2025,Ahmadou Bamba Dieng,25.0,F,Senegal,178.0,72.0,22,15,1220.0,10.0,1.0,0.0,0.0,1,1,3,0.0,0,0.6639344262295083,3.024590163934426,1.7704918032786887,0.7377049180327869,0.07377049180327869,0.8114754098360656,0.6639344262295083,14.09016393442623,0.8114754098360656,0.5163934426229508,0.07377049180327869,0.2213114754098361,0.7377049180327869,9.368852459016393,3.983606557377049,1.180327868852459,0.4426229508196722,0.2213114754098361,0.9590163934426229,1.1065573770491803,0.2213114754098361,0.0,0.0,9.407407407407407,58.536585365853654,42.51968503937008,37.5,6.870409836065574
france,Ligue 1,2025,Aimen Moueffek,24.0,M,France,179.0,71.0,3,0,52.0,0.0,0.0,0.0,0.0,0,0,0,0.0,0,0.0,3.4615384615384617,1.7307692307692308,0.0,0.0,0.0,0.0,41.53846153846154,0.0,1.7307692307692308,0.0,0.0,1.7307692307692308,15.576923076923077,5.1923076923076925,1.7307692307692308,0.0,0.0,3.4615384615384617,3.4615384615384617,0.0,0.0,0.0,8.833333333333334,50.0,33.33333333333333,0.0,5.794117647058823
france,Ligue 1,2025,Ainsley Maitland-Niles,28.0,D,England,177.0,71.0,30,28,2485.0,1.0,4.0,0.0,1.0,0,1,6,0.0,1,0.03621730382293763,0.47082494969818917,0.2535211267605634,0.03621730382293763,0.1448692152917505,0.18108651911468815,0.03621730382293763,40.454728370221325,0.76056338028169,2.0643863179074446,0.1448692152917505,1.1951710261569417,3.2595573440643864,7.678068410462776,3.7303822937625757,1.158953722334004,0.5070422535211268,0.6881287726358148,0.4346076458752515,1.3400402414486923,0.21730382293762576,0.0,0.03621730382293763,35.773500447627576,53.84615384615385,48.58490566037736,43.75,6.795573440643863
france,Ligue 1,2025,Aiyegun Tosin,27.0,F,Benin,179.0,75.0,27,11,1068.0,5.0,0.0,0.0,0.0,0,1,1,0.0,0,0.25280898876404495,2.106741573033708,1.0112359550561798,0.4213483146067416,0.0,0.4213483146067416,0.4213483146067416,16.60112359550562,0.9269662921348314,0.4213483146067416,0.0,0.16853932584269662,0.5898876404494382,7.247191011235955,3.2022471910112356,2.2752808988764044,1.0955056179775282,0.16853932584269662,1.1797752808988764,0.9269662921348314,0.08426966292134831,0.0,0.0,8.055837563451776,48.0,44.18604651162791,48.148148148148145,6.692127460168697
france,Ligue 1,2025,Aladji Bamba,19.0,M,France,181.0,67.0,18,10,830.0,0.0,2.0,0.0,0.0,0,0,2,0.0,0,0.0,0.10843373493975905,0.10843373493975905,0.0,0.2168674698795181,0.2168674698795181,0.0,55.84337349397591,1.4096385542168677,3.5783132530120483,0.0,0.7590361445783133,4.337349397590362,16.265060240963855,8.891566265060241,2.168674698795181,1.5180722891566265,1.4096385542168677,1.9518072289156627,2.4939759036144578,0.2168674698795181,0.0,0.0,35.81165048543689,100.0,54.666666666666664,70.0,7.033012048192772
france,Ligue 1,2025,Alejandro Gomes Rodriguez,17.0,F,England,176.0,,0,0,0.0,0.0,0.0,0.0,0.0,0,0,0,0.0,0,,,,,,,,,,,,,,,,,,,,,,,,,,,,
france,Ligue 1,2025,Aleksandr Golovin,29.0,M,Russia,178.0,69.0,25,21,1661.0,5.0,5.0,0.0,0.0,0,0,4,0.0,1,0.10836845273931367,1.3546056592414208,0.975316074653823,0.27092113184828415,0.27092113184828415,0.5418422636965683,0.27092113184828415,39.77122215532812,1.300421432871764,1.4087898856110779,0.27092113184828415,1.300421432871764,2.7092113184828417,8.452739313666466,3.684527393136665,1.6797110174593617,1.02950030102348,0.975316074653823,0.975316074653823,1.625526791089705,0.21673690547862734,0.0,0.054184226369656835,31.241144414168936,72.0,43.58974358974359,61.29032258064516,6.832630945213727
france,Ligue 1,2025,Alex Domínguez,27.0,G,Spain,187.0,80.0,0,0,0.0,0.0,0.0,0.0,0.0,0,0,0,0.0,0,,,,,,,,,,,,,,,,,,,,,,,,,,,,
france,Ligue 1,2025,Alex Teixeira,18.0,G,France,,,0,0,0.0,0.0,0.0,0.0,0.0,0,0,0,0.0,0,,,,,,,,,,,,,,,,,,,,,,,,,,,,
france,Ligue 1,2025,Alexis Mirbach,20.0,G,France,192.0,,0,0,0.0,0.0,0.0,0.0,0.0,0,0,0,0.0,0,,,,,,,,,,,,,,,,,,,,,,,,,,,,
france,Ligue 1,2025,Alexis Trouillet,25.0,M,France,175.0,65.0,2,2,165.0,0.0,0.0,0.0,0.0,0,0,0,0.0,0,0.0,0.0,0.0,0.0,0.0,0.0,0.0,41.45454545454545,0.0,2.1818181818181817,0.0,0.5454545454545454,2.7272727272727275,7.09090909090909,4.363636363636363,1.0909090909090908,0.5454545454545454,1.0909090909090908,1.6363636363636362,0.0,0.0,0.0,0.0,38.05263157894737,,61.53846153846154,50.0,6.935151515151515
france,Ligue 1,2025,Alexis Vossah,17.0,M,France,181.0,69.0,23,12,1093.0,1.0,1.0,0.0,0.0,0,0,5,0.0,1,0.0,0.4940530649588289,0.16468435498627632,0.08234217749313816,0.08234217749313816,0.16468435498627632,0.08234217749313816,30.79597438243367,0.576395242451967,0.9057639524245197,0.16468435498627632,0.6587374199451053,1.5645013723696248,6.999085086916743,3.376029277218664,0.4940530649588289,0.32936870997255263,0.6587374199451053,0.8234217749313816,1.4821591948764865,0.4117108874656908,0.0,0.08234217749313816,18.474530831099194,33.33333333333333,48.23529411764706,66.66666666666666,6.418681318681318
france,Ligue 1,2025,Alexsandro Ribeiro,26.0,D,Brazil,189.0,82.0,9,7,516.0,0.0,0.0,0.0,0.0,0,0,0,0.0,1,0.0,1.2209302325581395,0.3488372093023256,0.0,0.0,0.0,0.0,79.01162790697674,0.0,1.9186046511627908,0.5232558139534884,1.9186046511627908,3.8372093023255816,10.63953488372093,6.976744186046512,0.5232558139534884,0.3488372093023256,0.1744186046511628,1.3953488372093024,1.744186046511628,0.0,0.0,0.1744186046511628,66.40176600441501,28.57142857142857,65.57377049180327,66.66666666666666,7.110485436893204
france,Ligue 1,2025,Ali Abdi,32.0,D,Tunisia,183.0,73.0,23,13,1210.0,3.0,0.0,0.0,0.0,0,0,4,0.0,1,0.0743801652892562,0.8925619834710744,0.2975206611570248,0.2231404958677686,0.0,0.2231404958677686,0.2231404958677686,32.80165289256198,1.2644628099173554,1.859504132231405,0.2975206611570248,0.743801652892562,2.603305785123967,13.68595041322314,6.768595041322315,3.421487603305785,1.56198347107438,0.8181818181818181,1.3388429752066116,1.7107438016528924,0.2975206611570248,0.0,0.0743801652892562,20.551020408163264,33.33333333333333,49.45652173913043,45.65217391304348,6.630413223140496
france,Ligue 1,2025,Ali Youssef,24.0,D,Libya,193.0,82.0,13,10,968.0,0.0,0.0,0.0,1.0,0,0,4,0.0,0,0.0,0.27892561983471076,0.09297520661157024,0.0,0.0,0.0,0.0,37.93388429752066,0.27892561983471076,1.0227272727272727,0.46487603305785125,1.859504132231405,2.8822314049586772,6.229338842975207,4.276859504132232,0.1859504132231405,0.1859504132231405,0.371900826446281,1.0227272727272727,1.0227272727272727,0.371900826446281,0.0,0.0,37.778869778869776,33.33333333333333,68.65671641791045,100.0,6.771074380165289
france,Ligue 1,2025,Alidu Seidu,25.0,D,Ghana,173.0,68.0,21,13,1185.0,0.0,1.0,0.0,0.0,0,0,1,0.0,0,0.22784810126582278,0.37974683544303794,0.0759493670886076,0.0,0.0759493670886076,0.0759493670886076,0.0,57.493670886075954,0.6075949367088608,2.6582278481012658,0.1518987341772152,1.2911392405063291,3.949367088607595,10.556962025316457,6.607594936708861,1.0632911392405062,0.5316455696202531,0.6075949367088608,2.354430379746835,1.2151898734177216,0.0759493670886076,0.0,0.0,44.78335535006605,20.0,62.589928057553955,50.0,6.962922297297298
france,Ligue 1,2025,Alimami Gory,29.0,F,France,182.0,74.0,24,9,988.0,5.0,1.0,1.0,1.0,0,0,3,0.0,0,0.728744939271255,1.2753036437246963,0.5465587044534413,0.45546558704453444,0.09109311740890688,0.5465587044534413,0.45546558704453444,20.13157894736842,0.5465587044534413,1.7307692307692308,0.09109311740890688,0.728744939271255,2.459514170040486,8.836032388663968,4.281376518218623,1.1842105263157894,0.3643724696356275,0.8198380566801619,1.45748987854251,1.0020242914979756,0.2732793522267207,0.0,0.0,11.615384615384615,42.857142857142854,48.45360824742268,30.76923076923077,6.631477732793523
france,Ligue 1,2025,Aliou Thiare,22.0,D,Senegal,197.0,,0,0,0.0,0.0,0.0,0.0,0.0,0,0,0,0.0,0,,,,,,,,,,,,,,,,,,,,,,,,,,,,
france,Ligue 1,2025,Allan Saint-Maximin,28.0,F,France,173.0,67.0,10,2,403.0,3.0,3.0,0.0,0.0,0,0,1,0.0,0,0.22332506203473945,2.456575682382134,0.6699751861042184,0.6699751861042184,0.6699751861042184,1.3399503722084367,0.6699751861042184,37.29528535980149,4.01985111662531,0.6699751861042184,0.0,0.22332506203473945,0.8933002481389578,13.399503722084367,5.806451612903226,5.806451612903226,3.1265508684863526,0.0,1.5632754342431763,0.6699751861042184,0.22332506203473945,0.0,0.0,20.898203592814372,27.27272727272727,43.333333333333336,53.84615384615385,7.4364764267990076
france,Ligue 1,2025,Alpha Touré,19.0,M,Senegal,180.0,,30,16,1611.0,0.0,1.0,0.0,1.0,0,0,5,0.0,0,0.055865921787709494,0.558659217877095,0.055865921787709494,0.0,0.055865921787709494,0.055865921787709494,0.0,40.614525139664806,0.6145251396648045,2.23463687150838,0.22346368715083798,0.5027932960893855,2.7374301675977653,10.893854748603351,5.53072625698324,1.5083798882681565,0.8379888268156425,0.9497206703910613,1.5083798882681565,1.5083798882681565,0.2793296089385475,0.0,0.0,30.543328748280604,10.0,50.76923076923077,55.55555555555556,6.535630043451272
france,Ligue 1,2025,Alvin Petit Dol,19.0,D,France,191.0,,0,0,0.0,0.0,0.0,0.0,0.0,0,0,0,0.0,0,,,,,,,,,,,,,,,,,,,,,,,,,,,,
france,Ligue 1,2025,Amadou Cissé,19.0,D,,,,1,1,90.0,0.0,0.0,0.0,0.0,0,0,0,0.0,0,0.0,0.0,0.0,0.0,0.0,0.0,0.0,53.0,1.0,3.0,1.0,0.0,3.0,9.0,5.0,1.0,1.0,0.0,0.0,3.0,0.0,0.0,0.0,45.0,,55.55555555555556,100.0,6.3
france,Ligue 1,2025,Amadou Haidara,27.0,M,Mali,175.0,72.0,7,2,257.0,1.0,1.0,0.0,0.0,0,0,0,0.0,0,0.0,0.7003891050583657,0.7003891050583657,0.35019455252918286,0.35019455252918286,0.7003891050583657,0.35019455252918286,43.77431906614786,0.7003891050583657,0.0,0.35019455252918286,0.7003891050583657,0.7003891050583657,5.603112840466926,2.4513618677042803,0.0,0.0,0.35019455252918286,0.7003891050583657,1.4007782101167314,0.0,0.0,0.0,22.328,100.0,43.75,,6.988715953307393
france,Ligue 1,2025,Amady Camara,20.0,F,Mali,180.0,,10,1,168.0,0.0,0.0,0.0,0.0,0,0,0,0.0,0,0.0,1.607142857142857,0.0,0.0,0.0,0.0,0.0,26.785714285714285,1.0714285714285714,2.142857142857143,0.0,0.5357142857142857,2.6785714285714284,13.392857142857142,4.285714285714286,2.142857142857143,0.5357142857142857,1.0714285714285714,1.0714285714285714,2.142857142857143,0.0,0.0,0.0,6.673469387755102,0.0,32.0,25.0,6.444242424242424
france,Ligue 1,2025,Amine Gouiri,25.0,F,France,180.0,72.0,22,15,1328.0,8.0,3.0,0.0,0.0,0,0,1,0.0,0,0.27108433734939763,1.8298192771084336,1.1521084337349397,0.5421686746987953,0.2033132530120482,0.7454819277108434,0.5421686746987953,27.921686746987955,2.168674698795181,0.8132530120481928,0.06777108433734941,0.2033132530120482,1.016566265060241,9.623493975903614,3.727409638554217,3.253012048192771,1.2876506024096386,0.47439759036144574,1.0843373493975905,1.1521084337349397,0.06777108433734941,0.0,0.0,20.16747572815534,62.96296296296296,38.732394366197184,39.58333333333333,7.029216867469879
france,Ligue 1,2025,Amine Harit,28.0,M,Morocco,180.0,67.0,0,0,0.0,0.0,0.0,0.0,0.0,0,0,0,0.0,0,,,,,,,,,,,,,,,,,,,,,,,,,,,,
france,Ligue 1,2025,Amine Sbai,25.0,M,France,175.0,72.0,25,23,1834.0,3.0,1.0,0.0,0.0,0,1,3,0.0,1,0.24536532170119957,1.128680479825518,0.7851690294438386,0.14721919302071973,0.04907306434023991,0.19629225736095965,0.14721919302071973,28.364231188658668,1.4231188658669576,0.9814612868047983,0.0,0.34351145038167935,1.3249727371864777,11.1886586695747,4.122137404580153,4.858233369683751,1.8157033805888767,0.6870229007633587,1.1777535441657578,0.7360959651035988,0.14721919302071973,0.0,0.04907306434023991,19.899653979238753,69.56521739130434,36.84210526315789,37.37373737373738,6.748854961832061
france,Ligue 1,2025,Amir Murillo,29.0,D,Panama,184.0,75.0,16,11,988.0,2.0,1.0,1.0,0.0,0,0,4,0.0,0,0.18218623481781376,0.6376518218623481,0.18218623481781376,0.18218623481781376,0.09109311740890688,0.2732793522267207,0.18218623481781376,44.27125506072874,1.0020242914979756,1.9129554655870444,0.18218623481781376,0.5465587044534413,2.459514170040486,10.20242914979757,5.010121457489879,1.7307692307692308,0.728744939271255,0.45546558704453444,1.45748987854251,2.004048582995951,0.3643724696356275,0.0,0.0,40.123456790123456,28.57142857142857,49.107142857142854,42.10526315789473,6.811133603238866
france,Ligue 1,2025,Andrew Omobamidele,23.0,D,Republic of Ireland,188.0,78.0,25,13,1375.0,1.0,0.0,0.0,0.0,0,0,4,0.0,0,0.0,0.2618181818181818,0.19636363636363638,0.06545454545454545,0.0,0.06545454545454545,0.06545454545454545,77.30181818181819,0.0,0.4581818181818182,0.5890909090909091,1.1127272727272728,1.570909090909091,4.6472727272727266,2.9454545454545458,0.1309090909090909,0.0,0.06545454545454545,0.6545454545454545,0.850909090909091,0.2618181818181818,0.0,0.0,65.22438611346317,75.0,63.38028169014085,0.0,6.878254545454546
france,Ligue 1,2025,Andrija Bulatovic,19.0,M,Montenegro,180.0,71.0,19,6,787.0,0.0,4.0,0.0,1.0,0,0,2,0.0,0,0.0,1.0292249047013977,0.5717916137229987,0.0,0.457433290978399,0.457433290978399,0.0,38.42439644218551,1.829733163913596,3.7738246505717914,0.2287166454891995,1.0292249047013977,4.803049555273189,13.379923761118171,6.975857687420584,2.4015247776365944,0.6861499364675985,1.6010165184243965,2.2871664548919948,2.172808132147395,0.2287166454891995,0.0,0.0,23.300595238095237,55.55555555555556,52.13675213675214,28.57142857142857,6.9143765903307886
france,Ligue 1,2025,André Gomes,32.0,M,Portugal,188.0,84.0,2,0,14.0,0.0,0.0,0.0,0.0,0,0,0,0.0,0,0.0,0.0,0.0,0.0,0.0,0.0,0.0,45.0,0.0,0.0,0.0,0.0,0.0,45.0,19.285714285714285,19.285714285714285,19.285714285714285,6.428571428571428,0.0,12.857142857142856,0.0,0.0,0.0,4.142857142857143,,42.857142857142854,100.0,6.9
france,Ligue 1,2025,Andy Diouf,22.0,M,France,187.0,82.0,1,1,90.0,0.0,0.0,0.0,0.0,0,0,0,0.0,0,0.0,2.0,1.0,0.0,0.0,0.0,0.0,40.0,0.0,1.0,0.0,0.0,1.0,9.0,5.0,5.0,3.0,0.0,1.0,0.0,0.0,0.0,0.0,33.0,50.0,55.55555555555556,60.0,7.3
france,Ligue 1,2025,Ange Lago,20.0,F,,,,2,0,58.0,0.0,0.0,0.0,0.0,0,0,1,0.0,0,0.0,3.103448275862069,3.103448275862069,0.0,0.0,0.0,0.0,15.517241379310345,1.5517241379310345,7.758620689655173,0.0,0.0,7.758620689655173,21.724137931034484,10.862068965517242,0.0,0.0,0.0,1.5517241379310345,3.103448275862069,1.5517241379310345,0.0,0.0,8.0,100.0,50.0,,6.998275862068965
france,Ligue 1,2025,Angel Gomes,25.0,M,England,168.0,56.0,14,12,892.0,3.0,0.0,0.0,0.0,0,0,3,0.0,0,0.0,0.9080717488789237,0.5044843049327354,0.3026905829596413,0.0,0.3026905829596413,0.3026905829596413,58.7219730941704,1.8161434977578474,1.0089686098654709,0.0,0.40358744394618834,1.4125560538116593,7.365470852017937,3.329596412556054,0.9080717488789237,0.6053811659192826,0.5044843049327354,1.2107623318385652,1.9170403587443945,0.3026905829596413,0.0,0.0,53.07216494845361,55.55555555555556,45.20547945205479,66.66666666666666,6.962331838565022
france,Ligue 1,2025,Ansu Fati,23.0,F,Spain,178.0,66.0,25,10,1086.0,11.0,0.0,0.0,0.0,3,1,1,0.0,0,0.24861878453038672,2.734806629834254,1.9889502762430937,0.9116022099447514,0.0,0.9116022099447514,0.6629834254143646,35.386740331491715,1.2430939226519337,1.2430939226519337,0.0,0.3314917127071823,1.574585635359116,9.116022099447514,4.060773480662983,2.403314917127072,1.160220994475138,0.8287292817679559,0.49723756906077343,0.7458563535911602,0.08287292817679558,0.0,0.0,21.4192037470726,72.72727272727273,44.54545454545455,48.275862068965516,6.8579189686924495
france,Ligue 1,2025,Anthony Bermont,20.0,M,France,176.0,54.0,10,0,123.0,0.0,0.0,0.0,0.0,0,0,0,0.0,0,0.0,2.9268292682926833,1.4634146341463417,0.0,0.0,0.0,0.0,63.65853658536585,0.7317073170731708,0.7317073170731708,0.0,2.1951219512195124,2.9268292682926833,10.24390243902439,4.390243902439025,2.9268292682926833,1.4634146341463417,0.7317073170731708,0.0,1.4634146341463417,0.0,0.0,0.0,9.0,50.0,42.857142857142854,50.0,6.67479674796748
france,Ligue 1,2025,Anthony Lopes,35.0,G,Portugal,184.0,81.0,31,31,2789.0,0.0,0.0,0.0,1.0,0,0,4,0.0,0,0.0,0.0322696306920043,0.0,0.0,0.0,0.0,0.0,31.043384725708137,0.0,0.0322696306920043,0.0,0.0322696306920043,0.0645392613840086,0.7422015059160989,0.6453926138400861,0.0322696306920043,0.0322696306920043,0.0322696306920043,0.4517748296880602,0.0322696306920043,0.1290785227680172,0.0,0.0,24.68191268191268,0.0,86.95652173913044,100.0,7.07411258515597
france,Ligue 1,2025,Anthony Rouault,24.0,D,France,186.0,77.0,21,19,1724.0,1.0,0.0,0.0,1.0,0,0,5,0.0,0,0.0,0.31322505800464034,0.15661252900232017,0.052204176334106726,0.0,0.052204176334106726,0.052204176334106726,62.592807424593964,0.31322505800464034,1.3051044083526682,1.0440835266821344,0.9918793503480278,2.296983758700696,8.196055684454757,4.228538283062645,0.2088167053364269,0.15661252900232017,0.6264501160092807,0.4176334106728538,1.357308584686775,0.2610208816705336,0.0,0.0,62.95162635529608,50.0,51.59235668789809,75.0,7.124419953596288
france,Ligue 1,2025,Antoine Mendy,21.0,D,France,187.0,75.0,27,26,2278.0,1.0,0.0,0.0,2.0,0,0,5,0.0,0,0.03950834064969271,0.5136084284460052,0.3160667251975417,0.03950834064969271,0.0,0.03950834064969271,0.03950834064969271,51.637401229148374,0.03950834064969271,2.33099209833187,0.7506584723441616,0.7506584723441616,3.0816505706760315,10.272168568920105,6.163301141352063,0.6716417910447761,0.23705004389815626,0.8296751536435469,1.0272168568920104,1.3432835820895521,0.19754170324846357,0.0,0.0,50.30910482019893,61.53846153846154,60.0,35.294117647058826,6.825899912203687
france,Ligue 1,2025,Arnaud Bodart,27.0,G,Belgium,186.0,80.0,3,2,226.0,0.0,0.0,0.0,1.0,0,0,0,0.0,0,0.0,0.0,0.0,0.0,0.0,0.0,0.0,36.23893805309735,0.0,0.0,0.0,0.0,0.0,0.39823008849557523,0.0,0.0,0.0,0.0,0.0,0.39823008849557523,0.0,0.0,0.0,23.505494505494507,,0.0,,6.799115044247787
france,Ligue 1,2025,Arnaud Nordin,27.0,F,France,170.0,70.0,10,7,573.0,1.0,3.0,0.0,0.0,0,0,1,0.0,0,0.15706806282722513,2.356020942408377,0.7853403141361257,0.15706806282722513,0.47120418848167545,0.6282722513089005,0.15706806282722513,24.81675392670157,0.9424083769633509,1.413612565445026,0.0,0.0,1.413612565445026,11.780104712041885,5.49738219895288,2.356020942408377,0.9424083769633509,1.0994764397905759,2.6701570680628275,1.256544502617801,0.15706806282722513,0.0,0.0,14.79746835443038,33.33333333333333,46.666666666666664,40.0,6.778184991273997
france,Ligue 1,2025,Aron Dønnum,27.0,M,Norway,179.0,73.0,28,28,2424.0,4.0,4.0,2.0,0.0,3,0,10,0.0,1,0.0,1.0767326732673268,0.5198019801980198,0.1485148514851485,0.1485148514851485,0.297029702970297,0.03712871287128713,37.38861386138614,2.3019801980198022,1.7079207920792079,0.11138613861386139,1.0024752475247525,2.7103960396039604,9.504950495049505,4.158415841584159,2.0420792079207923,0.9282178217821782,1.0024752475247525,1.4108910891089108,1.5222772277227723,0.37128712871287123,0.0,0.03712871287128713,31.39424031777557,48.275862068965516,43.75,45.45454545454545,7.240676567656767
france,Ligue 1,2025,Arouna Sangante,23.0,D,Senegal,189.0,76.0,28,28,2333.0,1.0,1.0,0.0,1.0,0,0,4,0.0,2,0.0,0.30861551650235747,0.19288469781397344,0.03857693956279468,0.03857693956279468,0.07715387912558937,0.03857693956279468,54.93356193741963,0.3857693956279469,1.581654522074582,0.5786540934419202,1.465923703386198,3.0475782254607804,9.567081011573082,5.43934847835405,0.34719245606515214,0.15430775825117873,0.501500214316331,1.581654522074582,1.6202314616373767,0.15430775825117873,0.0,0.07715387912558937,52.01615168539326,62.5,56.85483870967742,44.44444444444444,6.997685383626233
france,Ligue 1,2025,Arsène Kouassi,21.0,M,Côte d'Ivoire,188.0,,31,30,2612.0,2.0,6.0,2.0,0.0,0,0,4,0.0,0,0.3445635528330781,0.27565084226646247,0.17228177641653905,0.06891271056661562,0.20673813169984687,0.27565084226646247,0.06891271056661562,30.114854517611025,1.1026033690658499,0.895865237366003,0.10336906584992343,0.7924961715160797,1.6883614088820826,7.408116385911178,4.238131699846861,2.3774885145482387,1.2748851454823888,0.3101071975497703,1.826186830015314,0.5168453292496171,0.13782542113323124,0.0,0.0,27.12700228832952,62.5,57.20930232558139,53.62318840579711,6.919754977029097
france,Ligue 1,2025,Arthur Avom Ebong,21.0,M,Cameroon,185.0,,31,22,2115.0,2.0,1.0,1.0,1.0,0,0,3,0.0,0,0.0,0.6382978723404256,0.25531914893617025,0.0851063829787234,0.0425531914893617,0.12765957446808512,0.0851063829787234,54.08510638297872,1.319148936170213,2.3404255319148937,0.12765957446808512,1.2765957446808511,3.617021276595745,9.659574468085106,5.148936170212766,1.6595744680851063,0.8936170212765958,1.2340425531914894,1.6595744680851063,0.9787234042553191,0.12765957446808512,0.0,0.0,45.09520062942565,40.0,53.30396475770925,53.84615384615385,7.077021276595745
france,Ligue 1,2025,Arthur Masuaku,32.0,D,Congo DR,179.0,80.0,4,3,229.0,0.0,0.0,0.0,0.0,0,0,1,0.0,0,0.0,0.3930131004366812,0.3930131004366812,0.0,0.0,0.0,0.0,64.06113537117903,0.7860262008733624,1.965065502183406,0.3930131004366812,0.3930131004366812,2.358078602620087,9.825327510917031,4.323144104803493,1.1790393013100435,1.1790393013100435,0.0,0.3930131004366812,0.7860262008733624,0.3930131004366812,0.0,0.0,56.77300613496933,100.0,44.0,100.0,6.455701754385966
france,Ligue 1,2025,Arthur Vermeeren,20.0,M,Belgium,180.0,76.0,20,10,830.0,0.0,1.0,0.0,0.0,0,0,1,0.0,1,0.0,0.2168674698795181,0.10843373493975905,0.0,0.10843373493975905,0.10843373493975905,0.0,62.024096385542165,1.1927710843373494,3.036144578313253,0.10843373493975905,1.3012048192771084,4.337349397590362,8.674698795180724,4.120481927710843,0.8674698795180724,0.5421686746987953,1.7349397590361448,0.10843373493975905,1.6265060240963856,0.10843373493975905,0.0,0.10843373493975905,55.76573426573427,50.0,47.5,62.5,6.538359469240048
france,Ligue 1,2025,Arthur Vignaud,18.0,G,,,,0,0,0.0,0.0,0.0,0.0,0.0,0,0,0,0.0,0,,,,,,,,,,,,,,,,,,,,,,,,,,,,
france,Ligue 1,2025,Assane Dioussé,28.0,M,Senegal,175.0,68.0,15,1,244.0,0.0,0.0,0.0,0.0,0,0,3,0.0,0,0.0,0.7377049180327869,0.36885245901639346,0.0,0.0,0.0,0.0,55.69672131147541,1.1065573770491803,1.8442622950819672,0.7377049180327869,1.8442622950819672,3.6885245901639343,9.59016393442623,4.057377049180328,0.7377049180327869,0.36885245901639346,0.36885245901639346,1.1065573770491803,2.581967213114754,1.1065573770491803,0.0,0.0,19.019867549668874,50.0,42.30769230769231,50.0,6.653333333333333
france,Ligue 1,2025,Augustine Boakye,25.0,M,Ghana,178.0,70.0,2,2,180.0,0.0,0.0,0.0,0.0,0,0,0,0.0,0,0.0,2.0,0.5,0.0,0.0,0.0,0.0,29.000000000000004,0.5,2.0,0.0,0.0,2.0,10.0,4.5,0.5,0.0,0.5,2.5,1.5,0.0,0.0,0.0,25.103448275862068,25.0,45.0,0.0,6.5
france,Ligue 1,2025,Axel Camblan,22.0,M,France,168.0,60.0,1,0,11.0,0.0,0.0,0.0,0.0,0,0,0,0.0,0,0.0,0.0,0.0,0.0,0.0,0.0,0.0,24.545454545454543,8.181818181818182,0.0,0.0,0.0,0.0,8.181818181818182,0.0,0.0,0.0,0.0,0.0,0.0,0.0,0.0,0.0,3.0,,0.0,,6.5
france,Ligue 1,2025,Axel Lassus,,M,,,,0,0,0.0,0.0,0.0,0.0,0.0,0,0,0,0.0,0,,,,,,,,,,,,,,,,,,,,,,,,,,,,
france,Ligue 1,2025,Ayoube Akabou,18.0,G,,,,0,0,0.0,0.0,0.0,0.0,0.0,0,0,0,0.0,0,,,,,,,,,,,,,,,,,,,,,,,,,,,,
france,Ligue 1,2025,Ayumu Seko,25.0,D,Japan,185.0,78.0,30,29,2625.0,0.0,0.0,0.0,0.0,0,0,6,0.0,0,0.03428571428571429,0.5142857142857142,0.20571428571428574,0.0,0.0,0.0,0.0,39.325714285714284,0.34285714285714286,1.44,0.24,1.2685714285714285,2.7085714285714286,5.622857142857143,3.394285714285714,0.13714285714285715,0.06857142857142857,0.48,0.6857142857142857,0.96,0.20571428571428574,0.0,0.0,40.32432432432432,40.0,60.36585365853659,50.0,6.817142857142857
france,Ligue 1,2025,Ayyoub Bouaddi,18.0,M,France,186.0,72.0,30,28,2338.0,0.0,1.0,0.0,1.0,0,0,7,0.0,1,0.0,0.30795551753635586,0.1924721984602224,0.0,0.03849443969204448,0.03849443969204448,0.0,40.8426005132592,0.8083832335329341,2.2711719418306244,0.2694610778443114,1.039349871685201,3.3105218135158254,9.662104362703165,5.466210436270317,2.155688622754491,1.3088109495295124,0.5389221556886228,0.9238665526090676,1.424294268605646,0.2694610778443114,0.0,0.03849443969204448,36.02073515551367,62.5,56.573705179282875,60.71428571428571,6.810094097519247
france,Ligue 1,2025,Aïssa Mandi,34.0,D,Algeria,184.0,78.0,29,28,2435.0,1.0,0.0,0.0,0.0,0,0,7,0.0,0,0.03696098562628337,0.3326488706365503,0.14784394250513347,0.03696098562628337,0.0,0.03696098562628337,0.03696098562628337,70.29979466119096,0.3696098562628337,1.219712525667351,0.5544147843942505,1.626283367556468,2.845995893223819,5.285420944558521,3.5482546201232035,0.22176591375770022,0.14784394250513347,0.3696098562628337,0.6283367556468172,0.6283367556468172,0.2587268993839836,0.0,0.0,66.81966351209253,44.44444444444444,67.13286713286713,66.66666666666666,7.282628336755647
france,Ligue 1,2025,Badredine Bouanani,21.0,F,Algeria,177.0,68.0,2,1,93.0,0.0,0.0,0.0,0.0,0,0,0,0.0,0,0.0,0.967741935483871,0.0,0.0,0.0,0.0,0.0,45.483870967741936,0.967741935483871,0.0,0.0,0.967741935483871,0.967741935483871,8.709677419354838,2.903225806451613,3.870967741935484,0.967741935483871,0.967741935483871,1.935483870967742,0.0,0.0,0.0,0.0,19.74468085106383,0.0,33.33333333333333,25.0,6.7
france,Ligue 1,2025,Bahereba Guirassy,19.0,F,Guinea,177.0,66.0,20,9,827.0,2.0,1.0,0.0,0.0,0,0,2,0.0,0,0.3264812575574365,1.1970979443772671,0.7617896009673519,0.21765417170495766,0.10882708585247883,0.3264812575574365,0.21765417170495766,21.874244256348245,0.7617896009673519,2.2853688029020556,0.10882708585247883,0.5441354292623942,2.82950423216445,14.691656590084643,5.6590084643289,4.1354292623941955,0.9794437726723096,0.652962515114873,0.9794437726723096,1.6324062877871828,0.21765417170495766,0.0,0.0,9.135,63.63636363636363,38.51851851851852,23.684210526315788,6.776178960096736
france,Ligue 1,2025,Bahmed Deuff,19.0,M,France,,,11,1,245.0,0.0,0.0,0.0,0.0,0,0,1,0.0,0,0.0,2.571428571428571,1.1020408163265305,0.0,0.0,0.0,0.0,24.612244897959183,0.3673469387755102,1.8367346938775508,1.1020408163265305,0.7346938775510204,2.571428571428571,14.693877551020407,6.244897959183674,2.204081632653061,0.7346938775510204,0.3673469387755102,1.1020408163265305,2.204081632653061,0.3673469387755102,0.0,0.0,7.149253731343284,42.857142857142854,42.5,33.33333333333333,6.603265306122449
france,Ligue 1,2025,Balthazar Pierret,25.0,M,France,186.0,82.0,1,1,90.0,0.0,0.0,0.0,0.0,0,0,1,0.0,0,0.0,1.0,1.0,0.0,0.0,0.0,0.0,75.0,2.0,0.0,0.0,2.0,2.0,9.0,2.0,3.0,0.0,1.0,1.0,3.0,1.0,0.0,0.0,62.0,100.0,22.22222222222222,0.0,6.6
france,Ligue 1,2025,Bamo Meïté,24.0,D,Côte d'Ivoire,183.0,75.0,25,22,1983.0,0.0,3.0,0.0,2.0,0,0,5,0.0,0,0.09077155824508322,0.3630862329803329,0.04538577912254161,0.0,0.1361573373676248,0.1361573373676248,0.0,39.12254160363086,0.3177004538577912,1.2708018154311649,0.5900151285930408,0.5900151285930408,1.8608169440242057,10.075642965204235,5.673222390317701,0.5900151285930408,0.3177004538577912,0.5446293494704992,1.13464447806354,1.361573373676248,0.22692889561270801,0.0,0.0,33.94895591647332,12.5,56.30630630630631,53.84615384615385,6.719364599092285
france,Ligue 1,2025,Bandiougou Fadiga,24.0,M,France,178.0,75.0,0,0,0.0,0.0,0.0,0.0,0.0,0,0,0,0.0,0,,,,,,,,,,,,,,,,,,,,,,,,,,,,
france,Ligue 1,2025,Bané Diatta,17.0,M,France,,,1,0,9.0,0.0,0.0,0.0,0.0,0,0,0,0.0,0,0.0,0.0,0.0,0.0,0.0,0.0,0.0,20.0,0.0,10.0,0.0,0.0,10.0,10.0,10.0,0.0,0.0,0.0,0.0,0.0,0.0,0.0,0.0,2.0,,100.0,,6.6
france,Ligue 1,2025,Bartosz Żelazowski,20.0,G,Poland,193.0,73.0,0,0,0.0,0.0,0.0,0.0,0.0,0,0,0,0.0,0,,,,,,,,,,,,,,,,,,,,,,,,,,,,
france,Ligue 1,2025,Believe Munongo,15.0,M,,,,11,5,428.0,0.0,0.0,0.0,0.0,0,0,1,0.0,0,0.0,0.8411214953271028,0.2102803738317757,0.0,0.0,0.0,0.0,42.05607476635514,0.6308411214953271,2.3130841121495327,0.2102803738317757,1.2616822429906542,3.5747663551401865,13.247663551401867,5.677570093457943,1.2616822429906542,0.6308411214953271,1.6822429906542056,0.4205607476635514,3.5747663551401865,0.2102803738317757,0.0,0.0,20.405,25.0,42.857142857142854,50.0,6.548598130841122
france,Ligue 1,2025,Ben Chilwell,29.0,D,England,178.0,77.0,20,19,1602.0,0.0,2.0,0.0,0.0,0,0,3,0.0,0,0.2247191011235955,0.2247191011235955,0.16853932584269662,0.0,0.11235955056179775,0.11235955056179775,0.0,44.49438202247191,0.39325842696629215,1.404494382022472,0.2247191011235955,1.2359550561797754,2.640449438202247,6.853932584269663,3.7640449438202244,0.9550561797752809,0.5617977528089887,0.8426966292134832,1.2359550561797754,0.7865168539325843,0.16853932584269662,0.0,0.0,42.5,75.0,54.91803278688525,58.82352941176471,6.607116104868914
france,Ligue 1,2025,Benjamin André,35.0,M,France,180.0,76.0,27,26,2333.0,2.0,2.0,0.0,0.0,0,0,9,0.0,0,0.11573081868838406,0.732961851693099,0.23146163737676811,0.07715387912558937,0.07715387912558937,0.15430775825117873,0.07715387912558937,55.126446635233606,0.8872696099442778,2.546078011144449,0.19288469781397344,1.2730390055722245,3.8191170167166737,13.926275182168881,7.985426489498499,0.8872696099442778,0.5400771538791256,0.732961851693099,1.6973853407629662,1.350192884697814,0.34719245606515214,0.0,0.0,46.90482855143457,31.57894736842105,57.340720221606645,60.86956521739131,7.13257608229747
france,Ligue 1,2025,Benjamin Leroy,36.0,G,France,184.0,75.0,0,0,0.0,0.0,0.0,0.0,0.0,0,0,0,0.0,0,,,,,,,,,,,,,,,,,,,,,,,,,,,,
france,Ligue 1,2025,Benjamin Old,23.0,D,New Zealand,173.0,66.0,1,1,90.0,0.0,0.0,0.0,0.0,0,0,0,0.0,0,0.0,0.0,0.0,0.0,0.0,0.0,0.0,84.0,2.0,1.0,0.0,0.0,1.0,6.0,4.0,0.0,0.0,0.0,3.0,0.0,0.0,0.0,0.0,76.0,,66.66666666666666,,7.3
france,Ligue 1,2025,Benjamin Pavard,29.0,D,France,186.0,76.0,27,22,1952.0,1.0,2.0,0.0,2.0,0,0,5,0.0,0,0.18442622950819673,0.36885245901639346,0.13831967213114754,0.04610655737704918,0.09221311475409837,0.13831967213114754,0.04610655737704918,61.82889344262295,0.507172131147541,1.290983606557377,0.5532786885245902,1.1526639344262295,2.4436475409836063,6.501024590163935,3.9651639344262297,0.09221311475409837,0.0,0.2305327868852459,0.6915983606557377,1.014344262295082,0.2305327868852459,0.0,0.0,61.94183445190156,37.5,60.99290780141844,0.0,6.830071721311475
france,Ligue 1,2025,Benjamin Stambouli,35.0,M,France,180.0,82.0,19,10,972.0,0.0,0.0,0.0,0.0,0,0,0,0.0,0,0.0,0.46296296296296297,0.0925925925925926,0.0,0.0,0.0,0.0,46.2962962962963,0.7407407407407408,2.1296296296296298,0.46296296296296297,0.7407407407407408,2.8703703703703702,8.148148148148149,4.351851851851852,1.1111111111111112,0.9259259259259259,1.2037037037037037,0.8333333333333333,1.2962962962962963,0.0,0.0,0.0,31.586,20.0,53.40909090909091,83.33333333333334,6.833023735810113
france,Ligue 1,2025,Berke Özer,25.0,G,Türkiye,190.0,73.0,32,32,2834.0,0.0,1.0,0.0,0.0,0,0,4,0.0,0,0.0,0.0,0.0,0.0,0.03175723359209598,0.03175723359209598,0.0,33.376852505292874,0.06351446718419196,0.09527170077628794,0.0,0.0,0.09527170077628794,0.8256880733944955,0.6986591390261115,0.0,0.0,0.06351446718419196,0.41284403669724773,0.0,0.12702893436838392,0.0,0.0,27.35775451950523,,84.61538461538461,,7.230275229357797
france,Ligue 1,2025,Bernard Nguene,19.0,F,Cameroon,178.0,70.0,6,0,133.0,0.0,0.0,0.0,0.0,0,0,1,0.0,0,0.6766917293233082,2.0300751879699246,0.0,0.0,0.0,0.0,0.0,22.330827067669173,0.0,2.706766917293233,0.0,2.0300751879699246,4.7368421052631575,15.56390977443609,8.796992481203008,2.0300751879699246,0.6766917293233082,0.6766917293233082,1.3533834586466165,2.0300751879699246,0.6766917293233082,0.0,0.0,6.393939393939394,0.0,56.52173913043478,33.33333333333333,6.570676691729323
france,Ligue 1,2025,Bertuğ Yıldırım,23.0,F,Türkiye,191.0,83.0,1,0,2.0,0.0,0.0,0.0,0.0,0,0,0,0.0,0,0.0,0.0,0.0,0.0,0.0,0.0,0.0,180.0,45.0,0.0,0.0,0.0,0.0,0.0,0.0,0.0,0.0,0.0,0.0,0.0,0.0,0.0,0.0,2.0,,,,
france,Ligue 1,2025,Bilal Laurendon,20.0,G,,,,0,0,0.0,0.0,0.0,0.0,0.0,0,0,0,0.0,0,,,,,,,,,,,,,,,,,,,,,,,,,,,,
france,Ligue 1,2025,Bilal Nadir,22.0,M,France,172.0,65.0,20,5,596.0,0.0,4.0,0.0,0.0,0,0,6,0.0,1,0.15100671140939598,0.6040268456375839,0.15100671140939598,0.0,0.6040268456375839,0.6040268456375839,0.0,56.0234899328859,1.8120805369127515,2.5671140939597317,0.15100671140939598,1.0570469798657718,3.624161073825503,11.627516778523491,4.077181208053691,0.9060402684563758,0.6040268456375839,1.5100671140939597,0.6040268456375839,3.624161073825503,0.9060402684563758,0.0,0.15100671140939598,39.99191374663073,25.0,35.064935064935064,66.66666666666666,6.631428571428571
france,Ligue 1,2025,Billal Brahimi,25.0,F,Algeria,183.0,75.0,1,0,8.0,0.0,0.0,0.0,0.0,0,0,0,0.0,0,0.0,0.0,0.0,0.0,0.0,0.0,0.0,33.75,11.25,0.0,0.0,0.0,0.0,0.0,0.0,0.0,0.0,0.0,0.0,0.0,0.0,0.0,0.0,3.0,,,,6.6
france,Ligue 1,2025,Bingourou Kamara,29.0,G,Senegal,196.0,92.0,3,3,270.0,0.0,0.0,0.0,0.0,0,0,0,0.0,0,0.0,0.0,0.0,0.0,0.0,0.0,0.0,22.333333333333332,0.0,0.0,0.0,0.0,0.0,0.33333333333333337,0.33333333333333337,0.0,0.0,0.0,0.33333333333333337,0.0,0.0,0.0,0.0,19.65671641791045,,100.0,,6.166666666666667
france,Ligue 1,2025,Boubacar Traoré,24.0,M,Mali,183.0,67.0,20,16,1391.0,1.0,0.0,0.0,1.0,0,0,4,0.0,0,0.0,0.9705248023005033,0.19410496046010065,0.06470165348670022,0.0,0.06470165348670022,0.06470165348670022,40.244428468727534,0.2588066139468009,3.04097771387491,0.06470165348670022,0.9058231488138031,3.946800862688713,11.452192667145939,5.95255212077642,1.6822429906542056,1.164629762760604,0.9058231488138031,0.3235082674335011,2.070452911574407,0.2588066139468009,0.0,0.0,34.42122186495177,20.0,51.9774011299435,69.23076923076923,6.725736879942487
france,Ligue 1,2025,Bouna Sarr,32.0,D,Senegal,177.0,69.0,12,10,897.0,0.0,0.0,0.0,0.0,0,0,1,0.0,0,0.20066889632107024,1.1036789297658862,0.3010033444816054,0.0,0.0,0.0,0.0,35.518394648829435,0.802675585284281,2.3076923076923075,0.6020066889632107,1.1036789297658862,3.411371237458194,11.739130434782608,6.2207357859531776,3.210702341137124,1.1036789297658862,0.6020066889632107,2.0066889632107023,1.2040133779264215,0.10033444816053512,0.0,0.0,30.449152542372882,27.27272727272727,52.991452991452995,34.375,6.657302118171684
france,Ligue 1,2025,Brad-Hamilton Mantsounga,18.0,D,,,,1,1,90.0,0.0,0.0,0.0,0.0,0,0,0,0.0,0,0.0,0.0,0.0,0.0,0.0,0.0,0.0,86.0,0.0,6.0,3.0,0.0,6.0,9.0,8.0,0.0,0.0,0.0,2.0,0.0,0.0,0.0,0.0,85.0,,88.88888888888889,,7.0
france,Ligue 1,2025,Bradel Kiwa,19.0,D,France,191.0,90.0,0,0,0.0,0.0,0.0,0.0,0.0,0,0,0,0.0,0,,,,,,,,,,,,,,,,,,,,,,,,,,,,
france,Ligue 1,2025,Bradley Barcola,23.0,F,France,182.0,73.0,29,21,1750.0,11.0,1.0,1.0,0.0,0,0,2,0.0,0,0.30857142857142855,2.571428571428571,1.5942857142857143,0.5657142857142857,0.051428571428571435,0.6171428571428571,0.5657142857142857,37.08,1.9542857142857142,1.542857142857143,0.051428571428571435,0.6171428571428571,2.16,10.388571428571428,4.422857142857143,4.474285714285714,1.8514285714285714,0.6171428571428571,0.5142857142857142,1.0285714285714285,0.10285714285714287,0.0,0.0,23.840499306518723,62.0,42.57425742574257,41.37931034482759,7.280285714285714
france,Ligue 1,2025,Bradley Danger,27.0,M,France,182.0,73.0,1,1,90.0,0.0,0.0,0.0,0.0,0,0,1,0.0,0,0.0,0.0,0.0,0.0,0.0,0.0,0.0,62.0,2.0,3.0,0.0,0.0,3.0,8.0,6.0,2.0,1.0,0.0,1.0,0.0,1.0,0.0,0.0,57.0,,75.0,50.0,7.5
france,Ligue 1,2025,Bradley Locko,23.0,D,France,180.0,74.0,21,14,1302.0,0.0,2.0,0.0,0.0,0,0,0,0.0,0,0.1382488479262673,0.1382488479262673,0.06912442396313365,0.0,0.1382488479262673,0.1382488479262673,0.0,31.86635944700461,0.5529953917050692,3.6635944700460827,0.0,0.7603686635944701,4.423963133640553,11.336405529953916,6.2211981566820285,1.6589861751152073,0.8294930875576036,1.5898617511520736,1.2442396313364057,0.8294930875576036,0.0,0.0,0.0,21.566160520607376,50.0,54.87804878048781,50.0,6.686635944700461
france,Ligue 1,2025,Branco van den Boomen,30.0,M,Netherlands,188.0,75.0,15,14,1242.0,0.0,1.0,0.0,0.0,0,1,2,0.0,0,0.0,0.7246376811594202,0.3623188405797101,0.0,0.07246376811594203,0.07246376811594203,0.0,57.10144927536232,2.028985507246377,1.9565217391304348,0.2898550724637681,0.5072463768115942,2.463768115942029,7.391304347826087,3.4057971014492754,0.6521739130434783,0.2898550724637681,1.3043478260869565,0.6521739130434783,1.3768115942028987,0.14492753623188406,0.0,0.0,49.98984771573604,50.0,46.07843137254902,44.44444444444444,7.047423510466988
france,Ligue 1,2025,Breel Embolo,28.0,F,Switzerland,187.0,84.0,31,20,1872.0,9.0,3.0,0.0,0.0,0,0,3,0.0,0,0.6730769230769231,1.7307692307692308,0.8653846153846154,0.4326923076923077,0.14423076923076922,0.5769230769230769,0.4326923076923077,17.403846153846153,0.721153846153846,0.9134615384615385,0.19230769230769232,0.19230769230769232,1.1057692307692308,13.173076923076923,5.8173076923076925,2.1153846153846154,0.721153846153846,0.4807692307692308,2.7884615384615383,2.3076923076923075,0.14423076923076922,0.0,0.0,11.125348189415043,50.0,44.16058394160584,34.090909090909086,6.7131944444444445
france,Ligue 1,2025,Brendan Chardonnet,31.0,D,France,181.0,74.0,29,29,2547.0,1.0,3.0,1.0,0.0,0,0,6,0.0,0,0.0,0.4240282685512367,0.21201413427561835,0.0353356890459364,0.10600706713780918,0.1413427561837456,0.0353356890459364,44.169611307420496,0.4240282685512367,1.2720848056537102,1.4134275618374559,1.1307420494699647,2.402826855123675,7.985865724381625,4.69964664310954,0.0706713780918728,0.0353356890459364,0.49469964664310956,0.7067137809187279,0.9893992932862191,0.21201413427561835,0.0,0.0,41.0192,50.0,58.849557522123895,50.0,6.954770318021201
france,Ligue 1,2025,Brian Madjo,16.0,F,England,186.0,75.0,5,2,162.0,0.0,0.0,0.0,0.0,0,0,0,0.0,0,1.6666666666666665,1.1111111111111112,0.5555555555555556,0.0,0.0,0.0,0.0,10.0,0.0,0.0,0.0,0.0,0.0,8.333333333333332,3.333333333333333,0.5555555555555556,0.0,0.0,1.6666666666666665,1.6666666666666665,0.0,0.0,0.0,3.8823529411764706,50.0,40.0,0.0,6.636645962732919
france,Ligue 1,2025,Brice Maubleu,36.0,G,France,192.0,83.0,1,0,1.0,0.0,0.0,0.0,0.0,0,0,0,0.0,0,0.0,0.0,0.0,0.0,0.0,0.0,0.0,90.0,0.0,0.0,0.0,0.0,0.0,0.0,0.0,0.0,0.0,0.0,0.0,0.0,0.0,0.0,0.0,1.0,,,,
france,Ligue 1,2025,Brice Samba,31.0,G,France,187.0,90.0,32,32,2880.0,0.0,0.0,0.0,1.0,0,0,5,0.0,0,0.0,0.0,0.0,0.0,0.0,0.0,0.0,37.0,0.0625,0.0625,0.0,0.0,0.0625,0.5,0.40624999999999994,0.0,0.0,0.03125,0.21875,0.03125,0.15625,0.0,0.0,31.09037162162162,,81.25,,6.95625
france,Ligue 1,2025,Bryan Okoh,22.0,D,Switzerland,189.0,88.0,13,12,1011.0,3.0,0.0,0.0,1.0,0,0,2,0.0,0,0.0,0.5341246290801187,0.26706231454005935,0.26706231454005935,0.0,0.26706231454005935,0.26706231454005935,37.65578635014837,0.35608308605341243,1.1572700296735905,1.1572700296735905,2.403560830860534,3.560830860534124,7.299703264094956,4.629080118694362,0.17804154302670622,0.0,0.35608308605341243,0.7121661721068249,1.1572700296735905,0.17804154302670622,0.0,0.0,35.57683215130024,50.0,63.41463414634146,0.0,7.136498516320475
france,Ligue 1,2025,Caio Henrique,28.0,D,Brazil,178.0,68.0,22,17,1542.0,0.0,2.0,0.0,1.0,0,0,2,0.0,0,0.058365758754863814,0.0,0.0,0.0,0.11673151750972763,0.11673151750972763,0.0,45.40856031128405,1.2256809338521402,1.3424124513618678,0.35019455252918286,0.6420233463035019,1.9844357976653697,5.8949416342412455,2.9766536964980546,0.8754863813229572,0.35019455252918286,0.40856031128404674,0.9922178988326849,0.7587548638132295,0.11673151750972763,0.0,0.0,38.10154241645244,,50.495049504950494,40.0,6.685019455252918
france,Ligue 1,2025,Calvin Verdonk,28.0,D,Netherlands,174.0,69.0,18,7,796.0,0.0,0.0,0.0,0.0,0,0,3,0.0,1,0.0,0.22613065326633167,0.11306532663316583,0.0,0.0,0.0,0.0,61.39447236180904,0.9045226130653267,1.6959798994974873,0.11306532663316583,2.035175879396985,3.7311557788944723,6.444723618090452,3.505025125628141,0.22613065326633167,0.0,0.33919597989949746,0.33919597989949746,1.5829145728643217,0.33919597989949746,0.0,0.11306532663316583,42.68819188191882,50.0,54.385964912280706,0.0,6.731863979848867
france,Ligue 1,2025,Carlens Arcus,29.0,D,Haiti,180.0,73.0,26,24,2051.0,0.0,3.0,0.0,1.0,0,0,6,0.0,0,0.0,0.30716723549488056,0.04388103364212579,0.0,0.13164310092637738,0.13164310092637738,0.0,48.92735251097026,0.7020965382740126,1.6235982447586543,0.13164310092637738,1.3603120429058995,2.9839102876645542,6.538274012676744,3.5104826913700635,0.21940516821062897,0.08776206728425158,0.6143344709897611,0.7020965382740126,1.4480741101901513,0.26328620185275475,0.0,0.0,43.10044843049327,14.285714285714285,53.691275167785236,40.0,6.693954168698196
france,Ligue 1,2025,Chancel Mbemba,31.0,D,Congo DR,182.0,81.0,13,9,953.0,0.0,0.0,0.0,0.0,0,0,3,0.0,0,0.0,0.47219307450157394,0.2833158447009444,0.0,0.0,0.0,0.0,62.51836306400839,0.3777544596012592,1.3221406086044072,0.3777544596012592,1.3221406086044072,2.6442812172088144,6.516264428121721,3.8719832109129064,0.2833158447009444,0.0944386149003148,0.3777544596012592,0.5666316894018888,0.9443861490031479,0.2833158447009444,0.0,0.0,56.36706948640484,60.0,59.42028985507246,33.33333333333333,6.843067226890756
france,Ligue 1,2025,Charles Vanhoutte,27.0,M,Belgium,182.0,76.0,27,21,1864.0,0.0,2.0,0.0,1.0,0,0,6,0.0,0,0.0,0.14484978540772533,0.048283261802575105,0.0,0.09656652360515021,0.09656652360515021,0.0,49.828326180257505,0.7242489270386265,2.3175965665236054,0.5311158798283262,0.9656652360515021,3.2832618025751072,9.511802575107296,4.876609442060086,0.7725321888412017,0.38626609442060084,1.0139484978540774,0.38626609442060084,1.7381974248927041,0.28969957081545067,0.0,0.0,40.349806201550386,33.33333333333333,51.26903553299492,50.0,6.846054750402577
france,Ligue 1,2025,Charlie Cresswell,23.0,D,England,187.0,74.0,29,28,2533.0,3.0,2.0,0.0,0.0,0,0,8,0.0,0,0.1421239636794315,1.1014607185155942,0.42637189103829454,0.10659297275957363,0.07106198183971575,0.17765495459928937,0.10659297275957363,50.06316620607974,0.39084090011843664,0.9238057639163049,1.0659297275957362,0.9948677457560204,1.9186735096723253,10.517173312277931,6.075799447295697,0.035530990919857876,0.035530990919857876,0.7106198183971575,0.5329648637978681,1.1014607185155942,0.284247927358863,0.0,0.0,49.17885024840312,38.70967741935484,57.770270270270274,100.0,6.98278720884327
france,Ligue 1,2025,Cheick Tidiane Sabaly,26.0,F,Senegal,168.0,56.0,14,12,976.0,0.0,2.0,0.0,0.0,0,0,2,0.0,0,0.4610655737704918,0.6454918032786885,0.36885245901639346,0.0,0.18442622950819673,0.18442622950819673,0.0,21.116803278688526,0.9221311475409836,1.6598360655737705,0.2766393442622951,0.4610655737704918,2.1209016393442623,11.987704918032788,4.610655737704918,3.135245901639344,1.290983606557377,0.8299180327868853,1.4754098360655739,1.290983606557377,0.18442622950819673,0.0,0.0,15.728070175438596,57.14285714285714,38.46153846153847,41.17647058823529,6.63155737704918
france,Ligue 1,2025,Chibuike Ugochukwu,17.0,M,,,,0,0,0.0,0.0,0.0,0.0,0.0,0,0,0,0.0,0,,,,,,,,,,,,,,,,,,,,,,,,,,,,
france,Ligue 1,2025,Chidozie Awaziem,29.0,D,Nigeria,189.0,78.0,26,25,2232.0,1.0,2.0,0.0,0.0,0,0,7,0.0,0,0.04032258064516129,0.28225806451612906,0.16129032258064516,0.04032258064516129,0.08064516129032258,0.12096774193548387,0.04032258064516129,55.16129032258065,0.4032258064516129,1.1290322580645162,0.6854838709677419,0.8064516129032258,1.935483870967742,6.290322580645161,3.870967741935484,0.3225806451612903,0.16129032258064516,0.4032258064516129,0.8467741935483871,0.9274193548387097,0.28225806451612906,0.0,0.0,53.08479532163743,57.14285714285714,61.53846153846154,50.0,6.947804659498208
france,Ligue 1,2025,Christian Mawissa,20.0,D,France,185.0,77.0,18,13,1195.0,0.0,0.0,0.0,1.0,0,0,4,0.0,0,0.0,0.1506276150627615,0.07531380753138076,0.0,0.0,0.0,0.0,63.94142259414225,0.37656903765690375,2.2594142259414225,0.45188284518828453,1.3556485355648535,3.6150627615062763,10.543933054393305,6.02510460251046,2.1087866108786613,1.3556485355648535,0.7531380753138075,0.9037656903765691,0.9037656903765691,0.301255230125523,0.0,0.0,63.06949352179034,50.0,57.14285714285714,64.28571428571429,6.61347280334728
france,Ligue 1,2025,Christopher Wooh,24.0,D,Cameroon,191.0,92.0,2,1,64.0,0.0,0.0,0.0,0.0,0,0,0,0.0,1,0.0,0.0,0.0,0.0,0.0,0.0,0.0,26.71875,0.0,0.0,0.0,0.0,0.0,2.8125,1.40625,1.40625,1.40625,0.0,0.0,1.40625,0.0,0.0,1.40625,9.157894736842104,,50.0,100.0,6.3125
france,Ligue 1,2025,Ciro Immobile,35.0,F,Italy,185.0,78.0,12,9,711.0,2.0,2.0,0.0,0.0,0,0,2,0.0,0,1.0126582278481013,1.5189873417721518,0.6329113924050632,0.25316455696202533,0.25316455696202533,0.5063291139240507,0.25316455696202533,19.746835443037977,1.139240506329114,0.0,0.25316455696202533,0.12658227848101267,0.12658227848101267,6.8354430379746836,2.278481012658228,0.6329113924050632,0.37974683544303794,0.25316455696202533,0.7594936708860759,1.0126582278481013,0.25316455696202533,0.0,0.0,11.487179487179487,41.66666666666667,33.33333333333333,60.0,6.766104078762306
france,Ligue 1,2025,Clement Akpa,24.0,D,France,181.0,68.0,26,21,1949.0,0.0,0.0,0.0,1.0,0,0,4,0.0,1,0.04617752693689071,0.13853258081067213,0.0,0.0,0.0,0.0,0.0,49.54848640328374,0.41559774243201647,1.4315033350436122,0.41559774243201647,0.969728065674705,2.401231400718317,7.526936890713187,4.940995382247307,0.6003078501795792,0.5079527963057978,0.4617752693689071,1.3853258081067215,0.5541303232426885,0.18471010774756283,0.0,0.04617752693689071,40.79589934762348,0.0,65.6441717791411,84.61538461538461,6.753771164699846
france,Ligue 1,2025,Clinton Mata,33.0,D,Angola,180.0,72.0,32,32,2836.0,0.0,0.0,0.0,1.0,0,0,5,0.0,0,0.0,0.12693935119887165,0.0,0.0,0.0,0.0,0.0,58.42383638928068,0.06346967559943582,1.2376586741889986,0.8885754583921016,0.9203102961918195,2.1579689703808183,6.53737658674189,3.7447108603667134,0.47602256699576867,0.2538787023977433,0.31734837799717913,1.1424541607898449,1.1107193229901269,0.15867418899858957,0.0,0.0,58.37805540467137,0.0,57.28155339805825,53.333333333333336,6.926198871650212
france,Ligue 1,2025,Cléo Mélières,20.0,D,France,,,2,0,30.0,0.0,0.0,0.0,0.0,0,0,1,0.0,0,0.0,0.0,0.0,0.0,0.0,0.0,0.0,36.0,0.0,0.0,0.0,0.0,0.0,3.0,0.0,0.0,0.0,0.0,0.0,3.0,3.0,0.0,0.0,11.0,,0.0,,5.7
france,Ligue 1,2025,Conrad Jaden Egan-Riley,22.0,D,England,183.0,70.0,11,8,626.0,0.0,0.0,0.0,0.0,0,0,1,0.0,1,0.0,0.0,0.0,0.0,0.0,0.0,0.0,75.19169329073483,0.2875399361022364,1.4376996805111821,0.5750798722044728,0.1437699680511182,1.5814696485623003,6.4696485623003195,3.7380191693290734,0.43130990415335463,0.1437699680511182,0.43130990415335463,0.7188498402555911,0.7188498402555911,0.1437699680511182,0.0,0.1437699680511182,65.49904397705545,,57.77777777777777,33.33333333333333,6.78464
france,Ligue 1,2025,Corentin Issanchou Roubiou,20.0,F,France,176.0,60.0,0,0,0.0,0.0,0.0,0.0,0.0,0,0,0,0.0,0,,,,,,,,,,,,,,,,,,,,,,,,,,,,
france,Ligue 1,2025,Corentin Tolisso,31.0,M,France,181.0,81.0,30,26,2306.0,11.0,4.0,1.0,1.0,2,1,5,0.0,0,0.1170858629661752,1.6392020815264525,1.0537727666955767,0.4293148308759758,0.15611448395490027,0.585429314830876,0.3512575888985256,51.28360797918473,1.3269731136166523,1.2489158716392021,0.3902862098872506,0.7025151777970512,1.9514310494362532,11.669557675628793,5.69817866435386,0.6244579358196011,0.2341717259323504,1.209887250650477,2.146574154379879,1.6392020815264525,0.1951431049436253,0.0,0.0,42.574581430745816,64.28571428571429,48.82943143812709,37.5,7.151864700780573
france,Ligue 1,2025,Cristian Cásseres Jr.,25.0,M,Venezuela,176.0,68.0,30,28,2499.0,2.0,3.0,1.0,1.0,0,1,7,0.0,0,0.03601440576230493,0.6482593037214885,0.2160864345738295,0.07202881152460985,0.10804321728691475,0.18007202881152462,0.07202881152460985,49.59183673469387,1.4045618247298919,2.8091236494597838,0.3241296518607443,1.2605042016806722,4.069627851140456,9.543817527010805,5.330132052821128,1.2605042016806722,0.5762304921968788,0.9723889555822329,1.5126050420168067,1.4045618247298919,0.25210084033613445,0.0,0.0,44.096586782861294,33.33333333333333,55.84905660377358,45.714285714285715,7.159183673469387
france,Ligue 1,2025,Damien Durand,30.0,M,France,173.0,65.0,1,1,90.0,0.0,1.0,0.0,0.0,0,0,0,0.0,0,0.0,0.0,0.0,0.0,1.0,1.0,0.0,42.0,1.0,2.0,0.0,2.0,4.0,8.0,2.0,1.0,0.0,3.0,0.0,1.0,0.0,0.0,0.0,38.0,,25.0,0.0,6.6
france,Ligue 1,2025,Damián Pizarro,20.0,F,Chile,187.0,85.0,2,0,26.0,0.0,0.0,0.0,0.0,0,0,0,0.0,0,3.4615384615384617,0.0,0.0,0.0,0.0,0.0,0.0,10.384615384615385,0.0,0.0,0.0,0.0,0.0,13.846153846153847,3.4615384615384617,0.0,0.0,0.0,3.4615384615384617,3.4615384615384617,0.0,0.0,0.0,2.0,,25.0,,6.3999999999999995
france,Ligue 1,2025,Dan Sinaté,19.0,M,France,,,3,0,31.0,0.0,0.0,0.0,0.0,0,0,0,0.0,0,0.0,2.903225806451613,0.0,0.0,0.0,0.0,0.0,49.354838709677416,0.0,0.0,0.0,0.0,0.0,14.516129032258064,5.806451612903226,8.709677419354838,5.806451612903226,2.903225806451613,0.0,0.0,0.0,0.0,0.0,7.117647058823529,0.0,40.0,66.66666666666666,6.236666666666666
france,Ligue 1,2025,Daniel Semedo,22.0,M,,,,1,0,10.0,0.0,0.0,0.0,0.0,0,0,0,0.0,0,0.0,0.0,0.0,0.0,0.0,0.0,0.0,18.0,0.0,0.0,0.0,9.0,9.0,27.0,0.0,0.0,0.0,9.0,0.0,18.0,0.0,0.0,0.0,2.0,,0.0,,6.5
france,Ligue 1,2025,Danny Namaso,25.0,F,England,182.0,77.0,30,29,2525.0,3.0,3.0,0.0,1.0,0,0,9,0.0,0,0.1425742574257426,1.4257425742574257,0.6059405940594059,0.10693069306930693,0.10693069306930693,0.21386138613861386,0.10693069306930693,25.05742574257426,1.1405940594059407,1.2475247524752475,0.0712871287128713,0.3564356435643564,1.6039603960396038,14.364356435643565,5.738613861386138,3.0653465346534654,1.1762376237623762,0.4277227722772277,1.6752475247524752,2.2811881188118814,0.3207920792079208,0.0,0.0,21.320056899004268,42.5,39.950372208436725,38.372093023255815,6.690930693069307
france,Ligue 1,2025,Dante,42.0,D,Brazil,188.0,87.0,13,10,930.0,0.0,1.0,0.0,1.0,0,0,2,0.0,0,0.0967741935483871,0.4838709677419355,0.1935483870967742,0.0,0.0967741935483871,0.0967741935483871,0.0,51.29032258064517,0.1935483870967742,0.967741935483871,0.5806451612903226,0.967741935483871,1.935483870967742,5.516129032258064,3.2903225806451615,0.1935483870967742,0.0967741935483871,0.5806451612903226,0.3870967741935484,1.064516129032258,0.1935483870967742,0.0,0.0,47.16981132075472,40.0,59.64912280701754,50.0,6.806344086021505
france,Ligue 1,2025,Daouda Guindo,23.0,D,Mali,183.0,68.0,25,19,1700.0,1.0,1.0,0.0,1.0,0,0,4,0.0,1,0.2117647058823529,0.8470588235294116,0.2647058823529412,0.05294117647058823,0.05294117647058823,0.10588235294117646,0.05294117647058823,35.73529411764706,0.4764705882352941,1.9588235294117646,0.4235294117647058,1.588235294117647,3.547058823529412,6.458823529411765,3.6,0.4764705882352941,0.2117647058823529,0.6882352941176471,0.7941176470588235,1.3764705882352941,0.2117647058823529,0.0,0.05294117647058823,26.463703703703704,31.25,55.73770491803278,44.44444444444444,6.541235294117647
france,Ligue 1,2025,Daren Nbenbege Mosengo,19.0,M,France,188.0,72.0,7,0,110.0,0.0,0.0,0.0,0.0,0,0,0,0.0,0,0.0,0.0,0.0,0.0,0.0,0.0,0.0,42.54545454545455,0.0,1.6363636363636362,2.4545454545454546,0.8181818181818181,2.4545454545454546,18.0,4.909090909090909,1.6363636363636362,0.0,6.545454545454545,1.6363636363636362,0.8181818181818181,0.0,0.0,0.0,13.288461538461538,,27.27272727272727,0.0,6.59537037037037
france,Ligue 1,2025,Darlin Yongwa,25.0,D,Cameroon,177.0,65.0,23,14,1312.0,0.0,1.0,1.0,1.0,0,0,4,0.0,0,0.06859756097560976,0.34298780487804875,0.13719512195121952,0.0,0.06859756097560976,0.06859756097560976,0.0,43.765243902439025,1.1661585365853657,2.1951219512195124,0.13719512195121952,0.7545731707317074,2.9496951219512195,11.798780487804878,5.8307926829268295,1.9207317073170733,0.8917682926829268,0.8917682926829268,1.5091463414634148,0.9603658536585367,0.27439024390243905,0.0,0.0,39.81191222570533,40.0,49.41860465116279,46.42857142857143,6.698704268292683
france,Ligue 1,2025,Darryl Bakola,18.0,M,France,178.0,70.0,8,0,90.0,0.0,0.0,0.0,0.0,0,0,0,0.0,0,0.0,2.0,1.0,0.0,0.0,0.0,0.0,44.0,1.0,2.0,0.0,0.0,2.0,19.0,8.0,2.0,1.0,1.0,4.0,4.0,0.0,0.0,0.0,7.431818181818182,50.0,42.10526315789473,50.0,6.522471910112359
france,Ligue 1,2025,David Boly,16.0,D,,,,0,0,0.0,0.0,0.0,0.0,0.0,0,0,0,0.0,0,,,,,,,,,,,,,,,,,,,,,,,,,,,,
france,Ligue 1,2025,David Datro Fofana,23.0,F,Côte d'Ivoire,181.0,76.0,5,3,180.0,0.0,0.0,0.0,0.0,0,0,0,0.0,0,1.5,1.5,0.5,0.0,0.0,0.0,0.0,16.5,0.5,1.0,0.0,0.5,1.5,9.5,3.0,2.0,1.0,0.0,0.5,1.5,0.0,0.0,0.0,6.666666666666667,33.33333333333333,31.57894736842105,50.0,6.372777777777777
france,Ligue 1,2025,Dayann Methalie,19.0,M,France,186.0,70.0,27,22,1882.0,2.0,1.0,1.0,1.0,0,0,9,0.0,0,0.04782146652497343,0.5738575982996812,0.33475026567481403,0.09564293304994687,0.04782146652497343,0.1434643995749203,0.09564293304994687,22.332624867162593,0.43039319872476095,2.5823591923485654,0.1434643995749203,1.1955366631243358,3.7778958554729014,12.52922422954304,5.02125398512221,3.7300743889479278,1.3390010626992561,0.33475026567481403,0.5260361317747078,2.725823591923486,0.43039319872476095,0.0,0.0,16.14775160599572,58.333333333333336,40.0763358778626,35.8974358974359,6.5477683315621675
france,Ligue 1,2025,Dehmaine Tabibou,20.0,M,France,181.0,73.0,27,14,1282.0,1.0,0.0,0.0,0.0,0,0,4,0.0,1,0.0,1.3338533541341655,0.4914196567862715,0.07020280811232449,0.0,0.07020280811232449,0.07020280811232449,28.151326053042123,1.40405616224649,2.1060842433697347,0.0,1.1934477379095165,3.299531981279251,11.23244929797192,5.61622464898596,2.5975039001560063,1.40405616224649,0.7722308892355695,1.40405616224649,1.6146645865834635,0.28081123244929795,0.0,0.07020280811232449,16.3275,36.84210526315789,50.0,54.054054054054056,6.753510140405616
france,Ligue 1,2025,Deiver Machado,32.0,D,Colombia,180.0,75.0,19,16,1186.0,0.0,1.0,0.0,0.0,0,0,3,0.0,0,0.30354131534569984,0.6070826306913997,0.15177065767284992,0.0,0.07588532883642496,0.07588532883642496,0.0,27.69814502529511,0.5311973018549747,1.5935919055649244,0.07588532883642496,0.7588532883642496,2.3524451939291735,10.472175379426645,4.9325463743676226,1.5935919055649244,0.5311973018549747,0.3794266441821248,2.124789207419899,1.897133220910624,0.22765598650927485,0.0,0.0,20.786301369863015,25.0,47.10144927536232,33.33333333333333,6.595527426160338
france,Ligue 1,2025,Dembo Sylla,23.0,M,Guinea,175.0,72.0,1,1,76.0,0.0,0.0,0.0,0.0,0,0,0,0.0,0,0.0,0.0,0.0,0.0,0.0,0.0,0.0,34.3421052631579,0.0,2.3684210526315788,0.0,3.552631578947368,5.921052631578947,5.921052631578947,3.552631578947368,2.3684210526315788,1.1842105263157894,0.0,0.0,1.1842105263157894,0.0,0.0,0.0,22.0,,60.0,50.0,6.3
france,Ligue 1,2025,Denis Zakaria,29.0,D,Switzerland,191.0,76.0,24,23,2033.0,2.0,1.0,0.0,0.0,0,0,4,0.0,1,0.0,0.5312346286276438,0.13280865715691095,0.08853910477127397,0.044269552385636984,0.13280865715691095,0.08853910477127397,49.18347270044269,0.2656173143138219,1.6822429906542056,0.6640432857845548,1.7707820954254796,3.4530250860796854,6.064928676832268,3.0103295622233155,0.6640432857845548,0.3541564190850959,0.5312346286276438,0.3098868666994589,1.1510083620265616,0.17707820954254794,0.0,0.044269552385636984,52.45274527452745,25.0,49.63503649635037,53.333333333333336,6.862764387604526
france,Ligue 1,2025,Dennis Appiah,33.0,D,France,179.0,68.0,2,2,123.0,0.0,0.0,0.0,0.0,0,0,0,0.0,0,0.0,0.0,0.0,0.0,0.0,0.0,0.0,35.1219512195122,3.6585365853658534,0.7317073170731708,0.7317073170731708,2.1951219512195124,2.9268292682926833,5.853658536585367,0.7317073170731708,1.4634146341463417,0.0,0.7317073170731708,0.0,0.7317073170731708,0.0,0.0,0.0,19.041666666666668,,12.5,0.0,7.017073170731708
france,Ligue 1,2025,Derek Cornelius,28.0,D,Canada,188.0,86.0,2,0,57.0,0.0,0.0,0.0,0.0,0,0,0,0.0,0,0.0,0.0,0.0,0.0,0.0,0.0,0.0,22.105263157894736,0.0,0.0,3.1578947368421053,1.5789473684210527,1.5789473684210527,4.7368421052631575,3.1578947368421053,0.0,0.0,0.0,3.1578947368421053,0.0,0.0,0.0,0.0,12.0,,66.66666666666666,,6.9
france,Ligue 1,2025,Diego Coppola,22.0,D,Italy,192.0,78.0,13,13,1170.0,0.0,2.0,0.0,0.0,0,0,1,0.0,0,0.0,0.38461538461538464,0.23076923076923078,0.0,0.15384615384615385,0.15384615384615385,0.0,48.38461538461538,0.3076923076923077,0.9230769230769231,0.7692307692307693,0.46153846153846156,1.3846153846153846,6.384615384615384,3.307692307692308,0.15384615384615385,0.15384615384615385,0.6153846153846154,0.23076923076923078,0.46153846153846156,0.07692307692307693,0.0,0.0,45.33704292527822,60.0,51.80722891566265,100.0,6.930769230769231
france,Ligue 1,2025,Diego Moreira,21.0,M,Portugal,179.0,73.0,27,23,2041.0,4.0,6.0,0.0,0.0,0,0,4,0.0,0,0.3527682508574228,0.7937285644292015,0.48505634492895644,0.1763841254287114,0.2645761881430671,0.4409603135717785,0.1763841254287114,41.847133757961785,1.6756491915727583,1.9402253797158258,0.1763841254287114,0.926016658500735,2.8662420382165603,11.420872121509065,5.335619794218521,3.7922586967172958,1.587457128858403,1.3228809407153357,1.190592846643802,0.7937285644292015,0.1763841254287114,0.0,0.0,32.87249736564805,61.111111111111114,46.71814671814672,41.86046511627907,7.03047525722685
france,Ligue 1,2025,Dilane Bakwa,23.0,F,France,180.0,75.0,3,0,105.0,1.0,2.0,1.0,0.0,0,0,0,0.0,0,0.0,0.8571428571428572,0.8571428571428572,0.8571428571428572,1.7142857142857144,2.571428571428571,0.8571428571428572,36.0,2.571428571428571,0.8571428571428572,0.0,0.8571428571428572,1.7142857142857144,13.714285714285715,8.571428571428571,7.714285714285714,4.285714285714286,0.8571428571428572,3.428571428571429,0.0,0.0,0.0,0.0,13.285714285714286,100.0,62.5,55.55555555555556,7.728571428571429
france,Ligue 1,2025,Dimitri Lucea,19.0,D,,,,2,1,59.0,0.0,0.0,0.0,0.0,0,0,0,0.0,0,0.0,0.0,0.0,0.0,0.0,0.0,0.0,79.32203389830508,0.0,6.101694915254237,0.0,3.0508474576271185,9.152542372881356,18.305084745762713,10.677966101694915,1.5254237288135593,0.0,3.0508474576271185,1.5254237288135593,1.5254237288135593,0.0,0.0,0.0,28.346153846153847,,58.333333333333336,0.0,6.852542372881356
france,Ligue 1,2025,Djaoui Cissé,21.0,M,France,188.0,73.0,24,12,1002.0,0.0,0.0,0.0,0.0,0,0,3,0.0,0,0.0,1.347305389221557,0.5389221556886228,0.0,0.0,0.0,0.0,46.07784431137724,1.1676646706586826,2.9640718562874255,0.4491017964071856,0.5389221556886228,3.502994011976048,10.688622754491018,5.029940119760479,2.155688622754491,0.8083832335329341,0.7185628742514969,0.8083832335329341,1.6167664670658681,0.2694610778443114,0.0,0.0,23.109375,40.0,47.05882352941176,37.5,6.653393213572854
france,Ligue 1,2025,Djibirin Harouna,18.0,F,,,,15,1,323.0,2.0,1.0,0.0,0.0,0,0,2,0.0,0,0.0,1.3931888544891642,0.8359133126934984,0.5572755417956656,0.2786377708978328,0.8359133126934984,0.5572755417956656,21.176470588235293,1.1145510835913313,1.9504643962848298,0.0,1.1145510835913313,3.065015479876161,17.8328173374613,7.244582043343653,3.6222910216718267,0.8359133126934984,2.2291021671826625,2.2291021671826625,2.5077399380804954,0.5572755417956656,0.0,0.0,4.776315789473684,60.0,40.625,23.076923076923077,6.671826625386997
france,Ligue 1,2025,Djibril Coulibaly,17.0,M,France,173.0,76.0,4,1,125.0,0.0,0.0,0.0,0.0,0,0,0,0.0,0,0.0,0.0,0.0,0.0,0.0,0.0,0.0,31.68,0.72,2.16,0.72,2.16,4.32,7.2,3.6,0.72,0.72,0.0,0.0,1.44,0.0,0.0,0.0,22.727272727272727,,50.0,100.0,6.6168000000000005
france,Ligue 1,2025,Djibril Sidibé,33.0,D,France,182.0,71.0,32,25,2158.0,3.0,4.0,0.0,2.0,1,1,1,0.0,0,0.20852641334569044,0.2919369786839666,0.20852641334569044,0.12511584800741427,0.16682113067655235,0.2919369786839666,0.08341056533827618,37.6598702502317,0.6255792400370713,2.0018535681186282,0.16682113067655235,0.7089898053753475,2.710843373493976,6.9647822057460615,3.795180722891566,0.7924003707136237,0.37534754402224285,0.4170528266913809,0.5838739573679332,1.2511584800741427,0.04170528266913809,0.0,0.0,31.76829268292683,71.42857142857143,54.49101796407185,47.368421052631575,6.794161260426321
france,Ligue 1,2025,Djylian N'Guessan,17.0,F,,,,1,0,19.0,0.0,0.0,0.0,0.0,0,0,0,0.0,0,0.0,0.0,0.0,0.0,0.0,0.0,0.0,28.421052631578945,4.7368421052631575,4.7368421052631575,0.0,0.0,4.7368421052631575,4.7368421052631575,4.7368421052631575,0.0,0.0,0.0,0.0,0.0,0.0,0.0,0.0,6.0,,100.0,,7.3
france,Ligue 1,2025,Dominik Greif,28.0,G,Slovakia,197.0,82.0,29,29,2610.0,0.0,1.0,0.0,0.0,0,0,1,0.0,0,0.0,0.0,0.0,0.0,0.034482758620689655,0.034482758620689655,0.0,32.37931034482759,0.06896551724137931,0.06896551724137931,0.0,0.0,0.06896551724137931,0.48275862068965514,0.4482758620689655,0.0,0.0,0.0,0.17241379310344826,0.0,0.034482758620689655,0.0,0.0,27.221512247071352,,92.85714285714286,,7.0344827586206895
france,Ligue 1,2025,Donovan Léon,33.0,G,French Guiana,187.0,94.0,29,29,2464.0,0.0,0.0,0.0,1.0,0,0,1,0.0,2,0.0,0.0,0.0,0.0,0.0,0.0,0.0,28.23457792207792,0.03652597402597403,0.10957792207792208,0.0,0.03652597402597403,0.14610389610389612,0.7670454545454545,0.6209415584415584,0.03652597402597403,0.03652597402597403,0.0,0.2556818181818182,0.10957792207792208,0.03652597402597403,0.0,0.07305194805194806,14.69340232858991,,80.95238095238095,100.0,7.255113636363636
france,Ligue 1,2025,Doumbia Koné,18.0,F,,,,0,0,0.0,0.0,0.0,0.0,0.0,0,0,0,0.0,0,,,,,,,,,,,,,,,,,,,,,,,,,,,,
france,Ligue 1,2025,Doğan Alemdar,23.0,G,Türkiye,192.0,78.0,0,0,0.0,0.0,0.0,0.0,0.0,0,0,0,0.0,0,,,,,,,,,,,,,,,,,,,,,,,,,,,,
france,Ligue 1,2025,Dro Fernández,17.0,M,Spain,182.0,68.0,12,7,682.0,1.0,0.0,0.0,0.0,0,0,0,0.0,0,0.0,0.9237536656891495,0.3958944281524927,0.13196480938416422,0.0,0.13196480938416422,0.13196480938416422,51.73020527859238,1.0557184750733137,1.715542521994135,0.3958944281524927,1.0557184750733137,2.771260997067449,8.841642228739003,4.618768328445748,1.715542521994135,0.7917888563049854,0.7917888563049854,1.5835777126099708,1.0557184750733137,0.0,0.0,0.0,35.18622448979592,42.857142857142854,52.23880597014925,46.15384615384615,6.626099706744868
france,Ligue 1,2025,Dylan Durivaux,24.0,D,France,178.0,74.0,1,1,90.0,0.0,0.0,0.0,0.0,0,0,0,0.0,0,0.0,0.0,0.0,0.0,0.0,0.0,0.0,82.0,0.0,0.0,2.0,0.0,0.0,5.0,4.0,0.0,0.0,1.0,4.0,0.0,0.0,0.0,0.0,70.0,,80.0,,7.2
france,Ligue 1,2025,Désiré Doué,20.0,F,France,181.0,79.0,23,16,1356.0,7.0,4.0,3.0,0.0,0,1,0,0.0,0,0.0,2.588495575221239,1.261061946902655,0.4646017699115044,0.2654867256637168,0.7300884955752213,0.4646017699115044,56.349557522123895,1.924778761061947,2.1238938053097343,0.1327433628318584,0.7964601769911505,2.920353982300885,13.274336283185841,6.172566371681415,4.778761061946903,2.1238938053097343,0.7964601769911505,1.8584070796460177,1.592920353982301,0.0,0.0,0.0,36.88221436984688,48.717948717948715,46.5,44.44444444444444,7.157300884955752
france,Ligue 1,2025,Ebenezer Annan,23.0,D,Ghana,,,0,0,0.0,0.0,0.0,0.0,0.0,0,0,0,0.0,0,,,,,,,,,,,,,,,,,,,,,,,,,,,,
france,Ligue 1,2025,Edon Zhegrova,26.0,M,Kosovo,181.0,66.0,0,0,0.0,0.0,0.0,0.0,0.0,0,0,0,0.0,0,,,,,,,,,,,,,,,,,,,,,,,,,,,,
france,Ligue 1,2025,Eduard Sobol,30.0,D,Ukraine,186.0,79.0,0,0,0.0,0.0,0.0,0.0,0.0,0,0,0,0.0,0,,,,,,,,,,,,,,,,,,,,,,,,,,,,
france,Ligue 1,2025,Elias Legendre Quiñonez,17.0,F,,,,6,0,41.0,0.0,0.0,0.0,0.0,0,0,0,0.0,0,0.0,2.1951219512195124,0.0,0.0,0.0,0.0,0.0,39.51219512195122,4.390243902439025,4.390243902439025,0.0,2.1951219512195124,6.585365853658536,30.731707317073173,10.97560975609756,13.170731707317072,2.1951219512195124,4.390243902439025,2.1951219512195124,2.1951219512195124,0.0,0.0,0.0,4.888888888888889,0.0,35.714285714285715,16.666666666666664,6.4743589743589745
france,Ligue 1,2025,Eliesse Ben Seghir,20.0,M,Morocco,178.0,72.0,2,0,43.0,0.0,0.0,0.0,0.0,0,0,0,0.0,0,0.0,2.0930232558139537,0.0,0.0,0.0,0.0,0.0,52.32558139534884,0.0,4.186046511627907,0.0,0.0,4.186046511627907,14.651162790697676,8.372093023255815,2.0930232558139537,2.0930232558139537,2.0930232558139537,2.0930232558139537,2.0930232558139537,0.0,0.0,0.0,9.68,0.0,57.14285714285714,100.0,6.2372093023255815
france,Ligue 1,2025,Elikya Legros,17.0,D,France,,,0,0,0.0,0.0,0.0,0.0,0.0,0,0,0,0.0,0,,,,,,,,,,,,,,,,,,,,,,,,,,,,
france,Ligue 1,2025,Elisha Owusu,28.0,M,Ghana,182.0,72.0,29,27,2353.0,0.0,0.0,0.0,0.0,0,0,7,0.0,0,0.0,0.1529961750956226,0.0,0.0,0.0,0.0,0.0,33.08542286442839,0.45898852528686784,2.63918402039949,0.34424139396515085,0.9944751381215469,3.6336591585210374,8.376540586485337,4.360390990225245,0.49723756906077343,0.3824904377390565,0.764980875478113,0.8414789630259244,1.874203144921377,0.26774330641733957,0.0,0.0,27.660115606936415,0.0,52.054794520547944,76.92307692307693,6.812919677008074
france,Ligue 1,2025,Elye Wahi,22.0,F,France,184.0,74.0,15,12,1015.0,7.0,1.0,0.0,0.0,1,0,6,0.0,0,1.8620689655172413,2.12807881773399,1.7733990147783252,0.6206896551724138,0.08866995073891625,0.70935960591133,0.5320197044334976,13.74384236453202,0.70935960591133,0.4433497536945813,0.0,0.1773399014778325,0.6206896551724138,8.246305418719212,2.12807881773399,1.41871921182266,0.5320197044334976,0.2660098522167488,0.5320197044334976,1.8620689655172413,0.5320197044334976,0.0,0.0,9.267973856209151,83.33333333333334,25.806451612903224,37.5,6.762735381565907
france,Ligue 1,2025,Emerson Palmieri,31.0,D,Italy,176.0,63.0,28,23,2124.0,0.0,3.0,0.0,1.0,0,0,2,0.0,0,0.0847457627118644,0.3813559322033898,0.0847457627118644,0.0,0.1271186440677966,0.1271186440677966,0.0,53.389830508474574,1.9491525423728815,1.9915254237288134,0.3389830508474576,1.483050847457627,3.4745762711864407,6.864406779661017,4.02542372881356,0.9322033898305085,0.3389830508474576,0.46610169491525427,0.7203389830508475,0.6779661016949152,0.0847457627118644,0.0,0.0,49.19126984126984,22.22222222222222,58.64197530864198,36.36363636363637,6.980508474576271
france,Ligue 1,2025,Emersonn,21.0,F,Brazil,186.0,72.0,27,18,1504.0,6.0,2.0,0.0,0.0,0,0,5,0.0,1,0.2992021276595745,2.5132978723404253,1.1369680851063828,0.3590425531914893,0.11968085106382978,0.4787234042553191,0.3590425531914893,14.720744680851064,1.077127659574468,1.196808510638298,0.05984042553191489,0.41888297872340424,1.6156914893617023,15.797872340425533,6.103723404255319,2.0944148936170213,0.598404255319149,0.7180851063829786,0.598404255319149,2.393617021276596,0.2992021276595745,0.0,0.05984042553191489,8.191056910569106,45.23809523809524,38.63636363636363,28.57142857142857,6.541289893617021
france,Ligue 1,2025,Emmanuel Biumla,20.0,M,France,185.0,75.0,9,3,394.0,0.0,0.0,0.0,0.0,0,0,0,0.0,0,0.0,0.45685279187817257,0.0,0.0,0.0,0.0,0.0,38.14720812182741,0.0,1.598984771573604,0.45685279187817257,0.6852791878172589,2.284263959390863,8.680203045685278,3.8832487309644668,0.22842639593908629,0.0,0.6852791878172589,1.3705583756345179,1.8274111675126903,0.0,0.0,0.0,26.449101796407184,0.0,44.73684210526316,0.0,6.219543147208122
france,Ligue 1,2025,Emmanuel Emegha,22.0,F,Netherlands,195.0,82.0,10,4,451.0,4.0,2.0,0.0,0.0,0,0,3,0.0,0,0.7982261640798226,2.5942350332594235,1.5964523281596452,0.7982261640798226,0.3991130820399113,1.1973392461197339,0.7982261640798226,10.376940133037694,0.5986696230598669,0.0,0.0,0.0,0.0,6.7849223946784925,3.3924611973392462,1.3968957871396896,0.5986696230598669,0.0,1.7960088691796008,2.3946784922394677,0.5986696230598669,0.0,0.0,6.333333333333333,61.53846153846154,50.0,42.857142857142854,7.126385809312638
france,Ligue 1,2025,Endrick,19.0,F,Brazil,173.0,66.0,16,14,1222.0,5.0,7.0,1.0,0.0,1,0,5,0.0,1,0.2945990180032733,3.0196399345335516,1.9148936170212765,0.36824877250409166,0.5155482815057283,0.88379705400982,0.2945990180032733,22.242225859247135,2.20949263502455,0.9574468085106382,0.0,0.220949263502455,1.1783960720130933,12.373158756137478,5.376432078559738,5.523731587561375,2.65139116202946,0.2945990180032733,1.5466448445171848,1.5466448445171848,0.36824877250409166,0.0,0.07364975450081833,16.781456953642383,63.41463414634146,43.452380952380956,48.0,7.166121112929623
france,Ligue 1,2025,Enguerrand Bouard,18.0,F,,,,0,0,0.0,0.0,0.0,0.0,0.0,0,0,0,0.0,0,,,,,,,,,,,,,,,,,,,,,,,,,,,,
france,Ligue 1,2025,Enzo Crombez,22.0,G,France,185.0,79.0,0,0,0.0,0.0,0.0,0.0,0.0,0,0,0,0.0,0,,,,,,,,,,,,,,,,,,,,,,,,,,,,
france,Ligue 1,2025,Enzo Faty,18.0,F,France,,,0,0,0.0,0.0,0.0,0.0,0.0,0,0,0,0.0,0,,,,,,,,,,,,,,,,,,,,,,,,,,,,
france,Ligue 1,2025,Enzo Koffi,19.0,F,France,,,14,4,387.0,0.0,0.0,0.0,1.0,0,0,2,0.0,0,0.23255813953488372,0.9302325581395349,0.46511627906976744,0.0,0.0,0.0,0.0,35.116279069767444,0.9302325581395349,3.488372093023256,0.0,2.0930232558139537,5.5813953488372094,18.13953488372093,9.069767441860465,4.186046511627907,1.8604651162790697,0.9302325581395349,2.325581395348837,2.7906976744186047,0.46511627906976744,0.0,0.0,10.874172185430464,50.0,50.0,44.44444444444444,6.547532467532468
france,Ligue 1,2025,Enzo Molebe,18.0,F,France,178.0,62.0,1,0,9.0,0.0,0.0,0.0,0.0,0,0,0,0.0,0,0.0,0.0,0.0,0.0,0.0,0.0,0.0,50.0,0.0,0.0,0.0,0.0,0.0,10.0,0.0,0.0,0.0,0.0,0.0,0.0,0.0,0.0,0.0,3.0,,0.0,,6.2
france,Ligue 1,2025,Erawan Garnier,20.0,F,Thailand,,,1,0,14.0,0.0,0.0,0.0,0.0,0,0,0,0.0,0,0.0,0.0,0.0,0.0,0.0,0.0,0.0,57.85714285714286,0.0,6.428571428571428,0.0,0.0,6.428571428571428,6.428571428571428,6.428571428571428,0.0,0.0,0.0,0.0,0.0,0.0,0.0,0.0,8.0,,100.0,,6.6
france,Ligue 1,2025,Eric Dier,31.0,D,England,188.0,83.0,9,7,687.0,1.0,0.0,0.0,0.0,0,0,0,0.0,0,0.0,0.26200873362445415,0.26200873362445415,0.13100436681222707,0.0,0.13100436681222707,0.13100436681222707,77.55458515283843,0.26200873362445415,0.9170305676855895,1.3100436681222707,1.3100436681222707,2.2270742358078603,6.681222707423581,3.013100436681223,0.0,0.0,0.6550218340611353,0.5240174672489083,1.1790393013100435,0.0,0.0,0.0,80.8733108108108,100.0,45.09803921568628,,7.134934497816594
france,Ligue 1,2025,Ernest Nuamah,22.0,F,Ghana,178.0,71.0,3,0,47.0,0.0,0.0,0.0,0.0,0,0,0,0.0,0,0.0,0.0,0.0,0.0,0.0,0.0,0.0,34.46808510638298,0.0,1.9148936170212765,0.0,0.0,1.9148936170212765,19.148936170212767,7.659574468085106,11.489361702127658,5.744680851063829,1.9148936170212765,0.0,0.0,0.0,0.0,0.0,8.88888888888889,,40.0,50.0,6.6
france,Ligue 1,2025,Esteban Lepaul,25.0,F,France,177.0,71.0,34,33,2702.0,21.0,5.0,0.0,0.0,3,1,3,0.0,0,0.2997779422649889,2.2649888971132492,1.299037749814952,0.6994818652849741,0.16654330125832717,0.8660251665433013,0.5995558845299778,17.320503330866025,0.7660991857883049,0.23316062176165803,0.0,0.06661732050333086,0.2997779422649889,6.228719467061436,2.4315321983715767,0.8993338267949667,0.2997779422649889,0.2664692820133234,0.5329385640266469,0.7994078460399704,0.0999259807549963,0.0,0.0,14.11923076923077,57.35294117647059,39.037433155080215,33.33333333333333,7.098408586232421
france,Ligue 1,2025,Ethan Mbappé,19.0,M,France,176.0,70.0,18,4,568.0,3.0,1.0,0.0,0.0,0,0,1,0.0,0,0.15845070422535212,1.5845070422535212,1.1091549295774648,0.4753521126760563,0.15845070422535212,0.6338028169014085,0.4753521126760563,37.55281690140845,2.3767605633802815,2.2183098591549295,0.0,0.4753521126760563,2.6936619718309855,11.25,4.595070422535211,3.1690140845070425,0.9507042253521126,1.426056338028169,1.426056338028169,1.1091549295774648,0.15845070422535212,0.0,0.0,16.860759493670887,70.0,40.845070422535215,30.0,6.829681978798586
france,Ligue 1,2025,Ethan Nwaneri,18.0,M,England,176.0,70.0,9,3,322.0,2.0,1.0,0.0,0.0,0,0,1,0.0,0,0.0,1.3975155279503106,0.8385093167701864,0.5590062111801242,0.2795031055900621,0.8385093167701864,0.5590062111801242,36.61490683229814,1.3975155279503106,0.8385093167701864,0.0,1.1180124223602483,1.9565217391304348,10.900621118012422,2.7950310559006213,4.472049689440993,1.3975155279503106,0.2795031055900621,0.2795031055900621,1.1180124223602483,0.2795031055900621,0.0,0.0,16.282442748091604,60.0,25.64102564102564,31.25,6.948909657320872
france,Ligue 1,2025,Evan Diamalunda,19.0,D,,,,0,0,0.0,0.0,0.0,0.0,0.0,0,0,0,0.0,0,,,,,,,,,,,,,,,,,,,,,,,,,,,,
france,Ligue 1,2025,Everton Pereira,18.0,M,France,175.0,64.0,3,2,137.0,0.0,0.0,0.0,0.0,0,0,0,0.0,0,0.0,0.0,0.0,0.0,0.0,0.0,0.0,42.700729927007295,0.0,0.0,0.0,1.9708029197080292,1.9708029197080292,8.540145985401459,1.9708029197080292,0.0,0.0,1.313868613138686,0.0,2.627737226277372,0.0,0.0,0.0,27.83076923076923,,23.076923076923077,,5.955147058823529
france,Ligue 1,2025,Fabian Rieder,23.0,M,Switzerland,179.0,74.0,3,2,139.0,0.0,0.0,0.0,0.0,0,0,0,0.0,0,0.0,0.6474820143884893,0.0,0.0,0.0,0.0,0.0,22.014388489208635,1.2949640287769786,1.9424460431654678,0.6474820143884893,1.2949640287769786,3.237410071942446,11.654676258992806,3.237410071942446,0.6474820143884893,0.0,3.237410071942446,0.6474820143884893,1.2949640287769786,0.0,0.0,0.0,11.176470588235293,0.0,27.77777777777778,0.0,6.302158273381295
france,Ligue 1,2025,Fabien Centonze,29.0,D,France,182.0,75.0,15,9,765.0,3.0,0.0,0.0,0.0,0,0,4,0.0,0,0.11764705882352941,0.7058823529411764,0.3529411764705882,0.3529411764705882,0.0,0.3529411764705882,0.3529411764705882,23.411764705882355,0.47058823529411764,3.647058823529412,0.23529411764705882,2.7058823529411766,6.352941176470588,11.294117647058822,6.235294117647059,1.7647058823529411,0.47058823529411764,0.9411764705882353,0.9411764705882353,1.5294117647058822,0.47058823529411764,0.0,0.0,16.798994974874372,50.0,55.208333333333336,26.666666666666668,7.012549019607843
france,Ligue 1,2025,Fabián Ruiz,29.0,M,Spain,189.0,70.0,20,13,1129.0,1.0,4.0,0.0,0.0,0,0,2,0.0,0,0.15943312666076173,1.0363153232949514,0.31886625332152346,0.07971656333038087,0.31886625332152346,0.39858281665190437,0.07971656333038087,96.61647475642161,1.5146147032772364,1.3551815766164748,0.0,1.1160318866253323,2.471213463241807,3.9061116031886627,1.9131975199291407,0.8768821966341894,0.15943312666076173,0.6377325066430469,0.23914968999114258,0.15943312666076173,0.15943312666076173,0.0,0.0,72.00990099009901,30.76923076923077,48.97959183673469,18.181818181818183,7.195128432240922
france,Ligue 1,2025,Facundo Medina,26.0,D,Argentina,184.0,78.0,17,16,1376.0,0.0,1.0,0.0,1.0,0,0,7,0.0,0,0.0,0.2616279069767442,0.06540697674418605,0.0,0.06540697674418605,0.06540697674418605,0.0,68.21947674418604,0.45784883720930236,1.242732558139535,0.8502906976744186,1.504360465116279,2.7470930232558137,5.9520348837209305,2.8125,0.45784883720930236,0.2616279069767442,0.6540697674418604,0.6540697674418604,1.569767441860465,0.45784883720930236,0.0,0.0,64.14860977948226,25.0,47.25274725274725,57.14285714285714,6.836991279069768
france,Ligue 1,2025,Fallou Fall,19.0,M,,,,0,0,0.0,0.0,0.0,0.0,0.0,0,0,0,0.0,0,,,,,,,,,,,,,,,,,,,,,,,,,,,,
france,Ligue 1,2025,Felix Mambimbi,24.0,F,Switzerland,171.0,68.0,17,7,558.0,1.0,0.0,0.0,0.0,0,0,1,0.0,0,0.8064516129032258,0.8064516129032258,0.3225806451612903,0.16129032258064516,0.0,0.16129032258064516,0.16129032258064516,19.193548387096772,1.1290322580645162,1.935483870967742,0.0,0.4838709677419355,2.4193548387096775,11.935483870967742,3.870967741935484,1.7741935483870968,0.6451612903225806,0.8064516129032258,0.8064516129032258,2.5806451612903225,0.16129032258064516,0.0,0.0,10.495798319327731,40.0,32.432432432432435,36.36363636363637,6.4628366247755835
france,Ligue 1,2025,Florent Hanin,35.0,D,France,177.0,73.0,25,9,892.0,0.0,0.0,0.0,0.0,0,0,0,0.0,0,0.0,0.10089686098654709,0.0,0.0,0.0,0.0,0.0,35.818385650224215,0.8071748878923767,1.5134529147982063,0.40358744394618834,1.109865470852018,2.6233183856502245,7.365470852017937,3.5313901345291483,0.9080717488789237,0.3026905829596413,0.9080717488789237,0.8071748878923767,0.8071748878923767,0.0,0.0,0.0,18.56373937677054,0.0,47.94520547945205,33.33333333333333,6.582902137232845
france,Ligue 1,2025,Florian Sotoca,35.0,F,France,187.0,77.0,26,4,553.0,1.0,0.0,0.0,0.0,0,0,2,0.0,0,0.325497287522604,1.790235081374322,0.162748643761302,0.162748643761302,0.0,0.162748643761302,0.162748643761302,40.8499095840868,1.301989150090416,0.976491862567812,0.0,0.81374321880651,1.790235081374322,11.717902350813745,5.3707052441229655,1.139240506329114,0.325497287522604,0.81374321880651,1.952983725135624,1.464737793851718,0.325497287522604,0.0,0.0,17.45967741935484,9.090909090909092,45.83333333333333,28.57142857142857,6.763570127504554
france,Ligue 1,2025,Florian Tardieu,33.0,M,France,181.0,70.0,2,0,38.0,0.0,0.0,0.0,0.0,0,0,0,0.0,0,0.0,0.0,0.0,0.0,0.0,0.0,0.0,94.73684210526315,0.0,0.0,0.0,0.0,0.0,9.473684210526315,9.473684210526315,0.0,0.0,0.0,2.3684210526315788,0.0,0.0,0.0,0.0,22.5,,100.0,,6.6
france,Ligue 1,2025,Florian Thauvin,32.0,F,France,179.0,70.0,33,29,2460.0,11.0,6.0,0.0,0.0,2,1,6,0.0,0,0.2926829268292683,2.048780487804878,0.9878048780487805,0.4024390243902439,0.21951219512195122,0.6219512195121951,0.32926829268292684,41.451219512195124,2.9268292682926833,0.9146341463414633,0.07317073170731707,0.3658536585365854,1.2804878048780488,10.865853658536585,4.390243902439025,4.2439024390243905,1.8292682926829267,0.7317073170731708,1.2439024390243902,0.6951219512195123,0.21951219512195122,0.0,0.0,30.03089143865843,48.214285714285715,40.4040404040404,43.103448275862064,7.24260162601626
france,Ligue 1,2025,Fode Sylla,19.0,M,France,182.0,70.0,4,1,103.0,0.0,0.0,0.0,0.0,0,0,0,0.0,0,0.0,0.0,0.0,0.0,0.0,0.0,0.0,48.932038834951456,0.8737864077669902,7.864077669902913,0.0,2.621359223300971,10.485436893203884,14.854368932038836,9.611650485436893,0.8737864077669902,0.0,0.0,0.0,2.621359223300971,0.0,0.0,0.0,25.125,,64.70588235294117,0.0,6.994174757281553
france,Ligue 1,2025,Fodé Ballo-Touré,28.0,D,Senegal,182.0,70.0,13,11,843.0,0.0,0.0,0.0,1.0,0,0,1,0.0,0,0.10676156583629894,0.42704626334519574,0.10676156583629894,0.0,0.0,0.0,0.0,36.619217081850536,0.42704626334519574,2.2419928825622777,0.0,0.5338078291814946,2.775800711743772,10.355871886120998,6.08540925266904,2.1352313167259784,1.387900355871886,1.0676156583629892,1.9217081850533808,1.387900355871886,0.10676156583629894,0.0,0.0,32.54518950437318,25.0,58.76288659793815,65.0,6.5607354685646495
france,Ligue 1,2025,Fodé Camara,18.0,D,France,,,0,0,0.0,0.0,0.0,0.0,0.0,0,0,0,0.0,0,,,,,,,,,,,,,,,,,,,,,,,,,,,,
france,Ligue 1,2025,Fodé Doucouré,24.0,D,Mali,172.0,62.0,26,15,1242.0,3.0,1.0,0.0,0.0,0,0,2,0.0,0,0.14492753623188406,0.9420289855072463,0.5797101449275363,0.21739130434782608,0.07246376811594203,0.2898550724637681,0.21739130434782608,31.304347826086957,1.3043478260869565,2.608695652173913,0.07246376811594203,0.6521739130434783,3.2608695652173916,8.18840579710145,4.057971014492754,1.4492753623188404,0.5072463768115942,0.7971014492753623,0.2898550724637681,1.0144927536231885,0.14492753623188406,0.0,0.0,17.29861111111111,61.53846153846154,49.557522123893804,35.0,6.895813204508857
france,Ligue 1,2025,Folarin Balogun,24.0,F,USA,178.0,66.0,30,26,2245.0,13.0,4.0,3.0,0.0,3,0,4,0.0,1,0.6815144766146993,2.4053452115812917,1.2828507795100224,0.5211581291759465,0.1603563474387528,0.6815144766146993,0.40089086859688194,16.276169265033406,0.9621380846325167,0.20044543429844097,0.0801781737193764,0.1603563474387528,0.36080178173719374,8.819599109131403,3.2071269487750556,1.3229398663697105,0.5612472160356348,0.24053452115812918,1.4832962138084633,1.7238307349665924,0.1603563474387528,0.0,0.0400890868596882,11.600985221674877,53.333333333333336,36.36363636363637,42.42424242424242,6.755545657015591
france,Ligue 1,2025,Formose Mendy,24.0,D,Senegal,191.0,76.0,2,2,135.0,0.0,0.0,0.0,0.0,0,0,1,0.0,0,0.0,0.0,0.0,0.0,0.0,0.0,0.0,57.333333333333336,0.0,2.0,0.0,2.0,4.0,10.0,6.0,0.0,0.0,1.3333333333333335,2.0,1.3333333333333335,0.6666666666666667,0.0,0.0,45.7906976744186,,60.0,,6.966666666666667
france,Ligue 1,2025,Francis Coquelin,34.0,M,France,176.0,74.0,16,8,655.0,0.0,1.0,0.0,0.0,0,0,2,0.0,0,0.0,0.549618320610687,0.13740458015267176,0.0,0.13740458015267176,0.13740458015267176,0.0,39.98473282442748,0.549618320610687,2.33587786259542,0.6870229007633587,0.8244274809160306,3.1603053435114505,10.717557251908396,5.49618320610687,1.3740458015267174,0.6870229007633587,0.6870229007633587,0.9618320610687023,2.0610687022900764,0.2748091603053435,0.0,0.0,21.824742268041238,25.0,51.28205128205128,50.0,6.666259541984732
france,Ligue 1,2025,Francisco Sierralta,28.0,D,Chile,190.0,83.0,10,9,862.0,1.0,0.0,0.0,0.0,0,0,2,0.0,0,0.0,0.4176334106728538,0.2088167053364269,0.10440835266821345,0.0,0.10440835266821345,0.10440835266821345,42.285382830626446,0.2088167053364269,1.4617169373549883,0.5220417633410672,0.8352668213457076,2.296983758700696,8.039443155452437,5.533642691415313,0.2088167053364269,0.2088167053364269,0.4176334106728538,0.5220417633410672,0.8352668213457076,0.2088167053364269,0.0,0.0,38.901234567901234,50.0,68.83116883116884,100.0,6.854988399071925
france,Ligue 1,2025,Frank Magri,26.0,F,France,178.0,75.0,17,16,1264.0,5.0,1.0,0.0,0.0,0,1,3,0.0,0,0.21360759493670886,1.7800632911392407,0.8544303797468354,0.3560126582278481,0.07120253164556962,0.4272151898734177,0.3560126582278481,14.454113924050633,0.9968354430379747,0.569620253164557,0.07120253164556962,0.21360759493670886,0.7832278481012658,13.599683544303797,5.55379746835443,1.5664556962025316,0.7120253164556962,0.4272151898734177,1.5664556962025316,1.9936708860759493,0.21360759493670886,0.0,0.0,9.862068965517242,48.0,40.83769633507853,45.45454545454545,6.760205696202531
france,Ligue 1,2025,Fredrik Oppegård,23.0,D,Norway,175.0,67.0,23,15,1269.0,0.0,0.0,0.0,0.0,0,0,1,0.0,1,0.14184397163120568,0.35460992907801414,0.14184397163120568,0.0,0.0,0.0,0.0,27.872340425531917,0.7801418439716312,1.8439716312056735,0.35460992907801414,0.9219858156028368,2.7659574468085104,5.744680851063829,3.049645390070922,1.2056737588652482,0.6382978723404256,0.35460992907801414,0.5673758865248227,0.5673758865248227,0.07092198581560284,0.0,0.07092198581560284,20.09669211195929,40.0,53.086419753086425,52.94117647058824,6.453821907013396
france,Ligue 1,2025,Frédéric Efuele Ngoyala,20.0,D,France,,,0,0,0.0,0.0,0.0,0.0,0.0,0,0,0,0.0,0,,,,,,,,,,,,,,,,,,,,,,,,,,,,
france,Ligue 1,2025,Frédéric Guilbert,31.0,D,France,178.0,70.0,8,7,610.0,0.0,0.0,0.0,0.0,0,0,1,0.0,0,0.0,0.8852459016393444,0.29508196721311475,0.0,0.0,0.0,0.0,26.40983606557377,1.0327868852459017,2.360655737704918,0.7377049180327869,3.098360655737705,5.4590163934426235,10.622950819672132,6.19672131147541,1.3278688524590165,0.7377049180327869,1.0327868852459017,1.9180327868852458,1.0327868852459017,0.14754098360655737,0.0,0.0,18.92737430167598,33.33333333333333,58.333333333333336,55.55555555555556,7.068524590163935
france,Ligue 1,2025,Félix Correia,24.0,M,Portugal,178.0,64.0,34,26,2068.0,4.0,5.0,0.0,1.0,0,0,2,0.0,0,0.13056092843326886,1.1315280464216635,0.3916827852998066,0.17408123791102514,0.21760154738878146,0.3916827852998066,0.17408123791102514,37.64506769825918,1.653771760154739,1.2620889748549324,0.08704061895551257,0.9139264990328819,2.1760154738878144,7.746615087040619,3.6557059961315277,2.0889748549323017,0.7398452611218568,0.5222437137330754,1.2185686653771761,0.6092843326885881,0.08704061895551257,0.0,0.0,25.273988439306358,34.61538461538461,47.19101123595505,35.41666666666667,6.980599903241412
france,Ligue 1,2025,Félix Lemaréchal,22.0,M,France,180.0,73.0,11,7,554.0,0.0,2.0,0.0,0.0,0,0,1,0.0,0,0.0,1.1371841155234657,0.3249097472924188,0.0,0.3249097472924188,0.3249097472924188,0.0,38.014440433213,1.1371841155234657,2.7617328519855593,0.0,0.48736462093862815,3.2490974729241877,13.15884476534296,6.335740072202166,3.5740072202166067,1.9494584837545126,1.6245487364620939,0.9747292418772563,1.2996389891696751,0.1624548736462094,0.0,0.0,25.803418803418804,28.57142857142857,48.148148148148145,54.54545454545454,6.680324909747292
france,Ligue 1,2025,Gabin Bernardeau,19.0,M,France,,,4,1,100.0,0.0,0.0,0.0,0.0,0,0,0,0.0,0,0.9,1.8,0.9,0.0,0.0,0.0,0.0,38.7,1.8,3.6,0.0,0.0,3.6,16.2,8.1,1.8,0.0,2.6999999999999997,2.6999999999999997,0.9,0.0,0.0,0.0,12.813953488372093,50.0,50.0,0.0,6.930303030303031
france,Ligue 1,2025,Gabriel Kerckaert,18.0,G,France,,,0,0,0.0,0.0,0.0,0.0,0.0,0,0,0,0.0,0,,,,,,,,,,,,,,,,,,,,,,,,,,,,
france,Ligue 1,2025,Gabriel Osho,27.0,D,England,185.0,70.0,2,2,134.0,0.0,0.0,0.0,0.0,0,0,0,0.0,0,0.0,0.0,0.0,0.0,0.0,0.0,0.0,49.701492537313435,0.0,2.014925373134328,1.3432835820895521,0.6716417910447761,2.6865671641791042,7.388059701492537,4.029850746268656,0.0,0.0,0.0,0.6716417910447761,1.3432835820895521,0.0,0.0,0.0,37.027027027027025,,54.54545454545454,,6.938805970149254
france,Ligue 1,2025,Gaetan Poussin,26.0,G,France,184.0,84.0,1,1,90.0,0.0,0.0,0.0,0.0,0,0,0,0.0,0,0.0,0.0,0.0,0.0,0.0,0.0,0.0,35.0,0.0,0.0,0.0,0.0,0.0,0.0,0.0,0.0,0.0,0.0,0.0,0.0,0.0,0.0,0.0,31.0,,,,6.6
france,Ligue 1,2025,Gauthier Hein,29.0,M,France,170.0,65.0,29,26,2354.0,8.0,7.0,0.0,0.0,5,0,3,0.0,1,0.15293118096856415,0.9940526762956668,0.4970263381478334,0.3058623619371283,0.2676295666949873,0.5734919286321155,0.11469838572642312,54.86406117247239,2.21750212404418,0.6881903143585387,0.07646559048428207,0.3058623619371283,0.9940526762956668,5.658453695836873,1.9498725573491928,0.8411214953271028,0.34409515717926936,0.8028887000849617,0.6499575191163975,0.5734919286321155,0.11469838572642312,0.0,0.038232795242141036,48.26341463414634,50.0,34.45945945945946,40.909090909090914,7.022939677145285
france,Ligue 1,2025,Gautier Larsonneur,28.0,G,France,181.0,70.0,3,3,269.0,0.0,0.0,0.0,0.0,0,0,0,0.0,0,0.0,0.0,0.0,0.0,0.0,0.0,0.0,21.41263940520446,0.0,0.0,0.0,0.0,0.0,0.0,0.0,0.0,0.0,0.0,0.0,0.0,0.0,0.0,0.0,18.71875,,,,7.263940520446097
france,Ligue 1,2025,Gautier Lloris,30.0,D,France,191.0,87.0,29,28,2400.0,1.0,1.0,1.0,1.0,0,0,1,0.0,1,0.07500000000000001,0.33749999999999997,0.15000000000000002,0.037500000000000006,0.037500000000000006,0.07500000000000001,0.037500000000000006,57.300000000000004,0.15000000000000002,1.5374999999999999,0.7875000000000001,1.5750000000000002,3.1125000000000003,7.125,4.800000000000001,0.1125,0.037500000000000006,0.30000000000000004,0.6375,1.0125,0.037500000000000006,0.0,0.037500000000000006,58.39201570680628,44.44444444444444,67.36842105263158,33.33333333333333,7.075791666666667
france,Ligue 1,2025,Gaëtan Bakhouche,20.0,D,,,,0,0,0.0,0.0,0.0,0.0,0.0,0,0,0,0.0,0,,,,,,,,,,,,,,,,,,,,,,,,,,,,
france,Ligue 1,2025,Gaëtan Perrin,29.0,F,France,169.0,63.0,12,3,346.0,1.0,0.0,0.0,0.0,0,0,2,0.0,0,0.0,1.5606936416184969,1.0404624277456647,0.26011560693641617,0.0,0.26011560693641617,0.26011560693641617,31.734104046242773,2.601156069364162,3.1213872832369938,0.0,0.5202312138728323,3.6416184971098264,13.265895953757227,5.982658959537572,4.682080924855492,2.601156069364162,1.0404624277456647,0.26011560693641617,2.0809248554913293,0.5202312138728323,0.0,0.0,14.319672131147541,66.66666666666666,45.09803921568628,55.55555555555556,6.747826086956522
france,Ligue 1,2025,Geoffrey Kondogbia,32.0,M,Central African Republic,188.0,80.0,10,9,593.0,0.0,0.0,0.0,0.0,0,0,3,0.0,0,0.0,0.4553119730185497,0.15177065767284992,0.0,0.0,0.0,0.0,65.56492411467116,0.30354131534569984,2.124789207419899,0.7588532883642496,1.5177065767284992,3.6424957841483976,9.713322091062395,5.615514333895447,0.9106239460370994,0.9106239460370994,0.30354131534569984,1.2141652613827993,1.8212478920741988,0.4553119730185497,0.0,0.0,40.27777777777778,33.33333333333333,57.8125,100.0,7.018043844856661
france,Ligue 1,2025,George Ilenikhena,19.0,F,France,185.0,76.0,15,3,386.0,2.0,0.0,0.0,0.0,0,0,0,0.0,0,1.8652849740932642,3.0310880829015545,1.632124352331606,0.46632124352331605,0.0,0.46632124352331605,0.46632124352331605,12.357512953367875,0.6994818652849741,0.23316062176165803,0.23316062176165803,0.0,0.23316062176165803,11.191709844559586,3.7305699481865284,2.5647668393782386,0.23316062176165803,0.6994818652849741,1.3989637305699483,0.46632124352331605,0.0,0.0,0.0,3.826923076923077,53.84615384615385,33.33333333333333,9.090909090909092,6.3818652849740936
france,Ligue 1,2025,Georges Gomis,25.0,D,Scotland,,,1,0,1.0,0.0,0.0,0.0,0.0,0,0,0,0.0,0,0.0,0.0,0.0,0.0,0.0,0.0,0.0,0.0,0.0,0.0,0.0,0.0,0.0,0.0,0.0,0.0,0.0,0.0,0.0,0.0,0.0,0.0,0.0,,,,,
france,Ligue 1,2025,Georges Mikautadze,25.0,F,Georgia,176.0,71.0,2,2,179.0,1.0,0.0,0.0,0.0,0,0,0,0.0,0,0.5027932960893855,4.022346368715084,2.011173184357542,0.5027932960893855,0.0,0.5027932960893855,0.5027932960893855,16.089385474860336,0.0,0.0,0.0,0.5027932960893855,0.5027932960893855,7.039106145251397,3.016759776536313,3.5195530726256985,2.513966480446927,0.5027932960893855,0.5027932960893855,0.0,0.0,0.0,0.0,13.59375,50.0,42.857142857142854,71.42857142857143,6.9463687150838
france,Ligue 1,2025,Georgiy Tsitaishvili,25.0,M,Georgia,171.0,63.0,33,28,2457.0,3.0,2.0,0.0,0.0,0,0,3,0.0,0,0.21978021978021978,0.8058608058608059,0.29304029304029305,0.10989010989010989,0.07326007326007326,0.18315018315018314,0.10989010989010989,26.996336996337,1.6483516483516485,0.6959706959706959,0.10989010989010989,0.47619047619047616,1.1721611721611722,7.582417582417583,3.8095238095238093,3.1135531135531136,1.5384615384615385,0.5860805860805861,1.3186813186813187,0.8424908424908425,0.10989010989010989,0.0,0.0,22.260515603799185,36.36363636363637,50.24154589371981,49.411764705882355,6.790960912052117
france,Ligue 1,2025,Gerónimo Rulli,33.0,G,Argentina,189.0,84.0,29,29,2610.0,0.0,0.0,0.0,1.0,0,0,3,0.0,0,0.0,0.034482758620689655,0.0,0.0,0.0,0.0,0.0,30.689655172413794,0.034482758620689655,0.06896551724137931,0.0,0.0,0.06896551724137931,1.0344827586206897,0.896551724137931,0.034482758620689655,0.034482758620689655,0.10344827586206896,0.48275862068965514,0.034482758620689655,0.10344827586206896,0.0,0.0,26.52696629213483,0.0,86.66666666666667,100.0,7.068965517241379
france,Ligue 1,2025,Gessime Yassine,20.0,F,France,173.0,,12,6,514.0,0.0,1.0,1.0,0.0,0,0,0,0.0,0,0.17509727626459143,0.8754863813229572,0.17509727626459143,0.0,0.17509727626459143,0.17509727626459143,0.0,31.342412451361866,1.4007782101167314,4.027237354085603,0.0,0.35019455252918286,4.377431906614786,16.98443579766537,9.105058365758754,5.0778210116731515,1.7509727626459144,1.0505836575875487,3.3268482490272375,1.575875486381323,0.0,0.0,0.0,20.480446927374302,20.0,53.608247422680414,34.48275862068966,6.97890625
france,Ligue 1,2025,Gideon Mensah,27.0,D,Ghana,178.0,70.0,30,26,2333.0,0.0,2.0,0.0,0.0,0,0,8,0.0,0,0.03857693956279468,0.03857693956279468,0.0,0.0,0.07715387912558937,0.07715387912558937,0.0,42.58894127732533,0.6558079725675097,1.967423917702529,0.15430775825117873,1.0801543077582512,3.0475782254607804,8.56408058294042,4.359194170595799,1.1187312473210458,0.6172310330047149,0.8872696099442778,1.3116159451350193,1.4273467638234032,0.30861551650235747,0.0,0.0,34.67481884057971,0.0,50.9009009009009,55.172413793103445,6.859022717531076
france,Ligue 1,2025,Giorgi Abuashvili,22.0,F,Georgia,175.0,68.0,23,6,700.0,2.0,0.0,0.0,1.0,0,0,1,0.0,0,0.12857142857142856,1.9285714285714286,1.157142857142857,0.2571428571428571,0.0,0.2571428571428571,0.2571428571428571,32.65714285714286,0.7714285714285715,1.6714285714285715,0.12857142857142856,0.6428571428571428,2.314285714285714,12.985714285714286,4.628571428571428,3.471428571428571,1.157142857142857,1.8,1.4142857142857144,1.0285714285714285,0.12857142857142856,0.0,0.0,15.87007874015748,60.0,35.64356435643564,33.33333333333333,6.543123209169055
france,Ligue 1,2025,Giorgi Kvilitaia,32.0,F,Georgia,193.0,82.0,10,5,502.0,2.0,0.0,0.0,0.0,0,0,1,0.0,0,0.35856573705179284,1.792828685258964,1.254980079681275,0.35856573705179284,0.0,0.35856573705179284,0.35856573705179284,22.051792828685258,1.6135458167330679,1.254980079681275,0.17928286852589642,0.0,1.254980079681275,14.52191235059761,6.454183266932271,1.0756972111553784,0.7171314741035857,0.35856573705179284,1.0756972111553784,1.9721115537848606,0.17928286852589642,0.0,0.0,11.170731707317072,70.0,44.44444444444444,66.66666666666666,6.812549800796813
france,Ligue 1,2025,Giovanni Haag,25.0,M,France,187.0,80.0,1,0,34.0,0.0,0.0,0.0,0.0,0,0,0,0.0,1,0.0,2.6470588235294117,0.0,0.0,0.0,0.0,0.0,71.47058823529412,0.0,2.6470588235294117,0.0,0.0,2.6470588235294117,10.588235294117647,7.9411764705882355,2.6470588235294117,0.0,0.0,0.0,0.0,0.0,0.0,2.6470588235294117,25.0,0.0,75.0,0.0,6.6
france,Ligue 1,2025,Glen Kamara,30.0,M,Finland,181.0,78.0,4,0,63.0,0.0,0.0,0.0,0.0,0,0,0,0.0,0,0.0,0.0,0.0,0.0,0.0,0.0,0.0,81.42857142857143,0.0,0.0,0.0,0.0,0.0,7.142857142857142,5.7142857142857135,0.0,0.0,1.4285714285714284,2.8571428571428568,0.0,0.0,0.0,0.0,24.31578947368421,,80.0,,6.5888888888888895
france,Ligue 1,2025,Godson Kyeremeh,25.0,F,France,175.0,60.0,13,3,397.0,1.0,1.0,0.0,0.0,0,0,0,0.0,0,1.1335012594458438,1.1335012594458438,0.4534005037783375,0.22670025188916876,0.22670025188916876,0.4534005037783375,0.22670025188916876,15.188916876574309,1.1335012594458438,1.5869017632241813,0.0,0.0,1.5869017632241813,13.602015113350127,7.2544080604534,2.947103274559194,1.1335012594458438,0.4534005037783375,4.307304785894207,2.040302267002519,0.0,0.0,0.0,8.454545454545455,40.0,53.333333333333336,38.46153846153847,6.647858942065491
france,Ligue 1,2025,Goduine Koyalipou,25.0,F,France,184.0,82.0,13,7,675.0,2.0,1.0,0.0,0.0,1,0,0,0.0,0,0.6666666666666667,2.4000000000000004,1.2000000000000002,0.26666666666666666,0.13333333333333333,0.4,0.13333333333333333,16.53333333333333,0.6666666666666667,0.4,0.0,0.26666666666666666,0.6666666666666667,10.0,3.7333333333333334,2.2666666666666666,0.8,0.0,0.6666666666666667,0.5333333333333333,0.0,0.0,0.0,9.943548387096774,50.0,37.333333333333336,35.294117647058826,6.456888888888888
france,Ligue 1,2025,Gonçalo Ramos,24.0,F,Portugal,185.0,79.0,30,13,1320.0,6.0,1.0,0.0,0.0,1,1,4,0.0,1,0.40909090909090906,3.068181818181818,1.7045454545454546,0.40909090909090906,0.06818181818181818,0.4772727272727273,0.34090909090909094,23.18181818181818,1.1590909090909092,0.8863636363636362,0.0,0.34090909090909094,1.2272727272727273,11.25,5.045454545454546,2.522727272727273,1.1590909090909092,0.6818181818181819,1.5681818181818183,1.6363636363636362,0.2727272727272727,0.0,0.06818181818181818,14.888235294117647,55.55555555555556,44.84848484848485,45.94594594594595,6.6258333333333335
france,Ligue 1,2025,Grégoire Coudert,26.0,G,France,188.0,85.0,25,24,2191.0,0.0,0.0,0.0,1.0,0,0,2,0.0,0,0.0,0.0,0.0,0.0,0.0,0.0,0.0,31.34185303514377,0.0,0.0,0.0,0.0,0.0,0.8215426745778184,0.6983112733911456,0.041077133728890915,0.041077133728890915,0.08215426745778183,0.3286170698311273,0.041077133728890915,0.08215426745778183,0.0,0.0,19.290956749672347,,85.0,100.0,7.183569146508444
france,Ligue 1,2025,Guillaume Restes,20.0,G,France,188.0,82.0,33,33,2940.0,0.0,0.0,0.0,0.0,0,0,3,0.0,0,0.0,0.0,0.0,0.0,0.0,0.0,0.0,25.22448979591837,0.030612244897959183,0.0,0.0,0.030612244897959183,0.030612244897959183,0.4285714285714286,0.3673469387755102,0.0,0.0,0.061224489795918366,0.24489795918367346,0.0,0.09183673469387756,0.0,0.0,17.40776699029126,,85.71428571428571,,6.81734693877551
france,Ligue 1,2025,Guy-Noël Zohouri,18.0,M,France,185.0,75.0,0,0,0.0,0.0,0.0,0.0,0.0,0,0,0,0.0,0,,,,,,,,,,,,,,,,,,,,,,,,,,,,
france,Ligue 1,2025,Guéla Doué,23.0,D,Côte d'Ivoire,187.0,84.0,24,23,2063.0,2.0,6.0,0.0,0.0,0,0,3,0.0,0,0.0,0.39263208919049924,0.21812893843916625,0.08725157537566651,0.2617547261269995,0.34900630150266604,0.08725157537566651,54.4449830344159,0.8288899660688318,2.1812893843916625,0.39263208919049924,1.177896267571498,3.35918565196316,12.302472127968977,6.543868153174987,1.4396509936984976,0.7852641783809985,0.872515753756665,1.047018904507998,1.8322830828889967,0.13087736306349976,0.0,0.0,59.67548076923077,55.55555555555556,53.191489361702125,54.54545454545454,6.9259815802229765
france,Ligue 1,2025,Habib Diallo,30.0,F,Senegal,186.0,79.0,25,21,1910.0,4.0,1.0,1.0,0.0,0,1,0,0.0,0,0.5183246073298429,1.3193717277486912,0.5654450261780105,0.1884816753926702,0.04712041884816755,0.23560209424083772,0.1884816753926702,12.581151832460733,0.5654450261780105,0.42408376963350786,0.1884816753926702,0.0942408376963351,0.5183246073298429,12.298429319371726,5.795811518324608,1.2251308900523559,0.6125654450261779,0.14136125654450263,1.3664921465968587,1.2722513089005236,0.0,0.0,0.0,8.99625468164794,42.857142857142854,47.12643678160919,50.0,6.768638743455497
france,Ligue 1,2025,Hacene Benali,26.0,F,France,182.0,74.0,1,0,28.0,0.0,0.0,0.0,0.0,0,0,1,0.0,0,0.0,3.214285714285714,0.0,0.0,0.0,0.0,0.0,28.92857142857143,0.0,0.0,0.0,0.0,0.0,9.642857142857142,6.428571428571428,6.428571428571428,3.214285714285714,0.0,3.214285714285714,0.0,3.214285714285714,0.0,0.0,6.0,0.0,66.66666666666666,50.0,6.9
france,Ligue 1,2025,Hakon Arnar Haraldsson,22.0,M,Iceland,180.0,73.0,32,29,2475.0,8.0,2.0,1.0,0.0,0,0,6,0.0,0,0.0,1.2727272727272727,0.6181818181818182,0.2909090909090909,0.07272727272727272,0.36363636363636365,0.2909090909090909,44.07272727272727,2.036363636363636,0.9090909090909092,0.0,0.4,1.309090909090909,8.218181818181819,3.672727272727273,1.7090909090909092,0.7272727272727273,0.8727272727272727,1.5636363636363637,1.018181818181818,0.21818181818181817,0.0,0.0,37.20792079207921,48.57142857142857,44.690265486725664,42.5531914893617,6.939474747474748
france,Ligue 1,2025,Hamari Traoré,33.0,D,Mali,175.0,64.0,18,14,1158.0,0.0,1.0,0.0,1.0,0,0,4,0.0,0,0.07772020725388601,0.07772020725388601,0.0,0.0,0.07772020725388601,0.07772020725388601,0.0,46.78756476683938,0.6994818652849741,2.33160621761658,0.07772020725388601,1.3212435233160622,3.6528497409326426,7.616580310880829,4.196891191709844,0.23316062176165803,0.07772020725388601,0.6994818652849741,0.46632124352331605,1.632124352331606,0.31088082901554404,0.0,0.0,34.80698835274542,0.0,55.10204081632652,33.33333333333333,6.645116681071737
france,Ligue 1,2025,Hamed Junior Traorè,25.0,M,Côte d'Ivoire,184.0,77.0,13,7,619.0,2.0,1.0,0.0,0.0,0,0,1,0.0,0,0.29079159935379645,1.5993537964458806,0.8723747980613893,0.29079159935379645,0.14539579967689822,0.43618739903069464,0.29079159935379645,32.5686591276252,1.4539579967689822,1.308562197092084,0.29079159935379645,0.5815831987075929,1.890145395799677,10.904684975767367,5.670436187399031,3.053311793214863,1.4539579967689822,0.14539579967689822,1.5993537964458806,1.1631663974151858,0.14539579967689822,0.0,0.0,20.397321428571427,54.54545454545454,52.0,47.61904761904761,6.646278317152103
france,Ligue 1,2025,Hamidou Makalou,19.0,M,Mali,164.0,58.0,17,2,362.0,0.0,0.0,0.0,0.0,0,0,0,0.0,0,0.0,0.7458563535911602,0.24861878453038672,0.0,0.0,0.0,0.0,46.491712707182316,1.740331491712707,1.4917127071823204,0.24861878453038672,1.2430939226519337,2.734806629834254,6.712707182320442,3.729281767955801,1.740331491712707,0.9944751381215469,0.49723756906077343,0.9944751381215469,0.24861878453038672,0.0,0.0,0.0,20.01081081081081,33.33333333333333,55.55555555555556,57.14285714285714,6.699445983379501
france,Ligue 1,2025,Hamza Igamane,23.0,F,Morocco,181.0,77.0,13,4,428.0,5.0,1.0,0.0,0.0,0,0,2,0.0,0,1.0514018691588785,3.7850467289719623,1.8925233644859811,1.0514018691588785,0.2102803738317757,1.2616822429906542,1.0514018691588785,26.705607476635514,0.8411214953271028,1.4719626168224298,0.0,0.4205607476635514,1.8925233644859811,14.299065420560746,6.728971962616822,4.626168224299065,2.7336448598130842,0.2102803738317757,0.6308411214953271,1.2616822429906542,0.4205607476635514,0.0,0.0,9.590551181102363,50.0,47.05882352941176,59.09090909090909,7.000233644859813
france,Ligue 1,2025,Hamza Koutoune,19.0,D,Morocco,177.0,,1,0,1.0,0.0,0.0,0.0,0.0,0,0,0,0.0,0,0.0,0.0,0.0,0.0,0.0,0.0,0.0,450.0,0.0,0.0,0.0,0.0,0.0,0.0,0.0,0.0,0.0,0.0,0.0,0.0,0.0,0.0,0.0,5.0,,,,
france,Ligue 1,2025,Hamzat Ojediran,22.0,M,Nigeria,172.0,79.0,0,0,0.0,0.0,0.0,0.0,0.0,0,0,0,0.0,0,,,,,,,,,,,,,,,,,,,,,,,,,,,,
france,Ligue 1,2025,Hans Hateboer,31.0,D,Netherlands,185.0,72.0,16,8,773.0,0.0,0.0,0.0,1.0,0,0,0,0.0,1,0.1164294954721863,0.5821474773609314,0.1164294954721863,0.0,0.0,0.0,0.0,42.72962483829237,0.1164294954721863,1.3971539456662354,0.34928848641655885,1.1642949547218628,2.5614489003880982,5.821474773609315,2.794307891332471,0.2328589909443726,0.1164294954721863,0.9314359637774904,0.34928848641655885,1.1642949547218628,0.0,0.0,0.1164294954721863,33.10928961748634,20.0,48.0,50.0,6.563813229571984
france,Ligue 1,2025,Haris Belkebla,31.0,M,Algeria,177.0,68.0,33,33,2880.0,0.0,0.0,1.0,0.0,0,0,7,0.0,0,0.0,0.09375,0.0,0.0,0.0,0.0,0.0,39.53125,0.5,2.25,0.25,1.0,3.2499999999999996,8.3125,5.0625,1.0625,0.5625,0.9375,1.6875,0.75,0.21875,0.0,0.0,36.11541501976284,0.0,60.902255639097746,52.94117647058824,6.76875
france,Ligue 1,2025,Henrick Do Marcolino,19.0,F,France,179.0,63.0,1,0,2.0,0.0,0.0,0.0,0.0,0,0,0,0.0,0,0.0,0.0,0.0,0.0,0.0,0.0,0.0,135.0,0.0,45.0,0.0,90.0,135.0,90.0,90.0,0.0,0.0,0.0,0.0,0.0,0.0,0.0,0.0,1.0,,100.0,,
france,Ligue 1,2025,Hervé Koffi,29.0,G,Burkina Faso,186.0,80.0,30,30,2659.0,0.0,0.0,0.0,1.0,0,0,1,0.0,0,0.0,0.0,0.0,0.0,0.0,0.0,0.0,28.905603610379842,0.0,0.06769462203836028,0.0,0.0,0.06769462203836028,0.7107935314027831,0.6430989093644227,0.0,0.0,0.0,0.3723204212109815,0.03384731101918014,0.03384731101918014,0.0,0.0,22.289227166276348,,90.47619047619048,,7.306769462203836
france,Ligue 1,2025,Hianga'a M'Bock,26.0,M,France,186.0,82.0,0,0,0.0,0.0,0.0,0.0,0.0,0,0,0,0.0,0,,,,,,,,,,,,,,,,,,,,,,,,,,,,
france,Ligue 1,2025,Hicham Boudaoui,26.0,M,Algeria,175.0,61.0,26,19,1705.0,1.0,2.0,0.0,0.0,0,0,6,0.0,0,0.10557184750733138,0.844574780058651,0.4750733137829912,0.05278592375366569,0.10557184750733138,0.15835777126099707,0.05278592375366569,36.950146627565985,0.8973607038123168,1.4252199413489735,0.4750733137829912,0.8973607038123168,2.3225806451612905,9.395894428152493,5.0146627565982405,1.6363636363636362,0.7917888563049854,0.7390029325513197,2.1114369501466275,1.0557184750733137,0.31671554252199413,0.0,0.0,30.364285714285714,56.25,53.37078651685393,48.38709677419355,6.848797653958945
france,Ligue 1,2025,Hilan Hamzaoui Slimani,20.0,D,,,,1,0,9.0,0.0,0.0,0.0,0.0,0,0,0,0.0,0,0.0,0.0,0.0,0.0,0.0,0.0,0.0,70.0,0.0,20.0,0.0,0.0,20.0,40.0,30.0,0.0,0.0,0.0,0.0,0.0,0.0,0.0,0.0,7.0,,75.0,,6.9
france,Ligue 1,2025,Himad Abdelli,26.0,M,Algeria,185.0,81.0,21,12,1096.0,2.0,0.0,0.0,0.0,2,0,2,0.0,0,0.08211678832116788,0.9032846715328468,0.4927007299270073,0.16423357664233576,0.0,0.16423357664233576,0.0,58.22080291970803,0.739051094890511,1.9708029197080292,0.24635036496350365,1.313868613138686,3.284671532846715,9.771897810218979,4.927007299270073,2.70985401459854,1.2317518248175183,0.5748175182481752,0.9854014598540146,1.5602189781021898,0.16423357664233576,0.0,0.0,44.713681241184766,54.54545454545454,50.42016806722689,45.45454545454545,6.996438356164384
france,Ligue 1,2025,Hugo Magnetti,27.0,M,France,180.0,75.0,33,31,2697.0,1.0,1.0,0.0,0.0,0,0,5,0.0,0,0.0,0.4338153503893215,0.16685205784204674,0.03337041156840934,0.03337041156840934,0.06674082313681869,0.03337041156840934,37.408231368186875,0.6006674082313682,2.335928809788654,0.10011123470522804,1.5016685205784204,3.8375973303670743,7.575083426028922,4.438264738598443,0.9010011123470523,0.5672969966629589,1.1012235817575085,1.1012235817575085,1.0344827586206897,0.16685205784204674,0.0,0.0,31.992863514719,38.46153846153847,58.590308370044056,62.96296296296296,6.837597330367075
france,Ligue 1,2025,Hyeok-kyu Kwon,24.0,M,Korea Republic,190.0,77.0,12,9,764.0,0.0,0.0,0.0,0.0,0,0,2,0.0,0,0.0,0.11780104712041886,0.0,0.0,0.0,0.0,0.0,26.034031413612567,0.0,1.7670157068062826,0.9424083769633509,0.8246073298429318,2.5916230366492146,7.539267015706807,3.887434554973822,0.11780104712041886,0.0,1.0602094240837696,1.1780104712041886,1.2958115183246073,0.23560209424083772,0.0,0.0,19.85972850678733,0.0,51.5625,0.0,6.906675392670157
france,Ligue 1,2025,Hyun-Seok Hong,26.0,M,Korea Republic,175.0,66.0,6,3,284.0,0.0,0.0,0.0,0.0,0,0,0,0.0,0,0.31690140845070425,0.9507042253521126,0.6338028169014085,0.0,0.0,0.0,0.0,23.450704225352112,0.31690140845070425,2.852112676056338,0.31690140845070425,0.9507042253521126,3.8028169014084505,6.654929577464789,4.119718309859155,0.6338028169014085,0.6338028169014085,0.6338028169014085,0.31690140845070425,0.0,0.0,0.0,0.0,10.743243243243244,66.66666666666666,61.904761904761905,100.0,6.676056338028169
france,Ligue 1,2025,Ibou Sane,20.0,F,Senegal,179.0,71.0,16,5,555.0,1.0,1.0,2.0,0.0,0,0,2,0.0,0,0.4864864864864865,0.8108108108108109,0.4864864864864865,0.16216216216216217,0.16216216216216217,0.32432432432432434,0.16216216216216217,21.243243243243242,0.8108108108108109,1.135135135135135,0.0,0.16216216216216217,1.2972972972972974,9.243243243243244,4.702702702702703,1.6216216216216217,0.32432432432432434,0.32432432432432434,2.4324324324324325,1.2972972972972974,0.32432432432432434,0.0,0.0,9.870229007633588,60.0,50.877192982456144,20.0,6.714594594594595
france,Ligue 1,2025,Ibrahim Mbaye,17.0,F,France,185.0,65.0,24,10,997.0,3.0,2.0,0.0,0.0,0,0,0,0.0,0,0.18054162487462388,1.624874623871615,0.9027081243731193,0.27081243731193577,0.18054162487462388,0.45135406218655966,0.27081243731193577,51.45436308926781,1.8054162487462386,1.2637913741223672,0.0,0.45135406218655966,1.715145436308927,11.464393179538614,4.7843530591775325,4.964894684052156,1.8956870611835508,0.36108324974924777,1.1735205616850553,0.9027081243731193,0.0,0.0,0.0,28.891228070175437,55.55555555555556,41.732283464566926,38.18181818181819,6.843574297188755
france,Ligue 1,2025,Ibrahim Osman,21.0,F,Ghana,177.0,64.0,14,7,630.0,0.0,2.0,0.0,0.0,0,0,0,0.0,0,0.4285714285714286,2.142857142857143,0.8571428571428572,0.0,0.2857142857142857,0.2857142857142857,0.0,23.42857142857143,1.0,1.5714285714285714,0.0,0.5714285714285714,2.142857142857143,12.714285714285714,5.285714285714286,3.142857142857143,0.8571428571428572,0.4285714285714286,2.0,1.0,0.0,0.0,0.0,12.152439024390244,40.0,41.57303370786517,27.27272727272727,6.683465818759935
france,Ligue 1,2025,Ibrahim Salah,24.0,F,Morocco,185.0,72.0,2,0,40.0,0.0,0.0,0.0,0.0,0,0,0,0.0,0,2.25,0.0,0.0,0.0,0.0,0.0,0.0,49.50000000000001,0.0,2.25,0.0,0.0,2.25,15.749999999999998,9.0,0.0,0.0,0.0,4.5,0.0,0.0,0.0,0.0,16.818181818181817,,57.14285714285714,,6.5024999999999995
france,Ligue 1,2025,Ibrahim Yayiya Kante,18.0,F,,,,1,0,8.0,0.0,0.0,0.0,0.0,0,0,0,0.0,0,0.0,0.0,0.0,0.0,0.0,0.0,0.0,33.75,0.0,0.0,0.0,0.0,0.0,22.5,11.25,22.5,11.25,0.0,0.0,0.0,0.0,0.0,0.0,3.0,,50.0,50.0,6.3
france,Ligue 1,2025,Ibrahima Baldé,22.0,F,France,185.0,77.0,2,2,157.0,1.0,0.0,0.0,0.0,0,0,0,0.0,0,0.0,3.4394904458598723,1.7197452229299361,0.5732484076433121,0.0,0.5732484076433121,0.5732484076433121,17.197452229299365,1.7197452229299361,2.2929936305732483,0.0,0.0,2.2929936305732483,8.025477707006369,4.012738853503184,2.2929936305732483,0.5732484076433121,0.0,0.5732484076433121,0.5732484076433121,0.0,0.0,0.0,11.666666666666666,50.0,50.0,25.0,7.062420382165604
france,Ligue 1,2025,Ibrahima Sissoko,28.0,M,France,193.0,90.0,13,9,811.0,0.0,0.0,0.0,0.0,0,0,4,0.0,0,0.2219482120838471,0.33292231812577067,0.0,0.0,0.0,0.0,0.0,35.511713933415535,0.4438964241676942,1.442663378545006,0.5548705302096177,1.8865598027127004,3.329223181257707,10.542540073982737,4.882860665844636,1.220715166461159,0.7768187422934648,0.2219482120838471,0.8877928483353884,2.7743526510480887,0.4438964241676942,0.0,0.0,26.62382445141066,0.0,46.31578947368421,63.63636363636363,6.665474722564735
france,Ligue 1,2025,Idrissa Gueye,19.0,F,Senegal,174.0,66.0,3,1,130.0,0.0,0.0,0.0,0.0,0,0,0,0.0,0,0.0,0.6923076923076923,0.0,0.0,0.0,0.0,0.0,11.076923076923077,0.0,1.3846153846153846,0.0,0.0,1.3846153846153846,11.76923076923077,4.153846153846154,0.6923076923076923,0.0,0.6923076923076923,1.3846153846153846,2.076923076923077,0.0,0.0,0.0,4.125,0.0,35.294117647058826,0.0,6.536153846153845
france,Ligue 1,2025,Idrissa Sabaly,18.0,M,,,,1,1,57.0,0.0,0.0,0.0,0.0,0,0,0,0.0,0,0.0,1.5789473684210527,0.0,0.0,0.0,0.0,0.0,37.89473684210526,0.0,1.5789473684210527,0.0,1.5789473684210527,3.1578947368421053,4.7368421052631575,3.1578947368421053,1.5789473684210527,1.5789473684210527,0.0,0.0,1.5789473684210527,0.0,0.0,0.0,16.0,0.0,66.66666666666666,100.0,6.2
france,Ligue 1,2025,Ignatius Ganago,26.0,F,Cameroon,179.0,73.0,13,10,841.0,3.0,1.0,0.0,0.0,1,0,1,0.0,0,0.3210463733650416,1.7122473246135552,0.7491082045184304,0.3210463733650416,0.1070154577883472,0.4280618311533888,0.2140309155766944,15.945303210463734,0.6420927467300832,0.535077288941736,0.1070154577883472,0.2140309155766944,0.7491082045184304,12.092746730083233,6.313912009512485,1.2841854934601664,0.7491082045184304,0.0,1.3912009512485137,1.1771700356718193,0.1070154577883472,0.0,0.0,8.832214765100671,43.75,52.21238938053098,58.333333333333336,6.971105826397146
france,Ligue 1,2025,Igor Miladinović,22.0,M,Serbia,166.0,50.0,0,0,0.0,0.0,0.0,0.0,0.0,0,0,0,0.0,0,,,,,,,,,,,,,,,,,,,,,,,,,,,,
france,Ligue 1,2025,Igor Paixão,25.0,M,Brazil,168.0,65.0,30,22,1981.0,6.0,5.0,1.0,0.0,0,0,2,0.0,0,0.408884401817264,2.0898536092882383,1.0449268046441191,0.2725896012115093,0.2271580010095911,0.49974760222110043,0.2725896012115093,31.75668854114084,1.3175164058556286,1.3175164058556286,0.09086320040383644,0.6814740030287734,1.9989904088844017,11.585058051489147,4.86118122160525,3.7708228167592126,1.226653205451792,0.7723372034326098,1.5446744068652196,0.9540636042402828,0.09086320040383644,0.0,0.0,24.38912732474964,50.0,41.96078431372549,32.53012048192771,6.998283695103483
france,Ligue 1,2025,Igor Silva,29.0,D,Brazil,173.0,66.0,17,13,1223.0,1.0,0.0,0.0,0.0,0,0,1,0.0,0,0.07358953393295176,0.44153720359771054,0.07358953393295176,0.07358953393295176,0.0,0.07358953393295176,0.07358953393295176,44.37448896156991,0.588716271463614,1.5453802125919869,0.5151267375306623,0.9566639411283728,2.5020441537203597,6.7702371218315625,4.121013900245298,0.6623058053965658,0.22076860179885527,0.7358953393295176,1.3246116107931316,0.6623058053965658,0.07358953393295176,0.0,0.0,40.8391376451078,16.666666666666664,60.86956521739131,33.33333333333333,6.782324058919803
france,Ligue 1,2025,Ilan Jourdren,17.0,G,France,185.0,72.0,0,0,0.0,0.0,0.0,0.0,0.0,0,0,0,0.0,0,,,,,,,,,,,,,,,,,,,,,,,,,,,,
france,Ligue 1,2025,Ilan Kebbal,27.0,M,Algeria,169.0,60.0,29,26,2229.0,9.0,4.0,1.0,0.0,3,1,7,0.0,0,0.12113055181695828,1.6554508748317631,0.8075370121130552,0.3633916554508748,0.16150740242261102,0.5248990578734859,0.24226110363391656,57.738896366083445,2.4629878869448185,1.2920592193808882,0.0,0.32301480484522205,1.6150740242261103,10.417227456258411,5.087483176312247,2.8667563930013458,1.2920592193808882,0.7671601615074025,2.4629878869448185,0.6056527590847914,0.28263795423956933,0.0,0.0,48.767132867132865,48.78048780487805,48.837209302325576,45.07042253521127,7.516599371915658
france,Ligue 1,2025,Ilane Touré,19.0,M,,,,2,0,33.0,0.0,0.0,0.0,0.0,0,0,0,0.0,0,0.0,0.0,0.0,0.0,0.0,0.0,0.0,62.727272727272734,2.7272727272727275,0.0,0.0,0.0,0.0,13.636363636363637,0.0,5.454545454545455,0.0,2.7272727272727275,0.0,2.7272727272727275,0.0,0.0,0.0,9.608695652173912,,0.0,0.0,6.090909090909091
france,Ligue 1,2025,Ilann Garin,19.0,M,France,,,0,0,0.0,0.0,0.0,0.0,0.0,0,0,0,0.0,0,,,,,,,,,,,,,,,,,,,,,,,,,,,,
france,Ligue 1,2025,Ilya Zabarnyi,23.0,D,Ukraine,189.0,80.0,28,26,2387.0,1.0,0.0,0.0,1.0,0,0,6,0.0,0,0.0,0.11311269375785504,0.11311269375785504,0.03770423125261835,0.0,0.03770423125261835,0.03770423125261835,83.40175953079178,0.1508169250104734,1.2065354000837871,0.45245077503142017,0.754084625052367,1.960620025136154,4.976958525345623,2.903225806451613,0.22622538751571009,0.11311269375785504,0.1508169250104734,0.3016338500209468,0.6786761625471303,0.22622538751571009,0.0,0.0,82.37115732368898,100.0,58.333333333333336,50.0,7.191286133221617
france,Ligue 1,2025,Ilyas Azizi,17.0,F,France,173.0,63.0,3,0,30.0,0.0,0.0,0.0,0.0,0,0,0,0.0,0,0.0,3.0,0.0,0.0,0.0,0.0,0.0,39.0,3.0,3.0,0.0,0.0,3.0,12.0,6.0,3.0,3.0,0.0,0.0,0.0,0.0,0.0,0.0,5.615384615384615,0.0,50.0,100.0,6.516666666666667
france,Ligue 1,2025,Irvin Cardona,28.0,M,France,185.0,76.0,3,3,207.0,0.0,0.0,0.0,0.0,0,0,0,0.0,0,0.0,0.8695652173913043,0.0,0.0,0.0,0.0,0.0,30.869565217391308,0.43478260869565216,0.0,0.43478260869565216,0.43478260869565216,0.43478260869565216,5.217391304347826,0.8695652173913043,0.43478260869565216,0.0,1.7391304347826086,0.43478260869565216,0.43478260869565216,0.0,0.0,0.0,16.183098591549296,0.0,16.666666666666664,0.0,6.362801932367149
france,Ligue 1,2025,Isaac Cossier,19.0,D,France,186.0,78.0,0,0,0.0,0.0,0.0,0.0,0.0,0,0,0,0.0,0,,,,,,,,,,,,,,,,,,,,,,,,,,,,
france,Ligue 1,2025,Isaac Monnier,19.0,D,France,,,0,0,0.0,0.0,0.0,0.0,0.0,0,0,0,0.0,0,,,,,,,,,,,,,,,,,,,,,,,,,,,,
france,Ligue 1,2025,Isak Jansson,23.0,F,Sweden,174.0,,24,7,683.0,1.0,0.0,0.0,0.0,0,0,3,0.0,0,0.13177159590043924,1.8448023426061493,1.4494875549048316,0.13177159590043924,0.0,0.13177159590043924,0.13177159590043924,20.424597364568083,1.054172767203514,1.7130307467057102,0.0,0.7906295754026355,2.5036603221083458,10.67349926793558,3.821376281112738,1.581259150805271,0.527086383601757,1.1859443631039532,1.054172767203514,1.581259150805271,0.3953147877013177,0.0,0.0,7.51948051948052,78.57142857142857,35.80246913580247,33.33333333333333,6.48913362701909
france,Ligue 1,2025,Ishé Samuels-Smith,19.0,D,England,186.0,,0,0,0.0,0.0,0.0,0.0,0.0,0,0,0,0.0,0,,,,,,,,,,,,,,,,,,,,,,,,,,,,
france,Ligue 1,2025,Isiaka Soukouna,20.0,D,,,,0,0,0.0,0.0,0.0,0.0,0.0,0,0,0,0.0,0,,,,,,,,,,,,,,,,,,,,,,,,,,,,
france,Ligue 1,2025,Ismael Doukouré,22.0,D,France,183.0,76.0,25,25,2076.0,0.0,2.0,0.0,0.0,0,0,4,0.0,1,0.0,0.30346820809248554,0.13005780346820808,0.0,0.08670520231213873,0.08670520231213873,0.0,64.11849710982659,0.30346820809248554,0.8670520231213872,0.5202312138728323,0.9971098265895953,1.8641618497109829,5.765895953757226,3.3815028901734108,0.6502890173410405,0.5202312138728323,0.08670520231213873,0.7369942196531792,0.9104046242774566,0.17341040462427745,0.0,0.04335260115606936,62.19675456389452,42.857142857142854,58.64661654135338,80.0,6.649710982658959
france,Ligue 1,2025,Ismaelo Ganiou,20.0,D,France,191.0,80.0,23,22,2014.0,3.0,0.0,0.0,2.0,0,0,4,0.0,1,0.0,0.759682224428997,0.17874875868917575,0.13406156901688182,0.0,0.13406156901688182,0.13406156901688182,58.540218470705064,0.4021847070506455,1.742800397219464,0.6256206554121152,1.2959285004965242,3.038728897715988,8.892750744786495,5.407149950347567,0.6256206554121152,0.4468718967229394,0.3574975173783515,0.9831181727904666,1.1171797418073486,0.17874875868917575,0.0,0.04468718967229394,55.106106870229006,23.52941176470588,60.80402010050251,71.42857142857143,7.105412115193644
france,Ligue 1,2025,Ismail Bouneb,19.0,M,France,182.0,76.0,0,0,0.0,0.0,0.0,0.0,0.0,0,0,0,0.0,0,,,,,,,,,,,,,,,,,,,,,,,,,,,,
france,Ligue 1,2025,Ismaël Guerti,21.0,M,Morocco,178.0,,3,0,35.0,0.0,0.0,0.0,0.0,0,0,0,0.0,0,0.0,0.0,0.0,0.0,0.0,0.0,0.0,56.57142857142857,0.0,5.142857142857142,0.0,2.571428571428571,7.714285714285714,15.428571428571429,7.714285714285714,5.142857142857142,2.571428571428571,0.0,0.0,0.0,0.0,0.0,0.0,6.409090909090909,,50.0,50.0,6.362857142857142
france,Ligue 1,2025,Issa Soumaré,25.0,F,Senegal,182.0,78.0,34,33,2949.0,8.0,5.0,2.0,0.0,1,2,2,0.0,0,0.4272634791454731,2.0752797558494405,0.8545269582909462,0.2441505595116989,0.1525940996948118,0.3967446592065107,0.21363173957273654,19.440488301119025,0.8850457782299085,1.0986775178026449,0.18311291963377416,0.335707019328586,1.434384537131231,15.137334689725332,8.179043743641913,1.9532044760935912,0.7934893184130214,0.4577822990844354,2.2583926754832144,1.7090539165818923,0.061037639877924724,0.0,0.0,14.390894819466247,41.17647058823529,54.03225806451613,40.625,7.112004069175992
france,Ligue 1,2025,Izak Akakpo,21.0,D,France,,,0,0,0.0,0.0,0.0,0.0,0.0,0,0,0,0.0,0,,,,,,,,,,,,,,,,,,,,,,,,,,,,
france,Ligue 1,2025,Jacen Russell-Rowe,23.0,F,Canada,183.0,73.0,13,5,473.0,1.0,0.0,0.0,0.0,0,0,0,0.0,0,0.19027484143763215,1.9027484143763214,0.7610993657505286,0.19027484143763215,0.0,0.19027484143763215,0.19027484143763215,19.027484143763214,1.1416490486257929,0.9513742071881607,0.3805496828752643,0.19027484143763215,1.1416490486257929,9.894291754756871,2.854122621564482,0.9513742071881607,0.3805496828752643,0.7610993657505286,0.19027484143763215,1.7124735729386893,0.0,0.0,0.0,8.34,40.0,28.846153846153843,40.0,6.39661733615222
france,Ligue 1,2025,Jacques Ekomié,22.0,D,Gabon,179.0,74.0,32,25,2240.0,0.0,0.0,0.0,1.0,0,0,3,0.0,0,0.24107142857142858,0.40178571428571425,0.12053571428571429,0.0,0.0,0.0,0.0,29.8125,0.48214285714285715,2.4107142857142856,0.40178571428571425,1.2455357142857142,3.65625,9.763392857142858,5.263392857142857,1.4464285714285712,0.5625,0.40178571428571425,1.2455357142857142,1.2053571428571428,0.12053571428571429,0.0,0.0,24.47843665768194,30.0,53.90946502057613,38.88888888888889,6.528137561411344
france,Ligue 1,2025,Jahyann Pandore,18.0,F,,,,4,0,85.0,1.0,0.0,0.0,0.0,0,0,0,0.0,0,0.0,1.0588235294117647,1.0588235294117647,1.0588235294117647,0.0,1.0588235294117647,1.0588235294117647,41.29411764705882,1.0588235294117647,4.235294117647059,0.0,0.0,4.235294117647059,16.941176470588236,5.294117647058823,3.176470588235294,0.0,1.0588235294117647,1.0588235294117647,2.1176470588235294,0.0,0.0,0.0,8.051282051282051,100.0,31.25,0.0,6.909411764705882
france,Ligue 1,2025,Jaydee Canvot,19.0,D,France,188.0,75.0,2,2,180.0,0.0,0.0,0.0,0.0,0,0,1,0.0,0,0.0,1.0,0.0,0.0,0.0,0.0,0.0,53.0,0.0,1.0,1.0,0.0,1.0,6.0,3.5,1.5,1.0,0.5,0.0,0.5,0.5,0.0,0.0,50.08490566037736,0.0,58.333333333333336,66.66666666666666,7.1
france,Ligue 1,2025,Jean Lambert Evan's Allan,26.0,D,,,,2,1,89.0,0.0,0.0,0.0,0.0,0,0,0,0.0,0,0.0,0.0,0.0,0.0,0.0,0.0,0.0,25.280898876404496,0.0,0.0,0.0,1.0112359550561798,1.0112359550561798,8.089887640449438,5.056179775280898,4.044943820224719,3.033707865168539,1.0112359550561798,2.0224719101123596,0.0,0.0,0.0,0.0,8.88,,62.5,75.0,6.4584269662921345
france,Ligue 1,2025,Jean-Baptiste Bosey,17.0,F,,,,1,0,11.0,0.0,0.0,0.0,0.0,0,0,0,0.0,0,0.0,0.0,0.0,0.0,0.0,0.0,0.0,0.0,0.0,0.0,0.0,0.0,0.0,8.181818181818182,0.0,0.0,0.0,0.0,0.0,8.181818181818182,0.0,0.0,0.0,,,0.0,,6.3
france,Ligue 1,2025,Jean-Kévin Duverne,28.0,D,France,184.0,71.0,0,0,0.0,0.0,0.0,0.0,0.0,0,0,0,0.0,0,,,,,,,,,,,,,,,,,,,,,,,,,,,,
france,Ligue 1,2025,Jean-Philippe Gbamin,30.0,D,Côte d'Ivoire,186.0,88.0,31,30,2488.0,1.0,1.0,0.0,0.0,0,0,2,0.0,0,0.0,0.3617363344051447,0.2532154340836013,0.03617363344051447,0.03617363344051447,0.07234726688102894,0.03617363344051447,64.60610932475885,0.542604501607717,1.844855305466238,0.47025723472668807,0.9766881028938907,2.8215434083601285,7.813504823151126,4.051446945337621,1.1937299035369775,0.9405144694533761,0.7234726688102894,0.28938906752411575,0.8681672025723474,0.07234726688102894,0.0,0.0,59.86618141097424,70.0,51.85185185185185,78.78787878787878,6.724557877813505
france,Ligue 1,2025,Jean-Philippe Krasso,28.0,F,Côte d'Ivoire,187.0,80.0,25,12,1099.0,2.0,2.0,0.0,0.0,1,0,0,0.0,0,0.9008189262966333,1.9654231119199272,0.818926296633303,0.1637852593266606,0.1637852593266606,0.3275705186533212,0.0818926296633303,20.964513193812557,1.9654231119199272,1.064604185623294,0.0818926296633303,0.0818926296633303,1.1464968152866242,16.62420382165605,6.387625113739764,3.9308462238398545,1.4740673339399455,0.7370336669699727,1.5559599636032757,1.637852593266606,0.0,0.0,0.0,9.03921568627451,41.66666666666667,38.42364532019704,37.5,6.579253867151957
france,Ligue 1,2025,Jean-Victor Makengo,27.0,F,France,177.0,75.0,31,23,1813.0,4.0,2.0,0.0,0.0,0,0,2,0.0,0,0.0,1.38996138996139,0.694980694980695,0.19856591285162714,0.09928295642581357,0.2978488692774407,0.19856591285162714,28.047435190292333,1.2410369553226697,1.38996138996139,0.049641478212906785,0.44677330391616105,1.8367346938775508,8.63761720904578,4.914506343077772,2.035300606729178,1.1913954771097628,0.44677330391616105,1.7374517374517373,0.5956977385548814,0.09928295642581357,0.0,0.0,18.049557522123894,50.0,56.896551724137936,58.536585365853654,6.919360176503033
france,Ligue 1,2025,Jeffrey de Lange,27.0,G,Netherlands,191.0,80.0,5,5,450.0,0.0,0.0,0.0,0.0,0,0,0,0.0,0,0.0,0.0,0.0,0.0,0.0,0.0,0.0,27.400000000000002,0.2,0.0,0.0,0.0,0.0,0.2,0.0,0.0,0.0,0.2,0.0,0.0,0.0,0.0,0.0,27.240875912408757,,0.0,,6.64
france,Ligue 1,2025,Jessy Deminguet,27.0,M,France,178.0,74.0,31,25,2021.0,2.0,0.0,1.0,0.0,0,0,4,0.0,0,0.0,0.5789213260761998,0.31172686788718457,0.08906481939633845,0.0,0.08906481939633845,0.08906481939633845,38.87679366650173,0.1781296387926769,1.9594260267194457,0.08906481939633845,0.9797130133597228,2.939139040079169,8.906481939633846,4.319643740722415,0.9351806036615538,0.4453240969816922,0.7570509648688768,1.4250371103414152,1.2469074715487383,0.1781296387926769,0.0,0.0,30.443298969072163,53.84615384615385,48.5,47.61904761904761,6.764356435643564
france,Ligue 1,2025,Jhoanner Chávez,23.0,D,Ecuador,182.0,77.0,0,0,0.0,0.0,0.0,0.0,0.0,0,0,0,0.0,0,,,,,,,,,,,,,,,,,,,,,,,,,,,,
france,Ligue 1,2025,Jim Allevinah,30.0,F,Gabon,172.0,67.0,6,0,132.0,1.0,0.0,0.0,0.0,0,0,0,0.0,0,0.6818181818181819,2.7272727272727275,0.6818181818181819,0.6818181818181819,0.0,0.6818181818181819,0.6818181818181819,25.90909090909091,0.6818181818181819,0.6818181818181819,0.6818181818181819,0.0,0.6818181818181819,10.227272727272727,4.7727272727272725,4.7727272727272725,0.6818181818181819,0.6818181818181819,2.7272727272727275,0.0,0.0,0.0,0.0,7.052631578947368,25.0,46.666666666666664,14.285714285714285,6.747727272727273
france,Ligue 1,2025,Joaquin Panichelli,23.0,F,Argentina,186.0,82.0,27,24,2195.0,16.0,1.0,0.0,0.0,5,1,3,0.0,0,0.5740318906605922,2.091116173120729,1.2710706150341686,0.6560364464692483,0.04100227790432802,0.6970387243735763,0.4510250569476082,19.107061503416855,0.9020501138952164,1.0660592255125283,0.32801822323462415,0.4920273348519362,1.5580865603644645,12.5876993166287,5.658314350797267,1.2300683371298406,0.4510250569476082,0.4920273348519362,1.8041002277904328,1.7630979498861048,0.12300683371298406,0.0,0.0,14.435622317596566,60.78431372549019,44.951140065146575,36.666666666666664,6.863280182232346
france,Ligue 1,2025,Joel Asoro,26.0,F,Sweden,175.0,75.0,8,2,233.0,0.0,0.0,0.0,0.0,0,0,0,0.0,0,0.7725321888412017,1.1587982832618027,0.38626609442060084,0.0,0.0,0.0,0.0,14.291845493562231,0.38626609442060084,0.0,0.0,0.0,0.0,9.270386266094421,1.9313304721030042,1.5450643776824033,0.38626609442060084,0.38626609442060084,0.38626609442060084,0.7725321888412017,0.0,0.0,0.0,5.527777777777778,33.33333333333333,20.833333333333336,25.0,6.145689655172413
france,Ligue 1,2025,Joel Mugisha Mvuka,23.0,M,Norway,176.0,66.0,15,5,572.0,0.0,0.0,0.0,0.0,0,0,0,0.0,0,0.15734265734265734,0.9440559440559441,0.15734265734265734,0.0,0.0,0.0,0.0,23.286713286713287,0.6293706293706294,3.4615384615384617,0.0,1.1013986013986015,4.5629370629370625,11.171328671328672,6.293706293706294,2.5174825174825175,0.9440559440559441,0.6293706293706294,1.7307692307692308,0.6293706293706294,0.0,0.0,0.0,11.993243243243244,16.666666666666664,56.33802816901409,37.5,6.529473684210527
france,Ligue 1,2025,Johann Lepenant,23.0,M,France,176.0,69.0,27,23,2175.0,0.0,1.0,0.0,0.0,0,0,4,0.0,0,0.0,0.6206896551724138,0.2896551724137931,0.0,0.041379310344827586,0.041379310344827586,0.0,34.0551724137931,1.3655172413793104,3.2689655172413796,0.12413793103448274,1.1172413793103448,4.386206896551724,11.793103448275863,6.206896551724138,1.2000000000000002,0.41379310344827586,1.9862068965517239,1.9862068965517239,1.2413793103448276,0.16551724137931034,0.0,0.0,27.273390036452003,46.666666666666664,52.63157894736842,34.48275862068966,6.840367816091954
france,Ligue 1,2025,Jonathan Clauss,33.0,M,France,178.0,69.0,32,30,2710.0,2.0,6.0,1.0,1.0,0,0,0,0.0,0,0.033210332103321034,0.5977859778597786,0.23247232472324725,0.06642066420664207,0.1992619926199262,0.2656826568265683,0.06642066420664207,43.93726937269373,2.3247232472324724,2.2250922509225095,0.1992619926199262,1.5940959409594095,3.819188191881919,7.538745387453875,4.051660516605166,1.5276752767527675,0.896678966789668,1.0959409594095941,0.5977859778597786,0.7306273062730627,0.0,0.0,0.0,37.65910808767951,38.88888888888889,53.74449339207048,58.69565217391305,7.01760147601476
france,Ligue 1,2025,Jonathan Fischer,24.0,G,Denmark,198.0,,27,26,2353.0,0.0,0.0,0.0,0.0,0,0,0,0.0,0,0.0,0.0,0.0,0.0,0.0,0.0,0.0,35.609859753506164,0.03824904377390565,0.0,0.0,0.0,0.0,0.5354866128346791,0.45898852528686784,0.0,0.0,0.03824904377390565,0.1529961750956226,0.0,0.0,0.0,0.0,30.371643394199786,,85.71428571428571,,6.998342541436464
france,Ligue 1,2025,Jonathan Gradit,33.0,D,France,180.0,75.0,10,10,809.0,0.0,0.0,0.0,1.0,0,0,2,0.0,1,0.0,0.11124845488257107,0.0,0.0,0.0,0.0,0.0,52.620519159456116,0.22249690976514214,1.8912237330037085,1.0012360939431397,1.779975278121137,3.6711990111248456,8.454882571075402,4.783683559950556,0.5562422744128553,0.33374536464771326,0.33374536464771326,1.0012360939431397,1.6687268232385661,0.22249690976514214,0.0,0.11124845488257107,57.84110169491525,0.0,56.57894736842105,60.0,7.127070457354759
france,Ligue 1,2025,Jonathan Ikoné,27.0,F,France,175.0,67.0,23,13,1102.0,3.0,1.0,0.0,0.0,0,0,2,0.0,0,0.24500907441016334,1.2250453720508168,0.4900181488203267,0.24500907441016334,0.08166969147005444,0.32667876588021777,0.24500907441016334,32.34119782214156,1.1433756805807622,1.3883847549909256,0.08166969147005444,0.32667876588021777,1.7150635208711433,10.208711433756806,4.7368421052631575,2.7767695099818512,1.47005444646098,1.061705989110708,1.47005444646098,1.061705989110708,0.16333938294010888,0.0,0.0,21.512626262626263,40.0,46.400000000000006,52.94117647058824,6.841560798548094
france,Ligue 1,2025,Jonathan Rowe,22.0,F,England,178.0,74.0,1,1,63.0,0.0,0.0,0.0,0.0,0,0,0,0.0,0,0.0,5.7142857142857135,0.0,0.0,0.0,0.0,0.0,34.285714285714285,0.0,0.0,0.0,1.4285714285714284,1.4285714285714284,10.0,2.8571428571428568,1.4285714285714284,0.0,1.4285714285714284,2.8571428571428568,2.8571428571428568,0.0,0.0,0.0,19.0,0.0,28.57142857142857,0.0,6.2
france,Ligue 1,2025,Jordan James,21.0,M,Wales,182.0,68.0,0,0,0.0,0.0,0.0,0.0,0.0,0,0,0,0.0,0,,,,,,,,,,,,,,,,,,,,,,,,,,,,
france,Ligue 1,2025,Jordan Lefort,32.0,D,France,184.0,81.0,34,34,3060.0,0.0,2.0,0.0,1.0,0,0,1,0.0,0,0.058823529411764705,0.23529411764705882,0.029411764705882353,0.0,0.058823529411764705,0.058823529411764705,0.0,56.8235294117647,0.2647058823529412,1.5,0.47058823529411764,1.4117647058823528,2.9117647058823533,5.76470588235294,3.411764705882353,0.47058823529411764,0.29411764705882354,0.6176470588235294,0.5588235294117647,0.6470588235294117,0.029411764705882353,0.0,0.0,53.94461697722567,12.5,59.183673469387756,62.5,6.8088235294117645
france,Ligue 1,2025,Jordan Mendes Correia,21.0,M,France,,,2,2,161.0,0.0,0.0,0.0,0.0,0,0,0,0.0,0,0.0,1.1180124223602483,0.5590062111801242,0.0,0.0,0.0,0.0,22.36024844720497,0.0,2.7950310559006213,0.0,1.1180124223602483,3.9130434782608696,9.503105590062113,5.590062111801243,1.1180124223602483,1.1180124223602483,0.0,1.1180124223602483,1.6770186335403727,0.0,0.0,0.0,16.2,50.0,58.82352941176471,100.0,7.0
france,Ligue 1,2025,Jordan Teze,26.0,M,Netherlands,183.0,68.0,33,28,2494.0,1.0,2.0,0.0,0.0,0,0,8,0.0,0,0.1082598235765838,0.39695268644747395,0.18043303929430632,0.03608660785886127,0.07217321571772253,0.1082598235765838,0.03608660785886127,48.0673616680032,1.2630312750601442,2.2012830793905374,0.36086607858861264,1.0465116279069768,3.247794707297514,8.047313552526063,4.222133119486768,0.36086607858861264,0.1082598235765838,1.1186848436246992,0.9021651964715317,1.1547714514835605,0.28869286287089013,0.0,0.0,39.726726726726724,45.45454545454545,52.46636771300448,30.0,6.988933440256616
france,Ligue 1,2025,Joris Chotard,24.0,M,France,179.0,70.0,33,31,2777.0,2.0,1.0,0.0,0.0,0,0,2,0.0,0,0.0,0.583363341735686,0.2592725963269716,0.0648181490817429,0.03240907454087145,0.09722722362261432,0.0648181490817429,38.56679870363702,0.3564998199495859,2.138998919697515,0.4537270435722002,1.5232265034209578,3.6622254231184734,6.287360460929061,3.4677709758732442,0.3889088944904573,0.1296362981634858,0.9722722362261433,0.3889088944904573,0.9074540871444003,0.0648181490817429,0.0,0.0,31.99411764705882,44.44444444444444,55.154639175257735,33.33333333333333,6.930320489737126
france,Ligue 1,2025,Joseph N'Duquidi,21.0,M,France,187.0,74.0,1,0,14.0,0.0,0.0,0.0,0.0,0,0,0,0.0,0,0.0,0.0,0.0,0.0,0.0,0.0,0.0,19.285714285714285,0.0,0.0,0.0,0.0,0.0,0.0,0.0,0.0,0.0,0.0,0.0,0.0,0.0,0.0,0.0,2.0,,,,6.5
france,Ligue 1,2025,Joshua Duffus,21.0,F,England,,,3,1,99.0,0.0,0.0,0.0,0.0,0,0,0,0.0,0,0.0,0.9090909090909092,0.0,0.0,0.0,0.0,0.0,20.0,0.0,0.9090909090909092,0.9090909090909092,0.0,0.9090909090909092,9.09090909090909,2.7272727272727275,1.8181818181818183,0.9090909090909092,2.7272727272727275,0.9090909090909092,1.8181818181818183,0.0,0.0,0.0,9.272727272727273,0.0,30.0,50.0,6.332323232323232
france,Ligue 1,2025,Josue Escartin,22.0,D,France,193.0,85.0,1,1,90.0,1.0,0.0,0.0,0.0,0,0,0,0.0,0,0.0,1.0,1.0,1.0,0.0,1.0,1.0,62.0,0.0,0.0,0.0,1.0,1.0,6.0,6.0,0.0,0.0,0.0,1.0,0.0,0.0,0.0,0.0,55.0,100.0,100.0,,7.7
france,Ligue 1,2025,Josué Casimir,24.0,F,Guadeloupe,178.0,68.0,31,16,1532.0,1.0,0.0,0.0,0.0,0,1,6,0.0,1,0.1762402088772846,0.9986945169712793,0.7049608355091384,0.0587467362924282,0.0,0.0587467362924282,0.0587467362924282,26.964751958224547,0.5874673629242819,1.821148825065274,0.0,0.6462140992167102,2.4673629242819843,10.985639686684072,5.757180156657964,1.1749347258485638,0.5874673629242819,0.5874673629242819,1.8798955613577024,1.9973890339425586,0.3524804177545692,0.0,0.0587467362924282,17.392156862745097,70.58823529411765,52.406417112299465,50.0,6.594125326370758
france,Ligue 1,2025,Jovany Ikanga,23.0,F,France,179.0,,1,1,62.0,0.0,0.0,0.0,0.0,0,0,0,0.0,0,0.0,0.0,0.0,0.0,0.0,0.0,0.0,14.516129032258064,1.4516129032258065,1.4516129032258065,0.0,1.4516129032258065,2.903225806451613,7.258064516129032,2.903225806451613,4.354838709677419,1.4516129032258065,1.4516129032258065,0.0,0.0,0.0,0.0,0.0,7.0,,40.0,33.33333333333333,6.7
france,Ligue 1,2025,João Ferreira,24.0,D,Portugal,185.0,79.0,3,0,58.0,0.0,0.0,0.0,0.0,0,0,0,0.0,0,0.0,0.0,0.0,0.0,0.0,0.0,0.0,38.79310344827586,0.0,3.103448275862069,0.0,1.5517241379310345,4.655172413793103,18.620689655172413,6.206896551724138,3.103448275862069,0.0,1.5517241379310345,1.5517241379310345,1.5517241379310345,0.0,0.0,0.0,9.24,,33.33333333333333,0.0,6.126315789473684
france,Ligue 1,2025,João Neves,21.0,M,Portugal,174.0,66.0,21,13,1287.0,5.0,1.0,1.0,0.0,0,0,0,0.0,0,0.0,1.3286713286713288,0.4195804195804196,0.34965034965034963,0.06993006993006994,0.4195804195804196,0.34965034965034963,72.65734265734267,0.9790209790209791,1.8881118881118881,0.34965034965034963,0.48951048951048953,2.377622377622378,7.4825174825174825,4.265734265734266,0.9790209790209791,0.5594405594405595,0.9090909090909092,0.9090909090909092,0.9090909090909092,0.0,0.0,0.0,53.34167468719923,31.57894736842105,57.009345794392516,57.14285714285714,7.291919191919193
france,Ligue 1,2025,Jules Stawiecki,18.0,G,France,186.0,80.0,0,0,0.0,0.0,0.0,0.0,0.0,0,0,0,0.0,0,,,,,,,,,,,,,,,,,,,,,,,,,,,,
france,Ligue 1,2025,Julian Vignolo,19.0,F,Argentina,,,13,1,207.0,2.0,0.0,0.0,0.0,0,0,0,0.0,0,0.0,3.043478260869565,3.043478260869565,0.8695652173913043,0.0,0.8695652173913043,0.8695652173913043,17.82608695652174,3.043478260869565,1.3043478260869565,0.0,0.0,1.3043478260869565,8.695652173913043,3.043478260869565,2.608695652173913,1.3043478260869565,1.3043478260869565,0.43478260869565216,1.3043478260869565,0.0,0.0,0.0,3.8055555555555554,100.0,35.0,50.0,6.7194174757281555
france,Ligue 1,2025,Julien Le Cardinal,28.0,D,France,182.0,73.0,8,6,533.0,1.0,0.0,0.0,0.0,0,0,1,0.0,0,0.0,1.3508442776735459,0.5065666041275797,0.16885553470919323,0.0,0.16885553470919323,0.16885553470919323,43.56472795497186,0.16885553470919323,1.3508442776735459,1.0131332082551594,1.1819887429643527,2.5328330206378986,8.949343339587243,5.74108818011257,0.33771106941838647,0.16885553470919323,0.5065666041275797,1.0131332082551594,0.5065666041275797,0.16885553470919323,0.0,0.0,33.3875968992248,37.5,64.15094339622641,50.0,7.24953095684803
france,Ligue 1,2025,Julien López,33.0,F,France,173.0,68.0,5,0,50.0,0.0,0.0,0.0,0.0,0,0,0,0.0,0,0.0,0.0,0.0,0.0,0.0,0.0,0.0,27.0,0.0,0.0,0.0,1.8,1.8,5.3999999999999995,0.0,3.6,0.0,0.0,0.0,0.0,0.0,0.0,0.0,5.466666666666667,,0.0,0.0,6.377551020408164
france,Ligue 1,2025,Julio Enciso,21.0,M,Paraguay,173.0,64.0,27,22,1892.0,3.0,6.0,0.0,0.0,1,0,2,0.0,0,0.23784355179704017,2.0454545454545454,1.0465116279069768,0.1427061310782241,0.2854122621564482,0.4281183932346723,0.09513742071881608,30.253699788583507,1.379492600422833,0.9989429175475688,0.04756871035940804,0.33298097251585623,1.331923890063425,11.701902748414376,5.613107822410148,4.5665961945031714,2.568710359408034,0.3805496828752643,1.4746300211416492,0.9513742071881607,0.09513742071881608,0.0,0.0,24.85062893081761,51.162790697674424,47.96747967479675,56.25,7.141014799154334
france,Ligue 1,2025,Junior Ake,18.0,D,,,,0,0,0.0,0.0,0.0,0.0,0.0,0,0,0,0.0,0,,,,,,,,,,,,,,,,,,,,,,,,,,,,
france,Ligue 1,2025,Junior Dina Ebimbe,25.0,M,France,183.0,76.0,27,15,1180.0,5.0,0.0,0.0,0.0,0,0,3,0.0,0,0.22881355932203387,1.2966101694915255,0.6864406779661018,0.3813559322033898,0.0,0.3813559322033898,0.3813559322033898,21.050847457627118,0.6101694915254237,1.906779661016949,0.0,0.45762711864406774,2.364406779661017,10.220338983050848,3.9661016949152543,1.2966101694915255,0.22881355932203387,1.0677966101694916,1.1440677966101696,1.6779661016949154,0.22881355932203387,0.0,0.0,11.402173913043478,52.94117647058824,38.80597014925373,17.647058823529413,6.607627118644068
france,Ligue 1,2025,Junior Mwanga,22.0,M,France,184.0,80.0,20,20,1642.0,1.0,1.0,0.0,1.0,0,0,2,0.0,1,0.0,0.43848964677222896,0.16443361753958585,0.05481120584652862,0.05481120584652862,0.10962241169305724,0.05481120584652862,43.13641900121802,0.9866017052375152,2.137637028014616,0.38367844092570036,0.7125456760048721,2.8501827040194883,9.482338611449451,4.878197320341048,1.5347137637028014,0.9866017052375152,0.9866017052375152,0.8769792935444579,1.3702801461632157,0.10962241169305724,0.0,0.05481120584652862,42.81956797966963,37.5,51.445086705202314,64.28571428571429,6.797503045066992
france,Ligue 1,2025,Justin Bourgault,20.0,D,France,185.0,80.0,1,0,15.0,0.0,0.0,0.0,0.0,0,0,0,0.0,0,0.0,6.0,0.0,0.0,0.0,0.0,0.0,24.0,0.0,0.0,0.0,6.0,6.0,24.0,12.0,6.0,6.0,0.0,0.0,0.0,0.0,0.0,0.0,4.0,0.0,50.0,100.0,6.2
france,Ligue 1,2025,Justin-Noel Kalumba,21.0,F,France,180.0,75.0,4,3,225.0,0.0,0.0,0.0,0.0,0,0,0,0.0,0,0.0,0.0,0.0,0.0,0.0,0.0,0.0,30.0,1.6,2.4000000000000004,0.0,0.4,2.8,15.600000000000001,5.6,5.6,1.6,0.0,1.2000000000000002,1.2000000000000002,0.0,0.0,0.0,21.2,,35.8974358974359,28.57142857142857,6.662222222222222
france,Ligue 1,2025,Jérémie Boga,28.0,F,Côte d'Ivoire,172.0,68.0,14,7,645.0,2.0,2.0,0.0,0.0,0,0,0,0.0,0,0.0,1.6744186046511627,0.6976744186046512,0.27906976744186046,0.27906976744186046,0.5581395348837209,0.27906976744186046,27.62790697674419,1.813953488372093,0.5581395348837209,0.0,0.41860465116279066,0.9767441860465116,7.395348837209302,4.046511627906977,3.627906976744186,1.813953488372093,0.13953488372093023,1.6744186046511627,0.27906976744186046,0.0,0.0,0.0,14.929292929292929,41.66666666666667,54.71698113207547,50.0,6.864651162790698
france,Ligue 1,2025,Jérémy Jacquet,20.0,D,France,188.0,77.0,19,19,1673.0,0.0,0.0,0.0,1.0,0,0,6,0.0,1,0.0537955768081291,0.4303646144650328,0.16138673042438734,0.0,0.0,0.0,0.0,57.88404064554692,0.484160191273162,1.452480573819486,0.8607292289300656,1.022115959354453,2.474596533173939,6.4554692169754935,4.357441721458458,0.4303646144650328,0.2151823072325164,0.1075911536162582,0.9145248057381948,1.0759115361625822,0.3227734608487747,0.0,0.0537955768081291,55.63475836431227,37.5,67.5,50.0,7.044052600119546
france,Ligue 1,2025,Kamory Doumbia,22.0,M,Mali,170.0,53.0,24,22,1765.0,5.0,4.0,0.0,0.0,0,0,6,0.0,0,0.10198300283286119,1.3767705382436262,0.7138810198300284,0.254957507082153,0.20396600566572237,0.45892351274787535,0.254957507082153,34.57223796033994,1.3767705382436262,3.110481586402266,0.0,1.019830028328612,4.1303116147308785,13.206798866855523,5.609065155807365,2.8555240793201135,0.8668555240793201,1.3257790368271956,1.0708215297450425,1.4787535410764874,0.3059490084985836,0.0,0.0,26.199115044247787,51.85185185185185,42.471042471042466,30.357142857142854,6.827025495750709
france,Ligue 1,2025,Kang-in Lee,24.0,M,Korea Republic,173.0,66.0,27,18,1522.0,3.0,4.0,0.0,1.0,0,0,3,0.0,0,0.1773981603153745,1.5965834428383707,0.8869908015768725,0.1773981603153745,0.23653088042049936,0.41392904073587383,0.1773981603153745,61.73455978975033,3.54796320630749,1.0052562417871223,0.05913272010512484,0.1773981603153745,1.1826544021024967,8.751642575558476,4.139290407358739,3.0157687253613665,1.6557161629434953,0.5913272010512484,1.123521681997372,1.064388961892247,0.1773981603153745,0.0,0.0,43.57375478927203,55.55555555555556,47.2972972972973,54.90196078431373,7.0905387647831795
france,Ligue 1,2025,Karim Dermane,22.0,M,Togo,,,30,15,1363.0,1.0,2.0,1.0,0.0,0,0,2,0.0,0,0.0,0.9244314013206162,0.13206162876008803,0.06603081438004402,0.13206162876008803,0.19809244314013205,0.06603081438004402,35.92076302274395,1.0564930300807043,1.6507703595011005,0.13206162876008803,0.7263389581804842,2.377109317681585,12.545854732208364,5.9427732942039615,2.7732942039618487,1.3206162876008805,0.9244314013206162,2.5752017608217166,1.3866471019809243,0.13206162876008803,0.0,0.0,18.830882352941178,14.285714285714285,47.368421052631575,47.61904761904761,6.786426999266324
france,Ligue 1,2025,Karl-Johan Johnsson,35.0,G,Sweden,188.0,84.0,1,1,90.0,0.0,0.0,0.0,0.0,0,0,0,0.0,0,0.0,0.0,0.0,0.0,0.0,0.0,0.0,32.0,0.0,0.0,0.0,0.0,0.0,1.0,1.0,0.0,0.0,0.0,0.0,0.0,0.0,0.0,0.0,25.0,,100.0,,7.2
france,Ligue 1,2025,Kassoum Ouattara,21.0,D,France,176.0,73.0,15,12,983.0,0.0,3.0,0.0,1.0,0,0,3,0.0,0,0.09155645981688708,0.5493387589013224,0.0,0.0,0.2746693794506612,0.2746693794506612,0.0,34.51678535096643,1.5564598168870805,2.472024415055951,0.0,1.4649033570701933,3.9369277721261446,12.909460834181077,5.676500508646998,3.112919633774161,0.8240081383519837,0.8240081383519837,0.9155645981688708,2.014242115971516,0.2746693794506612,0.0,0.0,23.26525198938992,0.0,43.97163120567376,26.47058823529412,6.6029501525941
france,Ligue 1,2025,Kaïl Boudache,17.0,F,France,,,14,3,580.0,2.0,0.0,0.0,0.0,0,0,1,0.0,0,0.0,1.706896551724138,0.6206896551724138,0.3103448275862069,0.0,0.3103448275862069,0.3103448275862069,20.948275862068964,0.7758620689655172,2.0172413793103448,0.0,0.9310344827586207,2.9482758620689657,13.965517241379311,4.5,3.2586206896551726,0.9310344827586207,1.2413793103448276,0.6206896551724138,0.9310344827586207,0.15517241379310345,0.0,0.0,10.088888888888889,36.36363636363637,32.22222222222222,28.57142857142857,6.646551724137931
france,Ligue 1,2025,Kelvin Amian,27.0,D,France,180.0,78.0,23,22,1962.0,0.0,1.0,0.0,1.0,0,0,3,0.0,0,0.09174311926605505,0.41284403669724773,0.09174311926605505,0.0,0.045871559633027525,0.045871559633027525,0.0,36.055045871559635,0.3669724770642202,1.2844036697247707,0.45871559633027525,0.3211009174311927,1.6055045871559632,6.422018348623853,3.6238532110091746,0.45871559633027525,0.22935779816513763,0.27522935779816515,0.8256880733944955,1.055045871559633,0.13761467889908258,0.0,0.0,32.57124681933842,22.22222222222222,56.42857142857143,50.0,6.621978582355942
france,Ligue 1,2025,Kelyann Bezahaf,19.0,D,,,,0,0,0.0,0.0,0.0,0.0,0.0,0,0,0,0.0,0,,,,,,,,,,,,,,,,,,,,,,,,,,,,
france,Ligue 1,2025,Kemo Cissé,29.0,F,France,170.0,63.0,0,0,0.0,0.0,0.0,0.0,0.0,0,0,0,0.0,0,,,,,,,,,,,,,,,,,,,,,,,,,,,,
france,Ligue 1,2025,Kendry Páez,18.0,M,Ecuador,178.0,71.0,15,4,431.0,1.0,0.0,0.0,0.0,0,0,0,0.0,0,0.2088167053364269,1.6705336426914152,0.8352668213457076,0.2088167053364269,0.0,0.2088167053364269,0.2088167053364269,33.201856148491885,1.2529002320185614,1.2529002320185614,0.0,0.6264501160092807,1.8793503480278422,13.57308584686775,3.549883990719257,3.967517401392111,1.2529002320185614,3.1322505800464038,0.6264501160092807,1.4617169373549883,0.0,0.0,0.0,12.70440251572327,50.0,26.153846153846157,31.57894736842105,6.536130536130536
france,Ligue 1,2025,Kenny Lala,34.0,D,France,178.0,78.0,32,31,2792.0,0.0,3.0,0.0,2.0,0,0,4,0.0,0,0.0,0.19340974212034384,0.032234957020057305,0.0,0.09670487106017192,0.09670487106017192,0.0,40.551575931232094,0.83810888252149,1.257163323782235,0.3223495702005731,0.9992836676217766,2.2564469914040113,5.38323782234957,2.6755014326647566,0.6124641833810889,0.25787965616045844,0.83810888252149,0.741404011461318,0.5479942693409742,0.12893982808022922,0.0,0.0,34.57154213036566,16.666666666666664,49.700598802395206,42.10526315789473,6.781375358166189
france,Ligue 1,2025,Kenny Nagera,23.0,F,France,177.0,70.0,2,0,30.0,0.0,0.0,0.0,0.0,0,0,0,0.0,0,0.0,0.0,0.0,0.0,0.0,0.0,0.0,6.0,3.0,0.0,0.0,0.0,0.0,6.0,0.0,0.0,0.0,0.0,0.0,0.0,0.0,0.0,0.0,1.0,,0.0,,6.779999999999999
france,Ligue 1,2025,Kenny Quetant,19.0,F,,,,9,4,387.0,1.0,0.0,0.0,0.0,0,0,1,0.0,0,0.9302325581395349,1.3953488372093024,0.46511627906976744,0.23255813953488372,0.0,0.23255813953488372,0.23255813953488372,14.651162790697676,0.23255813953488372,0.0,0.0,0.23255813953488372,0.23255813953488372,8.604651162790697,3.0232558139534884,0.6976744186046512,0.46511627906976744,0.46511627906976744,0.6976744186046512,1.3953488372093024,0.23255813953488372,0.0,0.0,8.85,33.33333333333333,35.13513513513514,66.66666666666666,6.571834625322998
france,Ligue 1,2025,Kevin Cabral,26.0,F,France,185.0,69.0,1,1,75.0,1.0,1.0,0.0,0.0,0,0,0,0.0,0,0.0,3.6,2.4000000000000004,1.2000000000000002,1.2000000000000002,2.4000000000000004,1.2000000000000002,24.0,1.2000000000000002,0.0,0.0,0.0,0.0,6.0,2.4000000000000004,1.2000000000000002,0.0,0.0,2.4000000000000004,0.0,0.0,0.0,0.0,19.0,66.66666666666666,40.0,0.0,8.7
france,Ligue 1,2025,Kevin Carlos Omoruyi,24.0,F,Spain,186.0,98.0,24,9,901.0,0.0,0.0,1.0,0.0,0,0,2,0.0,0,0.49944506104328523,1.2985571587125415,0.6992230854605994,0.0,0.0,0.0,0.0,16.681465038845726,0.2996670366259711,0.1997780244173141,0.09988901220865705,0.09988901220865705,0.2996670366259711,13.18534961154273,4.994450610432852,0.7991120976692564,0.1997780244173141,0.2996670366259711,1.6981132075471697,2.896781354051054,0.1997780244173141,0.0,0.0,7.0920245398773005,53.84615384615385,37.878787878787875,25.0,6.380846325167038
france,Ligue 1,2025,Kevin Pedro,19.0,D,France,183.0,72.0,3,3,270.0,0.0,0.0,0.0,0.0,0,0,0,0.0,0,0.0,0.0,0.0,0.0,0.0,0.0,0.0,43.0,0.33333333333333337,2.666666666666667,0.6666666666666667,2.0,4.666666666666667,9.0,5.666666666666666,2.0,0.6666666666666667,0.33333333333333337,0.33333333333333337,1.0,0.0,0.0,0.0,36.06201550387597,,62.96296296296296,33.33333333333333,6.9
france,Ligue 1,2025,Kevin Trapp,35.0,G,Germany,189.0,84.0,22,22,1980.0,0.0,0.0,0.0,0.0,0,0,2,0.0,0,0.0,0.0,0.0,0.0,0.0,0.0,0.0,36.95454545454545,0.0,0.0,0.0,0.045454545454545456,0.045454545454545456,0.3181818181818182,0.3181818181818182,0.0,0.0,0.0,0.2272727272727273,0.0,0.09090909090909091,0.0,0.0,26.797047970479706,,100.0,,6.931818181818182
france,Ligue 1,2025,Kevin Van Den Kerkhof,29.0,D,Algeria,190.0,76.0,0,0,0.0,0.0,0.0,0.0,0.0,0,0,0,0.0,0,,,,,,,,,,,,,,,,,,,,,,,,,,,,
france,Ligue 1,2025,Keyliane Abdallah,19.0,F,France,185.0,71.0,0,0,0.0,0.0,0.0,0.0,0.0,0,0,0,0.0,0,,,,,,,,,,,,,,,,,,,,,,,,,,,,
france,Ligue 1,2025,Khalis Merah,18.0,M,France,,,22,15,1148.0,0.0,1.0,0.0,0.0,0,0,1,0.0,0,0.0,0.47038327526132406,0.23519163763066203,0.0,0.078397212543554,0.078397212543554,0.0,38.72822299651568,0.9407665505226481,2.1167247386759582,0.0,0.5487804878048781,2.6655052264808363,9.250871080139373,4.7822299651567945,1.17595818815331,0.7839721254355401,1.254355400696864,1.5679442508710801,0.862369337979094,0.078397212543554,0.0,0.0,22.5,50.0,51.69491525423729,66.66666666666666,6.660592850915433
france,Ligue 1,2025,Khvicha Kvaratskhelia,24.0,F,Georgia,183.0,76.0,28,18,1483.0,8.0,4.0,0.0,0.0,1,0,1,0.0,0,0.30343897505057316,2.9130141604855027,1.7599460552933244,0.4855023600809171,0.24275118004045854,0.7282535401213757,0.42481456507080245,54.13351314902226,2.0633850303438974,1.4565070802427513,0.18206338503034392,0.6675657451112609,2.124072825354012,12.19824679703304,6.129467296021577,4.612272420768712,2.6702629804450435,0.7282535401213757,1.5778826702629802,1.0923803101820633,0.060687795010114634,0.0,0.0,34.559417040358746,60.416666666666664,50.24875621890548,57.89473684210527,7.361294672960216
france,Ligue 1,2025,Kilian Belazzoug,19.0,G,,,,0,0,0.0,0.0,0.0,0.0,0.0,0,0,0,0.0,0,,,,,,,,,,,,,,,,,,,,,,,,,,,,
france,Ligue 1,2025,Killian Prouchet,20.0,D,France,,,0,0,0.0,0.0,0.0,0.0,0.0,0,0,0,0.0,0,,,,,,,,,,,,,,,,,,,,,,,,,,,,
france,Ligue 1,2025,Kjetil Haug,27.0,G,Norway,190.0,83.0,1,0,30.0,0.0,0.0,0.0,0.0,0,0,0,0.0,0,0.0,0.0,0.0,0.0,0.0,0.0,0.0,33.0,0.0,0.0,0.0,0.0,0.0,0.0,0.0,0.0,0.0,0.0,0.0,0.0,0.0,0.0,0.0,6.0,,,,6.3
france,Ligue 1,2025,Koffi Kouao,27.0,D,Côte d'Ivoire,173.0,65.0,27,27,2273.0,2.0,1.0,1.0,1.0,0,0,9,0.0,0,0.11878574571051473,0.75230972283326,0.3959524857017158,0.07919049714034317,0.03959524857017158,0.11878574571051473,0.07919049714034317,42.92124945006599,0.4355477342718874,2.8508578970523537,0.5147382314122305,1.1482622085349758,3.999120105587329,10.017597888253409,5.662120545534536,1.6630004399472065,1.1878574571051475,1.4650241970963485,1.306643202815662,1.2670479542454907,0.3563572371315442,0.0,0.0,39.253690036900366,52.63157894736842,56.52173913043478,71.42857142857143,6.898944126704795
france,Ligue 1,2025,Kojo Peprah Oppong,21.0,D,Ghana,,,31,30,2608.0,1.0,0.0,0.0,1.0,0,0,4,0.0,0,0.03450920245398773,0.24156441717791413,0.1035276073619632,0.03450920245398773,0.0,0.03450920245398773,0.03450920245398773,54.04141104294479,0.2070552147239264,1.6909509202453987,0.6211656441717791,0.9662576687116565,2.6572085889570554,7.868098159509202,4.934815950920246,0.5866564417177914,0.4141104294478528,0.24156441717791413,1.0352760736196318,1.0697852760736197,0.13803680981595093,0.0,0.0,56.74074074074074,42.857142857142854,62.71929824561403,70.58823529411765,6.850843558282208
france,Ligue 1,2025,Krépin Diatta,26.0,M,Senegal,175.0,68.0,18,10,1026.0,0.0,1.0,0.0,1.0,0,0,2,0.0,0,0.3508771929824561,0.43859649122807015,0.08771929824561403,0.0,0.08771929824561403,0.08771929824561403,0.0,40.175438596491226,1.1403508771929824,2.719298245614035,0.2631578947368421,1.4035087719298245,4.12280701754386,9.385964912280702,6.4035087719298245,0.7894736842105263,0.5263157894736842,0.8771929824561403,0.8771929824561403,0.7017543859649122,0.17543859649122806,0.0,0.0,28.237991266375545,20.0,68.22429906542055,66.66666666666666,6.997368421052632
france,Ligue 1,2025,Kyllian Antonio,17.0,D,France,183.0,75.0,4,2,189.0,0.0,1.0,0.0,0.0,0,0,1,0.0,0,0.0,0.47619047619047616,0.0,0.0,0.47619047619047616,0.47619047619047616,0.0,40.95238095238095,0.47619047619047616,2.8571428571428568,0.0,2.380952380952381,5.238095238095238,11.428571428571427,8.095238095238095,1.4285714285714284,0.9523809523809523,0.47619047619047616,1.9047619047619047,0.47619047619047616,0.47619047619047616,0.0,0.0,27.197674418604652,0.0,70.83333333333334,66.66666666666666,7.173015873015873
france,Ligue 1,2025,Kévin Danois,21.0,M,France,183.0,72.0,33,32,2835.0,3.0,1.0,0.0,0.0,0,0,3,0.0,0,0.09523809523809525,0.6031746031746031,0.253968253968254,0.09523809523809525,0.03174603174603175,0.126984126984127,0.09523809523809525,48.095238095238095,1.6825396825396826,2.4761904761904763,0.0634920634920635,1.2063492063492063,3.682539682539683,10.285714285714285,4.857142857142858,1.9047619047619047,1.1111111111111112,1.3968253968253967,0.8253968253968255,1.0476190476190477,0.09523809523809525,0.0,0.0,42.83366336633664,42.10526315789473,47.22222222222222,58.333333333333336,7.034391534391534
france,Ligue 1,2025,Lamfia Dioubaté,18.0,M,,,,0,0,0.0,0.0,0.0,0.0,0.0,0,0,0,0.0,0,,,,,,,,,,,,,,,,,,,,,,,,,,,,
france,Ligue 1,2025,Lamine Camara,21.0,M,Senegal,173.0,65.0,24,22,1851.0,3.0,4.0,0.0,0.0,0,0,6,0.0,0,0.0,0.826580226904376,0.19448946515397084,0.1458670988654781,0.19448946515397084,0.34035656401944897,0.1458670988654781,59.17341977309563,1.701782820097245,2.674230145867099,0.34035656401944897,1.79902755267423,4.473257698541329,11.717990275526741,6.564019448946515,1.458670988654781,0.7779578606158833,1.0210696920583469,2.3338735818476497,1.3614262560777959,0.2917341977309562,0.0,0.0,49.414954806902216,23.52941176470588,56.016597510373444,53.333333333333336,7.214964883846569
france,Ligue 1,2025,Lamine Gueye,27.0,F,Senegal,178.0,74.0,0,0,0.0,0.0,0.0,0.0,0.0,0,0,0,0.0,0,,,,,,,,,,,,,,,,,,,,,,,,,,,,
france,Ligue 1,2025,Lamine Sy,23.0,D,France,171.0,65.0,24,17,1551.0,0.0,0.0,1.0,0.0,0,0,1,0.0,0,0.17408123791102514,0.4061895551257253,0.11605415860735009,0.0,0.0,0.0,0.0,30.058027079303674,0.7543520309477757,2.4371373307543522,0.4061895551257253,1.3926499032882012,3.829787234042553,8.529980657640232,4.352030947775629,2.3210831721470018,0.7543520309477757,0.6382978723404256,0.8123791102514506,1.3926499032882012,0.058027079303675046,0.0,0.0,24.66990291262136,28.57142857142857,51.02040816326531,32.5,6.722566086395874
france,Ligue 1,2025,Lanroy Machine,20.0,F,France,,,22,3,515.0,1.0,0.0,0.0,0.0,0,0,1,0.0,0,0.6990291262135923,2.0970873786407767,0.6990291262135923,0.17475728155339806,0.0,0.17475728155339806,0.17475728155339806,20.271844660194173,0.6990291262135923,1.3980582524271845,0.0,0.0,1.3980582524271845,13.805825242718447,4.893203883495145,2.0970873786407767,0.8737864077669902,0.6990291262135923,0.8737864077669902,1.5728155339805825,0.17475728155339806,0.0,0.0,6.368421052631579,33.33333333333333,35.44303797468354,41.66666666666667,6.483889980353635
france,Ligue 1,2025,Lassine Diarra,23.0,G,Mali,184.0,82.0,0,0,0.0,0.0,0.0,0.0,0.0,0,0,0,0.0,0,,,,,,,,,,,,,,,,,,,,,,,,,,,,
france,Ligue 1,2025,Lassine Sinayoko,26.0,F,Mali,186.0,81.0,32,32,2780.0,12.0,4.0,1.0,0.0,3,1,8,0.0,0,0.4532374100719424,2.2014388489208634,1.2302158273381294,0.3884892086330935,0.12949640287769784,0.5179856115107914,0.2913669064748201,24.507194244604314,1.2949640287769786,1.3597122302158273,0.0,0.841726618705036,2.2014388489208634,12.334532374100718,5.341726618705036,2.10431654676259,1.0359712230215827,0.2589928057553957,1.7158273381294964,0.9388489208633094,0.2589928057553957,0.0,0.0,20.364597093791282,55.88235294117647,43.30708661417323,49.23076923076923,7.015107913669064
france,Ligue 1,2025,Lasso Coulibaly,23.0,M,Ghana,186.0,70.0,17,1,322.0,0.0,0.0,0.0,0.0,0,0,1,0.0,0,0.5590062111801242,0.5590062111801242,0.2795031055900621,0.0,0.0,0.0,0.0,30.18633540372671,1.1180124223602483,1.6770186335403727,0.2795031055900621,1.3975155279503106,3.0745341614906834,17.32919254658385,9.782608695652174,6.428571428571428,4.192546583850931,1.1180124223602483,3.0745341614906834,2.7950310559006213,0.2795031055900621,0.0,0.0,5.981481481481482,50.0,56.451612903225815,65.21739130434783,6.703115264797507
france,Ligue 1,2025,Laurent Abergel,32.0,M,France,185.0,65.0,28,27,2324.0,1.0,0.0,1.0,1.0,0,0,7,0.0,0,0.0387263339070568,0.5034423407917383,0.19363166953528396,0.0387263339070568,0.0,0.0387263339070568,0.0387263339070568,64.51807228915663,0.6196213425129088,1.355421686746988,0.1549053356282272,1.0456110154905336,2.4010327022375217,6.815834767641997,3.4079173838209984,0.9294320137693632,0.3485370051635112,1.123063683304647,1.0456110154905336,0.9294320137693632,0.27108433734939763,0.0,0.0,60.72869147659063,38.46153846153847,50.0,37.5,6.920826161790017
france,Ligue 1,2025,Leonardo Balerdi,26.0,D,Argentina,187.0,76.0,26,21,1998.0,0.0,1.0,0.0,0.0,0,0,4,0.0,0,0.0,0.7657657657657658,0.22522522522522523,0.0,0.04504504504504504,0.04504504504504504,0.0,67.38738738738739,0.22522522522522523,2.2072072072072073,0.4954954954954955,1.2162162162162162,3.4234234234234235,9.45945945945946,5.405405405405405,0.7207207207207207,0.45045045045045046,1.1261261261261262,0.945945945945946,1.0360360360360361,0.18018018018018017,0.0,0.0,65.23328877005348,29.411764705882355,57.14285714285714,62.5,6.9492992992993
france,Ligue 1,2025,Lilian Baret,19.0,M,France,168.0,60.0,0,0,0.0,0.0,0.0,0.0,0.0,0,0,0,0.0,0,,,,,,,,,,,,,,,,,,,,,,,,,,,,
france,Ligue 1,2025,Lilian Brassier,26.0,D,France,186.0,78.0,27,25,2252.0,0.0,1.0,0.0,0.0,0,0,2,0.0,0,0.0,0.3197158081705151,0.07992895204262877,0.0,0.03996447602131439,0.03996447602131439,0.0,62.90408525754885,0.5195381882770871,1.1989342806394316,0.919182948490231,1.5186500888099466,2.717584369449378,6.6341030195381885,3.7966252220248666,0.5994671403197158,0.2797513321492007,0.07992895204262877,0.839253996447602,1.0790408525754884,0.07992895204262877,0.0,0.0,56.68170266836086,25.0,57.22891566265061,46.666666666666664,6.800799289520426
france,Ligue 1,2025,Lilian Raolisoa,25.0,D,France,178.0,70.0,32,21,1976.0,2.0,4.0,0.0,0.0,0,0,3,0.0,0,0.04554655870445344,0.45546558704453444,0.2732793522267207,0.09109311740890688,0.18218623481781376,0.2732793522267207,0.09109311740890688,29.78744939271255,1.0020242914979756,2.3684210526315788,0.18218623481781376,0.6831983805668016,3.051619433198381,10.156882591093117,5.283400809716599,1.8218623481781377,0.7742914979757085,0.7742914979757085,0.7742914979757085,1.229757085020243,0.13663967611336034,0.0,0.0,18.64923076923077,60.0,52.01793721973094,42.5,6.831376518218623
france,Ligue 1,2025,Lionel M'Pasi,31.0,G,Congo DR,182.0,78.0,4,3,315.0,0.0,0.0,0.0,0.0,0,0,2,0.0,0,0.0,0.0,0.0,0.0,0.0,0.0,0.0,42.57142857142857,0.0,0.0,0.0,0.0,0.0,0.5714285714285714,0.5714285714285714,0.0,0.0,0.0,0.2857142857142857,0.0,0.5714285714285714,0.0,0.0,28.671140939597315,,100.0,,7.557142857142857
france,Ligue 1,2025,Lohann Doucet,23.0,M,France,180.0,73.0,5,1,127.0,1.0,0.0,0.0,0.0,0,0,2,0.0,0,0.0,1.4173228346456692,0.7086614173228346,0.7086614173228346,0.0,0.7086614173228346,0.7086614173228346,39.68503937007874,2.1259842519685037,0.7086614173228346,0.7086614173228346,0.0,0.7086614173228346,9.21259842519685,2.8346456692913384,2.1259842519685037,1.4173228346456692,0.7086614173228346,0.7086614173228346,2.8346456692913384,1.4173228346456692,0.0,0.0,20.160714285714285,50.0,30.76923076923077,66.66666666666666,6.388095238095238
france,Ligue 1,2025,Loic Négo,34.0,D,Hungary,181.0,71.0,30,26,2347.0,0.0,0.0,0.0,1.0,0,0,3,0.0,0,0.1533873029399233,0.49850873455475075,0.11504047720494248,0.0,0.0,0.0,0.0,37.84831700042608,0.5368555602897316,1.994034938219003,0.3067746058798466,1.2654452492543673,3.25948018747337,6.595654026416701,3.9113762249680444,0.9970174691095015,0.49850873455475075,0.7669365146996164,0.6902428632296549,0.6902428632296549,0.11504047720494248,0.0,0.0,33.789260385005065,23.076923076923077,59.30232558139535,50.0,6.823093310609289
france,Ligue 1,2025,Loni Laurent,24.0,D,France,184.0,73.0,2,2,180.0,0.0,0.0,0.0,0.0,0,0,0,0.0,0,0.0,0.0,0.0,0.0,0.0,0.0,0.0,40.5,0.0,2.0,0.0,2.5,4.5,8.0,4.0,0.5,0.0,1.0,2.0,1.5,0.0,0.0,0.0,36.888888888888886,,50.0,0.0,6.75
france,Ligue 1,2025,Louis Leroux,19.0,M,France,184.0,75.0,23,16,1443.0,1.0,1.0,0.0,0.0,0,0,2,0.0,0,0.062370062370062374,0.37422037422037424,0.18711018711018712,0.062370062370062374,0.062370062370062374,0.12474012474012475,0.062370062370062374,28.5031185031185,0.997920997920998,2.3076923076923075,0.12474012474012475,0.2494802494802495,2.5571725571725574,8.357588357588357,4.428274428274428,1.8087318087318087,0.6860706860706861,0.8108108108108109,0.8731808731808731,0.7484407484407485,0.12474012474012475,0.0,0.0,19.450765864332602,50.0,52.98507462686567,37.93103448275862,6.61039501039501
france,Ligue 1,2025,Louis Mezerette,19.0,G,,,,0,0,0.0,0.0,0.0,0.0,0.0,0,0,0,0.0,0,,,,,,,,,,,,,,,,,,,,,,,,,,,,
france,Ligue 1,2025,Louis Mouton,23.0,M,France,189.0,75.0,32,24,1911.0,2.0,1.0,0.0,0.0,0,0,1,0.0,1,0.18838304552590268,1.0832025117739403,0.37676609105180536,0.09419152276295134,0.04709576138147567,0.141287284144427,0.09419152276295134,33.2967032967033,1.0361067503924648,1.8838304552590266,0.18838304552590268,0.6593406593406593,2.5431711145996863,9.419152276295133,3.9089481946624804,1.6012558869701727,0.565149136577708,1.130298273155416,0.7535321821036107,0.9419152276295133,0.04709576138147567,0.0,0.04709576138147567,21.202263083451204,34.78260869565217,41.5,35.294117647058826,6.58275681341719
france,Ligue 1,2025,Luan Gadegbeku,18.0,M,France,,,3,3,252.0,0.0,0.0,0.0,0.0,0,0,0,0.0,0,0.0,0.3571428571428571,0.0,0.0,0.0,0.0,0.0,32.857142857142854,0.7142857142857142,0.0,0.7142857142857142,0.3571428571428571,0.3571428571428571,8.571428571428571,3.9285714285714284,1.7857142857142856,0.7142857142857142,0.3571428571428571,1.7857142857142856,1.0714285714285714,0.0,0.0,0.0,36.45652173913044,0.0,45.83333333333333,40.0,6.8238095238095235
france,Ligue 1,2025,Luc Zogbé,20.0,D,Côte d'Ivoire,178.0,70.0,9,3,299.0,0.0,0.0,0.0,0.0,0,0,0,0.0,0,0.0,0.6020066889632107,0.0,0.0,0.0,0.0,0.0,34.61538461538462,0.3010033444816054,1.5050167224080266,0.6020066889632107,0.9030100334448161,2.408026755852843,15.050167224080267,5.418060200668896,2.1070234113712374,0.6020066889632107,1.5050167224080266,1.5050167224080266,2.1070234113712374,0.0,0.0,0.0,30.61061946902655,0.0,36.0,28.57142857142857,6.468918918918919
france,Ligue 1,2025,Luca Koleosho,21.0,F,Italy,175.0,68.0,16,3,543.0,3.0,1.0,0.0,0.0,0,0,0,0.0,0,0.16574585635359115,2.320441988950276,1.6574585635359118,0.49723756906077343,0.16574585635359115,0.6629834254143646,0.49723756906077343,31.16022099447514,1.6574585635359118,3.9779005524861875,0.16574585635359115,0.6629834254143646,4.640883977900552,14.088397790055248,6.1325966850828735,3.812154696132597,1.160220994475138,0.49723756906077343,0.6629834254143646,1.6574585635359118,0.0,0.0,0.0,14.47340425531915,71.42857142857143,43.529411764705884,30.434782608695656,6.804051565377532
france,Ligue 1,2025,Lucas Beraldo,22.0,D,Brazil,186.0,78.0,20,18,1570.0,2.0,1.0,0.0,0.0,0,0,2,0.0,0,0.0,0.6305732484076433,0.22929936305732482,0.11464968152866241,0.057324840764331204,0.17197452229299362,0.11464968152866241,81.97452229299363,0.8025477707006369,1.7770700636942673,0.45859872611464964,1.2038216560509554,2.9808917197452227,7.910828025477707,4.184713375796178,0.17197452229299362,0.0,0.6878980891719745,0.40127388535031844,0.8598726114649681,0.11464968152866241,0.0,0.0,75.79650349650349,36.36363636363637,52.89855072463768,0.0,7.298597833014659
france,Ligue 1,2025,Lucas Bonelli,23.0,G,,,,0,0,0.0,0.0,0.0,0.0,0.0,0,0,0,0.0,0,,,,,,,,,,,,,,,,,,,,,,,,,,,,
france,Ligue 1,2025,Lucas Chevalier,24.0,G,France,189.0,78.0,17,17,1530.0,0.0,0.0,0.0,0.0,0,0,0,0.0,0,0.0,0.0,0.0,0.0,0.0,0.0,0.0,23.47058823529412,0.0,0.0,0.0,0.0,0.0,0.1764705882352941,0.1764705882352941,0.0,0.0,0.0,0.058823529411764705,0.0,0.0,0.0,0.0,22.082706766917294,,100.0,,6.988235294117647
france,Ligue 1,2025,Lucas Gourna-Douath,22.0,M,France,185.0,81.0,15,14,1275.0,0.0,0.0,0.0,3.0,0,0,4,0.0,0,0.1411764705882353,0.4235294117647058,0.1411764705882353,0.0,0.0,0.0,0.0,39.529411764705884,0.4235294117647058,1.835294117647059,0.776470588235294,0.9882352941176471,2.8235294117647056,10.51764705882353,5.929411764705883,1.1294117647058823,0.5647058823529412,0.9176470588235295,2.4705882352941178,1.6941176470588233,0.2823529411764706,0.0,0.0,38.03928571428571,33.33333333333333,56.375838926174495,50.0,6.852941176470588
france,Ligue 1,2025,Lucas Hernández,29.0,D,France,184.0,79.0,25,20,1751.0,0.0,3.0,1.0,0.0,0,0,4,0.0,0,0.0,0.41119360365505425,0.15419760137064534,0.0,0.15419760137064534,0.15419760137064534,0.0,84.0890919474586,0.7709880068532267,1.2849800114220447,0.35979440319817246,0.9765848086807539,2.2615648201027985,6.527698458023987,3.7521416333523696,0.41119360365505425,0.15419760137064534,0.41119360365505425,0.9765848086807539,1.1307824100513992,0.20559680182752713,0.0,0.0,70.70965770171149,37.5,57.48031496062992,37.5,7.141519131924614
france,Ligue 1,2025,Lucas Høgsberg,19.0,D,Denmark,182.0,69.0,24,21,1796.0,0.0,0.0,0.0,0.0,0,0,4,0.0,1,0.05011135857461024,0.15033407572383073,0.05011135857461024,0.0,0.0,0.0,0.0,66.34743875278396,0.05011135857461024,1.052338530066815,1.052338530066815,0.6514476614699332,1.7037861915367483,4.760579064587973,2.5556792873051224,0.05011135857461024,0.05011135857461024,0.45100222717149224,0.6514476614699332,0.8017817371937639,0.20044543429844097,0.0,0.05011135857461024,61.11791383219955,33.33333333333333,53.68421052631579,100.0,6.804512534818942
france,Ligue 1,2025,Lucas Leaudais,21.0,D,France,,,0,0,0.0,0.0,0.0,0.0,0.0,0,0,0,0.0,0,,,,,,,,,,,,,,,,,,,,,,,,,,,,
france,Ligue 1,2025,Lucas Margueron,24.0,G,France,194.0,,0,0,0.0,0.0,0.0,0.0,0.0,0,0,0,0.0,0,,,,,,,,,,,,,,,,,,,,,,,,,,,,
france,Ligue 1,2025,Lucas Michal,20.0,F,France,172.0,61.0,11,2,277.0,0.0,0.0,0.0,0.0,0,0,1,0.0,0,0.3249097472924188,2.2743682310469313,0.6498194945848376,0.0,0.0,0.0,0.0,29.56678700361011,0.6498194945848376,0.0,0.0,0.0,0.0,11.696750902527075,3.5740072202166067,1.9494584837545126,0.9747292418772563,0.3249097472924188,0.9747292418772563,1.6245487364620939,0.3249097472924188,0.0,0.0,11.92134831460674,28.57142857142857,30.555555555555557,50.0,6.303649635036496
france,Ligue 1,2025,Lucas Rosier,18.0,F,,,,2,0,2.0,0.0,0.0,0.0,0.0,0,0,0,0.0,0,0.0,0.0,0.0,0.0,0.0,0.0,0.0,0.0,0.0,0.0,0.0,0.0,0.0,45.0,0.0,0.0,0.0,0.0,0.0,0.0,0.0,0.0,0.0,,,0.0,,
france,Ligue 1,2025,Lucas Stassin,21.0,F,Belgium,171.0,81.0,3,3,270.0,0.0,0.0,0.0,0.0,0,0,0,0.0,0,0.33333333333333337,1.0,0.0,0.0,0.0,0.0,0.0,17.666666666666668,0.6666666666666667,0.33333333333333337,0.0,0.0,0.33333333333333337,3.333333333333333,1.0,0.6666666666666667,0.33333333333333337,0.0,0.33333333333333337,0.0,0.0,0.0,0.0,13.79245283018868,0.0,30.0,50.0,6.366666666666666
france,Ligue 1,2025,Lucas Tousart,28.0,M,France,185.0,83.0,24,9,857.0,1.0,0.0,1.0,0.0,0,0,0,0.0,0,0.0,0.8401400233372228,0.31505250875145857,0.10501750291715285,0.0,0.10501750291715285,0.10501750291715285,28.249708284714117,0.4200700116686114,3.045507584597433,0.2100350058343057,0.8401400233372228,3.885647607934656,12.07701283547258,5.88098016336056,0.4200700116686114,0.31505250875145857,0.8401400233372228,0.5250875145857643,2.20536756126021,0.0,0.0,0.0,22.535849056603773,37.5,48.69565217391305,75.0,6.663243873978996
france,Ligue 1,2025,Ludovic Ajorque,31.0,F,France,197.0,92.0,32,32,2823.0,8.0,9.0,1.0,0.0,0,0,9,0.0,1,0.4463336875664187,1.4027630180658872,0.5419766206163655,0.255047821466525,0.2869287991498406,0.5419766206163655,0.255047821466525,24.67587672688629,1.3071200850159406,0.8926673751328374,0.19128586609989373,0.41445270988310307,1.3071200850159406,15.94048884165781,8.416578108395324,0.5738575982996812,0.38257173219978746,0.51009564293305,1.7534537725823591,2.0722635494155157,0.2869287991498406,0.0,0.031880977683315624,18.748062015503876,38.63636363636363,52.800000000000004,66.66666666666666,6.955508324477507
france,Ligue 1,2025,Ludovic Blas,28.0,M,France,180.0,70.0,32,15,1548.0,5.0,4.0,0.0,0.0,2,0,0,0.0,0,0.2906976744186046,1.744186046511628,0.8139534883720929,0.2906976744186046,0.23255813953488372,0.5232558139534884,0.1744186046511628,37.674418604651166,2.7906976744186047,1.2209302325581395,0.11627906976744186,0.9883720930232558,2.2093023255813953,11.279069767441861,4.709302325581396,3.0813953488372094,1.569767441860465,1.1627906976744184,1.569767441860465,1.3953488372093024,0.0,0.0,0.0,22.280864197530864,46.666666666666664,41.75257731958763,50.943396226415096,6.794444444444444
france,Ligue 1,2025,Lukáš Hrádecký,36.0,G,Finland,192.0,83.0,17,17,1441.0,0.0,0.0,0.0,0.0,0,0,1,0.0,0,0.0,0.0,0.0,0.0,0.0,0.0,0.0,28.292852185981957,0.0,0.062456627342123525,0.0,0.0,0.062456627342123525,0.4996530187369882,0.4996530187369882,0.0,0.0,0.0,0.0,0.0,0.062456627342123525,0.0,0.0,19.799116997792495,,100.0,,6.789868147120056
france,Ligue 1,2025,Maghnes Akliouche,23.0,M,France,183.0,72.0,31,28,2410.0,6.0,6.0,1.0,0.0,0,0,3,0.0,0,0.3360995850622407,1.3070539419087137,0.7095435684647302,0.22406639004149376,0.22406639004149376,0.4481327800829875,0.22406639004149376,41.30290456431535,1.6431535269709545,1.4564315352697097,0.11203319502074688,0.7095435684647302,2.16597510373444,8.925311203319502,3.883817427385892,2.0539419087136928,0.970954356846473,0.970954356846473,1.3443983402489628,1.08298755186722,0.11203319502074688,0.0,0.0,33.7368896925859,54.285714285714285,43.51464435146444,47.27272727272727,7.070663900414938
france,Ligue 1,2025,Mahamadou Nagida,20.0,D,Cameroon,176.0,63.0,19,7,810.0,0.0,0.0,0.0,1.0,0,0,2,0.0,0,0.0,1.0,0.33333333333333337,0.0,0.0,0.0,0.0,56.44444444444445,0.5555555555555556,2.2222222222222223,0.33333333333333337,2.0,4.222222222222222,12.111111111111112,6.333333333333334,2.111111111111111,1.3333333333333335,1.5555555555555554,1.2222222222222223,1.5555555555555554,0.2222222222222222,0.0,0.0,38.64763779527559,33.33333333333333,52.293577981651374,63.1578947368421,6.734363411619284
france,Ligue 1,2025,Mahdi Camara,27.0,M,France,178.0,73.0,32,31,2660.0,3.0,1.0,1.0,0.0,0,0,5,0.0,1,0.13533834586466167,0.7781954887218046,0.406015037593985,0.10150375939849625,0.03383458646616542,0.13533834586466167,0.10150375939849625,39.68796992481203,0.7781954887218046,2.0977443609022557,0.30451127819548873,1.0827067669172934,3.180451127819549,9.203007518796992,4.7368421052631575,2.0977443609022557,0.8458646616541353,0.6090225563909775,0.9473684210526315,1.3195488721804511,0.16917293233082706,0.0,0.03383458646616542,36.051150895140665,52.17391304347826,51.470588235294116,40.32258064516129,6.781842105263158
france,Ligue 1,2025,Malang Sarr,26.0,D,France,183.0,73.0,33,33,2925.0,0.0,1.0,0.0,0.0,0,0,4,0.0,0,0.0,0.5846153846153846,0.15384615384615385,0.0,0.03076923076923077,0.03076923076923077,0.0,61.38461538461539,0.18461538461538463,2.0,0.7692307692307693,2.3384615384615386,4.338461538461538,6.892307692307693,4.461538461538462,0.3384615384615385,0.18461538461538463,0.46153846153846156,0.7384615384615385,0.6461538461538462,0.12307692307692308,0.0,0.0,60.89774436090226,26.31578947368421,64.73214285714286,54.54545454545454,7.201538461538462
france,Ligue 1,2025,Malick Fofana,20.0,M,Belgium,169.0,61.0,12,9,767.0,2.0,1.0,0.0,0.0,0,0,1,0.0,0,0.3520208604954368,1.2907431551499347,1.0560625814863103,0.2346805736636245,0.11734028683181225,0.3520208604954368,0.2346805736636245,26.049543676662317,1.1734028683181226,1.2907431551499347,0.0,0.3520208604954368,1.6427640156453716,8.683181225554106,4.69361147327249,2.346805736636245,0.8213820078226858,0.2346805736636245,2.5814863102998693,1.2907431551499347,0.11734028683181225,0.0,0.0,17.92792792792793,81.81818181818183,54.054054054054056,35.0,7.122946544980444
france,Ligue 1,2025,Malick Mbaye,21.0,F,Senegal,173.0,71.0,5,3,299.0,0.0,0.0,0.0,0.0,0,0,1,0.0,0,0.0,0.3010033444816054,0.3010033444816054,0.0,0.0,0.0,0.0,28.896321070234116,0.6020066889632107,3.0100334448160533,0.0,0.9030100334448161,3.9130434782608696,11.438127090301004,5.117056856187291,2.1070234113712374,0.9030100334448161,0.6020066889632107,0.9030100334448161,0.9030100334448161,0.3010033444816054,0.0,0.0,20.71875,100.0,44.73684210526316,42.857142857142854,6.7668896321070235
france,Ligue 1,2025,Mama Baldé,30.0,F,Guinea-Bissau,176.0,69.0,18,8,723.0,2.0,2.0,0.0,0.0,0,0,0,0.0,0,0.0,2.3651452282157677,0.6224066390041494,0.24896265560165975,0.24896265560165975,0.4979253112033195,0.24896265560165975,20.16597510373444,0.8713692946058091,1.6182572614107882,0.0,0.7468879668049793,2.3651452282157677,13.443983402489627,6.597510373443984,2.7385892116182573,1.2448132780082988,0.24896265560165975,1.3692946058091287,1.4937759336099585,0.0,0.0,0.0,9.271604938271604,26.31578947368421,49.074074074074076,45.45454545454545,6.76804979253112
france,Ligue 1,2025,Mamadou Coulibaly,21.0,M,France,180.0,75.0,25,15,1382.0,3.0,3.0,0.0,0.0,0,0,7,0.0,1,0.19536903039073808,0.5861070911722142,0.3256150506512301,0.19536903039073808,0.19536903039073808,0.39073806078147616,0.19536903039073808,44.479015918958034,0.7814761215629523,2.409551374819103,0.13024602026049203,1.2373371924746743,3.646888567293777,11.982633863965267,5.274963820549927,2.279305354558611,0.9768451519536903,1.1070911722141823,1.0419681620839363,2.0188133140376268,0.4558610709117221,0.0,0.06512301013024602,31.96486090775988,55.55555555555556,44.02173913043478,42.857142857142854,6.866304347826087
france,Ligue 1,2025,Mamadou Koné,,F,,,,0,0,0.0,0.0,0.0,0.0,0.0,0,0,0,0.0,0,,,,,,,,,,,,,,,,,,,,,,,,,,,,
france,Ligue 1,2025,Mamadou Sangare,23.0,M,Mali,178.0,63.0,29,27,2327.0,3.0,4.0,0.0,1.0,0,0,5,0.0,0,0.11602922217447356,1.3149978513107003,0.5414697034808766,0.11602922217447356,0.15470562956596476,0.2707348517404383,0.11602922217447356,56.15814353244521,1.4697034808766651,3.3261710356682426,0.19338203695745596,1.5470562956596476,4.8732273313278895,12.99527288354104,7.348517404383326,2.204555221314998,1.237645036527718,1.4697034808766651,1.6630855178341213,1.3536742587021917,0.19338203695745596,0.0,0.0,48.993801652892564,41.17647058823529,56.547619047619044,56.14035087719298,7.118006016330038
france,Ligue 1,2025,Mamadou Sarr,20.0,D,France,194.0,77.0,15,15,1305.0,0.0,0.0,0.0,0.0,0,0,3,0.0,0,0.0,0.06896551724137931,0.0,0.0,0.0,0.0,0.0,67.72413793103448,0.06896551724137931,1.0344827586206897,0.20689655172413793,0.6206896551724138,1.6551724137931034,6.758620689655173,3.5172413793103448,0.48275862068965514,0.3448275862068965,0.3448275862068965,0.7586206896551724,1.103448275862069,0.20689655172413793,0.0,0.0,70.17922606924644,0.0,52.04081632653062,71.42857142857143,6.789655172413793
france,Ligue 1,2025,Mamoudou Cissokho,17.0,F,,,,2,0,2.0,0.0,0.0,0.0,0.0,0,0,0,0.0,0,0.0,0.0,0.0,0.0,0.0,0.0,0.0,0.0,0.0,0.0,0.0,0.0,0.0,45.0,45.0,0.0,0.0,0.0,45.0,0.0,0.0,0.0,0.0,,,100.0,,
france,Ligue 1,2025,Mario Sauer,21.0,M,Slovakia,182.0,,25,6,683.0,1.0,0.0,0.0,0.0,0,0,4,0.0,0,0.0,1.054172767203514,0.3953147877013177,0.13177159590043924,0.0,0.13177159590043924,0.13177159590043924,31.625183016105417,0.3953147877013177,1.4494875549048316,0.2635431918008785,1.3177159590043925,2.767203513909224,6.98389458272328,3.162518301610542,0.9224011713030746,0.3953147877013177,0.7906295754026355,0.3953147877013177,1.581259150805271,0.527086383601757,0.0,0.0,13.041666666666666,37.5,45.28301886792453,42.857142857142854,6.677859237536657
france,Ligue 1,2025,Marius Courcoul,18.0,D,France,182.0,70.0,18,3,373.0,0.0,0.0,0.0,1.0,0,0,0,0.0,0,0.0,0.48257372654155495,0.24128686327077747,0.0,0.0,0.0,0.0,37.88203753351206,0.7238605898123325,3.619302949061662,0.48257372654155495,0.7238605898123325,4.343163538873994,10.375335120643431,5.3083109919571045,0.9651474530831099,0.24128686327077747,0.9651474530831099,0.7238605898123325,1.447721179624665,0.0,0.0,0.0,14.058064516129033,50.0,51.162790697674424,25.0,6.512398921832885
france,Ligue 1,2025,Marius Louer,18.0,D,France,181.0,70.0,9,6,552.0,0.0,0.0,0.0,0.0,0,0,1,0.0,0,0.0,0.0,0.0,0.0,0.0,0.0,0.0,33.42391304347826,0.4891304347826087,3.2608695652173916,0.32608695652173914,0.4891304347826087,3.75,8.641304347826086,5.217391304347826,0.8152173913043479,0.6521739130434783,0.8152173913043479,0.4891304347826087,1.141304347826087,0.16304347826086957,0.0,0.0,28.317073170731707,,60.37735849056604,80.0,6.669927536231884
france,Ligue 1,2025,Marius Sivertsen Broholm,21.0,F,Norway,,,11,3,288.0,1.0,1.0,0.0,0.0,1,0,0,0.0,0,0.0,0.9375,0.9375,0.3125,0.3125,0.625,0.0,36.5625,2.5,3.125,0.0,0.625,3.75,13.4375,6.5625,3.75,0.9375,1.25,2.5,1.25,0.0,0.0,0.0,13.64102564102564,100.0,48.837209302325576,25.0,6.565277777777777
france,Ligue 1,2025,Mark McKenzie,26.0,D,USA,184.0,83.0,29,27,2405.0,0.0,2.0,0.0,0.0,0,0,7,0.0,1,0.037422037422037424,0.1496881496881497,0.037422037422037424,0.0,0.07484407484407485,0.07484407484407485,0.0,43.40956340956341,0.7110187110187111,1.6465696465696467,0.4864864864864865,0.8981288981288982,2.544698544698545,6.735966735966736,3.7422037422037424,0.26195426195426197,0.22453222453222454,0.41164241164241167,0.4490644490644491,1.30977130977131,0.26195426195426197,0.0,0.037422037422037424,41.94827586206897,25.0,55.55555555555556,85.71428571428571,6.85002079002079
france,Ligue 1,2025,Marquinhos,31.0,D,Brazil,183.0,75.0,14,11,1049.0,0.0,0.0,0.0,1.0,0,0,0,0.0,0,0.0,0.08579599618684461,0.0,0.0,0.0,0.0,0.0,80.47664442326025,0.17159199237368922,1.2869399428026693,0.34318398474737843,0.6863679694947569,1.973307912297426,5.919923736892278,3.517635843660629,0.17159199237368922,0.17159199237368922,0.08579599618684461,0.17159199237368922,0.6863679694947569,0.0,0.0,0.0,74.50106609808103,0.0,59.42028985507246,100.0,7.346139180171592
france,Ligue 1,2025,Marshall Munetsi,29.0,M,Zimbabwe,188.0,83.0,15,11,991.0,4.0,1.0,1.0,1.0,0,0,0,0.0,0,0.09081735620585267,1.4530776992936427,0.8173562058526741,0.3632694248234107,0.09081735620585267,0.4540867810292634,0.3632694248234107,21.614530776992936,0.6357214934409687,1.1806256306760847,0.18163471241170534,0.272452068617558,1.4530776992936427,11.442986881937436,5.267406659939455,1.1806256306760847,0.4540867810292634,0.6357214934409687,0.8173562058526741,1.089808274470232,0.0,0.0,0.0,14.142857142857142,56.25,46.03174603174603,38.46153846153847,6.813723511604439
france,Ligue 1,2025,Martial Godo,22.0,M,England,169.0,61.0,28,18,1613.0,10.0,1.0,1.0,1.0,0,0,2,0.0,0,0.6137631742095474,1.7296962182269062,0.948543087414755,0.5579665220086795,0.05579665220086794,0.6137631742095474,0.5579665220086795,24.606323620582764,1.3391196528208307,0.8927464352138871,0.05579665220086794,0.7811531308121512,1.6738995660260383,8.927464352138871,4.240545567265964,3.013019218846869,1.3391196528208307,0.5021698698078115,1.7854928704277742,0.8369497830130191,0.11159330440173588,0.0,0.0,18.543181818181818,54.83870967741935,47.5,44.44444444444444,7.094606323620583
france,Ligue 1,2025,Martin Bley,19.0,M,Burkina Faso,,,1,0,1.0,0.0,0.0,0.0,0.0,0,0,0,0.0,0,0.0,0.0,0.0,0.0,0.0,0.0,0.0,0.0,0.0,0.0,0.0,0.0,0.0,90.0,0.0,90.0,0.0,0.0,0.0,0.0,0.0,0.0,0.0,,,0.0,0.0,
france,Ligue 1,2025,Martin James,17.0,G,,,,0,0,0.0,0.0,0.0,0.0,0.0,0,0,0,0.0,0,,,,,,,,,,,,,,,,,,,,,,,,,,,,
france,Ligue 1,2025,Martín Satriano,24.0,F,Uruguay,187.0,75.0,11,8,703.0,2.0,1.0,0.0,0.0,0,0,1,0.0,0,0.38406827880512096,1.6642958748221908,0.8961593172119487,0.25604551920341395,0.12802275960170698,0.38406827880512096,0.25604551920341395,20.099573257467995,1.1522048364153628,0.6401137980085349,0.0,0.7681365576102419,1.4082503556187767,10.753911806543385,4.480796586059744,1.9203413940256044,0.6401137980085349,0.25604551920341395,1.6642958748221908,1.4082503556187767,0.12802275960170698,0.0,0.0,16.356687898089174,53.84615384615385,41.66666666666667,33.33333333333333,6.660398860398861
france,Ligue 1,2025,Marvin Senaya,24.0,D,France,181.0,76.0,25,20,1784.0,1.0,0.0,0.0,0.0,0,0,5,0.0,0,0.05044843049327354,0.40358744394618834,0.2522421524663677,0.05044843049327354,0.0,0.05044843049327354,0.05044843049327354,31.530269058295964,0.3026905829596413,2.8755605381165923,0.7062780269058296,1.7152466367713004,4.5908071748878925,10.997757847533633,6.760089686098654,1.0594170403587444,0.15134529147982065,0.7062780269058296,1.6143497757847534,1.3116591928251122,0.2522421524663677,0.0,0.0,26.7632,62.5,61.46788990825688,14.285714285714285,6.877130044843049
france,Ligue 1,2025,Mason Greenwood,24.0,M,England,181.0,70.0,32,29,2469.0,16.0,7.0,1.0,0.0,4,1,4,0.0,0,0.03645200486026732,3.134872417982989,1.749696233292831,0.5832320777642771,0.2551640340218712,0.8383961117861483,0.43742405832320774,45.601458080194405,2.2235722964763065,0.5467800729040098,0.03645200486026732,0.14580801944106928,0.692588092345079,8.347509113001214,3.827460510328068,3.827460510328068,1.968408262454435,0.6561360874848117,1.2393681652490887,0.8019441069258809,0.14580801944106928,0.0,0.0,37.1638689048761,55.81395348837209,45.851528384279476,51.42857142857142,7.444309437019036
france,Ligue 1,2025,Matah Yondjio,18.0,F,,,,0,0,0.0,0.0,0.0,0.0,0.0,0,0,0,0.0,0,,,,,,,,,,,,,,,,,,,,,,,,,,,,
france,Ligue 1,2025,Mathieu Acapandié,21.0,D,France,182.0,73.0,6,2,267.0,0.0,0.0,0.0,0.0,0,0,0,0.0,0,0.0,0.0,0.0,0.0,0.0,0.0,0.0,23.595505617977526,1.348314606741573,1.6853932584269664,0.0,1.0112359550561798,2.696629213483146,7.752808988764045,3.370786516853933,1.0112359550561798,0.6741573033707865,0.33707865168539325,0.0,1.0112359550561798,0.0,0.0,0.0,12.314285714285715,,43.47826086956522,66.66666666666666,6.3977528089887645
france,Ligue 1,2025,Mathieu Cafaro,28.0,M,France,178.0,74.0,10,1,159.0,0.0,0.0,0.0,0.0,0,0,0,0.0,0,1.1320754716981132,3.3962264150943393,0.5660377358490566,0.0,0.0,0.0,0.0,30.0,1.6981132075471697,0.0,0.0,0.0,0.0,5.09433962264151,2.830188679245283,1.1320754716981132,0.5660377358490566,0.0,2.2641509433962264,1.1320754716981132,0.0,0.0,0.0,6.346153846153846,16.666666666666664,55.55555555555556,50.0,6.670700636942675
france,Ligue 1,2025,Mathieu Gorgelin,35.0,G,France,187.0,83.0,1,1,90.0,0.0,0.0,0.0,0.0,0,0,0,0.0,0,0.0,0.0,0.0,0.0,0.0,0.0,0.0,34.0,0.0,0.0,0.0,0.0,0.0,2.0,2.0,0.0,0.0,0.0,0.0,0.0,0.0,0.0,0.0,24.0,,100.0,,8.2
france,Ligue 1,2025,Mathis Amougou,19.0,M,France,177.0,65.0,12,4,406.0,0.0,0.0,0.0,0.0,0,0,1,0.0,0,0.0,0.6650246305418719,0.4433497536945813,0.0,0.0,0.0,0.0,50.76354679802956,1.1083743842364533,3.768472906403941,0.22167487684729065,0.4433497536945813,4.211822660098522,10.19704433497537,5.541871921182266,1.9950738916256159,0.8866995073891626,1.9950738916256159,0.8866995073891626,0.8866995073891626,0.22167487684729065,0.0,0.0,27.49344978165939,66.66666666666666,54.347826086956516,44.44444444444444,6.631435643564356
france,Ligue 1,2025,Mathis Jangeal,17.0,M,,,,1,0,10.0,0.0,0.0,0.0,0.0,0,0,0,0.0,0,0.0,0.0,0.0,0.0,0.0,0.0,0.0,81.0,0.0,0.0,0.0,0.0,0.0,18.0,0.0,0.0,0.0,0.0,0.0,9.0,0.0,0.0,0.0,9.0,,0.0,,6.3
france,Ligue 1,2025,Mathis Magnin,24.0,D,Switzerland,190.0,85.0,2,2,180.0,1.0,0.0,0.0,0.0,0,0,0,0.0,0,0.0,0.5,0.5,0.5,0.0,0.5,0.5,41.0,0.0,0.0,0.5,0.5,0.5,4.0,1.0,0.5,0.0,0.5,0.5,1.5,0.0,0.0,0.0,36.048780487804876,100.0,25.0,0.0,7.0
france,Ligue 1,2025,Mathis Saka,19.0,M,,,,3,0,37.0,0.0,0.0,0.0,0.0,0,0,0,0.0,0,0.0,2.4324324324324325,0.0,0.0,0.0,0.0,0.0,38.91891891891892,0.0,2.4324324324324325,0.0,2.4324324324324325,4.864864864864865,14.594594594594595,4.864864864864865,0.0,0.0,0.0,0.0,2.4324324324324325,0.0,0.0,0.0,4.0,0.0,33.33333333333333,,6.77027027027027
france,Ligue 1,2025,Mathys Silistrie,20.0,G,France,,,2,2,180.0,0.0,0.0,0.0,0.0,0,0,0,0.0,0,0.0,0.0,0.0,0.0,0.0,0.0,0.0,28.5,0.0,0.0,0.0,0.0,0.0,0.0,0.0,0.0,0.0,0.0,0.0,0.0,0.0,0.0,0.0,25.36842105263158,,,,6.4
france,Ligue 1,2025,Mathys de Carvalho,20.0,M,France,,,11,3,307.0,0.0,0.0,0.0,0.0,0,0,1,0.0,0,0.0,1.758957654723127,0.5863192182410424,0.0,0.0,0.0,0.0,56.28664495114006,0.2931596091205212,2.3452768729641695,0.2931596091205212,1.4657980456026058,3.811074918566775,9.381107491856678,5.276872964169381,0.2931596091205212,0.2931596091205212,0.8794788273615635,1.4657980456026058,0.5863192182410424,0.2931596091205212,0.0,0.0,35.932291666666664,33.33333333333333,56.25,100.0,6.9295081967213115
france,Ligue 1,2025,Matt O'Riley,25.0,M,Denmark,187.0,77.0,15,6,739.0,1.0,2.0,0.0,0.0,0,0,2,0.0,0,0.12178619756427606,0.7307171853856562,0.3653585926928281,0.12178619756427606,0.2435723951285521,0.3653585926928281,0.12178619756427606,54.073071718538564,1.5832205683355887,2.192151556156969,0.3653585926928281,0.7307171853856562,2.922868741542625,7.672530446549391,2.801082543978349,0.8525033829499323,0.2435723951285521,0.8525033829499323,0.12178619756427606,1.8267929634641409,0.2435723951285521,0.0,0.0,40.67342342342342,50.0,36.507936507936506,28.57142857142857,6.809620596205962
france,Ligue 1,2025,Matthias Da Silva,18.0,G,France,,,0,0,0.0,0.0,0.0,0.0,0.0,0,0,0,0.0,0,,,,,,,,,,,,,,,,,,,,,,,,,,,,
france,Ligue 1,2025,Matthias Oyatambwe,17.0,M,Belgium,,,0,0,0.0,0.0,0.0,0.0,0.0,0,0,0,0.0,0,,,,,,,,,,,,,,,,,,,,,,,,,,,,
france,Ligue 1,2025,Matthieu Huard,27.0,D,France,175.0,75.0,1,1,62.0,0.0,0.0,0.0,0.0,0,0,0,0.0,0,0.0,0.0,0.0,0.0,0.0,0.0,0.0,75.48387096774194,0.0,0.0,0.0,0.0,0.0,4.354838709677419,2.903225806451613,0.0,0.0,0.0,2.903225806451613,1.4516129032258065,0.0,0.0,0.0,41.0,,66.66666666666666,,6.2
france,Ligue 1,2025,Matthieu Udol,29.0,M,France,178.0,79.0,34,33,3003.0,1.0,7.0,0.0,0.0,0,0,2,0.0,0,0.05994005994005994,1.138861138861139,0.5094905094905094,0.02997002997002997,0.2097902097902098,0.23976023976023975,0.02997002997002997,38.96103896103896,1.6783216783216783,1.5284715284715285,0.23976023976023975,1.5284715284715285,3.056943056943057,8.061938061938063,3.836163836163836,1.228771228771229,0.44955044955044954,0.6893106893106893,0.8091908091908093,0.8991008991008991,0.05994005994005994,0.0,0.0,36.21230769230769,44.73684210526316,47.58364312267658,36.58536585365854,7.027639027639028
france,Ligue 1,2025,Matthis Abline,22.0,F,France,176.0,67.0,32,27,2497.0,6.0,4.0,2.0,0.0,0,1,6,0.0,0,0.1802162595114137,1.9823788546255507,0.828994793752503,0.21625951141369643,0.14417300760913096,0.3604325190228274,0.21625951141369643,14.849819783740488,1.0812975570684822,0.7208650380456548,0.0,0.2883460152182619,1.0092110532639167,12.182619142971564,5.2623147777332795,4.181017220664798,1.8382058470164198,0.5046055266319583,1.5138165798958751,1.1533840608730477,0.21625951141369643,0.0,0.0,10.880195599022004,41.81818181818181,43.19526627218935,43.96551724137931,7.044933920704846
france,Ligue 1,2025,Matvey Safonov,26.0,G,Russia,192.0,82.0,15,15,1350.0,0.0,0.0,0.0,0.0,0,0,0,0.0,0,0.0,0.0,0.0,0.0,0.0,0.0,0.0,24.2,0.13333333333333333,0.0,0.0,0.0,0.0,0.33333333333333337,0.33333333333333337,0.0,0.0,0.0,0.06666666666666667,0.0,0.0,0.0,0.0,20.961432506887054,,100.0,,7.226666666666667
france,Ligue 1,2025,Matías Fernández,20.0,F,Belgium,183.0,70.0,29,27,2379.0,8.0,5.0,1.0,0.0,2,0,3,0.0,0,0.605296343001261,1.5889029003783104,1.1349306431273645,0.3026481715006305,0.18915510718789408,0.4918032786885246,0.22698612862547288,23.493064312736443,1.3619167717528373,0.7566204287515763,0.03783102143757881,0.2648171500630517,1.0214375788146282,9.041614123581336,3.7831021437578816,3.102143757881463,1.3619167717528373,0.7944514501891552,1.5132408575031526,0.5674653215636822,0.11349306431273644,0.0,0.0,20.389694041867955,71.42857142857143,41.84100418410041,43.90243902439025,6.991298865069356
france,Ligue 1,2025,Maxi Oyedele,21.0,M,Poland,180.0,70.0,8,6,447.0,1.0,0.0,0.0,0.0,0,0,3,0.0,0,0.0,0.40268456375838924,0.20134228187919462,0.20134228187919462,0.0,0.20134228187919462,0.20134228187919462,58.79194630872483,0.20134228187919462,2.61744966442953,0.0,1.0067114093959733,3.624161073825503,9.865771812080537,5.23489932885906,1.4093959731543624,0.8053691275167785,0.8053691275167785,1.0067114093959733,1.8120805369127515,0.6040268456375839,0.0,0.0,43.407534246575345,50.0,53.06122448979592,57.14285714285714,6.7883408071748885
france,Ligue 1,2025,Maxima Goffi,17.0,D,France,,,1,0,38.0,0.0,0.0,0.0,0.0,0,0,0,0.0,0,0.0,0.0,0.0,0.0,0.0,0.0,0.0,52.10526315789474,0.0,2.3684210526315788,0.0,0.0,2.3684210526315788,14.210526315789473,9.473684210526315,2.3684210526315788,2.3684210526315788,0.0,0.0,2.3684210526315788,0.0,0.0,0.0,19.0,,66.66666666666666,100.0,6.6
france,Ligue 1,2025,Maxime Bernauer,27.0,D,France,186.0,77.0,3,3,270.0,0.0,0.0,0.0,0.0,0,0,0,0.0,0,0.0,0.6666666666666667,0.0,0.0,0.0,0.0,0.0,54.666666666666664,0.0,2.0,1.3333333333333335,1.0,3.0,3.666666666666667,2.0,0.0,0.0,0.33333333333333337,0.0,0.6666666666666667,0.0,0.0,0.0,51.609756097560975,0.0,54.54545454545454,,7.566666666666666
france,Ligue 1,2025,Maxime Colin,34.0,D,France,179.0,77.0,22,18,1700.0,0.0,0.0,0.0,0.0,0,0,1,0.0,0,0.0,0.2647058823529412,0.10588235294117646,0.0,0.0,0.0,0.0,48.970588235294116,0.31764705882352945,2.1176470588235294,0.5294117647058824,1.3764705882352941,3.4941176470588236,5.8235294117647065,3.3882352941176466,0.5823529411764706,0.37058823529411766,0.7411764705882353,0.37058823529411766,0.5294117647058824,0.05294117647058823,0.0,0.0,42.063783783783784,40.0,58.18181818181818,63.63636363636363,6.575
france,Ligue 1,2025,Maxime Dupé,32.0,G,France,188.0,88.0,8,8,720.0,0.0,0.0,0.0,0.0,0,0,0,0.0,0,0.0,0.0,0.0,0.0,0.0,0.0,0.0,30.875,0.125,0.0,0.0,0.0,0.0,0.375,0.375,0.0,0.0,0.0,0.125,0.0,0.0,0.0,0.0,21.295546558704455,,100.0,,6.5
france,Ligue 1,2025,Maxime López,28.0,M,France,167.0,58.0,26,22,1960.0,0.0,3.0,0.0,0.0,0,0,11,0.0,0,0.22959183673469385,0.3673469387755102,0.2755102040816326,0.0,0.1377551020408163,0.1377551020408163,0.0,78.33673469387755,1.9744897959183674,1.056122448979592,0.1377551020408163,0.5051020408163265,1.5612244897959184,5.23469387755102,1.9285714285714286,1.1479591836734695,0.413265306122449,0.6887755102040816,0.3673469387755102,1.193877551020408,0.5051020408163265,0.0,0.0,69.98417350527549,75.0,36.84210526315789,36.0,6.86984693877551
france,Ligue 1,2025,Mayckel Lahdo,23.0,F,Sweden,171.0,76.0,8,5,418.0,1.0,1.0,0.0,0.0,0,0,0,0.0,0,0.21531100478468898,0.43062200956937796,0.21531100478468898,0.21531100478468898,0.21531100478468898,0.43062200956937796,0.21531100478468898,21.5311004784689,1.076555023923445,1.076555023923445,0.0,0.0,1.076555023923445,9.473684210526315,3.875598086124402,2.583732057416268,1.291866028708134,0.43062200956937796,1.291866028708134,1.076555023923445,0.0,0.0,0.0,13.45,50.0,40.909090909090914,50.0,6.6241626794258375
france,Ligue 1,2025,Maël Gernigon,16.0,D,,,,0,0,0.0,0.0,0.0,0.0,0.0,0,0,0,0.0,0,,,,,,,,,,,,,,,,,,,,,,,,,,,,
france,Ligue 1,2025,Mbwana Ally Samatta,33.0,F,Tanzania,183.0,77.0,27,17,1550.0,2.0,1.0,1.0,0.0,0,0,4,0.0,0,0.5225806451612903,2.032258064516129,0.9290322580645162,0.11612903225806452,0.05806451612903226,0.17419354838709677,0.11612903225806452,15.329032258064515,1.0451612903225806,0.6387096774193549,0.0,0.23225806451612904,0.8709677419354839,12.658064516129032,4.703225806451613,1.5096774193548386,0.6967741935483871,0.5225806451612903,1.1612903225806452,2.032258064516129,0.23225806451612904,0.0,0.0,9.212121212121213,45.714285714285715,37.15596330275229,46.15384615384615,6.534064516129032
france,Ligue 1,2025,Melvin Bard,25.0,D,France,173.0,65.0,31,28,2531.0,2.0,1.0,0.0,1.0,0,0,4,0.0,0,0.10667720268668511,0.46226787830896876,0.17779533781114185,0.07111813512445674,0.03555906756222837,0.10667720268668511,0.07111813512445674,42.91979454760964,0.5689450809956539,1.9557487159225602,0.49782694587119714,1.4934808376135915,3.4492295535361515,8.569735282497037,4.80047412090083,1.066772026866851,0.675622283682339,0.7822994863690241,0.9956538917423943,0.9245357566179375,0.14223627024891347,0.0,0.0,42.164871582435794,38.46153846153847,56.016597510373444,63.33333333333333,6.750375345713157
france,Ligue 1,2025,Melvin Zinga,23.0,G,France,187.0,80.0,3,2,221.0,0.0,0.0,0.0,0.0,0,0,0,0.0,0,0.0,0.0,0.0,0.0,0.0,0.0,0.0,26.063348416289596,0.0,0.40723981900452494,0.0,0.0,0.40723981900452494,0.8144796380090499,0.8144796380090499,0.0,0.0,0.0,0.0,0.0,0.0,0.0,0.0,15.421875,,100.0,,6.98868778280543
france,Ligue 1,2025,Mezian Mesloub,16.0,M,,,,1,0,11.0,1.0,0.0,0.0,0.0,0,0,0,0.0,0,8.181818181818182,8.181818181818182,8.181818181818182,8.181818181818182,0.0,8.181818181818182,8.181818181818182,32.72727272727273,8.181818181818182,0.0,0.0,0.0,0.0,0.0,0.0,0.0,0.0,0.0,0.0,0.0,0.0,0.0,0.0,3.0,100.0,,,7.6
france,Ligue 1,2025,Michel Diaz,22.0,D,Côte d'Ivoire,193.0,87.0,20,17,1560.0,0.0,0.0,1.0,0.0,0,0,4,0.0,0,0.0,0.28846153846153844,0.057692307692307696,0.0,0.0,0.0,0.0,37.03846153846154,0.057692307692307696,1.5576923076923077,1.3846153846153846,1.3846153846153846,2.9423076923076925,6.634615384615385,4.269230769230769,0.23076923076923078,0.17307692307692307,0.23076923076923078,0.6346153846153846,0.46153846153846156,0.23076923076923078,0.0,0.0,34.414330218068535,20.0,64.34782608695652,75.0,7.023205128205129
france,Ligue 1,2025,Mickael Nade,26.0,D,France,186.0,81.0,2,0,64.0,0.0,0.0,0.0,0.0,0,0,0,0.0,0,0.0,0.0,0.0,0.0,0.0,0.0,0.0,43.59375,0.0,1.40625,0.0,1.40625,2.8125,2.8125,1.40625,0.0,0.0,0.0,0.0,0.0,0.0,0.0,0.0,15.451612903225806,,50.0,,6.175
france,Ligue 1,2025,Mika Biereth,22.0,F,Denmark,187.0,69.0,32,12,1108.0,2.0,2.0,0.0,0.0,0,0,0,0.0,0,0.7310469314079422,0.9747292418772563,0.5685920577617328,0.1624548736462094,0.1624548736462094,0.3249097472924188,0.1624548736462094,16.732851985559567,1.7057761732851984,0.8935018050541517,0.1624548736462094,0.0,0.8935018050541517,11.534296028880865,3.5740072202166067,1.055956678700361,0.3249097472924188,0.6498194945848376,1.1371841155234657,1.2996389891696751,0.0,0.0,0.0,6.507317073170731,58.333333333333336,30.985915492957744,30.76923076923077,6.49393665158371
france,Ligue 1,2025,Mikayil Faye,21.0,D,Senegal,186.0,81.0,1,0,12.0,0.0,0.0,0.0,0.0,0,0,0,0.0,0,0.0,0.0,0.0,0.0,0.0,0.0,0.0,67.5,0.0,0.0,0.0,0.0,0.0,7.5,7.5,0.0,0.0,0.0,0.0,0.0,0.0,0.0,0.0,7.0,,100.0,,6.599999999999999
france,Ligue 1,2025,Mike Penders,20.0,G,Belgium,200.0,95.0,33,33,2970.0,0.0,0.0,0.0,1.0,0,0,3,0.0,0,0.0,0.0,0.0,0.0,0.0,0.0,0.0,42.42424242424243,0.0,0.0,0.0,0.0,0.0,0.24242424242424243,0.2121212121212121,0.0,0.0,0.0,0.06060606060606061,0.030303030303030304,0.09090909090909091,0.0,0.0,39.18214285714286,,87.5,,6.945454545454545
france,Ligue 1,2025,Millan Brignone,18.0,M,,,,0,0,0.0,0.0,0.0,0.0,0.0,0,0,0,0.0,0,,,,,,,,,,,,,,,,,,,,,,,,,,,,
france,Ligue 1,2025,Mohamed Abdelmonem,26.0,D,Egypt,183.0,78.0,0,0,0.0,0.0,0.0,0.0,0.0,0,0,0,0.0,0,,,,,,,,,,,,,,,,,,,,,,,,,,,,
france,Ligue 1,2025,Mohamed Bamba,24.0,F,Côte d'Ivoire,185.0,75.0,18,7,685.0,1.0,2.0,0.0,0.0,0,1,3,0.0,0,1.5766423357664234,1.4452554744525548,0.7883211678832117,0.1313868613138686,0.2627737226277372,0.39416058394160586,0.1313868613138686,16.94890510948905,0.7883211678832117,0.5255474452554744,0.0,0.2627737226277372,0.7883211678832117,10.510948905109489,4.072992700729928,0.7883211678832117,0.5255474452554744,0.2627737226277372,1.0510948905109487,2.2335766423357666,0.39416058394160586,0.0,0.0,6.372093023255814,54.54545454545454,38.75,66.66666666666666,6.4979562043795625
france,Ligue 1,2025,Mohamed Benoit-Dao,,F,,,,1,0,9.0,0.0,0.0,0.0,0.0,0,0,0,0.0,0,0.0,0.0,0.0,0.0,0.0,0.0,0.0,20.0,0.0,0.0,0.0,0.0,0.0,0.0,0.0,0.0,0.0,0.0,0.0,0.0,0.0,0.0,0.0,2.0,,,,6.3
france,Ligue 1,2025,Mohamed Kaba,24.0,M,France,185.0,71.0,12,11,924.0,0.0,2.0,0.0,0.0,0,0,2,0.0,0,0.0,1.0714285714285714,0.5844155844155845,0.0,0.19480519480519481,0.19480519480519481,0.0,28.441558441558442,1.168831168831169,2.7272727272727275,0.29220779220779225,1.3636363636363638,4.090909090909091,12.75974025974026,7.207792207792207,1.2662337662337664,0.5844155844155845,0.974025974025974,2.6298701298701297,1.2662337662337664,0.19480519480519481,0.0,0.0,21.14041095890411,54.54545454545454,56.48854961832062,46.15384615384615,6.827489177489178
france,Ligue 1,2025,Mohamed Kader Meite,18.0,F,France,191.0,76.0,17,6,530.0,3.0,2.0,0.0,0.0,0,0,0,0.0,0,1.3584905660377358,2.3773584905660377,1.1886792452830188,0.5094339622641509,0.33962264150943394,0.8490566037735848,0.5094339622641509,14.09433962264151,0.8490566037735848,0.5094339622641509,0.16981132075471697,0.16981132075471697,0.6792452830188679,11.20754716981132,5.60377358490566,1.8679245283018866,1.0188679245283019,0.16981132075471697,0.6792452830188679,2.0377358490566038,0.0,0.0,0.0,5.253012048192771,50.0,50.0,54.54545454545454,6.827358490566038
france,Ligue 1,2025,Mohamed-Ali Cho,21.0,F,France,181.0,66.0,26,22,1789.0,4.0,3.0,0.0,0.0,0,0,1,0.0,0,0.25153717160424816,1.2576858580212409,0.7043040804918949,0.20122973728339855,0.1509223029625489,0.35215204024594743,0.20122973728339855,24.298490776970375,1.2073784237003913,0.8049189491335942,0.10061486864169927,0.20122973728339855,1.0061486864169926,11.268865287870318,4.17551704863052,2.76690888764673,0.9055338177752935,0.553381777529346,1.660145332588038,0.7043040804918949,0.05030743432084964,0.0,0.0,17.00414078674948,56.00000000000001,37.05357142857143,32.72727272727273,6.822191168250419
france,Ligue 1,2025,Mohammed Salisu,26.0,D,Ghana,191.0,82.0,12,12,1080.0,1.0,0.0,0.0,0.0,0,0,3,0.0,0,0.33333333333333337,0.5,0.16666666666666669,0.08333333333333334,0.0,0.08333333333333334,0.08333333333333334,68.0,0.16666666666666669,2.083333333333333,1.75,1.4166666666666665,3.5,9.833333333333334,5.666666666666666,0.16666666666666669,0.16666666666666669,1.0,0.25,1.4166666666666665,0.25,0.0,0.0,66.50612745098039,33.33333333333333,57.6271186440678,100.0,7.008333333333334
france,Ligue 1,2025,Moise Bombito,25.0,D,Canada,190.0,83.0,2,2,146.0,0.0,0.0,0.0,2.0,0,0,1,0.0,0,0.0,0.0,0.0,0.0,0.0,0.0,0.0,39.45205479452055,0.0,1.2328767123287672,1.8493150684931505,1.2328767123287672,2.4657534246575343,9.246575342465754,5.547945205479452,0.0,0.0,0.0,0.6164383561643836,1.8493150684931505,0.6164383561643836,0.0,0.0,32.6875,,60.0,,6.701369863013699
france,Ligue 1,2025,Montassar Talbi,27.0,D,Tunisia,190.0,81.0,29,29,2610.0,0.0,1.0,0.0,0.0,0,0,3,0.0,0,0.0,0.3103448275862069,0.06896551724137931,0.0,0.034482758620689655,0.034482758620689655,0.0,49.827586206896555,0.24137931034482757,0.7586206896551724,0.8275862068965517,0.896551724137931,1.6551724137931034,6.551724137931035,3.9310344827586206,0.20689655172413793,0.10344827586206896,0.6206896551724138,0.41379310344827586,0.20689655172413793,0.10344827586206896,0.0,0.0,52.126643598615914,22.22222222222222,60.0,50.0,6.903448275862069
france,Ligue 1,2025,Morgan Bokele Mputu,21.0,F,France,175.0,,10,1,228.0,0.0,0.0,0.0,0.0,0,0,0,0.0,0,0.0,0.39473684210526316,0.39473684210526316,0.0,0.0,0.0,0.0,39.473684210526315,0.7894736842105263,1.9736842105263157,0.39473684210526316,0.39473684210526316,2.3684210526315788,13.026315789473685,6.315789473684211,3.1578947368421053,1.1842105263157894,1.1842105263157894,3.1578947368421053,0.7894736842105263,0.0,0.0,0.0,13.070707070707071,100.0,48.484848484848484,37.5,6.853982300884955
france,Ligue 1,2025,Morgan Guilavogui,27.0,F,Guinea,188.0,81.0,16,3,485.0,1.0,0.0,1.0,0.0,0,0,3,0.0,1,0.7422680412371134,1.2989690721649485,0.3711340206185567,0.18556701030927836,0.0,0.18556701030927836,0.18556701030927836,38.597938144329895,1.8556701030927836,2.597938144329897,0.0,0.18556701030927836,2.783505154639175,14.659793814432991,8.164948453608247,2.783505154639175,1.4845360824742269,1.1134020618556701,2.2268041237113403,2.783505154639175,0.5567010309278351,0.0,0.18556701030927836,14.600961538461538,28.57142857142857,55.69620253164557,53.333333333333336,6.945567010309278
france,Ligue 1,2025,Morgan Sanson,31.0,M,France,180.0,73.0,33,22,1955.0,0.0,2.0,0.0,1.0,0,0,4,0.0,0,0.09207161125319692,0.59846547314578,0.18414322250639384,0.0,0.09207161125319692,0.09207161125319692,0.0,33.23785166240409,0.5524296675191817,1.6572890025575446,0.4603580562659847,1.2429667519181586,2.9002557544757033,10.312020460358056,4.603580562659847,2.2097186700767266,1.1048593350383633,0.8746803069053708,1.1048593350383633,1.7953964194373402,0.18414322250639384,0.0,0.0,26.008310249307478,30.76923076923077,44.642857142857146,50.0,6.649820971867007
france,Ligue 1,2025,Mory Diaw,32.0,G,Senegal,197.0,95.0,30,30,2655.0,0.0,1.0,0.0,0.0,0,0,1,0.0,0,0.0,0.0,0.0,0.0,0.03389830508474576,0.03389830508474576,0.0,33.016949152542374,0.1016949152542373,0.06779661016949153,0.0,0.06779661016949153,0.13559322033898305,0.4406779661016949,0.4067796610169492,0.0,0.0,0.03389830508474576,0.2033898305084746,0.0,0.03389830508474576,0.0,0.0,24.523613963039015,,92.3076923076923,,7.01864406779661
france,Ligue 1,2025,Moses Simon,30.0,M,Nigeria,168.0,66.0,29,25,2024.0,3.0,3.0,0.0,0.0,0,0,0,0.0,0,0.40019762845849804,1.1116600790513833,0.4891304347826087,0.133399209486166,0.133399209486166,0.266798418972332,0.133399209486166,21.56620553359684,1.4229249011857708,0.6225296442687747,0.044466403162055336,0.40019762845849804,1.0227272727272727,8.804347826086957,3.068181818181818,2.890316205533597,1.2895256916996047,0.22233201581027667,0.8448616600790514,0.66699604743083,0.0,0.0,0.0,16.20824742268041,44.0,34.84848484848485,44.61538461538462,6.822381422924901
france,Ligue 1,2025,Mostafa Mohamed,28.0,F,Egypt,185.0,78.0,24,13,1171.0,4.0,0.0,0.0,0.0,0,0,1,0.0,0,0.3074295473953886,2.1520068317677197,0.6148590947907772,0.3074295473953886,0.0,0.3074295473953886,0.3074295473953886,14.602903501280956,0.6917164816396243,0.7685738684884713,0.23057216054654142,0.6148590947907772,1.3834329632792486,15.371477369769428,6.840307429547395,1.4602903501280957,0.23057216054654142,0.46114432109308284,2.0751494449188725,1.3834329632792486,0.07685738684884715,0.0,0.0,7.919786096256685,28.57142857142857,44.5,15.789473684210526,6.659607173356106
france,Ligue 1,2025,Mousa Tamari,28.0,M,Jordan,175.0,72.0,33,25,2224.0,6.0,6.0,4.0,0.0,0,0,4,0.0,0,1.052158273381295,1.8615107913669064,0.9307553956834532,0.24280575539568347,0.24280575539568347,0.48561151079136694,0.24280575539568347,25.85881294964029,1.3758992805755397,1.0926258992805755,0.08093525179856116,0.4451438848920863,1.537769784172662,9.307553956834532,3.5611510791366903,3.7634892086330933,1.335431654676259,0.6070143884892086,1.0926258992805755,0.6879496402877698,0.16187050359712232,0.0,0.0,20.050078247261347,50.0,38.26086956521739,35.483870967741936,6.908322087269456
france,Ligue 1,2025,Moussa Niakhaté,29.0,D,Senegal,190.0,82.0,32,30,2758.0,0.0,2.0,0.0,1.0,0,0,2,0.0,0,0.0,0.06526468455402466,0.0,0.0,0.06526468455402466,0.06526468455402466,0.0,68.07106598984772,0.45685279187817257,1.1747643219724437,0.6852791878172589,0.9463379260333575,2.1211022480058013,8.255982596084118,5.449601160261058,0.22842639593908629,0.16316171138506164,0.26105873821609865,1.0442349528643946,1.2400290065264683,0.06526468455402466,0.0,0.0,64.97027804410355,0.0,66.00790513833992,71.42857142857143,7.232849891225526
france,Ligue 1,2025,Mousslim Youssouf,19.0,D,France,166.0,56.0,0,0,0.0,0.0,0.0,0.0,0.0,0,0,0,0.0,0,,,,,,,,,,,,,,,,,,,,,,,,,,,,
france,Ligue 1,2025,Moustapha Diop,,D,,,,0,0,0.0,0.0,0.0,0.0,0.0,0,0,0,0.0,0,,,,,,,,,,,,,,,,,,,,,,,,,,,,
france,Ligue 1,2025,Moustapha Mbow,25.0,D,Senegal,192.0,74.0,31,30,2716.0,0.0,1.0,0.0,3.0,0,0,5,0.0,0,0.03313696612665685,0.29823269513991163,0.09941089837997054,0.0,0.03313696612665685,0.03313696612665685,0.0,52.720913107511045,0.1325478645066274,1.7231222385861562,0.9609720176730486,1.292341678939617,3.015463917525773,7.157584683357879,4.473490427098675,0.23195876288659795,0.19882179675994108,0.36450662739322537,0.5301914580265096,0.9278350515463918,0.16568483063328424,0.0,0.0,54.04022627278441,33.33333333333333,62.5,85.71428571428571,6.885935198821797
france,Ligue 1,2025,Mylan Toty,,F,,,,0,0,0.0,0.0,0.0,0.0,0.0,0,0,0,0.0,0,,,,,,,,,,,,,,,,,,,,,,,,,,,,
france,Ligue 1,2025,Nabil Bentaleb,31.0,M,Algeria,187.0,78.0,26,13,1287.0,2.0,2.0,0.0,0.0,1,0,3,0.0,0,0.0,0.9090909090909092,0.4195804195804196,0.13986013986013987,0.13986013986013987,0.27972027972027974,0.06993006993006994,64.26573426573427,0.8391608391608392,1.2587412587412588,0.4195804195804196,1.048951048951049,2.3076923076923075,7.2027972027972025,3.7762237762237763,0.6993006993006993,0.34965034965034963,0.5594405594405595,1.2587412587412588,0.9790209790209791,0.2097902097902098,0.0,0.0,40.08269858541893,46.15384615384615,52.42718446601942,50.0,7.101165501165502
france,Ligue 1,2025,Naime Said Mchindra,20.0,G,,,,0,0,0.0,0.0,0.0,0.0,0.0,0,0,0,0.0,0,,,,,,,,,,,,,,,,,,,,,,,,,,,,
france,Ligue 1,2025,Naouirou Ahamada,23.0,M,France,183.0,73.0,15,8,687.0,0.0,1.0,0.0,0.0,0,0,0,0.0,0,0.13100436681222707,0.6550218340611353,0.13100436681222707,0.0,0.13100436681222707,0.13100436681222707,0.0,34.71615720524017,0.7860262008733624,1.3100436681222707,0.13100436681222707,0.6550218340611353,1.965065502183406,7.074235807860262,3.799126637554585,2.096069868995633,1.0480349344978166,0.5240174672489083,1.0480349344978166,0.6550218340611353,0.0,0.0,0.0,24.143396226415096,20.0,53.70370370370371,50.0,6.878602620087337
france,Ligue 1,2025,Nathan Mbala,17.0,F,,,,13,4,448.0,2.0,2.0,0.0,0.0,0,0,0,0.0,0,0.0,2.4107142857142856,0.8035714285714285,0.40178571428571425,0.40178571428571425,0.8035714285714285,0.40178571428571425,16.875,2.611607142857143,1.8080357142857144,0.0,0.20089285714285712,2.0089285714285716,10.446428571428571,5.022321428571429,3.214285714285714,1.2053571428571428,0.6026785714285714,1.2053571428571428,0.6026785714285714,0.0,0.0,0.0,9.506172839506172,33.33333333333333,48.07692307692308,37.5,6.792152466367712
france,Ligue 1,2025,Nathan Ngoy,22.0,D,Belgium,183.0,74.0,29,27,2412.0,1.0,2.0,0.0,0.0,0,0,9,0.0,1,0.0,0.5597014925373135,0.22388059701492538,0.0373134328358209,0.0746268656716418,0.11194029850746269,0.0373134328358209,61.492537313432834,0.1492537313432836,1.2313432835820897,0.4850746268656716,1.3432835820895521,2.574626865671642,5.074626865671642,2.985074626865672,0.33582089552238803,0.26119402985074625,0.44776119402985076,0.41044776119402987,0.746268656716418,0.33582089552238803,0.0,0.0373134328358209,59.00606796116505,40.0,58.82352941176471,77.77777777777779,6.899170812603648
france,Ligue 1,2025,Nathaniel Adjei,23.0,D,Ghana,191.0,,15,9,840.0,0.0,0.0,0.0,0.0,0,0,0,0.0,0,0.10714285714285715,0.4285714285714286,0.2142857142857143,0.0,0.0,0.0,0.0,41.67857142857143,0.10714285714285715,1.1785714285714286,0.2142857142857143,0.8571428571428572,2.0357142857142856,6.321428571428571,3.214285714285714,0.2142857142857143,0.10714285714285715,0.3214285714285714,0.6428571428571428,0.8571428571428572,0.0,0.0,0.0,43.56555269922879,50.0,50.847457627118644,50.0,6.561170848267622
france,Ligue 1,2025,Nayef Aguerd,29.0,D,Morocco,190.0,76.0,16,16,1399.0,1.0,0.0,0.0,0.0,0,0,4,0.0,0,0.0,0.38598999285203717,0.06433166547533953,0.06433166547533953,0.0,0.06433166547533953,0.06433166547533953,83.8241601143674,0.19299499642601858,1.4152966404574696,0.5789849892780558,1.35096497498213,2.7662616154396,7.5911365260900645,4.3102215868477485,0.19299499642601858,0.06433166547533953,0.2573266619013581,0.38598999285203717,1.35096497498213,0.2573266619013581,0.0,0.0,84.74366845740599,16.666666666666664,56.779661016949156,33.33333333333333,7.173195139385275
france,Ligue 1,2025,Neal Maupay,29.0,F,France,173.0,69.0,1,0,1.0,0.0,0.0,0.0,0.0,0,0,0,0.0,0,0.0,0.0,0.0,0.0,0.0,0.0,0.0,90.0,0.0,0.0,0.0,0.0,0.0,0.0,0.0,0.0,0.0,0.0,0.0,0.0,0.0,0.0,0.0,1.0,,,,
france,Ligue 1,2025,Ngal'ayel Mukau,21.0,M,Belgium,188.0,70.0,30,19,1566.0,1.0,0.0,0.0,1.0,0,0,2,0.0,0,0.2298850574712644,0.632183908045977,0.2873563218390805,0.0574712643678161,0.0,0.0574712643678161,0.0574712643678161,36.03448275862069,0.7471264367816092,1.6666666666666665,0.0574712643678161,0.8045977011494253,2.471264367816092,9.597701149425287,4.482758620689655,1.4367816091954024,0.7471264367816092,0.8620689655172413,1.3218390804597702,1.5517241379310345,0.1149425287356322,0.0,0.0,24.70334928229665,45.45454545454545,46.706586826347305,52.0,6.6567688378033205
france,Ligue 1,2025,Nhoa Sangui,19.0,D,France,178.0,67.0,26,18,1752.0,0.0,0.0,0.0,0.0,0,0,0,0.0,0,0.1541095890410959,0.1541095890410959,0.05136986301369863,0.0,0.0,0.0,0.0,39.24657534246575,0.8732876712328766,1.3356164383561644,0.2568493150684931,0.8732876712328766,2.208904109589041,5.23972602739726,3.0821917808219177,1.2842465753424657,0.5136986301369862,0.2054794520547945,0.8732876712328766,0.2568493150684931,0.0,0.0,0.0,32.57217847769029,33.33333333333333,58.82352941176471,40.0,6.592979452054794
france,Ligue 1,2025,Nicolas Cozza,26.0,D,France,178.0,72.0,29,25,2303.0,0.0,1.0,0.0,0.0,0,0,2,0.0,0,0.0,0.2735562310030395,0.11723838471558835,0.0,0.03907946157186279,0.03907946157186279,0.0,31.654363873208858,0.3907946157186279,1.7194963091619626,0.42987407729049065,0.6643508467216673,2.38384715588363,7.542336083369518,3.9861050803300047,0.7034303082935301,0.3126356925749023,0.8988276161528441,1.2114633087277464,0.8988276161528441,0.07815892314372558,0.0,0.0,27.70740740740741,42.857142857142854,52.84974093264248,44.44444444444444,6.628478260869565
france,Ligue 1,2025,Nicolás Tagliafico,33.0,D,Argentina,172.0,67.0,20,14,1320.0,0.0,3.0,0.0,0.0,0,0,6,0.0,2,0.13636363636363635,0.75,0.06818181818181818,0.0,0.20454545454545453,0.20454545454545453,0.0,45.95454545454545,0.8863636363636362,1.9772727272727273,0.34090909090909094,1.3636363636363638,3.3409090909090913,11.181818181818182,5.931818181818182,0.4772727272727273,0.20454545454545453,0.40909090909090906,2.25,2.4545454545454546,0.40909090909090906,0.0,0.13636363636363635,40.87815750371471,9.090909090909092,53.04878048780488,42.857142857142854,6.76280303030303
france,Ligue 1,2025,Nidal Čelik,19.0,D,Bosnia and Herzegovina,189.0,,8,8,618.0,0.0,0.0,0.0,0.0,0,0,2,0.0,0,0.0,0.14563106796116507,0.14563106796116507,0.0,0.0,0.0,0.0,46.89320388349515,0.0,2.9126213592233006,0.7281553398058251,1.3106796116504855,4.223300970873786,7.572815533980583,4.077669902912621,0.7281553398058251,0.14563106796116507,0.29126213592233013,0.14563106796116507,1.8932038834951457,0.29126213592233013,0.0,0.0,40.19875776397515,100.0,53.84615384615385,20.0,6.644822006472492
france,Ligue 1,2025,Niklas Schmidt,27.0,M,Germany,184.0,89.0,0,0,0.0,0.0,0.0,0.0,0.0,0,0,0,0.0,0,,,,,,,,,,,,,,,,,,,,,,,,,,,,
france,Ligue 1,2025,Noah Cadiou,27.0,M,France,191.0,84.0,28,20,1881.0,3.0,1.0,1.0,0.0,0,0,2,0.0,0,0.0,0.7655502392344499,0.43062200956937796,0.14354066985645933,0.04784688995215312,0.19138755980861247,0.14354066985645933,55.693779904306226,0.5263157894736842,1.1483253588516746,0.6220095693779905,1.1004784688995215,2.248803827751196,7.320574162679425,3.2535885167464116,1.244019138755981,0.6220095693779905,0.6698564593301435,0.6220095693779905,1.291866028708134,0.09569377990430623,0.0,0.0,50.00085910652921,56.25,44.44444444444444,50.0,7.007017543859649
france,Ligue 1,2025,Noah Edjouma,20.0,F,France,181.0,73.0,15,3,365.0,0.0,0.0,0.0,0.0,0,0,0,0.0,0,0.24657534246575344,1.4794520547945205,0.7397260273972602,0.0,0.0,0.0,0.0,22.438356164383563,1.726027397260274,2.712328767123288,0.0,0.7397260273972602,3.452054794520548,17.506849315068493,7.397260273972602,5.917808219178082,2.4657534246575343,1.9726027397260275,1.4794520547945205,1.2328767123287672,0.0,0.0,0.0,7.573033707865169,50.0,42.25352112676056,41.66666666666667,6.613150684931507
france,Ligue 1,2025,Noah Jauny,21.0,G,France,194.0,70.0,0,0,0.0,0.0,0.0,0.0,0.0,0,0,0,0.0,0,,,,,,,,,,,,,,,,,,,,,,,,,,,,
france,Ligue 1,2025,Noah Lahmadi,20.0,M,France,178.0,74.0,0,0,0.0,0.0,0.0,0.0,0.0,0,0,0,0.0,0,,,,,,,,,,,,,,,,,,,,,,,,,,,,
france,Ligue 1,2025,Noah Nartey,20.0,M,Denmark,180.0,70.0,11,5,547.0,2.0,0.0,0.0,0.0,0,0,0,0.0,0,0.16453382084095064,0.4936014625228519,0.3290676416819013,0.3290676416819013,0.0,0.3290676416819013,0.3290676416819013,37.51371115173674,0.4936014625228519,1.809872029250457,0.0,0.3290676416819013,2.1389396709323583,12.010968921389397,5.429616087751371,3.7842778793418645,2.303473491773309,1.4808043875685557,1.1517367458866545,0.9872029250457038,0.0,0.0,0.0,24.271929824561404,66.66666666666666,45.20547945205479,60.86956521739131,6.985897435897436
france,Ligue 1,2025,Noah Nsoki,18.0,M,,,,1,0,15.0,0.0,0.0,0.0,0.0,0,0,0,0.0,0,0.0,0.0,0.0,0.0,0.0,0.0,0.0,48.0,0.0,6.0,0.0,0.0,6.0,6.0,6.0,0.0,0.0,0.0,0.0,0.0,0.0,0.0,0.0,6.0,,100.0,,6.3
france,Ligue 1,2025,Noam Obougou Jacquet,18.0,F,France,185.0,76.0,5,0,99.0,1.0,0.0,1.0,0.0,0,0,0,0.0,0,0.0,2.7272727272727275,2.7272727272727275,0.9090909090909092,0.0,0.9090909090909092,0.9090909090909092,11.81818181818182,0.0,0.0,0.0,0.9090909090909092,0.9090909090909092,20.0,9.09090909090909,2.7272727272727275,1.8181818181818183,0.0,2.7272727272727275,4.545454545454545,0.0,0.0,0.0,3.0,100.0,45.45454545454545,66.66666666666666,6.82121212121212
france,Ligue 1,2025,Noham Kamara,18.0,D,France,185.0,,2,0,11.0,0.0,0.0,0.0,0.0,0,0,0,0.0,0,0.0,0.0,0.0,0.0,0.0,0.0,0.0,32.72727272727273,0.0,0.0,0.0,0.0,0.0,0.0,0.0,0.0,0.0,0.0,0.0,0.0,0.0,0.0,0.0,2.0,,,,6.2
france,Ligue 1,2025,Nolan Galves,22.0,D,France,180.0,57.0,2,2,180.0,0.0,1.0,0.0,0.0,0,0,0,0.0,0,0.0,0.5,0.0,0.0,0.5,0.5,0.0,29.000000000000004,2.5,1.0,0.5,1.0,2.0,6.499999999999999,3.5,2.0,2.0,0.5,0.0,1.5,0.0,0.0,0.0,26.120689655172413,0.0,53.84615384615385,100.0,6.6
france,Ligue 1,2025,Nordan Mukiele,19.0,F,France,,,8,0,106.0,1.0,0.0,0.0,0.0,0,0,0,0.0,0,0.0,0.8490566037735848,0.8490566037735848,0.8490566037735848,0.0,0.8490566037735848,0.8490566037735848,39.905660377358494,0.8490566037735848,0.8490566037735848,0.0,0.0,0.8490566037735848,16.9811320754717,5.09433962264151,2.547169811320755,1.6981132075471697,1.6981132075471697,1.6981132075471697,3.3962264150943393,0.0,0.0,0.0,7.404255319148936,100.0,30.0,66.66666666666666,6.602857142857142
france,Ligue 1,2025,Nouha Dicko,33.0,F,Mali,173.0,74.0,8,0,98.0,1.0,1.0,0.0,0.0,0,0,0,0.0,0,1.8367346938775508,3.6734693877551017,1.8367346938775508,0.9183673469387754,0.9183673469387754,1.8367346938775508,0.9183673469387754,11.938775510204083,0.9183673469387754,0.9183673469387754,0.0,0.0,0.9183673469387754,14.693877551020407,6.428571428571428,0.0,0.0,0.0,2.7551020408163263,3.6734693877551017,0.0,0.0,0.0,1.9230769230769231,50.0,43.75,,6.7670103092783505
france,Ligue 1,2025,Nouhoum Kamissoko,21.0,M,,,,3,0,31.0,0.0,0.0,0.0,0.0,0,0,0,0.0,0,0.0,2.903225806451613,0.0,0.0,0.0,0.0,0.0,52.25806451612904,5.806451612903226,2.903225806451613,8.709677419354838,0.0,2.903225806451613,8.709677419354838,5.806451612903226,0.0,0.0,0.0,0.0,0.0,0.0,0.0,0.0,8.0,0.0,66.66666666666666,,6.593548387096774
france,Ligue 1,2025,Nuno Mendes,23.0,D,Portugal,180.0,70.0,20,13,1251.0,4.0,5.0,0.0,1.0,1,0,1,0.0,0,0.2158273381294964,1.6546762589928057,1.079136690647482,0.28776978417266186,0.3597122302158273,0.6474820143884893,0.2158273381294964,68.84892086330936,2.158273381294964,1.7985611510791366,0.28776978417266186,0.9352517985611511,2.7338129496402876,10.64748201438849,5.971223021582734,3.669064748201439,1.7985611510791366,0.5035971223021583,1.7985611510791366,0.8633093525179856,0.07194244604316546,0.0,0.0,58.244514106583075,65.21739130434783,56.08108108108109,49.01960784313725,7.4161600000000005
france,Ligue 1,2025,Obed Nkambadio,22.0,G,France,190.0,86.0,12,12,1080.0,0.0,0.0,0.0,0.0,0,0,0,0.0,0,0.0,0.0,0.0,0.0,0.0,0.0,0.0,39.583333333333336,0.08333333333333334,0.0,0.0,0.0,0.0,0.33333333333333337,0.25,0.0,0.0,0.08333333333333334,0.0,0.0,0.0,0.0,0.0,32.73263157894737,,75.0,,6.475
france,Ligue 1,2025,Octave Joly,23.0,M,France,,,2,1,77.0,0.0,0.0,0.0,0.0,0,0,0,0.0,0,0.0,0.0,0.0,0.0,0.0,0.0,0.0,31.558441558441558,0.0,0.0,0.0,1.168831168831169,1.168831168831169,9.350649350649352,1.168831168831169,1.168831168831169,0.0,0.0,1.168831168831169,1.168831168831169,0.0,0.0,0.0,17.22222222222222,,12.5,0.0,6.185714285714286
france,Ligue 1,2025,Odsonne Édouard,27.0,F,France,187.0,83.0,29,26,1818.0,12.0,3.0,1.0,0.0,1,0,1,0.0,0,0.594059405940594,2.4257425742574257,1.5346534653465347,0.594059405940594,0.1485148514851485,0.7425742574257425,0.5445544554455445,14.257425742574258,0.9900990099009902,0.4950495049504951,0.198019801980198,0.1485148514851485,0.6435643564356436,9.455445544554456,3.4158415841584158,1.9801980198019804,0.792079207920792,0.693069306930693,0.8415841584158416,1.0396039603960396,0.0495049504950495,0.0,0.0,9.572916666666666,63.26530612244898,36.12565445026178,40.0,6.976512651265126
france,Ligue 1,2025,Ogbonna Stanley Chizurum,18.0,F,,,,0,0,0.0,0.0,0.0,0.0,0.0,0,0,0,0.0,0,,,,,,,,,,,,,,,,,,,,,,,,,,,,
france,Ligue 1,2025,Olivier Giroud,39.0,F,France,193.0,91.0,30,17,1623.0,7.0,1.0,0.0,0.0,3,1,2,0.0,0,0.4436229205175601,1.9963031423290203,0.8872458410351202,0.38817005545286504,0.05545286506469501,0.4436229205175601,0.22181146025878004,18.853974121996302,1.0536044362292052,0.6099815157116452,0.277264325323475,0.22181146025878004,0.8317929759704252,9.981515711645102,5.212569316081331,0.277264325323475,0.16635859519408502,0.4436229205175601,1.7190388170055453,1.497227356746765,0.11090573012939002,0.0,0.0,11.638235294117647,44.44444444444444,52.22222222222223,60.0,6.602341343191621
france,Ligue 1,2025,Orel Mangala,27.0,M,Belgium,178.0,80.0,9,5,426.0,0.0,0.0,0.0,0.0,0,0,0,0.0,0,0.0,0.6338028169014085,0.2112676056338028,0.0,0.0,0.0,0.0,46.901408450704224,1.056338028169014,1.267605633802817,0.4225352112676056,1.4788732394366197,2.7464788732394365,7.394366197183099,3.8028169014084505,1.6901408450704225,1.056338028169014,0.6338028169014085,1.056338028169014,1.6901408450704225,0.0,0.0,0.0,26.963963963963963,33.33333333333333,51.42857142857142,62.5,6.570657276995305
france,Ligue 1,2025,Osame Sahraoui,24.0,F,Norway,170.0,65.0,18,4,507.0,1.0,2.0,0.0,0.0,0,0,0,0.0,0,0.1775147928994083,1.242603550295858,0.7100591715976332,0.1775147928994083,0.3550295857988166,0.5325443786982248,0.1775147928994083,47.218934911242606,1.7751479289940828,1.0650887573964496,0.1775147928994083,0.5325443786982248,1.5976331360946745,16.331360946745562,8.34319526627219,5.680473372781066,2.662721893491124,0.7100591715976332,4.437869822485207,0.7100591715976332,0.0,0.0,0.0,16.17669172932331,57.14285714285714,51.08695652173913,46.875,6.645956607495069
france,Ligue 1,2025,Oscar Lenne,19.0,D,France,180.0,67.0,0,0,0.0,0.0,0.0,0.0,0.0,0,0,0,0.0,0,,,,,,,,,,,,,,,,,,,,,,,,,,,,
france,Ligue 1,2025,Otávio,23.0,D,Brazil,187.0,79.0,23,21,1908.0,1.0,0.0,0.0,2.0,0,0,6,0.0,1,0.04716981132075472,0.37735849056603776,0.14150943396226415,0.04716981132075472,0.0,0.04716981132075472,0.04716981132075472,64.52830188679245,0.18867924528301888,2.3584905660377355,0.8490566037735848,1.3207547169811322,3.6792452830188678,8.726415094339622,5.283018867924529,0.5188679245283019,0.2830188679245283,0.7075471698113207,1.5566037735849056,1.1320754716981132,0.2830188679245283,0.0,0.04716981132075472,60.941520467836256,37.5,60.54054054054055,54.54545454545454,6.916037735849057
france,Ligue 1,2025,Oumar Pona,19.0,G,France,189.0,78.0,2,2,180.0,0.0,0.0,0.0,0.0,0,0,1,0.0,0,0.0,0.0,0.0,0.0,0.0,0.0,0.0,23.5,0.0,0.0,0.0,0.0,0.0,1.0,1.0,0.0,0.0,0.0,1.0,0.0,0.5,0.0,0.0,19.085106382978722,,100.0,,6.5
france,Ligue 1,2025,Ousmane Ba,23.0,G,Senegal,185.0,74.0,0,0,0.0,0.0,0.0,0.0,0.0,0,0,0,0.0,0,,,,,,,,,,,,,,,,,,,,,,,,,,,,
france,Ligue 1,2025,Ousmane Camara,22.0,D,France,197.0,90.0,32,31,2719.0,1.0,0.0,0.0,1.0,0,0,2,0.0,0,0.03310040456050019,0.3972048547260022,0.16550202280250093,0.03310040456050019,0.0,0.03310040456050019,0.03310040456050019,45.08275101140126,0.13240161824200075,1.5557190143435087,0.8275101140125045,1.0261125413755057,2.581831555719014,6.322177271055534,3.67414490621552,0.16550202280250093,0.09930121368150055,0.23170283192350127,0.23170283192350127,0.7282089003310042,0.06620080912100038,0.0,0.0,45.6071953010279,41.66666666666667,58.1151832460733,60.0,6.866016917984553
france,Ligue 1,2025,Ousmane Dembélé,28.0,F,France,178.0,67.0,22,11,1062.0,10.0,7.0,0.0,0.0,2,1,0,0.0,0,0.6779661016949152,3.2203389830508473,1.5254237288135593,0.847457627118644,0.5932203389830508,1.440677966101695,0.6779661016949152,63.13559322033898,3.4745762711864407,0.5084745762711864,0.0,0.0,0.5084745762711864,6.186440677966101,3.0508474576271185,3.305084745762712,2.0338983050847457,0.2542372881355932,0.3389830508474576,0.2542372881355932,0.0,0.0,0.0,37.80939597315436,47.368421052631575,49.31506849315068,61.53846153846154,7.764406779661016
france,Ligue 1,2025,Ousmane Touré,20.0,D,France,187.0,73.0,1,1,52.0,0.0,0.0,0.0,0.0,0,0,0,0.0,0,0.0,0.0,0.0,0.0,0.0,0.0,0.0,36.34615384615385,0.0,1.7307692307692308,0.0,3.4615384615384617,5.1923076923076925,12.115384615384615,5.1923076923076925,3.4615384615384617,0.0,0.0,0.0,0.0,0.0,0.0,0.0,18.0,,42.857142857142854,0.0,6.200000000000001
france,Ligue 1,2025,Oussama El Azzouzi,24.0,M,Morocco,189.0,82.0,11,10,813.0,1.0,0.0,0.0,0.0,0,0,1,0.0,1,0.0,0.44280442804428044,0.11070110701107011,0.11070110701107011,0.0,0.11070110701107011,0.11070110701107011,42.730627306273064,0.9963099630996309,2.103321033210332,0.33210332103321033,1.7712177121771218,3.874538745387454,9.85239852398524,4.649446494464945,1.9926199261992619,0.6642066420664207,0.8856088560885609,0.7749077490774907,1.9926199261992619,0.11070110701107011,0.0,0.11070110701107011,37.020725388601036,25.0,47.19101123595505,33.33333333333333,6.910209102091021
france,Ligue 1,2025,Pablo Pagis,23.0,F,France,181.0,70.0,28,22,1770.0,10.0,5.0,0.0,0.0,2,0,1,0.0,0,0.1016949152542373,2.3389830508474576,0.9661016949152542,0.5084745762711864,0.2542372881355932,0.7627118644067796,0.4067796610169492,32.79661016949152,2.288135593220339,1.3728813559322035,0.1016949152542373,0.8135593220338984,2.1864406779661016,10.067796610169491,4.372881355932203,2.4406779661016946,1.1694915254237288,0.9661016949152542,1.4745762711864407,1.1694915254237288,0.05084745762711865,0.0,0.0,20.393798449612405,41.30434782608695,43.43434343434344,47.91666666666667,7.049604519774012
france,Ligue 1,2025,Pablo Rosario,28.0,M,Netherlands,188.0,73.0,1,0,27.0,0.0,0.0,0.0,0.0,0,0,0,0.0,0,0.0,6.666666666666666,3.333333333333333,0.0,0.0,0.0,0.0,53.33333333333333,3.333333333333333,3.333333333333333,0.0,0.0,3.333333333333333,16.666666666666664,10.0,10.0,6.666666666666666,0.0,0.0,0.0,0.0,0.0,0.0,15.0,50.0,60.0,66.66666666666666,6.9
france,Ligue 1,2025,Panos Katseris,24.0,D,Greece,187.0,,16,8,749.0,1.0,2.0,0.0,0.0,0,0,3,0.0,0,0.24032042723631508,0.6008010680907877,0.48064085447263016,0.12016021361815754,0.24032042723631508,0.3604806408544727,0.12016021361815754,30.280373831775698,1.2016021361815754,1.4419225634178907,0.12016021361815754,1.3217623497997328,2.7636849132176233,11.895861148197596,5.046728971962617,3.004005340453938,1.2016021361815754,1.4419225634178907,1.6822429906542056,1.5620827770360481,0.3604806408544727,0.0,0.0,22.571428571428573,80.0,42.42424242424242,40.0,6.8834224598930485
france,Ligue 1,2025,Paolo Limon,20.0,M,,,,0,0,0.0,0.0,0.0,0.0,0.0,0,0,0,0.0,0,,,,,,,,,,,,,,,,,,,,,,,,,,,,
france,Ligue 1,2025,Pape Cabral,18.0,M,,,,4,0,73.0,0.0,0.0,0.0,0.0,0,0,0,0.0,0,0.0,3.698630136986301,2.4657534246575343,0.0,0.0,0.0,0.0,64.10958904109589,0.0,2.4657534246575343,0.0,1.2328767123287672,3.698630136986301,14.794520547945204,7.397260273972602,2.4657534246575343,1.2328767123287672,2.4657534246575343,1.2328767123287672,1.2328767123287672,0.0,0.0,0.0,12.711538461538462,66.66666666666666,50.0,50.0,6.545205479452054
france,Ligue 1,2025,Pape Diop,22.0,M,Senegal,,,15,13,1185.0,1.0,2.0,0.0,0.0,0,0,2,0.0,0,0.0,1.6708860759493671,0.8354430379746836,0.0759493670886076,0.1518987341772152,0.22784810126582278,0.0759493670886076,47.77215189873417,1.4430379746835442,2.430379746835443,0.5316455696202531,2.278481012658228,4.70886075949367,9.645569620253164,4.70886075949367,0.8354430379746836,0.3037974683544304,1.5189873417721518,1.2911392405063291,1.139240506329114,0.1518987341772152,0.0,0.0,42.45468998410175,50.0,48.818897637795274,36.36363636363637,6.967932489451477
france,Ligue 1,2025,Pape Meissa Ba,28.0,F,Senegal,187.0,73.0,1,0,14.0,0.0,0.0,0.0,0.0,0,0,0,0.0,0,0.0,0.0,0.0,0.0,0.0,0.0,0.0,6.428571428571428,0.0,0.0,0.0,0.0,0.0,0.0,0.0,0.0,0.0,0.0,0.0,0.0,0.0,0.0,0.0,,,,,6.3
france,Ligue 1,2025,Pape Sy,28.0,G,Senegal,206.0,,8,8,707.0,0.0,0.0,0.0,0.0,0,0,0,0.0,0,0.0,0.0,0.0,0.0,0.0,0.0,0.0,25.96888260254597,0.0,0.1272984441301273,0.0,0.0,0.1272984441301273,0.7637906647807637,0.7637906647807637,0.0,0.0,0.0,0.5091937765205092,0.0,0.0,0.0,0.0,17.17156862745098,,100.0,,7.027439886845827
france,Ligue 1,2025,Paris Brunner,19.0,F,Germany,186.0,80.0,7,1,127.0,0.0,0.0,0.0,0.0,0,0,1,0.0,0,0.7086614173228346,1.4173228346456692,0.7086614173228346,0.0,0.0,0.0,0.0,22.677165354330707,0.0,1.4173228346456692,0.0,0.7086614173228346,2.1259842519685037,17.716535433070867,4.960629921259843,4.251968503937007,1.4173228346456692,2.1259842519685037,0.7086614173228346,5.669291338582677,0.7086614173228346,0.0,0.0,5.451612903225806,50.0,28.000000000000004,33.33333333333333,6.355555555555555
france,Ligue 1,2025,Pathé Mboup,22.0,F,Senegal,175.0,,28,9,1069.0,1.0,0.0,0.0,0.0,0,0,6,0.0,0,0.42095416276894293,1.6838166510757717,0.8419083255378859,0.08419083255378859,0.0,0.08419083255378859,0.08419083255378859,20.542563143124415,0.7577174929840974,1.6838166510757717,0.16838166510757718,0.9260991580916745,2.6099158091674464,18.858746492048645,6.819457436856875,6.314312441534144,2.694106641721235,1.431244153414406,1.5996258185219832,2.862488306828812,0.5051449953227315,0.0,0.0,11.37448559670782,50.0,36.160714285714285,42.66666666666667,6.517338331771321
france,Ligue 1,2025,Patrik Carlgren,34.0,G,Sweden,188.0,84.0,3,2,188.0,0.0,0.0,0.0,0.0,0,0,0,0.0,0,0.0,0.0,0.0,0.0,0.0,0.0,0.0,29.20212765957447,0.0,0.0,0.0,0.0,0.0,0.9574468085106382,0.9574468085106382,0.0,0.0,0.0,0.4787234042553191,0.0,0.0,0.0,0.0,13.21311475409836,,100.0,,7.958510638297873
france,Ligue 1,2025,Paul Argney,19.0,G,France,186.0,75.0,1,1,90.0,0.0,0.0,0.0,0.0,0,0,0,0.0,0,0.0,0.0,0.0,0.0,0.0,0.0,0.0,30.0,0.0,0.0,0.0,0.0,0.0,0.0,0.0,0.0,0.0,0.0,0.0,0.0,0.0,0.0,0.0,24.0,,,,6.6
france,Ligue 1,2025,Paul Pogba,32.0,M,France,191.0,84.0,6,1,133.0,0.0,0.0,0.0,0.0,0,0,0,0.0,0,0.0,0.6766917293233082,0.0,0.0,0.0,0.0,0.0,71.72932330827068,0.0,2.706766917293233,0.0,0.6766917293233082,3.3834586466165413,10.150375939849624,6.7669172932330826,0.6766917293233082,0.0,0.0,0.6766917293233082,1.3533834586466165,0.0,0.0,0.0,24.20754716981132,0.0,66.66666666666666,0.0,6.727067669172932
france,Ligue 1,2025,Pavel Šulc,25.0,M,Czechia,177.0,76.0,27,17,1568.0,11.0,3.0,0.0,0.0,0,0,3,0.0,0,0.3443877551020408,1.7793367346938775,1.0331632653061225,0.6313775510204082,0.1721938775510204,0.8035714285714285,0.6313775510204082,21.81122448979592,1.2627551020408163,1.3775510204081631,0.0,0.40178571428571425,1.7793367346938775,10.963010204081632,4.017857142857143,1.8367346938775508,0.860969387755102,1.0331632653061225,0.860969387755102,1.607142857142857,0.1721938775510204,0.0,0.0,16.04736842105263,58.06451612903226,36.64921465968586,46.875,7.074201787994892
france,Ligue 1,2025,Philipp Köhn,27.0,G,Switzerland,190.0,80.0,19,17,1619.0,0.0,0.0,0.0,0.0,0,0,1,0.0,0,0.0,0.0,0.0,0.0,0.0,0.0,0.0,25.793699814700435,0.0,0.0,0.0,0.055589870290302656,0.055589870290302656,0.6114885731933293,0.5558987029030266,0.0,0.0,0.0,0.16676961087090797,0.0,0.055589870290302656,0.0,0.0,20.23491379310345,,90.9090909090909,,6.935948116121062
france,Ligue 1,2025,Pierre Lees Melou,32.0,M,France,185.0,69.0,24,22,1966.0,1.0,3.0,0.0,2.0,0,0,7,0.0,1,0.0,0.9155645981688708,0.2746693794506612,0.04577822990844354,0.1373346897253306,0.18311291963377416,0.04577822990844354,46.64801627670397,0.8697863682604272,2.97558494404883,0.3662258392675483,1.0528992878942014,4.028484231943032,9.796541200406917,5.264496439471007,1.0528992878942014,0.4577822990844354,1.7395727365208544,1.3275686673448626,1.3733468972533063,0.32044760935910477,0.0,0.04577822990844354,38.414131501472035,30.0,53.73831775700935,43.47826086956522,6.964292980671414
france,Ligue 1,2025,Pierre Mounguengue,17.0,F,,,,1,0,15.0,0.0,0.0,0.0,0.0,0,0,0,0.0,0,0.0,6.0,6.0,0.0,0.0,0.0,0.0,24.0,0.0,0.0,0.0,0.0,0.0,0.0,0.0,0.0,0.0,0.0,0.0,0.0,0.0,0.0,0.0,2.0,100.0,,,5.6
france,Ligue 1,2025,Pierre-Emerick Aubameyang,36.0,F,Gabon,187.0,80.0,30,23,2046.0,10.0,5.0,1.0,0.0,0,0,1,0.0,0,0.3958944281524927,2.3313782991202348,1.4956011730205279,0.4398826979472141,0.21994134897360704,0.6598240469208212,0.4398826979472141,19.486803519061585,1.1436950146627567,0.3519061583577713,0.0,0.21994134897360704,0.5718475073313783,5.322580645161291,2.1114369501466275,0.8797653958944281,0.4838709677419355,0.4398826979472141,0.7038123167155426,0.8357771260997068,0.04398826979472141,0.0,0.0,14.483069977426636,64.15094339622641,39.66942148760331,55.00000000000001,6.991544477028349
france,Ligue 1,2025,Pierre-Emile Højbjerg,30.0,M,Denmark,185.0,84.0,32,30,2715.0,4.0,5.0,0.0,0.0,0,0,4,0.0,0,0.0,1.160220994475138,0.46408839779005523,0.13259668508287292,0.16574585635359115,0.2983425414364641,0.13259668508287292,73.92265193370166,1.3922651933701657,1.259668508287293,0.1988950276243094,0.8950276243093922,2.154696132596685,8.287292817679559,4.30939226519337,1.0276243093922652,0.56353591160221,0.9613259668508287,1.4917127071823204,1.259668508287293,0.13259668508287292,0.0,0.0,69.83452914798207,40.0,52.0,54.83870967741935,7.229355432780848
france,Ligue 1,2025,Pierre-Yves Hamel,31.0,F,France,189.0,76.0,2,1,79.0,0.0,0.0,0.0,0.0,0,0,0,0.0,0,0.0,0.0,0.0,0.0,0.0,0.0,0.0,10.253164556962025,0.0,0.0,1.139240506329114,1.139240506329114,1.139240506329114,9.113924050632912,2.278481012658228,0.0,0.0,1.139240506329114,0.0,2.278481012658228,0.0,0.0,0.0,6.0,,25.0,,6.21012658227848
france,Ligue 1,2025,Pierrick Capelle,38.0,M,France,181.0,73.0,16,6,660.0,0.0,1.0,0.0,0.0,0,0,2,0.0,0,0.0,0.8181818181818181,0.13636363636363635,0.0,0.13636363636363635,0.13636363636363635,0.0,30.818181818181817,0.8181818181818181,2.590909090909091,0.13636363636363635,0.9545454545454546,3.545454545454545,12.272727272727272,5.045454545454546,0.6818181818181819,0.40909090909090906,2.0454545454545454,1.5,2.0454545454545454,0.2727272727272727,0.0,0.0,17.075221238938052,16.666666666666664,41.11111111111111,60.0,6.514112291350531
france,Ligue 1,2025,Pladi N'Zinga Pambani,18.0,D,,,,0,0,0.0,0.0,0.0,0.0,0.0,0,0,0,0.0,0,,,,,,,,,,,,,,,,,,,,,,,,,,,,
france,Ligue 1,2025,Pol Lirola,28.0,D,Spain,183.0,70.0,3,0,42.0,0.0,0.0,0.0,0.0,0,0,0,0.0,0,0.0,0.0,0.0,0.0,0.0,0.0,0.0,25.71428571428571,2.142857142857143,0.0,0.0,2.142857142857143,2.142857142857143,25.71428571428571,10.714285714285714,4.285714285714286,0.0,0.0,4.285714285714286,2.142857142857143,0.0,0.0,0.0,3.9166666666666665,,41.66666666666667,0.0,6.342857142857143
france,Ligue 1,2025,Prosper Peter,18.0,F,France,,,29,14,1273.0,5.0,0.0,1.0,0.0,0,0,0,0.0,0,1.0604870384917517,1.4139827179890023,0.9897879025923016,0.3534956794972506,0.0,0.3534956794972506,0.3534956794972506,13.857030636292222,0.7776904948939513,0.4948939512961508,0.0,0.2827965435978005,0.7776904948939513,14.705420267085625,5.585231736056559,2.8279654359780046,0.42419481539670073,0.07069913589945012,2.1209740769835035,2.1209740769835035,0.0,0.0,0.0,7.925925925925926,70.0,37.980769230769226,15.0,6.5153181461115475
france,Ligue 1,2025,Przemysław Frankowski,30.0,M,Poland,175.0,70.0,19,15,1215.0,1.0,2.0,0.0,1.0,0,0,5,0.0,0,0.07407407407407407,0.4444444444444444,0.2222222222222222,0.07407407407407407,0.14814814814814814,0.2222222222222222,0.07407407407407407,48.2962962962963,2.2962962962962963,2.9629629629629632,0.07407407407407407,0.5925925925925926,3.5555555555555554,7.777777777777778,4.518518518518518,0.5185185185185186,0.2962962962962963,1.3333333333333335,0.7407407407407408,0.962962962962963,0.3703703703703704,0.0,0.0,35.49693251533742,50.0,58.0952380952381,57.14285714285714,7.048352553542011
france,Ligue 1,2025,Quentin Beunardeau,31.0,G,France,185.0,81.0,0,0,0.0,0.0,0.0,0.0,0.0,0,0,0,0.0,0,,,,,,,,,,,,,,,,,,,,,,,,,,,,
france,Ligue 1,2025,Quentin Braat,28.0,G,France,194.0,90.0,2,2,180.0,0.0,0.0,0.0,0.0,0,0,0,0.0,0,0.0,0.0,0.0,0.0,0.0,0.0,0.0,24.0,0.0,0.0,0.0,0.0,0.0,0.0,0.0,0.0,0.0,0.0,0.0,0.0,0.0,0.0,0.0,16.541666666666668,,,,8.0
france,Ligue 1,2025,Quentin Merlin,23.0,D,France,174.0,68.0,33,27,2532.0,1.0,5.0,0.0,0.0,0,0,2,0.0,0,0.1777251184834123,0.49763033175355453,0.24881516587677727,0.035545023696682464,0.1777251184834123,0.2132701421800948,0.035545023696682464,47.985781990521325,1.6706161137440756,1.9905213270142181,0.4265402843601896,1.2440758293838863,3.234597156398104,7.748815165876778,4.052132701421801,1.1374407582938388,0.5687203791469194,0.9952606635071091,1.066350710900474,0.7819905213270142,0.07109004739336493,0.0,0.0,36.20962962962963,50.0,52.293577981651374,50.0,6.9553317535545025
france,Ligue 1,2025,Quentin Ndjantou,18.0,F,France,,,10,3,354.0,1.0,1.0,0.0,0.0,0,0,1,0.0,0,0.0,1.7796610169491527,0.7627118644067796,0.2542372881355932,0.2542372881355932,0.5084745762711864,0.2542372881355932,50.33898305084745,1.271186440677966,0.5084745762711864,0.2542372881355932,0.5084745762711864,1.0169491525423728,8.135593220338983,2.542372881355932,2.542372881355932,1.5254237288135593,1.0169491525423728,0.5084745762711864,1.7796610169491527,0.2542372881355932,0.0,0.0,21.858585858585858,42.857142857142854,31.25,60.0,6.6316384180790955
france,Ligue 1,2025,Quinten Timber,24.0,M,Netherlands,179.0,71.0,15,14,1111.0,0.0,0.0,0.0,0.0,0,0,5,0.0,0,0.081008100810081,0.5670567056705671,0.162016201620162,0.0,0.0,0.0,0.0,39.28892889288929,0.7290729072907292,2.511251125112511,0.0,0.648064806480648,3.159315931593159,10.693069306930692,5.58955895589559,2.673267326732673,1.296129612961296,1.053105310531053,1.6201620162016201,1.053105310531053,0.40504050405040504,0.0,0.0,32.6020618556701,28.57142857142857,52.27272727272727,48.484848484848484,6.686318631863187
france,Ligue 1,2025,Rabby Nzingoula,20.0,M,France,183.0,73.0,4,0,62.0,0.0,0.0,0.0,0.0,0,0,0,0.0,1,0.0,0.0,0.0,0.0,0.0,0.0,0.0,29.032258064516128,1.4516129032258065,2.903225806451613,0.0,1.4516129032258065,4.354838709677419,18.870967741935484,7.258064516129032,4.354838709677419,1.4516129032258065,1.4516129032258065,2.903225806451613,4.354838709677419,0.0,0.0,1.4516129032258065,9.4,,38.46153846153847,33.33333333333333,6.35
france,Ligue 1,2025,Rachid Ghezzal,33.0,F,Algeria,182.0,70.0,10,2,219.0,0.0,0.0,0.0,0.0,0,0,0,0.0,0,0.410958904109589,0.410958904109589,0.410958904109589,0.0,0.0,0.0,0.0,43.97260273972603,0.410958904109589,2.8767123287671232,0.0,0.410958904109589,3.287671232876712,13.561643835616438,5.342465753424658,0.821917808219178,0.410958904109589,1.2328767123287672,0.821917808219178,3.698630136986301,0.0,0.0,0.0,12.373831775700934,100.0,39.39393939393939,50.0,6.343778801843317
france,Ligue 1,2025,Radosław Majecki,26.0,G,Poland,193.0,78.0,10,10,865.0,0.0,0.0,0.0,1.0,0,0,0,0.0,1,0.0,0.0,0.0,0.0,0.0,0.0,0.0,31.00578034682081,0.0,0.0,0.0,0.0,0.0,0.5202312138728323,0.31213872832369943,0.0,0.0,0.10404624277456648,0.10404624277456648,0.10404624277456648,0.0,0.0,0.10404624277456648,21.63422818791946,,60.0,,6.695375722543353
france,Ligue 1,2025,Rafael Luis,20.0,M,Portugal,188.0,83.0,12,6,585.0,0.0,1.0,0.0,0.0,0,0,0,0.0,0,0.0,0.46153846153846156,0.46153846153846156,0.0,0.15384615384615385,0.15384615384615385,0.0,59.23076923076923,0.9230769230769231,2.769230769230769,0.0,0.6153846153846154,3.3846153846153846,8.615384615384617,3.8461538461538463,1.8461538461538463,0.6153846153846154,1.6923076923076923,0.3076923076923077,1.076923076923077,0.0,0.0,0.0,39.202597402597405,100.0,44.642857142857146,33.33333333333333,6.543493150684932
france,Ligue 1,2025,Rafik Messali,22.0,M,Algeria,177.0,74.0,12,5,500.0,0.0,0.0,0.0,0.0,0,0,2,0.0,0,0.0,0.0,0.0,0.0,0.0,0.0,0.0,31.86,0.54,1.8,0.36,2.16,3.96,10.08,5.220000000000001,1.98,0.72,0.36,1.6199999999999999,1.98,0.36,0.0,0.0,18.69942196531792,,51.78571428571429,36.36363636363637,6.8182
france,Ligue 1,2025,Raphael Lipinski,23.0,D,France,181.0,79.0,2,2,180.0,0.0,0.0,0.0,0.0,0,0,0,0.0,0,0.0,0.0,0.0,0.0,0.0,0.0,0.0,37.0,1.0,2.5,0.0,1.5,4.0,6.0,5.0,1.5,1.5,0.0,1.0,1.0,0.0,0.0,0.0,26.54054054054054,,83.33333333333334,100.0,6.75
france,Ligue 1,2025,Raphaël Le Guen,19.0,D,France,196.0,83.0,6,4,380.0,0.0,0.0,0.0,0.0,0,0,0,0.0,0,0.0,0.7105263157894737,0.23684210526315788,0.0,0.0,0.0,0.0,42.15789473684211,0.0,1.4210526315789473,1.4210526315789473,2.6052631578947367,4.026315789473684,6.63157894736842,4.5,0.23684210526315788,0.23684210526315788,0.47368421052631576,0.0,0.9473684210526315,0.0,0.0,0.0,40.02247191011236,33.33333333333333,67.85714285714286,100.0,6.709736842105262
france,Ligue 1,2025,Rasmus Nicolaisen,28.0,D,Denmark,191.0,81.0,32,30,2568.0,1.0,0.0,0.0,1.0,0,0,4,0.0,0,0.035046728971962614,0.455607476635514,0.17523364485981308,0.035046728971962614,0.0,0.035046728971962614,0.035046728971962614,42.58177570093458,0.07009345794392523,0.8761682242990654,0.7359813084112149,1.5070093457943923,2.383177570093458,6.83411214953271,4.275700934579439,0.10514018691588785,0.10514018691588785,0.4205607476635514,0.7359813084112149,0.9813084112149533,0.14018691588785046,0.0,0.0,41.1917695473251,38.46153846153847,62.56410256410256,100.0,6.780957943925234
france,Ligue 1,2025,Rassoul Ndiaye,24.0,M,Senegal,179.0,70.0,33,30,2573.0,4.0,4.0,0.0,0.0,0,0,2,0.0,0,0.2098717450446949,0.7695297318305481,0.31480761756704234,0.13991449669646328,0.13991449669646328,0.27982899339292655,0.13991449669646328,30.186552662261953,1.0143801010493587,2.3785464438398756,0.06995724834823164,0.5596579867858531,2.9382044306257287,9.164399533618344,4.966964632724446,1.3991449669646328,0.7695297318305481,1.3291877186164012,1.2942090944422853,0.7695297318305481,0.06995724834823164,0.0,0.0,25.013904982618772,40.909090909090914,54.19847328244275,55.00000000000001,7.050913330742324
france,Ligue 1,2025,Rayan Fofana,19.0,F,France,182.0,74.0,25,7,814.0,5.0,0.0,1.0,0.0,0,0,0,0.0,0,0.773955773955774,3.095823095823096,1.3267813267813269,0.5528255528255528,0.0,0.5528255528255528,0.5528255528255528,16.03194103194103,0.5528255528255528,1.2162162162162162,0.22113022113022113,0.22113022113022113,1.4373464373464373,16.03194103194103,7.96068796068796,3.2063882063882065,1.4373464373464373,0.44226044226044225,3.759213759213759,1.6584766584766584,0.0,0.0,0.0,6.708333333333333,42.857142857142854,49.6551724137931,44.827586206896555,6.837714987714988
france,Ligue 1,2025,Reda Khadra,24.0,M,Germany,180.0,72.0,8,1,223.0,0.0,0.0,0.0,0.0,0,0,0,0.0,0,0.0,1.6143497757847534,1.2107623318385652,0.0,0.0,0.0,0.0,22.19730941704036,2.8251121076233185,2.8251121076233185,0.0,0.0,2.8251121076233185,13.721973094170403,6.053811659192825,5.246636771300449,2.0179372197309418,1.2107623318385652,0.40358744394618834,1.6143497757847534,0.0,0.0,0.0,6.872727272727273,75.0,44.11764705882353,38.46153846153847,6.785201793721972
france,Ligue 1,2025,Remy Labeau Lascary,22.0,F,France,184.0,72.0,27,12,1195.0,5.0,1.0,0.0,0.0,0,0,2,0.0,0,0.6778242677824268,1.9581589958158994,1.205020920502092,0.37656903765690375,0.07531380753138076,0.45188284518828453,0.37656903765690375,17.02092050209205,0.9790794979079497,1.205020920502092,0.1506276150627615,0.45188284518828453,1.6569037656903767,13.481171548117153,4.895397489539749,3.8410041841004183,1.506276150627615,1.205020920502092,1.3556485355648535,2.1841004184100417,0.1506276150627615,0.0,0.0,9.896860986547086,61.53846153846154,36.312849162011176,39.21568627450981,6.742761506276151
france,Ligue 1,2025,Renato Marin,19.0,G,Italy,190.0,78.0,2,2,180.0,0.0,0.0,0.0,0.0,0,0,0,0.0,0,0.0,0.0,0.0,0.0,0.0,0.0,0.0,18.5,0.0,0.0,0.0,0.0,0.0,0.5,0.5,0.0,0.0,0.0,0.5,0.0,0.0,0.0,0.0,15.0,,100.0,,7.25
france,Ligue 1,2025,Robin Risser,21.0,G,France,192.0,83.0,33,33,2970.0,0.0,1.0,0.0,0.0,0,0,2,0.0,0,0.0,0.0,0.0,0.0,0.030303030303030304,0.030303030303030304,0.0,26.333333333333332,0.06060606060606061,0.0,0.0,0.0,0.0,0.30303030303030304,0.24242424242424243,0.0,0.0,0.06060606060606061,0.15151515151515152,0.0,0.06060606060606061,0.0,0.0,21.743383199079403,,80.0,,7.078787878787879
france,Ligue 1,2025,Robinio Vaz,18.0,F,France,185.0,75.0,14,3,393.0,4.0,2.0,1.0,0.0,0,0,1,0.0,0,0.6870229007633587,1.8320610687022902,1.3740458015267174,0.9160305343511451,0.45801526717557256,1.3740458015267174,0.9160305343511451,16.03053435114504,1.3740458015267174,1.1450381679389312,0.0,0.45801526717557256,1.6030534351145038,11.450381679389313,4.580152671755725,0.6870229007633587,0.22900763358778628,1.1450381679389312,2.0610687022900764,1.8320610687022902,0.22900763358778628,0.0,0.0,6.82089552238806,75.0,40.0,33.33333333333333,6.737755102040816
france,Ligue 1,2025,Romain Del Castillo,29.0,M,France,172.0,60.0,32,32,2643.0,9.0,3.0,0.0,0.0,6,2,2,0.0,1,0.170261066969353,0.8853575482406356,0.4426787741203178,0.3064699205448354,0.1021566401816118,0.4086265607264472,0.1021566401816118,34.937570942111236,1.9409761634506242,2.0090805902383657,0.0340522133938706,1.0215664018161181,3.0306469920544834,11.986379114642451,5.4824063564131675,2.9284903518728713,0.9875141884222475,1.293984108967083,1.4642451759364357,0.9534619750283768,0.0681044267877412,0.0,0.0340522133938706,25.32943469785575,50.0,45.73863636363637,33.72093023255814,6.895913734392736
france,Ligue 1,2025,Romain Faivre,27.0,M,France,180.0,75.0,10,7,587.0,0.0,2.0,0.0,0.0,0,0,0,0.0,0,0.30664395229982966,1.2265758091993186,0.45996592844974443,0.0,0.30664395229982966,0.30664395229982966,0.0,27.29131175468484,1.533219761499148,1.0732538330494037,0.15332197614991483,0.766609880749574,1.8398637137989777,8.2793867120954,5.059625212947189,3.373083475298126,1.8398637137989777,0.45996592844974443,1.686541737649063,0.766609880749574,0.0,0.0,0.0,19.39325842696629,37.5,61.111111111111114,54.54545454545454,6.851107325383305
france,Ligue 1,2025,Romain Jean-Baptiste,19.0,G,,,,0,0,0.0,0.0,0.0,0.0,0.0,0,0,0,0.0,0,,,,,,,,,,,,,,,,,,,,,,,,,,,,
france,Ligue 1,2025,Romain Perraud,28.0,D,France,173.0,68.0,30,27,2253.0,3.0,4.0,1.0,0.0,0,0,4,0.0,1,0.07989347536617843,0.8788282290279628,0.4793608521970706,0.11984021304926765,0.15978695073235685,0.2796271637816245,0.11984021304926765,44.86018641810919,1.4780292942743007,1.7576564580559255,0.2396804260985353,0.918774966711052,2.6764314247669776,9.14780292942743,4.833555259653795,1.3581890812250332,0.559254327563249,0.7989347536617843,1.7576564580559255,0.8388814913448736,0.15978695073235685,0.0,0.03994673768308921,40.66696349065005,54.54545454545454,52.838427947598255,41.17647058823529,6.942654238792721
france,Ligue 1,2025,Roman Yaremchuk,30.0,F,Ukraine,191.0,79.0,11,5,561.0,4.0,1.0,0.0,0.0,0,0,1,0.0,0,0.8021390374331551,1.9251336898395721,0.9625668449197861,0.6417112299465241,0.16042780748663102,0.8021390374331551,0.6417112299465241,16.524064171122994,0.9625668449197861,0.6417112299465241,0.0,0.0,0.6417112299465241,8.502673796791443,3.5294117647058822,1.6042780748663101,0.32085561497326204,0.32085561497326204,0.6417112299465241,1.1229946524064172,0.16042780748663102,0.0,0.0,8.572815533980583,50.0,41.509433962264154,20.0,6.929946524064171
france,Ligue 1,2025,Ruben Aguilar,32.0,M,France,172.0,70.0,26,20,1736.0,2.0,2.0,0.0,0.0,0,0,6,0.0,1,0.25921658986175117,0.5184331797235023,0.1555299539170507,0.10368663594470046,0.10368663594470046,0.2073732718894009,0.10368663594470046,44.7926267281106,1.3479262672811059,1.9700460829493087,0.5702764976958525,1.4516129032258065,3.421658986175115,6.84331797235023,3.7845622119815667,0.7258064516129032,0.3629032258064516,0.7258064516129032,0.6221198156682028,1.3479262672811059,0.3110599078341014,0.0,0.05184331797235023,34.298611111111114,30.0,55.3030303030303,50.0,7.041647465437787
france,Ligue 1,2025,Ruben Kluivert,24.0,D,Netherlands,187.0,70.0,16,9,805.0,1.0,2.0,0.0,0.0,0,0,4,0.0,0,0.0,0.2236024844720497,0.11180124223602485,0.11180124223602485,0.2236024844720497,0.3354037267080745,0.11180124223602485,46.173913043478265,0.2236024844720497,1.9006211180124224,0.4472049689440994,1.0062111801242237,2.906832298136646,8.04968944099379,4.807453416149069,0.4472049689440994,0.3354037267080745,0.4472049689440994,0.4472049689440994,1.1180124223602483,0.4472049689440994,0.0,0.0,42.7,50.0,59.72222222222222,75.0,6.571268656716418
france,Ligue 1,2025,Rudy Matondo,17.0,M,France,180.0,,27,14,1359.0,2.0,0.0,0.0,0.0,0,0,4,0.0,1,0.06622516556291391,0.46357615894039733,0.33112582781456956,0.13245033112582782,0.0,0.13245033112582782,0.13245033112582782,33.3112582781457,0.33112582781456956,1.8543046357615893,0.1986754966887417,0.728476821192053,2.5827814569536423,9.867549668874172,4.768211920529802,1.390728476821192,0.9271523178807947,0.8609271523178809,1.5231788079470199,1.7880794701986755,0.26490066225165565,0.0,0.06622516556291391,21.31610337972167,71.42857142857143,48.322147651006716,66.66666666666666,6.754384672070745
france,Ligue 1,2025,Ryad Hachem,27.0,M,France,172.0,75.0,1,1,76.0,0.0,0.0,0.0,0.0,0,0,0,0.0,0,0.0,2.3684210526315788,0.0,0.0,0.0,0.0,0.0,39.078947368421055,0.0,3.552631578947368,0.0,0.0,3.552631578947368,9.473684210526315,7.105263157894736,1.1842105263157894,1.1842105263157894,0.0,1.1842105263157894,2.3684210526315788,0.0,0.0,0.0,29.0,0.0,75.0,100.0,6.8999999999999995
france,Ligue 1,2025,Ryan Ponti,27.0,D,France,185.0,74.0,2,1,91.0,0.0,0.0,0.0,0.0,0,0,0,0.0,0,0.0,0.0,0.0,0.0,0.0,0.0,0.0,24.725274725274726,0.989010989010989,0.989010989010989,0.0,0.0,0.989010989010989,4.945054945054945,0.989010989010989,0.0,0.0,0.989010989010989,0.0,0.989010989010989,0.0,0.0,0.0,12.4,,20.0,,6.458241758241758
france,Ligue 1,2025,Ryan Rodin,19.0,F,France,,,3,0,34.0,0.0,0.0,0.0,0.0,0,0,0,0.0,0,0.0,0.0,0.0,0.0,0.0,0.0,0.0,10.588235294117647,0.0,0.0,0.0,0.0,0.0,7.9411764705882355,0.0,0.0,0.0,0.0,0.0,0.0,0.0,0.0,0.0,2.5,,0.0,,6.258823529411764
france,Ligue 1,2025,Régis Gurtner,39.0,G,France,182.0,82.0,0,0,0.0,0.0,0.0,0.0,0.0,0,0,0,0.0,0,,,,,,,,,,,,,,,,,,,,,,,,,,,,
france,Ligue 1,2025,Rémi Himbert,17.0,F,France,,,6,1,139.0,1.0,0.0,0.0,0.0,0,0,0,0.0,0,0.0,4.532374100719425,0.6474820143884893,0.6474820143884893,0.0,0.6474820143884893,0.6474820143884893,14.892086330935252,0.0,1.9424460431654678,0.0,0.0,1.9424460431654678,19.424460431654676,9.06474820143885,5.179856115107914,2.589928057553957,0.0,2.589928057553957,1.2949640287769786,0.0,0.0,0.0,6.105263157894737,14.285714285714285,46.666666666666664,50.0,6.596350364963504
france,Ligue 1,2025,Rémy Cabella,35.0,M,France,171.0,68.0,11,6,574.0,2.0,0.0,0.0,0.0,1,0,1,0.0,0,0.313588850174216,1.0975609756097562,0.7839721254355401,0.313588850174216,0.0,0.313588850174216,0.156794425087108,56.7595818815331,2.508710801393728,2.508710801393728,0.0,0.9407665505226481,3.449477351916376,10.97560975609756,5.644599303135888,1.411149825783972,0.627177700348432,1.0975609756097562,1.724738675958188,1.0975609756097562,0.156794425087108,0.0,0.0,40.76243093922652,71.42857142857143,51.42857142857142,44.44444444444444,7.193902439024391
france,Ligue 1,2025,Rémy Descamps,29.0,G,France,194.0,74.0,5,5,450.0,0.0,0.0,0.0,0.0,0,0,0,0.0,0,0.0,0.0,0.0,0.0,0.0,0.0,0.0,27.0,0.0,0.0,0.0,0.0,0.0,0.4,0.2,0.2,0.2,0.2,0.0,0.0,0.0,0.0,0.0,20.62962962962963,,50.0,100.0,7.64
france,Ligue 1,2025,Rémy Riou,38.0,G,France,191.0,81.0,0,0,0.0,0.0,0.0,0.0,0.0,0,0,0,0.0,0,,,,,,,,,,,,,,,,,,,,,,,,,,,,
france,Ligue 1,2025,Saad Agouzoul,28.0,D,Morocco,191.0,75.0,0,0,0.0,0.0,0.0,0.0,0.0,0,0,0,0.0,0,,,,,,,,,,,,,,,,,,,,,,,,,,,,
france,Ligue 1,2025,Saad Boussadia,17.0,M,,,,0,0,0.0,0.0,0.0,0.0,0.0,0,0,0,0.0,0,,,,,,,,,,,,,,,,,,,,,,,,,,,,
france,Ligue 1,2025,Sacha Ziani,22.0,M,,,,0,0,0.0,0.0,0.0,0.0,0.0,0,0,0,0.0,0,,,,,,,,,,,,,,,,,,,,,,,,,,,,
france,Ligue 1,2025,Sadibou Sané,21.0,D,Senegal,185.0,76.0,23,22,1943.0,2.0,1.0,0.0,2.0,0,0,5,0.0,2,0.0,0.18528049408131755,0.09264024704065878,0.09264024704065878,0.04632012352032939,0.13896037056098817,0.09264024704065878,66.56201749871333,0.13896037056098817,2.130725681935152,1.1116829644879054,1.7601646937725168,3.8908903757076687,7.364899639732373,4.4467318579516215,0.27792074112197634,0.13896037056098817,0.7411219763252702,0.6948018528049408,1.0190427174472465,0.23160061760164694,0.0,0.09264024704065878,63.150313152400834,50.0,60.37735849056604,50.0,7.021976325270201
france,Ligue 1,2025,Salis Abdul Samed,25.0,M,Ghana,179.0,69.0,19,12,933.0,0.0,0.0,0.0,0.0,0,0,3,0.0,0,0.0,0.09646302250803858,0.0,0.0,0.0,0.0,0.0,42.636655948553056,0.09646302250803858,1.0610932475884245,0.09646302250803858,0.9646302250803859,2.0257234726688105,7.620578778135049,2.797427652733119,0.7717041800643086,0.19292604501607716,0.6752411575562701,0.9646302250803859,1.832797427652733,0.28938906752411575,0.0,0.0,30.800904977375566,0.0,36.708860759493675,25.0,6.502036441586281
france,Ligue 1,2025,Samba Coulibaly,18.0,D,,,,0,0,0.0,0.0,0.0,0.0,0.0,0,0,0,0.0,0,,,,,,,,,,,,,,,,,,,,,,,,,,,,
france,Ligue 1,2025,Sambou Soumano,24.0,F,Senegal,182.0,69.0,31,8,927.0,4.0,2.0,0.0,0.0,0,1,2,0.0,0,0.9708737864077671,1.8446601941747574,0.9708737864077671,0.38834951456310673,0.19417475728155337,0.5825242718446603,0.38834951456310673,17.475728155339805,0.9708737864077671,0.48543689320388356,0.0,0.38834951456310673,0.8737864077669902,14.466019417475728,5.436893203883495,1.3592233009708738,0.48543689320388356,0.09708737864077668,1.7475728155339805,1.553398058252427,0.19417475728155337,0.0,0.0,6.442528735632184,52.63157894736842,37.58389261744966,35.714285714285715,6.679697624190064
france,Ligue 1,2025,Samir El Mourabet,20.0,M,France,168.0,58.0,33,25,2141.0,1.0,2.0,1.0,0.0,0,0,4,0.0,0,0.12610929472209248,0.25221858944418496,0.04203643157403082,0.04203643157403082,0.08407286314806164,0.12610929472209248,0.04203643157403082,60.49042503503036,1.177020084072863,3.3208780943484357,0.5464736104624007,1.0509107893507705,4.371788883699206,9.290051377860813,5.548808967772069,1.219056515646894,0.7566557683325549,0.7986921999065858,1.0929472209248015,0.966837926202709,0.1681457262961233,0.0,0.0,49.50660180681029,16.666666666666664,59.72850678733032,62.06896551724138,7.034002802428772
france,Ligue 1,2025,Samir Sophian Chergui,26.0,D,France,185.0,78.0,15,13,1155.0,1.0,0.0,0.0,0.0,0,0,1,0.0,0,0.07792207792207792,0.5454545454545454,0.3116883116883117,0.07792207792207792,0.0,0.07792207792207792,0.07792207792207792,43.714285714285715,0.15584415584415584,1.4025974025974026,0.4675324675324675,0.8571428571428572,2.25974025974026,6.545454545454545,3.5064935064935066,0.38961038961038963,0.23376623376623376,0.15584415584415584,0.3116883116883117,1.0909090909090908,0.07792207792207792,0.0,0.0,41.987522281639926,57.14285714285714,53.57142857142857,60.0,6.494107452339688
france,Ligue 1,2025,Samson Baidoo,21.0,D,Austria,190.0,86.0,23,20,1832.0,2.0,1.0,0.0,0.0,0,0,2,0.0,0,0.04912663755458515,0.638646288209607,0.1965065502183406,0.0982532751091703,0.04912663755458515,0.14737991266375544,0.0982532751091703,51.97598253275109,0.1965065502183406,1.6703056768558953,1.2281659388646289,1.1299126637554584,2.800218340611354,8.302401746724891,4.421397379912664,0.34388646288209607,0.34388646288209607,0.7368995633187773,0.24563318777292575,0.9334061135371179,0.0982532751091703,0.0,0.0,51.13799621928166,30.76923076923077,53.25443786982249,100.0,7.276637554585152
france,Ligue 1,2025,Samuel Amo-Ameyaw,19.0,F,England,174.0,64.0,25,9,1050.0,2.0,2.0,0.0,1.0,0,0,2,0.0,0,0.17142857142857143,0.9428571428571428,0.4285714285714286,0.17142857142857143,0.17142857142857143,0.34285714285714286,0.17142857142857143,35.48571428571429,1.1142857142857143,1.8,0.0,0.2571428571428571,2.057142857142857,12.77142857142857,6.428571428571428,4.714285714285714,2.4000000000000004,1.1142857142857143,2.2285714285714286,1.2857142857142856,0.17142857142857143,0.0,0.0,22.59903381642512,45.45454545454545,50.33557046979866,50.90909090909091,6.863679694947569
france,Ligue 1,2025,Samuel Nibombe,18.0,M,Belgium,198.0,83.0,1,0,1.0,0.0,0.0,0.0,0.0,0,0,0,0.0,0,0.0,0.0,0.0,0.0,0.0,0.0,0.0,0.0,0.0,0.0,0.0,0.0,0.0,0.0,0.0,0.0,0.0,0.0,0.0,0.0,0.0,0.0,0.0,,,,,
france,Ligue 1,2025,Samy Benchama,25.0,M,France,187.0,67.0,2,0,12.0,0.0,0.0,0.0,0.0,0,0,1,0.0,0,0.0,7.5,0.0,0.0,0.0,0.0,0.0,30.0,0.0,0.0,0.0,0.0,0.0,15.0,7.5,0.0,0.0,0.0,0.0,7.5,7.5,0.0,0.0,1.5,0.0,50.0,,7.0
france,Ligue 1,2025,Santiago Hidalgo,20.0,F,Argentina,174.0,71.0,28,14,1311.0,4.0,6.0,0.0,0.0,0,0,4,0.0,0,0.5491990846681922,1.6475972540045767,0.8237986270022883,0.2745995423340961,0.41189931350114417,0.6864988558352403,0.2745995423340961,19.4279176201373,0.8237986270022883,2.608695652173913,0.06864988558352403,0.41189931350114417,3.0205949656750573,17.4370709382151,6.384439359267734,2.883295194508009,0.7551487414187643,1.3729977116704806,2.059496567505721,2.8146453089244856,0.2745995423340961,0.0,0.0,11.347517730496454,50.0,36.61417322834646,26.190476190476193,6.766819221967963
france,Ligue 1,2025,Saud Abdulhamid,26.0,D,Saudi Arabia,171.0,71.0,25,14,1356.0,2.0,4.0,1.0,1.0,0,0,4,0.0,1,0.0663716814159292,0.39823008849557523,0.19911504424778761,0.1327433628318584,0.2654867256637168,0.39823008849557523,0.1327433628318584,39.95575221238938,1.592920353982301,2.256637168141593,0.1327433628318584,0.7300884955752213,2.9867256637168142,8.495575221238937,3.9159292035398234,0.995575221238938,0.2654867256637168,0.9292035398230089,0.9292035398230089,1.7256637168141593,0.2654867256637168,0.0,0.0663716814159292,30.677740863787374,50.0,46.09375,26.666666666666668,7.05117994100295
france,Ligue 1,2025,Saël Kumbedi,20.0,D,France,175.0,67.0,1,1,66.0,0.0,0.0,0.0,0.0,0,0,1,0.0,0,0.0,1.3636363636363638,0.0,0.0,0.0,0.0,0.0,17.727272727272727,0.0,1.3636363636363638,0.0,1.3636363636363638,2.7272727272727275,15.0,5.454545454545455,1.3636363636363638,0.0,1.3636363636363638,2.7272727272727275,5.454545454545455,1.3636363636363638,0.0,0.0,7.0,0.0,36.36363636363637,0.0,6.5
france,Ligue 1,2025,Saîf-Eddine Khaoui,30.0,M,Tunisia,180.0,68.0,1,0,14.0,0.0,0.0,0.0,0.0,0,0,0,0.0,0,0.0,0.0,0.0,0.0,0.0,0.0,0.0,57.85714285714286,0.0,0.0,0.0,0.0,0.0,12.857142857142856,6.428571428571428,0.0,0.0,0.0,6.428571428571428,6.428571428571428,0.0,0.0,0.0,7.0,,50.0,,6.3
france,Ligue 1,2025,Sebastian Nanasi,23.0,M,Sweden,178.0,71.0,19,11,1060.0,7.0,2.0,0.0,0.0,0,0,0,0.0,0,0.08490566037735849,1.4433962264150944,0.9339622641509433,0.5943396226415094,0.16981132075471697,0.7641509433962264,0.5943396226415094,34.55660377358491,1.4433962264150944,1.0188679245283019,0.25471698113207547,0.5094339622641509,1.5283018867924527,5.8584905660377355,2.1226415094339623,1.5283018867924527,0.6792452830188679,1.0188679245283019,0.25471698113207547,0.6792452830188679,0.0,0.0,0.0,24.28992628992629,64.70588235294117,36.231884057971016,44.44444444444444,6.960660377358491
france,Ligue 1,2025,Sebastian Szymański,26.0,M,Poland,174.0,60.0,16,10,786.0,1.0,3.0,0.0,0.0,0,0,2,0.0,0,0.45801526717557256,1.0305343511450382,0.5725190839694656,0.11450381679389314,0.34351145038167935,0.45801526717557256,0.11450381679389314,39.50381679389313,2.2900763358778624,2.6335877862595423,0.34351145038167935,0.34351145038167935,2.9770992366412212,9.389312977099237,4.694656488549619,1.0305343511450382,0.34351145038167935,0.45801526717557256,1.3740458015267174,1.4885496183206106,0.22900763358778628,0.0,0.0,22.530434782608694,55.55555555555556,50.0,33.33333333333333,6.88854961832061
france,Ligue 1,2025,Seko Fofana,30.0,M,Côte d'Ivoire,183.0,74.0,12,7,668.0,1.0,0.0,0.0,0.0,0,0,0,0.0,0,0.0,1.0778443113772456,0.40419161676646703,0.1347305389221557,0.0,0.1347305389221557,0.1347305389221557,48.50299401197605,1.4820359281437128,0.40419161676646703,0.1347305389221557,0.5389221556886228,0.9431137724550898,8.083832335329342,4.850299401197605,2.694610778443114,1.6167664670658681,0.5389221556886228,1.751497005988024,0.40419161676646703,0.0,0.0,0.0,38.63055555555555,37.5,60.0,60.0,6.928443113772455
france,Ligue 1,2025,Senny Mayulu,19.0,M,France,183.0,69.0,26,21,1681.0,4.0,4.0,0.0,0.0,0,0,2,0.0,0,0.05353955978584176,1.552647233789411,0.5889351576442594,0.21415823914336704,0.21415823914336704,0.4283164782867341,0.21415823914336704,41.06484235574063,2.0880428316478286,2.5698988697204044,0.05353955978584176,0.5889351576442594,3.158834027364664,10.279595478881618,4.925639500297442,2.1951219512195124,0.8566329565734682,0.4818560380725758,1.0707911957168352,1.3920285544318858,0.10707911957168352,0.0,0.0,33.52411994784876,37.93103448275862,47.91666666666667,39.02439024390244,6.8433670434265315
france,Ligue 1,2025,Seny Koumbassa,18.0,D,France,187.0,,9,4,441.0,1.0,0.0,0.0,0.0,0,0,0,0.0,0,0.0,0.6122448979591837,0.20408163265306123,0.20408163265306123,0.0,0.20408163265306123,0.20408163265306123,32.857142857142854,0.0,1.8367346938775508,0.40816326530612246,0.6122448979591837,2.4489795918367347,3.4693877551020407,2.4489795918367347,0.0,0.0,0.40816326530612246,0.0,0.20408163265306123,0.0,0.0,0.0,29.080745341614907,33.33333333333333,70.58823529411765,,6.749545454545455
france,Ligue 1,2025,Serigne Diop,20.0,F,Senegal,193.0,84.0,2,0,26.0,0.0,0.0,0.0,0.0,0,0,0,0.0,0,0.0,0.0,0.0,0.0,0.0,0.0,0.0,6.923076923076923,0.0,0.0,0.0,0.0,0.0,13.846153846153847,10.384615384615385,3.4615384615384617,3.4615384615384617,0.0,0.0,0.0,0.0,0.0,0.0,1.0,,75.0,100.0,6.4692307692307685
france,Ligue 1,2025,Sidiki Cherif,19.0,F,France,185.0,75.0,19,14,1164.0,4.0,0.0,0.0,0.0,0,0,3,0.0,0,0.8505154639175257,1.3917525773195876,0.9278350515463918,0.30927835051546393,0.0,0.30927835051546393,0.30927835051546393,17.396907216494846,0.3865979381443299,0.6185567010309279,0.0,0.5412371134020619,1.1597938144329896,10.824742268041238,4.020618556701031,2.6288659793814433,0.8505154639175257,0.30927835051546393,1.2371134020618557,1.1597938144329896,0.23195876288659795,0.0,0.0,10.346666666666666,66.66666666666666,37.142857142857146,32.35294117647059,6.56159793814433
france,Ligue 1,2025,Simon Adingra,23.0,M,Côte d'Ivoire,175.0,68.0,14,10,868.0,3.0,2.0,0.0,0.0,0,0,0,0.0,0,0.2073732718894009,1.3479262672811059,0.6221198156682028,0.3110599078341014,0.2073732718894009,0.5184331797235023,0.3110599078341014,35.875576036866356,1.3479262672811059,1.140552995391705,0.0,0.6221198156682028,1.7626728110599077,13.997695852534562,4.7695852534562215,7.154377880184332,2.3847926267281108,1.3479262672811059,0.8294930875576036,0.7258064516129032,0.0,0.0,0.0,23.617391304347827,46.15384615384615,34.074074074074076,33.33333333333333,6.772119815668202
france,Ligue 1,2025,Simon Ebonog,21.0,M,France,,,30,21,1778.0,1.0,0.0,0.0,0.0,0,0,8,0.0,0,0.0,0.7592800899887514,0.20247469066366705,0.05061867266591676,0.0,0.05061867266591676,0.05061867266591676,23.74015748031496,0.4049493813273341,1.9741282339707538,0.20247469066366705,1.2148481439820022,3.188976377952756,11.287964004499436,5.719910011248594,1.8222722159730034,0.8605174353205849,0.30371203599550056,1.7210348706411698,1.467941507311586,0.4049493813273341,0.0,0.0,17.278372591006423,26.666666666666668,50.672645739910315,47.22222222222222,6.594488188976378
france,Ligue 1,2025,Sinaly Diomandé,24.0,D,Côte d'Ivoire,184.0,74.0,24,24,2134.0,2.0,2.0,0.0,0.0,0,0,4,0.0,1,0.08434864104967198,0.2952202436738519,0.16869728209934395,0.08434864104967198,0.08434864104967198,0.16869728209934395,0.08434864104967198,40.1921274601687,0.16869728209934395,1.3917525773195876,0.5904404873477038,1.3074039362699157,2.6991565135895033,7.043111527647611,4.175257731958763,0.3795688847235239,0.21087160262417992,0.5060918462980318,1.0965323336457358,1.3074039362699157,0.16869728209934395,0.0,0.04217432052483599,40.505771248688355,57.14285714285714,59.2814371257485,55.55555555555556,6.935004686035613
france,Ligue 1,2025,Sofiane Boufal,32.0,M,Morocco,175.0,70.0,17,13,1028.0,1.0,4.0,1.0,0.0,0,1,2,0.0,0,0.5252918287937743,1.1381322957198443,0.35019455252918286,0.08754863813229571,0.35019455252918286,0.4377431906614786,0.08754863813229571,30.379377431906615,2.4513618677042803,2.188715953307393,0.0,0.26264591439688717,2.4513618677042803,15.758754863813229,7.529182879377432,5.165369649805447,2.188715953307393,1.3132295719844358,2.801556420233463,2.1011673151750974,0.17509727626459143,0.0,0.0,18.622478386167145,30.76923076923077,47.77777777777778,42.3728813559322,6.846498054474708
france,Ligue 1,2025,Sofiane Diop,25.0,M,France,175.0,65.0,35,27,2252.0,8.0,3.0,0.0,0.0,2,0,5,0.0,0,0.2797513321492007,1.5186500888099466,0.6793960923623446,0.3197158081705151,0.11989342806394317,0.4396092362344583,0.23978685612788633,36.80728241563055,1.5186500888099466,0.9591474245115453,0.11989342806394317,0.839253996447602,1.7984014209591475,9.991119005328597,4.515985790408526,2.717584369449378,1.3188277087033748,0.7992895204262876,1.8783303730017762,0.919182948490231,0.1998223801065719,0.0,0.0,24.709011943539632,44.73684210526316,45.2,48.529411764705884,6.959724689165186
france,Ligue 1,2025,Sohan Baldoni,22.0,F,,,,0,0,0.0,0.0,0.0,0.0,0.0,0,0,0,0.0,0,,,,,,,,,,,,,,,,,,,,,,,,,,,,
france,Ligue 1,2025,Soriba Diaoune,18.0,F,Guinea,174.0,56.0,10,1,202.0,1.0,1.0,0.0,0.0,0,0,0,0.0,0,0.0,3.5643564356435644,1.7821782178217822,0.44554455445544555,0.44554455445544555,0.8910891089108911,0.44554455445544555,28.06930693069307,2.227722772277228,1.3366336633663365,0.44554455445544555,0.44554455445544555,1.7821782178217822,15.14851485148515,5.346534653465346,4.900990099009901,2.227722772277228,0.44554455445544555,1.3366336633663365,2.227722772277228,0.0,0.0,0.0,6.857142857142857,50.0,35.294117647058826,45.45454545454545,6.58069306930693
france,Ligue 1,2025,Souleymane Isaak Touré,22.0,D,France,206.0,98.0,1,0,28.0,0.0,0.0,0.0,0.0,0,0,0,0.0,0,0.0,0.0,0.0,0.0,0.0,0.0,0.0,61.07142857142858,0.0,0.0,0.0,0.0,0.0,0.0,0.0,0.0,0.0,0.0,0.0,0.0,0.0,0.0,0.0,15.0,,,,6.9
france,Ligue 1,2025,Soumaila Coulibaly,22.0,D,France,191.0,73.0,16,15,1339.0,0.0,0.0,0.0,0.0,0,0,3,0.0,0,0.06721433905899926,0.33607169529499625,0.13442867811799852,0.0,0.0,0.0,0.0,50.074682598954446,0.13442867811799852,0.9410007468259896,0.6049290515309933,0.9410007468259896,1.882001493651979,6.6542195668409265,4.234503360716953,0.20164301717699776,0.20164301717699776,0.0,1.344286781179985,1.7475728155339805,0.20164301717699776,0.0,0.0,52.24697986577181,40.0,63.63636363636363,100.0,6.596489917849142
france,Ligue 1,2025,Stanis Idumbo Muzambo,20.0,M,Belgium,170.0,60.0,8,0,164.0,1.0,1.0,0.0,0.0,0,0,0,0.0,0,0.0,2.1951219512195124,1.0975609756097562,0.5487804878048781,0.5487804878048781,1.0975609756097562,0.5487804878048781,27.98780487804878,1.646341463414634,1.646341463414634,0.0,0.0,1.646341463414634,8.78048780487805,3.8414634146341466,2.1951219512195124,0.5487804878048781,0.5487804878048781,1.0975609756097562,1.646341463414634,0.0,0.0,0.0,7.490196078431373,50.0,43.75,25.0,6.525609756097562
france,Ligue 1,2025,Steeve Kango,19.0,D,,,,4,1,86.0,0.0,0.0,0.0,0.0,0,0,0,0.0,0,0.0,0.0,0.0,0.0,0.0,0.0,0.0,57.55813953488372,0.0,2.0930232558139537,1.0465116279069768,0.0,2.0930232558139537,10.465116279069766,4.186046511627907,2.0930232558139537,1.0465116279069768,0.0,1.0465116279069768,1.0465116279069768,0.0,0.0,0.0,15.327272727272728,,40.0,50.0,6.5523255813953485
france,Ligue 1,2025,Stefan Bajić,24.0,G,France,191.0,84.0,0,0,0.0,0.0,0.0,0.0,0.0,0,0,0,0.0,0,,,,,,,,,,,,,,,,,,,,,,,,,,,,
france,Ligue 1,2025,Stephan Zagadou,17.0,D,France,,,8,6,504.0,1.0,0.0,0.0,0.0,0,0,0,0.0,1,0.0,0.17857142857142855,0.17857142857142855,0.17857142857142855,0.0,0.17857142857142855,0.17857142857142855,35.892857142857146,0.3571428571428571,1.9642857142857142,1.4285714285714284,0.3571428571428571,2.321428571428571,7.321428571428572,3.75,0.5357142857142857,0.3571428571428571,0.17857142857142855,0.17857142857142855,1.25,0.0,0.0,0.17857142857142855,28.47761194029851,100.0,51.21951219512195,66.66666666666666,6.871428571428571
france,Ligue 1,2025,Stevan Siba,19.0,D,France,,,0,0,0.0,0.0,0.0,0.0,0.0,0,0,0,0.0,0,,,,,,,,,,,,,,,,,,,,,,,,,,,,
france,Ligue 1,2025,Sékou Doucoure,20.0,D,France,187.0,79.0,1,0,45.0,0.0,0.0,0.0,0.0,0,0,0,0.0,0,0.0,0.0,0.0,0.0,0.0,0.0,0.0,60.0,0.0,0.0,2.0,6.0,6.0,4.0,2.0,0.0,0.0,0.0,0.0,2.0,0.0,0.0,0.0,26.0,,50.0,,6.9
france,Ligue 1,2025,Sékou Mara,23.0,F,France,184.0,73.0,27,14,1234.0,3.0,2.0,1.0,0.0,0,0,0,0.0,0,0.1458670988654781,1.7504051863857375,0.8752025931928687,0.2188006482982172,0.1458670988654781,0.36466774716369527,0.2188006482982172,17.431118314424637,0.6564019448946515,0.9481361426256077,0.0,0.2917341977309562,1.239870340356564,15.097244732576986,6.709886547811993,2.479740680713128,1.239870340356564,0.2917341977309562,1.9692058346839547,1.9692058346839547,0.0,0.0,0.0,8.42436974789916,50.0,44.44444444444444,50.0,6.728617886178863
france,Ligue 1,2025,Tadjidine Mmadi,18.0,M,,,,3,0,46.0,0.0,0.0,0.0,1.0,0,0,0,0.0,0,0.0,1.9565217391304348,0.0,0.0,0.0,0.0,0.0,45.0,1.9565217391304348,1.9565217391304348,0.0,3.9130434782608696,5.869565217391304,19.565217391304348,5.869565217391304,5.869565217391304,1.9565217391304348,1.9565217391304348,0.0,3.9130434782608696,0.0,0.0,0.0,8.478260869565217,0.0,30.0,33.33333333333333,6.1521739130434785
france,Ligue 1,2025,Tairyk Arconte,22.0,F,France,181.0,76.0,2,2,180.0,0.0,1.0,0.0,0.0,0,0,0,0.0,0,0.5,1.0,0.5,0.0,0.5,0.5,0.0,5.0,1.0,1.0,0.0,0.0,1.0,8.5,2.5,1.0,0.0,0.0,1.5,3.5,0.0,0.0,0.0,4.6,50.0,29.411764705882355,0.0,7.2
france,Ligue 1,2025,Takumi Minamino,30.0,M,Japan,172.0,68.0,15,11,961.0,3.0,2.0,0.0,1.0,0,0,4,0.0,0,0.2809573361082206,1.404786680541103,0.6555671175858481,0.2809573361082206,0.18730489073881376,0.46826222684703434,0.2809573361082206,28.844953173777316,0.8428720083246618,0.2809573361082206,0.18730489073881376,0.3746097814776275,0.6555671175858481,6.274713839750261,1.9667013527575443,1.1238293444328824,0.3746097814776275,1.1238293444328824,0.749219562955255,0.9365244536940687,0.3746097814776275,0.0,0.0,19.43831168831169,46.666666666666664,31.343283582089555,33.33333333333333,6.630801248699272
france,Ligue 1,2025,Tanguy Ndombélé,29.0,M,France,181.0,76.0,8,3,279.0,0.0,1.0,0.0,0.0,0,0,0,0.0,0,0.0,0.967741935483871,0.3225806451612903,0.0,0.3225806451612903,0.3225806451612903,0.0,24.838709677419356,1.6129032258064515,0.967741935483871,0.0,0.3225806451612903,1.2903225806451613,7.096774193548387,3.5483870967741935,1.6129032258064515,0.3225806451612903,0.0,2.2580645161290325,0.3225806451612903,0.0,0.0,0.0,18.90909090909091,33.33333333333333,50.0,20.0,6.755035971223022
france,Ligue 1,2025,Tanner Tessmann,24.0,M,USA,188.0,86.0,29,22,1960.0,1.0,0.0,0.0,0.0,0,0,2,0.0,0,0.1377551020408163,1.010204081632653,0.3673469387755102,0.04591836734693878,0.0,0.04591836734693878,0.04591836734693878,50.0969387755102,0.596938775510204,1.3316326530612246,0.596938775510204,0.6428571428571428,1.9744897959183674,7.301020408163265,3.7653061224489797,0.826530612244898,0.413265306122449,0.596938775510204,0.8724489795918368,0.9642857142857143,0.09183673469387756,0.0,0.0,43.29605866177818,36.36363636363637,51.57232704402516,50.0,6.909642857142857
france,Ligue 1,2025,Telli Siwe,21.0,D,France,,,4,4,315.0,0.0,0.0,0.0,1.0,0,0,0,0.0,0,0.0,0.5714285714285714,0.2857142857142857,0.0,0.0,0.0,0.0,23.14285714285714,0.2857142857142857,1.7142857142857144,0.5714285714285714,1.7142857142857144,3.428571428571429,6.285714285714286,2.571428571428571,1.4285714285714284,0.2857142857142857,0.2857142857142857,0.0,0.8571428571428572,0.0,0.0,0.0,20.209876543209877,50.0,40.909090909090914,20.0,6.671428571428572
france,Ligue 1,2025,Terem Moffi,26.0,F,Nigeria,188.0,87.0,10,6,489.0,2.0,0.0,0.0,0.0,0,0,0,0.0,0,1.2883435582822087,2.392638036809816,1.47239263803681,0.3680981595092025,0.0,0.3680981595092025,0.3680981595092025,13.61963190184049,0.9202453987730062,0.18404907975460125,0.0,0.0,0.18404907975460125,6.993865030674847,2.208588957055215,1.6564417177914113,0.5521472392638037,0.5521472392638037,0.3680981595092025,0.3680981595092025,0.0,0.0,0.0,6.918918918918919,61.53846153846154,31.57894736842105,33.33333333333333,6.4541922290388545
france,Ligue 1,2025,Terry Yegbe,24.0,D,Ghana,195.0,88.0,24,22,1966.0,0.0,1.0,0.0,1.0,0,0,2,0.0,0,0.0,0.2746693794506612,0.09155645981688708,0.0,0.04577822990844354,0.04577822990844354,0.0,52.7822990844354,0.2288911495422177,0.6866734486266531,0.8697863682604272,1.0528992878942014,1.7395727365208544,4.028484231943032,2.014242115971516,0.1373346897253306,0.09155645981688708,0.2288911495422177,0.3662258392675483,0.8697863682604272,0.09155645981688708,0.0,0.0,47.00433651344319,33.33333333333333,50.0,66.66666666666666,6.449542217700915
france,Ligue 1,2025,Thelonius Bair,26.0,F,Canada,194.0,101.0,2,0,23.0,0.0,0.0,0.0,0.0,0,0,0,0.0,0,0.0,0.0,0.0,0.0,0.0,0.0,0.0,15.652173913043478,0.0,0.0,0.0,0.0,0.0,19.565217391304348,11.739130434782608,0.0,0.0,0.0,0.0,0.0,0.0,0.0,0.0,1.75,,60.0,,6.5086956521739125
france,Ligue 1,2025,Thibaud Garondo,19.0,D,France,,,0,0,0.0,0.0,0.0,0.0,0.0,0,0,0,0.0,0,,,,,,,,,,,,,,,,,,,,,,,,,,,,
france,Ligue 1,2025,Thibault De Smet,27.0,D,Belgium,183.0,65.0,17,13,1147.0,0.0,1.0,0.0,0.0,0,0,7,0.0,2,0.07846556233653008,0.23539668700959024,0.0,0.0,0.07846556233653008,0.07846556233653008,0.0,43.23452484742808,0.39232781168265035,1.804707933740192,0.15693112467306017,0.6277244986922407,2.4324324324324325,6.983435047951177,4.001743679163034,0.4707933740191805,0.23539668700959024,1.098517872711421,1.020052310374891,0.8631211857018309,0.5492589363557105,0.0,0.15693112467306017,34.23956442831216,0.0,57.30337078651685,50.0,6.481952920662598
france,Ligue 1,2025,Thierno Bah,19.0,M,,,,0,0,0.0,0.0,0.0,0.0,0.0,0,0,0,0.0,0,,,,,,,,,,,,,,,,,,,,,,,,,,,,
france,Ligue 1,2025,Thilo Kehrer,29.0,D,Germany,186.0,76.0,28,28,2358.0,0.0,0.0,0.0,0.0,0,0,8,0.0,2,0.07633587786259542,0.4961832061068702,0.03816793893129771,0.0,0.0,0.0,0.0,62.70992366412214,0.22900763358778628,2.480916030534351,0.8778625954198473,1.1450381679389312,3.6259541984732824,9.885496183206106,6.297709923664122,0.26717557251908397,0.15267175572519084,0.7633587786259541,1.1068702290076335,1.0305343511450382,0.3053435114503817,0.0,0.07633587786259542,62.088253195374314,7.6923076923076925,63.7065637065637,57.14285714285714,6.956361323155216
france,Ligue 1,2025,Thomas Cordier,20.0,D,,,,0,0,0.0,0.0,0.0,0.0,0.0,0,0,0,0.0,0,,,,,,,,,,,,,,,,,,,,,,,,,,,,
france,Ligue 1,2025,Thomas Delaine,33.0,D,France,180.0,72.0,5,2,200.0,0.0,0.0,0.0,0.0,0,0,1,0.0,0,0.0,0.45,0.0,0.0,0.0,0.0,0.0,54.9,1.3499999999999999,0.9,0.0,1.3499999999999999,2.25,4.5,2.25,0.9,0.9,0.9,0.45,0.9,0.45,0.0,0.0,38.049180327868854,0.0,50.0,100.0,6.704
france,Ligue 1,2025,Thomas Meunier,34.0,D,Belgium,190.0,78.0,25,21,1915.0,2.0,2.0,0.0,0.0,0,0,3,0.0,0,0.09399477806788512,0.6109660574412532,0.2349869451697128,0.09399477806788512,0.09399477806788512,0.18798955613577023,0.09399477806788512,48.21932114882507,0.8459530026109662,1.4569190600522193,0.09399477806788512,0.7519582245430809,2.2088772845953004,6.344647519582246,2.9608355091383816,0.9399477806788512,0.5639686684073107,0.5639686684073107,0.1409921671018277,1.3629242819843341,0.1409921671018277,0.0,0.0,39.12573099415204,38.46153846153847,46.666666666666664,60.0,6.930757180156657
france,Ligue 1,2025,Thomas Rousseau,17.0,M,,,,0,0,0.0,0.0,0.0,0.0,0.0,0,0,0,0.0,0,,,,,,,,,,,,,,,,,,,,,,,,,,,,
france,Ligue 1,2025,Thomas Sajous,17.0,G,,,,0,0,0.0,0.0,0.0,0.0,0.0,0,0,0,0.0,0,,,,,,,,,,,,,,,,,,,,,,,,,,,,
france,Ligue 1,2025,Théo De Percin,24.0,G,Martinique,185.0,81.0,8,5,596.0,0.0,0.0,0.0,0.0,0,0,0,0.0,0,0.0,0.0,0.0,0.0,0.0,0.0,0.0,31.107382550335572,0.0,0.0,0.0,0.0,0.0,0.4530201342281879,0.4530201342281879,0.0,0.0,0.0,0.15100671140939598,0.0,0.0,0.0,0.0,15.902912621359222,,100.0,,7.036241610738256
france,Ligue 1,2025,Théo Le Bris,23.0,M,France,170.0,65.0,28,22,1898.0,2.0,2.0,0.0,0.0,0,0,0,0.0,0,0.0,0.7112750263435196,0.33192834562697576,0.09483667017913593,0.09483667017913593,0.18967334035827185,0.09483667017913593,29.68387776606955,0.6164383561643836,1.8967334035827186,0.09483667017913593,0.8061116965226555,2.702845100105374,5.547945205479452,3.0821917808219177,1.0906217070600632,0.5216016859852477,0.7112750263435196,0.33192834562697576,0.4267650158061117,0.0,0.0,0.0,25.766773162939298,46.666666666666664,55.55555555555556,47.82608695652174,6.860484720758694
france,Ligue 1,2025,Théo Magnin,22.0,D,Switzerland,171.0,65.0,1,0,15.0,0.0,0.0,0.0,0.0,0,0,0,0.0,0,0.0,0.0,0.0,0.0,0.0,0.0,0.0,78.0,0.0,0.0,0.0,6.0,6.0,6.0,0.0,0.0,0.0,0.0,0.0,0.0,0.0,0.0,0.0,9.0,,0.0,,6.7
france,Ligue 1,2025,Théo Vermot,28.0,G,France,190.0,75.0,0,0,0.0,0.0,0.0,0.0,0.0,0,0,0,0.0,0,,,,,,,,,,,,,,,,,,,,,,,,,,,,
france,Ligue 1,2025,Tiago Goncalves,18.0,M,,,,0,0,0.0,0.0,0.0,0.0,0.0,0,0,0,0.0,0,,,,,,,,,,,,,,,,,,,,,,,,,,,,
france,Ligue 1,2025,Tiago Gouveia,24.0,F,Portugal,176.0,70.0,16,6,585.0,0.0,0.0,0.0,0.0,0,0,3,0.0,0,0.15384615384615385,1.6923076923076923,0.6153846153846154,0.0,0.0,0.0,0.0,30.0,0.3076923076923077,1.2307692307692308,0.15384615384615385,1.3846153846153846,2.6153846153846154,10.0,4.153846153846154,3.5384615384615383,1.076923076923077,1.3846153846153846,1.5384615384615385,0.9230769230769231,0.46153846153846156,0.0,0.0,16.03076923076923,36.36363636363637,41.53846153846154,30.434782608695656,6.501367521367522
france,Ligue 1,2025,Tiago Santos,23.0,D,Portugal,175.0,67.0,15,8,727.0,0.0,0.0,1.0,0.0,0,0,0,0.0,0,0.0,0.7427785419532323,0.0,0.0,0.0,0.0,0.0,36.02475928473177,0.7427785419532323,1.7331499312242091,0.0,0.7427785419532323,2.4759284731774414,11.141678129298487,5.075653370013755,2.1045392022008254,0.37138927097661617,0.37138927097661617,2.599724896836314,1.609353507565337,0.0,0.0,0.0,26.855172413793102,0.0,45.55555555555556,17.647058823529413,6.614442916093535
france,Ligue 1,2025,Tidiane Devernois,18.0,M,,,,2,0,18.0,0.0,0.0,0.0,0.0,0,0,0,0.0,0,0.0,0.0,0.0,0.0,0.0,0.0,0.0,50.0,10.0,0.0,0.0,0.0,0.0,0.0,0.0,0.0,0.0,0.0,0.0,0.0,0.0,0.0,0.0,3.0,,,,6.449999999999999
france,Ligue 1,2025,Timothee Pembele,23.0,D,France,183.0,80.0,14,2,381.0,0.0,0.0,0.0,0.0,0,0,2,0.0,0,0.23622047244094488,0.9448818897637795,0.47244094488188976,0.0,0.0,0.0,0.0,34.25196850393701,0.47244094488188976,2.5984251968503935,0.23622047244094488,0.7086614173228346,3.3070866141732282,10.866141732283465,5.905511811023622,1.6535433070866141,1.1811023622047243,1.6535433070866141,0.9448818897637795,0.7086614173228346,0.47244094488188976,0.0,0.0,17.482758620689655,50.0,54.347826086956516,71.42857142857143,6.633421052631578
france,Ligue 1,2025,Timothy Weah,25.0,M,USA,183.0,66.0,29,26,2263.0,2.0,2.0,0.0,0.0,0,0,5,0.0,0,0.039770216526734424,0.7954043305346885,0.39770216526734425,0.07954043305346885,0.07954043305346885,0.1590808661069377,0.07954043305346885,40.52585064074238,1.1533362792752984,1.9089703932832525,0.1590808661069377,0.6760936809544852,2.5850640742377373,7.476800707026071,3.817940786566505,1.5112682280159082,0.5965532479010164,0.6363234644277508,0.7158638974812196,1.2726469288555016,0.19885108263367213,0.0,0.0,35.64376840039254,50.0,51.06382978723404,39.473684210526315,6.77348652231551
france,Ligue 1,2025,Timothée Kolodziejczak,34.0,D,France,185.0,75.0,11,7,674.0,0.0,0.0,0.0,1.0,0,0,2,0.0,0,0.0,0.13353115727002968,0.13353115727002968,0.0,0.0,0.0,0.0,66.23145400593472,0.26706231454005935,1.201780415430267,0.40059347181008903,1.0682492581602374,2.2700296735905043,6.008902077151335,2.8041543026706233,0.13353115727002968,0.13353115727002968,0.40059347181008903,0.13353115727002968,1.0682492581602374,0.26706231454005935,0.0,0.0,63.13508064516129,100.0,46.666666666666664,100.0,6.466270430906389
france,Ligue 1,2025,Tochukwu Nnadi,22.0,M,Nigeria,,,8,4,352.0,0.0,1.0,0.0,0.0,0,0,1,0.0,0,0.2556818181818182,1.0227272727272727,0.2556818181818182,0.0,0.2556818181818182,0.2556818181818182,0.0,41.16477272727273,0.7670454545454545,1.7897727272727273,0.0,0.7670454545454545,2.5568181818181817,10.482954545454545,4.090909090909091,0.7670454545454545,0.5113636363636364,0.2556818181818182,1.0227272727272727,2.5568181818181817,0.2556818181818182,0.0,0.0,32.84472049689441,25.0,39.02439024390244,66.66666666666666,6.423428571428571
france,Ligue 1,2025,Tom Louchet,22.0,M,France,176.0,65.0,28,15,1467.0,3.0,3.0,0.0,0.0,0,0,1,0.0,1,0.0,0.7975460122699387,0.3680981595092025,0.18404907975460125,0.18404907975460125,0.3680981595092025,0.18404907975460125,35.0920245398773,1.3496932515337423,2.392638036809816,0.24539877300613497,0.6134969325153374,3.006134969325154,8.52760736196319,4.41717791411043,1.7177914110429449,0.736196319018405,0.7975460122699387,0.7975460122699387,0.9815950920245399,0.06134969325153374,0.0,0.06134969325153374,23.562937062937063,46.15384615384615,51.798561151079134,42.857142857142854,6.878527607361963
france,Ligue 1,2025,Tom Negrel,22.0,G,France,192.0,85.0,0,0,0.0,0.0,0.0,0.0,0.0,0,0,0,0.0,0,,,,,,,,,,,,,,,,,,,,,,,,,,,,
france,Ligue 1,2025,Trevan Sanusi,18.0,F,England,178.0,60.0,0,0,0.0,0.0,0.0,0.0,0.0,0,0,0,0.0,0,,,,,,,,,,,,,,,,,,,,,,,,,,,,
france,Ligue 1,2025,Tuomas Ollila,25.0,D,Finland,175.0,68.0,10,3,320.0,0.0,0.0,0.0,0.0,0,0,0,0.0,0,0.28125,0.84375,0.28125,0.0,0.0,0.0,0.0,35.15625,0.28125,0.5625,0.0,0.84375,1.40625,8.4375,5.0625,1.125,0.5625,0.0,1.9687499999999998,0.84375,0.0,0.0,0.0,19.152,33.33333333333333,60.0,50.0,6.471786833855799
france,Ligue 1,2025,Tylel Tati,17.0,D,France,190.0,79.0,20,20,1724.0,0.0,0.0,0.0,2.0,0,0,5,0.0,1,0.0,0.0,0.0,0.0,0.0,0.0,0.0,49.59396751740139,0.052204176334106726,0.9918793503480278,0.7830626450116009,0.8874709976798143,1.8793503480278422,5.0116009280742455,2.819025522041763,0.574245939675174,0.4176334106728538,0.2088167053364269,0.7830626450116009,1.2006960556844548,0.2610208816705336,0.0,0.052204176334106726,49.46526315789474,,56.25,72.72727272727273,6.488283062645011
france,Ligue 1,2025,Tyler Morton,23.0,M,England,182.0,75.0,29,29,2524.0,2.0,2.0,0.0,1.0,0,0,6,0.0,1,0.0,0.49920760697305866,0.28526148969889065,0.07131537242472266,0.07131537242472266,0.14263074484944532,0.07131537242472266,54.057052297939784,1.0340729001584785,1.7115689381933439,0.46354992076069734,0.7844690966719493,2.4960380348652933,6.418383518225039,3.4944532488114106,0.7488114104595879,0.49920760697305866,0.42789223454833597,0.6774960380348654,1.0340729001584785,0.21394611727416799,0.0,0.03565768621236133,51.58311345646438,57.14285714285714,54.44444444444444,66.66666666666666,7.143898573692552
france,Ligue 1,2025,Tyrese Noubissie,16.0,M,,,,4,0,55.0,0.0,0.0,0.0,0.0,0,0,1,0.0,0,0.0,0.0,0.0,0.0,0.0,0.0,0.0,73.63636363636364,1.6363636363636362,0.0,1.6363636363636362,3.2727272727272725,3.2727272727272725,8.181818181818182,3.2727272727272725,0.0,0.0,0.0,1.6363636363636362,3.2727272727272725,1.6363636363636362,0.0,0.0,14.355555555555556,,40.0,,6.525925925925925
france,Ligue 1,2025,Téo Barišić,21.0,D,Croatia,185.0,67.0,0,0,0.0,0.0,0.0,0.0,0.0,0,0,0,0.0,0,,,,,,,,,,,,,,,,,,,,,,,,,,,,
france,Ligue 1,2025,Ugo Lamare El Kadmiri,18.0,F,,,,3,0,25.0,0.0,0.0,0.0,0.0,0,0,0,0.0,0,0.0,3.6,0.0,0.0,0.0,0.0,0.0,18.0,0.0,0.0,0.0,3.6,3.6,18.0,7.2,3.6,0.0,0.0,0.0,3.6,0.0,0.0,0.0,1.0,0.0,40.0,0.0,6.241666666666667
france,Ligue 1,2025,Ugo Raghouber,22.0,M,France,180.0,62.0,1,0,10.0,0.0,0.0,0.0,0.0,0,0,0,0.0,0,0.0,0.0,0.0,0.0,0.0,0.0,0.0,54.0,0.0,0.0,0.0,0.0,0.0,9.0,0.0,9.0,0.0,0.0,0.0,0.0,0.0,0.0,0.0,4.0,,0.0,0.0,6.3
france,Ligue 1,2025,Ulisses Garcia,29.0,D,Switzerland,182.0,73.0,4,2,211.0,0.0,0.0,0.0,0.0,0,0,1,0.0,1,0.0,0.8530805687203792,0.4265402843601896,0.0,0.0,0.0,0.0,35.829383886255926,0.4265402843601896,1.2796208530805686,0.8530805687203792,0.0,1.2796208530805686,7.251184834123222,2.9857819905213274,1.2796208530805686,0.4265402843601896,0.8530805687203792,0.8530805687203792,1.7061611374407584,0.4265402843601896,0.0,0.4265402843601896,23.452380952380953,50.0,41.17647058823529,33.33333333333333,6.262559241706161
france,Ligue 1,2025,Urie-Michel Mboula,22.0,D,Gabon,185.0,,14,10,751.0,0.0,0.0,0.0,0.0,0,0,2,0.0,0,0.0,0.2396804260985353,0.11984021304926765,0.0,0.0,0.0,0.0,66.15179760319573,0.0,1.3182423435419441,0.7190412782956058,1.677762982689747,2.9960053262316912,6.231691078561917,3.8348868175765647,1.4380825565912116,0.8388814913448736,0.2396804260985353,1.3182423435419441,1.0785619174434087,0.2396804260985353,0.0,0.0,54.67090909090909,50.0,61.53846153846154,58.333333333333336,6.766844207723035
france,Ligue 1,2025,Uroš Radaković,31.0,D,Serbia,194.0,89.0,6,1,112.0,0.0,0.0,0.0,0.0,0,0,0,0.0,0,0.8035714285714285,0.0,0.0,0.0,0.0,0.0,0.0,19.285714285714285,0.8035714285714285,1.607142857142857,1.607142857142857,2.4107142857142856,4.017857142857143,9.642857142857142,4.017857142857143,0.0,0.0,0.8035714285714285,0.0,1.607142857142857,0.0,0.0,0.0,7.809523809523809,,41.66666666666667,,6.718918918918918
france,Ligue 1,2025,Valentin Rongier,31.0,M,France,172.0,67.0,31,31,2745.0,2.0,5.0,0.0,0.0,0,0,6,0.0,0,0.0,0.5245901639344263,0.32786885245901637,0.06557377049180328,0.16393442622950818,0.22950819672131148,0.06557377049180328,66.95081967213115,1.4426229508196722,2.4262295081967213,0.32786885245901637,1.278688524590164,3.7049180327868854,9.278688524590164,4.918032786885246,1.1147540983606556,0.6229508196721312,0.9508196721311476,0.8524590163934426,1.5737704918032787,0.19672131147540983,0.0,0.0,62.679236043095,62.5,53.003533568904594,55.88235294117647,7.242622950819672
france,Ligue 1,2025,Valentín Barco,21.0,M,Argentina,170.0,66.0,27,24,2170.0,2.0,4.0,0.0,1.0,0,0,5,0.0,1,0.08294930875576037,0.7465437788018434,0.4147465437788018,0.08294930875576037,0.16589861751152074,0.2488479262672811,0.08294930875576037,64.36866359447005,1.6589861751152073,2.23963133640553,0.08294930875576037,0.5806451612903226,2.8202764976958528,10.700460829493087,6.138248847926268,2.4055299539170507,0.9953917050691244,0.5806451612903226,2.5299539170506913,0.9953917050691244,0.2073732718894009,0.0,0.041474654377880185,55.415592783505154,55.55555555555556,57.36434108527132,41.37931034482759,7.180322580645161
france,Ligue 1,2025,Vanderson,24.0,D,Brazil,173.0,74.0,14,7,613.0,0.0,2.0,0.0,0.0,0,0,4,0.0,0,0.0,0.44045676998368677,0.0,0.0,0.2936378466557912,0.2936378466557912,0.0,53.442088091354,1.6150081566068515,3.523654159869494,0.1468189233278956,3.3768352365415986,6.900489396411094,11.598694942903752,6.460032626427406,2.495921696574225,1.1745513866231647,0.734094616639478,0.2936378466557912,2.202283849918434,0.5872756933115824,0.0,0.0,29.17032967032967,0.0,55.69620253164557,47.05882352941176,6.8985318107667215
france,Ligue 1,2025,Vincent Burlet,20.0,D,Belgium,,,1,0,18.0,0.0,0.0,0.0,0.0,0,0,0,0.0,0,0.0,0.0,0.0,0.0,0.0,0.0,0.0,70.0,5.0,0.0,0.0,0.0,0.0,15.0,0.0,5.0,0.0,10.0,0.0,0.0,0.0,0.0,0.0,13.0,,0.0,0.0,6.3
france,Ligue 1,2025,Vincent Marchetti,28.0,M,France,181.0,70.0,23,9,839.0,2.0,1.0,0.0,1.0,0,0,1,0.0,0,0.10727056019070322,1.7163289630512515,0.7508939213349226,0.21454112038140644,0.10727056019070322,0.3218116805721096,0.21454112038140644,43.01549463647199,0.42908224076281287,1.930870083432658,0.3218116805721096,0.42908224076281287,2.3599523241954707,9.439809296781883,4.7199046483909415,1.3945172824791419,1.0727056019070322,0.8581644815256257,0.42908224076281287,1.2872467222884385,0.10727056019070322,0.0,0.0,27.209476309226932,43.75,50.0,76.92307692307693,6.57673031026253
france,Ligue 1,2025,Vitinha,25.0,M,Portugal,172.0,64.0,29,24,2121.0,1.0,7.0,0.0,0.0,0,0,1,0.0,0,0.0,1.0183875530410185,0.4243281471004244,0.042432814710042434,0.297029702970297,0.33946251768033947,0.042432814710042434,116.3932107496464,1.4427157001414428,1.0183875530410185,0.2121640735502122,1.1456859971711457,2.164073550212164,4.455445544554456,2.630834512022631,0.7637906647807637,0.5516265912305516,0.594059405940594,0.8910891089108911,0.594059405940594,0.042432814710042434,0.0,0.0,101.19358366751732,41.66666666666667,59.04761904761905,72.22222222222221,7.665252239509665
france,Ligue 1,2025,Warren Kamanzi,25.0,D,Norway,177.0,70.0,24,7,865.0,1.0,1.0,1.0,0.0,0,0,1,0.0,0,0.10404624277456648,0.6242774566473989,0.20809248554913296,0.10404624277456648,0.10404624277456648,0.20809248554913296,0.10404624277456648,30.38150289017341,0.8323699421965318,1.976878612716763,0.20809248554913296,0.8323699421965318,2.8092485549132946,8.011560693641618,4.369942196531792,2.0809248554913293,1.352601156069364,0.5202312138728323,0.8323699421965318,0.8323699421965318,0.10404624277456648,0.0,0.0,18.30821917808219,33.33333333333333,54.54545454545454,65.0,6.752199074074074
france,Ligue 1,2025,Warren Zaïre-Emery,19.0,M,France,178.0,68.0,32,27,2453.0,3.0,4.0,0.0,0.0,0,0,2,0.0,0,0.0,0.44027721157766,0.2568283734203017,0.110069302894415,0.14675907052588666,0.2568283734203017,0.110069302894415,75.54423155320016,1.54097024052181,1.76110884631064,0.2568283734203017,0.44027721157766,2.2013860578883,8.035059111292295,4.109253974724827,1.76110884631064,1.10069302894415,0.6971055849979617,0.6237260497350183,1.2107623318385652,0.07337953526294333,0.0,0.0,65.00534239922293,58.333333333333336,51.141552511415526,62.5,7.016102731349368
france,Ligue 1,2025,Wassim Slama,17.0,M,France,,,0,0,0.0,0.0,0.0,0.0,0.0,0,0,0,0.0,0,,,,,,,,,,,,,,,,,,,,,,,,,,,,
france,Ligue 1,2025,Wesley Saïd,30.0,F,France,171.0,72.0,29,26,2010.0,12.0,2.0,0.0,0.0,1,0,2,0.0,0,0.582089552238806,2.238805970149254,1.208955223880597,0.5373134328358209,0.08955223880597014,0.6268656716417911,0.49253731343283585,31.208955223880597,1.208955223880597,0.9402985074626866,0.0,0.44776119402985076,1.3880597014925373,8.104477611940299,3.3582089552238803,1.9253731343283582,1.164179104477612,0.49253731343283585,0.582089552238806,1.6567164179104479,0.08955223880597014,0.0,0.0,23.239598278335723,54.0,41.43646408839779,60.46511627906976,7.220199004975124
france,Ligue 1,2025,Wilfried Singo,25.0,D,Côte d'Ivoire,190.0,79.0,0,0,0.0,0.0,0.0,0.0,0.0,0,0,0,0.0,0,,,,,,,,,,,,,,,,,,,,,,,,,,,,
france,Ligue 1,2025,Wilitty Younoussa,24.0,M,Cameroon,174.0,66.0,2,1,103.0,1.0,0.0,0.0,0.0,0,0,1,0.0,0,0.0,3.495145631067961,0.8737864077669902,0.8737864077669902,0.0,0.8737864077669902,0.8737864077669902,30.58252427184466,1.7475728155339805,0.8737864077669902,0.0,0.8737864077669902,1.7475728155339805,9.611650485436893,4.368932038834951,0.0,0.0,0.8737864077669902,2.621359223300971,1.7475728155339805,0.8737864077669902,0.0,0.0,17.34285714285714,25.0,45.45454545454545,,7.139805825242719
france,Ligue 1,2025,Willem Geubbels,24.0,F,France,185.0,81.0,24,12,1019.0,5.0,0.0,0.0,0.0,1,0,0,0.0,0,0.8832188420019628,2.296368989205103,0.7948969578017665,0.4416094210009814,0.0,0.4416094210009814,0.35328753680078506,18.45927379784102,0.6182531894013739,0.2649656526005888,0.2649656526005888,0.5299313052011776,0.7948969578017665,10.245338567222767,3.3562315996074585,0.6182531894013739,0.08832188420019627,0.35328753680078506,0.2649656526005888,1.6781157998037293,0.0,0.0,0.0,8.842105263157896,34.61538461538461,32.758620689655174,14.285714285714285,6.6314960629921265
france,Ligue 1,2025,Willian Pacho,24.0,D,Ecuador,188.0,81.0,23,21,1915.0,0.0,0.0,0.0,0.0,0,0,0,0.0,0,0.09399477806788512,0.2819843342036554,0.04699738903394256,0.0,0.0,0.0,0.0,79.56657963446476,0.09399477806788512,1.8798955613577024,0.4699738903394256,1.1279373368146215,3.0078328981723237,6.1566579634464755,3.900783289817232,0.09399477806788512,0.04699738903394256,0.37597911227154046,0.3289817232375979,0.2819843342036554,0.0,0.0,0.0,77.7613703484938,16.666666666666664,63.358778625954194,50.0,6.9801044386422975
france,Ligue 1,2025,Wout Faes,27.0,D,Belgium,187.0,84.0,14,13,1141.0,0.0,0.0,0.0,0.0,0,0,3,0.0,0,0.0,0.31551270815074495,0.07887817703768624,0.0,0.0,0.0,0.0,61.682734443470636,0.07887817703768624,1.1831726555652935,0.8676599474145485,1.2620508326029798,2.4452234881682733,6.152497808939526,3.391761612620508,0.15775635407537247,0.07887817703768624,0.4732690622261175,0.23663453111305874,1.1042944785276074,0.23663453111305874,0.0,0.0,69.07928388746804,25.0,55.12820512820513,50.0,6.781945661700263
france,Ligue 1,2025,Yahia Jlidi,17.0,F,,,,0,0,0.0,0.0,0.0,0.0,0.0,0,0,0,0.0,0,,,,,,,,,,,,,,,,,,,,,,,,,,,,
france,Ligue 1,2025,Yanis Beau Djellel,20.0,F,,,,0,0,0.0,0.0,0.0,0.0,0.0,0,0,0,0.0,0,,,,,,,,,,,,,,,,,,,,,,,,,,,,
france,Ligue 1,2025,Yanis Khafi,19.0,M,,,,0,0,0.0,0.0,0.0,0.0,0.0,0,0,0,0.0,0,,,,,,,,,,,,,,,,,,,,,,,,,,,,
france,Ligue 1,2025,Yanis Zouaoui,27.0,D,France,183.0,75.0,30,28,2348.0,1.0,1.0,0.0,1.0,1,0,7,0.0,0,0.03833049403747871,0.383304940374787,0.1916524701873935,0.03833049403747871,0.03833049403747871,0.07666098807495741,0.0,36.56729131175468,1.3415672913117547,1.8398637137989777,0.49829642248722317,0.9965928449744463,2.836456558773424,8.241056218057922,4.254684838160136,1.916524701873935,0.766609880749574,0.6132879045996593,0.9965928449744463,0.8432708688245315,0.2683134582623509,0.0,0.0,28.19287211740042,50.0,51.627906976744185,40.0,6.64493185689949
france,Ligue 1,2025,Yann Gboho,24.0,F,France,178.0,63.0,31,30,2608.0,8.0,3.0,0.0,0.0,0,0,1,0.0,1,0.17254601226993865,1.1733128834355828,0.5521472392638037,0.27607361963190186,0.1035276073619632,0.379601226993865,0.27607361963190186,27.53834355828221,1.9670245398773005,0.8972392638036809,0.03450920245398773,0.48312883435582826,1.3803680981595092,12.595858895705522,6.004601226993866,5.3489263803680975,2.6572085889570554,0.5866564417177914,2.3811349693251533,0.5521472392638037,0.03450920245398773,0.0,0.03450920245398773,24.703007518796994,47.05882352941176,47.671232876712324,49.67741935483871,7.2278374233128835
france,Ligue 1,2025,Yann Lienard,22.0,G,France,194.0,83.0,0,0,0.0,0.0,0.0,0.0,0.0,0,0,0,0.0,0,,,,,,,,,,,,,,,,,,,,,,,,,,,,
france,Ligue 1,2025,Yann Llahona,,G,,,,0,0,0.0,0.0,0.0,0.0,0.0,0,0,0,0.0,0,,,,,,,,,,,,,,,,,,,,,,,,,,,,
france,Ligue 1,2025,Yannis Lawson,21.0,D,Belgium,178.0,,0,0,0.0,0.0,0.0,0.0,0.0,0,0,0,0.0,0,,,,,,,,,,,,,,,,,,,,,,,,,,,,
france,Ligue 1,2025,Yassin Belkhdim,23.0,M,France,175.0,70.0,27,26,2149.0,2.0,2.0,0.0,0.0,0,0,5,0.0,0,0.08375988832014891,1.005118659841787,0.5863192182410424,0.08375988832014891,0.08375988832014891,0.16751977664029782,0.08375988832014891,30.3210795718939,0.6281991624011168,2.470916705444393,0.25127966496044674,1.5076779897626802,3.978594695207073,7.99906933457422,4.313634248487669,0.7538389948813401,0.20939972080037228,0.7957189390414146,1.2145183806421591,1.2145183806421591,0.20939972080037228,0.0,0.0,29.12707182320442,58.333333333333336,53.92670157068062,27.77777777777778,6.800093066542578
france,Ligue 1,2025,Yassine Benhattab,23.0,M,France,170.0,59.0,10,5,477.0,0.0,0.0,0.0,0.0,0,0,0,0.0,0,0.18867924528301888,0.37735849056603776,0.18867924528301888,0.0,0.0,0.0,0.0,26.60377358490566,1.3207547169811322,1.8867924528301887,0.0,0.0,1.8867924528301887,7.924528301886792,4.150943396226415,2.830188679245283,1.509433962264151,0.37735849056603776,0.5660377358490566,0.5660377358490566,0.0,0.0,0.0,13.659574468085106,50.0,52.38095238095239,53.333333333333336,6.60272536687631
france,Ligue 1,2025,Yassine Kechta,23.0,M,Morocco,174.0,68.0,30,14,1348.0,2.0,1.0,0.0,0.0,0,0,4,0.0,0,0.20029673590504452,1.0682492581602374,0.6008902077151335,0.13353115727002968,0.06676557863501484,0.20029673590504452,0.13353115727002968,27.9080118694362,1.0014836795252227,2.136498516320475,0.26706231454005935,1.1350148367952522,3.271513353115727,11.350148367952523,3.8724035608308607,1.6691394658753709,0.46735905044510384,1.7359050445103859,1.0682492581602374,2.3367952522255195,0.26706231454005935,0.0,0.0,15.901913875598087,56.25,34.11764705882353,28.000000000000004,6.565824665676078
france,Ligue 1,2025,Yassir Zabiri,20.0,F,Morocco,177.0,69.0,6,0,63.0,0.0,0.0,0.0,0.0,0,0,0,0.0,0,0.0,5.7142857142857135,2.8571428571428568,0.0,0.0,0.0,0.0,18.57142857142857,0.0,4.285714285714286,1.4285714285714284,0.0,4.285714285714286,22.857142857142854,8.571428571428571,2.8571428571428568,2.8571428571428568,0.0,0.0,8.571428571428571,0.0,0.0,0.0,2.6153846153846154,50.0,37.5,100.0,6.542857142857143
france,Ligue 1,2025,Yaya Diémé,18.0,F,,,,3,2,155.0,0.0,0.0,1.0,0.0,0,0,2,0.0,0,0.5806451612903226,0.5806451612903226,0.5806451612903226,0.0,0.0,0.0,0.0,9.870967741935484,0.0,0.0,0.0,0.0,0.0,6.387096774193548,0.5806451612903226,0.0,0.0,0.0,0.5806451612903226,2.3225806451612905,1.1612903225806452,0.0,0.0,5.882352941176471,100.0,9.090909090909092,,6.45741935483871
france,Ligue 1,2025,Yehvann Diouf,26.0,G,France,188.0,74.0,28,28,2520.0,0.0,0.0,0.0,0.0,0,0,0,0.0,0,0.0,0.0,0.0,0.0,0.0,0.0,0.0,26.321428571428573,0.0,0.0,0.0,0.07142857142857142,0.07142857142857142,0.6071428571428572,0.4285714285714286,0.03571428571428571,0.03571428571428571,0.03571428571428571,0.17857142857142855,0.0,0.0,0.0,0.0,19.07327001356852,,70.58823529411765,100.0,6.985714285714286
france,Ligue 1,2025,Yoan Koré,21.0,D,France,187.0,75.0,0,0,0.0,0.0,0.0,0.0,0.0,0,0,0,0.0,0,,,,,,,,,,,,,,,,,,,,,,,,,,,,
france,Ligue 1,2025,Yoann Becker,17.0,D,,,,0,0,0.0,0.0,0.0,0.0,0.0,0,0,0,0.0,0,,,,,,,,,,,,,,,,,,,,,,,,,,,,
france,Ligue 1,2025,Younes Namli,31.0,F,Denmark,180.0,70.0,12,3,340.0,0.0,1.0,0.0,0.0,0,0,2,0.0,0,0.5294117647058824,0.5294117647058824,0.0,0.0,0.2647058823529412,0.2647058823529412,0.0,29.91176470588235,0.7941176470588235,2.3823529411764706,0.0,1.588235294117647,3.9705882352941178,12.176470588235293,5.5588235294117645,1.588235294117647,1.3235294117647058,1.3235294117647058,1.0588235294117647,2.1176470588235294,0.5294117647058824,0.0,0.0,10.548672566371682,0.0,45.65217391304348,83.33333333333334,6.620294117647059
france,Ligue 1,2025,Youssef El Arabi,38.0,F,Morocco,183.0,70.0,25,11,979.0,3.0,0.0,2.0,0.0,0,1,0,0.0,0,0.9193054136874361,1.195097037793667,0.8273748723186926,0.2757916241062308,0.0,0.2757916241062308,0.2757916241062308,24.269662921348313,0.8273748723186926,1.1031664964249233,0.09193054136874362,0.2757916241062308,1.3789581205311543,14.24923391215526,5.975485188968334,1.8386108273748722,0.5515832482124616,0.45965270684371806,2.1144024514811033,2.0224719101123596,0.0,0.0,0.0,10.23076923076923,69.23076923076923,41.935483870967744,30.0,6.612053115423903
france,Ligue 1,2025,Youssouf Ndayishimiye,27.0,M,Burundi,183.0,79.0,2,1,72.0,0.0,0.0,0.0,0.0,0,0,0,0.0,1,0.0,0.0,0.0,0.0,0.0,0.0,0.0,23.75,0.0,0.0,1.25,2.5,2.5,5.0,1.25,0.0,0.0,0.0,0.0,2.5,0.0,0.0,1.25,11.736842105263158,,25.0,,5.752777777777777
france,Ligue 1,2025,Yvan Zaddy,19.0,F,,,,1,0,1.0,0.0,0.0,0.0,0.0,0,0,0,0.0,0,0.0,0.0,0.0,0.0,0.0,0.0,0.0,270.0,0.0,0.0,0.0,0.0,0.0,0.0,0.0,0.0,0.0,0.0,0.0,0.0,0.0,0.0,0.0,3.0,,,,
france,Ligue 1,2025,Yvann Konan,18.0,G,Côte d'Ivoire,,,0,0,0.0,0.0,0.0,0.0,0.0,0,0,0,0.0,0,,,,,,,,,,,,,,,,,,,,,,,,,,,,
france,Ligue 1,2025,Yvon Mvogo,31.0,G,Switzerland,190.0,88.0,31,31,2790.0,0.0,0.0,0.0,0.0,0,0,0,0.0,0,0.0,0.0,0.0,0.0,0.0,0.0,0.0,36.193548387096776,0.0,0.03225806451612903,0.0,0.03225806451612903,0.06451612903225806,0.5806451612903226,0.45161290322580644,0.03225806451612903,0.03225806451612903,0.06451612903225806,0.12903225806451613,0.0,0.0,0.0,0.0,30.180926916221033,,77.77777777777779,100.0,7.006451612903226
france,Ligue 1,2025,Zoumana Diallo,20.0,F,France,185.0,,1,0,9.0,0.0,0.0,0.0,0.0,0,0,0,0.0,0,0.0,0.0,0.0,0.0,0.0,0.0,0.0,10.0,10.0,0.0,0.0,0.0,0.0,30.0,10.0,0.0,0.0,0.0,10.0,20.0,0.0,0.0,0.0,,,33.33333333333333,,6.3
france,Ligue 1,2025,Zuriko Davitashvili,24.0,M,Georgia,175.0,63.0,3,3,269.0,1.0,0.0,0.0,0.0,1,0,0,0.0,0,0.33457249070631967,1.3382899628252787,0.33457249070631967,0.33457249070631967,0.0,0.33457249070631967,0.0,31.449814126394052,2.342007434944238,0.33457249070631967,0.0,0.0,0.33457249070631967,7.695167286245353,3.011152416356877,3.011152416356877,1.003717472118959,0.6691449814126393,1.003717472118959,0.6691449814126393,0.0,0.0,0.0,28.638297872340427,25.0,39.130434782608695,33.33333333333333,7.270260223048327
france,Ligue 1,2025,Étienne Youte Kinkoue,23.0,D,France,196.0,88.0,9,4,434.0,0.0,0.0,0.0,0.0,0,0,2,0.0,0,0.0,0.0,0.0,0.0,0.0,0.0,0.0,41.68202764976959,0.2073732718894009,1.2442396313364057,1.8663594470046083,0.2073732718894009,1.4516129032258065,3.7327188940092166,2.0737327188940093,0.0,0.0,0.2073732718894009,0.2073732718894009,0.6221198156682028,0.4147465437788018,0.0,0.0,38.785,,55.55555555555556,,7.117782909930716
