country,league,season,player_name,age,position,nationality,height,weight,appearances,starts,minutes,goals_total,assists,penalty_won,penalty_committed,penalty_scored,penalty_missed,yellow_cards,yellowred_cards,red_cards,offsides_per90,shots_total_per90,shots_on_per90,goals_total_per90,assists_per90,goals_plus_assists_per90,non_penalty_goals_per90,passes_total_per90,passes_key_per90,tackles_total_per90,blocks_per90,interceptions_per90,tackles_plus_interceptions_per90,duels_total_per90,duels_won_per90,dribbles_attempts_per90,dribbles_success_per90,dribbles_past_per90,fouls_drawn_per90,fouls_committed_per90,yellow_cards_per90,yellowred_cards_per90,red_cards_per90,passes_accuracy_pct,shots_on_target_pct,duels_won_pct,dribbles_success_pct,rating_weighted
italy,Serie A,2025,Aarón Martín,28.0,D,Spain,180.0,72.0,33,26,2185.0,1.0,5.0,1.0,1.0,0,1,1,0.0,0,0.0,0.20594965675057209,0.16475972540045766,0.041189931350114416,0.20594965675057209,0.24713958810068648,0.041189931350114416,30.356979405034327,2.553775743707094,1.77116704805492,0.45308924485125857,0.41189931350114417,2.183066361556064,7.249427917620137,3.789473684210526,1.0709382151029747,0.5354691075514874,0.2883295194508009,1.1121281464530892,1.276887871853547,0.041189931350114416,0.0,0.0,24.58423913043478,80.0,52.27272727272727,50.0,6.995183486238532
italy,Serie A,2025,Abdelhamid Sabiri,29.0,M,Morocco,183.0,80.0,1,0,26.0,0.0,0.0,0.0,0.0,0,0,0,0.0,0,0.0,3.4615384615384617,0.0,0.0,0.0,0.0,0.0,65.76923076923076,10.384615384615385,6.923076923076923,0.0,0.0,6.923076923076923,20.76923076923077,10.384615384615385,0.0,0.0,3.4615384615384617,3.4615384615384617,3.4615384615384617,0.0,0.0,0.0,13.0,0.0,50.0,,6.9
italy,Serie A,2025,Abdou Harroui,27.0,M,Morocco,182.0,76.0,23,11,929.0,1.0,0.0,0.0,0.0,1,0,3,0.0,0,0.193756727664155,0.581270182992465,0.193756727664155,0.0968783638320775,0.0,0.0968783638320775,0.0,34.973089343379975,1.356297093649085,2.6157158234660924,0.48439181916038754,0.0968783638320775,2.71259418729817,10.656620021528525,3.8751345532831003,2.32508073196986,1.0656620021528525,0.77502691065662,0.0968783638320775,2.131324004305705,0.2906350914962325,0.0,0.0,18.678670360110804,33.33333333333333,36.36363636363637,45.83333333333333,6.4900755124056095
italy,Serie A,2025,Abdou-Salam Konate,18.0,M,,,,0,0,0.0,0.0,0.0,0.0,0.0,0,0,0,0.0,0,,,,,,,,,,,,,,,,,,,,,,,,,,,,
italy,Serie A,2025,Abdoulaye Camara,17.0,M,France,186.0,68.0,1,0,11.0,0.0,0.0,0.0,0.0,0,0,0,0.0,0,0.0,0.0,0.0,0.0,0.0,0.0,0.0,73.63636363636364,8.181818181818182,0.0,0.0,0.0,0.0,8.181818181818182,0.0,0.0,0.0,0.0,0.0,0.0,0.0,0.0,0.0,9.0,,0.0,,6.9
italy,Serie A,2025,Abdoulaye Ndiaye,23.0,D,Senegal,185.0,75.0,11,9,780.0,0.0,0.0,0.0,1.0,0,0,5,0.0,1,0.0,0.6923076923076923,0.0,0.0,0.0,0.0,0.0,48.80769230769231,0.11538461538461539,1.9615384615384615,0.34615384615384615,1.3846153846153846,3.3461538461538463,10.961538461538462,6.230769230769231,0.34615384615384615,0.23076923076923078,0.8076923076923076,1.3846153846153846,1.5,0.5769230769230769,0.0,0.11538461538461539,37.48936170212766,0.0,56.84210526315789,66.66666666666666,6.675769230769231
italy,Serie A,2025,Adam Buksa,29.0,F,Poland,191.0,78.0,25,6,926.0,3.0,0.0,0.0,0.0,0,0,3,0.0,0,0.2915766738660907,0.7775377969762419,0.5831533477321814,0.2915766738660907,0.0,0.2915766738660907,0.2915766738660907,17.591792656587476,1.0691144708423326,0.9719222462203023,0.0,0.19438444924406048,1.1663066954643628,16.52267818574514,7.775377969762419,0.9719222462203023,0.19438444924406048,0.5831533477321814,1.5550755939524838,2.3326133909287257,0.2915766738660907,0.0,0.0,6.414364640883978,75.0,47.05882352941176,20.0,6.678054054054054
italy,Serie A,2025,Adam Marušić,33.0,D,Montenegro,185.0,76.0,33,32,2783.0,1.0,2.0,0.0,0.0,0,0,1,0.0,1,0.03233920229967661,0.42040962989579594,0.22637441609773626,0.03233920229967661,0.06467840459935321,0.09701760689902982,0.03233920229967661,49.60833632770392,0.2910528206970895,1.1318720804886813,0.38807042759611926,1.067193675889328,2.199065756378009,5.62702120014373,2.8781890046712184,0.6467840459935321,0.19403521379805963,0.2910528206970895,0.582105641394179,0.7114624505928854,0.03233920229967661,0.0,0.03233920229967661,46.29661016949152,53.84615384615385,51.14942528735632,30.0,6.671469637082286
italy,Serie A,2025,Adam Masina,31.0,D,Morocco,189.0,78.0,5,2,232.0,0.0,1.0,0.0,0.0,0,0,0,0.0,0,0.0,0.0,0.0,0.0,0.3879310344827586,0.3879310344827586,0.0,38.4051724137931,0.7758620689655172,2.7155172413793105,0.3879310344827586,1.9396551724137931,4.655172413793103,10.862068965517242,4.655172413793103,1.5517241379310345,0.3879310344827586,0.3879310344827586,0.7758620689655172,2.3275862068965516,0.0,0.0,0.0,29.11111111111111,,42.857142857142854,25.0,5.710344827586207
italy,Serie A,2025,Adam Obert,23.0,D,Slovakia,188.0,84.0,35,33,2788.0,0.0,3.0,0.0,0.0,0,0,10,0.0,1,0.0,0.2582496413199426,0.09684361549497847,0.0,0.09684361549497847,0.09684361549497847,0.0,39.02797704447633,0.8715925394548063,2.1951219512195124,0.5810616929698709,1.3558106169296986,3.5509325681492108,7.715208034433285,4.131994261119082,0.8070301291248206,0.5164992826398852,0.4842180774748924,0.4196556671449067,1.291248206599713,0.32281205164992827,0.0,0.032281205164992825,33.7468982630273,37.5,53.55648535564853,64.0,6.863522238163558
italy,Serie A,2025,Ademola Lookman,28.0,F,Nigeria,174.0,71.0,12,9,797.0,2.0,0.0,0.0,0.0,0,0,0,0.0,0,0.45169385194479295,1.468005018820577,0.9033877038895859,0.22584692597239647,0.0,0.22584692597239647,0.22584692597239647,27.101631116687578,2.0326223337515685,0.5646173149309912,0.0,0.33877038895859474,0.9033877038895859,7.904642409033877,3.5006273525721454,3.3877038895859473,1.8067754077791718,0.22584692597239647,0.9033877038895859,1.1292346298619824,0.0,0.0,0.0,19.770833333333332,61.53846153846154,44.285714285714285,53.333333333333336,6.830604534005038
italy,Serie A,2025,Adi Kurti,19.0,D,Albania,194.0,,0,0,0.0,0.0,0.0,0.0,0.0,0,0,0,0.0,0,,,,,,,,,,,,,,,,,,,,,,,,,,,,
italy,Serie A,2025,Adrian Benedyczak,25.0,F,Poland,191.0,78.0,14,5,486.0,1.0,1.0,0.0,0.0,1,0,1,0.0,0,0.1851851851851852,1.2962962962962963,0.5555555555555556,0.1851851851851852,0.1851851851851852,0.3703703703703704,0.0,17.77777777777778,1.6666666666666665,1.1111111111111112,0.1851851851851852,0.0,1.1111111111111112,12.777777777777777,5.7407407407407405,0.7407407407407408,0.0,0.7407407407407408,1.1111111111111112,1.6666666666666665,0.1851851851851852,0.0,0.0,6.666666666666667,42.857142857142854,44.927536231884055,0.0,6.668865979381444
italy,Serie A,2025,Adrian Lahdo,18.0,M,Sweden,,,0,0,0.0,0.0,0.0,0.0,0.0,0,0,0,0.0,0,,,,,,,,,,,,,,,,,,,,,,,,,,,,
italy,Serie A,2025,Adrian Lickunas,19.0,F,,,,0,0,0.0,0.0,0.0,0.0,0.0,0,0,0,0.0,0,,,,,,,,,,,,,,,,,,,,,,,,,,,,
italy,Serie A,2025,Adrian Malovec,18.0,G,Slovakia,,,0,0,0.0,0.0,0.0,0.0,0.0,0,0,0,0.0,0,,,,,,,,,,,,,,,,,,,,,,,,,,,,
italy,Serie A,2025,Adrian Przyborek,18.0,M,Poland,184.0,72.0,1,0,8.0,0.0,0.0,0.0,0.0,0,0,0,0.0,0,0.0,11.25,0.0,0.0,0.0,0.0,0.0,90.0,0.0,0.0,0.0,0.0,0.0,0.0,0.0,0.0,0.0,0.0,0.0,0.0,0.0,0.0,0.0,7.0,0.0,,,6.7
italy,Serie A,2025,Adrian Šemper,27.0,G,Croatia,194.0,89.0,25,25,2250.0,0.0,0.0,0.0,0.0,0,0,0,0.0,0,0.0,0.0,0.0,0.0,0.0,0.0,0.0,29.84,0.0,0.0,0.0,0.0,0.0,0.72,0.64,0.0,0.0,0.04,0.24,0.0,0.0,0.0,0.0,19.273458445040216,,88.88888888888889,,6.948
italy,Serie A,2025,Adrien Rabiot,30.0,M,France,188.0,72.0,29,28,2550.0,6.0,4.0,1.0,0.0,0,0,6,0.0,1,0.24705882352941178,1.2000000000000002,0.4235294117647058,0.2117647058823529,0.1411764705882353,0.3529411764705882,0.2117647058823529,46.55294117647058,0.9529411764705882,2.011764705882353,0.1764705882352941,0.7058823529411764,2.7176470588235295,10.870588235294118,6.105882352941176,1.4470588235294117,0.7058823529411764,0.6705882352941177,1.9411764705882353,1.2352941176470589,0.2117647058823529,0.0,0.03529411764705882,42.3904473085671,35.294117647058826,56.16883116883117,48.78048780487805,7.25764705882353
italy,Serie A,2025,Adrien Tameze,31.0,M,France,180.0,78.0,24,12,1133.0,0.0,0.0,0.0,0.0,0,0,3,0.0,0,0.0,0.23830538393645193,0.0,0.0,0.0,0.0,0.0,40.750220653133276,0.6354810238305384,1.1915269196822595,0.47661076787290385,1.5887025595763458,2.7802294792586055,6.990291262135922,3.2568402471315094,0.39717563989408644,0.0,0.5560458958517212,0.5560458958517212,1.2709620476610768,0.23830538393645193,0.0,0.0,27.667318982387474,0.0,46.590909090909086,0.0,6.509452296819788
italy,Serie A,2025,Adrián Bernabé,24.0,M,Spain,170.0,66.0,32,31,2493.0,3.0,1.0,0.0,0.0,0,0,0,0.0,0,0.036101083032490974,1.0469314079422383,0.4332129963898917,0.10830324909747292,0.036101083032490974,0.1444043321299639,0.10830324909747292,45.77617328519856,1.9855595667870036,1.407942238267148,0.21660649819494585,0.6137184115523465,2.0216606498194944,8.231046931407942,4.296028880866426,1.5162454873646207,0.5415162454873647,1.1191335740072204,2.2021660649819497,0.5415162454873647,0.0,0.0,0.0,39.65141955835962,41.37931034482759,52.19298245614035,35.714285714285715,7.077858002406738
italy,Serie A,2025,Agustín Albarracín,20.0,F,Uruguay,175.0,63.0,2,0,31.0,0.0,0.0,0.0,0.0,0,0,0,0.0,0,0.0,0.0,0.0,0.0,0.0,0.0,0.0,46.45161290322581,0.0,0.0,0.0,0.0,0.0,14.516129032258064,8.709677419354838,2.903225806451613,0.0,2.903225806451613,8.709677419354838,0.0,0.0,0.0,0.0,7.125,,60.0,0.0,6.5451612903225795
italy,Serie A,2025,Agustín Álvarez,24.0,F,Uruguay,177.0,75.0,0,0,0.0,0.0,0.0,0.0,0.0,0,0,0,0.0,0,,,,,,,,,,,,,,,,,,,,,,,,,,,,
italy,Serie A,2025,Alain Taho,18.0,G,Albania,,,0,0,0.0,0.0,0.0,0.0,0.0,0,0,0,0.0,0,,,,,,,,,,,,,,,,,,,,,,,,,,,,
italy,Serie A,2025,Albert Grønbæk,24.0,M,Denmark,176.0,65.0,4,1,107.0,0.0,0.0,0.0,0.0,0,0,1,0.0,0,0.0,0.8411214953271028,0.8411214953271028,0.0,0.0,0.0,0.0,14.299065420560746,1.6822429906542056,3.364485981308411,0.0,0.0,3.364485981308411,11.775700934579438,6.728971962616822,5.046728971962617,1.6822429906542056,0.0,0.8411214953271028,0.8411214953271028,0.8411214953271028,0.0,0.0,6.764705882352941,100.0,57.14285714285714,33.33333333333333,6.813084112149533
italy,Serie A,2025,Albert Guðmundsson,28.0,F,Iceland,177.0,80.0,33,27,2262.0,5.0,4.0,1.0,0.0,3,0,4,0.0,1,0.23872679045092837,1.1140583554376657,0.596816976127321,0.19893899204244034,0.15915119363395225,0.35809018567639256,0.07957559681697612,33.38196286472149,1.273209549071618,0.3183023872679045,0.11936339522546419,0.11936339522546419,0.43766578249336874,6.883289124668435,2.4270557029177717,1.5517241379310345,0.7957559681697614,0.9151193633952255,1.193633952254642,1.3527851458885942,0.15915119363395225,0.0,0.03978779840848806,27.865315852205008,53.57142857142857,35.26011560693642,51.28205128205128,6.761980548187445
italy,Serie A,2025,Albert Navarro,18.0,D,Spain,,,0,0,0.0,0.0,0.0,0.0,0.0,0,0,0,0.0,0,,,,,,,,,,,,,,,,,,,,,,,,,,,,
italy,Serie A,2025,Alberto Cerri,29.0,F,Italy,194.0,92.0,0,0,0.0,0.0,0.0,0.0,0.0,0,0,0,0.0,0,,,,,,,,,,,,,,,,,,,,,,,,,,,,
italy,Serie A,2025,Alberto Dossena,27.0,D,Italy,195.0,85.0,12,9,856.0,0.0,1.0,0.0,0.0,0,0,5,0.0,0,0.2102803738317757,0.6308411214953271,0.2102803738317757,0.0,0.10514018691588785,0.10514018691588785,0.0,48.154205607476634,0.31542056074766356,1.6822429906542056,0.9462616822429906,0.9462616822429906,2.628504672897196,7.464953271028037,4.521028037383178,0.10514018691588785,0.10514018691588785,0.5257009345794392,0.8411214953271028,1.1565420560747663,0.5257009345794392,0.0,0.0,49.2532751091703,33.33333333333333,60.56338028169014,100.0,6.769122807017545
italy,Serie A,2025,Alberto Grassi,30.0,M,Italy,183.0,75.0,30,18,1754.0,0.0,0.0,0.0,2.0,0,0,4,0.0,1,0.0,0.5131128848346637,0.20524515393386544,0.0,0.0,0.0,0.0,43.81984036488028,0.4104903078677309,1.1801596351197263,0.4618015963511973,1.6419612314709235,2.8221208665906503,6.413911060433295,3.8996579247434435,0.4618015963511973,0.4104903078677309,0.56442417331813,1.5393386545039909,0.8722919042189282,0.20524515393386544,0.0,0.05131128848346636,36.32786885245902,40.0,60.8,88.88888888888889,6.791329150028523
italy,Serie A,2025,Alberto Moreno,33.0,D,Spain,171.0,65.0,19,13,1240.0,2.0,1.0,1.0,0.0,0,0,4,0.0,0,0.21774193548387097,0.5806451612903226,0.2903225806451613,0.14516129032258066,0.07258064516129033,0.21774193548387097,0.14516129032258066,50.225806451612904,1.0887096774193548,1.596774193548387,0.07258064516129033,0.43548387096774194,2.032258064516129,6.895161290322581,3.4838709677419355,0.43548387096774194,0.07258064516129033,0.43548387096774194,0.8709677419354839,1.2338709677419355,0.2903225806451613,0.0,0.0,43.3106936416185,50.0,50.526315789473685,16.666666666666664,6.8939516129032254
italy,Serie A,2025,Alberto Paleari,33.0,G,Italy,193.0,88.0,29,29,2610.0,0.0,0.0,0.0,0.0,0,0,1,0.0,0,0.0,0.0,0.0,0.0,0.0,0.0,0.0,31.48275862068966,0.0,0.0,0.0,0.0,0.0,0.7586206896551724,0.6551724137931034,0.0,0.0,0.06896551724137931,0.24137931034482757,0.0,0.034482758620689655,0.0,0.0,21.34501642935378,,86.36363636363636,,7.089655172413793
italy,Serie A,2025,Alen Sherri,28.0,G,Albania,197.0,92.0,0,0,0.0,0.0,0.0,0.0,0.0,0,0,0,0.0,0,,,,,,,,,,,,,,,,,,,,,,,,,,,,
italy,Serie A,2025,Alessandro Bastoni,26.0,D,Italy,190.0,75.0,28,28,2249.0,1.0,4.0,0.0,0.0,0,0,6,0.0,0,0.0,0.5602489995553579,0.3201422854602045,0.040017785682525564,0.16007114273010226,0.20008892841262782,0.040017785682525564,74.03290351267229,1.0004446420631392,2.040907069808804,0.24010671409515338,0.920409070698088,2.9613161405068924,8.763895064473099,5.162294353045798,0.40017785682525564,0.24010671409515338,0.40017785682525564,0.8003557136505113,1.8008003557136503,0.24010671409515338,0.0,0.0,62.64432432432432,57.14285714285714,58.9041095890411,60.0,7.320809248554913
italy,Serie A,2025,Alessandro Buongiorno,26.0,D,Italy,190.0,86.0,33,28,2521.0,0.0,1.0,0.0,2.0,0,0,3,0.0,0,0.03570011900039667,0.21420071400238,0.10710035700119,0.0,0.03570011900039667,0.03570011900039667,0.0,65.97381991273305,0.10710035700119,1.1781039270130902,0.42840142800476,1.4280047600158665,2.6061086870289567,8.46092820309401,4.783815946053153,0.17850059500198331,0.03570011900039667,0.42840142800476,0.9282030940103133,1.7850059500198334,0.10710035700119,0.0,0.0,61.14393939393939,50.0,56.540084388185655,20.0,6.806981356604522
italy,Serie A,2025,Alessandro Calligaris,20.0,G,Italy,185.0,80.0,0,0,0.0,0.0,0.0,0.0,0.0,0,0,0,0.0,0,,,,,,,,,,,,,,,,,,,,,,,,,,,,
italy,Serie A,2025,Alessandro Cardinali,19.0,F,,,,1,0,45.0,0.0,0.0,0.0,0.0,0,0,0,0.0,0,0.0,0.0,0.0,0.0,0.0,0.0,0.0,18.0,0.0,0.0,0.0,0.0,0.0,4.0,0.0,2.0,0.0,0.0,0.0,0.0,0.0,0.0,0.0,8.0,,0.0,0.0,6.5
italy,Serie A,2025,Alessandro Ciardi,18.0,M,Italy,184.0,73.0,0,0,0.0,0.0,0.0,0.0,0.0,0,0,0,0.0,0,,,,,,,,,,,,,,,,,,,,,,,,,,,,
italy,Serie A,2025,Alessandro Circati,22.0,D,Australia,190.0,78.0,31,31,2666.0,1.0,0.0,0.0,1.0,0,0,6,0.0,0,0.0,0.1350337584396099,0.03375843960990248,0.03375843960990248,0.0,0.03375843960990248,0.03375843960990248,49.89497374343586,0.30382595648912225,1.4178544636159038,1.0127531882970742,0.8102025506376593,2.2280570142535634,7.49437359339835,4.726181545386346,0.20255063765941483,0.1350337584396099,0.20255063765941483,0.6076519129782445,1.0127531882970742,0.20255063765941483,0.0,0.0,49.276048714479025,25.0,63.06306306306306,66.66666666666666,7.028319579894974
italy,Serie A,2025,Alessandro Deiola,30.0,M,Italy,189.0,85.0,20,17,1435.0,0.0,2.0,0.0,0.0,0,0,3,0.0,0,0.43902439024390244,1.0034843205574913,0.43902439024390244,0.0,0.1254355400696864,0.1254355400696864,0.0,37.3170731707317,0.37630662020905925,2.1951219512195124,0.43902439024390244,0.8780487804878049,3.073170731707317,7.651567944250871,3.8257839721254356,0.313588850174216,0.18815331010452963,0.8780487804878049,0.7526132404181185,1.3797909407665505,0.18815331010452963,0.0,0.0,32.67226890756302,43.75,50.0,60.0,6.689198606271777
italy,Serie A,2025,Alessandro Di Pardo,26.0,D,Italy,182.0,76.0,3,0,60.0,0.0,0.0,0.0,0.0,0,0,0,0.0,0,0.0,1.5,0.0,0.0,0.0,0.0,0.0,25.5,0.0,1.5,1.5,0.0,1.5,7.5,3.0,0.0,0.0,3.0,1.5,0.0,0.0,0.0,0.0,9.823529411764707,0.0,40.0,,6.276271186440678
italy,Serie A,2025,Alessandro Gabrielloni,31.0,F,Italy,178.0,70.0,0,0,0.0,0.0,0.0,0.0,0.0,0,0,0,0.0,0,,,,,,,,,,,,,,,,,,,,,,,,,,,,
italy,Serie A,2025,Alessandro Marcandalli,23.0,D,Italy,195.0,80.0,32,29,2606.0,0.0,2.0,0.0,0.0,0,0,4,0.0,0,0.0,0.13814274750575595,0.06907137375287797,0.0,0.06907137375287797,0.06907137375287797,0.0,42.54796623177283,0.34535686876438987,1.1396776669224866,0.37989255564082886,0.6907137375287797,1.8303914044512664,6.078280890253262,3.5917114351496546,0.3108211818879509,0.13814274750575595,0.10360706062931696,0.37989255564082886,0.7943207981580966,0.13814274750575595,0.0,0.0,40.000811688311686,50.0,59.09090909090909,44.44444444444444,6.687643898695319
italy,Serie A,2025,Alessandro Mazzocchi,17.0,G,,,,0,0,0.0,0.0,0.0,0.0,0.0,0,0,0,0.0,0,,,,,,,,,,,,,,,,,,,,,,,,,,,,
italy,Serie A,2025,Alessandro Nunziante,18.0,G,Italy,194.0,,0,0,0.0,0.0,0.0,0.0,0.0,0,0,0,0.0,0,,,,,,,,,,,,,,,,,,,,,,,,,,,,
italy,Serie A,2025,Alessandro Romano,19.0,M,Switzerland,180.0,73.0,2,0,10.0,0.0,0.0,0.0,0.0,0,0,0,0.0,0,0.0,0.0,0.0,0.0,0.0,0.0,0.0,62.99999999999999,0.0,0.0,0.0,0.0,0.0,36.0,9.0,9.0,9.0,9.0,0.0,18.0,0.0,0.0,0.0,3.4285714285714284,,25.0,100.0,6.3
italy,Serie A,2025,Alessandro Sabino Russo,19.0,M,,,,0,0,0.0,0.0,0.0,0.0,0.0,0,0,0,0.0,0,,,,,,,,,,,,,,,,,,,,,,,,,,,,
italy,Serie A,2025,Alessandro Vinciguerra,20.0,F,Italy,167.0,58.0,0,0,0.0,0.0,0.0,0.0,0.0,0,0,0,0.0,0,,,,,,,,,,,,,,,,,,,,,,,,,,,,
italy,Serie A,2025,Alessandro Zanoli,25.0,M,Italy,188.0,74.0,19,16,1290.0,1.0,2.0,0.0,0.0,0,0,1,0.0,0,0.06976744186046512,0.20930232558139533,0.06976744186046512,0.06976744186046512,0.13953488372093023,0.20930232558139533,0.06976744186046512,24.27906976744186,1.0465116279069768,1.744186046511628,0.3488372093023256,0.4883720930232558,2.2325581395348837,8.023255813953488,4.255813953488372,2.302325581395349,0.9767441860465116,0.627906976744186,0.3488372093023256,1.1162790697674418,0.06976744186046512,0.0,0.0,16.586206896551722,33.33333333333333,53.04347826086957,42.42424242424242,6.8712403100775195
italy,Serie A,2025,Alessio Furlanetto,23.0,G,Italy,191.0,84.0,2,2,180.0,0.0,0.0,0.0,0.0,0,0,0,0.0,0,0.0,0.0,0.0,0.0,0.0,0.0,0.0,22.5,0.0,0.0,0.0,0.0,0.0,0.0,0.0,0.0,0.0,0.0,0.0,0.0,0.0,0.0,0.0,18.533333333333335,,,,6.95
italy,Serie A,2025,Alessio Romagnoli,30.0,D,Italy,185.0,75.0,32,31,2667.0,0.0,0.0,0.0,0.0,0,0,6,0.0,1,0.0,0.30371203599550056,0.13498312710911137,0.0,0.0,0.0,0.0,67.52530933633297,0.10123734533183353,0.7761529808773903,0.6749156355455568,1.079865016872891,1.8560179977502813,5.703037120359955,3.408323959505062,0.03374578177727784,0.03374578177727784,0.3374578177727784,0.5061867266591675,0.6074240719910011,0.20247469066366705,0.0,0.03374578177727784,69.96551724137932,44.44444444444444,59.76331360946746,100.0,7.003862017247844
italy,Serie A,2025,Alessio Zerbin,26.0,F,Italy,182.0,80.0,32,17,1655.0,0.0,3.0,0.0,0.0,0,0,1,0.0,0,0.3806646525679758,0.8157099697885197,0.3806646525679758,0.0,0.16314199395770393,0.16314199395770393,0.0,24.797583081570995,0.9244712990936557,2.175226586102719,0.16314199395770393,0.16314199395770393,2.3383685800604233,11.528700906344412,4.132930513595166,1.4682779456193353,0.4350453172205438,1.7945619335347431,1.0876132930513596,2.012084592145015,0.054380664652567974,0.0,0.0,15.891592920353983,46.666666666666664,35.84905660377358,29.629629629629626,6.530030211480363
italy,Serie A,2025,Alex Castiello,18.0,F,,,,0,0,0.0,0.0,0.0,0.0,0.0,0,0,0,0.0,0,,,,,,,,,,,,,,,,,,,,,,,,,,,,
italy,Serie A,2025,Alex Meret,28.0,G,Italy,190.0,82.0,11,11,980.0,0.0,1.0,0.0,1.0,0,0,1,0.0,0,0.0,0.0,0.0,0.0,0.09183673469387756,0.09183673469387756,0.0,32.142857142857146,0.09183673469387756,0.0,0.0,0.0,0.0,0.3673469387755102,0.1836734693877551,0.0,0.0,0.0,0.09183673469387756,0.09183673469387756,0.09183673469387756,0.0,0.0,28.36,,50.0,,6.792857142857143
italy,Serie A,2025,Alex Sala,24.0,M,Spain,185.0,77.0,9,2,182.0,0.0,1.0,0.0,0.0,0,0,0,0.0,0,0.0,1.4835164835164836,0.989010989010989,0.0,0.4945054945054945,0.4945054945054945,0.0,37.08791208791209,1.4835164835164836,1.978021978021978,0.0,1.4835164835164836,3.4615384615384617,14.835164835164836,4.945054945054945,0.4945054945054945,0.0,2.967032967032967,2.4725274725274726,2.967032967032967,0.0,0.0,0.0,10.76,66.66666666666666,33.33333333333333,0.0,6.470879120879121
italy,Serie A,2025,Alexis Saelemaekers,26.0,M,Belgium,180.0,72.0,35,33,2798.0,3.0,3.0,1.0,0.0,0,0,5,0.0,0,0.06433166547533953,0.9328091493924231,0.3538241601143674,0.09649749821300929,0.09649749821300929,0.19299499642601858,0.09649749821300929,42.651894210150104,1.6726233023588275,2.380271622587563,0.12866333095067906,0.9006433166547535,3.280914939242316,10.87205146533238,6.336669049320944,3.409578270192995,1.6082916368834883,0.9649749821300929,2.058613295210865,0.8363116511794138,0.16082916368834882,0.0,0.0,36.411764705882355,37.93103448275862,58.28402366863905,47.16981132075472,7.201322373123659
italy,Serie A,2025,Alexsandro Amorim,20.0,M,Brazil,177.0,68.0,11,6,561.0,0.0,0.0,0.0,1.0,0,0,1,0.0,0,0.16042780748663102,0.0,0.0,0.0,0.0,0.0,0.0,45.24064171122995,1.7647058823529411,2.5668449197860963,0.32085561497326204,1.2834224598930482,3.8502673796791442,11.550802139037435,6.737967914438502,1.4438502673796794,1.1229946524064172,2.2459893048128343,2.8877005347593587,1.1229946524064172,0.16042780748663102,0.0,0.0,29.5354609929078,,58.333333333333336,77.77777777777779,6.8430357142857146
italy,Serie A,2025,Ali Dembélé,21.0,D,France,185.0,69.0,2,0,24.0,0.0,0.0,0.0,0.0,0,0,0,0.0,0,0.0,3.75,0.0,0.0,0.0,0.0,0.0,22.5,0.0,0.0,0.0,0.0,0.0,7.5,3.75,3.75,0.0,0.0,0.0,0.0,0.0,0.0,0.0,2.5,0.0,50.0,0.0,6.55
italy,Serie A,2025,Alieu Fadera,24.0,F,Gambia,182.0,71.0,28,8,980.0,2.0,1.0,2.0,1.0,0,0,5,0.0,0,0.7346938775510204,0.7346938775510204,0.3673469387755102,0.1836734693877551,0.09183673469387756,0.2755102040816326,0.1836734693877551,23.60204081632653,0.6428571428571428,3.306122448979592,0.0,0.6428571428571428,3.9489795918367347,18.27551020408163,8.26530612244898,3.214285714285714,1.010204081632653,1.469387755102041,3.306122448979592,3.306122448979592,0.4591836734693877,0.0,0.0,11.15953307392996,50.0,45.22613065326633,31.428571428571427,6.716837782340862
italy,Serie A,2025,Alieu Njie,20.0,F,Sweden,171.0,60.0,15,2,311.0,1.0,1.0,0.0,0.0,0,0,2,0.0,0,0.0,1.7363344051446947,0.8681672025723474,0.28938906752411575,0.28938906752411575,0.5787781350482315,0.28938906752411575,17.652733118971064,0.8681672025723474,1.7363344051446947,0.0,0.0,1.7363344051446947,15.916398713826368,7.234726688102894,4.340836012861736,2.0257234726688105,0.28938906752411575,2.315112540192926,2.315112540192926,0.5787781350482315,0.0,0.0,5.322033898305085,50.0,45.45454545454545,46.666666666666664,6.662903225806452
italy,Serie A,2025,Alin Kumer,18.0,D,Slovenia,,,0,0,0.0,0.0,0.0,0.0,0.0,0,0,0,0.0,0,,,,,,,,,,,,,,,,,,,,,,,,,,,,
italy,Serie A,2025,Alisson Santos,23.0,F,Brazil,177.0,82.0,14,9,836.0,4.0,0.0,0.0,0.0,0,0,1,0.0,0,0.10765550239234449,2.3684210526315788,1.7224880382775118,0.43062200956937796,0.0,0.43062200956937796,0.43062200956937796,30.789473684210527,1.507177033492823,2.15311004784689,0.10765550239234449,0.21531100478468898,2.3684210526315788,12.811004784688995,7.105263157894736,6.136363636363636,3.6602870813397126,0.5382775119617225,0.8612440191387559,0.43062200956937796,0.10765550239234449,0.0,0.0,20.895104895104897,72.72727272727273,55.46218487394958,59.64912280701754,7.4503588516746415
italy,Serie A,2025,Amin Sarr,24.0,F,Sweden,188.0,83.0,34,9,1087.0,0.0,1.0,0.0,0.0,0,0,2,0.0,1,0.5795768169273229,1.076356945722171,0.49678012879484823,0.0,0.0827966881324747,0.0827966881324747,0.0,23.76264949402024,1.2419503219871206,1.2419503219871206,0.0,0.24839006439742412,1.4903403863845446,17.47010119595216,7.0377184912603505,1.904323827046918,0.8279668813247469,0.3311867525298988,1.8215271389144432,2.0699172033118676,0.1655933762649494,0.0,0.0827966881324747,8.24390243902439,46.15384615384615,40.28436018957346,43.47826086956522,6.524195032198712
italy,Serie A,2025,Amir Richardson,23.0,M,Morocco,197.0,79.0,2,0,40.0,0.0,0.0,0.0,0.0,0,0,0,0.0,0,0.0,2.25,0.0,0.0,0.0,0.0,0.0,65.25,0.0,2.25,0.0,0.0,2.25,27.0,13.5,9.0,2.25,0.0,6.75,2.25,0.0,0.0,0.0,10.482758620689655,0.0,50.0,25.0,6.5725
italy,Serie A,2025,Amir Rrahmani,31.0,D,Kosovo,192.0,87.0,21,21,1800.0,2.0,1.0,0.0,2.0,0,0,2,0.0,0,0.1,0.55,0.2,0.1,0.05,0.15000000000000002,0.1,83.6,0.35,1.1,0.5,1.2000000000000002,2.3000000000000003,8.25,5.3999999999999995,0.2,0.1,0.1,0.8,1.0,0.1,0.0,0.0,84.97607655502392,36.36363636363637,65.45454545454545,50.0,7.271833333333333
italy,Serie A,2025,Anastasios Douvikas,26.0,F,Greece,186.0,76.0,38,25,2278.0,14.0,1.0,2.0,0.0,1,0,0,0.0,0,0.276558384547849,1.9359086918349429,1.1852502194907815,0.553116769095698,0.03950834064969271,0.5926251097453907,0.5136084284460052,12.563652326602284,0.9086918349429324,0.5136084284460052,0.15803336259877085,0.15803336259877085,0.6716417910447761,9.442493415276559,3.9508340649692713,1.3037752414398596,0.5136084284460052,0.276558384547849,1.6593503072870939,1.4223002633889377,0.0,0.0,0.0,8.40566037735849,61.224489795918366,41.84100418410041,39.39393939393939,6.972036874451272
italy,Serie A,2025,Andrea Belotti,32.0,F,Italy,181.0,72.0,8,3,233.0,2.0,0.0,1.0,0.0,1,0,0,0.0,0,1.5450643776824033,2.3175965665236054,1.5450643776824033,0.7725321888412017,0.0,0.7725321888412017,0.38626609442060084,11.974248927038627,0.38626609442060084,0.38626609442060084,0.0,1.5450643776824033,1.9313304721030042,14.291845493562231,6.180257510729613,1.5450643776824033,0.38626609442060084,0.38626609442060084,3.8626609442060085,1.1587982832618027,0.0,0.0,0.0,11.482758620689655,66.66666666666666,43.24324324324324,25.0,7.104329004329004
italy,Serie A,2025,Andrea Cambiaso,25.0,M,Italy,182.0,77.0,36,35,2794.0,3.0,4.0,0.0,0.0,0,0,3,0.0,0,0.06442376521116679,0.7408732999284181,0.4187544738725841,0.09663564781675019,0.12884753042233357,0.22548317823908376,0.09663564781675019,49.76735862562634,1.80386542591267,1.9649248389405871,0.22548317823908376,0.6442376521116678,2.609162491052255,6.506800286327845,3.2211882605583395,0.8697208303507515,0.28990694345025053,0.6442376521116678,0.6764495347172512,0.9341445955619184,0.09663564781675019,0.0,0.0,41.47508090614887,56.52173913043478,49.504950495049506,33.33333333333333,6.917895490336435
italy,Serie A,2025,Andrea Cogoni,19.0,D,Italy,188.0,74.0,0,0,0.0,0.0,0.0,0.0,0.0,0,0,0,0.0,0,,,,,,,,,,,,,,,,,,,,,,,,,,,,
italy,Serie A,2025,Andrea Ghion,25.0,M,Italy,174.0,,1,0,9.0,0.0,0.0,0.0,0.0,0,0,0,0.0,0,0.0,0.0,0.0,0.0,0.0,0.0,0.0,10.0,0.0,10.0,0.0,0.0,10.0,10.0,10.0,0.0,0.0,0.0,0.0,0.0,0.0,0.0,0.0,1.0,,100.0,,6.6
italy,Serie A,2025,Andrea Le Borgne,19.0,M,,,,1,0,1.0,0.0,0.0,0.0,0.0,0,0,0,0.0,0,0.0,0.0,0.0,0.0,0.0,0.0,0.0,90.0,0.0,0.0,0.0,0.0,0.0,0.0,0.0,0.0,0.0,0.0,0.0,0.0,0.0,0.0,0.0,1.0,,,,
italy,Serie A,2025,Andrea Pinamonti,26.0,F,Italy,188.0,72.0,36,32,2576.0,9.0,3.0,1.0,0.0,0,1,2,0.0,1,0.45419254658385094,1.9914596273291925,1.0481366459627328,0.3144409937888199,0.1048136645962733,0.4192546583850932,0.3144409937888199,16.350931677018636,0.593944099378882,0.3843167701863354,0.06987577639751552,0.03493788819875776,0.4192546583850932,9.083850931677018,3.5986024844720497,0.6638198757763976,0.17468944099378883,0.1048136645962733,1.1529503105590062,0.4891304347826087,0.06987577639751552,0.0,0.03493788819875776,11.151709401709402,52.63157894736842,39.61538461538461,26.31578947368421,6.604037267080745
italy,Serie A,2025,Andrej Popovic,19.0,D,,,,0,0,0.0,0.0,0.0,0.0,0.0,0,0,0,0.0,0,,,,,,,,,,,,,,,,,,,,,,,,,,,,
italy,Serie A,2025,Andrias Edmundsson,25.0,D,Faroe Islands,193.0,81.0,15,15,1320.0,0.0,0.0,0.0,0.0,0,0,3,0.0,0,0.0,0.2727272727272727,0.06818181818181818,0.0,0.0,0.0,0.0,35.72727272727273,0.13636363636363635,1.7727272727272725,0.9545454545454546,1.8409090909090908,3.6136363636363638,9.340909090909092,4.909090909090909,0.13636363636363635,0.06818181818181818,0.6818181818181819,0.4772727272727273,0.8863636363636362,0.20454545454545453,0.0,0.0,31.053435114503817,25.0,52.55474452554745,50.0,6.909090909090909
italy,Serie A,2025,Andy Diouf,22.0,M,France,187.0,82.0,19,4,499.0,1.0,0.0,0.0,0.0,0,0,1,0.0,0,0.18036072144288576,1.0821643286573146,0.5410821643286573,0.18036072144288576,0.0,0.18036072144288576,0.18036072144288576,42.204408817635276,2.164328657314629,2.164328657314629,0.0,0.18036072144288576,2.344689378757515,13.166332665330662,5.95190380761523,4.148296593186372,2.164328657314629,1.2625250501002003,0.5410821643286573,0.9018036072144289,0.18036072144288576,0.0,0.0,19.012820512820515,50.0,45.20547945205479,52.17391304347826,6.886144578313253
italy,Serie A,2025,Ange-Yoan Bonny,22.0,F,France,189.0,83.0,33,10,1156.0,5.0,4.0,1.0,1.0,0,0,1,0.0,0,0.7006920415224913,1.3235294117647058,0.7006920415224913,0.3892733564013841,0.31141868512110726,0.7006920415224913,0.3892733564013841,20.942906574394463,1.3235294117647058,1.3235294117647058,0.0,0.07785467128027682,1.4013840830449826,13.313148788927334,5.6055363321799305,3.114186851211073,1.5570934256055364,0.23356401384083045,1.8685121107266436,1.3235294117647058,0.07785467128027682,0.0,0.0,9.04089219330855,52.94117647058824,42.10526315789473,50.0,6.748311688311689
italy,Serie A,2025,Angeliño,29.0,D,Spain,175.0,69.0,7,5,418.0,0.0,0.0,0.0,0.0,0,0,2,0.0,0,0.0,0.8612440191387559,0.43062200956937796,0.0,0.0,0.0,0.0,45.0,1.076555023923445,1.937799043062201,0.0,0.43062200956937796,2.3684210526315788,7.535885167464116,3.229665071770335,0.645933014354067,0.0,1.291866028708134,0.43062200956937796,1.076555023923445,0.43062200956937796,0.0,0.0,30.24401913875598,50.0,42.857142857142854,0.0,6.877033492822966
italy,Serie A,2025,Ante Vukovic,21.0,G,Croatia,,,0,0,0.0,0.0,0.0,0.0,0.0,0,0,0,0.0,0,,,,,,,,,,,,,,,,,,,,,,,,,,,,
italy,Serie A,2025,Antoine Bernede,26.0,M,France,178.0,73.0,32,29,2320.0,1.0,2.0,0.0,0.0,0,0,2,0.0,0,0.03879310344827586,0.5431034482758621,0.15517241379310345,0.03879310344827586,0.07758620689655173,0.11637931034482758,0.03879310344827586,34.525862068965516,1.1637931034482758,2.7155172413793105,0.23275862068965517,0.5431034482758621,3.2586206896551726,10.939655172413792,4.655172413793103,1.4353448275862069,0.6594827586206896,1.125,0.7758620689655172,2.133620689655172,0.07758620689655173,0.0,0.0,24.797752808988765,28.57142857142857,42.5531914893617,45.94594594594595,6.706422413793104
italy,Serie A,2025,Antoine Joujou,22.0,F,France,189.0,84.0,0,0,0.0,0.0,0.0,0.0,0.0,0,0,0,0.0,0,,,,,,,,,,,,,,,,,,,,,,,,,,,,
italy,Serie A,2025,Antonino Gallo,25.0,D,Italy,183.0,69.0,37,34,3058.0,0.0,4.0,0.0,0.0,0,0,3,0.0,0,0.0,0.1471550032701112,0.029431000654022238,0.0,0.11772400261608895,0.11772400261608895,0.0,33.13930673642904,1.0595160235448005,1.7069980379332896,0.17658600392413343,0.44146500981033354,2.1484630477436233,5.415304120340092,3.237410071942446,0.7357750163505559,0.38260300850228907,0.6769130150425114,0.38260300850228907,0.20601700457815564,0.08829300196206671,0.0,0.0,25.134991119005328,20.0,59.78260869565217,52.0,6.779005886200131
italy,Serie A,2025,Antonio Arena,16.0,F,Australia,188.0,,2,0,25.0,0.0,0.0,0.0,0.0,0,0,0,0.0,0,3.6,0.0,0.0,0.0,0.0,0.0,0.0,14.4,0.0,0.0,0.0,0.0,0.0,10.799999999999999,0.0,0.0,0.0,3.6,0.0,0.0,0.0,0.0,0.0,1.75,,0.0,,6.54
italy,Serie A,2025,Antonio Caracciolo,35.0,D,Italy,185.0,83.0,35,34,3074.0,2.0,0.0,0.0,1.0,0,0,10,0.0,0,0.058555627846454135,0.5855562784645413,0.17566688353936238,0.058555627846454135,0.0,0.058555627846454135,0.058555627846454135,36.070266753415744,0.058555627846454135,2.078724788549122,0.7026675341574495,1.4638906961613531,3.542615484710475,7.641509433962264,4.0696161353285625,0.26350032530904355,0.08783344176968119,0.9661678594664932,0.32205595315549773,1.1711125569290826,0.29277813923227064,0.0,0.0,34.32386363636363,30.0,53.25670498084292,33.33333333333333,6.615484710474951
italy,Serie A,2025,Antonio Pirrò,17.0,M,,,,0,0,0.0,0.0,0.0,0.0,0.0,0,0,0,0.0,0,,,,,,,,,,,,,,,,,,,,,,,,,,,,
italy,Serie A,2025,Antonio Sanabria,29.0,F,Paraguay,180.0,70.0,25,10,940.0,1.0,1.0,0.0,0.0,0,0,2,0.0,0,0.5744680851063829,0.7659574468085106,0.3829787234042553,0.09574468085106383,0.09574468085106383,0.19148936170212766,0.09574468085106383,16.75531914893617,0.5744680851063829,0.19148936170212766,0.0,0.09574468085106383,0.28723404255319146,11.585106382978722,5.074468085106383,0.8617021276595744,0.6702127659574468,0.28723404255319146,1.4361702127659572,1.4361702127659572,0.19148936170212766,0.0,0.0,7.497142857142857,50.0,43.80165289256198,77.77777777777779,6.433120340788072
italy,Serie A,2025,Antonio Vergara,22.0,M,Italy,182.0,70.0,12,8,618.0,1.0,2.0,1.0,0.0,0,0,2,0.0,0,0.29126213592233013,1.0194174757281553,0.4368932038834951,0.14563106796116507,0.29126213592233013,0.4368932038834951,0.14563106796116507,25.631067961165048,1.6019417475728155,1.7475728155339805,0.0,0.5825242718446603,2.330097087378641,16.45631067961165,6.5533980582524265,3.7864077669902914,1.1650485436893205,1.0194174757281553,2.9126213592233006,2.4757281553398056,0.29126213592233013,0.0,0.0,15.335227272727273,42.857142857142854,39.823008849557525,30.76923076923077,7.027876823338736
italy,Serie A,2025,Ardian Ismajli,29.0,D,Albania,185.0,76.0,25,21,1915.0,0.0,1.0,0.0,1.0,0,0,5,0.0,0,0.04699738903394256,0.2819843342036554,0.18798955613577023,0.0,0.04699738903394256,0.04699738903394256,0.0,44.78851174934726,0.18798955613577023,1.5509138381201044,0.8459530026109662,1.597911227154047,3.148825065274151,7.284595300261096,4.887728459530026,0.2819843342036554,0.09399477806788512,0.2349869451697128,0.8459530026109662,0.9869451697127938,0.2349869451697128,0.0,0.0,43.118572927597064,66.66666666666666,67.0967741935484,33.33333333333333,6.923759791122715
italy,Serie A,2025,Ardon Jashari,23.0,M,Switzerland,181.0,81.0,14,7,706.0,0.0,1.0,0.0,0.0,0,0,0,0.0,0,0.0,0.764872521246459,0.254957507082153,0.0,0.1274787535410765,0.1274787535410765,0.0,55.453257790368276,1.1473087818696883,1.7847025495750708,0.1274787535410765,0.6373937677053825,2.4220963172804533,8.796033994334278,3.824362606232295,1.7847025495750708,0.764872521246459,0.6373937677053825,1.019830028328612,1.4022662889518414,0.0,0.0,0.0,41.11954022988506,33.33333333333333,43.47826086956522,42.857142857142854,6.7786118980169965
italy,Serie A,2025,Arijanet Murić,27.0,G,Kosovo,198.0,81.0,32,32,2880.0,0.0,0.0,0.0,1.0,0,0,4,0.0,0,0.0,0.0,0.0,0.0,0.0,0.0,0.0,28.968750000000004,0.03125,0.0,0.0,0.0,0.0,0.65625,0.59375,0.0,0.0,0.03125,0.09375,0.03125,0.125,0.0,0.0,18.532901833872707,,90.47619047619048,,7.165625
italy,Serie A,2025,Arkadiusz Milik,31.0,F,Poland,186.0,80.0,2,0,34.0,0.0,0.0,0.0,0.0,0,0,0,0.0,0,0.0,5.294117647058823,5.294117647058823,0.0,0.0,0.0,0.0,29.117647058823533,0.0,0.0,0.0,0.0,0.0,18.52941176470588,2.6470588235294117,10.588235294117647,2.6470588235294117,0.0,0.0,2.6470588235294117,0.0,0.0,0.0,4.909090909090909,100.0,14.285714285714285,25.0,6.199999999999999
italy,Serie A,2025,Armand Laurienté,27.0,F,France,171.0,59.0,38,33,2614.0,7.0,9.0,0.0,0.0,0,0,4,0.0,0,0.6197398622800305,1.8247895944912012,0.8951798010711552,0.2410099464422341,0.30986993114001526,0.5508798775822494,0.2410099464422341,28.02601377199694,1.8592195868400918,0.9640397857689365,0.03442999234889059,0.2410099464422341,1.2050497322111706,9.812547819433817,3.8217291507268554,2.7543993879112474,0.9984697781178271,0.37872991583779647,1.6182096403978579,1.4460596786534046,0.13771996939556236,0.0,0.0,23.185503685503686,49.056603773584904,38.94736842105263,36.25,7.033282325937261
italy,Serie A,2025,Armel Bella-Kotchap,24.0,D,Germany,190.0,87.0,19,14,1355.0,0.0,0.0,0.0,1.0,0,0,3,0.0,0,0.0,0.13284132841328414,0.0,0.0,0.0,0.0,0.0,37.59409594095941,0.06642066420664207,1.3284132841328413,1.062730627306273,2.125461254612546,3.4538745387453873,7.505535055350553,5.11439114391144,0.2656826568265683,0.06642066420664207,0.2656826568265683,1.1291512915129152,1.4612546125461254,0.1992619926199262,0.0,0.0,33.871024734982335,0.0,68.14159292035397,25.0,6.735350553505535
italy,Serie A,2025,Artem Dovbyk,28.0,F,Ukraine,189.0,92.0,14,3,396.0,3.0,1.0,0.0,0.0,0,0,0,0.0,0,0.9090909090909092,2.5,1.3636363636363638,0.6818181818181819,0.2272727272727273,0.9090909090909092,0.6818181818181819,19.772727272727273,2.5,0.6818181818181819,0.0,0.2272727272727273,0.9090909090909092,12.727272727272727,5.90909090909091,0.6818181818181819,0.4545454545454546,0.0,1.3636363636363638,2.5,0.0,0.0,0.0,5.930232558139535,54.54545454545454,46.42857142857143,66.66666666666666,6.492676767676768
italy,Serie A,2025,Arthur Atta,22.0,M,France,189.0,77.0,32,29,2563.0,5.0,3.0,0.0,0.0,0,0,3,0.0,0,0.28092079594225516,1.334373780725712,0.7023019898556379,0.17557549746390946,0.10534529847834569,0.28092079594225516,0.17557549746390946,36.48458837300039,1.1939133827545845,0.9481076863051112,0.035115099492781895,0.667186890362856,1.6152945766679672,11.30706203667577,4.951229028482247,4.213811939133827,2.2122512680452595,0.5618415918845103,1.1236831837690207,0.8076472883339836,0.10534529847834569,0.0,0.0,31.7776708373436,52.63157894736842,43.7888198757764,52.5,6.940616465079984
italy,Serie A,2025,Arturo Calabresi,29.0,D,Italy,186.0,75.0,26,17,1516.0,0.0,0.0,1.0,0.0,0,0,8,0.0,0,0.059366754617414245,0.11873350923482849,0.059366754617414245,0.0,0.0,0.0,0.0,30.751978891820578,0.23746701846965698,1.187335092348285,0.7717678100263852,1.0686015831134563,2.2559366754617414,8.66754617414248,3.6807387862796834,0.5343007915567282,0.11873350923482849,1.187335092348285,1.4841688654353562,1.9591029023746702,0.47493403693931396,0.0,0.0,21.534749034749034,50.0,42.465753424657535,22.22222222222222,6.540039577836412
italy,Serie A,2025,Assane Diao,20.0,M,Spain,185.0,80.0,17,13,1089.0,2.0,1.0,0.0,0.0,0,0,2,0.0,0,0.24793388429752067,1.4049586776859504,0.8264462809917356,0.1652892561983471,0.08264462809917356,0.24793388429752067,0.1652892561983471,26.776859504132233,0.743801652892562,1.322314049586777,0.08264462809917356,0.3305785123966942,1.6528925619834711,16.115702479338843,7.43801652892562,5.702479338842975,2.231404958677686,0.24793388429752067,3.2231404958677685,1.2396694214876034,0.1652892561983471,0.0,0.0,18.262345679012345,58.82352941176471,46.15384615384615,39.130434782608695,6.786409550045914
italy,Serie A,2025,Aster Vranckx,23.0,M,Belgium,183.0,78.0,16,9,692.0,0.0,0.0,0.0,0.0,0,0,2,0.0,0,0.13005780346820808,0.26011560693641617,0.13005780346820808,0.0,0.0,0.0,0.0,31.86416184971098,0.26011560693641617,2.0809248554913293,0.0,0.0,2.0809248554913293,11.965317919075144,5.722543352601155,1.6907514450867054,0.3901734104046242,1.4306358381502888,2.2109826589595376,2.0809248554913293,0.26011560693641617,0.0,0.0,18.775510204081634,50.0,47.82608695652174,23.076923076923077,6.611304347826088
italy,Serie A,2025,Balthazar Pierret,25.0,M,France,186.0,82.0,3,0,32.0,0.0,0.0,0.0,0.0,0,0,0,0.0,0,0.0,0.0,0.0,0.0,0.0,0.0,0.0,45.0,0.0,5.625,0.0,0.0,5.625,14.0625,14.0625,0.0,0.0,0.0,5.625,0.0,0.0,0.0,0.0,5.928571428571429,,100.0,,6.78125
italy,Serie A,2025,Benjamin Cremaschi,20.0,M,USA,180.0,72.0,8,2,144.0,0.0,0.0,0.0,0.0,0,0,0,0.0,0,0.0,0.625,0.0,0.0,0.0,0.0,0.0,31.875,0.625,1.25,0.625,0.0,1.25,10.625,4.375,2.5,1.25,1.25,0.0,1.25,0.0,0.0,0.0,21.58695652173913,0.0,41.17647058823529,50.0,6.5760563380281685
italy,Serie A,2025,Benjamin Pavard,29.0,D,France,186.0,76.0,1,1,90.0,0.0,0.0,0.0,0.0,0,0,0,0.0,0,0.0,1.0,1.0,0.0,0.0,0.0,0.0,84.0,1.0,2.0,2.0,2.0,4.0,4.0,2.0,0.0,0.0,0.0,0.0,1.0,0.0,0.0,0.0,80.0,100.0,50.0,,7.5
italy,Serie A,2025,Benjamin Siegrist,33.0,G,Switzerland,194.0,85.0,0,0,0.0,0.0,0.0,0.0,0.0,0,0,0,0.0,0,,,,,,,,,,,,,,,,,,,,,,,,,,,,
italy,Serie A,2025,Benjamín Domínguez,22.0,F,Argentina,172.0,68.0,15,6,542.0,0.0,3.0,0.0,0.0,0,0,1,0.0,0,0.49815498154981547,1.1623616236162362,0.33210332103321033,0.0,0.49815498154981547,0.49815498154981547,0.0,20.092250922509226,1.1623616236162362,1.4944649446494465,0.0,0.33210332103321033,1.8265682656826567,15.608856088560886,6.309963099630996,3.4870848708487086,1.4944649446494465,1.3284132841328413,2.988929889298893,0.9963099630996309,0.16605166051660517,0.0,0.0,11.289256198347108,28.57142857142857,40.42553191489361,42.857142857142854,6.590740740740741
italy,Serie A,2025,Berat Djimsiti,32.0,D,Albania,190.0,83.0,34,29,2533.0,0.0,0.0,0.0,0.0,0,0,4,0.0,0,0.0,0.42637189103829454,0.07106198183971575,0.0,0.0,0.0,0.0,55.71259376233715,0.21318594551914727,1.8476115278326097,0.8527437820765891,1.5278326095538888,3.375444137386498,8.882747729964468,5.294117647058823,0.1421239636794315,0.10659297275957363,0.6750888274772997,0.284247927358863,0.6040268456375839,0.1421239636794315,0.0,0.0,50.329719387755105,16.666666666666664,59.599999999999994,75.0,6.914962495065139
italy,Serie A,2025,Bernardo Conde,19.0,D,,,,0,0,0.0,0.0,0.0,0.0,0.0,0,0,0,0.0,0,,,,,,,,,,,,,,,,,,,,,,,,,,,,
italy,Serie A,2025,Billy Gilmour,24.0,M,Scotland,170.0,60.0,17,8,802.0,1.0,0.0,0.0,0.0,0,0,1,0.0,0,0.0,0.6733167082294265,0.33665835411471323,0.11221945137157106,0.0,0.11221945137157106,0.11221945137157106,88.87780548628429,0.7855361596009974,1.5710723192019949,0.11221945137157106,1.2344139650872816,2.8054862842892767,6.957605985037406,3.927680798004988,1.2344139650872816,1.0099750623441397,0.44887780548628425,0.7855361596009974,1.0099750623441397,0.11221945137157106,0.0,0.0,61.45328282828283,50.0,56.451612903225815,81.81818181818183,7.16025
italy,Serie A,2025,Bodin Tomašević,19.0,D,Montenegro,,,0,0,0.0,0.0,0.0,0.0,0.0,0,0,0,0.0,0,,,,,,,,,,,,,,,,,,,,,,,,,,,,
italy,Serie A,2025,Boris Radunović,29.0,G,Serbia,194.0,84.0,0,0,0.0,0.0,0.0,0.0,0.0,0,0,0,0.0,0,,,,,,,,,,,,,,,,,,,,,,,,,,,,
italy,Serie A,2025,Botond Balogh,23.0,D,Hungary,189.0,83.0,0,0,0.0,0.0,0.0,0.0,0.0,0,0,0,0.0,0,,,,,,,,,,,,,,,,,,,,,,,,,,,,
italy,Serie A,2025,Boulaye Dia,29.0,F,Senegal,180.0,75.0,27,14,1256.0,1.0,2.0,0.0,0.0,0,0,1,0.0,0,0.28662420382165604,0.5732484076433121,0.501592356687898,0.07165605095541401,0.14331210191082802,0.21496815286624202,0.07165605095541401,23.288216560509557,1.0748407643312103,0.9315286624203821,0.14331210191082802,0.21496815286624202,1.1464968152866242,9.45859872611465,3.2961783439490446,0.6449044585987261,0.35828025477707004,0.28662420382165604,1.003184713375796,1.3614649681528663,0.07165605095541401,0.0,0.0,14.258461538461539,87.5,34.84848484848485,55.55555555555556,6.446019108280255
italy,Serie A,2025,Brando Bettazzi,17.0,M,,,,1,0,13.0,0.0,0.0,0.0,0.0,0,0,0,0.0,0,0.0,0.0,0.0,0.0,0.0,0.0,0.0,27.692307692307693,0.0,6.923076923076923,0.0,0.0,6.923076923076923,34.61538461538462,20.76923076923077,13.846153846153847,6.923076923076923,0.0,6.923076923076923,6.923076923076923,0.0,0.0,0.0,4.0,,60.0,50.0,6.6
italy,Serie A,2025,Branimir Mlačić,19.0,D,Croatia,,,7,2,162.0,0.0,0.0,0.0,0.0,0,0,2,0.0,0,0.0,0.0,0.0,0.0,0.0,0.0,0.0,43.33333333333333,0.5555555555555556,1.6666666666666665,1.1111111111111112,1.1111111111111112,2.7777777777777777,9.444444444444445,3.333333333333333,0.5555555555555556,0.5555555555555556,0.5555555555555556,0.0,2.2222222222222223,1.1111111111111112,0.0,0.0,12.897435897435898,,35.294117647058826,100.0,7.119135802469137
italy,Serie A,2025,Bremer,28.0,D,Brazil,188.0,80.0,26,25,2175.0,4.0,3.0,0.0,1.0,0,0,5,0.0,0,0.0,0.8275862068965517,0.3724137931034483,0.16551724137931034,0.12413793103448274,0.2896551724137931,0.16551724137931034,55.199999999999996,0.3310344827586207,1.1586206896551725,0.4551724137931034,1.3241379310344827,2.4827586206896552,7.820689655172414,4.344827586206897,0.2896551724137931,0.041379310344827586,0.16551724137931034,0.41379310344827586,0.8689655172413794,0.20689655172413793,0.0,0.0,51.2856071964018,45.0,55.55555555555556,14.285714285714285,7.1240000000000006
italy,Serie A,2025,Brooke Norton-Cuffy,21.0,M,England,181.0,70.0,27,25,2214.0,2.0,1.0,0.0,0.0,0,0,5,0.0,1,0.0,0.44715447154471544,0.24390243902439024,0.08130081300813008,0.04065040650406504,0.12195121951219512,0.08130081300813008,29.268292682926827,0.8536585365853658,1.7479674796747966,0.24390243902439024,0.4065040650406504,2.154471544715447,8.658536585365853,4.308943089430894,2.1951219512195124,1.3008130081300813,0.2845528455284553,0.6504065040650406,0.9349593495934959,0.2032520325203252,0.0,0.04065040650406504,25.908333333333335,54.54545454545454,49.76525821596244,59.25925925925925,6.8367660343270105
italy,Serie A,2025,Bryan Cristante,30.0,M,Italy,186.0,80.0,37,36,3103.0,2.0,1.0,0.0,0.0,0,0,6,0.0,0,0.0,0.8411214953271028,0.23203351595230423,0.05800837898807606,0.02900418949403803,0.08701256848211408,0.05800837898807606,61.74991943280696,0.7831131163390268,2.088301643570738,0.23203351595230423,0.7831131163390268,2.871414759909765,12.065742829519818,5.9748630357718335,0.6380921688688366,0.3770544634224943,0.5510796003867225,0.26103770544634225,1.8272639381243958,0.17402513696422817,0.0,0.0,50.98262094880226,27.586206896551722,49.519230769230774,59.09090909090909,7.07247824685788
italy,Serie A,2025,Bryan Zaragoza,24.0,F,Spain,164.0,61.0,4,2,135.0,0.0,1.0,0.0,0.0,0,0,1,0.0,0,0.0,0.6666666666666667,0.6666666666666667,0.0,0.6666666666666667,0.6666666666666667,0.0,39.333333333333336,2.666666666666667,0.6666666666666667,0.0,0.0,0.6666666666666667,16.666666666666664,8.0,6.666666666666666,4.0,0.6666666666666667,3.333333333333333,3.333333333333333,0.6666666666666667,0.0,0.0,14.559322033898304,100.0,48.0,60.0,7.025373134328359
italy,Serie A,2025,Buba Sangare,18.0,D,Spain,183.0,75.0,0,0,0.0,0.0,0.0,0.0,0.0,0,0,0,0.0,0,,,,,,,,,,,,,,,,,,,,,,,,,,,,
italy,Serie A,2025,Caleb Ekuban,31.0,F,Ghana,188.0,80.0,31,6,986.0,4.0,1.0,0.0,0.0,0,0,0,0.0,0,0.5476673427991886,2.1906693711967544,0.9127789046653144,0.36511156186612576,0.09127789046653144,0.4563894523326572,0.36511156186612576,13.965517241379311,1.0040567951318458,0.36511156186612576,0.09127789046653144,0.4563894523326572,0.821501014198783,12.778904665314402,5.841784989858012,2.1906693711967544,0.7302231237322515,0.18255578093306288,2.6470588235294117,1.460446247464503,0.0,0.0,0.0,5.026845637583893,41.66666666666667,45.714285714285715,33.33333333333333,6.498580121703855
italy,Serie A,2025,Calvin Stengs,27.0,M,Netherlands,182.0,74.0,4,0,61.0,0.0,0.0,0.0,0.0,0,0,0,0.0,0,0.0,2.9508196721311477,1.4754098360655739,0.0,0.0,0.0,0.0,41.31147540983606,1.4754098360655739,2.9508196721311477,0.0,0.0,2.9508196721311477,20.65573770491803,7.377049180327869,0.0,0.0,2.9508196721311477,2.9508196721311477,0.0,0.0,0.0,0.0,7.035714285714286,50.0,35.714285714285715,,6.355737704918033
italy,Serie A,2025,Carlo Pinsoglio,35.0,G,Italy,194.0,85.0,0,0,0.0,0.0,0.0,0.0,0.0,0,0,0,0.0,0,,,,,,,,,,,,,,,,,,,,,,,,,,,,
italy,Serie A,2025,Carlos Augusto,26.0,D,Brazil,184.0,78.0,34,18,1765.0,1.0,1.0,0.0,1.0,0,0,6,0.0,0,0.0,0.8158640226628895,0.3059490084985836,0.05099150141643059,0.05099150141643059,0.10198300283286119,0.05099150141643059,57.671388101983005,0.5609065155807366,1.886685552407932,0.45892351274787535,0.9178470254957507,2.8045325779036827,9.586402266288951,5.9150141643059495,0.6628895184135978,0.3059490084985836,0.3569405099150142,0.6628895184135978,1.3257790368271956,0.3059490084985836,0.0,0.0,48.02652519893899,37.5,61.702127659574465,46.15384615384615,6.931232254400908
italy,Serie A,2025,Cas Odenthal,25.0,D,Netherlands,190.0,79.0,1,0,1.0,0.0,0.0,0.0,0.0,0,0,0,0.0,0,0.0,0.0,0.0,0.0,0.0,0.0,0.0,180.0,0.0,0.0,0.0,0.0,0.0,0.0,0.0,0.0,0.0,0.0,0.0,0.0,0.0,0.0,0.0,2.0,,,,
italy,Serie A,2025,Cesare Casadei,22.0,M,Italy,192.0,77.0,33,19,1990.0,6.0,0.0,0.0,1.0,0,0,5,0.0,0,0.09045226130653267,1.2663316582914574,0.7688442211055276,0.271356783919598,0.0,0.271356783919598,0.271356783919598,33.82914572864322,0.7688442211055276,1.6281407035175879,0.135678391959799,0.45226130653266333,2.080402010050251,14.291457286432161,7.688442211055276,1.085427135678392,0.5879396984924623,0.8140703517587939,0.7236180904522613,2.351758793969849,0.22613065326633167,0.0,0.0,23.053475935828878,60.71428571428571,53.79746835443038,54.166666666666664,6.7979376257545265
italy,Serie A,2025,Charalampos Lykogiannis,32.0,D,Greece,190.0,82.0,10,7,627.0,0.0,1.0,0.0,0.0,0,0,3,0.0,0,0.0,0.5741626794258373,0.28708133971291866,0.0,0.14354066985645933,0.14354066985645933,0.0,42.48803827751196,1.8660287081339713,2.0095693779904304,0.43062200956937796,0.7177033492822966,2.7272727272727275,7.177033492822967,3.5885167464114835,0.7177033492822966,0.43062200956937796,0.43062200956937796,0.14354066985645933,1.1483253588516746,0.43062200956937796,0.0,0.0,33.486486486486484,50.0,50.0,60.0,6.7567783094098885
italy,Serie A,2025,Charles De Ketelaere,24.0,F,Belgium,192.0,74.0,31,26,2188.0,3.0,5.0,0.0,0.0,0,0,4,0.0,0,0.12340036563071298,1.2340036563071297,0.6581352833638026,0.12340036563071298,0.2056672760511883,0.3290676416819013,0.12340036563071298,41.79159049360146,2.591407678244973,0.9872029250457038,0.08226691042047532,0.2056672760511883,1.1928702010968921,14.23217550274223,6.293418647166362,4.195612431444242,2.097806215722121,0.7815356489945156,1.4808043875685557,0.9460694698354661,0.16453382084095064,0.0,0.0,29.125,53.333333333333336,44.21965317919075,50.0,7.36581352833638
italy,Serie A,2025,Charlys,21.0,M,Brazil,186.0,70.0,0,0,0.0,0.0,0.0,0.0,0.0,0,0,0,0.0,0,,,,,,,,,,,,,,,,,,,,,,,,,,,,
italy,Serie A,2025,Che Adams,29.0,F,Scotland,175.0,70.0,33,19,1896.0,6.0,2.0,0.0,0.0,0,0,0,0.0,0,0.4272151898734177,1.6613924050632911,0.8544303797468354,0.2848101265822785,0.09493670886075949,0.37974683544303794,0.2848101265822785,25.395569620253166,1.2341772151898736,0.6645569620253164,0.04746835443037974,0.04746835443037974,0.7120253164556962,8.401898734177214,3.4177215189873418,1.3291139240506329,0.6170886075949368,0.2848101265822785,0.7120253164556962,0.8544303797468354,0.0,0.0,0.0,15.09158878504673,51.42857142857142,40.67796610169492,46.42857142857143,6.726582278481013
italy,Serie A,2025,Cheikh Niasse,25.0,M,Senegal,188.0,73.0,20,11,983.0,0.0,1.0,0.0,1.0,0,0,1,0.0,0,0.18311291963377416,0.4577822990844354,0.09155645981688708,0.0,0.09155645981688708,0.09155645981688708,0.0,33.05188199389624,1.007121057985758,1.9226856561546286,0.4577822990844354,1.281790437436419,3.2044760935910475,11.719226856561546,5.584944048830112,0.5493387589013224,0.3662258392675483,0.9155645981688708,1.3733468972533063,1.8311291963377416,0.09155645981688708,0.0,0.0,22.573407202216067,20.0,47.65625,66.66666666666666,6.601119023397762
italy,Serie A,2025,Cher Ndour,21.0,M,Italy,190.0,82.0,33,20,1885.0,3.0,0.0,0.0,0.0,0,0,2,0.0,0,0.04774535809018567,0.6684350132625995,0.3819628647214854,0.143236074270557,0.0,0.143236074270557,0.143236074270557,36.09549071618037,0.286472148541114,1.6710875331564987,0.42970822281167104,0.6684350132625995,2.339522546419098,10.026525198938993,4.631299734748011,1.0981432360742707,0.33421750663129973,0.7161803713527851,1.0981432360742707,1.2413793103448276,0.09549071618037135,0.0,0.0,24.812169312169313,57.14285714285714,46.19047619047619,30.434782608695656,6.7789920424403185
italy,Serie A,2025,Cheveyo Mul-Balentien,31.0,F,Luxembourg,,,2,0,9.0,0.0,0.0,0.0,0.0,0,0,0,0.0,0,0.0,10.0,0.0,0.0,0.0,0.0,0.0,10.0,0.0,0.0,0.0,0.0,0.0,20.0,0.0,0.0,0.0,10.0,0.0,0.0,0.0,0.0,0.0,,0.0,0.0,,6.3
italy,Serie A,2025,Christ-Owen Kouassi,22.0,D,France,184.0,78.0,4,3,228.0,0.0,0.0,0.0,1.0,0,0,0,0.0,0,0.0,0.0,0.0,0.0,0.0,0.0,0.0,31.973684210526315,0.0,4.342105263157895,0.0,0.39473684210526316,4.7368421052631575,8.289473684210526,6.7105263157894735,0.39473684210526316,0.0,0.0,1.1842105263157894,0.39473684210526316,0.0,0.0,0.0,23.790123456790123,,80.95238095238095,0.0,6.436842105263158
italy,Serie A,2025,Christian Frangella,19.0,M,,,,1,0,9.0,0.0,0.0,0.0,0.0,0,0,0,0.0,0,10.0,0.0,0.0,0.0,0.0,0.0,0.0,70.0,0.0,0.0,0.0,10.0,10.0,0.0,0.0,0.0,0.0,0.0,0.0,0.0,0.0,0.0,0.0,4.0,,,,6.5
italy,Serie A,2025,Christian Früchtl,25.0,G,Germany,193.0,84.0,0,0,0.0,0.0,0.0,0.0,0.0,0,0,0,0.0,0,,,,,,,,,,,,,,,,,,,,,,,,,,,,
italy,Serie A,2025,Christian Kabasele,34.0,D,Belgium,187.0,84.0,30,28,2262.0,3.0,0.0,0.0,0.0,0,0,5,0.0,1,0.03978779840848806,0.3183023872679045,0.23872679045092837,0.11936339522546419,0.0,0.11936339522546419,0.11936339522546419,33.46153846153846,0.03978779840848806,0.7161803713527851,0.8355437665782494,1.4323607427055702,2.1485411140583555,7.360742705570291,4.416445623342175,0.23872679045092837,0.19893899204244034,0.19893899204244034,0.9946949602122016,1.3129973474801062,0.19893899204244034,0.0,0.03978779840848806,31.666666666666668,75.0,60.0,83.33333333333334,6.847170645446507
italy,Serie A,2025,Christian Kouamé,28.0,F,Côte d'Ivoire,188.0,70.0,2,0,32.0,0.0,0.0,0.0,0.0,0,0,0,0.0,0,0.0,0.0,0.0,0.0,0.0,0.0,0.0,42.1875,0.0,2.8125,0.0,2.8125,5.625,5.625,2.8125,0.0,0.0,0.0,0.0,0.0,0.0,0.0,0.0,7.866666666666666,,50.0,,6.418749999999999
italy,Serie A,2025,Christian Ordoñez,21.0,M,Argentina,177.0,65.0,28,12,1095.0,1.0,0.0,0.0,0.0,0,0,5,0.0,1,0.0,0.5753424657534247,0.1643835616438356,0.0821917808219178,0.0,0.0821917808219178,0.0821917808219178,21.78082191780822,0.410958904109589,1.9726027397260275,0.5753424657534247,0.6575342465753424,2.6301369863013697,10.10958904109589,3.945205479452055,1.1506849315068495,0.410958904109589,1.5616438356164384,0.9041095890410958,1.3150684931506849,0.410958904109589,0.0,0.0821917808219178,13.678030303030303,28.57142857142857,39.02439024390244,35.714285714285715,6.492321755027422
italy,Serie A,2025,Christian Pulišić,27.0,F,USA,177.0,73.0,30,18,1612.0,8.0,4.0,0.0,0.0,0,1,0,0.0,0,0.1674937965260546,2.2890818858560795,1.3957816377171217,0.4466501240694789,0.22332506203473945,0.6699751861042184,0.4466501240694789,37.29528535980149,2.1215880893300247,0.8374689826302729,0.05583126550868486,0.1674937965260546,1.0049627791563276,9.267990074441688,4.354838709677419,3.5732009925558312,1.6749379652605458,0.39081885856079407,1.2841191066997517,0.6141439205955335,0.0,0.0,0.0,25.402694610778443,60.97560975609756,46.98795180722892,46.875,6.983622828784119
italy,Serie A,2025,Christopher Nkunku,28.0,F,France,178.0,68.0,32,15,1377.0,7.0,3.0,4.0,0.0,5,0,0,0.0,0,0.5228758169934641,1.5686274509803924,1.0457516339869282,0.45751633986928103,0.19607843137254904,0.6535947712418301,0.13071895424836602,22.352941176470587,1.0457516339869282,0.32679738562091504,0.06535947712418301,0.13071895424836602,0.45751633986928103,7.450980392156863,3.2679738562091507,1.6993464052287581,0.5882352941176471,0.19607843137254904,1.4379084967320261,0.5882352941176471,0.0,0.0,0.0,13.128654970760234,66.66666666666666,43.859649122807014,34.61538461538461,6.758605664488018
italy,Serie A,2025,Christos Alexiou,20.0,D,Greece,184.0,79.0,0,0,0.0,0.0,0.0,0.0,0.0,0,0,0,0.0,0,,,,,,,,,,,,,,,,,,,,,,,,,,,,
italy,Serie A,2025,Christos Mandas,24.0,G,Greece,189.0,83.0,0,0,0.0,0.0,0.0,0.0,0.0,0,0,0,0.0,0,,,,,,,,,,,,,,,,,,,,,,,,,,,,
italy,Serie A,2025,Ciro Immobile,35.0,F,Italy,185.0,78.0,6,2,191.0,0.0,0.0,0.0,0.0,0,0,1,0.0,0,2.827225130890052,0.47120418848167545,0.0,0.0,0.0,0.0,0.0,23.089005235602095,0.47120418848167545,0.47120418848167545,0.47120418848167545,0.0,0.47120418848167545,12.722513089005236,3.2984293193717273,0.9424083769633509,0.0,0.47120418848167545,1.413612565445026,3.7696335078534036,0.47120418848167545,0.0,0.0,8.061224489795919,0.0,25.925925925925924,0.0,6.041884816753926
italy,Serie A,2025,Coli Saco,23.0,M,Mali,198.0,92.0,0,0,0.0,0.0,0.0,0.0,0.0,0,0,0,0.0,0,,,,,,,,,,,,,,,,,,,,,,,,,,,,
italy,Serie A,2025,Corrie Ndaba,26.0,D,Republic of Ireland,188.0,82.0,14,6,552.0,0.0,0.0,0.0,0.0,0,0,0,0.0,0,0.0,0.16304347826086957,0.0,0.0,0.0,0.0,0.0,32.44565217391304,0.32608695652173914,1.141304347826087,0.16304347826086957,0.6521739130434783,1.793478260869565,5.543478260869565,3.2608695652173916,0.9782608695652174,0.9782608695652174,0.4891304347826087,0.0,0.32608695652173914,0.0,0.0,0.0,25.190954773869347,0.0,58.82352941176471,100.0,6.427404718693285
italy,Serie A,2025,Côme Bianay Balcot,20.0,D,France,188.0,,0,0,0.0,0.0,0.0,0.0,0.0,0,0,0,0.0,0,,,,,,,,,,,,,,,,,,,,,,,,,,,,
italy,Serie A,2025,Cristian Volpato,22.0,M,Italy,187.0,,24,11,1090.0,2.0,4.0,0.0,0.0,0,0,4,0.0,0,0.0,1.1559633027522938,0.5779816513761469,0.1651376146788991,0.3302752293577982,0.4954128440366973,0.1651376146788991,33.522935779816514,1.8990825688073396,1.3211009174311927,0.08256880733944955,0.4954128440366973,1.8165137614678901,11.807339449541285,4.541284403669725,4.376146788990826,1.8990825688073396,0.5779816513761469,0.9082568807339451,1.5688073394495414,0.3302752293577982,0.0,0.0,16.75615763546798,50.0,38.46153846153847,43.39622641509434,6.78651376146789
italy,Serie A,2025,Cristiano Biraghi,33.0,D,Italy,185.0,78.0,14,5,530.0,0.0,0.0,0.0,0.0,0,0,0,0.0,0,0.0,0.0,0.0,0.0,0.0,0.0,0.0,30.735849056603772,1.1886792452830188,1.5283018867924527,0.0,0.5094339622641509,2.0377358490566038,6.622641509433962,3.9056603773584904,0.5094339622641509,0.16981132075471697,0.6792452830188679,1.0188679245283019,1.5283018867924527,0.0,0.0,0.0,19.171270718232044,,58.97435897435898,33.33333333333333,6.548295454545454
italy,Serie A,2025,Cristiano De Paoli,17.0,D,Italy,182.0,,0,0,0.0,0.0,0.0,0.0,0.0,0,0,0,0.0,0,,,,,,,,,,,,,,,,,,,,,,,,,,,,
italy,Serie A,2025,Cyril Ngonge,25.0,F,Belgium,179.0,73.0,20,11,1013.0,1.0,1.0,0.0,0.0,0,0,2,0.0,0,0.5330700888450148,1.688055281342547,1.0661401776900297,0.08884501480750247,0.08884501480750247,0.17769002961500494,0.08884501480750247,22.65547877591313,1.0661401776900297,0.9772951628825272,0.0,0.17769002961500494,1.154985192497532,12.349457058242844,5.863770977295163,2.843040473840079,1.688055281342547,0.4442250740375123,1.5992102665350443,1.7769002961500493,0.17769002961500494,0.0,0.0,12.905882352941177,63.1578947368421,47.482014388489205,59.375,6.681046396841066
italy,Serie A,2025,Dachi Lordkipanidze,20.0,M,Georgia,186.0,70.0,1,0,28.0,0.0,0.0,0.0,0.0,0,0,0,0.0,0,0.0,0.0,0.0,0.0,0.0,0.0,0.0,22.5,0.0,0.0,0.0,3.214285714285714,3.214285714285714,12.857142857142856,3.214285714285714,0.0,0.0,0.0,0.0,0.0,0.0,0.0,0.0,5.0,,25.0,,6.3
italy,Serie A,2025,Dailon Rocha Livramento,24.0,F,Netherlands,185.0,82.0,0,0,0.0,0.0,0.0,0.0,0.0,0,0,0,0.0,0,,,,,,,,,,,,,,,,,,,,,,,,,,,,
italy,Serie A,2025,Daniel Boloca,27.0,M,Romania,188.0,80.0,2,2,135.0,0.0,0.0,0.0,0.0,0,0,0,0.0,0,0.0,1.3333333333333335,0.0,0.0,0.0,0.0,0.0,37.333333333333336,0.6666666666666667,1.3333333333333335,0.0,1.3333333333333335,2.666666666666667,6.0,2.666666666666667,1.3333333333333335,0.6666666666666667,0.6666666666666667,0.6666666666666667,0.0,0.0,0.0,0.0,32.30357142857143,0.0,44.44444444444444,50.0,6.533333333333333
italy,Serie A,2025,Daniel Chiderah Ndulue,18.0,F,,,,0,0,0.0,0.0,0.0,0.0,0.0,0,0,0,0.0,0,,,,,,,,,,,,,,,,,,,,,,,,,,,,
italy,Serie A,2025,Daniel Denoon,21.0,D,Switzerland,187.0,85.0,2,2,123.0,0.0,0.0,0.0,0.0,0,0,1,0.0,0,0.0,0.0,0.0,0.0,0.0,0.0,0.0,23.414634146341466,0.0,2.1951219512195124,0.0,0.7317073170731708,2.9268292682926833,9.51219512195122,4.390243902439025,0.0,0.0,0.0,2.1951219512195124,2.9268292682926833,0.7317073170731708,0.0,0.0,13.96875,,46.15384615384615,,6.573170731707317
italy,Serie A,2025,Daniel Maldini,24.0,F,Italy,188.0,83.0,21,12,955.0,2.0,1.0,0.0,0.0,0,0,1,0.0,0,0.28272251308900526,1.413612565445026,0.6596858638743456,0.1884816753926702,0.0942408376963351,0.28272251308900526,0.1884816753926702,29.12041884816754,1.0366492146596857,1.413612565445026,0.0942408376963351,0.3769633507853404,1.7905759162303663,13.382198952879582,6.219895287958115,3.2041884816753927,1.5078534031413615,0.1884816753926702,2.5445026178010473,1.6963350785340314,0.0942408376963351,0.0,0.0,16.333333333333332,46.666666666666664,46.478873239436616,47.05882352941176,6.743350785340315
italy,Serie A,2025,Daniel Mikołajewski,19.0,F,Poland,178.0,81.0,3,1,75.0,0.0,0.0,0.0,0.0,0,0,0,0.0,0,2.4000000000000004,1.2000000000000002,0.0,0.0,0.0,0.0,0.0,10.799999999999999,0.0,1.2000000000000002,0.0,0.0,1.2000000000000002,12.0,3.6,2.4000000000000004,0.0,1.2000000000000002,2.4000000000000004,2.4000000000000004,0.0,0.0,0.0,5.666666666666667,0.0,30.0,0.0,6.516
italy,Serie A,2025,Daniel Mosquera,26.0,F,Colombia,181.0,75.0,22,5,610.0,0.0,2.0,0.0,0.0,0,0,1,0.0,0,0.4426229508196722,1.6229508196721312,0.7377049180327869,0.0,0.29508196721311475,0.29508196721311475,0.0,16.81967213114754,0.7377049180327869,0.7377049180327869,0.4426229508196722,0.29508196721311475,1.0327868852459017,18.295081967213115,5.016393442622951,2.360655737704918,1.0327868852459017,0.8852459016393444,0.8852459016393444,3.2459016393442623,0.14754098360655737,0.0,0.0,8.0,45.45454545454545,27.419354838709676,43.75,6.358620689655172
italy,Serie A,2025,Daniel Oyegoke,22.0,D,England,188.0,63.0,15,8,606.0,0.0,0.0,0.0,0.0,0,0,2,0.0,0,0.1485148514851485,0.44554455445544555,0.1485148514851485,0.0,0.0,0.0,0.0,26.287128712871286,0.44554455445544555,2.376237623762376,0.0,1.0396039603960396,3.4158415841584158,10.396039603960396,5.198019801980198,1.7821782178217822,1.0396039603960396,0.44554455445544555,0.7425742574257425,1.9306930693069306,0.297029702970297,0.0,0.0,13.067796610169491,33.33333333333333,50.0,58.333333333333336,6.6414593698175795
italy,Serie A,2025,Daniele Bleve,17.0,G,,,,0,0,0.0,0.0,0.0,0.0,0.0,0,0,0,0.0,0,,,,,,,,,,,,,,,,,,,,,,,,,,,,
italy,Serie A,2025,Daniele Ghilardi,22.0,D,Italy,189.0,77.0,23,9,1089.0,0.0,0.0,0.0,0.0,0,0,1,0.0,0,0.0,0.1652892561983471,0.0,0.0,0.0,0.0,0.0,49.83471074380166,0.4132231404958678,2.479338842975207,0.49586776859504134,1.6528925619834711,4.132231404958677,11.15702479338843,6.198347107438017,0.4132231404958678,0.24793388429752067,0.9917355371900827,1.4049586776859504,1.9008264462809916,0.08264462809917356,0.0,0.0,33.97014925373134,0.0,55.55555555555556,60.0,6.987775735294117
italy,Serie A,2025,Daniele Padelli,40.0,G,Italy,191.0,82.0,2,2,180.0,0.0,0.0,0.0,0.0,0,0,0,0.0,0,0.0,0.0,0.0,0.0,0.0,0.0,0.0,31.499999999999996,0.0,0.0,0.0,0.0,0.0,0.0,0.0,0.0,0.0,0.0,0.0,0.0,0.0,0.0,0.0,21.0,,,,6.95
italy,Serie A,2025,Daniele Rugani,31.0,D,Italy,190.0,84.0,12,7,594.0,0.0,0.0,0.0,1.0,0,0,2,0.0,0,0.0,0.15151515151515152,0.0,0.0,0.0,0.0,0.0,48.939393939393945,0.0,1.2121212121212122,0.6060606060606061,1.3636363636363638,2.5757575757575757,6.818181818181818,3.4848484848484844,0.0,0.0,0.15151515151515152,0.0,1.3636363636363638,0.30303030303030304,0.0,0.0,44.3416149068323,0.0,51.11111111111111,,6.526306913996627
italy,Serie A,2025,Daniele Sommariva,28.0,G,Italy,185.0,76.0,2,1,175.0,0.0,0.0,0.0,0.0,0,0,0,0.0,0,0.0,0.0,0.0,0.0,0.0,0.0,0.0,46.28571428571428,0.0,0.0,0.0,0.0,0.0,0.5142857142857142,0.5142857142857142,0.0,0.0,0.0,0.5142857142857142,0.0,0.0,0.0,0.0,24.966666666666665,,100.0,,6.742857142857143
italy,Serie A,2025,Danilo Cataldi,31.0,M,Italy,180.0,70.0,27,24,1993.0,3.0,3.0,0.0,1.0,2,0,6,0.0,0,0.0,0.9031610637230306,0.3161063723030607,0.1354741595584546,0.1354741595584546,0.2709483191169092,0.04515805318615153,49.58354239839438,1.0386352232814853,1.5353738083291522,0.40642247867536374,0.9483191169091822,2.4836929252383344,5.283492222779729,2.890115403913698,0.6773707977922729,0.2709483191169092,0.5418966382338184,0.5418966382338184,0.9934771700953337,0.2709483191169092,0.0,0.0,38.87249544626594,35.0,54.700854700854705,40.0,6.915353738083291
italy,Serie A,2025,Danilo Veiga,23.0,D,Portugal,183.0,78.0,36,33,3022.0,0.0,1.0,0.0,0.0,0,0,8,0.0,0,0.029781601588352084,0.14890800794176043,0.05956320317670417,0.0,0.029781601588352084,0.029781601588352084,0.0,29.87094639311714,0.6254136333553938,2.8888153540701524,0.4169424222369292,0.9530112508272667,3.8418266048974186,11.972203838517538,6.403044341495699,1.9060225016545334,0.6254136333553938,0.5658504301786896,1.399735274652548,1.3103904698874917,0.23825281270681667,0.0,0.0,23.838484546360917,40.0,53.482587064676615,32.8125,6.7347121111846455
italy,Serie A,2025,Dario Sits,21.0,F,Latvia,187.0,71.0,0,0,0.0,0.0,0.0,0.0,0.0,0,0,0,0.0,0,,,,,,,,,,,,,,,,,,,,,,,,,,,,
italy,Serie A,2025,Darryl Bakola,18.0,M,France,178.0,70.0,6,1,144.0,0.0,1.0,0.0,0.0,0,0,0,0.0,0,0.0,1.25,0.625,0.0,0.625,0.625,0.0,38.75,1.875,5.0,0.0,0.625,5.625,15.625,10.0,3.75,1.875,1.25,1.875,1.25,0.0,0.0,0.0,13.083333333333334,50.0,64.0,50.0,6.879861111111111
italy,Serie A,2025,David De Gea,35.0,G,Spain,192.0,76.0,37,37,3330.0,0.0,0.0,0.0,0.0,0,0,1,0.0,0,0.0,0.0,0.0,0.0,0.0,0.0,0.0,28.837837837837835,0.027027027027027025,0.0,0.0,0.0,0.0,0.40540540540540543,0.29729729729729726,0.0,0.0,0.05405405405405405,0.16216216216216217,0.0,0.027027027027027025,0.0,0.0,19.871602624179943,,73.33333333333333,,6.989189189189189
italy,Serie A,2025,David Neres,28.0,F,Brazil,176.0,66.0,16,10,925.0,3.0,3.0,0.0,0.0,0,0,3,0.0,0,0.0,0.972972972972973,0.3891891891891892,0.29189189189189185,0.29189189189189185,0.5837837837837837,0.29189189189189185,32.20540540540541,2.0432432432432432,0.972972972972973,0.29189189189189185,0.0972972972972973,1.0702702702702702,11.091891891891892,3.891891891891892,4.864864864864865,1.8486486486486484,0.1945945945945946,0.6810810810810811,1.8486486486486484,0.29189189189189185,0.0,0.0,20.45619335347432,40.0,35.08771929824561,38.0,7.17664864864865
italy,Serie A,2025,David Odogu,19.0,D,Germany,191.0,83.0,2,0,9.0,0.0,0.0,0.0,0.0,0,0,0,0.0,0,0.0,0.0,0.0,0.0,0.0,0.0,0.0,20.0,0.0,0.0,0.0,0.0,0.0,10.0,10.0,0.0,0.0,0.0,0.0,0.0,0.0,0.0,0.0,1.0,,100.0,,6.6
italy,Serie A,2025,David Okereke,28.0,F,Nigeria,182.0,75.0,10,3,400.0,2.0,0.0,0.0,0.0,0,0,0,0.0,1,0.45,1.5750000000000002,1.125,0.45,0.0,0.45,0.45,22.05,0.6749999999999999,0.6749999999999999,0.225,0.0,0.6749999999999999,15.075000000000001,5.3999999999999995,2.9250000000000003,1.125,0.6749999999999999,0.9,0.225,0.0,0.0,0.225,12.459183673469388,71.42857142857143,35.82089552238806,38.46153846153847,6.571000000000001
italy,Serie A,2025,David Pejičić,18.0,M,Slovenia,175.0,66.0,0,0,0.0,0.0,0.0,0.0,0.0,0,0,0,0.0,0,,,,,,,,,,,,,,,,,,,,,,,,,,,,
italy,Serie A,2025,David Spinelli,17.0,G,,,,0,0,0.0,0.0,0.0,0.0,0.0,0,0,0,0.0,0,,,,,,,,,,,,,,,,,,,,,,,,,,,,
italy,Serie A,2025,Davide Bartesaghi,20.0,M,Italy,193.0,86.0,31,27,2442.0,2.0,0.0,0.0,2.0,0,0,3,0.0,0,0.14742014742014742,0.5528255528255528,0.25798525798525795,0.07371007371007371,0.0,0.07371007371007371,0.07371007371007371,39.17690417690418,1.6216216216216217,1.805896805896806,0.36855036855036855,0.44226044226044225,2.248157248157248,7.665847665847665,3.6855036855036856,1.1793611793611793,0.44226044226044225,0.6633906633906634,0.5159705159705159,0.7002457002457002,0.11056511056511056,0.0,0.0,36.74882408278457,46.666666666666664,48.07692307692308,37.5,6.94013104013104
italy,Serie A,2025,Davide De Battisti,19.0,D,Italy,180.0,78.0,0,0,0.0,0.0,0.0,0.0,0.0,0,0,0,0.0,0,,,,,,,,,,,,,,,,,,,,,,,,,,,,
italy,Serie A,2025,Davide Frattesi,26.0,M,Italy,178.0,74.0,22,3,574.0,0.0,0.0,0.0,0.0,0,0,0,0.0,0,0.313588850174216,2.038327526132404,0.627177700348432,0.0,0.0,0.0,0.0,18.972125435540068,0.9407665505226481,2.35191637630662,0.156794425087108,0.47038327526132406,2.822299651567944,10.662020905923345,5.48780487804878,1.411149825783972,0.7839721254355401,0.627177700348432,1.724738675958188,1.411149825783972,0.0,0.0,0.0,12.820512820512821,30.76923076923077,51.470588235294116,55.55555555555556,6.469230769230769
italy,Serie A,2025,Davide Pavesi,17.0,D,Italy,,,0,0,0.0,0.0,0.0,0.0,0.0,0,0,0,0.0,0,,,,,,,,,,,,,,,,,,,,,,,,,,,,
italy,Serie A,2025,Davide Zappacosta,33.0,M,Italy,182.0,70.0,35,30,2580.0,3.0,3.0,0.0,0.0,0,0,3,0.0,0,0.2441860465116279,0.8023255813953488,0.313953488372093,0.10465116279069767,0.10465116279069767,0.20930232558139533,0.10465116279069767,40.18604651162791,1.4651162790697674,0.7674418604651163,0.06976744186046512,0.6976744186046512,1.4651162790697674,5.546511627906977,2.302325581395349,1.9883720930232558,0.872093023255814,0.5232558139534884,0.27906976744186046,0.627906976744186,0.10465116279069767,0.0,0.0,33.09904430929626,39.130434782608695,41.509433962264154,43.859649122807014,6.853527131782945
italy,Serie A,2025,Dennis Johnsen,27.0,F,Norway,185.0,72.0,11,5,390.0,1.0,1.0,0.0,0.0,0,0,0,0.0,0,0.23076923076923078,0.6923076923076923,0.46153846153846156,0.23076923076923078,0.23076923076923078,0.46153846153846156,0.23076923076923078,22.153846153846153,0.9230769230769231,0.6923076923076923,0.0,0.0,0.6923076923076923,10.153846153846153,4.615384615384615,3.0,1.1538461538461537,0.6923076923076923,0.9230769230769231,0.46153846153846156,0.0,0.0,0.0,5.572916666666667,66.66666666666666,45.45454545454545,38.46153846153847,6.715463917525773
italy,Serie A,2025,Denzel Dumfries,29.0,M,Netherlands,188.0,80.0,20,15,1327.0,3.0,1.0,0.0,1.0,0,0,2,0.0,0,0.1356443104747551,1.0851544837980407,0.33911077618688773,0.20346646571213264,0.06782215523737754,0.2712886209495102,0.20346646571213264,25.568952524491333,0.881688018085908,1.0173323285606632,0.0,0.4747550866616428,1.492087415222306,8.81688018085908,4.2727957799547855,1.2886209495101735,0.4069329314242653,0.6782215523737755,0.881688018085908,1.356443104747551,0.1356443104747551,0.0,0.0,18.09814323607427,31.25,48.46153846153846,31.57894736842105,6.616578749058026
italy,Serie A,2025,Devis Vásquez,27.0,G,Colombia,195.0,93.0,0,0,0.0,0.0,0.0,0.0,0.0,0,0,0,0.0,0,,,,,,,,,,,,,,,,,,,,,,,,,,,,
italy,Serie A,2025,Devyne Rensch,22.0,D,Netherlands,181.0,75.0,24,12,1196.0,1.0,4.0,1.0,0.0,0,0,1,0.0,0,0.22575250836120403,0.3010033444816054,0.1505016722408027,0.07525083612040134,0.3010033444816054,0.37625418060200666,0.07525083612040134,40.86120401337792,0.7525083612040133,2.3327759197324416,0.37625418060200666,1.2792642140468227,3.6120401337792645,7.750836120401337,4.816053511705686,0.5267558528428093,0.3010033444816054,0.677257525083612,1.354515050167224,0.45150501672240806,0.07525083612040134,0.0,0.0,30.847145488029465,50.0,62.13592233009708,57.14285714285714,7.016204869857262
italy,Serie A,2025,Diego Carlos,32.0,D,Brazil,186.0,79.0,27,21,1948.0,1.0,0.0,0.0,1.0,0,0,8,0.0,0,0.09240246406570843,0.3696098562628337,0.09240246406570843,0.046201232032854214,0.0,0.046201232032854214,0.046201232032854214,61.03182751540041,0.09240246406570843,1.3860369609856262,0.7854209445585215,1.0164271047227926,2.402464065708419,7.34599589322382,3.927104722792608,0.0,0.0,0.09240246406570843,0.32340862422997946,1.801848049281314,0.3696098562628337,0.0,0.0,58.31212121212121,25.0,53.459119496855344,,6.890657084188912
italy,Serie A,2025,Dodô,27.0,D,Brazil,166.0,68.0,36,36,3139.0,1.0,2.0,0.0,0.0,0,0,7,0.0,0,0.05734310289901243,0.5734310289901243,0.11468620579802485,0.028671551449506213,0.05734310289901243,0.08601465434851863,0.028671551449506213,40.1401720293087,1.462249123924817,0.8314749920356801,0.08601465434851863,0.8601465434851864,1.6916215355208666,7.368588722523097,4.157374960178401,2.437081873208028,1.3188913666772857,0.5160879260911118,1.519592226823829,0.6307741318891367,0.2007008601465435,0.0,0.0,37.002857142857145,20.0,56.42023346303502,54.11764705882353,6.986811086333227
italy,Serie A,2025,Domagoj Bradarić,26.0,M,Croatia,178.0,69.0,29,23,1976.0,0.0,1.0,0.0,0.0,0,0,2,0.0,0,0.09109311740890688,0.4099190283400809,0.2732793522267207,0.0,0.04554655870445344,0.04554655870445344,0.0,24.18522267206478,1.2753036437246963,1.3663967611336032,0.13663967611336034,0.4099190283400809,1.776315789473684,4.919028340080972,2.459514170040486,0.8198380566801619,0.3188259109311741,0.5465587044534413,0.45546558704453444,0.3643724696356275,0.09109311740890688,0.0,0.0,17.984934086629004,66.66666666666666,50.0,38.88888888888889,6.646558704453441
italy,Serie A,2025,Domenico Berardi,31.0,F,Italy,183.0,72.0,26,24,1970.0,8.0,4.0,1.0,0.0,2,1,2,0.0,1,0.5482233502538071,1.598984771573604,0.9593908629441624,0.3654822335025381,0.18274111675126906,0.5482233502538071,0.27411167512690354,29.558375634517766,1.5076142131979697,1.1878172588832487,0.0,1.0964467005076142,2.284263959390863,8.406091370558375,3.746192893401015,1.1421319796954315,0.45685279187817257,0.9593908629441624,1.5532994923857868,1.4162436548223352,0.09137055837563453,0.0,0.045685279187817264,21.557959814528594,60.0,44.565217391304344,40.0,7.067664974619289
italy,Serie A,2025,Dominic Vavassori,20.0,F,Italy,173.0,60.0,1,0,9.0,0.0,0.0,0.0,0.0,0,0,0,0.0,0,0.0,0.0,0.0,0.0,0.0,0.0,0.0,20.0,0.0,0.0,0.0,0.0,0.0,30.0,20.0,0.0,0.0,0.0,10.0,10.0,0.0,0.0,0.0,2.0,,66.66666666666666,,6.6
italy,Serie A,2025,Dominik Drobnic ,18.0,D,,,,0,0,0.0,0.0,0.0,0.0,0.0,0,0,0,0.0,0,,,,,,,,,,,,,,,,,,,,,,,,,,,,
italy,Serie A,2025,Donyell Malen,26.0,F,Netherlands,176.0,68.0,18,18,1478.0,14.0,2.0,0.0,0.0,3,1,1,0.0,0,0.8525033829499323,2.9837618403247634,1.8876860622462788,0.8525033829499323,0.12178619756427606,0.9742895805142084,0.6698240866035183,13.396481732070365,0.4871447902571042,0.3044654939106901,0.0,0.12178619756427606,0.42625169147496617,8.890392422192152,2.922868741542625,2.618403247631935,0.9742895805142084,0.18267929634641406,1.0351826792963463,0.7307171853856562,0.06089309878213803,0.0,0.0,10.49090909090909,63.26530612244898,32.87671232876712,37.2093023255814,7.2440460081190805
italy,Serie A,2025,Duván Zapata,34.0,F,Colombia,189.0,88.0,28,11,1125.0,3.0,1.0,0.0,0.0,0,1,0,0.0,0,0.5599999999999999,1.92,1.2000000000000002,0.24,0.08,0.32,0.24,19.599999999999998,0.8,0.32,0.08,0.08,0.4,11.92,5.36,1.28,0.48,0.24,1.92,1.2000000000000002,0.0,0.0,0.0,9.17142857142857,62.5,44.966442953020135,37.5,6.692266666666667
italy,Serie A,2025,Dušan Vlahović,25.0,F,Serbia,190.0,88.0,19,11,976.0,7.0,1.0,1.0,0.0,1,0,0,0.0,0,0.8299180327868853,3.5040983606557377,1.6598360655737705,0.6454918032786885,0.09221311475409837,0.7377049180327869,0.5532786885245902,16.137295081967213,1.1065573770491803,0.2766393442622951,0.18442622950819673,0.18442622950819673,0.4610655737704918,10.051229508196721,4.51844262295082,0.6454918032786885,0.2766393442622951,0.0,1.6598360655737705,0.8299180327868853,0.0,0.0,0.0,10.382857142857143,47.368421052631575,44.95412844036697,42.857142857142854,6.796004098360656
italy,Serie A,2025,Ebenezer Akinsanmiro,21.0,M,Nigeria,184.0,70.0,24,16,1445.0,0.0,1.0,0.0,0.0,0,0,2,0.0,0,0.06228373702422145,0.685121107266436,0.18685121107266436,0.0,0.06228373702422145,0.06228373702422145,0.0,31.702422145328722,0.9965397923875432,2.4290657439446366,0.3737024221453287,1.681660899653979,4.110726643598616,12.207612456747405,6.352941176470588,2.491349480968858,1.3079584775086506,0.6228373702422145,1.7439446366782005,1.8685121107266436,0.1245674740484429,0.0,0.0,23.811023622047244,27.27272727272727,52.04081632653062,52.5,6.815224913494809
italy,Serie A,2025,Eddy Kouadio,19.0,D,Italy,191.0,74.0,3,0,80.0,0.0,0.0,0.0,0.0,0,0,0,0.0,0,0.0,0.0,0.0,0.0,0.0,0.0,0.0,27.0,1.125,4.5,0.0,1.125,5.625,10.125,6.75,2.25,1.125,1.125,1.125,1.125,0.0,0.0,0.0,7.958333333333333,,66.66666666666666,50.0,6.73125
italy,Serie A,2025,Edin Džeko,39.0,F,Bosnia and Herzegovina,193.0,80.0,11,2,250.0,0.0,0.0,0.0,0.0,0,0,1,0.0,0,0.0,0.36,0.36,0.0,0.0,0.0,0.0,29.16,0.72,0.36,0.36,0.36,0.72,15.479999999999999,9.36,2.16,0.72,0.0,1.8,0.72,0.36,0.0,0.0,8.975,100.0,60.46511627906976,33.33333333333333,6.631600000000001
italy,Serie A,2025,Edoardo Corvi,24.0,G,Italy,187.0,77.0,17,17,1530.0,0.0,0.0,0.0,0.0,0,0,1,0.0,0,0.0,0.0,0.0,0.0,0.0,0.0,0.0,30.11764705882353,0.0,0.058823529411764705,0.0,0.0,0.058823529411764705,0.47058823529411764,0.411764705882353,0.0,0.0,0.058823529411764705,0.29411764705882354,0.0,0.058823529411764705,0.0,0.0,22.994140625,,87.5,,6.947058823529412
italy,Serie A,2025,Edoardo Goldaniga,32.0,D,Italy,193.0,87.0,2,0,14.0,0.0,0.0,0.0,0.0,0,0,0,0.0,0,0.0,0.0,0.0,0.0,0.0,0.0,0.0,115.71428571428572,0.0,0.0,6.428571428571428,0.0,0.0,6.428571428571428,6.428571428571428,0.0,0.0,0.0,0.0,0.0,0.0,0.0,0.0,18.0,,100.0,,7.0
italy,Serie A,2025,Edoardo Iannoni,24.0,M,Italy,185.0,,15,1,269.0,1.0,0.0,0.0,0.0,0,0,3,0.0,0,0.33457249070631967,1.003717472118959,0.33457249070631967,0.33457249070631967,0.0,0.33457249070631967,0.33457249070631967,37.13754646840149,0.0,2.007434944237918,0.0,1.003717472118959,3.011152416356877,12.37918215613383,4.349442379182157,1.6728624535315986,0.0,1.3382899628252787,0.0,3.680297397769517,1.003717472118959,0.0,0.0,12.0,33.33333333333333,35.13513513513514,0.0,6.530597014925373
italy,Serie A,2025,Edoardo Motta,20.0,G,Italy,194.0,87.0,9,9,810.0,0.0,0.0,0.0,1.0,0,0,1,0.0,0,0.0,0.0,0.0,0.0,0.0,0.0,0.0,26.333333333333332,0.1111111111111111,0.0,0.0,0.0,0.0,0.7777777777777777,0.4444444444444444,0.0,0.0,0.0,0.1111111111111111,0.1111111111111111,0.1111111111111111,0.0,0.0,21.345991561181435,,57.14285714285714,,6.9
italy,Serie A,2025,Edoardo Pieragnolo,22.0,D,Italy,184.0,,0,0,0.0,0.0,0.0,0.0,0.0,0,0,0,0.0,0,,,,,,,,,,,,,,,,,,,,,,,,,,,,
italy,Serie A,2025,Edoardo Sadotti,19.0,D,,,,0,0,0.0,0.0,0.0,0.0,0.0,0,0,0,0.0,0,,,,,,,,,,,,,,,,,,,,,,,,,,,,
italy,Serie A,2025,Edoardo Tigani,19.0,M,,,,0,0,0.0,0.0,0.0,0.0,0.0,0,0,0,0.0,0,,,,,,,,,,,,,,,,,,,,,,,,,,,,
italy,Serie A,2025,Edon Zhegrova,26.0,F,Kosovo,181.0,66.0,19,0,386.0,0.0,0.0,0.0,0.0,0,0,1,0.0,0,0.46632124352331605,2.5647668393782386,2.098445595854922,0.0,0.0,0.0,0.0,53.39378238341969,2.33160621761658,1.16580310880829,0.0,0.0,1.16580310880829,17.25388601036269,7.927461139896373,10.259067357512954,4.896373056994818,0.23316062176165803,1.3989637305699483,0.9326424870466321,0.23316062176165803,0.0,0.0,14.16593886462882,81.81818181818183,45.94594594594595,47.72727272727273,6.6620779220779225
italy,Serie A,2025,Eivind Helland,20.0,D,Norway,,,6,6,488.0,0.0,0.0,0.0,0.0,0,0,2,0.0,0,0.0,0.18442622950819673,0.0,0.0,0.0,0.0,0.0,61.782786885245905,0.5532786885245902,1.290983606557377,1.1065573770491803,1.1065573770491803,2.3975409836065573,6.823770491803279,4.241803278688525,0.0,0.0,0.18442622950819673,0.18442622950819673,0.9221311475409836,0.36885245901639346,0.0,0.0,52.71641791044776,0.0,62.16216216216216,,6.834016393442623
italy,Serie A,2025,Elia Caprile,24.0,G,Italy,191.0,74.0,38,38,3420.0,0.0,0.0,0.0,0.0,0,0,2,0.0,0,0.0,0.0,0.0,0.0,0.0,0.0,0.0,28.710526315789473,0.026315789473684213,0.0,0.0,0.0,0.0,0.5526315789473685,0.47368421052631576,0.0,0.0,0.0,0.2105263157894737,0.0,0.052631578947368425,0.0,0.0,18.652612282309807,,85.71428571428571,,7.0394736842105265
italy,Serie A,2025,Elia Plicco,18.0,M,Italy,168.0,57.0,0,0,0.0,0.0,0.0,0.0,0.0,0,0,0,0.0,0,,,,,,,,,,,,,,,,,,,,,,,,,,,,
italy,Serie A,2025,Elia Spicuglia,18.0,F,,,,0,0,0.0,0.0,0.0,0.0,0.0,0,0,0,0.0,0,,,,,,,,,,,,,,,,,,,,,,,,,,,,
italy,Serie A,2025,Eljif Elmas,26.0,M,North Macedonia,184.0,78.0,33,20,1788.0,1.0,3.0,0.0,0.0,0,0,3,0.0,0,0.10067114093959731,0.8557046979865771,0.4530201342281879,0.050335570469798654,0.15100671140939598,0.20134228187919462,0.050335570469798654,39.16107382550336,1.2080536912751678,1.2080536912751678,0.30201342281879195,0.3523489932885906,1.5604026845637586,5.5369127516778525,2.61744966442953,1.1073825503355705,0.6543624161073825,0.3523489932885906,0.6543624161073825,0.9060402684563758,0.15100671140939598,0.0,0.0,33.2840616966581,52.94117647058824,47.27272727272727,59.09090909090909,6.771196868008948
italy,Serie A,2025,Elseid Hysaj,31.0,D,Albania,182.0,70.0,5,1,170.0,0.0,0.0,0.0,0.0,0,0,0,0.0,0,0.0,0.0,0.0,0.0,0.0,0.0,0.0,39.1764705882353,0.0,1.0588235294117647,0.0,1.0588235294117647,2.1176470588235294,4.235294117647059,2.6470588235294117,0.5294117647058824,0.0,0.5294117647058824,0.5294117647058824,0.0,0.0,0.0,0.0,27.445945945945947,,62.5,0.0,6.401204819277108
italy,Serie A,2025,Eman Košpo,18.0,D,Bosnia and Herzegovina,191.0,,0,0,0.0,0.0,0.0,0.0,0.0,0,0,0,0.0,0,,,,,,,,,,,,,,,,,,,,,,,,,,,,
italy,Serie A,2025,Emanuele Lulli,18.0,D,,,,0,0,0.0,0.0,0.0,0.0,0.0,0,0,0,0.0,0,,,,,,,,,,,,,,,,,,,,,,,,,,,,
italy,Serie A,2025,Emanuele Sala,17.0,M,,,,0,0,0.0,0.0,0.0,0.0,0.0,0,0,0,0.0,0,,,,,,,,,,,,,,,,,,,,,,,,,,,,
italy,Serie A,2025,Emanuele Valeri,27.0,M,Italy,180.0,78.0,34,29,2645.0,0.0,2.0,0.0,0.0,0,0,2,0.0,0,0.10207939508506615,0.5103969754253308,0.17013232514177695,0.0,0.06805293005671077,0.06805293005671077,0.0,25.553875236294896,1.735349716446125,1.5992438563327034,0.10207939508506615,0.7485822306238185,2.3478260869565215,7.247637051039697,3.47069943289225,1.1568998109640831,0.5103969754253308,0.88468809073724,0.88468809073724,0.782608695652174,0.06805293005671077,0.0,0.0,21.617842876165113,33.33333333333333,47.88732394366197,44.11764705882353,6.913497164461248
italy,Serie A,2025,Emil Audero,28.0,G,Italy,190.0,83.0,34,34,3060.0,0.0,0.0,0.0,0.0,0,0,0,0.0,0,0.0,0.0,0.0,0.0,0.0,0.0,0.0,38.029411764705884,0.0,0.0,0.0,0.0,0.0,0.5,0.411764705882353,0.029411764705882353,0.029411764705882353,0.029411764705882353,0.1764705882352941,0.0,0.0,0.0,0.0,24.66434648105182,,82.35294117647058,100.0,7.0588235294117645
italy,Serie A,2025,Emil Holm,25.0,D,Sweden,191.0,83.0,18,10,895.0,1.0,4.0,0.0,0.0,0,0,3,0.0,1,0.0,1.1061452513966479,0.20111731843575417,0.10055865921787709,0.40223463687150834,0.5027932960893855,0.10055865921787709,37.608938547486034,0.9050279329608938,3.016759776536313,0.3016759776536313,0.9050279329608938,3.921787709497207,12.368715083798882,7.24022346368715,1.5083798882681565,0.7039106145251397,0.7039106145251397,1.9106145251396647,1.1061452513966479,0.3016759776536313,0.0,0.10055865921787709,22.962566844919785,18.181818181818183,58.536585365853654,46.666666666666664,6.923128491620112
italy,Serie A,2025,Emirhan İlkhan,21.0,M,Türkiye,175.0,67.0,19,13,1018.0,1.0,2.0,0.0,0.0,0,0,2,0.0,1,0.0,0.618860510805501,0.26522593320235754,0.08840864440078584,0.1768172888015717,0.26522593320235754,0.08840864440078584,41.90569744597249,0.9724950884086444,2.298624754420432,0.1768172888015717,1.149312377210216,3.447937131630648,10.166994106090373,5.658153241650294,1.149312377210216,0.618860510805501,1.0609037328094302,1.5913555992141453,0.9724950884086444,0.1768172888015717,0.0,0.08840864440078584,24.860759493670887,42.857142857142854,55.65217391304348,53.84615384615385,6.870923379174853
italy,Serie A,2025,Emmanuele De Chiara,19.0,M,,,,0,0,0.0,0.0,0.0,0.0,0.0,0,0,0,0.0,0,,,,,,,,,,,,,,,,,,,,,,,,,,,,
italy,Serie A,2025,Enrico Del Prato,26.0,D,Italy,183.0,76.0,35,34,2953.0,2.0,0.0,0.0,0.0,0,0,5,0.0,0,0.18286488316965796,0.45716220792414497,0.2742973247544869,0.06095496105655266,0.0,0.06095496105655266,0.06095496105655266,34.07382323061294,0.2133423636979343,1.0971892990179477,0.6705045716220792,0.7314595326786318,1.8286488316965799,4.906874365052489,2.590585844903488,0.2742973247544869,0.15238740264138165,0.5181171689806976,0.3047748052827633,0.4876396884524213,0.15238740264138165,0.0,0.0,33.05724508050089,60.0,52.79503105590062,55.55555555555556,6.745479173721639
italy,Serie A,2025,Enzo Ebosse,26.0,D,Cameroon,185.0,74.0,17,16,1331.0,0.0,1.0,0.0,0.0,0,0,4,0.0,0,0.0,0.067618332081142,0.0,0.0,0.067618332081142,0.067618332081142,0.0,55.92036063110444,0.473328324567994,0.8114199849737039,1.01427498121713,0.67618332081142,1.487603305785124,6.220886551465064,2.70473328324568,0.270473328324568,0.135236664162284,0.33809166040571,0.67618332081142,1.419984973703982,0.270473328324568,0.0,0.0,51.238210399032646,0.0,43.47826086956522,50.0,6.705634861006763
italy,Serie A,2025,Ernestas Lysionok,18.0,G,Lithuania,,,0,0,0.0,0.0,0.0,0.0,0.0,0,0,0,0.0,0,,,,,,,,,,,,,,,,,,,,,,,,,,,,
italy,Serie A,2025,Evan Ferguson,21.0,F,Republic of Ireland,183.0,78.0,16,10,776.0,3.0,2.0,0.0,0.0,0,0,1,0.0,0,0.3479381443298969,2.8994845360824737,1.7396907216494846,0.3479381443298969,0.23195876288659795,0.5798969072164948,0.3479381443298969,19.13659793814433,1.7396907216494846,0.8118556701030927,0.11597938144329897,0.11597938144329897,0.9278350515463918,12.989690721649483,3.9432989690721647,1.9716494845360824,0.9278350515463918,0.4639175257731959,1.0438144329896908,1.2757731958762886,0.11597938144329897,0.0,0.0,10.190184049079754,60.0,30.357142857142854,47.05882352941176,6.543823146944083
italy,Serie A,2025,Evan Ndicka,26.0,D,Côte d'Ivoire,192.0,82.0,31,31,2683.0,3.0,0.0,0.0,0.0,0,0,5,0.0,0,0.0,0.7044353335818114,0.20126723816623182,0.10063361908311591,0.0,0.10063361908311591,0.10063361908311591,54.811777860603804,0.20126723816623182,0.8050689526649273,0.40253447633246364,1.6436824450242267,2.4487513976891537,7.950055907566158,4.662691017517704,0.30190085724934773,0.13417815877748787,0.26835631755497574,1.174058889303019,1.073425270219903,0.16772269847185986,0.0,0.0,50.21909424724602,28.57142857142857,58.64978902953587,44.44444444444444,6.982221393961982
italy,Serie A,2025,Fabiano Parisi,25.0,D,Italy,178.0,70.0,23,18,1527.0,1.0,1.0,1.0,1.0,0,0,6,0.0,0,0.05893909626719057,0.9430255402750491,0.412573673870334,0.05893909626719057,0.05893909626719057,0.11787819253438114,0.05893909626719057,37.66208251473478,1.119842829076621,1.237721021611002,0.3536345776031434,1.1787819253438114,2.4165029469548136,12.43614931237721,7.30844793713163,3.2416502946954813,1.8271119842829076,0.4715127701375246,3.8899803536345776,0.825147347740668,0.3536345776031434,0.0,0.0,29.88262910798122,43.75,58.767772511848335,56.36363636363636,7.058153241650294
italy,Serie A,2025,Fabio Miretti,22.0,M,Italy,179.0,75.0,23,5,631.0,1.0,2.0,0.0,0.0,0,0,1,0.0,0,0.0,1.7115689381933439,0.7131537242472267,0.14263074484944532,0.28526148969889065,0.42789223454833597,0.14263074484944532,54.057052297939784,1.7115689381933439,2.7099841521394614,0.0,0.42789223454833597,3.1378763866877972,12.2662440570523,5.134706814580032,2.7099841521394614,0.9984152139461173,0.8557844690966719,0.9984152139461173,2.13946117274168,0.14263074484944532,0.0,0.0,24.8311345646438,41.66666666666667,41.86046511627907,36.84210526315789,6.730206677265501
italy,Serie A,2025,Fali Candé,27.0,D,Guinea-Bissau,184.0,82.0,12,5,512.0,0.0,0.0,0.0,1.0,0,0,2,0.0,0,0.0,0.52734375,0.0,0.0,0.0,0.0,0.0,33.57421875,0.17578125,1.58203125,0.52734375,0.3515625,1.93359375,9.84375,4.5703125,0.0,0.0,0.703125,1.0546875,1.58203125,0.3515625,0.0,0.0,19.329787234042552,0.0,46.42857142857143,,6.4759765625000005
italy,Serie A,2025,Fallou Cham,19.0,D,,,,6,3,235.0,0.0,0.0,0.0,0.0,0,0,0,0.0,0,0.3829787234042553,1.9148936170212765,0.7659574468085106,0.0,0.0,0.0,0.0,20.29787234042553,1.5319148936170213,5.361702127659575,0.0,1.5319148936170213,6.8936170212765955,13.787234042553191,8.425531914893616,0.7659574468085106,0.3829787234042553,1.1489361702127658,1.9148936170212765,2.6808510638297873,0.0,0.0,0.0,6.735849056603773,40.0,61.111111111111114,50.0,6.574042553191489
italy,Serie A,2025,Faris Moumbagna,25.0,F,Cameroon,185.0,77.0,5,0,88.0,0.0,0.0,0.0,0.0,0,0,0,0.0,0,0.0,1.0227272727272727,0.0,0.0,0.0,0.0,0.0,15.34090909090909,1.0227272727272727,0.0,0.0,0.0,0.0,9.204545454545455,3.068181818181818,1.0227272727272727,0.0,0.0,0.0,1.0227272727272727,0.0,0.0,0.0,3.9285714285714284,0.0,33.33333333333333,0.0,6.278409090909091
italy,Serie A,2025,Faustino Anjorin,24.0,M,England,185.0,73.0,15,1,286.0,0.0,0.0,0.0,0.0,0,0,1,0.0,0,0.3146853146853147,0.3146853146853147,0.3146853146853147,0.0,0.0,0.0,0.0,39.02097902097902,0.9440559440559441,2.8321678321678325,0.3146853146853147,1.8881118881118881,4.72027972027972,13.216783216783217,6.608391608391608,1.5734265734265735,0.9440559440559441,0.6293706293706294,0.3146853146853147,2.5174825174825175,0.3146853146853147,0.0,0.0,11.357723577235772,100.0,50.0,60.0,6.531228070175439
italy,Serie A,2025,Federico Baschirotto,29.0,D,Italy,184.0,90.0,29,29,2541.0,2.0,0.0,0.0,1.0,0,0,2,0.0,0,0.03541912632821723,0.3187721369539551,0.1770956316410862,0.07083825265643447,0.0,0.07083825265643447,0.07083825265643447,46.611570247933884,0.07083825265643447,0.9208972845336483,1.168831168831169,0.9208972845336483,1.8417945690672965,6.8358913813459266,3.2939787485242027,0.07083825265643447,0.03541912632821723,0.38961038961038963,0.3187721369539551,1.5938606847697758,0.07083825265643447,0.0,0.0,44.888297872340424,55.55555555555556,48.18652849740933,50.0,6.820425029515939
italy,Serie A,2025,Federico Bernardeschi,31.0,F,Italy,185.0,77.0,29,12,1222.0,4.0,2.0,0.0,1.0,1,0,3,0.0,0,0.14729950900163666,2.20949263502455,0.9574468085106382,0.2945990180032733,0.14729950900163666,0.44189852700491,0.220949263502455,39.7708674304419,2.20949263502455,0.5155482815057283,0.14729950900163666,0.5155482815057283,1.0310965630114566,8.027823240589198,3.53518821603928,3.608837970540098,1.76759410801964,0.220949263502455,0.8101472995090017,0.9574468085106382,0.220949263502455,0.0,0.0,24.32962962962963,43.333333333333336,44.03669724770643,48.97959183673469,7.056382978723404
italy,Serie A,2025,Federico Bonazzoli,28.0,F,Italy,185.0,79.0,35,31,2524.0,10.0,1.0,0.0,0.0,3,0,4,0.0,0,0.14263074484944532,2.032488114104596,1.1410459587955626,0.35657686212361334,0.03565768621236133,0.39223454833597465,0.24960380348652933,29.70285261489699,0.46354992076069734,1.06973058637084,0.0,0.39223454833597465,1.4619651347068146,8.84310618066561,4.635499207606973,1.2123613312202852,0.39223454833597465,0.7131537242472267,2.8526148969889067,0.9270998415213947,0.14263074484944532,0.0,0.0,27.16686674669868,56.14035087719298,52.41935483870967,32.35294117647059,7.0889857369255145
italy,Serie A,2025,Federico Ceccherini,33.0,D,Italy,187.0,72.0,9,6,489.0,0.0,1.0,0.0,0.0,0,0,1,0.0,1,0.0,0.9202453987730062,0.3680981595092025,0.0,0.18404907975460125,0.18404907975460125,0.0,41.59509202453988,0.3680981595092025,1.2883435582822087,0.9202453987730062,1.2883435582822087,2.5766871165644174,9.754601226993865,5.88957055214724,0.18404907975460125,0.18404907975460125,0.0,1.6564417177914113,1.8404907975460123,0.18404907975460125,0.0,0.18404907975460125,30.792035398230087,40.0,60.37735849056604,100.0,6.601022494887526
italy,Serie A,2025,Federico Dimarco,28.0,M,Italy,175.0,75.0,35,30,2704.0,7.0,16.0,0.0,0.0,0,0,3,0.0,0,0.16642011834319526,1.5310650887573964,0.7322485207100592,0.2329881656804734,0.5325443786982248,0.7655325443786982,0.2329881656804734,48.39497041420119,3.195266272189349,1.6642011834319528,0.1331360946745562,1.0318047337278107,2.6960059171597632,5.691568047337278,2.7292899408284024,0.4659763313609468,0.2329881656804734,0.665680473372781,0.7655325443786982,1.3646449704142012,0.09985207100591716,0.0,0.0,38.92984869325997,47.82608695652174,47.953216374269005,50.0,7.464792899408284
italy,Serie A,2025,Federico Gatti,27.0,D,Italy,190.0,82.0,21,12,1100.0,2.0,0.0,0.0,0.0,0,0,2,0.0,0,0.0,0.9,0.49090909090909096,0.16363636363636364,0.0,0.16363636363636364,0.16363636363636364,52.772727272727266,0.24545454545454548,0.9818181818181819,0.49090909090909096,1.0636363636363637,2.0454545454545454,6.709090909090909,3.7636363636363637,0.08181818181818182,0.08181818181818182,0.24545454545454548,0.49090909090909096,1.3909090909090909,0.16363636363636364,0.0,0.0,43.95968992248062,54.54545454545454,56.09756097560976,100.0,6.7705560619872385
italy,Serie A,2025,Federico Ravaglia,26.0,G,Italy,196.0,88.0,17,16,1469.0,0.0,0.0,0.0,2.0,0,0,4,0.0,0,0.0,0.0,0.0,0.0,0.0,0.0,0.0,46.501021102791015,0.0,0.18379850238257317,0.0,0.06126616746085772,0.2450646698434309,1.0415248468345812,0.673927842069435,0.06126616746085772,0.06126616746085772,0.12253233492171545,0.18379850238257317,0.12253233492171545,0.2450646698434309,0.0,0.0,36.52042160737813,,64.70588235294117,100.0,7.168005445881551
italy,Serie A,2025,Federico Serra,19.0,F,Italy,,,0,0,0.0,0.0,0.0,0.0,0.0,0,0,0,0.0,0,,,,,,,,,,,,,,,,,,,,,,,,,,,,
italy,Serie A,2025,Felipe Loyola,25.0,D,Chile,180.0,76.0,11,6,538.0,1.0,0.0,0.0,1.0,0,0,0,0.0,1,0.0,0.6691449814126393,0.16728624535315983,0.16728624535315983,0.0,0.16728624535315983,0.16728624535315983,36.13382899628253,0.6691449814126393,1.6728624535315986,0.16728624535315983,1.171003717472119,2.843866171003717,8.197026022304833,2.6765799256505574,1.003717472118959,0.5018587360594795,0.6691449814126393,0.33457249070631967,1.3382899628252787,0.0,0.0,0.16728624535315983,20.39351851851852,25.0,32.6530612244898,50.0,6.501115241635688
italy,Serie A,2025,Fellipe Jack,19.0,D,Brazil,187.0,80.0,0,0,0.0,0.0,0.0,0.0,0.0,0,0,0,0.0,0,,,,,,,,,,,,,,,,,,,,,,,,,,,,
italy,Serie A,2025,Fikayo Tomori,28.0,D,England,185.0,75.0,33,31,2563.0,0.0,2.0,0.0,1.0,0,0,8,0.0,1,0.07023019898556379,0.21069059695669137,0.07023019898556379,0.0,0.07023019898556379,0.07023019898556379,0.0,55.16582130316036,0.14046039797112758,2.282481467030823,0.8076472883339836,1.018337885290675,3.300819352321498,5.93445181428014,3.1954740538431525,0.17557549746390946,0.10534529847834569,0.6320717908700741,0.24580569644947328,1.2641435817401483,0.28092079594225516,0.0,0.035115099492781895,51.3049013367282,33.33333333333333,53.84615384615385,60.0,6.970101483216238
italy,Serie A,2025,Filip Kostić,33.0,M,Serbia,184.0,81.0,18,4,490.0,3.0,1.0,0.0,0.0,0,0,1,0.0,0,0.0,1.1020408163265305,0.7346938775510204,0.5510204081632653,0.1836734693877551,0.7346938775510204,0.5510204081632653,42.06122448979592,1.8367346938775508,3.122448979591837,0.0,0.7346938775510204,3.857142857142857,10.285714285714285,5.5102040816326525,1.469387755102041,0.7346938775510204,0.7346938775510204,0.9183673469387754,1.469387755102041,0.1836734693877551,0.0,0.0,21.56578947368421,66.66666666666666,53.57142857142857,50.0,7.187809917355372
italy,Serie A,2025,Filip Marchwiński,23.0,M,Poland,187.0,72.0,0,0,0.0,0.0,0.0,0.0,0.0,0,0,0,0.0,0,,,,,,,,,,,,,,,,,,,,,,,,,,,,
italy,Serie A,2025,Filip Stojilković,25.0,F,Switzerland,185.0,80.0,13,8,659.0,0.0,0.0,0.0,0.0,0,0,0,0.0,0,1.6388467374810318,1.2291350531107739,0.5462822458270107,0.0,0.0,0.0,0.0,9.286798179059181,0.27314112291350534,0.27314112291350534,0.13657056145675267,0.0,0.27314112291350534,3.8239757207890746,0.6828528072837633,0.5462822458270107,0.27314112291350534,0.13657056145675267,0.0,1.0925644916540214,0.0,0.0,0.0,4.5588235294117645,44.44444444444444,17.857142857142858,50.0,6.441426403641881
italy,Serie A,2025,Filippo Carbone,19.0,M,Italy,,,1,0,10.0,0.0,0.0,0.0,0.0,0,0,0,0.0,0,0.0,0.0,0.0,0.0,0.0,0.0,0.0,62.99999999999999,0.0,27.0,0.0,9.0,36.0,45.0,36.0,0.0,0.0,0.0,9.0,0.0,0.0,0.0,0.0,7.0,,80.0,,7.2
italy,Serie A,2025,Filippo Missori,21.0,D,Italy,182.0,,0,0,0.0,0.0,0.0,0.0,0.0,0,0,0,0.0,0,,,,,,,,,,,,,,,,,,,,,,,,,,,,
italy,Serie A,2025,Filippo Rinaldi,23.0,G,Italy,188.0,70.0,1,1,90.0,0.0,0.0,0.0,0.0,0,0,1,0.0,0,0.0,0.0,0.0,0.0,0.0,0.0,0.0,44.0,0.0,0.0,0.0,0.0,0.0,2.0,2.0,0.0,0.0,0.0,0.0,0.0,1.0,0.0,0.0,21.0,,100.0,,7.7
italy,Serie A,2025,Filippo Romagna,28.0,D,Italy,186.0,75.0,5,4,315.0,0.0,0.0,0.0,0.0,0,0,0,0.0,0,0.0,0.5714285714285714,0.0,0.0,0.0,0.0,0.0,52.28571428571429,0.0,0.2857142857142857,1.4285714285714284,1.4285714285714284,1.7142857142857144,3.142857142857143,1.4285714285714284,0.0,0.0,0.8571428571428572,0.2857142857142857,0.0,0.0,0.0,0.0,37.91256830601093,0.0,45.45454545454545,,6.761269841269842
italy,Serie A,2025,Filippo Terracciano,22.0,D,Italy,180.0,68.0,36,33,3012.0,2.0,0.0,0.0,0.0,0,0,6,0.0,0,0.0,0.2689243027888446,0.1195219123505976,0.0597609561752988,0.0,0.0597609561752988,0.0597609561752988,46.31474103585657,0.3286852589641434,0.9860557768924303,0.6872509960159363,1.6733067729083666,2.659362549800797,5.199203187250996,3.167330677290837,0.3884462151394422,0.14940239043824702,0.2689243027888446,0.7768924302788844,0.5378486055776892,0.17928286852589642,0.0,0.0,44.53032258064516,44.44444444444444,60.91954022988506,38.46153846153847,6.7140438247011955
italy,Serie A,2025,Fisayo Dele-Bashiru,24.0,M,England,176.0,70.0,24,11,1185.0,1.0,0.0,0.0,0.0,0,0,0,0.0,0,0.1518987341772152,0.6075949367088608,0.1518987341772152,0.0759493670886076,0.0,0.0759493670886076,0.0759493670886076,34.10126582278481,0.8354430379746836,1.4430379746835442,0.0,0.22784810126582278,1.6708860759493671,5.620253164556962,2.354430379746835,0.9873417721518988,0.37974683544303794,0.22784810126582278,0.22784810126582278,0.6075949367088608,0.0,0.0,0.0,27.86859688195991,25.0,41.891891891891895,38.46153846153847,6.5229535864978905
italy,Serie A,2025,Francesco Acerbi,37.0,D,Italy,192.0,88.0,18,15,1387.0,0.0,1.0,0.0,0.0,0,0,3,0.0,0,0.1946647440519106,0.1946647440519106,0.06488824801730353,0.0,0.06488824801730353,0.06488824801730353,0.0,63.52559480894016,0.32444124008651765,0.6488824801730353,1.0382119682768565,1.1679884643114635,1.8168709444844988,6.943042537851477,4.477289113193944,0.12977649603460706,0.06488824801730353,0.12977649603460706,0.8435472242249459,1.1031002162941599,0.1946647440519106,0.0,0.0,65.62308478038815,33.33333333333333,64.48598130841121,50.0,6.9857966834895455
italy,Serie A,2025,Francesco Camarda,17.0,F,Italy,184.0,77.0,21,7,693.0,1.0,0.0,0.0,0.0,0,1,1,0.0,0,0.2597402597402597,1.2987012987012987,0.38961038961038963,0.12987012987012986,0.0,0.12987012987012986,0.12987012987012986,13.896103896103895,0.5194805194805194,0.38961038961038963,0.12987012987012986,0.0,0.38961038961038963,10.779220779220779,3.116883116883117,1.168831168831169,0.38961038961038963,0.6493506493506493,0.5194805194805194,1.5584415584415585,0.12987012987012986,0.0,0.0,6.048076923076923,30.0,28.915662650602407,33.33333333333333,6.346608946608947
italy,Serie A,2025,Francesco Castaldo,18.0,F,,,,0,0,0.0,0.0,0.0,0.0,0.0,0,0,0,0.0,0,,,,,,,,,,,,,,,,,,,,,,,,,,,,
italy,Serie A,2025,Francesco Coppola,20.0,D,Italy,,,7,5,461.0,0.0,0.0,0.0,1.0,0,0,3,0.0,0,0.0,0.0,0.0,0.0,0.0,0.0,0.0,24.01301518438178,0.0,2.5379609544468544,0.7809110629067245,0.7809110629067245,3.318872017353579,9.956616052060738,4.685466377440347,0.0,0.0,2.3427331887201737,1.561822125813449,1.3665943600867678,0.5856832971800434,0.0,0.0,19.91869918699187,,47.05882352941176,,6.208695652173913
italy,Serie A,2025,Francesco Folino,23.0,D,Italy,192.0,,18,7,738.0,1.0,0.0,0.0,0.0,0,0,1,0.0,0,0.0,0.24390243902439024,0.12195121951219512,0.12195121951219512,0.0,0.12195121951219512,0.12195121951219512,37.926829268292686,0.12195121951219512,0.975609756097561,1.0975609756097562,0.3658536585365854,1.3414634146341462,7.439024390243903,4.024390243902439,0.3658536585365854,0.0,0.7317073170731708,1.0975609756097562,1.3414634146341462,0.12195121951219512,0.0,0.0,25.688102893890676,50.0,54.09836065573771,0.0,6.600683060109289
italy,Serie A,2025,Francesco Pio Esposito,20.0,F,Italy,190.0,80.0,35,15,1571.0,7.0,3.0,0.0,0.0,0,0,1,0.0,0,0.11457670273711011,2.4633991088478675,1.3176320814767664,0.40101845957988547,0.1718650541056652,0.5728835136855506,0.40101845957988547,20.910248249522596,1.2603437301082114,0.5155951623169955,0.11457670273711011,0.2864417568427753,0.8020369191597709,11.801400381922342,5.957988542329725,0.9166136218968809,0.22915340547422022,0.3437301082113304,2.864417568427753,1.6613621896880968,0.057288351368555056,0.0,0.0,12.073972602739726,53.48837209302325,50.48543689320388,25.0,6.692425206874602
italy,Serie A,2025,Francesco Rossi,34.0,G,Italy,193.0,83.0,0,0,0.0,0.0,0.0,0.0,0.0,0,0,0,0.0,0,,,,,,,,,,,,,,,,,,,,,,,,,,,,
italy,Serie A,2025,Francisco Conceição,23.0,F,Portugal,170.0,64.0,31,27,2098.0,3.0,5.0,0.0,0.0,0,0,3,0.0,0,0.12869399428026693,1.9304099142040037,0.986653956148713,0.12869399428026693,0.21448999046711154,0.34318398474737843,0.12869399428026693,36.42040038131554,1.801715919923737,1.4585319351763584,0.042897998093422304,0.30028598665395617,1.7588179218303146,11.325071496663488,5.5767397521449,4.375595805529075,2.3164918970448047,0.6863679694947569,1.7159199237368923,1.3727359389895137,0.12869399428026693,0.0,0.0,26.51590106007067,51.11111111111111,49.24242424242424,52.94117647058824,7.039799809342231
italy,Serie A,2025,Franco Carboni,22.0,D,Argentina,190.0,83.0,7,1,123.0,0.0,0.0,0.0,0.0,0,0,0,0.0,0,0.0,0.0,0.0,0.0,0.0,0.0,0.0,21.95121951219512,0.0,1.4634146341463417,0.0,1.4634146341463417,2.9268292682926833,10.97560975609756,4.390243902439025,2.9268292682926833,0.7317073170731708,0.7317073170731708,0.0,2.1951219512195124,0.0,0.0,0.0,7.8,,40.0,25.0,6.387603305785125
italy,Serie A,2025,Franco Israel,25.0,G,Uruguay,190.0,82.0,9,9,810.0,0.0,0.0,0.0,0.0,0,0,1,0.0,0,0.0,0.0,0.0,0.0,0.0,0.0,0.0,32.22222222222222,0.0,0.0,0.0,0.0,0.0,0.7777777777777777,0.6666666666666667,0.0,0.0,0.0,0.33333333333333337,0.0,0.1111111111111111,0.0,0.0,18.97586206896552,,85.71428571428571,,6.633333333333334
italy,Serie A,2025,Franco Vázquez,36.0,F,Argentina,187.0,82.0,15,4,529.0,1.0,2.0,0.0,0.0,0,0,1,0.0,0,0.0,1.7013232514177694,0.6805293005671078,0.17013232514177695,0.3402646502835539,0.5103969754253308,0.17013232514177695,33.68620037807184,1.7013232514177694,3.232514177693762,0.17013232514177695,0.6805293005671078,3.9130434782608696,17.6937618147448,8.166351606805293,2.041587901701323,0.8506616257088847,1.1909262759924386,2.7221172022684312,1.5311909262759924,0.17013232514177695,0.0,0.0,15.580808080808081,40.0,46.15384615384615,41.66666666666667,6.83194706994329
italy,Serie A,2025,Frank Anguissa,30.0,M,Cameroon,184.0,78.0,18,14,1256.0,4.0,1.0,1.0,0.0,0,0,1,0.0,0,0.0,1.4331210191082802,0.6449044585987261,0.28662420382165604,0.07165605095541401,0.35828025477707004,0.28662420382165604,51.16242038216561,0.9315286624203821,1.2898089171974523,0.21496815286624202,0.8598726114649681,2.1496815286624207,11.321656050955413,5.517515923566879,1.2181528662420382,0.6449044585987261,0.8598726114649681,1.2898089171974523,1.2898089171974523,0.07165605095541401,0.0,0.0,38.424369747899156,45.0,48.734177215189874,52.94117647058824,6.9902070063694275
italy,Serie A,2025,Gabriel Strefezza,28.0,F,Brazil,168.0,63.0,14,13,1015.0,2.0,2.0,0.0,0.0,0,0,3,0.0,0,0.1773399014778325,1.5960591133004927,0.6206896551724138,0.1773399014778325,0.1773399014778325,0.354679802955665,0.1773399014778325,30.76847290640394,1.2413793103448276,1.41871921182266,0.0,0.4433497536945813,1.8620689655172413,12.502463054187192,5.852216748768473,2.9261083743842367,1.5073891625615763,1.1527093596059113,2.4827586206896552,1.8620689655172413,0.2660098522167488,0.0,0.0,24.717579250720462,38.88888888888889,46.808510638297875,51.515151515151516,6.892315270935961
italy,Serie A,2025,Gabriele Casentini,18.0,G,,,,0,0,0.0,0.0,0.0,0.0,0.0,0,0,0,0.0,0,,,,,,,,,,,,,,,,,,,,,,,,,,,,
italy,Serie A,2025,Gabriele Piccinini,24.0,M,Italy,184.0,76.0,25,5,872.0,0.0,0.0,0.0,0.0,0,0,3,0.0,0,0.0,1.3417431192660552,0.7224770642201835,0.0,0.0,0.0,0.0,23.94495412844037,0.7224770642201835,2.2706422018348627,0.10321100917431193,0.20642201834862386,2.4770642201834865,11.146788990825689,5.5733944954128445,1.2385321100917432,0.41284403669724773,0.7224770642201835,1.2385321100917432,1.1353211009174313,0.3096330275229358,0.0,0.0,9.349137931034482,53.84615384615385,50.0,33.33333333333333,6.493463302752294
italy,Serie A,2025,Gabriele Zappa,26.0,D,Italy,180.0,78.0,31,18,1608.0,0.0,3.0,0.0,0.0,0,0,2,0.0,0,0.0,0.503731343283582,0.11194029850746269,0.0,0.16791044776119401,0.16791044776119401,0.0,49.42164179104478,0.7276119402985074,1.5671641791044777,0.11194029850746269,0.9514925373134329,2.5186567164179103,5.876865671641791,2.7425373134328357,0.7835820895522388,0.27985074626865675,1.0634328358208955,0.27985074626865675,0.7276119402985074,0.11194029850746269,0.0,0.0,41.58390022675737,22.22222222222222,46.666666666666664,35.714285714285715,6.6089375
italy,Serie A,2025,Gaby Jean,25.0,D,France,191.0,75.0,7,1,196.0,0.0,0.0,0.0,0.0,0,0,1,0.0,0,0.0,0.0,0.0,0.0,0.0,0.0,0.0,47.75510204081633,0.0,1.3775510204081631,0.0,0.4591836734693877,1.8367346938775508,7.8061224489795915,4.13265306122449,0.0,0.0,1.3775510204081631,0.9183673469387754,0.4591836734693877,0.4591836734693877,0.0,0.0,36.22115384615385,,52.94117647058824,,6.99234693877551
italy,Serie A,2025,Gael Lafont,19.0,M,France,175.0,59.0,1,0,10.0,0.0,0.0,0.0,0.0,0,0,0,0.0,0,0.0,0.0,0.0,0.0,0.0,0.0,0.0,125.99999999999999,0.0,0.0,0.0,0.0,0.0,0.0,0.0,0.0,0.0,0.0,0.0,0.0,0.0,0.0,0.0,13.0,,,,6.7
italy,Serie A,2025,Gaetano Oristanio,23.0,M,Italy,175.0,62.0,20,8,857.0,1.0,0.0,0.0,0.0,0,0,1,0.0,0,0.4200700116686114,1.47024504084014,0.4200700116686114,0.10501750291715285,0.0,0.10501750291715285,0.10501750291715285,16.382730455075848,1.0501750291715286,0.9451575262543758,0.0,0.2100350058343057,1.1551925320886813,12.602100350058342,5.460910151691949,3.2555425904317383,1.5752625437572927,0.8401400233372228,2.100350058343057,1.3652275379229872,0.10501750291715285,0.0,0.0,9.038461538461538,28.57142857142857,43.333333333333336,48.38709677419355,6.57852975495916
italy,Serie A,2025,Gennaro Borrelli,25.0,F,Italy,194.0,,27,13,1273.0,5.0,1.0,0.0,0.0,0,0,4,0.0,0,0.3534956794972506,1.4846818538884525,0.8483896307934015,0.3534956794972506,0.07069913589945012,0.42419481539670073,0.3534956794972506,16.048703849175176,0.8483896307934015,1.0604870384917517,0.14139827179890024,0.21209740769835037,1.2725844461901021,17.038491751767477,8.554595443833463,1.131186174391202,0.42419481539670073,0.42419481539670073,3.4642576590730556,3.110761979575805,0.2827965435978005,0.0,0.0,7.581497797356828,57.14285714285714,50.20746887966805,37.5,6.828593872741555
italy,Serie A,2025,Giacomo Giacomone,17.0,G,,,,0,0,0.0,0.0,0.0,0.0,0.0,0,0,0,0.0,0,,,,,,,,,,,,,,,,,,,,,,,,,,,,
italy,Serie A,2025,Giacomo Maucci,18.0,M,Italy,,,0,0,0.0,0.0,0.0,0.0,0.0,0,0,0,0.0,0,,,,,,,,,,,,,,,,,,,,,,,,,,,,
italy,Serie A,2025,Giacomo Raspadori,25.0,F,Italy,172.0,69.0,13,7,791.0,3.0,1.0,0.0,0.0,0,0,0,0.0,0,0.11378002528445007,1.934260429835651,1.2515802781289507,0.3413400758533502,0.11378002528445007,0.45512010113780027,0.3413400758533502,34.02022756005057,1.934260429835651,0.9102402022756005,0.0,0.11378002528445007,1.0240202275600505,7.509481668773704,2.9582806573957012,1.706700379266751,0.5689001264222503,0.3413400758533502,0.6826801517067004,0.7964601769911505,0.0,0.0,0.0,25.638795986622075,64.70588235294117,39.39393939393939,33.33333333333333,6.85929203539823
italy,Serie A,2025,Giacomo Satalino,26.0,G,Italy,188.0,75.0,0,0,0.0,0.0,0.0,0.0,0.0,0,0,0,0.0,0,,,,,,,,,,,,,,,,,,,,,,,,,,,,
italy,Serie A,2025,Giacomo Toniolo,21.0,G,Italy,,,0,0,0.0,0.0,0.0,0.0,0.0,0,0,0,0.0,0,,,,,,,,,,,,,,,,,,,,,,,,,,,,
italy,Serie A,2025,Gianluca Astaldi,19.0,G,,,,0,0,0.0,0.0,0.0,0.0,0.0,0,0,0,0.0,0,,,,,,,,,,,,,,,,,,,,,,,,,,,,
italy,Serie A,2025,Gianluca Gaetano,25.0,M,Italy,183.0,71.0,33,21,1911.0,2.0,4.0,0.0,0.0,0,0,4,0.0,0,0.0,1.1773940345368916,0.5180533751962324,0.09419152276295134,0.18838304552590268,0.282574568288854,0.09419152276295134,49.686028257456826,1.3186813186813187,1.3657770800627942,0.09419152276295134,1.0361067503924648,2.401883830455259,8.571428571428571,4.191522762951335,1.3657770800627942,0.8006279434850864,0.8948194662480378,1.3657770800627942,1.2244897959183674,0.18838304552590268,0.0,0.0,38.36587677725119,44.0,48.9010989010989,58.620689655172406,6.916169544740973
italy,Serie A,2025,Gianluca Mancini,29.0,D,Italy,190.0,77.0,36,36,3066.0,4.0,2.0,0.0,0.0,0,0,9,0.0,0,0.14677103718199608,0.44031311154598823,0.23483365949119372,0.11741682974559686,0.05870841487279843,0.1761252446183953,0.11741682974559686,48.40508806262231,0.6457925636007827,1.5264187866927592,0.410958904109589,1.4383561643835616,2.9647749510763206,9.863013698630137,5.518590998043052,0.1761252446183953,0.11741682974559686,0.49902152641878667,1.2328767123287672,2.0841487279843443,0.26418786692759294,0.0,0.0,41.51607034566404,53.333333333333336,55.952380952380956,66.66666666666666,6.993998695368558
italy,Serie A,2025,Gianluca Scamacca,26.0,F,Italy,196.0,85.0,24,16,1319.0,10.0,1.0,0.0,0.0,2,0,2,0.0,0,0.5458680818802123,3.3434420015163,1.501137225170584,0.6823351023502654,0.06823351023502654,0.750568612585292,0.5458680818802123,21.561789234268385,1.159969673995451,0.5458680818802123,0.13646702047005307,0.2047005307050796,0.750568612585292,9.620924943138741,4.435178165276724,1.5693707354056103,0.8870356330553449,0.27293404094010615,1.2282031842304777,1.7740712661106899,0.13646702047005307,0.0,0.0,12.490506329113924,44.89795918367347,46.09929078014184,56.52173913043478,6.803866565579984
italy,Serie A,2025,Gift Orban,23.0,F,Nigeria,178.0,73.0,28,23,2036.0,7.0,2.0,0.0,0.0,2,0,4,0.0,1,0.8840864440078585,2.6964636542239684,1.237721021611002,0.3094302554027505,0.08840864440078584,0.3978388998035363,0.22102161100196463,16.62082514734774,0.8840864440078585,0.1768172888015717,0.0,0.1768172888015717,0.3536345776031434,9.06188605108055,3.138506876227898,1.6797642436149314,0.8398821218074657,0.3536345776031434,0.9282907662082516,1.0166994106090375,0.1768172888015717,0.0,0.04420432220039292,11.61968085106383,45.90163934426229,34.63414634146341,50.0,6.614047151277014
italy,Serie A,2025,Gioele Venuti,16.0,G,,,,0,0,0.0,0.0,0.0,0.0,0.0,0,0,0,0.0,0,,,,,,,,,,,,,,,,,,,,,,,,,,,,
italy,Serie A,2025,Gioele Zacchi,22.0,G,Italy,178.0,,1,0,14.0,0.0,0.0,0.0,0.0,0,0,0,0.0,0,0.0,0.0,0.0,0.0,0.0,0.0,0.0,6.428571428571428,0.0,0.0,0.0,0.0,0.0,0.0,0.0,0.0,0.0,0.0,0.0,0.0,0.0,0.0,0.0,1.0,,,,6.7
italy,Serie A,2025,Giorgio De Marzi,18.0,G,USA,182.0,72.0,0,0,0.0,0.0,0.0,0.0,0.0,0,0,0,0.0,0,,,,,,,,,,,,,,,,,,,,,,,,,,,,
italy,Serie A,2025,Giorgio Puzzoli,19.0,F,,,,0,0,0.0,0.0,0.0,0.0,0.0,0,0,0,0.0,0,,,,,,,,,,,,,,,,,,,,,,,,,,,,
italy,Serie A,2025,Giorgio Scalvini,22.0,D,Italy,194.0,76.0,24,23,1817.0,3.0,1.0,0.0,1.0,0,0,2,0.0,0,0.09906439185470556,0.5943863511282333,0.2971931755641167,0.14859658778205834,0.04953219592735278,0.19812878370941112,0.14859658778205834,59.93395707209686,0.7429829389102917,2.278481012658228,0.5943863511282333,2.1298844248761695,4.408365437534398,10.203632361034673,5.547605943863512,1.4364336818932306,0.6439185470555862,1.089708310401761,0.4953219592735278,1.5354980737479362,0.09906439185470556,0.0,0.0,50.32892561983471,50.0,54.36893203883495,44.827586206896555,7.099449642267475
italy,Serie A,2025,Giorgio Vezzosi,18.0,D,,,,0,0,0.0,0.0,0.0,0.0,0.0,0,0,0,0.0,0,,,,,,,,,,,,,,,,,,,,,,,,,,,,
italy,Serie A,2025,Giovane,22.0,F,Brazil,183.0,84.0,33,21,1883.0,3.0,5.0,0.0,0.0,0,0,2,0.0,0,0.7169410515135423,1.816250663834307,1.290493892724376,0.14338821030270843,0.23898035050451408,0.3823685608072225,0.14338821030270843,21.93839617631439,1.52947424322889,0.7169410515135423,0.09559214020180562,0.28677642060541686,1.003717472118959,16.537440254912376,5.353159851301115,4.014869888475836,1.7206585236325014,0.525756771109931,1.1471056824216674,1.1471056824216674,0.09559214020180562,0.0,0.0,12.786492374727668,71.05263157894737,32.369942196531795,42.857142857142854,6.583005841741902
italy,Serie A,2025,Giovanni Bonfanti,22.0,D,Italy,187.0,83.0,9,6,495.0,0.0,0.0,0.0,0.0,0,0,1,0.0,0,0.0,0.7272727272727273,0.18181818181818182,0.0,0.0,0.0,0.0,25.454545454545453,0.5454545454545454,2.3636363636363638,0.36363636363636365,1.2727272727272727,3.6363636363636367,11.090909090909092,5.454545454545455,2.1818181818181817,0.9090909090909092,0.36363636363636365,0.5454545454545454,1.8181818181818183,0.18181818181818182,0.0,0.0,14.714285714285714,25.0,49.18032786885246,41.66666666666667,6.625454545454545
italy,Serie A,2025,Giovanni Di Lorenzo,32.0,D,Italy,183.0,83.0,26,26,2278.0,2.0,1.0,2.0,1.0,0,0,1,0.0,0,0.03950834064969271,0.8691834942932397,0.3555750658472344,0.07901668129938542,0.03950834064969271,0.11852502194907813,0.07901668129938542,57.95873573309921,0.6321334503950834,1.777875329236172,0.3555750658472344,0.3555750658472344,2.1334503950834067,7.822651448639157,4.385425812115891,0.8296751536435469,0.3160667251975417,0.4741000877963125,0.9086918349429324,1.3037752414398596,0.03950834064969271,0.0,0.0,54.627811860940696,40.909090909090914,56.060606060606055,38.095238095238095,6.8841966637401235
italy,Serie A,2025,Giovanni Fabbian,22.0,M,Italy,186.0,75.0,29,12,1174.0,2.0,0.0,0.0,0.0,0,0,2,0.0,0,0.15332197614991483,1.4565587734241907,0.45996592844974443,0.15332197614991483,0.0,0.15332197614991483,0.15332197614991483,22.691652470187393,0.6899488926746167,0.9199318568994889,0.07666098807495741,0.45996592844974443,1.3798977853492334,12.11243611584327,5.826235093696763,1.149914821124361,0.45996592844974443,0.5366269165247018,2.06984667802385,1.4565587734241907,0.15332197614991483,0.0,0.0,12.525423728813559,31.57894736842105,48.10126582278481,40.0,6.571733561058924
italy,Serie A,2025,Giovanni Simeone,30.0,F,Argentina,180.0,81.0,32,27,2245.0,11.0,0.0,2.0,0.0,0,0,1,0.0,0,0.7216035634743875,2.3652561247216033,1.1224944320712695,0.44097995545657015,0.0,0.44097995545657015,0.44097995545657015,16.71714922048998,0.9220489977728284,0.6414253897550112,0.0801781737193764,0.20044543429844097,0.841870824053452,11.786191536748328,4.489977728285078,2.084632516703786,0.8819599109131403,0.40089086859688194,1.6436525612472161,1.2427616926503342,0.0400890868596882,0.0,0.0,11.13189448441247,47.45762711864407,38.095238095238095,42.30769230769231,6.777951002227171
italy,Serie A,2025,Giulio Vinciati,18.0,F,Italy,,,0,0,0.0,0.0,0.0,0.0,0.0,0,0,0,0.0,0,,,,,,,,,,,,,,,,,,,,,,,,,,,,
italy,Serie A,2025,Giuseppe Ambrosino,22.0,F,Italy,187.0,76.0,3,0,41.0,0.0,0.0,0.0,0.0,0,0,0,0.0,0,0.0,0.0,0.0,0.0,0.0,0.0,0.0,10.97560975609756,0.0,0.0,2.1951219512195124,0.0,0.0,15.365853658536587,8.78048780487805,4.390243902439025,4.390243902439025,0.0,2.1951219512195124,2.1951219512195124,0.0,0.0,0.0,1.0,,57.14285714285714,100.0,6.621951219512195
italy,Serie A,2025,Giuseppe Ciocci,23.0,G,Italy,193.0,90.0,0,0,0.0,0.0,0.0,0.0,0.0,0,0,0,0.0,0,,,,,,,,,,,,,,,,,,,,,,,,,,,,
italy,Serie A,2025,Giuseppe Pezzella,28.0,M,Italy,185.0,81.0,31,30,2591.0,0.0,1.0,0.0,0.0,0,0,8,0.0,1,0.27788498649170207,0.17367811655731377,0.0,0.0,0.03473562331146276,0.03473562331146276,0.0,26.016981860285604,0.9378618294094944,1.840988035507526,0.4862987263604786,0.38209185642609034,2.2230798919336165,9.06599768429178,4.41142416055577,1.00733307603242,0.4862987263604786,0.7989193361636433,1.1115399459668083,1.702045542261675,0.27788498649170207,0.0,0.03473562331146276,20.865153538050734,0.0,48.65900383141762,48.275862068965516,6.647356233114627
italy,Serie A,2025,Grigoris Kastanos,27.0,M,Cyprus,176.0,71.0,6,0,59.0,0.0,0.0,0.0,0.0,0,0,0,0.0,0,0.0,1.5254237288135593,0.0,0.0,0.0,0.0,0.0,39.66101694915254,1.5254237288135593,7.627118644067796,0.0,4.576271186440678,12.203389830508474,28.983050847457626,12.203389830508474,3.0508474576271185,1.5254237288135593,4.576271186440678,1.5254237288135593,4.576271186440678,0.0,0.0,0.0,4.769230769230769,0.0,42.10526315789473,50.0,6.603448275862069
italy,Serie A,2025,Guillermo Maripán,31.0,D,Chile,190.0,84.0,27,24,2151.0,2.0,0.0,0.0,1.0,0,0,4,0.0,0,0.08368200836820083,0.4602510460251046,0.33472803347280333,0.08368200836820083,0.0,0.08368200836820083,0.08368200836820083,41.42259414225941,0.37656903765690375,2.1338912133891212,1.0878661087866108,1.1715481171548117,3.3054393305439334,9.330543933054393,5.062761506276151,0.2510460251046025,0.16736401673640167,0.5857740585774058,0.2928870292887029,1.1297071129707112,0.16736401673640167,0.0,0.0,36.13838383838384,72.72727272727273,54.26008968609865,66.66666666666666,6.944816364481636
italy,Serie A,2025,Gustav Isaksen,24.0,F,Denmark,181.0,68.0,30,18,1598.0,5.0,1.0,0.0,0.0,0,0,0,0.0,0,0.056320400500625784,1.9148936170212765,1.0700876095118899,0.2816020025031289,0.056320400500625784,0.3379224030037547,0.2816020025031289,28.948685857321653,0.9574468085106382,0.9011264080100125,0.16896120150187735,0.39424280350438046,1.295369211514393,12.559449311639549,6.195244055068836,3.9987484355444307,1.5206508135168961,0.5632040050062578,3.2102628285356696,1.013767209011264,0.0,0.0,0.0,18.070038910505836,55.88235294117647,49.327354260089685,38.028169014084504,6.907697121401752
italy,Serie A,2025,Gvidas Gineitis,21.0,M,Lithuania,187.0,79.0,29,23,1763.0,0.0,1.0,0.0,0.0,0,0,5,0.0,0,0.05104934770277936,0.9188882586500283,0.25524673851389673,0.0,0.05104934770277936,0.05104934770277936,0.0,29.25127623369257,1.3783323879750426,2.2972206466250706,0.5104934770277935,1.1230856494611459,3.420306296086217,11.332955190017017,6.176971072036302,1.4804310833806011,0.867838910947249,0.5104934770277935,1.6335791264889394,2.1951219512195124,0.25524673851389673,0.0,0.0,20.48516579406632,27.77777777777778,54.5045045045045,58.620689655172406,6.768406125921724
italy,Serie A,2025,Hakan Çalhanoğlu,31.0,M,Türkiye,178.0,76.0,22,20,1650.0,9.0,4.0,0.0,0.0,4,1,7,0.0,0,0.0,2.018181818181818,0.9272727272727274,0.49090909090909096,0.21818181818181817,0.7090909090909091,0.2727272727272727,75.98181818181818,2.2363636363636363,1.8545454545454547,0.32727272727272727,0.8727272727272727,2.7272727272727275,6.818181818181818,3.4363636363636365,0.8181818181818181,0.2727272727272727,0.7090909090909091,0.6000000000000001,1.5272727272727273,0.38181818181818183,0.0,0.0,64.59152907394113,45.94594594594595,50.4,33.33333333333333,7.554666666666667
italy,Serie A,2025,Hamza Rafia,26.0,M,Tunisia,180.0,75.0,0,0,0.0,0.0,0.0,0.0,0.0,0,0,0,0.0,0,,,,,,,,,,,,,,,,,,,,,,,,,,,,
italy,Serie A,2025,Hans Nicolussi Caviglia,25.0,M,Italy,180.0,76.0,26,17,1473.0,0.0,4.0,0.0,0.0,0,0,4,0.0,0,0.0,0.6109979633401222,0.18329938900203666,0.0,0.24439918533604887,0.24439918533604887,0.0,46.86354378818737,1.1608961303462322,1.64969450101833,0.24439918533604887,0.3665987780040733,2.016293279022403,9.714867617107943,4.460285132382892,1.3441955193482689,0.6720977596741344,0.7942973523421589,1.4663951120162932,1.405295315682281,0.24439918533604887,0.0,0.0,32.617992177314214,30.0,45.911949685534594,50.0,6.726766304347826
italy,Serie A,2025,Hassane Kamara,31.0,M,Côte d'Ivoire,168.0,67.0,26,22,1869.0,0.0,2.0,0.0,1.0,0,0,5,0.0,0,0.0,0.6260032102728732,0.2407704654895666,0.0,0.09630818619582664,0.09630818619582664,0.0,35.34510433386838,1.1556982343499198,1.492776886035313,0.14446227929373998,1.1075441412520064,2.6003210272873196,6.500802568218299,3.7078651685393256,1.5409309791332262,0.8186195826645264,0.38523274478330655,0.5296950240770465,0.7704654895666131,0.2407704654895666,0.0,0.0,27.510899182561307,38.46153846153847,57.03703703703704,53.125,6.848100588550027
italy,Serie A,2025,Henrik Wendel Meister,22.0,F,Denmark,192.0,83.0,28,15,1512.0,2.0,0.0,0.0,0.0,0,0,2,0.0,0,0.2976190476190476,0.9523809523809523,0.47619047619047616,0.11904761904761904,0.0,0.11904761904761904,0.11904761904761904,9.226190476190476,0.2976190476190476,0.2976190476190476,0.0,0.05952380952380952,0.3571428571428571,11.30952380952381,4.0476190476190474,2.202380952380952,0.7738095238095237,0.2976190476190476,1.0119047619047619,1.5476190476190474,0.11904761904761904,0.0,0.0,5.62,50.0,35.78947368421053,35.13513513513514,6.374983454665784
italy,Serie A,2025,Henrikh Mkhitaryan,36.0,M,Armenia,177.0,75.0,30,16,1556.0,4.0,1.0,1.0,1.0,0,0,5,0.0,0,0.17352185089974292,1.7930591259640103,0.8097686375321337,0.2313624678663239,0.05784061696658097,0.2892030848329049,0.2313624678663239,57.667095115681235,1.3303341902313626,1.9087403598971724,0.2313624678663239,0.8097686375321337,2.7185089974293057,9.775064267352185,4.280205655526992,1.6773778920308484,0.6940874035989717,1.1568123393316196,0.9832904884318766,1.6195372750642674,0.2892030848329049,0.0,0.0,39.68605817452357,45.16129032258064,43.786982248520715,41.37931034482759,7.080334190231363
italy,Serie A,2025,Henrique Menke,18.0,G,Brazil,192.0,80.0,0,0,0.0,0.0,0.0,0.0,0.0,0,0,0,0.0,0,,,,,,,,,,,,,,,,,,,,,,,,,,,,
italy,Serie A,2025,Henry Camara,19.0,F,Guinea,191.0,77.0,0,0,0.0,0.0,0.0,0.0,0.0,0,0,0,0.0,0,,,,,,,,,,,,,,,,,,,,,,,,,,,,
italy,Serie A,2025,Hernani,31.0,M,Brazil,188.0,77.0,4,0,69.0,0.0,0.0,0.0,0.0,0,0,0,0.0,0,1.3043478260869565,0.0,0.0,0.0,0.0,0.0,0.0,31.304347826086957,1.3043478260869565,1.3043478260869565,0.0,1.3043478260869565,2.608695652173913,14.34782608695652,7.826086956521739,1.3043478260869565,0.0,0.0,3.9130434782608696,2.608695652173913,0.0,0.0,0.0,4.958333333333333,,54.54545454545454,0.0,6.543478260869565
italy,Serie A,2025,Honest Ahanor,17.0,D,Italy,184.0,79.0,22,15,1380.0,0.0,0.0,0.0,0.0,0,0,2,0.0,1,0.0,0.717391304347826,0.2608695652173913,0.0,0.0,0.0,0.0,46.50000000000001,0.13043478260869565,2.3478260869565215,0.6521739130434783,1.5,3.8478260869565215,11.152173913043478,6.6521739130434785,0.5217391304347826,0.32608695652173914,0.717391304347826,1.826086956521739,1.6304347826086958,0.13043478260869565,0.0,0.06521739130434782,36.23001402524544,36.36363636363637,59.64912280701754,62.5,6.8312318840579715
italy,Serie A,2025,Hugo Cuenca,20.0,M,Paraguay,183.0,75.0,0,0,0.0,0.0,0.0,0.0,0.0,0,0,0,0.0,0,,,,,,,,,,,,,,,,,,,,,,,,,,,,
italy,Serie A,2025,Ibrahim Sulemana,22.0,M,Ghana,180.0,72.0,19,7,902.0,1.0,0.0,0.0,1.0,0,0,3,0.0,0,0.0,0.6984478935698448,0.19955654101995565,0.09977827050997783,0.0,0.09977827050997783,0.09977827050997783,38.91352549889135,0.5986696230598669,1.8957871396895787,0.29933481152993346,0.4988913525498892,2.3946784922394677,11.175166297117517,5.48780487804878,2.29490022172949,1.0975609756097562,0.5986696230598669,0.9977827050997784,1.2971175166297118,0.29933481152993346,0.0,0.0,26.422680412371133,28.57142857142857,49.107142857142854,47.82608695652174,6.599334811529934
italy,Serie A,2025,Idrissa Gueye,19.0,F,Senegal,174.0,66.0,19,1,427.0,1.0,0.0,0.0,0.0,0,0,2,0.0,0,0.6323185011709602,2.529274004683841,1.2646370023419204,0.2107728337236534,0.0,0.2107728337236534,0.2107728337236534,14.96487119437939,0.8430913348946136,1.2646370023419204,0.6323185011709602,0.6323185011709602,1.8969555035128804,16.861826697892273,8.00936768149883,1.053864168618267,0.4215456674473068,0.8430913348946136,1.8969555035128804,3.161592505854801,0.4215456674473068,0.0,0.0,4.36231884057971,50.0,47.5,40.0,6.43231850117096
italy,Serie A,2025,Idrissa Touré,27.0,M,Germany,188.0,76.0,32,26,2286.0,1.0,0.0,1.0,0.0,0,0,4,0.0,1,0.1968503937007874,0.8661417322834645,0.31496062992125984,0.03937007874015748,0.0,0.03937007874015748,0.03937007874015748,26.338582677165356,0.7874015748031497,1.6929133858267718,0.31496062992125984,0.9055118110236221,2.5984251968503935,15.984251968503937,8.740157480314961,1.732283464566929,0.8267716535433071,0.9055118110236221,0.748031496062992,0.9055118110236221,0.15748031496062992,0.0,0.03937007874015748,16.080717488789237,36.36363636363637,54.679802955665025,47.72727272727273,6.813304157549234
italy,Serie A,2025,Ignace Van der Brempt,23.0,D,Belgium,187.0,76.0,20,11,943.0,0.0,1.0,0.0,0.0,0,0,2,0.0,0,0.09544008483563098,0.19088016967126195,0.0,0.0,0.09544008483563098,0.09544008483563098,0.0,44.665959703075295,0.47720042417815484,2.8632025450689285,0.0,0.7635206786850478,3.626723223753977,10.498409331919406,5.91728525980912,1.4316012725344642,0.5726405090137858,0.6680805938494168,1.4316012725344642,1.8133616118769884,0.19088016967126195,0.0,0.0,38.282051282051285,0.0,56.36363636363636,40.0,6.897452229299363
italy,Serie A,2025,Iker Bravo,20.0,F,Spain,182.0,75.0,8,3,216.0,1.0,0.0,0.0,0.0,0,0,1,0.0,0,0.0,0.41666666666666663,0.41666666666666663,0.41666666666666663,0.0,0.41666666666666663,0.41666666666666663,18.333333333333332,1.25,0.41666666666666663,0.0,0.0,0.41666666666666663,8.75,1.6666666666666665,0.8333333333333333,0.41666666666666663,0.8333333333333333,0.41666666666666663,1.25,0.41666666666666663,0.0,0.0,9.454545454545455,100.0,19.047619047619047,50.0,6.829302325581395
italy,Serie A,2025,Ioan Vermesan,19.0,F,Romania,,,6,0,95.0,0.0,0.0,0.0,0.0,0,0,0,0.0,0,0.0,3.789473684210526,0.9473684210526315,0.0,0.0,0.0,0.0,26.52631578947368,0.0,0.0,0.0,0.0,0.0,6.63157894736842,4.7368421052631575,0.9473684210526315,0.0,0.0,0.9473684210526315,0.0,0.0,0.0,0.0,4.607142857142857,25.0,71.42857142857143,0.0,6.533684210526315
italy,Serie A,2025,Isaac,21.0,F,Brazil,185.0,78.0,3,0,37.0,0.0,0.0,0.0,0.0,0,0,0,0.0,0,0.0,0.0,0.0,0.0,0.0,0.0,0.0,53.513513513513516,0.0,0.0,0.0,0.0,0.0,17.027027027027028,9.72972972972973,2.4324324324324325,2.4324324324324325,0.0,4.864864864864865,2.4324324324324325,0.0,0.0,0.0,10.0,,57.14285714285714,100.0,6.386486486486487
italy,Serie A,2025,Isak Hien,26.0,D,Sweden,191.0,88.0,28,20,1965.0,1.0,0.0,0.0,0.0,0,0,5,0.0,0,0.0,0.366412213740458,0.13740458015267176,0.04580152671755725,0.0,0.04580152671755725,0.04580152671755725,51.98473282442748,0.0916030534351145,2.2442748091603053,0.732824427480916,1.3282442748091603,3.572519083969466,10.946564885496183,5.587786259541985,0.4122137404580153,0.183206106870229,0.6870229007633587,0.9618320610687023,1.6488549618320612,0.22900763358778628,0.0,0.0,49.70837004405286,37.5,51.04602510460251,44.44444444444444,6.8604580152671755
italy,Serie A,2025,Isak Vural,19.0,M,Türkiye,175.0,,15,9,752.0,0.0,0.0,1.0,0.0,0,0,4,0.0,0,0.11968085106382978,0.598404255319149,0.11968085106382978,0.0,0.0,0.0,0.0,25.132978723404253,0.3590425531914893,1.077127659574468,0.3590425531914893,0.23936170212765956,1.3164893617021276,12.207446808510637,6.941489361702128,2.154255319148936,1.077127659574468,0.3590425531914893,3.9494680851063833,1.9148936170212765,0.4787234042553191,0.0,0.0,16.695238095238096,20.0,56.86274509803921,50.0,6.695744680851065
italy,Serie A,2025,Ismael Koné,23.0,M,Canada,188.0,76.0,35,33,2756.0,6.0,0.0,0.0,0.0,0,0,5,0.0,1,0.0,0.6531204644412192,0.3265602322206096,0.19593613933236573,0.0,0.19593613933236573,0.19593613933236573,37.35849056603774,0.751088534107402,1.0123367198838897,0.13062409288824384,0.4898403483309144,1.502177068214804,6.8577648766328005,3.7880986937590713,1.436865021770682,0.8490566037735848,0.5224963715529753,1.7634252539912916,0.8164005805515239,0.1632801161103048,0.0,0.03265602322206096,34.69842657342657,50.0,55.23809523809524,59.09090909090909,7.049201741654572
italy,Serie A,2025,Issiaka Kamate,21.0,M,France,186.0,78.0,0,0,0.0,0.0,0.0,0.0,0.0,0,0,0,0.0,0,,,,,,,,,,,,,,,,,,,,,,,,,,,,
italy,Serie A,2025,Ivan Azón,23.0,F,Spain,182.0,79.0,0,0,0.0,0.0,0.0,0.0,0.0,0,0,0,0.0,0,,,,,,,,,,,,,,,,,,,,,,,,,,,,
italy,Serie A,2025,Ivan Ilić,24.0,M,Serbia,186.0,77.0,8,5,415.0,0.0,0.0,0.0,0.0,0,0,2,0.0,0,0.0,0.0,0.0,0.0,0.0,0.0,0.0,41.204819277108435,1.7349397590361448,1.7349397590361448,0.0,1.3012048192771084,3.036144578313253,9.759036144578314,3.6867469879518073,0.6506024096385542,0.4337349397590362,0.8674698795180724,0.8674698795180724,1.9518072289156627,0.4337349397590362,0.0,0.0,41.82105263157895,,37.77777777777778,66.66666666666666,6.747710843373494
italy,Serie A,2025,Ivan Provedel,31.0,G,Italy,194.0,82.0,27,27,2430.0,0.0,0.0,0.0,0.0,0,0,1,0.0,0,0.0,0.0,0.0,0.0,0.0,0.0,0.0,31.925925925925927,0.037037037037037035,0.0,0.0,0.0,0.0,0.5185185185185186,0.4444444444444444,0.037037037037037035,0.037037037037037035,0.037037037037037035,0.07407407407407407,0.0,0.037037037037037035,0.0,0.0,24.621809744779583,,85.71428571428571,100.0,7.17037037037037
italy,Serie A,2025,Ivan Smolčić,25.0,D,Croatia,181.0,78.0,28,19,1665.0,0.0,1.0,0.0,0.0,0,0,8,0.0,0,0.0,0.4864864864864865,0.2162162162162162,0.0,0.05405405405405405,0.05405405405405405,0.0,47.45945945945946,0.8108108108108109,2.054054054054054,0.4864864864864865,1.2432432432432432,3.2972972972972974,7.891891891891891,4.4324324324324325,0.16216216216216217,0.1081081081081081,0.7567567567567568,0.9189189189189189,1.4054054054054053,0.4324324324324324,0.0,0.0,36.21184510250569,44.44444444444444,56.16438356164384,66.66666666666666,6.93303249097473
italy,Serie A,2025,Ivan Sulev,19.0,M,Bulgaria,,,0,0,0.0,0.0,0.0,0.0,0.0,0,0,0,0.0,0,,,,,,,,,,,,,,,,,,,,,,,,,,,,
italy,Serie A,2025,Iwo Kaczmarski,21.0,M,Poland,183.0,,0,0,0.0,0.0,0.0,0.0,0.0,0,0,0,0.0,0,,,,,,,,,,,,,,,,,,,,,,,,,,,,
italy,Serie A,2025,Jack Harrison,29.0,F,England,175.0,70.0,15,10,979.0,1.0,3.0,0.0,0.0,0,0,1,0.0,0,0.0,0.8273748723186926,0.3677221654749745,0.09193054136874362,0.2757916241062308,0.3677221654749745,0.09193054136874362,35.02553626149132,1.3789581205311543,0.9193054136874361,0.09193054136874362,0.09193054136874362,1.0112359550561798,9.284984678243104,2.941777323799796,2.941777323799796,1.0112359550561798,1.1031664964249233,0.6435137895812053,0.8273748723186926,0.09193054136874362,0.0,0.0,25.83727034120735,44.44444444444444,31.683168316831683,34.375,6.781307456588355
italy,Serie A,2025,Jacob Ondrejka,23.0,F,Sweden,180.0,73.0,16,9,776.0,0.0,0.0,0.0,0.0,0,0,2,0.0,0,0.11597938144329897,1.7396907216494846,0.8118556701030927,0.0,0.0,0.0,0.0,23.77577319587629,0.5798969072164948,0.8118556701030927,0.0,0.3479381443298969,1.1597938144329896,9.394329896907216,3.711340206185567,3.479381443298969,1.1597938144329896,0.4639175257731959,1.6237113402061853,0.9278350515463918,0.23195876288659795,0.0,0.0,12.419512195121952,46.666666666666664,39.50617283950617,33.33333333333333,6.544329896907216
italy,Serie A,2025,Jacobo Ramón,20.0,D,Spain,195.0,80.0,32,30,2743.0,2.0,0.0,0.0,1.0,0,0,11,0.0,1,0.0,0.951512942034269,0.2952971199416697,0.06562158220925993,0.0,0.06562158220925993,0.06562158220925993,69.59168793292015,0.3609187021509296,1.6405395552314983,0.5577834487787094,1.2139992708713088,2.854538826102807,9.810426540284361,5.971563981042655,0.3937294932555596,0.22967553773240976,0.49216186656944955,0.3937294932555596,1.082756106452789,0.3609187021509296,0.0,0.03281079110462996,68.12494106553513,31.03448275862069,60.86956521739131,58.333333333333336,7.207692307692308
italy,Serie A,2025,Jacopo Fazzini,22.0,M,Italy,178.0,62.0,20,5,590.0,0.0,0.0,0.0,0.0,0,0,2,0.0,0,0.0,0.45762711864406774,0.15254237288135591,0.0,0.0,0.0,0.0,28.677966101694913,1.3728813559322035,2.745762711864407,0.15254237288135591,0.9152542372881355,3.661016949152542,16.16949152542373,7.779661016949152,3.355932203389831,1.3728813559322035,0.7627118644067796,2.288135593220339,1.830508474576271,0.30508474576271183,0.0,0.0,12.75531914893617,33.33333333333333,48.113207547169814,40.909090909090914,6.830677966101695
italy,Serie A,2025,Jacopo Grossi,19.0,M,,,,1,0,21.0,0.0,0.0,0.0,0.0,0,0,0,0.0,0,0.0,0.0,0.0,0.0,0.0,0.0,0.0,60.0,0.0,0.0,0.0,0.0,0.0,4.285714285714286,0.0,0.0,0.0,4.285714285714286,0.0,0.0,0.0,0.0,0.0,13.0,,0.0,,6.700000000000001
italy,Serie A,2025,Jacopo Mirra,19.0,D,Italy,,,0,0,0.0,0.0,0.0,0.0,0.0,0,0,0,0.0,0,,,,,,,,,,,,,,,,,,,,,,,,,,,,
italy,Serie A,2025,Jacopo Sardo,20.0,M,Italy,186.0,,0,0,0.0,0.0,0.0,0.0,0.0,0,0,0,0.0,0,,,,,,,,,,,,,,,,,,,,,,,,,,,,
italy,Serie A,2025,Jakub Piotrowski,28.0,M,Poland,188.0,79.0,33,20,1697.0,1.0,1.0,0.0,1.0,0,0,2,0.0,0,0.1060695344725987,1.1667648791985858,0.47731290512669416,0.05303476723629935,0.05303476723629935,0.1060695344725987,0.05303476723629935,29.32822628167354,0.6364172068355922,2.386564525633471,0.4242781378903948,0.901591043017089,3.2881555686505597,10.553918680023571,5.78078962875663,1.538008249852681,0.6894519740718916,0.6894519740718916,1.538008249852681,1.538008249852681,0.1060695344725987,0.0,0.0,17.694394213381557,40.909090909090914,54.773869346733676,44.827586206896555,6.70123747790218
italy,Serie A,2025,Jamie Vardy,38.0,F,England,179.0,74.0,29,24,2107.0,7.0,2.0,1.0,0.0,0,0,5,0.0,0,0.9824394874228761,0.9397247271001424,0.5980066445182725,0.29900332225913623,0.0854295206454675,0.3844328429046037,0.29900332225913623,12.942572377788325,0.6407214048410061,0.512577123872805,0.12814428096820124,0.12814428096820124,0.6407214048410061,9.140958709065021,3.716184148077836,0.6407214048410061,0.2562885619364025,0.170859041290935,0.8970099667774086,0.8115804461319411,0.2135738016136687,0.0,0.0,7.475247524752476,63.63636363636363,40.654205607476634,40.0,6.708827717133365
italy,Serie A,2025,Jamil Siebert,23.0,D,Germany,193.0,86.0,21,18,1707.0,1.0,0.0,0.0,0.0,0,0,3,0.0,0,0.05272407732864675,0.15817223198594024,0.1054481546572935,0.05272407732864675,0.0,0.05272407732864675,0.05272407732864675,31.739894551845342,0.15817223198594024,1.4235500878734622,1.1072056239015817,0.7908611599297013,2.2144112478031635,7.539543057996486,3.9543057996485063,0.3163444639718805,0.210896309314587,0.5272407732864675,0.36906854130052724,1.1599297012302285,0.15817223198594024,0.0,0.0,27.353820598006646,66.66666666666666,52.44755244755245,66.66666666666666,6.853868698710434
italy,Serie A,2025,Jan Ziółkowski,20.0,D,Poland,194.0,76.0,18,5,527.0,0.0,0.0,0.0,0.0,0,0,3,0.0,0,0.0,0.3415559772296015,0.0,0.0,0.0,0.0,0.0,43.3776091081594,0.17077798861480076,3.2447817836812147,0.8538899430740038,1.366223908918406,4.61100569259962,14.345351043643264,8.538899430740038,0.0,0.0,0.3415559772296015,1.366223908918406,2.049335863377609,0.5123339658444023,0.0,0.0,27.832,0.0,59.523809523809526,,6.927533460803059
italy,Serie A,2025,Jari Vandeputte,29.0,M,Belgium,177.0,69.0,32,23,1952.0,1.0,5.0,1.0,0.0,0,0,3,0.0,0,0.04610655737704918,0.6454918032786885,0.36885245901639346,0.04610655737704918,0.2305327868852459,0.2766393442622951,0.04610655737704918,42.0030737704918,2.4897540983606556,1.7520491803278688,0.09221311475409837,0.8299180327868853,2.581967213114754,7.884221311475409,3.4579918032786887,1.014344262295082,0.32274590163934425,0.6915983606557377,1.1526639344262295,1.567622950819672,0.13831967213114754,0.0,0.0,30.582875960482987,57.14285714285714,43.859649122807014,31.818181818181817,6.896362704918033
italy,Serie A,2025,Jasper Samooja,22.0,G,Finland,190.0,85.0,0,0,0.0,0.0,0.0,0.0,0.0,0,0,0,0.0,0,,,,,,,,,,,,,,,,,,,,,,,,,,,,
italy,Serie A,2025,Jay Idzes,25.0,D,Netherlands,184.0,82.0,35,35,3063.0,0.0,0.0,0.0,2.0,0,0,2,0.0,0,0.029382957884427033,0.0881488736532811,0.0,0.0,0.0,0.0,0.0,41.6356513222331,0.0881488736532811,0.8227228207639569,0.6758080313418218,1.2340842311459355,2.0568070519098924,5.817825661116552,2.9382957884427032,0.20568070519098922,0.1762977473065622,0.2644466209598433,0.41136141038197843,0.969637610186092,0.058765915768854066,0.0,0.0,42.94424841213832,0.0,50.505050505050505,85.71428571428571,6.713059092393078
italy,Serie A,2025,Jayden Addai,20.0,F,Netherlands,175.0,74.0,12,7,688.0,3.0,0.0,0.0,0.0,0,0,4,0.0,0,0.2616279069767442,1.4389534883720931,0.7848837209302325,0.39244186046511625,0.0,0.39244186046511625,0.39244186046511625,21.84593023255814,0.9156976744186047,0.7848837209302325,0.1308139534883721,0.39244186046511625,1.177325581395349,11.25,4.709302325581396,3.924418604651163,1.8313953488372094,0.5232558139534884,1.8313953488372094,1.7005813953488371,0.5232558139534884,0.0,0.0,13.640718562874252,54.54545454545454,41.86046511627907,46.666666666666664,6.917587209302326
italy,Serie A,2025,Jean Butez,30.0,G,France,188.0,70.0,38,38,3420.0,0.0,1.0,0.0,0.0,0,0,3,0.0,0,0.0,0.0,0.0,0.0,0.026315789473684213,0.026315789473684213,0.0,35.26315789473684,0.07894736842105263,0.052631578947368425,0.0,0.026315789473684213,0.07894736842105263,0.631578947368421,0.5789473684210527,0.026315789473684213,0.026315789473684213,0.026315789473684213,0.23684210526315788,0.0,0.07894736842105263,0.0,0.0,30.355223880597016,,91.66666666666666,100.0,7.226315789473684
italy,Serie A,2025,Jean Onana,26.0,M,Cameroon,189.0,85.0,3,0,45.0,0.0,0.0,0.0,0.0,0,0,0,0.0,0,0.0,2.0,0.0,0.0,0.0,0.0,0.0,46.0,2.0,6.0,4.0,0.0,6.0,24.0,8.0,0.0,0.0,0.0,0.0,8.0,0.0,0.0,0.0,6.0,0.0,33.33333333333333,,6.677777777777778
italy,Serie A,2025,Jean-Daniel Akpa Akpro,33.0,M,Côte d'Ivoire,180.0,70.0,22,17,1507.0,1.0,0.0,0.0,0.0,0,0,9,0.0,0,0.0,0.418049104180491,0.23888520238885202,0.059721300597213006,0.0,0.059721300597213006,0.059721300597213006,22.99270072992701,0.656934306569343,2.627737226277372,0.418049104180491,1.3735899137358991,4.001327140013272,13.198407431984075,6.509621765096218,2.209688122096881,1.3735899137358991,0.7763769077637691,0.8958195089581952,2.3291307232913074,0.5374917053749171,0.0,0.0,16.135064935064936,57.14285714285714,49.321266968325794,62.16216216216216,6.7245520902455205
italy,Serie A,2025,Jeff Ekhator,19.0,F,Italy,190.0,82.0,30,9,949.0,3.0,0.0,1.0,0.0,0,0,2,0.0,0,0.9483667017913593,1.327713382507903,0.47418335089567965,0.2845100105374078,0.0,0.2845100105374078,0.2845100105374078,16.975763962065333,0.9483667017913593,1.1380400421496313,0.0,0.18967334035827185,1.327713382507903,14.41517386722866,6.543730242360379,2.086406743940991,1.1380400421496313,0.5690200210748156,1.8018967334035825,1.8967334035827186,0.18967334035827185,0.0,0.0,5.569767441860465,35.714285714285715,45.39473684210527,54.54545454545454,6.603477344573235
italy,Serie A,2025,Jeffrey Baffoh Nana,,M,,,,0,0,0.0,0.0,0.0,0.0,0.0,0,0,0,0.0,0,,,,,,,,,,,,,,,,,,,,,,,,,,,,
italy,Serie A,2025,Jens Odgaard,26.0,F,Denmark,188.0,83.0,26,16,1403.0,5.0,1.0,0.0,0.0,0,0,1,0.0,0,0.3207412687099074,1.6678545972915182,0.8339272986457591,0.3207412687099074,0.06414825374198146,0.38488952245188884,0.3207412687099074,20.912330719885958,0.8980755523877406,1.3471133285816108,0.0,0.25659301496792586,1.603706343549537,13.920171062009977,5.901639344262295,1.7320028510334997,0.4490377761938703,0.5131860299358517,1.7961511047754812,1.7961511047754812,0.06414825374198146,0.0,0.0,13.381538461538462,50.0,42.3963133640553,25.925925925925924,6.602280826799715
italy,Serie A,2025,Jeremy Kandje Mbambi,17.0,D,Belgium,,,0,0,0.0,0.0,0.0,0.0,0.0,0,0,0,0.0,0,,,,,,,,,,,,,,,,,,,,,,,,,,,,
italy,Serie A,2025,Jeremy Sarmiento,23.0,M,Ecuador,178.0,72.0,7,0,143.0,0.0,0.0,0.0,0.0,0,0,0,0.0,0,0.0,1.2587412587412588,1.2587412587412588,0.0,0.0,0.0,0.0,36.5034965034965,1.8881118881118881,3.7762237762237763,0.0,1.2587412587412588,5.034965034965035,13.216783216783217,7.5524475524475525,5.034965034965035,3.146853146853147,0.6293706293706294,0.6293706293706294,0.0,0.0,0.0,0.0,12.327586206896552,100.0,57.14285714285714,62.5,6.814084507042254
italy,Serie A,2025,Jesper Karlsson,27.0,F,Sweden,171.0,70.0,0,0,0.0,0.0,0.0,0.0,0.0,0,0,0,0.0,0,,,,,,,,,,,,,,,,,,,,,,,,,,,,
italy,Serie A,2025,Jesper Karlström,30.0,M,Sweden,185.0,81.0,36,36,3152.0,1.0,0.0,0.0,1.0,0,0,6,0.0,0,0.028553299492385786,0.31408629441624364,0.08565989847715737,0.028553299492385786,0.0,0.028553299492385786,0.028553299492385786,38.71827411167513,0.45685279187817257,1.5418781725888324,0.45685279187817257,1.0279187817258884,2.5697969543147208,6.510152284263959,3.45494923857868,0.5996192893401016,0.28553299492385786,0.45685279187817257,0.8565989847715737,1.1706852791878173,0.17131979695431473,0.0,0.0,33.04867256637168,27.27272727272727,53.07017543859649,47.61904761904761,6.801998730964468
italy,Serie A,2025,Jesús Rodriguez,20.0,F,Spain,185.0,68.0,31,18,1734.0,2.0,9.0,0.0,1.0,0,0,3,0.0,1,0.15570934256055363,1.8685121107266436,0.6228373702422145,0.10380622837370243,0.4671280276816609,0.5709342560553633,0.10380622837370243,23.66782006920415,1.8685121107266436,1.3494809688581315,0.0,0.2595155709342561,1.6089965397923875,12.612456747404845,5.813148788927335,5.13840830449827,2.1280276816608996,0.5190311418685122,1.6608996539792389,1.2975778546712802,0.15570934256055363,0.0,0.051903114186851215,14.589912280701755,33.33333333333333,46.09053497942387,41.41414141414141,6.921049596309112
italy,Serie A,2025,Jhon Lucumí,27.0,D,Colombia,187.0,84.0,29,26,2300.0,1.0,0.0,0.0,0.0,0,0,5,0.0,0,0.0391304347826087,0.27391304347826084,0.0782608695652174,0.0391304347826087,0.0,0.0391304347826087,0.0391304347826087,63.39130434782609,0.27391304347826084,1.6043478260869564,0.5478260869565217,1.2521739130434784,2.856521739130435,7.082608695652174,4.1869565217391305,0.1956521739130435,0.1956521739130435,0.5478260869565217,0.7434782608695651,0.9,0.1956521739130435,0.0,0.0,58.535185185185185,28.57142857142857,59.11602209944752,100.0,7.05895652173913
italy,Serie A,2025,Johan Vásquez,27.0,D,Mexico,184.0,78.0,36,36,3217.0,1.0,0.0,0.0,0.0,0,0,2,0.0,0,0.027976375505129,0.5315511345974511,0.167858253030774,0.027976375505129,0.0,0.027976375505129,0.027976375505129,55.784892757227226,0.25178737954616104,1.6506061548026112,0.783338514143612,1.258936897730805,2.909543052533416,9.036369288156669,5.175629468448865,0.475598383587193,0.223811004041032,0.5035747590923221,1.286913273235934,0.643456636617967,0.055952751010258,0.0,0.0,53.11283851554664,31.57894736842105,57.27554179566563,47.05882352941176,6.801212309605222
italy,Serie A,2025,Joi Xheto Nuredini,18.0,F,,,,1,0,1.0,0.0,0.0,0.0,0.0,0,0,0,0.0,0,0.0,0.0,0.0,0.0,0.0,0.0,0.0,0.0,0.0,0.0,0.0,0.0,0.0,180.0,0.0,0.0,0.0,90.0,0.0,0.0,0.0,0.0,0.0,,,0.0,,
italy,Serie A,2025,Jonas Rouhi,21.0,D,Sweden,183.0,68.0,0,0,0.0,0.0,0.0,0.0,0.0,0,0,0,0.0,0,,,,,,,,,,,,,,,,,,,,,,,,,,,,
italy,Serie A,2025,Jonathan David,25.0,F,Canada,178.0,81.0,35,20,1795.0,6.0,4.0,0.0,0.0,0,1,0,0.0,0,0.5515320334261838,1.5041782729805016,0.8022284122562674,0.3008356545961003,0.20055710306406685,0.5013927576601671,0.3008356545961003,26.27298050139276,1.6545961002785516,0.8523676880222841,0.0,0.25069637883008355,1.1030640668523677,9.676880222841225,3.3091922005571033,1.2534818941504178,0.3008356545961003,0.5013927576601671,1.3036211699164344,1.5041782729805016,0.0,0.0,0.0,15.957934990439771,53.333333333333336,34.196891191709845,24.0,6.4140625
italy,Serie A,2025,Jonathan Rowe,22.0,F,England,178.0,74.0,28,17,1611.0,3.0,2.0,0.0,0.0,0,0,2,0.0,0,0.22346368715083798,1.8994413407821227,0.9497206703910613,0.16759776536312848,0.11173184357541899,0.2793296089385475,0.16759776536312848,21.675977653631286,1.1731843575418994,1.1731843575418994,0.0,0.44692737430167595,1.6201117318435754,14.860335195530725,7.541899441340782,5.083798882681564,2.7374301675977653,0.5027932960893855,2.793296089385475,1.2849162011173185,0.11173184357541899,0.0,0.0,13.93298969072165,50.0,50.75187969924813,53.84615384615385,6.826256983240223
italy,Serie A,2025,Jordan Zemura,26.0,D,Zimbabwe,173.0,63.0,17,13,1128.0,0.0,1.0,1.0,0.0,0,0,3,0.0,0,0.1595744680851064,0.3191489361702128,0.0797872340425532,0.0,0.0797872340425532,0.0797872340425532,0.0,26.569148936170215,0.9574468085106382,2.473404255319149,0.3191489361702128,0.5585106382978724,3.0319148936170213,11.25,4.627659574468085,2.393617021276596,0.7180851063829786,0.797872340425532,0.8776595744680851,2.074468085106383,0.23936170212765956,0.0,0.0,18.003003003003002,25.0,41.13475177304964,30.0,6.569060283687943
italy,Serie A,2025,Josep Martínez,27.0,G,Spain,191.0,78.0,5,5,450.0,0.0,0.0,0.0,0.0,0,0,0,0.0,0,0.0,0.0,0.0,0.0,0.0,0.0,0.0,36.800000000000004,0.0,0.0,0.0,0.0,0.0,0.0,0.0,0.0,0.0,0.0,0.0,0.0,0.0,0.0,0.0,35.619565217391305,,,,6.76
italy,Serie A,2025,Joseph Liteta,19.0,M,Zambia,,,4,4,266.0,0.0,0.0,0.0,0.0,0,0,0,0.0,0,0.0,0.0,0.0,0.0,0.0,0.0,0.0,44.32330827067669,0.0,1.6917293233082706,1.0150375939849623,2.706766917293233,4.398496240601504,8.796992481203008,3.045112781954887,0.6766917293233082,0.6766917293233082,2.3684210526315788,0.0,1.3533834586466165,0.0,0.0,0.0,28.65648854961832,,34.61538461538461,100.0,6.5436090225563905
italy,Serie A,2025,Josh Doig,23.0,D,Scotland,189.0,71.0,30,22,1926.0,0.0,0.0,0.0,1.0,0,0,5,0.0,0,0.0,0.4672897196261683,0.18691588785046728,0.0,0.0,0.0,0.0,34.205607476635514,0.7009345794392523,1.542056074766355,0.6542056074766356,1.074766355140187,2.6168224299065423,8.271028037383177,4.158878504672898,1.4018691588785046,0.4205607476635514,0.4205607476635514,0.8878504672897196,0.7476635514018691,0.23364485981308414,0.0,0.0,25.647540983606557,40.0,50.282485875706215,30.0,6.605298701298702
italy,Serie A,2025,João Mário,25.0,D,Portugal,178.0,66.0,20,12,1008.0,1.0,0.0,0.0,1.0,0,0,2,0.0,0,0.0,0.26785714285714285,0.17857142857142855,0.08928571428571427,0.0,0.08928571428571427,0.08928571428571427,43.92857142857143,0.7142857142857142,1.25,0.26785714285714285,1.1607142857142856,2.4107142857142856,10.357142857142856,5.892857142857143,2.8571428571428568,1.3392857142857142,0.8928571428571428,2.767857142857143,0.8928571428571428,0.17857142857142855,0.0,0.0,28.93089430894309,66.66666666666666,56.896551724137936,46.875,6.947964250248263
italy,Serie A,2025,Juan Arizala,20.0,M,Colombia,176.0,74.0,10,1,197.0,0.0,0.0,0.0,0.0,0,0,0,0.0,0,0.0,0.45685279187817257,0.45685279187817257,0.0,0.0,0.0,0.0,34.263959390862944,0.45685279187817257,3.6548223350253806,0.0,0.45685279187817257,4.111675126903553,10.50761421319797,5.939086294416244,2.284263959390863,0.9137055837563451,0.45685279187817257,0.45685279187817257,0.45685279187817257,0.0,0.0,0.0,11.36,100.0,56.52173913043478,40.0,6.597969543147208
italy,Serie A,2025,Juan Cabal,24.0,D,Colombia,186.0,79.0,12,2,295.0,2.0,0.0,0.0,0.0,0,0,1,0.0,0,0.6101694915254237,1.2203389830508473,0.6101694915254237,0.6101694915254237,0.0,0.6101694915254237,0.6101694915254237,40.88135593220339,0.6101694915254237,2.745762711864407,0.0,1.2203389830508473,3.9661016949152543,10.677966101694915,4.576271186440678,0.30508474576271183,0.30508474576271183,1.5254237288135593,0.30508474576271183,1.2203389830508473,0.30508474576271183,0.0,0.0,14.395522388059701,50.0,42.857142857142854,100.0,6.661016949152542
italy,Serie A,2025,Juan Cuadrado,37.0,M,Colombia,179.0,72.0,19,2,501.0,1.0,0.0,0.0,0.0,1,0,3,0.0,0,0.0,0.8982035928143712,0.35928143712574845,0.17964071856287422,0.0,0.17964071856287422,0.0,38.80239520958084,2.3353293413173652,3.2335329341317363,0.35928143712574845,0.7185628742514969,3.9520958083832336,17.4251497005988,8.802395209580839,5.389221556886228,2.3353293413173652,1.6167664670658681,2.8742514970059876,1.6167664670658681,0.5389221556886228,0.0,0.0,12.731481481481481,40.0,50.51546391752577,43.333333333333336,6.869860279441118
italy,Serie A,2025,Juan Jesus,34.0,D,Brazil,185.0,83.0,24,19,1682.0,0.0,0.0,0.0,1.0,0,0,10,0.0,1,0.0,0.0,0.0,0.0,0.0,0.0,0.0,73.94768133174792,0.2140309155766944,2.140309155766944,0.6420927467300832,1.4447086801426874,3.5850178359096314,8.400713436385256,4.1200951248513675,0.0535077288941736,0.0,0.267538644470868,0.1070154577883472,2.0868014268727704,0.535077288941736,0.0,0.0535077288941736,66.64616497829233,,49.044585987261144,0.0,6.794054696789536
italy,Serie A,2025,Juan Miranda,25.0,D,Spain,185.0,76.0,32,29,2573.0,1.0,3.0,1.0,0.0,0,0,6,0.0,0,0.10493587252234746,0.3497862417411582,0.1748931208705791,0.03497862417411582,0.10493587252234746,0.13991449669646328,0.03497862417411582,50.92887679751263,2.308589195491644,1.7139525845316752,0.1748931208705791,1.2242518460940535,2.9382044306257287,7.2055965798678585,4.4073066459385934,0.5596579867858531,0.27982899339292655,0.4547221142635056,1.2242518460940535,0.8744656043528954,0.2098717450446949,0.0,0.0,43.17307692307692,50.0,61.165048543689316,50.0,7.03074232413525
italy,Serie A,2025,Juan Rodriguez,20.0,D,Uruguay,190.0,80.0,17,16,1315.0,1.0,0.0,0.0,0.0,0,0,3,0.0,0,0.0,0.20532319391634982,0.13688212927756654,0.06844106463878327,0.0,0.06844106463878327,0.06844106463878327,45.30798479087452,0.0,2.532319391634981,0.9581749049429658,1.231939163498099,3.7642585551330794,6.91254752851711,4.243346007604563,0.06844106463878327,0.06844106463878327,0.41064638783269963,0.5475285171102662,1.0266159695817492,0.20532319391634982,0.0,0.0,41.3821752265861,66.66666666666666,61.386138613861384,100.0,6.718555133079848
italy,Serie A,2025,Junior Ajayi,21.0,F,Côte d'Ivoire,183.0,75.0,1,0,1.0,0.0,0.0,0.0,0.0,0,0,0,0.0,0,0.0,0.0,0.0,0.0,0.0,0.0,0.0,90.0,0.0,0.0,0.0,0.0,0.0,180.0,90.0,0.0,0.0,0.0,0.0,0.0,0.0,0.0,0.0,1.0,,50.0,,
italy,Serie A,2025,Junior Messias,34.0,F,Brazil,174.0,70.0,20,5,675.0,3.0,1.0,0.0,0.0,1,0,1,0.0,0,0.0,1.8666666666666667,0.9333333333333333,0.4,0.13333333333333333,0.5333333333333333,0.26666666666666666,34.666666666666664,0.8,2.666666666666667,0.13333333333333333,0.6666666666666667,3.333333333333333,18.0,10.0,4.933333333333334,2.666666666666667,0.4,2.933333333333333,1.3333333333333335,0.13333333333333333,0.0,0.0,14.180769230769231,50.0,55.55555555555556,54.054054054054056,7.020148148148149
italy,Serie A,2025,Jurgen Peci,19.0,M,,,,0,0,0.0,0.0,0.0,0.0,0.0,0,0,0,0.0,0,,,,,,,,,,,,,,,,,,,,,,,,,,,,
italy,Serie A,2025,Justin Bijlow,27.0,G,Netherlands,188.0,76.0,16,16,1395.0,0.0,0.0,0.0,1.0,0,0,1,0.0,0,0.0,0.0,0.0,0.0,0.0,0.0,0.0,39.35483870967742,0.0,0.0,0.0,0.0,0.0,0.5806451612903226,0.5161290322580645,0.0,0.0,0.0,0.06451612903225806,0.06451612903225806,0.06451612903225806,0.0,0.0,30.65573770491803,,88.88888888888889,,7.009677419354839
italy,Serie A,2025,Jérémie Boga,28.0,F,Côte d'Ivoire,172.0,68.0,15,6,684.0,4.0,0.0,0.0,0.0,0,0,1,0.0,0,0.13157894736842105,2.3684210526315788,1.5789473684210527,0.5263157894736842,0.0,0.5263157894736842,0.5263157894736842,28.026315789473685,1.9736842105263157,0.9210526315789473,0.0,0.2631578947368421,1.1842105263157894,10.657894736842104,5.13157894736842,5.526315789473684,2.894736842105263,0.5263157894736842,0.9210526315789473,0.39473684210526316,0.13157894736842105,0.0,0.0,16.258215962441316,66.66666666666666,48.148148148148145,52.38095238095239,7.130746705710103
italy,Serie A,2025,Jürgen Ekkelenkamp,25.0,M,Netherlands,188.0,83.0,31,27,2203.0,5.0,3.0,1.0,0.0,0,0,1,0.0,0,0.12256014525646845,1.103041307308216,0.6128007262823423,0.20426690876078077,0.12256014525646845,0.3268270540172492,0.20426690876078077,26.268724466636407,1.143894689060372,1.920108942351339,0.2451202905129369,0.6128007262823423,2.5329096686336814,7.394462097140264,3.9627780299591464,1.0213345438039036,0.6536541080344984,0.40853381752156154,0.7762142532909669,0.8987743985474353,0.04085338175215615,0.0,0.0,19.6203125,55.55555555555556,53.591160220994475,64.0,6.953835678620063
italy,Serie A,2025,Kamaldeen Sulemana,23.0,F,Ghana,175.0,70.0,25,9,1008.0,2.0,1.0,0.0,0.0,0,0,4,0.0,0,0.4464285714285714,1.6964285714285714,0.8928571428571428,0.17857142857142855,0.08928571428571427,0.26785714285714285,0.17857142857142855,30.53571428571429,1.1607142857142856,0.8035714285714285,0.08928571428571427,0.17857142857142855,0.9821428571428571,11.785714285714286,5.089285714285714,4.375,1.9642857142857142,0.5357142857142857,1.25,1.1607142857142856,0.3571428571428571,0.0,0.0,19.380116959064328,52.63157894736842,43.18181818181818,44.89795918367347,6.853769841269842
italy,Serie A,2025,Keinan Davis,27.0,F,England,191.0,68.0,30,27,2079.0,10.0,4.0,2.0,0.0,4,0,5,0.0,0,0.43290043290043295,1.645021645021645,1.0822510822510822,0.43290043290043295,0.17316017316017315,0.6060606060606061,0.2597402597402597,17.142857142857142,1.341991341991342,0.47619047619047616,0.12987012987012986,0.08658008658008658,0.5627705627705628,13.766233766233766,6.363636363636363,1.9047619047619047,1.2987012987012987,0.21645021645021648,2.034632034632035,1.774891774891775,0.21645021645021648,0.0,0.0,12.515151515151516,65.78947368421053,46.22641509433962,68.18181818181817,7.054882154882155
italy,Serie A,2025,Kenan Yıldız,20.0,F,Türkiye,185.0,77.0,36,33,2838.0,10.0,6.0,1.0,0.0,1,1,2,0.0,0,0.2219873150105708,2.029598308668076,1.2684989429175477,0.31712473572938693,0.19027484143763215,0.507399577167019,0.2854122621564482,38.784355179704015,2.4101479915433406,0.824524312896406,0.0,0.2219873150105708,1.0465116279069768,11.035940803382664,5.5813953488372094,4.725158562367865,2.473572938689218,0.4439746300211416,1.7758985200845665,0.7293868921775898,0.06342494714587738,0.0,0.0,32.842191332788225,62.5,50.57471264367817,52.348993288590606,7.47660324171952
italy,Serie A,2025,Kenneth Taylor,23.0,M,Netherlands,182.0,75.0,17,17,1400.0,3.0,2.0,0.0,1.0,0,0,5,0.0,0,0.06428571428571428,0.7071428571428572,0.38571428571428573,0.19285714285714287,0.12857142857142856,0.3214285714285714,0.19285714285714287,43.26428571428571,0.8357142857142857,1.3499999999999999,0.38571428571428573,0.6428571428571428,1.9928571428571427,7.071428571428571,3.0214285714285714,1.2214285714285713,0.5142857142857142,1.2214285714285713,0.8357142857142857,1.0928571428571427,0.3214285714285714,0.0,0.0,39.2258543833581,54.54545454545454,42.72727272727273,42.10526315789473,6.8955
italy,Serie A,2025,Kevin De Bruyne,34.0,M,Belgium,181.0,68.0,18,13,1169.0,5.0,2.0,0.0,0.0,3,0,1,0.0,0,0.30795551753635586,1.5397775876817792,0.8468776732249785,0.3849443969204448,0.15397775876817793,0.5389221556886228,0.15397775876817793,56.97177074422583,2.848588537211292,0.9238665526090676,0.0,0.3849443969204448,1.3088109495295124,5.620188195038494,2.309666381522669,1.0778443113772456,0.6928999144568007,0.8468776732249785,0.4619332763045338,0.6159110350727117,0.07698887938408897,0.0,0.0,43.601351351351354,55.00000000000001,41.0958904109589,64.28571428571429,7.093755346449957
italy,Serie A,2025,Khéphren Thuram,24.0,M,France,192.0,80.0,35,30,2453.0,3.0,3.0,0.0,0.0,0,0,2,0.0,0,0.110069302894415,1.32083163473298,0.550346514472075,0.110069302894415,0.110069302894415,0.22013860578883,0.110069302894415,55.2914798206278,0.88055442315532,2.2013860578883,0.330207908683245,0.44027721157766,2.64166326946596,8.988993069710558,4.843049327354261,1.3575214023644517,0.8438646555238484,0.5136567468406034,0.44027721157766,1.3942111699959234,0.07337953526294333,0.0,0.0,44.71400132714001,41.66666666666667,53.87755102040816,62.16216216216216,7.0544639217284955
italy,Serie A,2025,Kialonda Gaspar,28.0,D,Angola,193.0,90.0,23,21,1830.0,0.0,0.0,0.0,1.0,0,0,6,0.0,1,0.09836065573770492,0.29508196721311475,0.04918032786885246,0.0,0.0,0.0,0.0,38.950819672131146,0.0,1.1311475409836067,1.0327868852459017,0.8360655737704917,1.9672131147540983,7.524590163934426,4.6229508196721305,0.14754098360655737,0.04918032786885246,0.29508196721311475,1.0819672131147542,0.639344262295082,0.29508196721311475,0.0,0.04918032786885246,36.198232323232325,16.666666666666664,61.43790849673203,33.33333333333333,6.802739726027397
italy,Serie A,2025,Kieron Bowie,23.0,F,Scotland,,,14,14,1204.0,4.0,0.0,1.0,1.0,0,0,1,0.0,0,0.22425249169435216,1.8687707641196014,0.8222591362126247,0.29900332225913623,0.0,0.29900332225913623,0.29900332225913623,14.950166112956811,0.9717607973421927,0.6727574750830565,0.22425249169435216,0.0,0.6727574750830565,13.82890365448505,5.307308970099667,1.1212624584717608,0.37375415282392027,0.07475083056478406,2.0182724252491697,2.5415282392026577,0.07475083056478406,0.0,0.0,10.885,44.0,38.37837837837838,33.33333333333333,6.782225913621263
italy,Serie A,2025,Kingsley Ehizibue,30.0,D,Netherlands,189.0,78.0,32,20,1829.0,2.0,0.0,0.0,1.0,0,0,5,0.0,0,0.09841443411700382,0.2952433023510115,0.09841443411700382,0.09841443411700382,0.0,0.09841443411700382,0.09841443411700382,23.471842536905413,0.3936577364680153,1.9190814652815746,0.14762165117550574,0.590486604702023,2.5095680699835974,8.463641334062329,3.936577364680153,1.2793876435210496,0.3444505194095134,0.4920721705850191,1.131765992345544,1.6730453799890652,0.24603608529250956,0.0,0.0,17.186974789915965,33.33333333333333,46.51162790697674,26.923076923076923,6.715397260273972
italy,Serie A,2025,Konan N'Dri,25.0,F,Côte d'Ivoire,174.0,73.0,27,1,545.0,2.0,0.0,0.0,0.0,0,0,3,0.0,0,0.3302752293577982,2.4770642201834865,0.8256880733944955,0.3302752293577982,0.0,0.3302752293577982,0.3302752293577982,21.79816513761468,0.6605504587155964,1.8165137614678901,0.0,0.3302752293577982,2.146788990825688,19.65137614678899,7.2660550458715605,7.431192660550459,1.651376146788991,1.4862385321100917,2.9724770642201834,1.4862385321100917,0.4954128440366973,0.0,0.0,5.551181102362205,33.33333333333333,36.97478991596639,22.22222222222222,6.698348623853211
italy,Serie A,2025,Koni De Winter,23.0,D,Belgium,188.0,74.0,26,19,1805.0,1.0,1.0,0.0,1.0,0,0,1,0.0,0,0.04986149584487535,0.24930747922437674,0.04986149584487535,0.04986149584487535,0.04986149584487535,0.0997229916897507,0.04986149584487535,62.97506925207757,0.24930747922437674,1.445983379501385,0.5983379501385041,0.6481994459833795,2.0941828254847645,6.880886426592797,4.088642659279778,0.29916897506925205,0.14958448753462603,0.1994459833795014,0.3988919667590028,1.3462603878116344,0.04986149584487535,0.0,0.0,60.25990491283677,20.0,59.42028985507246,50.0,6.926385809312639
italy,Serie A,2025,Konstantinos Tsimikas,29.0,D,Greece,179.0,77.0,18,6,644.0,0.0,0.0,0.0,0.0,0,0,1,0.0,0,0.13975155279503104,0.5590062111801242,0.0,0.0,0.0,0.0,0.0,37.03416149068323,0.5590062111801242,1.5372670807453417,0.2795031055900621,1.1180124223602483,2.6552795031055902,8.804347826086957,4.192546583850931,1.3975155279503106,0.8385093167701864,0.8385093167701864,1.1180124223602483,1.2577639751552796,0.13975155279503104,0.0,0.0,20.34090909090909,0.0,47.61904761904761,60.0,6.640217391304348
italy,Serie A,2025,Kris Gecaj,16.0,D,,,,0,0,0.0,0.0,0.0,0.0,0.0,0,0,0,0.0,0,,,,,,,,,,,,,,,,,,,,,,,,,,,,
italy,Serie A,2025,Kristian Thorstvedt,26.0,M,Norway,189.0,84.0,32,27,2458.0,4.0,4.0,0.0,0.0,0,0,9,0.0,0,0.03661513425549227,1.1350691619202604,0.47599674532139946,0.14646053702196907,0.14646053702196907,0.29292107404393813,0.14646053702196907,38.628966639544345,1.1716842961757525,1.6110659072416598,0.47599674532139946,1.1716842961757525,2.7827502034174127,10.471928397070789,5.4556550040683485,1.5378356387306753,0.6590724165988608,0.43938161106590723,2.087062652563059,1.2449145646867372,0.3295362082994304,0.0,0.0,33.06255924170616,41.935483870967744,52.09790209790209,42.857142857142854,6.927217249796582
italy,Serie A,2025,Kristjan Asllani,23.0,M,Albania,179.0,69.0,15,13,1135.0,0.0,0.0,0.0,0.0,0,1,3,0.0,0,0.0,1.0308370044052864,0.31718061674008813,0.0,0.0,0.0,0.0,48.925110132158586,1.1894273127753305,1.6651982378854626,0.07929515418502203,0.9515418502202643,2.616740088105727,5.788546255506608,3.0925110132158586,0.47577092511013214,0.23788546255506607,0.8722466960352422,1.1101321585903083,0.5550660792951542,0.23788546255506607,0.0,0.0,39.15397082658023,30.76923076923077,53.42465753424658,50.0,6.905022026431718
italy,Serie A,2025,Lameck Banda,24.0,M,Zambia,169.0,69.0,32,21,1760.0,5.0,4.0,0.0,0.0,0,0,5,0.0,1,0.1534090909090909,1.2272727272727273,0.7670454545454545,0.2556818181818182,0.20454545454545453,0.4602272727272727,0.2556818181818182,17.488636363636363,1.2272727272727273,1.3806818181818181,0.0,0.3579545454545454,1.7386363636363635,14.727272727272727,6.187500000000001,4.448863636363637,1.7386363636363635,0.8693181818181818,2.505681818181818,2.25,0.2556818181818182,0.0,0.05113636363636363,10.456140350877194,62.5,42.01388888888889,39.08045977011494,6.790625
italy,Serie A,2025,Lapo Deli,19.0,M,,,,0,0,0.0,0.0,0.0,0.0,0.0,0,0,0,0.0,0,,,,,,,,,,,,,,,,,,,,,,,,,,,,
italy,Serie A,2025,Lapo Nava,21.0,G,Italy,197.0,91.0,0,0,0.0,0.0,0.0,0.0,0.0,0,0,0,0.0,0,,,,,,,,,,,,,,,,,,,,,,,,,,,,
italy,Serie A,2025,Lapo Siviero,18.0,G,,,,0,0,0.0,0.0,0.0,0.0,0.0,0,0,0,0.0,0,,,,,,,,,,,,,,,,,,,,,,,,,,,,
italy,Serie A,2025,Lassana Coulibaly,29.0,M,Mali,183.0,77.0,33,31,2695.0,3.0,1.0,0.0,0.0,0,0,4,0.0,0,0.03339517625231911,0.7680890538033396,0.26716141001855287,0.10018552875695734,0.03339517625231911,0.13358070500927643,0.10018552875695734,26.081632653061224,0.7012987012987013,1.6029684601113174,0.20037105751391468,0.26716141001855287,1.87012987012987,10.051948051948052,5.309833024118738,1.4025974025974026,0.8014842300556587,0.901669758812616,1.7365491651205938,1.202226345083488,0.13358070500927643,0.0,0.0,21.577464788732396,34.78260869565217,52.823920265780735,57.14285714285714,6.760296846011132
italy,Serie A,2025,Laurs Skjellerup,23.0,F,Denmark,195.0,81.0,1,0,9.0,0.0,0.0,0.0,0.0,0,0,0,0.0,0,0.0,0.0,0.0,0.0,0.0,0.0,0.0,30.0,0.0,0.0,0.0,0.0,0.0,10.0,10.0,0.0,0.0,0.0,0.0,0.0,0.0,0.0,0.0,,,100.0,,6.3
italy,Serie A,2025,Lautaro Martínez,28.0,F,Argentina,174.0,72.0,30,27,2178.0,17.0,6.0,0.0,0.0,0,0,4,0.0,0,0.3305785123966942,2.8512396694214877,1.6115702479338843,0.7024793388429752,0.24793388429752067,0.9504132231404958,0.7024793388429752,24.793388429752067,1.5289256198347108,0.9917355371900827,0.0,0.2892561983471074,1.28099173553719,10.454545454545455,4.752066115702479,1.7768595041322313,0.8264462809917356,0.371900826446281,1.9421487603305783,1.9421487603305783,0.1652892561983471,0.0,0.0,17.91,56.52173913043478,45.45454545454545,46.51162790697674,7.074242424242423
italy,Serie A,2025,Lautaro Valenti,26.0,D,Argentina,188.0,80.0,27,25,2251.0,0.0,0.0,0.0,0.0,0,0,7,0.0,0,0.0,0.3598400710795202,0.15992892047978674,0.0,0.0,0.0,0.0,43.94047090182141,0.4398045313194136,1.9591292758773877,0.9995557529986672,0.9995557529986672,2.958685028876055,7.956463793869392,4.637938693913816,0.5597512216792536,0.3198578409595735,0.47978676143936033,0.6796979120390937,0.9995557529986672,0.2798756108396268,0.0,0.0,36.85259326660601,44.44444444444444,58.291457286432156,57.14285714285714,6.88751665926255
italy,Serie A,2025,Lazar Samardžić,23.0,M,Serbia,184.0,70.0,26,11,1028.0,2.0,1.0,0.0,0.0,0,0,1,0.0,0,0.08754863813229571,1.6634241245136188,0.7879377431906615,0.17509727626459143,0.08754863813229571,0.26264591439688717,0.17509727626459143,45.87548638132296,2.4513618677042803,1.0505836575875487,0.0,0.7879377431906615,1.8385214007782102,10.593385214007782,3.589494163424124,2.8891050583657583,1.2256809338521402,0.5252918287937743,0.8754863813229572,1.4883268482490273,0.08754863813229571,0.0,0.0,29.74137931034483,47.368421052631575,33.88429752066116,42.42424242424242,6.838401559454191
italy,Serie A,2025,Lennon Miller,19.0,M,Scotland,182.0,72.0,24,9,1018.0,0.0,2.0,0.0,0.0,0,0,4,0.0,0,0.08840864440078584,0.618860510805501,0.08840864440078584,0.0,0.1768172888015717,0.1768172888015717,0.0,33.948919449901766,1.237721021611002,1.8565815324165031,0.3536345776031434,0.618860510805501,2.475442043222004,9.371316306483301,5.658153241650294,1.3261296660117878,0.8840864440078585,0.618860510805501,1.5029469548133596,1.237721021611002,0.3536345776031434,0.0,0.0,20.123036649214658,14.285714285714285,60.37735849056604,66.66666666666666,6.763116370808679
italy,Serie A,2025,Leo Østigård,26.0,D,Norway,182.0,81.0,30,30,2623.0,5.0,1.0,0.0,1.0,0,0,7,0.0,0,0.10293556995806329,0.6176134197483797,0.41174227983225314,0.1715592832634388,0.03431185665268776,0.20587113991612657,0.1715592832634388,58.05566145634769,0.3431185665268776,1.2352268394967594,0.9264201296225696,1.029355699580633,2.2645825390773924,8.303469309950438,5.386961494471978,0.03431185665268776,0.03431185665268776,0.24018299656881434,0.5146778497903165,1.3038505528021351,0.24018299656881434,0.0,0.0,56.70035460992908,66.66666666666666,64.87603305785123,100.0,7.257262676324818
italy,Serie A,2025,Leon Bailey,28.0,F,Jamaica,178.0,77.0,7,1,182.0,0.0,0.0,0.0,0.0,0,0,0,0.0,0,0.4945054945054945,0.4945054945054945,0.4945054945054945,0.0,0.0,0.0,0.0,29.17582417582418,0.989010989010989,0.989010989010989,0.0,0.0,0.989010989010989,10.384615384615385,3.956043956043956,2.967032967032967,0.989010989010989,0.4945054945054945,0.4945054945054945,0.989010989010989,0.0,0.0,0.0,8.711864406779661,100.0,38.095238095238095,33.33333333333333,6.470879120879121
italy,Serie A,2025,Leonardo Bovo,20.0,M,,,,0,0,0.0,0.0,0.0,0.0,0.0,0,0,0,0.0,0,,,,,,,,,,,,,,,,,,,,,,,,,,,,
italy,Serie A,2025,Leonardo Pavoletti,37.0,F,Italy,188.0,80.0,13,1,246.0,1.0,1.0,0.0,0.0,0,0,1,0.0,0,0.7317073170731708,1.4634146341463417,0.3658536585365854,0.3658536585365854,0.3658536585365854,0.7317073170731708,0.3658536585365854,23.04878048780488,0.7317073170731708,0.7317073170731708,0.0,0.3658536585365854,1.0975609756097562,14.268292682926829,4.75609756097561,0.3658536585365854,0.0,0.7317073170731708,0.0,3.6585365853658534,0.3658536585365854,0.0,0.0,5.049180327868853,25.0,33.33333333333333,0.0,6.4753086419753085
italy,Serie A,2025,Leonardo Sernicola,28.0,D,Italy,188.0,78.0,0,0,0.0,0.0,0.0,0.0,0.0,0,0,0,0.0,0,,,,,,,,,,,,,,,,,,,,,,,,,,,,
italy,Serie A,2025,Leonardo Spinazzola,32.0,D,Italy,186.0,75.0,32,22,1908.0,3.0,3.0,0.0,0.0,0,0,2,0.0,0,0.09433962264150944,0.7075471698113207,0.33018867924528306,0.14150943396226415,0.14150943396226415,0.2830188679245283,0.14150943396226415,46.50943396226415,1.5566037735849056,1.1320754716981132,0.09433962264150944,0.18867924528301888,1.3207547169811322,5.7075471698113205,2.405660377358491,2.405660377358491,0.7547169811320755,0.4716981132075472,0.4245283018867924,0.4245283018867924,0.09433962264150944,0.0,0.0,31.668356997971603,46.666666666666664,42.14876033057851,31.372549019607842,7.051232302045097
italy,Serie A,2025,Lewis Ferguson,26.0,M,Scotland,181.0,75.0,27,17,1608.0,1.0,0.0,0.0,1.0,0,0,7,0.0,1,0.11194029850746269,0.3917910447761194,0.11194029850746269,0.055970149253731345,0.0,0.055970149253731345,0.055970149253731345,58.264925373134325,0.8955223880597015,1.4552238805970148,0.44776119402985076,0.6156716417910448,2.0708955223880596,8.899253731343283,4.701492537313433,0.3917910447761194,0.16791044776119401,0.33582089552238803,1.4552238805970148,1.8470149253731343,0.3917910447761194,0.0,0.055970149253731345,48.23506743737958,28.57142857142857,52.83018867924528,42.857142857142854,6.832296204107032
italy,Serie A,2025,Lloyd Kelly,27.0,D,England,178.0,70.0,35,33,2998.0,1.0,1.0,0.0,1.0,0,0,4,0.0,0,0.1200800533689126,0.33022014676450967,0.09006004002668447,0.03002001334222815,0.03002001334222815,0.0600400266844563,0.03002001334222815,61.030687124749825,0.33022014676450967,1.4409606404269515,0.5103402268178786,0.42028018679119417,1.8612408272181453,8.615743829219479,5.19346230820547,0.6904603068712475,0.5403602401601068,0.21014009339559708,0.600400266844563,1.2908605737158105,0.1200800533689126,0.0,0.0,56.60796851942941,27.27272727272727,60.278745644599304,78.26086956521739,7.01581054036024
italy,Serie A,2025,Lorenzo Anghelè,20.0,F,Italy,,,0,0,0.0,0.0,0.0,0.0,0.0,0,0,0,0.0,0,,,,,,,,,,,,,,,,,,,,,,,,,,,,
italy,Serie A,2025,Lorenzo Bernasconi,22.0,M,Italy,190.0,72.0,23,17,1572.0,0.0,3.0,0.0,0.0,0,0,3,0.0,0,0.17175572519083968,0.22900763358778628,0.05725190839694657,0.0,0.17175572519083968,0.17175572519083968,0.0,40.534351145038165,1.5458015267175573,1.6603053435114503,0.34351145038167935,0.8015267175572519,2.4618320610687023,5.038167938931298,2.6908396946564888,0.9732824427480915,0.5152671755725191,0.6870229007633587,0.2862595419847328,0.45801526717557256,0.17175572519083968,0.0,0.0,32.56638418079096,25.0,53.40909090909091,52.94117647058824,7.053498727735369
italy,Serie A,2025,Lorenzo Bonsignori Goggi,18.0,M,,,,0,0,0.0,0.0,0.0,0.0,0.0,0,0,0,0.0,0,,,,,,,,,,,,,,,,,,,,,,,,,,,,
italy,Serie A,2025,Lorenzo Colombo,23.0,F,Italy,186.0,74.0,38,30,2353.0,7.0,1.0,1.0,1.0,1,1,2,0.0,0,0.11474713132171696,2.0271993200169995,1.0327241818954527,0.26774330641733957,0.03824904377390565,0.3059923501912452,0.22949426264343392,18.244793880152997,0.7267318317042074,0.764980875478113,0.0764980875478113,0.03824904377390565,0.8032299192520187,15.414364640883978,5.737356566085848,1.9124521886952826,0.7267318317042074,0.3824904377390565,2.103697407564811,1.5682107947301318,0.0764980875478113,0.0,0.0,11.329140461215934,50.943396226415096,37.220843672456574,38.0,6.580832979175521
italy,Serie A,2025,Lorenzo De Silvestri,37.0,D,Italy,186.0,84.0,12,6,503.0,0.0,0.0,0.0,0.0,0,0,2,0.0,0,0.0,0.0,0.0,0.0,0.0,0.0,0.0,32.74353876739563,0.8946322067594433,0.3578528827037773,0.536779324055666,1.2524850894632207,1.610337972166998,4.831013916500994,2.326043737574553,0.3578528827037773,0.17892644135188865,0.17892644135188865,0.536779324055666,1.610337972166998,0.3578528827037773,0.0,0.0,20.164835164835164,,48.148148148148145,50.0,6.735188866799205
italy,Serie A,2025,Lorenzo Lucca,25.0,F,Italy,201.0,80.0,16,4,420.0,1.0,0.0,0.0,0.0,0,0,1,0.0,0,0.8571428571428572,1.9285714285714286,1.0714285714285714,0.2142857142857143,0.0,0.2142857142857143,0.2142857142857143,14.142857142857142,0.4285714285714286,0.0,0.0,0.0,0.0,14.357142857142856,6.0,1.9285714285714286,1.2857142857142856,0.2142857142857143,2.7857142857142856,3.6428571428571432,0.2142857142857143,0.0,0.0,9.491803278688524,55.55555555555556,41.7910447761194,66.66666666666666,6.542344497607656
italy,Serie A,2025,Lorenzo Montipò,29.0,G,Italy,191.0,82.0,35,35,3150.0,0.0,1.0,0.0,0.0,0,0,0,0.0,0,0.0,0.0,0.0,0.0,0.02857142857142857,0.02857142857142857,0.0,26.514285714285712,0.08571428571428572,0.02857142857142857,0.0,0.0,0.02857142857142857,0.4,0.4,0.02857142857142857,0.02857142857142857,0.0,0.22857142857142856,0.0,0.0,0.0,0.0,12.829741379310345,,100.0,100.0,6.725714285714286
italy,Serie A,2025,Lorenzo Nyarko,18.0,G,,,,0,0,0.0,0.0,0.0,0.0,0.0,0,0,0,0.0,0,,,,,,,,,,,,,,,,,,,,,,,,,,,,
italy,Serie A,2025,Lorenzo Pellegrini,29.0,F,Italy,186.0,77.0,24,20,1475.0,4.0,2.0,0.0,1.0,2,0,2,0.0,0,0.30508474576271183,1.464406779661017,0.7322033898305085,0.2440677966101695,0.12203389830508475,0.36610169491525424,0.12203389830508475,41.61355932203389,1.7084745762711864,0.7322033898305085,0.2440677966101695,0.8542372881355932,1.5864406779661016,10.677966101694915,4.698305084745763,1.464406779661017,0.30508474576271183,0.7932203389830508,2.3796610169491523,1.2203389830508473,0.12203389830508475,0.0,0.0,24.400293255131963,50.0,44.0,20.833333333333336,6.839525423728813
italy,Serie A,2025,Lorenzo Torriani,20.0,G,Italy,197.0,87.0,0,0,0.0,0.0,0.0,0.0,0.0,0,0,0,0.0,0,,,,,,,,,,,,,,,,,,,,,,,,,,,,
italy,Serie A,2025,Lorenzo Venturino,19.0,F,Italy,169.0,57.0,12,1,254.0,0.0,0.0,0.0,0.0,0,0,0,0.0,0,0.3543307086614173,1.0629921259842519,0.3543307086614173,0.0,0.0,0.0,0.0,34.37007874015748,2.4803149606299213,0.0,0.0,0.0,0.0,8.149606299212598,3.543307086614173,2.1259842519685037,1.4173228346456692,0.3543307086614173,1.0629921259842519,0.3543307086614173,0.0,0.0,0.0,9.0,33.33333333333333,43.47826086956522,66.66666666666666,6.761023622047244
italy,Serie A,2025,Lorran,19.0,M,Brazil,182.0,72.0,9,0,113.0,1.0,0.0,0.0,0.0,0,0,0,0.0,0,0.0,1.592920353982301,0.7964601769911505,0.7964601769911505,0.0,0.7964601769911505,0.7964601769911505,47.78761061946903,0.7964601769911505,3.982300884955752,0.0,2.3893805309734515,6.371681415929204,20.707964601769913,11.150442477876107,9.557522123893806,4.778761061946903,0.7964601769911505,2.3893805309734515,0.0,0.0,0.0,0.0,6.483333333333333,50.0,53.84615384615385,50.0,6.515044247787611
italy,Serie A,2025,Louis Buffon,18.0,F,Italy,,,4,0,36.0,0.0,0.0,0.0,0.0,0,0,0,0.0,0,0.0,0.0,0.0,0.0,0.0,0.0,0.0,15.0,0.0,0.0,0.0,0.0,0.0,17.5,2.5,2.5,0.0,0.0,2.5,2.5,0.0,0.0,0.0,2.6,,14.285714285714285,0.0,6.388571428571429
italy,Serie A,2025,Loïs Openda,25.0,F,Belgium,177.0,75.0,24,6,676.0,1.0,0.0,0.0,0.0,0,0,0,0.0,0,1.4644970414201184,2.529585798816568,0.7988165680473372,0.1331360946745562,0.0,0.1331360946745562,0.1331360946745562,20.10355029585799,1.0650887573964496,0.7988165680473372,0.1331360946745562,0.1331360946745562,0.9319526627218936,10.517751479289942,5.059171597633136,1.4644970414201184,0.5325443786982248,0.1331360946745562,2.79585798816568,1.0650887573964496,0.0,0.0,0.0,10.335570469798657,31.57894736842105,48.10126582278481,36.36363636363637,6.552316890881913
italy,Serie A,2025,Luca Barani,19.0,D,,,,0,0,0.0,0.0,0.0,0.0,0.0,0,0,0,0.0,0,,,,,,,,,,,,,,,,,,,,,,,,,,,,
italy,Serie A,2025,Luca Lezzerini,30.0,G,Italy,195.0,86.0,1,0,3.0,0.0,0.0,0.0,0.0,0,0,0,0.0,0,0.0,0.0,0.0,0.0,0.0,0.0,0.0,150.0,0.0,0.0,0.0,0.0,0.0,0.0,0.0,0.0,0.0,0.0,0.0,0.0,0.0,0.0,0.0,3.0,,,,
italy,Serie A,2025,Luca Lipani,20.0,M,Italy,185.0,65.0,24,10,1028.0,0.0,1.0,0.0,0.0,0,0,3,0.0,0,0.08754863813229571,0.7003891050583657,0.26264591439688717,0.0,0.08754863813229571,0.08754863813229571,0.0,42.19844357976654,0.9630350194552529,2.5389105058365757,0.17509727626459143,1.3132295719844358,3.8521400778210118,11.118677042801558,4.815175097276264,0.8754863813229572,0.4377431906614786,1.4883268482490273,0.7003891050583657,2.4513618677042803,0.26264591439688717,0.0,0.0,27.08731808731809,37.5,43.30708661417323,50.0,6.6513618677042805
italy,Serie A,2025,Luca Marianucci,21.0,D,Italy,186.0,75.0,12,7,691.0,0.0,1.0,0.0,0.0,0,0,2,0.0,0,0.0,0.13024602026049203,0.0,0.0,0.13024602026049203,0.13024602026049203,0.0,53.66136034732271,1.0419681620839363,2.0839363241678726,0.39073806078147616,1.3024602026049203,3.3863965267727933,9.768451519536903,4.558610709117222,0.6512301013024602,0.26049204052098407,1.3024602026049203,0.39073806078147616,1.4327062228654124,0.26049204052098407,0.0,0.0,49.33980582524272,0.0,46.666666666666664,40.0,6.63768115942029
italy,Serie A,2025,Luca Mazzitelli,30.0,M,Italy,184.0,76.0,18,9,785.0,2.0,2.0,0.0,0.0,0,0,3,0.0,0,0.0,1.2611464968152866,0.5732484076433121,0.22929936305732482,0.22929936305732482,0.45859872611464964,0.22929936305732482,42.4203821656051,0.5732484076433121,2.2929936305732483,0.34394904458598724,1.2611464968152866,3.5541401273885347,11.80891719745223,5.273885350318471,0.6878980891719745,0.34394904458598724,1.4904458598726114,1.4904458598726114,2.522292993630573,0.34394904458598724,0.0,0.0,20.875675675675677,45.45454545454545,44.66019417475729,50.0,6.894777070063695
italy,Serie A,2025,Luca Monticelli,20.0,F,Belgium,184.0,,0,0,0.0,0.0,0.0,0.0,0.0,0,0,0,0.0,0,,,,,,,,,,,,,,,,,,,,,,,,,,,,
italy,Serie A,2025,Luca Moro,24.0,F,Italy,189.0,,14,1,231.0,0.0,0.0,0.0,0.0,0,0,1,0.0,0,0.7792207792207793,2.337662337662338,0.38961038961038963,0.0,0.0,0.0,0.0,17.142857142857142,0.38961038961038963,1.948051948051948,0.0,0.7792207792207793,2.7272727272727275,20.259740259740262,10.519480519480519,0.38961038961038963,0.38961038961038963,1.168831168831169,3.5064935064935066,2.7272727272727275,0.38961038961038963,0.0,0.0,4.837209302325581,16.666666666666664,51.92307692307693,100.0,6.386222222222223
italy,Serie A,2025,Luca Pellegrini,26.0,D,Italy,178.0,72.0,24,17,1476.0,1.0,0.0,0.0,0.0,0,0,8,0.0,0,0.0,0.4268292682926829,0.3048780487804878,0.06097560975609756,0.0,0.06097560975609756,0.06097560975609756,49.390243902439025,0.975609756097561,1.646341463414634,0.6097560975609756,1.0365853658536586,2.6829268292682924,7.98780487804878,3.4146341463414633,1.4634146341463417,0.6097560975609756,0.7317073170731708,0.7317073170731708,1.5853658536585364,0.4878048780487805,0.0,0.0,34.17283950617284,71.42857142857143,42.74809160305343,41.66666666666667,6.703523035230352
italy,Serie A,2025,Luca Ranieri,26.0,D,Italy,187.0,73.0,34,29,2479.0,1.0,0.0,0.0,1.0,0,0,8,0.0,1,0.108914885034288,0.435659540137152,0.108914885034288,0.03630496167809601,0.0,0.03630496167809601,0.03630496167809601,51.22630092779347,0.25413473174667206,1.234368697055264,0.4719645018152481,0.871319080274304,2.1056877773295684,6.9342476805163376,4.138765631302945,0.5445744251714401,0.217829770068576,0.29043969342476805,0.9802339653085922,0.7987091569181121,0.29043969342476805,0.0,0.03630496167809601,43.93900709219858,25.0,59.68586387434554,40.0,6.946489104116224
italy,Serie A,2025,Luca Szimionas,19.0,M,,,,0,0,0.0,0.0,0.0,0.0,0.0,0,0,0,0.0,0,,,,,,,,,,,,,,,,,,,,,,,,,,,,
italy,Serie A,2025,Lucas Da Cunha,24.0,M,France,174.0,66.0,36,31,2748.0,6.0,4.0,0.0,0.0,4,0,4,0.0,0,0.03275109170305677,0.982532751091703,0.5240174672489083,0.1965065502183406,0.13100436681222707,0.32751091703056767,0.06550218340611354,64.87991266375546,1.4737991266375545,1.8668122270742358,0.03275109170305677,0.5895196506550218,2.4563318777292578,7.860262008733624,3.7663755458515285,1.0807860262008733,0.7205240174672489,0.982532751091703,0.6222707423580787,1.1462882096069869,0.13100436681222707,0.0,0.0,55.40938919737506,53.333333333333336,47.91666666666667,66.66666666666666,7.17419941775837
italy,Serie A,2025,Luis Hasa,21.0,M,Italy,172.0,60.0,0,0,0.0,0.0,0.0,0.0,0.0,0,0,0,0.0,0,,,,,,,,,,,,,,,,,,,,,,,,,,,,
italy,Serie A,2025,Luka Modrić,40.0,M,Croatia,172.0,66.0,34,32,2821.0,2.0,3.0,0.0,0.0,0,0,4,0.0,0,0.0,0.4466501240694789,0.25522864232541653,0.06380716058135413,0.0957107408720312,0.15951790145338532,0.06380716058135413,70.79404466501241,1.6908897554058846,1.6270825948245302,0.3828429634881248,1.2442396313364057,2.871322226160936,6.444523218716768,3.5732009925558312,1.1166253101736974,0.5423608649415101,0.925203828429635,1.0528181495923432,0.7337823466855725,0.12761432116270827,0.0,0.0,67.45651194231635,57.14285714285714,55.44554455445545,48.57142857142857,7.593406593406593
italy,Serie A,2025,Luka Topalović,19.0,M,Slovenia,186.0,77.0,1,0,9.0,0.0,1.0,0.0,0.0,0,0,0,0.0,0,0.0,0.0,0.0,0.0,10.0,10.0,0.0,50.0,10.0,0.0,0.0,0.0,0.0,20.0,0.0,10.0,0.0,0.0,0.0,0.0,0.0,0.0,0.0,3.0,,0.0,0.0,6.6
italy,Serie A,2025,Lukas Klisys,18.0,D,,,,0,0,0.0,0.0,0.0,0.0,0.0,0,0,0,0.0,0,,,,,,,,,,,,,,,,,,,,,,,,,,,,
italy,Serie A,2025,Luís Balbo,19.0,D,,,,6,1,208.0,0.0,0.0,0.0,0.0,0,0,0,0.0,0,0.0,0.0,0.0,0.0,0.0,0.0,0.0,23.365384615384617,0.4326923076923077,2.5961538461538463,2.1634615384615388,0.4326923076923077,3.0288461538461537,12.115384615384615,6.490384615384615,0.4326923076923077,0.0,1.2980769230769231,2.5961538461538463,0.8653846153846154,0.0,0.0,0.0,11.5,,53.57142857142857,0.0,6.745673076923077
italy,Serie A,2025,Luís Henrique,24.0,F,Brazil,181.0,85.0,30,18,1627.0,1.0,2.0,0.0,0.0,0,0,1,0.0,0,0.05531653349723417,0.6084818684695759,0.38721573448063923,0.05531653349723417,0.11063306699446834,0.16594960049170251,0.05531653349723417,45.35955746773202,1.2169637369391517,1.1063306699446833,0.05531653349723417,0.33189920098340503,1.4382298709280887,3.3743085433312845,2.1020282728948985,1.272280270436386,0.7191149354640444,0.11063306699446834,0.0,0.27658266748617083,0.05531653349723417,0.0,0.0,30.947560975609758,63.63636363636363,62.295081967213115,56.52173913043478,6.948828606658446
italy,Serie A,2025,M'Bala Nzola,29.0,F,Angola,185.0,91.0,30,15,1520.0,4.0,1.0,0.0,0.0,2,1,2,0.0,1,0.888157894736842,1.657894736842105,0.6513157894736842,0.23684210526315788,0.05921052631578947,0.29605263157894735,0.11842105263157894,17.585526315789473,1.1842105263157894,0.47368421052631576,0.05921052631578947,0.17763157894736842,0.6513157894736842,12.375000000000002,5.684210526315789,2.1907894736842106,1.125,0.17763157894736842,1.5394736842105263,1.7171052631578947,0.11842105263157894,0.0,0.05921052631578947,9.336700336700337,39.285714285714285,45.933014354066984,51.35135135135135,6.715197368421053
italy,Serie A,2025,Maduka Okoye,26.0,G,Nigeria,197.0,94.0,30,30,2617.0,0.0,0.0,0.0,1.0,0,0,1,0.0,1,0.0,0.0,0.0,0.0,0.0,0.0,0.0,31.089033244172718,0.06878104700038212,0.0,0.0,0.0,0.0,0.4126862820022927,0.30951471150171955,0.0,0.0,0.0,0.13756209400076425,0.06878104700038212,0.03439052350019106,0.0,0.03439052350019106,20.82300884955752,,75.0,,7.102789453572793
italy,Serie A,2025,Malthe Højholt,24.0,M,Denmark,182.0,65.0,17,9,856.0,0.0,0.0,0.0,0.0,0,0,2,0.0,0,0.0,0.4205607476635514,0.2102803738317757,0.0,0.0,0.0,0.0,29.439252336448597,0.31542056074766356,1.4719626168224298,0.31542056074766356,0.9462616822429906,2.4182242990654204,7.149532710280373,2.628504672897196,0.31542056074766356,0.10514018691588785,1.6822429906542056,0.5257009345794392,1.4719626168224298,0.2102803738317757,0.0,0.0,21.142857142857142,50.0,36.76470588235294,33.33333333333333,6.476374269005849
italy,Serie A,2025,Mamedi Doucouré,18.0,D,,,,1,0,8.0,0.0,0.0,0.0,0.0,0,0,0,0.0,0,0.0,0.0,0.0,0.0,0.0,0.0,0.0,101.25,0.0,0.0,0.0,0.0,0.0,11.25,0.0,0.0,0.0,0.0,0.0,0.0,0.0,0.0,0.0,9.0,,0.0,,6.6
italy,Serie A,2025,Mandela Keita,23.0,M,Belgium,180.0,78.0,37,36,2999.0,1.0,1.0,0.0,0.0,0,0,1,0.0,0,0.0,0.3901300433477826,0.15005001667222406,0.030010003334444812,0.030010003334444812,0.060020006668889625,0.030010003334444812,36.342114038012674,0.330110036678893,2.220740246748916,0.330110036678893,1.320440146715572,3.5411803934644883,8.612870956985661,5.371790596865622,1.3504501500500168,0.8702900966988997,0.81027009003001,1.7105701900633545,0.9003001000333444,0.030010003334444812,0.0,0.0,32.809248554913296,38.46153846153847,62.36933797909408,64.44444444444444,6.972290763587863
italy,Serie A,2025,Manor Solomon,26.0,F,Israel,170.0,66.0,16,9,903.0,2.0,1.0,0.0,0.0,0,0,1,0.0,0,0.09966777408637874,0.5980066445182725,0.39867109634551495,0.19933554817275748,0.09966777408637874,0.29900332225913623,0.19933554817275748,31.395348837209305,2.491694352159468,1.2956810631229236,0.09966777408637874,0.09966777408637874,1.3953488372093024,9.169435215946844,5.48172757475083,3.5880398671096345,2.491694352159468,0.49833887043189373,1.5946843853820598,0.19933554817275748,0.09966777408637874,0.0,0.0,27.015873015873016,66.66666666666666,59.78260869565217,69.44444444444444,7.265448504983389
italy,Serie A,2025,Manu Koné,24.0,M,France,185.0,80.0,29,28,2459.0,2.0,3.0,0.0,0.0,0,0,2,0.0,0,0.07320048800325335,0.4392029280195201,0.18300122000813338,0.07320048800325335,0.10980073200488003,0.18300122000813338,0.07320048800325335,50.14233428222855,0.9150061000406668,1.793411956079707,0.10980073200488003,0.6588043920292802,2.4522163481089874,11.236274908499391,5.6730378202521345,1.7202114680764538,1.0614070760471737,1.024806832045547,1.9398129320862139,1.7202114680764538,0.07320048800325335,0.0,0.0,46.013138686131384,41.66666666666667,50.4885993485342,61.702127659574465,7.054941032940219
italy,Serie A,2025,Manuel Akanji,30.0,D,Switzerland,188.0,91.0,33,31,2820.0,2.0,0.0,0.0,0.0,0,0,4,0.0,0,0.06382978723404256,0.6063829787234043,0.19148936170212766,0.06382978723404256,0.0,0.06382978723404256,0.06382978723404256,67.27659574468085,0.22340425531914895,1.5319148936170213,0.4148936170212766,1.1808510638297873,2.712765957446808,6.446808510638299,3.734042553191489,0.06382978723404256,0.03191489361702128,0.3191489361702128,0.5744680851063829,0.8297872340425532,0.12765957446808512,0.0,0.0,65.46015180265654,31.57894736842105,57.920792079207914,50.0,7.138297872340425
italy,Serie A,2025,Manuel De Luca,27.0,F,Italy,192.0,79.0,2,0,19.0,1.0,0.0,0.0,0.0,1,0,0,0.0,0,0.0,9.473684210526315,9.473684210526315,4.7368421052631575,0.0,4.7368421052631575,0.0,23.684210526315788,0.0,0.0,0.0,0.0,0.0,33.1578947368421,9.473684210526315,0.0,0.0,4.7368421052631575,4.7368421052631575,4.7368421052631575,0.0,0.0,0.0,1.0,100.0,28.57142857142857,,6.6684210526315795
italy,Serie A,2025,Manuel Lazzari,32.0,M,Italy,174.0,67.0,23,9,957.0,0.0,0.0,0.0,0.0,0,0,2,0.0,0,0.0,0.28213166144200624,0.18808777429467086,0.0,0.0,0.0,0.0,37.33542319749216,0.18808777429467086,1.2225705329153604,0.09404388714733543,0.5642633228840125,1.786833855799373,8.275862068965518,4.137931034482759,2.0689655172413794,0.9404388714733543,0.28213166144200624,1.786833855799373,0.9404388714733543,0.18808777429467086,0.0,0.0,22.98992443324937,66.66666666666666,50.0,45.45454545454545,6.564994775339603
italy,Serie A,2025,Manuel Locatelli,27.0,M,Italy,185.0,75.0,36,36,3005.0,1.0,2.0,0.0,0.0,0,1,9,0.0,0,0.0,0.9584026622296173,0.3594009983361065,0.029950083194675542,0.059900166389351084,0.08985024958402663,0.029950083194675542,84.00998336106488,1.4076539101497503,3.054908485856905,0.6888519134775374,1.168053244592346,4.222961730449251,9.524126455906822,5.690515806988353,0.5391014975041597,0.2995008319467554,0.718801996672213,1.3178036605657237,1.6472545757071548,0.26955074875207985,0.0,0.0,73.57504456327986,37.5,59.74842767295597,55.55555555555556,7.762628951747089
italy,Serie A,2025,Marc-Oliver Kempf,30.0,D,Germany,186.0,87.0,34,27,2323.0,4.0,1.0,0.0,1.0,0,0,3,0.0,0,0.0,0.6586310804993543,0.23245802841153682,0.15497201894102453,0.03874300473525613,0.19371502367628068,0.15497201894102453,67.2191132156694,0.30994403788204905,0.8136030994403788,0.7748600947051227,0.46491605682307363,1.2785191562634524,8.71717606543263,5.191562634524321,0.23245802841153682,0.07748600947051226,0.581145071028842,0.7361170899698666,1.0073181231166595,0.11622901420576841,0.0,0.0,60.197694524495674,35.294117647058826,59.55555555555555,33.33333333333333,7.039939681171909
italy,Serie A,2025,Marco Brescianini,25.0,M,Italy,188.0,80.0,26,10,1044.0,2.0,1.0,0.0,0.0,0,0,2,0.0,0,0.0,0.689655172413793,0.3448275862068965,0.17241379310344826,0.08620689655172413,0.25862068965517243,0.17241379310344826,33.793103448275865,0.8620689655172413,1.1206896551724137,0.3448275862068965,0.17241379310344826,1.293103448275862,8.620689655172415,3.3620689655172415,1.1206896551724137,0.689655172413793,0.5172413793103449,0.9482758620689655,1.4655172413793103,0.17241379310344826,0.0,0.0,20.342710997442456,50.0,39.0,61.53846153846154,6.643707973102786
italy,Serie A,2025,Marco Carnesecchi,25.0,G,Italy,191.0,83.0,37,37,3330.0,0.0,0.0,0.0,1.0,0,0,0,0.0,0,0.0,0.0,0.0,0.0,0.0,0.0,0.0,31.729729729729733,0.0,0.027027027027027025,0.0,0.0,0.027027027027027025,0.4864864864864865,0.45945945945945943,0.027027027027027025,0.027027027027027025,0.0,0.16216216216216217,0.027027027027027025,0.0,0.0,0.0,22.157580919931856,,94.44444444444444,100.0,7.335135135135135
italy,Serie A,2025,Marco Cassin,17.0,G,Italy,,,0,0,0.0,0.0,0.0,0.0,0.0,0,0,0,0.0,0,,,,,,,,,,,,,,,,,,,,,,,,,,,,
italy,Serie A,2025,Marco Palestra,20.0,M,Italy,186.0,80.0,37,34,3084.0,1.0,4.0,0.0,0.0,0,0,3,0.0,0,0.23346303501945526,0.5836575875486382,0.20428015564202337,0.029182879377431907,0.11673151750972763,0.14591439688715954,0.029182879377431907,25.301556420233464,0.9630350194552529,1.6050583657587547,0.08754863813229571,0.5836575875486382,2.188715953307393,12.140077821011673,7.237354085603114,3.939688715953307,2.0428015564202333,0.5836575875486382,3.151750972762646,1.1964980544747081,0.08754863813229571,0.0,0.0,22.897347174163784,35.0,59.61538461538461,51.85185185185185,7.0571011673151745
italy,Serie A,2025,Marco Romano,19.0,M,,,,0,0,0.0,0.0,0.0,0.0,0.0,0,0,0,0.0,0,,,,,,,,,,,,,,,,,,,,,,,,,,,,
italy,Serie A,2025,Marco Silvestri,34.0,G,Italy,191.0,80.0,4,4,360.0,0.0,0.0,0.0,0.0,0,0,0,0.0,0,0.0,0.0,0.0,0.0,0.0,0.0,0.0,35.0,0.0,0.0,0.0,0.0,0.0,0.5,0.5,0.0,0.0,0.0,0.0,0.0,0.0,0.0,0.0,19.82857142857143,,100.0,,6.85
italy,Serie A,2025,Marco Sportiello,33.0,G,Italy,192.0,87.0,1,1,90.0,0.0,0.0,0.0,0.0,0,0,0,0.0,0,0.0,0.0,0.0,0.0,0.0,0.0,0.0,18.0,0.0,1.0,0.0,0.0,1.0,1.0,1.0,0.0,0.0,0.0,0.0,0.0,0.0,0.0,0.0,15.0,,100.0,,6.6
italy,Serie A,2025,Marcus Pedersen,25.0,M,Norway,184.0,76.0,29,23,2138.0,1.0,2.0,0.0,0.0,0,0,3,0.0,0,0.12628624883068287,0.46304957904583727,0.12628624883068287,0.042095416276894296,0.08419083255378859,0.12628624883068287,0.042095416276894296,23.236669784845652,0.8419083255378859,0.9681945743685688,0.16838166510757718,0.42095416276894293,1.3891487371375117,5.851262862488307,1.8942937324602434,0.8840037418147801,0.3788587464920487,0.6314312441534143,0.25257249766136575,1.3049579045837232,0.12628624883068287,0.0,0.0,19.679347826086957,27.27272727272727,32.37410071942446,42.857142857142854,6.557296538821328
italy,Serie A,2025,Marcus Thuram,28.0,F,France,192.0,90.0,29,24,1913.0,13.0,6.0,1.0,0.0,0,0,2,0.0,0,0.7056978567694719,2.6346053319393623,1.3643491897543125,0.6116048092002091,0.2822791427077888,0.8938839519079979,0.6116048092002091,22.582331416623102,1.3643491897543125,1.0820700470465239,0.09409304756926293,0.047046523784631464,1.1291165708311552,12.13800313643492,6.06900156821746,1.3173026659696812,0.799790904338735,0.5175117616309461,1.92890747516989,2.023000522739153,0.09409304756926293,0.0,0.0,14.625,51.78571428571429,50.0,60.71428571428571,7.099895452169368
italy,Serie A,2025,Mariano Troilo,22.0,D,Argentina,191.0,86.0,21,18,1636.0,1.0,0.0,0.0,2.0,0,0,8,0.0,2,0.0550122249388753,0.33007334963325186,0.1100244498777506,0.0550122249388753,0.0,0.0550122249388753,0.0550122249388753,46.760391198044005,0.3850855745721271,1.4853300733496333,0.9902200488997556,0.9902200488997556,2.4755501222493885,8.30684596577017,4.841075794621027,0.3850855745721271,0.27506112469437655,0.5501222493887531,1.1002444987775062,1.4853300733496333,0.4400977995110024,0.0,0.1100244498777506,45.252941176470586,33.33333333333333,58.27814569536424,71.42857142857143,7.0022004889975555
italy,Serie A,2025,Marin Pongračić,28.0,D,Croatia,190.0,95.0,35,33,2917.0,0.0,0.0,0.0,0.0,0,0,12,0.0,0,0.0,0.15426808364758313,0.030853616729516628,0.0,0.0,0.0,0.0,58.65272540281111,0.24682893383613302,0.9564621186150154,0.8330476516969489,1.079876585533082,2.0363387041480974,7.435721631813507,3.6098731573534453,0.6787795680493658,0.49365786767226605,0.18512170037709974,0.6479259513198492,2.128899554336647,0.3702434007541995,0.0,0.0,55.92162019989479,20.0,48.54771784232365,72.72727272727273,6.797565992458005
italy,Serie A,2025,Mario Gila Fuentes,25.0,D,Spain,185.0,74.0,31,31,2482.0,0.0,0.0,0.0,2.0,0,0,4,0.0,1,0.0,0.32634971796937956,0.10878323932312652,0.0,0.0,0.0,0.0,65.99516518936342,0.1813053988718775,1.6680096696212732,0.6164383561643836,0.9065269943593877,2.574536663980661,7.360999194198227,4.858984689766317,0.25382755842062854,0.21756647864625303,0.3988718775181306,0.9065269943593877,0.6889605157131345,0.145044319097502,0.0,0.0362610797743755,61.01373626373626,33.33333333333333,66.00985221674877,85.71428571428571,7.246172441579372
italy,Serie A,2025,Mario Hermoso,30.0,D,Spain,184.0,75.0,27,25,2095.0,3.0,2.0,0.0,0.0,0,0,9,0.0,0,0.0,0.6443914081145585,0.2577565632458234,0.1288782816229117,0.08591885441527447,0.21479713603818618,0.1288782816229117,61.0453460620525,0.42959427207637235,1.5465393794749405,0.2577565632458234,1.2458233890214798,2.79236276849642,8.54892601431981,4.596658711217184,0.558472553699284,0.17183770883054894,0.47255369928400953,0.8162291169451075,1.7183770883054894,0.3866348448687351,0.0,0.0,50.59042927515834,40.0,53.768844221105525,30.76923076923077,6.968591885441528
italy,Serie A,2025,Mario Pašalić,30.0,M,Croatia,188.0,77.0,33,21,1932.0,3.0,4.0,0.0,0.0,0,0,3,0.0,0,0.04658385093167702,0.9316770186335404,0.2795031055900621,0.13975155279503104,0.1863354037267081,0.32608695652173914,0.13975155279503104,65.31055900621118,1.8633540372670807,1.1645962732919255,0.13975155279503104,0.6521739130434783,1.8167701863354038,7.406832298136647,3.12111801242236,0.6055900621118012,0.32608695652173914,0.7453416149068324,0.2795031055900621,1.0248447204968945,0.13975155279503104,0.0,0.0,58.211840228245364,30.0,42.138364779874216,53.84615384615385,6.936024844720497
italy,Serie A,2025,Marius Marin,27.0,M,Romania,180.0,72.0,23,18,1292.0,0.0,0.0,0.0,0.0,0,0,7,0.0,0,0.0,0.0696594427244582,0.0,0.0,0.0,0.0,0.0,31.277089783281735,0.1393188854489164,3.134674922600619,0.2786377708978328,0.9055727554179567,4.040247678018575,10.44891640866873,5.085139318885449,0.34829721362229105,0.0696594427244582,1.4628482972136223,1.3931888544891642,2.5077399380804954,0.48761609907120745,0.0,0.0,23.190156599552573,0.0,48.66666666666667,20.0,6.7365325077399385
italy,Serie A,2025,Marko Rog,30.0,M,Croatia,180.0,73.0,0,0,0.0,0.0,0.0,0.0,0.0,0,0,0,0.0,0,,,,,,,,,,,,,,,,,,,,,,,,,,,,
italy,Serie A,2025,Marlon Mena,19.0,D,,,,0,0,0.0,0.0,0.0,0.0,0.0,0,0,0,0.0,0,,,,,,,,,,,,,,,,,,,,,,,,,,,,
italy,Serie A,2025,Marten de Roon,34.0,M,Netherlands,186.0,76.0,34,32,2704.0,1.0,2.0,0.0,1.0,0,0,8,0.0,1,0.0,0.4326923076923077,0.1331360946745562,0.03328402366863905,0.0665680473372781,0.09985207100591716,0.03328402366863905,64.63757396449704,0.7988165680473372,2.6960059171597632,0.16642011834319526,0.9319526627218936,3.6279585798816565,8.287721893491124,4.3269230769230775,0.2329881656804734,0.09985207100591716,0.9985207100591715,0.3661242603550296,1.231508875739645,0.2662721893491124,0.0,0.03328402366863905,56.14160659114315,30.76923076923077,52.208835341365464,42.857142857142854,7.059245562130178
italy,Serie A,2025,Martin Baturina,22.0,M,Croatia,172.0,68.0,29,17,1591.0,6.0,3.0,0.0,0.0,0,0,0,0.0,0,0.0,1.1313639220615965,0.5091137649277184,0.33940917661847897,0.16970458830923948,0.5091137649277184,0.33940917661847897,47.80012570710245,3.5637963544940288,1.1879321181646763,0.11313639220615965,0.28284098051539913,1.4707730986800753,10.861093651791327,5.317410433689504,2.545568824638592,1.301068510370836,1.2445003142677562,2.4890006285355124,0.8485229415461973,0.0,0.0,0.0,37.755029585798816,45.0,48.95833333333333,51.11111111111111,7.277247014456317
italy,Serie A,2025,Martin Frese,27.0,D,Denmark,179.0,75.0,31,27,2412.0,2.0,0.0,0.0,0.0,0,0,8,0.0,0,0.1492537313432836,0.6716417910447761,0.41044776119402987,0.0746268656716418,0.0,0.0746268656716418,0.0746268656716418,26.7910447761194,1.1567164179104479,3.1343283582089554,0.373134328358209,1.082089552238806,4.2164179104477615,9.104477611940299,5.3731343283582085,0.2985074626865672,0.0,0.8208955223880597,0.746268656716418,1.7164179104477613,0.2985074626865672,0.0,0.0,23.615598885793872,61.111111111111114,59.01639344262295,0.0,6.797553897180763
italy,Serie A,2025,Martin Vitík,22.0,D,Czechia,193.0,84.0,19,14,1324.0,0.0,0.0,0.0,0.0,0,0,3,0.0,0,0.0,0.33987915407854985,0.13595166163141995,0.0,0.0,0.0,0.0,49.69033232628399,0.20392749244712993,2.4471299093655587,0.4758308157099698,0.6797583081570997,3.1268882175226587,10.332326283987916,5.777945619335348,0.20392749244712993,0.13595166163141995,0.40785498489425986,0.2719033232628399,1.5634441087613293,0.20392749244712993,0.0,0.0,47.92476060191518,40.0,55.92105263157895,66.66666666666666,6.883006042296072
italy,Serie A,2025,Martín Payero,27.0,M,Argentina,183.0,80.0,25,16,1459.0,1.0,0.0,0.0,0.0,0,0,8,0.0,0,0.12337217272104181,1.1103495544893762,0.49348869088416725,0.061686086360520906,0.0,0.061686086360520906,0.061686086360520906,28.252227553118576,0.7402330363262508,1.1720356408498973,0.1850582590815627,0.6168608636052091,1.7888965044551062,13.262508567511995,5.736806031528444,2.9609321453050033,1.35709389993146,0.5551747772446881,2.0973269362577107,2.2823851953392733,0.49348869088416725,0.0,0.0,20.253275109170307,44.44444444444444,43.25581395348837,45.83333333333333,6.57162440027416
italy,Serie A,2025,Massimo Pessina,18.0,G,Italy,200.0,85.0,4,3,352.0,0.0,0.0,0.0,0.0,0,0,0,0.0,0,0.0,0.0,0.0,0.0,0.0,0.0,0.0,34.77272727272727,0.0,0.0,0.0,0.0,0.0,0.5113636363636364,0.5113636363636364,0.0,0.0,0.0,0.2556818181818182,0.0,0.0,0.0,0.0,22.580882352941178,,100.0,,6.797727272727273
italy,Serie A,2025,Mateo Pellegrino,24.0,F,Argentina,193.0,85.0,37,34,2991.0,9.0,1.0,0.0,0.0,1,0,5,0.0,0,0.36108324974924777,1.5947843530591777,0.6619859578736209,0.27081243731193577,0.03009027081243731,0.30090270812437314,0.24072216649949849,14.443329989969909,0.6619859578736209,0.5115346038114342,0.15045135406218657,0.12036108324974924,0.6318956870611836,16.429287863590773,7.011033099297894,1.444332998996991,0.7522567703109329,0.36108324974924777,2.1364092276830493,2.6178535606820463,0.15045135406218657,0.0,0.0,8.972916666666666,41.509433962264154,42.67399267399267,52.083333333333336,6.745001671681711
italy,Serie A,2025,Mateus Lusuardi,21.0,D,Brazil,190.0,,3,3,199.0,0.0,0.0,0.0,0.0,0,0,1,0.0,0,0.0,0.45226130653266333,0.0,0.0,0.0,0.0,0.0,35.7286432160804,0.45226130653266333,0.9045226130653267,2.261306532663317,0.0,0.9045226130653267,9.49748743718593,4.974874371859297,0.9045226130653267,0.45226130653266333,1.3567839195979898,0.0,1.8090452261306533,0.45226130653266333,0.0,0.0,24.620253164556964,0.0,52.38095238095239,50.0,6.4798994974874375
italy,Serie A,2025,Mathias Ferrante,21.0,G,Türkiye,193.0,84.0,0,0,0.0,0.0,0.0,0.0,0.0,0,0,0,0.0,0,,,,,,,,,,,,,,,,,,,,,,,,,,,,
italy,Serie A,2025,Mathias Fjørtoft Løvik,22.0,D,Norway,183.0,78.0,9,5,479.0,0.0,0.0,0.0,0.0,0,0,0,0.0,0,0.3757828810020876,0.3757828810020876,0.0,0.0,0.0,0.0,0.0,23.862212943632567,0.3757828810020876,2.066805845511482,0.0,1.1273486430062631,3.1941544885177455,8.643006263048017,3.3820459290187888,2.066805845511482,0.3757828810020876,1.1273486430062631,0.3757828810020876,0.5636743215031316,0.0,0.0,0.0,16.35433070866142,0.0,39.130434782608695,18.181818181818183,6.472384937238494
italy,Serie A,2025,Mathis Lambourde,19.0,F,France,179.0,72.0,0,0,0.0,0.0,0.0,0.0,0.0,0,0,0,0.0,0,,,,,,,,,,,,,,,,,,,,,,,,,,,,
italy,Serie A,2025,Mathías Olivera,28.0,D,Uruguay,185.0,78.0,25,15,1368.0,0.0,0.0,0.0,0.0,0,0,3,0.0,0,0.0,0.5263157894736842,0.19736842105263158,0.0,0.0,0.0,0.0,72.63157894736841,0.6578947368421052,2.763157894736842,0.3289473684210526,0.9868421052631579,3.75,9.276315789473685,5.789473684210526,0.3289473684210526,0.13157894736842105,0.39473684210526316,0.6578947368421052,1.118421052631579,0.19736842105263158,0.0,0.0,62.73278985507246,37.5,62.4113475177305,40.0,6.8823830409356725
italy,Serie A,2025,Matteo Bianchetti,32.0,D,Italy,189.0,81.0,27,25,2197.0,0.0,2.0,0.0,3.0,0,0,4,0.0,0,0.0,0.24578971324533455,0.040964952207555756,0.0,0.08192990441511151,0.08192990441511151,0.0,47.56030951297224,0.16385980883022302,1.884387801547565,0.7783340919435594,0.7783340919435594,2.662721893491124,7.947200728265817,4.710969503868912,0.16385980883022302,0.08192990441511151,0.6554392353208921,0.6144742831133364,1.1470186618115612,0.16385980883022302,0.0,0.0,43.54521963824289,16.666666666666664,59.27835051546392,50.0,6.776604460628129
italy,Serie A,2025,Matteo Cancellieri,23.0,F,Italy,180.0,79.0,30,21,1739.0,4.0,2.0,0.0,0.0,0,0,6,0.0,0,0.15526164462334674,1.7078780908568143,0.879815986198965,0.20701552616446234,0.10350776308223117,0.3105232892466935,0.20701552616446234,23.651523864289825,0.9315698677400804,2.1736630247268542,0.10350776308223117,1.242093156986774,3.4157561817136286,15.784933870040252,8.021851638872915,2.121909143185739,0.7245543415756183,1.242093156986774,3.467510063254744,2.0184013801035077,0.3105232892466935,0.0,0.0,15.86652078774617,51.515151515151516,50.81967213114754,34.146341463414636,6.972800460034503
italy,Serie A,2025,Matteo Cocchi,18.0,D,Italy,178.0,74.0,1,0,16.0,0.0,0.0,0.0,0.0,0,0,0,0.0,0,0.0,0.0,0.0,0.0,0.0,0.0,0.0,45.0,0.0,5.625,0.0,0.0,5.625,16.875,11.25,0.0,0.0,5.625,0.0,0.0,0.0,0.0,0.0,5.0,,66.66666666666666,,6.9
italy,Serie A,2025,Matteo Darmian,36.0,D,Italy,182.0,70.0,6,2,246.0,0.0,0.0,0.0,0.0,0,0,0,0.0,0,0.3658536585365854,0.0,0.0,0.0,0.0,0.0,0.0,44.26829268292683,0.0,1.0975609756097562,1.0975609756097562,0.3658536585365854,1.4634146341463417,5.48780487804878,2.1951219512195124,0.7317073170731708,0.0,0.0,0.7317073170731708,1.4634146341463417,0.0,0.0,0.0,27.363636363636363,,40.0,0.0,6.699593495934959
italy,Serie A,2025,Matteo Duțu,20.0,D,Romania,192.0,,0,0,0.0,0.0,0.0,0.0,0.0,0,0,0,0.0,0,,,,,,,,,,,,,,,,,,,,,,,,,,,,
italy,Serie A,2025,Matteo Franceschelli,17.0,G,,,,0,0,0.0,0.0,0.0,0.0,0.0,0,0,0,0.0,0,,,,,,,,,,,,,,,,,,,,,,,,,,,,
italy,Serie A,2025,Matteo Fuscaldo,20.0,G,Italy,196.0,,0,0,0.0,0.0,0.0,0.0,0.0,0,0,0,0.0,0,,,,,,,,,,,,,,,,,,,,,,,,,,,,
italy,Serie A,2025,Matteo Gabbia,26.0,D,Italy,185.0,78.0,30,28,2531.0,0.0,0.0,0.0,0.0,0,0,4,0.0,0,0.0,0.6045041485578823,0.10667720268668511,0.0,0.0,0.0,0.0,53.30304227578033,0.07111813512445674,0.7467404188067958,0.7822994863690241,0.49782694587119714,1.244567364677993,5.44053733702094,3.2003160806005533,0.03555906756222837,0.0,0.17779533781114185,0.21335440537337022,0.8889766890557093,0.14223627024891347,0.0,0.0,52.54369579719813,17.647058823529413,58.82352941176471,0.0,6.939114974318452
italy,Serie A,2025,Matteo Lavelli,19.0,F,Italy,185.0,78.0,1,0,12.0,0.0,0.0,0.0,0.0,0,0,0,0.0,0,0.0,0.0,0.0,0.0,0.0,0.0,0.0,7.5,0.0,0.0,0.0,0.0,0.0,15.0,0.0,0.0,0.0,0.0,0.0,0.0,0.0,0.0,0.0,1.0,,0.0,,6.5
italy,Serie A,2025,Matteo Luppichini,,G,,,,0,0,0.0,0.0,0.0,0.0,0.0,0,0,0,0.0,0,,,,,,,,,,,,,,,,,,,,,,,,,,,,
italy,Serie A,2025,Matteo Palma,17.0,D,Germany,194.0,,5,1,124.0,0.0,0.0,0.0,0.0,0,0,0,0.0,0,0.0,0.0,0.0,0.0,0.0,0.0,0.0,38.46774193548387,0.0,1.4516129032258065,0.7258064516129032,1.4516129032258065,2.903225806451613,12.338709677419354,7.258064516129032,0.7258064516129032,0.0,0.7258064516129032,0.0,2.1774193548387095,0.0,0.0,0.0,13.961538461538462,,58.82352941176471,0.0,6.413709677419354
italy,Serie A,2025,Matteo Pittarella,17.0,G,Italy,,,0,0,0.0,0.0,0.0,0.0,0.0,0,0,0,0.0,0,,,,,,,,,,,,,,,,,,,,,,,,,,,,
italy,Serie A,2025,Matteo Politano,32.0,M,Italy,171.0,67.0,34,26,2213.0,2.0,5.0,0.0,0.0,0,0,4,0.0,0,0.0,1.4234071396294623,0.5286940804338003,0.08133755083596927,0.20334387708992316,0.28468142792589246,0.08133755083596927,38.22864889290556,1.5047446904654316,0.6100316312697696,0.08133755083596927,0.20334387708992316,0.8133755083596926,7.401717126073203,3.4161771351107095,2.80614550384094,1.342069588793493,0.447356529597831,1.1387257117035698,0.7727067329417081,0.16267510167193855,0.0,0.0,27.371276595744682,37.142857142857146,46.15384615384615,47.82608695652174,6.9524175327609585
italy,Serie A,2025,Matteo Prati,22.0,M,Italy,183.0,73.0,33,22,1889.0,1.0,1.0,0.0,0.0,0,0,6,0.0,0,0.0,1.0481736368448915,0.04764425622022234,0.04764425622022234,0.04764425622022234,0.09528851244044469,0.04764425622022234,40.497617787188986,0.571731074642668,1.858125992588671,0.4287983059820011,0.9528851244044468,2.811011116993118,6.860772895712017,3.3827421916357863,0.6670195870831127,0.33350979354155635,0.8575966119640022,0.4764425622022234,1.3816834303864478,0.285865537321334,0.0,0.0,26.40235294117647,4.545454545454546,49.30555555555556,50.0,6.632768660667019
italy,Serie A,2025,Matteo Spinaccé,19.0,F,Italy,189.0,75.0,0,0,0.0,0.0,0.0,0.0,0.0,0,0,0,0.0,0,,,,,,,,,,,,,,,,,,,,,,,,,,,,
italy,Serie A,2025,Matteo Tramoni,25.0,F,France,175.0,72.0,27,21,1615.0,2.0,2.0,0.0,1.0,1,0,3,0.0,0,0.11145510835913314,1.1702786377708978,0.5015479876160991,0.11145510835913314,0.11145510835913314,0.22291021671826627,0.05572755417956657,20.229102167182663,1.5603715170278638,1.7832817337461302,0.05572755417956657,0.8916408668730651,2.674922600619195,8.470588235294118,3.73374613003096,1.894736842105263,0.44582043343653255,1.0588235294117647,0.8359133126934984,0.8359133126934984,0.16718266253869968,0.0,0.0,13.1267217630854,42.857142857142854,44.07894736842105,23.52941176470588,6.836594427244583
italy,Serie A,2025,Mattia Della Rocca,19.0,M,Italy,,,0,0,0.0,0.0,0.0,0.0,0.0,0,0,0,0.0,0,,,,,,,,,,,,,,,,,,,,,,,,,,,,
italy,Serie A,2025,Mattia Felici,24.0,F,Italy,182.0,75.0,12,4,409.0,2.0,1.0,0.0,0.0,0,0,3,0.0,0,0.0,1.5403422982885084,1.3202933985330074,0.4400977995110024,0.2200488997555012,0.6601466992665037,0.4400977995110024,23.10513447432763,1.7603911980440097,2.4205378973105134,0.0,1.1002444987775062,3.5207823960880194,13.422982885085574,5.50122249388753,4.180929095354523,1.5403422982885084,0.6601466992665037,1.3202933985330074,2.2004889975550124,0.6601466992665037,0.0,0.0,7.771428571428571,85.71428571428571,40.98360655737705,36.84210526315789,6.57671568627451
italy,Serie A,2025,Mattia Mosconi,18.0,F,Italy,176.0,72.0,2,0,25.0,0.0,0.0,0.0,0.0,0,0,0,0.0,0,0.0,7.2,0.0,0.0,0.0,0.0,0.0,46.800000000000004,0.0,0.0,0.0,0.0,0.0,21.599999999999998,7.2,3.6,0.0,0.0,7.2,3.6,0.0,0.0,0.0,6.846153846153846,0.0,33.33333333333333,0.0,6.2
italy,Serie A,2025,Mattia Pellini,18.0,D,,,,0,0,0.0,0.0,0.0,0.0,0.0,0,0,0,0.0,0,,,,,,,,,,,,,,,,,,,,,,,,,,,,
italy,Serie A,2025,Mattia Perin,33.0,G,Italy,188.0,85.0,9,9,765.0,0.0,0.0,0.0,0.0,0,0,0,0.0,0,0.0,0.0,0.0,0.0,0.0,0.0,0.0,18.941176470588236,0.11764705882352941,0.0,0.0,0.0,0.0,0.23529411764705882,0.23529411764705882,0.0,0.0,0.0,0.23529411764705882,0.0,0.0,0.0,0.0,16.875776397515526,,100.0,,6.7
italy,Serie A,2025,Mattia Valoti,32.0,M,Italy,187.0,62.0,0,0,0.0,0.0,0.0,0.0,0.0,0,0,0,0.0,0,,,,,,,,,,,,,,,,,,,,,,,,,,,,
italy,Serie A,2025,Mattia Viti,23.0,D,Italy,190.0,82.0,10,2,267.0,0.0,0.0,0.0,1.0,0,0,3,0.0,1,0.0,0.0,0.0,0.0,0.0,0.0,0.0,48.20224719101123,0.0,3.033707865168539,0.33707865168539325,1.348314606741573,4.382022471910113,13.820224719101123,6.067415730337078,0.6741573033707865,0.33707865168539325,0.6741573033707865,1.348314606741573,3.033707865168539,1.0112359550561798,0.0,0.33707865168539325,18.727272727272727,,43.90243902439025,50.0,6.149248120300752
italy,Serie A,2025,Mattia Zaccagni,30.0,F,Italy,177.0,63.0,26,26,2114.0,3.0,0.0,1.0,0.0,0,1,6,0.0,1,0.2554399243140965,1.1494796594134342,0.5960264900662252,0.12771996215704826,0.0,0.12771996215704826,0.12771996215704826,32.90917691579943,1.490066225165563,1.575212866603595,0.04257332071901608,0.8088930936613056,2.384105960264901,12.431409649952695,6.684011352885525,2.5543992431409652,0.9791863765373698,0.8940397350993378,3.491012298959319,1.2771996215704826,0.2554399243140965,0.0,0.04257332071901608,26.79301423027167,51.85185185185185,53.76712328767124,38.333333333333336,6.9807947019867544
italy,Serie A,2025,Mattéo Guendouzi,26.0,M,France,185.0,68.0,16,16,1430.0,2.0,1.0,0.0,0.0,0,0,6,0.0,1,0.0,0.8811188811188811,0.5034965034965035,0.1258741258741259,0.06293706293706294,0.1888111888111888,0.1258741258741259,46.25874125874125,0.9440559440559441,0.8811188811188811,0.3776223776223776,0.6923076923076923,1.5734265734265735,6.104895104895105,3.083916083916084,1.0699300699300698,0.5034965034965035,0.6923076923076923,1.3216783216783217,1.0699300699300698,0.3776223776223776,0.0,0.06293706293706294,44.291156462585036,57.14285714285714,50.51546391752577,47.05882352941176,7.008391608391609
italy,Serie A,2025,Matías Pérez Sepúlveda,20.0,D,Chile,192.0,80.0,1,1,32.0,0.0,0.0,0.0,0.0,0,0,0,0.0,0,0.0,0.0,0.0,0.0,0.0,0.0,0.0,42.1875,2.8125,0.0,5.625,0.0,0.0,2.8125,0.0,0.0,0.0,2.8125,0.0,0.0,0.0,0.0,0.0,14.0,,0.0,,7.0
italy,Serie A,2025,Matías Soulé,22.0,F,Argentina,182.0,76.0,33,28,2167.0,6.0,5.0,0.0,0.0,0,0,1,0.0,0,0.2491924319335487,1.536686663590217,0.747577295800646,0.2491924319335487,0.2076603599446239,0.45685279187817257,0.2491924319335487,41.07521919704661,1.91047531149054,0.7891093677895709,0.08306414397784956,0.373788647900323,1.1628980156898938,10.839870789109368,4.3193354868481775,3.9040147669589293,1.453622519612367,0.5814490078449469,1.702814951545916,0.29072450392247345,0.04153207198892478,0.0,0.0,30.060667340748232,48.64864864864865,39.84674329501915,37.234042553191486,7.175403784033226
italy,Serie A,2025,Matías Vecino,34.0,M,Uruguay,187.0,81.0,13,5,605.0,0.0,1.0,0.0,0.0,0,0,1,0.0,0,0.0,0.5950413223140496,0.0,0.0,0.1487603305785124,0.1487603305785124,0.0,54.892561983471076,0.4462809917355372,1.487603305785124,0.4462809917355372,1.0413223140495866,2.5289256198347108,8.479338842975206,3.71900826446281,0.2975206611570248,0.0,0.5950413223140496,0.4462809917355372,1.1900826446280992,0.1487603305785124,0.0,0.0,39.37940379403794,0.0,43.859649122807014,0.0,6.737520661157024
italy,Serie A,2025,Mauro Vigorito,35.0,G,Italy,187.0,81.0,0,0,0.0,0.0,0.0,0.0,0.0,0,0,0,0.0,0,,,,,,,,,,,,,,,,,,,,,,,,,,,,
italy,Serie A,2025,Maxence Caqueret,25.0,M,France,174.0,63.0,30,17,1487.0,2.0,6.0,1.0,1.0,0,0,3,0.0,0,0.121049092131809,0.7262945527908541,0.242098184263618,0.121049092131809,0.36314727639542704,0.484196368527236,0.121049092131809,54.83523873570948,1.5736381977135172,2.1183591123066576,0.18157363819771352,0.7868190988567586,2.9051782111634163,10.833893745796907,4.9630127774041695,1.936785474108944,1.0289172831203766,1.1499663752521856,1.3920645595158037,1.5736381977135172,0.18157363819771352,0.0,0.0,37.296909492273734,33.33333333333333,45.81005586592179,53.125,6.878211163416274
italy,Serie A,2025,Maxwel Cornet,29.0,F,Côte d'Ivoire,179.0,69.0,8,1,121.0,0.0,0.0,0.0,1.0,0,1,0,0.0,0,0.743801652892562,2.231404958677686,1.487603305785124,0.0,0.0,0.0,0.0,29.75206611570248,4.462809917355372,4.462809917355372,0.0,0.0,4.462809917355372,18.59504132231405,7.43801652892562,2.231404958677686,0.0,0.743801652892562,0.743801652892562,4.462809917355372,0.0,0.0,0.0,5.35,66.66666666666666,40.0,0.0,6.2475000000000005
italy,Serie A,2025,Medon Berisha,22.0,M,Albania,186.0,81.0,13,12,880.0,2.0,3.0,0.0,0.0,0,0,0,0.0,0,0.10227272727272727,1.534090909090909,0.5113636363636364,0.20454545454545453,0.3068181818181818,0.5113636363636364,0.20454545454545453,37.22727272727273,2.0454545454545454,2.147727272727273,0.20454545454545453,0.5113636363636364,2.659090909090909,7.568181818181818,4.193181818181818,0.40909090909090906,0.3068181818181818,0.20454545454545453,1.0227272727272727,1.125,0.0,0.0,0.0,30.123626373626372,33.33333333333333,55.4054054054054,75.0,7.4069318181818184
italy,Serie A,2025,Mehdi Léris,27.0,M,Algeria,186.0,83.0,34,21,1912.0,2.0,3.0,1.0,1.0,0,0,2,0.0,0,0.37656903765690375,0.7060669456066946,0.3294979079497908,0.09414225941422594,0.1412133891213389,0.23535564853556484,0.09414225941422594,26.501046025104603,1.2709205020920502,3.153765690376569,0.37656903765690375,1.0355648535564854,4.189330543933054,12.944560669456067,7.578451882845188,1.9769874476987446,0.8002092050209205,0.9414225941422594,1.0355648535564854,1.2709205020920502,0.09414225941422594,0.0,0.0,14.499108734402853,46.666666666666664,58.54545454545455,40.476190476190474,6.914696652719665
italy,Serie A,2025,Mert Durmush,20.0,M,Bulgaria,,,0,0,0.0,0.0,0.0,0.0,0.0,0,0,0,0.0,0,,,,,,,,,,,,,,,,,,,,,,,,,,,,
italy,Serie A,2025,Michael Folorunsho,27.0,M,Italy,190.0,92.0,27,24,2008.0,2.0,0.0,0.0,0.0,0,0,3,0.0,0,0.5826693227091634,1.1205179282868525,0.40338645418326696,0.08964143426294821,0.0,0.08964143426294821,0.08964143426294821,21.782868525896415,0.6723107569721116,1.0756972111553784,0.1344621513944223,0.40338645418326696,1.4790836653386454,12.594621513944222,5.692231075697211,2.241035856573705,0.9860557768924303,0.7619521912350598,2.196215139442231,1.5687250996015936,0.1344621513944223,0.0,0.0,14.44927536231884,36.0,45.195729537366546,44.0,6.515239043824701
italy,Serie A,2025,Michel Adopo,25.0,M,France,187.0,76.0,38,33,3055.0,1.0,2.0,0.0,1.0,0,0,4,0.0,0,0.14729950900163666,0.5597381342062193,0.3240589198036007,0.029459901800327336,0.05891980360065467,0.08837970540098199,0.029459901800327336,31.934533551554825,0.795417348608838,1.6497545008183305,0.17675941080196397,0.8543371522094927,2.504091653027823,8.130932896890345,3.711947626841244,1.060556464811784,0.41243862520458263,0.5008183306055647,0.7364975450081833,1.0310965630114566,0.11783960720130934,0.0,0.0,26.809040590405903,57.89473684210527,45.65217391304348,38.88888888888889,6.643338788870704
italy,Serie A,2025,Michel Aebischer,28.0,M,Switzerland,183.0,78.0,35,33,2900.0,1.0,2.0,0.0,0.0,0,0,8,0.0,0,0.0,0.49655172413793097,0.15517241379310345,0.031034482758620686,0.06206896551724137,0.09310344827586207,0.031034482758620686,47.48275862068966,1.0551724137931036,2.0172413793103448,0.18620689655172415,1.1482758620689657,3.1655172413793107,7.975862068965518,4.06551724137931,0.9,0.4344827586206897,1.0862068965517242,1.1793103448275863,1.396551724137931,0.24827586206896549,0.0,0.0,42.34705882352941,31.25,50.97276264591439,48.275862068965516,6.912620689655172
italy,Serie A,2025,Michele Castagnetti,36.0,M,Italy,180.0,71.0,0,0,0.0,0.0,0.0,0.0,0.0,0,0,0,0.0,0,,,,,,,,,,,,,,,,,,,,,,,,,,,,
italy,Serie A,2025,Michele Collocolo,26.0,M,Italy,188.0,,8,5,363.0,0.0,0.0,0.0,0.0,0,0,1,0.0,0,0.0,0.24793388429752067,0.24793388429752067,0.0,0.0,0.0,0.0,29.25619834710744,0.49586776859504134,0.743801652892562,0.49586776859504134,0.24793388429752067,0.9917355371900827,5.206611570247934,2.231404958677686,0.24793388429752067,0.24793388429752067,0.743801652892562,0.49586776859504134,0.49586776859504134,0.24793388429752067,0.0,0.0,24.076271186440678,100.0,42.857142857142854,100.0,6.433149171270719
italy,Serie A,2025,Michele Di Gregorio,28.0,G,Italy,187.0,82.0,30,29,2655.0,0.0,0.0,0.0,0.0,0,0,1,0.0,0,0.0,0.0,0.0,0.0,0.0,0.0,0.0,22.610169491525426,0.0,0.0,0.0,0.0,0.0,0.23728813559322035,0.23728813559322035,0.03389830508474576,0.03389830508474576,0.0,0.1694915254237288,0.0,0.03389830508474576,0.0,0.0,18.760119940029984,,100.0,100.0,6.930508474576271
italy,Serie A,2025,Miguel Gutiérrez,24.0,D,Spain,180.0,73.0,28,15,1490.0,1.0,1.0,0.0,0.0,0,0,0,0.0,0,0.060402684563758385,0.785234899328859,0.30201342281879195,0.060402684563758385,0.060402684563758385,0.12080536912751677,0.060402684563758385,47.95973154362416,1.2684563758389262,1.993288590604027,0.060402684563758385,0.5436241610738255,2.5369127516778525,8.456375838926174,4.7114093959731544,1.389261744966443,0.4832214765100671,0.5436241610738255,1.6912751677852347,1.1476510067114094,0.0,0.0,0.0,35.29077117572693,38.46153846153847,55.714285714285715,34.78260869565217,6.867360644728006
italy,Serie A,2025,Mihai Popa,25.0,G,Romania,190.0,,0,0,0.0,0.0,0.0,0.0,0.0,0,0,0,0.0,0,,,,,,,,,,,,,,,,,,,,,,,,,,,,
italy,Serie A,2025,Mikael Ellertsson,23.0,M,Iceland,182.0,74.0,36,31,2777.0,1.0,1.0,2.0,0.0,0,0,1,0.0,1,0.03240907454087145,0.583363341735686,0.19445444724522865,0.03240907454087145,0.03240907454087145,0.0648181490817429,0.03240907454087145,20.67698955707598,0.5185451926539432,1.4259992797983436,0.2592725963269716,0.48613611811307167,1.9121353979114153,7.648541591645661,3.5001800504141163,1.2963629816348579,0.3564998199495859,0.7778177889809146,1.3611811307166006,0.9074540871444003,0.03240907454087145,0.0,0.03240907454087145,16.301412872841443,33.33333333333333,45.76271186440678,27.500000000000004,6.5777457688152685
italy,Serie A,2025,Mikayil Faye,21.0,D,Senegal,186.0,81.0,8,2,250.0,0.0,0.0,0.0,0.0,0,0,1,0.0,0,0.0,0.0,0.0,0.0,0.0,0.0,0.0,44.64,0.36,2.52,0.72,2.16,4.68,10.440000000000001,6.12,1.08,1.08,0.72,1.44,0.72,0.36,0.0,0.0,16.483606557377048,,58.620689655172406,100.0,6.9116
italy,Serie A,2025,Mike Maignan,30.0,G,France,191.0,89.0,37,37,3296.0,0.0,0.0,0.0,0.0,0,0,4,0.0,0,0.0,0.0,0.0,0.0,0.0,0.0,0.0,29.54490291262136,0.0,0.0,0.0,0.027305825242718445,0.027305825242718445,0.3549757281553398,0.3549757281553398,0.08191747572815535,0.08191747572815535,0.0,0.1638349514563107,0.0,0.10922330097087378,0.0,0.0,25.017560073937155,,100.0,100.0,7.23622572815534
italy,Serie A,2025,Milan Đurić,35.0,F,Bosnia and Herzegovina,198.0,94.0,23,3,495.0,0.0,1.0,0.0,0.0,0,0,2,0.0,1,0.36363636363636365,2.1818181818181817,0.9090909090909092,0.0,0.18181818181818182,0.18181818181818182,0.0,28.90909090909091,0.9090909090909092,0.18181818181818182,0.0,0.0,0.18181818181818182,21.272727272727273,15.272727272727273,0.5454545454545454,0.18181818181818182,0.18181818181818182,1.6363636363636362,1.0909090909090908,0.36363636363636365,0.0,0.18181818181818182,6.97986577181208,41.66666666666667,71.7948717948718,33.33333333333333,6.984081632653061
italy,Serie A,2025,Mile Svilar,26.0,G,Serbia,189.0,77.0,38,38,3420.0,0.0,0.0,0.0,0.0,0,0,0,0.0,0,0.0,0.0,0.0,0.0,0.0,0.0,0.0,30.710526315789473,0.0,0.07894736842105263,0.0,0.026315789473684213,0.10526315789473685,0.631578947368421,0.5263157894736842,0.0,0.0,0.026315789473684213,0.2105263157894737,0.0,0.0,0.0,0.0,22.533847472150814,,83.33333333333334,,7.065789473684211
italy,Serie A,2025,Mirko Castagnini,18.0,G,,,,0,0,0.0,0.0,0.0,0.0,0.0,0,0,0,0.0,0,,,,,,,,,,,,,,,,,,,,,,,,,,,,
italy,Serie A,2025,Mitchel Bakker,25.0,D,Netherlands,185.0,85.0,1,0,8.0,0.0,0.0,0.0,0.0,0,0,0,0.0,0,0.0,0.0,0.0,0.0,0.0,0.0,0.0,78.75,0.0,0.0,0.0,0.0,0.0,0.0,0.0,0.0,0.0,0.0,0.0,0.0,0.0,0.0,0.0,7.0,,,,6.6
italy,Serie A,2025,Mohamed Kaba,24.0,M,France,185.0,71.0,15,5,646.0,0.0,0.0,0.0,1.0,0,0,1,0.0,0,0.0,0.9752321981424149,0.5572755417956656,0.0,0.0,0.0,0.0,25.91331269349845,0.6965944272445821,1.671826625386997,0.2786377708978328,0.5572755417956656,2.2291021671826625,15.603715170278639,7.662538699690402,2.2291021671826625,1.2538699690402477,0.6965944272445821,2.9256965944272446,1.671826625386997,0.1393188854489164,0.0,0.0,13.718918918918918,57.14285714285714,49.107142857142854,56.25,6.648916408668731
italy,Serie A,2025,Mohamed Seck,19.0,D,,,,0,0,0.0,0.0,0.0,0.0,0.0,0,0,0,0.0,0,,,,,,,,,,,,,,,,,,,,,,,,,,,,
italy,Serie A,2025,Moise Kean,25.0,F,Italy,183.0,67.0,26,23,2047.0,8.0,1.0,0.0,0.0,2,0,4,0.0,0,1.3190034196384954,3.2975085490962384,1.1871030776746458,0.3517342452369321,0.04396678065461651,0.3957010258915486,0.26380068392769906,9.364924279433318,0.13190034196384953,0.26380068392769906,0.04396678065461651,0.3077674645823156,0.5715681485100146,10.024425989252565,4.484611626770884,2.638006839276991,1.0991695163654127,0.17586712261846604,1.9345383488031265,1.2750366389838788,0.17586712261846604,0.0,0.0,7.863849765258216,36.0,44.73684210526316,41.66666666666667,6.672594040058623
italy,Serie A,2025,Morten Frendrup,24.0,M,Denmark,178.0,63.0,36,35,3089.0,1.0,0.0,0.0,0.0,0,0,5,0.0,0,0.0,0.20394949821948852,0.08740692780835221,0.029135642602784072,0.0,0.029135642602784072,0.029135642602784072,38.342505665263836,0.4370346390417611,2.8844286176756233,0.34962771123340886,1.194561346714147,4.078989964389771,8.332793784396245,5.040466170281644,0.40789899643897704,0.23308514082227258,0.6992554224668177,1.136290061508579,1.165425704111363,0.14567821301392037,0.0,0.0,35.629939209726444,42.857142857142854,60.48951048951049,57.14285714285714,6.9525412754936875
italy,Serie A,2025,Morten Thorsby,29.0,M,Norway,188.0,72.0,24,16,1380.0,3.0,1.0,0.0,0.0,0,0,4,0.0,0,0.45652173913043476,1.108695652173913,0.5217391304347826,0.1956521739130435,0.06521739130434782,0.2608695652173913,0.1956521739130435,28.565217391304348,0.5869565217391304,1.434782608695652,0.45652173913043476,0.32608695652173914,1.7608695652173914,16.369565217391305,8.543478260869566,0.1956521739130435,0.1956521739130435,0.5869565217391304,0.717391304347826,1.6304347826086958,0.2608695652173913,0.0,0.0,18.6324200913242,47.05882352941176,52.191235059760956,100.0,6.749927536231883
italy,Serie A,2025,Muhammed Bah,18.0,M,,,,0,0,0.0,0.0,0.0,0.0,0.0,0,0,0,0.0,0,,,,,,,,,,,,,,,,,,,,,,,,,,,,
italy,Serie A,2025,Mutassim Al-Musrati,29.0,M,Libya,189.0,80.0,18,8,847.0,0.0,1.0,0.0,0.0,0,0,6,0.0,1,0.10625737898465171,0.42502951593860683,0.10625737898465171,0.0,0.10625737898465171,0.10625737898465171,0.0,51.003541912632826,0.743801652892562,1.487603305785124,0.8500590318772137,0.9563164108618655,2.4439197166469895,8.71310507674144,3.2939787485242027,0.21251475796930341,0.0,1.062573789846517,0.3187721369539551,1.5938606847697758,0.6375442739079102,0.0,0.10625737898465171,33.10625,25.0,37.80487804878049,0.0,6.690661938534279
italy,Serie A,2025,Máximo Perrone,22.0,M,Argentina,177.0,68.0,36,33,2749.0,3.0,4.0,0.0,1.0,0,0,8,0.0,0,0.032739177882866496,0.4583484903601309,0.2946526009457985,0.09821753364859948,0.13095671153146599,0.22917424518006546,0.09821753364859948,71.20771189523462,1.113132048017461,1.8333939614405237,0.09821753364859948,0.720261913423063,2.553655874863587,7.0061840669334305,3.2739177882866493,0.5565660240087305,0.2946526009457985,1.0149145143688614,0.7530010913059295,1.4077846489632593,0.26191342306293197,0.0,0.0,63.310344827586206,64.28571428571429,46.728971962616825,52.94117647058824,7.029174245180066
italy,Serie A,2025,Mërgim Vojvoda,30.0,D,Kosovo,187.0,78.0,30,19,1599.0,2.0,2.0,0.0,0.0,0,0,2,0.0,0,0.28142589118198874,0.900562851782364,0.39399624765478425,0.1125703564727955,0.1125703564727955,0.225140712945591,0.1125703564727955,42.38273921200751,1.6322701688555346,0.7317073170731708,0.1125703564727955,0.7879924953095685,1.5196998123827392,6.472795497185741,2.7016885553470917,1.1819887429643527,0.7317073170731708,0.6191369606003753,0.6754221388367729,0.8442776735459663,0.1125703564727955,0.0,0.0,27.223107569721115,43.75,41.73913043478261,61.904761904761905,6.742490613266583
italy,Serie A,2025,Nadir Zortea,26.0,D,Italy,175.0,70.0,32,16,1818.0,0.0,2.0,0.0,0.0,0,0,2,0.0,0,0.0495049504950495,0.4950495049504951,0.0495049504950495,0.0,0.099009900990099,0.099009900990099,0.0,38.46534653465346,1.188118811881188,1.2871287128712872,0.297029702970297,0.9900990099009902,2.277227722772277,8.712871287128712,3.960396039603961,2.0792079207920793,0.9900990099009902,0.8910891089108911,0.8415841584158416,1.386138613861386,0.099009900990099,0.0,0.0,30.50644329896907,10.0,45.45454545454545,47.61904761904761,6.698184818481848
italy,Serie A,2025,Nahuel Estévez,30.0,M,Argentina,181.0,77.0,32,9,1044.0,0.0,1.0,0.0,0.0,0,0,2,0.0,0,0.0,0.25862068965517243,0.08620689655172413,0.0,0.08620689655172413,0.08620689655172413,0.0,46.206896551724135,1.1206896551724137,1.5517241379310345,0.3448275862068965,0.5172413793103449,2.0689655172413794,9.741379310344827,5.431034482758621,0.17241379310344826,0.0,0.7758620689655172,1.1206896551724137,0.9482758620689655,0.17241379310344826,0.0,0.0,23.659813084112148,33.33333333333333,55.75221238938053,0.0,6.849807692307692
italy,Serie A,2025,Neil El Aynaoui,24.0,M,Morocco,185.0,77.0,25,8,996.0,1.0,2.0,0.0,0.0,0,0,5,0.0,0,0.18072289156626503,0.5421686746987953,0.36144578313253006,0.09036144578313252,0.18072289156626503,0.27108433734939763,0.09036144578313252,52.68072289156626,1.0843373493975905,1.8072289156626506,0.18072289156626503,1.536144578313253,3.3433734939759034,9.849397590361447,4.608433734939759,1.536144578313253,0.8132530120481928,0.6325301204819277,0.9036144578313253,2.0783132530120483,0.45180722891566266,0.0,0.0,31.185567010309278,66.66666666666666,46.788990825688074,52.94117647058824,6.822311557788945
italy,Serie A,2025,Nemanja Matić,37.0,M,Serbia,194.0,85.0,34,31,2669.0,1.0,1.0,0.0,0.0,0,0,7,0.0,1,0.0,0.2697639565380292,0.1348819782690146,0.03372049456725365,0.03372049456725365,0.0674409891345073,0.03372049456725365,58.03297115024353,0.674409891345073,1.449981266391907,0.3372049456725365,0.9441738478831023,2.3941551142750095,7.620831772199326,4.147620831772199,0.8092918696140877,0.40464593480704386,0.8430123641813413,1.3150992881228925,0.8092918696140877,0.23604346197077558,0.0,0.03372049456725365,49.44567112144102,50.0,54.424778761061944,50.0,6.998239040839265
italy,Serie A,2025,Nesta Elphege,24.0,F,France,196.0,82.0,9,2,306.0,2.0,1.0,0.0,0.0,0,0,0,0.0,0,0.8823529411764706,1.4705882352941178,0.8823529411764706,0.5882352941176471,0.29411764705882354,0.8823529411764706,0.5882352941176471,18.235294117647058,1.1764705882352942,0.5882352941176471,0.0,0.0,0.5882352941176471,13.823529411764707,7.352941176470589,1.7647058823529411,1.1764705882352942,0.0,0.0,0.8823529411764706,0.0,0.0,0.0,5.704918032786885,60.0,53.191489361702125,66.66666666666666,6.848366013071895
italy,Serie A,2025,Niccolò Fortini,19.0,D,Italy,185.0,,16,2,546.0,0.0,0.0,0.0,0.0,0,0,0,0.0,0,0.0,0.8241758241758242,0.32967032967032966,0.0,0.0,0.0,0.0,34.61538461538462,0.6593406593406593,3.626373626373627,0.32967032967032966,0.6593406593406593,4.285714285714286,14.34065934065934,8.571428571428571,3.131868131868132,1.3186813186813187,1.3186813186813187,2.967032967032967,0.8241758241758242,0.0,0.0,0.0,16.285714285714285,40.0,59.77011494252874,42.10526315789473,6.822527472527472
italy,Serie A,2025,Niccolò Pisilli,21.0,M,Italy,181.0,73.0,25,13,1295.0,2.0,4.0,0.0,0.0,0,0,3,0.0,0,0.138996138996139,0.9034749034749034,0.3474903474903475,0.138996138996139,0.277992277992278,0.416988416988417,0.138996138996139,56.432432432432435,0.9034749034749034,1.8764478764478765,0.0694980694980695,1.667953667953668,3.544401544401545,10.494208494208493,3.613899613899614,1.8764478764478765,0.555984555984556,1.111969111969112,0.277992277992278,1.38996138996139,0.2084942084942085,0.0,0.0,42.37931034482759,38.46153846153847,34.437086092715234,29.629629629629626,6.767335907335908
italy,Serie A,2025,Niccolò Rizzo,18.0,D,Italy,186.0,,0,0,0.0,0.0,0.0,0.0,0.0,0,0,0,0.0,0,,,,,,,,,,,,,,,,,,,,,,,,,,,,
italy,Serie A,2025,Nicholas Pierini,27.0,F,Italy,176.0,70.0,11,0,144.0,0.0,0.0,0.0,0.0,0,0,1,0.0,0,0.0,1.875,1.25,0.0,0.0,0.0,0.0,33.125,2.5,2.5,0.0,1.25,3.75,17.5,6.875000000000001,4.375,1.25,0.0,1.875,0.625,0.625,0.0,0.0,6.4,66.66666666666666,39.285714285714285,28.57142857142857,6.529787234042553
italy,Serie A,2025,Niclas Füllkrug,32.0,F,Germany,189.0,83.0,20,3,647.0,1.0,0.0,0.0,0.0,0,1,0,0.0,0,1.947449768160742,1.5301391035548686,0.6955177743431221,0.1391035548686244,0.0,0.1391035548686244,0.1391035548686244,25.17774343122102,1.2519319938176199,0.1391035548686244,0.0,0.41731066460587324,0.5564142194744977,10.154559505409582,4.312210200927357,0.8346213292117465,0.41731066460587324,0.41731066460587324,1.1128284389489953,1.1128284389489953,0.0,0.0,0.0,8.524861878453038,45.45454545454545,42.465753424657535,50.0,6.427511591962906
italy,Serie A,2025,Nico Paz,21.0,M,Argentina,186.0,74.0,35,33,2884.0,12.0,6.0,1.0,0.0,0,2,5,0.0,0,0.0,2.6837725381414703,1.4979195561719834,0.37447988904299584,0.18723994452149792,0.5617198335644937,0.37447988904299584,43.50208044382802,1.5915395284327323,2.8398058252427183,0.09361997226074896,0.8737864077669902,3.713592233009709,13.699722607489596,7.177531206657421,3.900832177531207,2.1532593619972262,1.1234396671289875,1.2794729542302359,1.6539528432732316,0.15603328710124828,0.0,0.0,37.14705882352941,55.81395348837209,52.391799544419136,55.2,7.342649098474341
italy,Serie A,2025,Nicola Grandu,19.0,F,Italy,186.0,,0,0,0.0,0.0,0.0,0.0,0.0,0,0,0,0.0,0,,,,,,,,,,,,,,,,,,,,,,,,,,,,
italy,Serie A,2025,Nicola Leali,32.0,G,Italy,195.0,80.0,22,21,1848.0,0.0,0.0,0.0,0.0,0,0,2,0.0,1,0.0,0.0,0.0,0.0,0.0,0.0,0.0,26.63961038961039,0.09740259740259741,0.048701298701298704,0.0,0.048701298701298704,0.09740259740259741,0.38961038961038963,0.2435064935064935,0.0,0.0,0.048701298701298704,0.09740259740259741,0.09740259740259741,0.09740259740259741,0.0,0.048701298701298704,17.914076782449726,,62.5,,7.127435064935065
italy,Serie A,2025,Nicola Pintus,20.0,D,Italy,189.0,,0,0,0.0,0.0,0.0,0.0,0.0,0,0,0,0.0,0,,,,,,,,,,,,,,,,,,,,,,,,,,,,
italy,Serie A,2025,Nicola Zalewski,23.0,M,Poland,175.0,68.0,33,24,1910.0,2.0,4.0,1.0,0.0,0,0,3,0.0,0,0.14136125654450263,1.2251308900523559,0.3298429319371728,0.0942408376963351,0.1884816753926702,0.28272251308900526,0.0942408376963351,33.12565445026178,1.6963350785340314,1.3664921465968587,0.04712041884816755,0.8481675392670157,2.2146596858638743,10.93193717277487,5.74869109947644,3.1099476439790577,1.3193717277486912,0.47120418848167545,2.4502617801047117,0.9895287958115183,0.14136125654450263,0.0,0.0,20.796586059743955,26.923076923076923,52.58620689655172,42.42424242424242,7.052931937172775
italy,Serie A,2025,Nicolae Stanciu,32.0,M,Romania,173.0,72.0,4,2,190.0,0.0,0.0,0.0,0.0,0,1,0,0.0,0,0.0,1.4210526315789473,0.0,0.0,0.0,0.0,0.0,37.42105263157895,0.9473684210526315,1.894736842105263,0.0,1.4210526315789473,3.31578947368421,6.157894736842105,3.789473684210526,0.9473684210526315,0.47368421052631576,0.0,0.9473684210526315,0.47368421052631576,0.0,0.0,0.0,24.050632911392405,0.0,61.53846153846154,50.0,6.753684210526316
italy,Serie A,2025,Nicolas Trabucchi,18.0,D,Italy,180.0,71.0,0,0,0.0,0.0,0.0,0.0,0.0,0,0,0,0.0,0,,,,,,,,,,,,,,,,,,,,,,,,,,,,
italy,Serie A,2025,Nicolas-Gerrit Kühn,25.0,F,Germany,174.0,74.0,23,6,655.0,1.0,1.0,0.0,0.0,0,0,0,0.0,0,0.4122137404580153,0.6870229007633587,0.4122137404580153,0.13740458015267176,0.13740458015267176,0.2748091603053435,0.13740458015267176,29.816793893129773,1.5114503816793894,1.786259541984733,0.0,0.6870229007633587,2.4732824427480917,10.030534351145038,3.8473282442748094,2.6106870229007635,1.3740458015267174,1.6488549618320612,0.2748091603053435,0.8244274809160306,0.0,0.0,0.0,13.433179723502304,60.0,38.35616438356164,52.63157894736842,6.52802450229709
italy,Serie A,2025,Nicolo Pannozzo,17.0,G,,,,0,0,0.0,0.0,0.0,0.0,0.0,0,0,0,0.0,0,,,,,,,,,,,,,,,,,,,,,,,,,,,,
italy,Serie A,2025,Nicolás González,27.0,F,Argentina,180.0,72.0,2,0,24.0,0.0,0.0,0.0,0.0,0,0,0,0.0,0,0.0,3.75,0.0,0.0,0.0,0.0,0.0,18.75,3.75,0.0,0.0,0.0,0.0,18.75,18.75,0.0,0.0,0.0,11.25,0.0,0.0,0.0,0.0,1.0,0.0,100.0,,6.599999999999999
italy,Serie A,2025,Nicolás Valentini,24.0,D,Argentina,184.0,79.0,21,15,1406.0,0.0,0.0,0.0,0.0,0,0,8,0.0,1,0.06401137980085349,1.0241820768136558,0.4480796586059744,0.0,0.0,0.0,0.0,32.83783783783784,0.25604551920341395,1.9843527738264581,0.8961593172119487,0.9601706970128022,2.9445234708392602,10.68990042674253,6.081081081081082,0.38406827880512096,0.3200568990042674,0.7681365576102419,0.4480796586059744,1.9203413940256044,0.5120910384068279,0.0,0.06401137980085349,24.951267056530213,43.75,56.886227544910184,83.33333333333334,6.655516014234875
italy,Serie A,2025,Nicolò Barella,28.0,M,Italy,175.0,68.0,34,31,2533.0,3.0,8.0,0.0,0.0,0,0,7,0.0,0,0.1421239636794315,0.8172127911567311,0.17765495459928937,0.10659297275957363,0.284247927358863,0.39084090011843664,0.10659297275957363,62.570075009869726,2.5582313462297672,1.8831425187524675,0.10659297275957363,0.3197789182787209,2.2029214370311885,8.20765890248717,4.0150019739439395,1.7765495459928937,0.8882747729964469,0.8527437820765891,0.7816818002368733,1.17252270035531,0.2487169364390051,0.0,0.0,52.25894378194208,21.73913043478261,48.917748917748916,50.0,7.275404658507698
italy,Serie A,2025,Nicolò Bertola,22.0,D,Italy,185.0,79.0,28,18,1780.0,0.0,1.0,0.0,0.0,0,0,3,0.0,0,0.050561797752808994,0.5056179775280899,0.20224719101123598,0.0,0.050561797752808994,0.050561797752808994,0.0,41.30898876404494,0.5561797752808989,1.8707865168539328,0.7078651685393259,1.1629213483146066,3.033707865168539,8.089887640449438,4.5,0.8089887640449439,0.25280898876404495,0.7078651685393259,0.6067415730337079,1.0112359550561798,0.15168539325842698,0.0,0.0,31.22766217870257,40.0,55.625,31.25,6.660112359550562
italy,Serie A,2025,Nicolò Cambiaghi,25.0,F,Italy,173.0,66.0,28,17,1530.0,3.0,4.0,0.0,0.0,0,0,3,0.0,1,0.29411764705882354,0.9411764705882353,0.3529411764705882,0.1764705882352941,0.23529411764705882,0.411764705882353,0.1764705882352941,23.35294117647059,1.0588235294117647,1.7647058823529411,0.0,0.47058823529411764,2.235294117647059,12.941176470588234,7.117647058823529,1.9411764705882353,0.8823529411764706,1.1764705882352942,4.176470588235294,1.8823529411764706,0.1764705882352941,0.0,0.058823529411764705,15.438287153652393,37.5,55.00000000000001,45.45454545454545,6.996470588235295
italy,Serie A,2025,Nicolò Casale,27.0,D,Italy,191.0,84.0,12,8,684.0,0.0,0.0,0.0,0.0,0,0,0,0.0,0,0.0,0.5263157894736842,0.0,0.0,0.0,0.0,0.0,46.973684210526315,0.5263157894736842,0.9210526315789473,0.6578947368421052,0.9210526315789473,1.8421052631578947,10.394736842105262,5.657894736842105,0.0,0.0,0.39473684210526316,0.6578947368421052,1.9736842105263157,0.0,0.0,0.0,38.144067796610166,0.0,54.43037974683544,,6.745029239766082
italy,Serie A,2025,Nicolò Cavuoti,22.0,M,Italy,177.0,,4,0,52.0,0.0,0.0,0.0,0.0,0,0,0,0.0,0,0.0,0.0,0.0,0.0,0.0,0.0,0.0,24.23076923076923,0.0,0.0,0.0,0.0,0.0,17.30769230769231,5.1923076923076925,3.4615384615384617,1.7307692307692308,1.7307692307692308,1.7307692307692308,1.7307692307692308,0.0,0.0,0.0,3.7857142857142856,,30.0,50.0,6.642307692307692
italy,Serie A,2025,Nicolò Fagioli,24.0,M,Italy,178.0,71.0,33,30,2564.0,2.0,3.0,0.0,0.0,0,0,5,0.0,0,0.0,0.702028081123245,0.24570982839313574,0.07020280811232449,0.10530421216848675,0.17550702028081125,0.07020280811232449,58.68954758190327,2.1762870514820594,1.6146645865834635,0.3510140405616225,0.5616224648985959,2.1762870514820594,7.160686427457098,3.8962558502340094,1.0881435257410297,0.6669266770670828,0.8775351014040562,1.579563182527301,0.8073322932917317,0.17550702028081125,0.0,0.0,51.502990430622006,35.0,54.41176470588235,61.29032258064516,7.3293291731669274
italy,Serie A,2025,Nicolò Rovella,24.0,M,Italy,179.0,66.0,11,6,512.0,0.0,1.0,0.0,0.0,0,0,1,0.0,1,0.0,0.17578125,0.0,0.0,0.17578125,0.17578125,0.0,86.484375,2.28515625,1.93359375,0.17578125,1.58203125,3.515625,8.96484375,5.625,1.58203125,1.0546875,0.87890625,2.109375,1.23046875,0.17578125,0.0,0.17578125,57.72764227642276,0.0,62.745098039215684,66.66666666666666,7.2642578125
italy,Serie A,2025,Nicolò Zaniolo,26.0,F,Italy,190.0,79.0,32,28,2269.0,5.0,6.0,0.0,0.0,0,0,8,0.0,0,0.2379903040987219,1.864257382106655,0.872631115028647,0.1983252534156016,0.2379903040987219,0.4363155575143235,0.1983252534156016,22.96606434552666,2.1022476862053767,1.110621419127369,0.0,0.15866020273248127,1.2692816218598502,14.874394006170117,5.553107095636844,3.72851476421331,1.3089466725429704,0.7933010136624064,2.4195680916703393,2.4592331423534595,0.31732040546496254,0.0,0.0,16.64594127806563,46.808510638297875,37.333333333333336,35.1063829787234,6.849029982363316
italy,Serie A,2025,Niels Nkounkou,25.0,D,France,184.0,75.0,11,3,361.0,0.0,1.0,0.0,0.0,0,0,3,0.0,0,0.0,0.7479224376731303,0.24930747922437674,0.0,0.24930747922437674,0.24930747922437674,0.0,29.168975069252078,1.4958448753462605,3.988919667590028,0.24930747922437674,1.994459833795014,5.983379501385042,13.213296398891968,7.229916897506925,2.991689750692521,1.994459833795014,0.997229916897507,0.7479224376731303,0.997229916897507,0.7479224376731303,0.0,0.0,12.52991452991453,33.33333333333333,54.71698113207547,66.66666666666666,6.895277777777778
italy,Serie A,2025,Nikita Contini,29.0,G,Italy,190.0,82.0,1,0,10.0,0.0,0.0,0.0,0.0,0,0,0,0.0,0,0.0,0.0,0.0,0.0,0.0,0.0,0.0,27.0,0.0,0.0,0.0,0.0,0.0,0.0,0.0,0.0,0.0,0.0,0.0,0.0,0.0,0.0,0.0,2.0,,,,6.7
italy,Serie A,2025,Niko Kovač,20.0,M,Bosnia and Herzegovina,185.0,,0,0,0.0,0.0,0.0,0.0,0.0,0,0,0,0.0,0,,,,,,,,,,,,,,,,,,,,,,,,,,,,
italy,Serie A,2025,Nikola Krstović,25.0,F,Montenegro,185.0,83.0,33,18,1786.0,10.0,5.0,0.0,0.0,0,0,4,0.0,0,1.360582306830907,3.77939529675252,1.7133258678611423,0.503919372900336,0.251959686450168,0.7558790593505039,0.503919372900336,25.24636058230683,1.0582306830907053,0.7558790593505039,0.15117581187010076,0.15117581187010076,0.9070548712206047,13.404255319148936,5.89585666293393,1.9652855543113101,0.8566629339305711,0.20156774916013437,1.360582306830907,2.2676371780515114,0.20156774916013437,0.0,0.0,15.04191616766467,45.33333333333333,43.984962406015036,43.58974358974359,6.731187010078387
italy,Serie A,2025,Nikola Moro,27.0,M,Croatia,183.0,77.0,30,19,1797.0,1.0,0.0,0.0,0.0,0,0,1,0.0,0,0.05008347245409015,0.8514190317195325,0.1001669449081803,0.05008347245409015,0.0,0.05008347245409015,0.05008347245409015,67.01168614357262,1.3021702838063438,1.6026711185308848,0.35058430717863104,0.8514190317195325,2.4540901502504173,7.161936560934891,4.006677796327212,0.9515859766277129,0.6510851419031719,0.6510851419031719,0.8514190317195325,0.9015025041736227,0.05008347245409015,0.0,0.0,49.00822122571002,11.76470588235294,55.94405594405595,68.42105263157895,7.264774624373956
italy,Serie A,2025,Nikola Vlašić,28.0,F,Croatia,179.0,79.0,37,36,3053.0,8.0,3.0,0.0,0.0,5,0,7,0.0,0,0.11791680314444808,1.0612512283000326,0.5011464133639043,0.23583360628889616,0.08843760235833606,0.32427120864723225,0.08843760235833606,34.04847690795938,1.5918768424500493,1.9751064526695055,0.11791680314444808,0.6190632165083524,2.594169669177858,10.022928267278086,4.775630527350147,1.6213560432361611,0.8254176220111366,0.8548968227972485,1.326564035375041,1.297084834588929,0.20635440550278414,0.0,0.0,28.813852813852815,47.22222222222222,47.647058823529406,50.90909090909091,6.954995086799869
italy,Serie A,2025,Nikola Čavlina,23.0,G,Croatia,,,0,0,0.0,0.0,0.0,0.0,0.0,0,0,0,0.0,0,,,,,,,,,,,,,,,,,,,,,,,,,,,,
italy,Serie A,2025,Nikola Štulić,24.0,F,Serbia,188.0,80.0,34,20,1725.0,4.0,0.0,0.0,0.0,1,0,1,0.0,0,0.4695652173913044,1.0956521739130434,0.4695652173913044,0.20869565217391303,0.0,0.20869565217391303,0.1565217391304348,16.382608695652173,1.0434782608695652,0.6260869565217392,0.20869565217391303,0.10434782608695652,0.7304347826086957,12.313043478260868,4.643478260869565,0.4695652173913044,0.20869565217391303,0.1565217391304348,1.3565217391304347,1.9304347826086958,0.05217391304347826,0.0,0.0,8.019108280254777,42.857142857142854,37.71186440677966,44.44444444444444,6.426376811594203
italy,Serie A,2025,Nils Zätterström,20.0,D,Sweden,186.0,,3,2,181.0,0.0,0.0,0.0,0.0,0,0,0,0.0,0,0.0,0.0,0.0,0.0,0.0,0.0,0.0,57.182320441988956,0.0,0.9944751381215469,0.0,0.9944751381215469,1.9889502762430937,5.469613259668508,1.4917127071823204,0.9944751381215469,0.49723756906077343,0.0,0.0,1.4917127071823204,0.0,0.0,0.0,51.81739130434783,,27.27272727272727,50.0,6.45
italy,Serie A,2025,Noa Lang,26.0,F,Netherlands,173.0,70.0,18,7,668.0,1.0,2.0,0.0,0.0,0,0,2,0.0,0,0.2694610778443114,0.8083832335329341,0.5389221556886228,0.1347305389221557,0.2694610778443114,0.40419161676646703,0.1347305389221557,36.24251497005988,2.0209580838323356,1.6167664670658681,0.0,0.2694610778443114,1.8862275449101795,9.431137724550897,4.985029940119761,2.694610778443114,1.0778443113772456,0.2694610778443114,1.4820359281437128,0.6736526946107785,0.2694610778443114,0.0,0.0,15.71375464684015,66.66666666666666,52.85714285714286,40.0,7.240718562874251
italy,Serie A,2025,Noel Törnqvist,23.0,G,Sweden,195.0,82.0,0,0,0.0,0.0,0.0,0.0,0.0,0,0,0,0.0,0,,,,,,,,,,,,,,,,,,,,,,,,,,,,
italy,Serie A,2025,Nouroudine Faye,18.0,F,,,,0,0,0.0,0.0,0.0,0.0,0.0,0,0,0,0.0,0,,,,,,,,,,,,,,,,,,,,,,,,,,,,
italy,Serie A,2025,Nuno Tavares,25.0,D,Portugal,183.0,75.0,23,17,1493.0,0.0,0.0,0.0,0.0,0,0,5,0.0,0,0.3616878767582049,0.6028131279303416,0.060281312793034156,0.0,0.0,0.0,0.0,53.95177494976558,1.2659075686537173,1.8084393837910249,0.060281312793034156,1.0850636302746148,2.8935030140656393,9.28332217012726,5.184192900200937,2.3509711989283324,1.3864701942397857,0.7836570663094441,1.3261888814467515,1.2056262558606832,0.3014065639651708,0.0,0.0,42.35530726256983,10.0,55.84415584415584,58.97435897435898,6.933288680509042
italy,Serie A,2025,Nícolas,37.0,G,Brazil,190.0,85.0,6,6,540.0,0.0,0.0,0.0,0.0,0,0,0,0.0,0,0.0,0.0,0.0,0.0,0.0,0.0,0.0,31.833333333333332,0.0,0.0,0.0,0.0,0.0,1.5,1.1666666666666667,0.16666666666666669,0.16666666666666669,0.33333333333333337,0.5,0.0,0.0,0.0,0.0,22.130890052356023,,77.77777777777779,100.0,6.516666666666667
italy,Serie A,2025,Odilon Kossounou,24.0,D,Côte d'Ivoire,191.0,79.0,19,10,994.0,1.0,0.0,0.0,1.0,0,0,1,0.0,0,0.09054325955734407,0.2716297786720322,0.09054325955734407,0.09054325955734407,0.0,0.09054325955734407,0.09054325955734407,56.95171026156942,0.3621730382293763,1.539235412474849,0.6338028169014085,0.8148893360160966,2.3541247484909458,7.877263581488934,3.3501006036217307,0.9959758551307847,0.45271629778672035,0.3621730382293763,0.2716297786720322,1.4486921529175052,0.09054325955734407,0.0,0.0,41.80127186009539,33.33333333333333,42.5287356321839,45.45454545454545,6.679233870967742
italy,Serie A,2025,Oier Zarraga,26.0,M,Spain,175.0,76.0,24,2,497.0,0.0,0.0,0.0,0.0,0,0,2,0.0,0,0.0,0.3621730382293763,0.18108651911468815,0.0,0.0,0.0,0.0,28.611670020120723,0.3621730382293763,1.0865191146881288,0.5432595573440644,1.0865191146881288,2.1730382293762576,9.778672032193159,3.6217303822937628,0.5432595573440644,0.18108651911468815,2.7162977867203217,0.9054325955734407,1.4486921529175052,0.3621730382293763,0.0,0.0,17.273885350318473,50.0,37.03703703703704,33.33333333333333,6.57979797979798
italy,Serie A,2025,Olaf Gorter,20.0,M,Netherlands,181.0,,2,0,27.0,0.0,0.0,0.0,0.0,0,0,0,0.0,0,0.0,0.0,0.0,0.0,0.0,0.0,0.0,63.333333333333336,0.0,3.333333333333333,0.0,0.0,3.333333333333333,6.666666666666666,3.333333333333333,0.0,0.0,0.0,0.0,3.333333333333333,0.0,0.0,0.0,16.157894736842106,,50.0,,6.700000000000001
italy,Serie A,2025,Oliver Christensen,26.0,G,Denmark,190.0,82.0,1,1,87.0,0.0,0.0,0.0,0.0,0,0,0,0.0,0,0.0,0.0,0.0,0.0,0.0,0.0,0.0,42.41379310344827,0.0,0.0,0.0,0.0,0.0,1.0344827586206897,1.0344827586206897,0.0,0.0,0.0,1.0344827586206897,0.0,0.0,0.0,0.0,30.0,,100.0,,8.7
italy,Serie A,2025,Oliver Provstgaard,22.0,D,Denmark,194.0,70.0,26,13,1544.0,0.0,0.0,0.0,0.0,0,0,3,0.0,0,0.0,0.34974093264248707,0.11658031088082901,0.0,0.0,0.0,0.0,67.20854922279793,0.23316062176165803,0.6994818652849741,0.7577720207253886,0.8743523316062176,1.5738341968911918,6.936528497409326,3.6722797927461137,0.17487046632124353,0.05829015544041451,0.34974093264248707,0.5246113989637305,0.816062176165803,0.17487046632124353,0.0,0.0,63.40711805555556,33.33333333333333,52.94117647058824,33.33333333333333,6.968458549222797
italy,Serie A,2025,Oliver Sørensen,23.0,M,Denmark,184.0,78.0,34,19,1835.0,1.0,1.0,0.0,0.0,0,0,1,0.0,0,0.09809264305177112,0.49046321525885556,0.14713896457765668,0.04904632152588556,0.04904632152588556,0.09809264305177112,0.04904632152588556,25.209809264305175,0.49046321525885556,0.8828337874659401,0.09809264305177112,0.8337874659400545,1.7166212534059946,6.96457765667575,2.795640326975477,1.1280653950953679,0.34332425068119893,0.7356948228882834,0.9809264305177111,0.6376021798365122,0.04904632152588556,0.0,0.0,18.926070038910506,30.0,40.140845070422536,30.434782608695656,6.504362050163577
italy,Serie A,2025,Omri Gandelman,25.0,M,Israel,188.0,84.0,19,10,978.0,2.0,1.0,0.0,0.0,0,0,0,0.0,0,0.09202453987730062,0.6441717791411044,0.27607361963190186,0.18404907975460125,0.09202453987730062,0.27607361963190186,0.18404907975460125,22.36196319018405,0.6441717791411044,0.8282208588957056,0.09202453987730062,0.3680981595092025,1.196319018404908,16.932515337423315,6.349693251533742,1.0122699386503067,0.18404907975460125,0.4601226993865031,0.27607361963190186,1.196319018404908,0.0,0.0,0.0,11.390041493775934,42.857142857142854,37.5,18.181818181818183,6.525486182190378
italy,Serie A,2025,Othniël Raterink,19.0,D,Netherlands,189.0,85.0,1,0,12.0,0.0,0.0,0.0,0.0,0,0,0,0.0,0,0.0,0.0,0.0,0.0,0.0,0.0,0.0,45.0,0.0,0.0,0.0,0.0,0.0,0.0,0.0,0.0,0.0,0.0,0.0,0.0,0.0,0.0,0.0,5.0,,,,6.7
italy,Serie A,2025,Oumar Ngom,21.0,M,France,184.0,75.0,15,10,847.0,0.0,0.0,0.0,0.0,0,0,1,0.0,0,0.0,0.21251475796930341,0.21251475796930341,0.0,0.0,0.0,0.0,27.839433293978747,0.42502951593860683,2.4439197166469895,0.21251475796930341,1.3813459268004722,3.825265643447462,10.413223140495868,4.887839433293979,1.168831168831169,0.6375442739079102,1.168831168831169,0.6375442739079102,1.5938606847697758,0.10625737898465171,0.0,0.0,18.931297709923665,100.0,46.93877551020408,54.54545454545454,6.64952718676123
italy,Serie A,2025,Oumar Solet,25.0,D,France,192.0,88.0,35,34,2961.0,3.0,1.0,0.0,0.0,1,0,1,0.0,0,0.060790273556231005,0.7598784194528876,0.18237082066869303,0.09118541033434652,0.030395136778115502,0.12158054711246201,0.060790273556231005,63.06990881458966,0.6990881458966566,2.2796352583586623,0.5775075987841946,1.4589665653495443,3.738601823708207,9.848024316109422,5.866261398176292,1.762917933130699,1.2462006079027355,0.668693009118541,0.8814589665653495,0.9118541033434651,0.030395136778115502,0.0,0.0,58.716144578313255,24.0,59.5679012345679,70.6896551724138,7.232083755488011
italy,Serie A,2025,Pablo Marí,32.0,D,Spain,193.0,87.0,11,9,809.0,0.0,0.0,0.0,0.0,0,0,3,0.0,0,0.0,0.22249690976514214,0.0,0.0,0.0,0.0,0.0,50.61804697156984,0.22249690976514214,1.334981458590853,0.7787391841779975,2.4474660074165637,3.782447466007417,8.34363411619283,4.227441285537701,0.11124845488257107,0.0,0.33374536464771326,0.8899876390605685,1.8912237330037085,0.33374536464771326,0.0,0.0,49.44615384615385,0.0,50.66666666666667,0.0,6.624009900990099
italy,Serie A,2025,Pasquale Mazzocchi,30.0,D,Italy,183.0,78.0,16,2,316.0,0.0,1.0,0.0,0.0,0,0,0,0.0,1,0.2848101265822785,0.569620253164557,0.2848101265822785,0.0,0.2848101265822785,0.2848101265822785,0.0,48.13291139240506,1.139240506329114,0.569620253164557,0.0,0.8544303797468354,1.4240506329113924,7.40506329113924,3.4177215189873418,2.5632911392405062,1.139240506329114,0.2848101265822785,0.0,0.2848101265822785,0.0,0.0,0.2848101265822785,19.7396449704142,50.0,46.15384615384615,44.44444444444444,6.6483974358974365
italy,Serie A,2025,Patric,32.0,D,Spain,184.0,72.0,14,6,682.0,0.0,0.0,0.0,0.0,0,0,2,0.0,0,0.0,0.26392961876832843,0.0,0.0,0.0,0.0,0.0,75.35190615835778,0.26392961876832843,0.26392961876832843,0.7917888563049854,0.5278592375366569,0.7917888563049854,3.9589442815249267,2.2434017595307916,0.26392961876832843,0.26392961876832843,0.3958944281524927,0.26392961876832843,0.5278592375366569,0.26392961876832843,0.0,0.0,59.58318739054291,0.0,56.666666666666664,100.0,6.912903225806452
italy,Serie A,2025,Patrick Cutrone,27.0,F,Italy,183.0,75.0,15,11,891.0,1.0,0.0,0.0,0.0,0,0,0,0.0,0,0.8080808080808082,1.7171717171717171,0.7070707070707072,0.10101010101010102,0.0,0.10101010101010102,0.10101010101010102,17.676767676767675,0.30303030303030304,0.6060606060606061,0.20202020202020204,0.30303030303030304,0.9090909090909092,7.97979797979798,3.5353535353535355,1.2121212121212122,0.4040404040404041,0.4040404040404041,1.6161616161616164,0.7070707070707072,0.0,0.0,0.0,9.777142857142858,41.17647058823529,44.303797468354425,33.33333333333333,6.438159371492705
italy,Serie A,2025,Patrizio Masini,24.0,M,Italy,182.0,72.0,28,13,1431.0,0.0,1.0,0.0,0.0,0,0,5,0.0,0,0.0,0.7547169811320755,0.31446540880503143,0.0,0.06289308176100629,0.06289308176100629,0.0,35.53459119496855,0.5660377358490566,4.276729559748428,0.5031446540880503,1.5723270440251573,5.849056603773584,15.911949685534593,8.867924528301886,0.5660377358490566,0.12578616352201258,0.7547169811320755,2.830188679245283,2.452830188679245,0.31446540880503143,0.0,0.0,27.73049645390071,41.66666666666667,55.73122529644269,22.22222222222222,6.9151642208245985
italy,Serie A,2025,Paul Mendy,19.0,F,,,,9,3,338.0,2.0,0.0,0.0,0.0,0,0,1,0.0,0,0.5325443786982248,3.195266272189349,0.7988165680473372,0.5325443786982248,0.0,0.5325443786982248,0.5325443786982248,19.70414201183432,1.5976331360946745,0.0,0.2662721893491124,0.2662721893491124,0.2662721893491124,20.502958579881657,6.390532544378698,1.331360946745562,0.5325443786982248,0.2662721893491124,1.0650887573964496,3.195266272189349,0.2662721893491124,0.0,0.0,8.222222222222221,25.0,31.16883116883117,40.0,6.453254437869822
italy,Serie A,2025,Paulo Dybala,32.0,F,Argentina,177.0,75.0,22,15,1355.0,2.0,6.0,0.0,0.0,0,1,0,0.0,0,0.1992619926199262,1.92619926199262,1.1955719557195572,0.13284132841328414,0.3985239852398524,0.5313653136531366,0.13284132841328414,45.365313653136525,3.6531365313653135,0.6642066420664207,0.06642066420664207,0.2656826568265683,0.929889298892989,11.29151291512915,5.180811808118081,3.586715867158672,1.2619926199261993,0.5313653136531366,2.6568265682656826,0.7306273062730627,0.0,0.0,0.0,35.16398243045388,62.06896551724138,45.88235294117647,35.18518518518518,7.066715867158671
italy,Serie A,2025,Pedro,38.0,F,Spain,169.0,65.0,29,9,993.0,5.0,2.0,0.0,0.0,2,0,4,0.0,0,0.0,1.6314199395770395,0.9969788519637462,0.45317220543806647,0.18126888217522658,0.6344410876132931,0.2719033232628399,43.685800604229605,1.8126888217522659,0.9969788519637462,0.0,0.36253776435045315,1.3595166163141994,8.791540785498489,4.531722054380665,2.2658610271903323,1.178247734138973,0.9969788519637462,2.356495468277946,0.9063444108761329,0.36253776435045315,0.0,0.0,21.697286012526096,61.111111111111114,51.546391752577314,52.0,6.872205438066466
italy,Serie A,2025,Pedro Felipe,21.0,D,Brazil,189.0,84.0,3,1,127.0,0.0,1.0,0.0,0.0,0,0,0,0.0,0,0.0,0.0,0.0,0.0,0.7086614173228346,0.7086614173228346,0.0,68.03149606299212,0.7086614173228346,1.4173228346456692,0.7086614173228346,1.4173228346456692,2.8346456692913384,9.921259842519685,4.960629921259843,0.7086614173228346,0.7086614173228346,1.4173228346456692,0.7086614173228346,1.4173228346456692,0.0,0.0,0.0,60.989583333333336,,50.0,100.0,6.728571428571429
italy,Serie A,2025,Pervis Estupiñán,27.0,D,Ecuador,175.0,73.0,19,13,1046.0,1.0,1.0,0.0,1.0,0,0,5,0.0,1,0.43021032504780116,0.7743785850860421,0.08604206500956023,0.08604206500956023,0.08604206500956023,0.17208413001912046,0.08604206500956023,45.34416826003824,1.118546845124283,1.2906309751434033,0.0,0.9464627151051626,2.237093690248566,6.625239005736137,2.839388145315487,0.6022944550669217,0.17208413001912046,1.0325047801147227,0.6883365200764818,1.3766730401529637,0.43021032504780116,0.0,0.08604206500956023,34.49525616698292,11.11111111111111,42.857142857142854,28.57142857142857,6.755459770114943
italy,Serie A,2025,Petar Markovic,19.0,D,,,,0,0,0.0,0.0,0.0,0.0,0.0,0,0,0,0.0,0,,,,,,,,,,,,,,,,,,,,,,,,,,,,
italy,Serie A,2025,Petar Ratkov,22.0,F,Serbia,193.0,76.0,8,2,228.0,0.0,0.0,0.0,0.0,0,0,0,0.0,0,0.0,1.5789473684210527,0.39473684210526316,0.0,0.0,0.0,0.0,17.763157894736842,0.39473684210526316,1.1842105263157894,0.0,0.39473684210526316,1.5789473684210527,7.894736842105263,5.13157894736842,0.39473684210526316,0.0,0.0,1.1842105263157894,0.0,0.0,0.0,0.0,4.795454545454546,25.0,65.0,0.0,6.51359649122807
italy,Serie A,2025,Petar Sučić,22.0,M,Bosnia and Herzegovina,183.0,76.0,34,21,1783.0,2.0,2.0,0.0,0.0,0,0,5,0.0,0,0.0,0.807627593942793,0.30286034772854736,0.10095344924284913,0.10095344924284913,0.20190689848569826,0.10095344924284913,57.19012899607404,1.4638250140213125,2.3219293325855297,0.050476724621424565,0.45429052159282113,2.7762198541783514,10.145821648906338,4.9467190128996075,1.7666853617498597,0.7571508693213684,1.1104879416713405,1.261918115535614,1.5143017386427369,0.2523836231071228,0.0,0.0,46.32243816254417,37.5,48.756218905472636,42.857142857142854,7.041886580572712
italy,Serie A,2025,Peter Amoran,21.0,D,Sweden,189.0,,0,0,0.0,0.0,0.0,0.0,0.0,0,0,0,0.0,0,,,,,,,,,,,,,,,,,,,,,,,,,,,,
italy,Serie A,2025,Piergiorgio Bonanno,18.0,M,,,,0,0,0.0,0.0,0.0,0.0,0.0,0,0,0,0.0,0,,,,,,,,,,,,,,,,,,,,,,,,,,,,
italy,Serie A,2025,Pierluigi Gollini,30.0,G,Italy,194.0,94.0,0,0,0.0,0.0,0.0,0.0,0.0,0,0,0,0.0,0,,,,,,,,,,,,,,,,,,,,,,,,,,,,
italy,Serie A,2025,Pierre Kalulu,25.0,D,France,179.0,69.0,37,37,3282.0,2.0,4.0,0.0,0.0,0,0,4,0.0,1,0.0,0.24680073126142596,0.1096892138939671,0.05484460694698355,0.1096892138939671,0.16453382084095064,0.05484460694698355,60.24680073126142,1.1791590493601463,1.70018281535649,0.2193784277879342,0.6581352833638026,2.3583180987202925,6.115173674588665,3.263254113345521,0.603290676416819,0.19195612431444242,0.24680073126142596,0.4387568555758684,0.9323583180987203,0.1096892138939671,0.0,0.027422303473491776,56.228038233955395,44.44444444444444,53.36322869955157,31.818181818181817,6.953382084095064
italy,Serie A,2025,Pietro Comi,20.0,D,Italy,180.0,70.0,0,0,0.0,0.0,0.0,0.0,0.0,0,0,0,0.0,0,,,,,,,,,,,,,,,,,,,,,,,,,,,,
italy,Serie A,2025,Pietro Comuzzo,20.0,D,Italy,185.0,75.0,27,18,1700.0,1.0,0.0,0.0,2.0,0,0,2,0.0,0,0.0,0.4764705882352941,0.10588235294117646,0.05294117647058823,0.0,0.05294117647058823,0.05294117647058823,52.51764705882353,0.15882352941176472,1.6941176470588233,0.7411764705882353,1.2705882352941178,2.9647058823529413,7.252941176470587,3.652941176470588,0.10588235294117646,0.05294117647058823,0.5823529411764706,0.2117647058823529,1.2705882352941178,0.10588235294117646,0.0,0.0,50.452620967741936,22.22222222222222,50.36496350364964,50.0,6.623660977045321
italy,Serie A,2025,Pietro Leonardelli,19.0,G,Italy,182.0,74.0,0,0,0.0,0.0,0.0,0.0,0.0,0,0,0,0.0,0,,,,,,,,,,,,,,,,,,,,,,,,,,,,
italy,Serie A,2025,Pietro Pinelli,19.0,M,Italy,,,0,0,0.0,0.0,0.0,0.0,0.0,0,0,0,0.0,0,,,,,,,,,,,,,,,,,,,,,,,,,,,,
italy,Serie A,2025,Pietro Terracciano,35.0,G,Italy,193.0,85.0,2,1,124.0,0.0,0.0,0.0,0.0,0,0,0,0.0,0,0.0,0.0,0.0,0.0,0.0,0.0,0.0,22.5,0.0,0.0,0.0,0.0,0.0,0.0,0.0,0.0,0.0,0.0,0.0,0.0,0.0,0.0,0.0,18.612903225806452,,,,7.253225806451613
italy,Serie A,2025,Piotr Pardel,20.0,G,Poland,,,0,0,0.0,0.0,0.0,0.0,0.0,0,0,0,0.0,0,,,,,,,,,,,,,,,,,,,,,,,,,,,,
italy,Serie A,2025,Piotr Zieliński,31.0,M,Poland,180.0,76.0,34,22,2055.0,6.0,3.0,0.0,0.0,1,0,3,0.0,0,0.0,0.7445255474452555,0.43795620437956206,0.2627737226277372,0.1313868613138686,0.39416058394160586,0.21897810218978103,65.51824817518248,1.27007299270073,1.3576642335766422,0.1313868613138686,0.21897810218978103,1.5766423357664234,5.781021897810219,3.4160583941605838,1.1824817518248176,0.7883211678832117,0.5255474452554744,0.7883211678832117,0.7883211678832117,0.1313868613138686,0.0,0.0,57.66510695187166,58.82352941176471,59.09090909090909,66.66666666666666,7.202287104622871
italy,Serie A,2025,Plamen Penev,17.0,G,Bulgaria,,,0,0,0.0,0.0,0.0,0.0,0.0,0,0,0,0.0,0,,,,,,,,,,,,,,,,,,,,,,,,,,,,
italy,Serie A,2025,Pol Lirola,28.0,D,Spain,183.0,70.0,6,3,313.0,0.0,0.0,0.0,0.0,0,0,1,0.0,0,0.0,0.0,0.0,0.0,0.0,0.0,0.0,32.49201277955272,0.2875399361022364,1.4376996805111821,0.2875399361022364,1.1501597444089455,2.587859424920128,6.325878594249201,2.300319488817891,1.1501597444089455,0.2875399361022364,0.5750798722044728,0.0,0.8626198083067093,0.2875399361022364,0.0,0.0,15.132743362831858,,36.36363636363637,25.0,6.366773162939297
italy,Serie A,2025,Pontus Almqvist,26.0,F,Sweden,183.0,67.0,13,4,452.0,0.0,1.0,0.0,0.0,0,0,0,0.0,0,0.19911504424778761,0.5973451327433629,0.39823008849557523,0.0,0.19911504424778761,0.19911504424778761,0.0,21.106194690265486,1.7920353982300885,1.7920353982300885,0.0,1.1946902654867257,2.9867256637168142,14.535398230088497,6.9690265486725655,3.185840707964602,1.1946902654867257,0.995575221238938,2.7876106194690267,1.1946902654867257,0.0,0.0,0.0,8.632075471698114,66.66666666666666,47.94520547945205,37.5,6.6803097345132745
italy,Serie A,2025,Radosław Żelezny,19.0,G,Poland,191.0,,0,0,0.0,0.0,0.0,0.0,0.0,0,0,0,0.0,0,,,,,,,,,,,,,,,,,,,,,,,,,,,,
italy,Serie A,2025,Rafael Leão,26.0,F,Portugal,188.0,81.0,29,23,1859.0,9.0,3.0,0.0,0.0,2,0,5,0.0,0,0.43571812802582033,2.178590640129102,1.1619150080688543,0.43571812802582033,0.14523937600860679,0.5809575040344271,0.3388918773534158,28.176438945669716,1.113501882732652,0.29047875201721357,0.0,0.24206562668101128,0.5325443786982248,9.682625067240451,4.550833781603012,2.7111350188273264,1.2587412587412588,0.3388918773534158,1.6460462614308766,0.9198493813878429,0.24206562668101128,0.0,0.0,22.012027491408936,53.333333333333336,47.0,46.42857142857143,7.055352339967724
italy,Serie A,2025,Rafael Obrador,21.0,M,Spain,181.0,72.0,16,14,1123.0,1.0,3.0,0.0,0.0,0,0,1,0.0,0,0.08014247551202137,0.40071237756010686,0.16028495102404275,0.08014247551202137,0.2404274265360641,0.3205699020480855,0.08014247551202137,28.771148708815673,1.0418521816562778,1.8432769367764914,0.08014247551202137,0.8815672306322351,2.7248441674087265,7.373107747105966,3.1255565449688336,2.2439893143365985,0.7212822796081922,0.8014247551202137,0.40071237756010686,0.5609973285841496,0.08014247551202137,0.0,0.0,21.598885793871865,40.0,42.391304347826086,32.142857142857146,6.639447907390918
italy,Serie A,2025,Raffaele Di Gennaro,32.0,G,Italy,186.0,80.0,1,0,9.0,0.0,0.0,0.0,0.0,0,0,0,0.0,0,0.0,0.0,0.0,0.0,0.0,0.0,0.0,70.0,0.0,0.0,0.0,0.0,0.0,0.0,0.0,0.0,0.0,0.0,0.0,0.0,0.0,0.0,0.0,4.0,,,,6.2
italy,Serie A,2025,Raffaele Huli,17.0,G,,,,0,0,0.0,0.0,0.0,0.0,0.0,0,0,0,0.0,0,,,,,,,,,,,,,,,,,,,,,,,,,,,,
italy,Serie A,2025,Rafik Belghali,23.0,M,Algeria,186.0,73.0,26,22,1926.0,2.0,0.0,0.0,0.0,0,0,6,0.0,0,0.2803738317757009,0.6074766355140186,0.2803738317757009,0.09345794392523364,0.0,0.09345794392523364,0.09345794392523364,22.990654205607473,1.3084112149532712,0.9813084112149533,0.2803738317757009,0.8411214953271028,1.822429906542056,8.598130841121495,3.691588785046729,3.3177570093457946,1.822429906542056,0.5607476635514018,0.4672897196261683,0.9345794392523366,0.2803738317757009,0.0,0.0,18.071428571428573,46.15384615384615,42.934782608695656,54.929577464788736,6.766199376947041
italy,Serie A,2025,Rafiu Durosinmi,22.0,F,Nigeria,,,12,4,430.0,1.0,1.0,0.0,0.0,0,0,1,0.0,1,0.627906976744186,1.6744186046511627,1.0465116279069768,0.20930232558139533,0.20930232558139533,0.41860465116279066,0.20930232558139533,17.790697674418603,0.627906976744186,0.0,0.0,0.20930232558139533,0.20930232558139533,18.209302325581397,5.8604651162790695,1.4651162790697674,0.627906976744186,0.627906976744186,0.41860465116279066,3.13953488372093,0.20930232558139533,0.0,0.20930232558139533,6.376470588235295,62.5,32.18390804597701,42.857142857142854,6.371794871794871
italy,Serie A,2025,Raoul Bellanova,25.0,D,Italy,188.0,82.0,24,15,1387.0,0.0,1.0,0.0,0.0,0,0,2,0.0,0,0.12977649603460706,0.5191059841384282,0.32444124008651765,0.0,0.06488824801730353,0.06488824801730353,0.0,35.68853640951694,1.362653208363374,1.1679884643114635,0.1946647440519106,0.5839942321557318,1.7519826964671954,5.645277577505407,3.1146359048305694,0.8435472242249459,0.5839942321557318,0.4542177361211247,0.7786589762076424,0.32444124008651765,0.12977649603460706,0.0,0.0,26.603636363636365,62.5,55.172413793103445,69.23076923076923,6.691997116077865
italy,Serie A,2025,Rasmus Højlund,22.0,F,Denmark,191.0,86.0,33,32,2761.0,12.0,5.0,0.0,0.0,1,0,1,0.0,0,0.6519377037305324,1.4994567185802246,0.8149221296631656,0.39116262223831944,0.1629844259326331,0.5541470481709525,0.35856573705179284,16.526620789568998,1.0756972111553784,0.13038754074610648,0.06519377037305324,0.0,0.13038754074610648,10.072437522636726,3.618254255704455,1.108294096341905,0.39116262223831944,0.13038754074610648,1.727634914885911,1.206084751901485,0.03259688518652662,0.0,0.0,12.751479289940828,54.347826086956516,35.92233009708738,35.294117647058826,6.587359652299892
italy,Serie A,2025,Raúl Albiol,40.0,D,Spain,190.0,82.0,8,5,502.0,0.0,1.0,0.0,0.0,0,0,1,0.0,0,0.0,0.0,0.0,0.0,0.17928286852589642,0.17928286852589642,0.0,45.35856573705179,0.5378486055776892,1.254980079681275,1.0756972111553784,1.0756972111553784,2.3306772908366535,5.916334661354582,2.8685258964143427,0.0,0.0,0.35856573705179284,0.35856573705179284,1.0756972111553784,0.17928286852589642,0.0,0.0,42.33201581027668,,48.484848484848484,,6.668725099601593
italy,Serie A,2025,Reda Belahyane,21.0,M,France,169.0,53.0,13,5,612.0,0.0,2.0,0.0,0.0,0,0,1,0.0,1,0.0,0.4411764705882353,0.14705882352941177,0.0,0.29411764705882354,0.29411764705882354,0.0,41.3235294117647,0.8823529411764706,1.911764705882353,0.14705882352941177,0.4411764705882353,2.3529411764705883,8.970588235294118,3.823529411764706,3.088235294117647,1.0294117647058822,0.4411764705882353,0.4411764705882353,1.6176470588235292,0.14705882352941177,0.0,0.14705882352941177,34.73309608540925,33.33333333333333,42.62295081967213,33.33333333333333,6.642225859247136
italy,Serie A,2025,Relja Obrić,19.0,D,Slovenia,194.0,,0,0,0.0,0.0,0.0,0.0,0.0,0,0,0,0.0,0,,,,,,,,,,,,,,,,,,,,,,,,,,,,
italy,Serie A,2025,Remo Freuler,33.0,M,Switzerland,180.0,77.0,29,26,2217.0,1.0,2.0,0.0,0.0,0,0,5,0.0,0,0.04059539918809202,0.16238159675236807,0.04059539918809202,0.04059539918809202,0.08119079837618404,0.12178619756427606,0.04059539918809202,54.72259810554804,0.8930987821380243,2.232746955345061,0.20297699594046006,0.9336941813261164,3.1664411366711773,6.901217861975642,3.8971583220568338,0.28416779431664413,0.08119079837618404,0.7307171853856562,0.9742895805142084,0.7713125845737484,0.20297699594046006,0.0,0.0,49.28041543026706,25.0,56.470588235294116,28.57142857142857,6.955435272891295
italy,Serie A,2025,Rendijs Mihelsons,17.0,G,,,,0,0,0.0,0.0,0.0,0.0,0.0,0,0,0,0.0,0,,,,,,,,,,,,,,,,,,,,,,,,,,,,
italy,Serie A,2025,Riccardo Braschi,19.0,F,Italy,,,2,1,106.0,0.0,0.0,0.0,0.0,0,0,0,0.0,0,0.8490566037735848,2.547169811320755,0.0,0.0,0.0,0.0,0.0,15.283018867924527,0.0,1.6981132075471697,0.0,0.0,1.6981132075471697,13.584905660377357,5.09433962264151,2.547169811320755,1.6981132075471697,0.8490566037735848,0.0,0.0,0.0,0.0,0.0,6.055555555555555,0.0,37.5,66.66666666666666,6.327358490566038
italy,Serie A,2025,Riccardo Cassano,17.0,M,,,,0,0,0.0,0.0,0.0,0.0,0.0,0,0,0,0.0,0,,,,,,,,,,,,,,,,,,,,,,,,,,,,
italy,Serie A,2025,Riccardo Gnudi,17.0,G,,,,0,0,0.0,0.0,0.0,0.0,0.0,0,0,0,0.0,0,,,,,,,,,,,,,,,,,,,,,,,,,,,,
italy,Serie A,2025,Riccardo Orsolini,28.0,M,Italy,183.0,73.0,35,26,2131.0,10.0,1.0,0.0,0.0,4,2,2,0.0,0,0.7602064758329422,2.7874237447207886,1.3092444861567338,0.4223369310183013,0.04223369310183012,0.4645706241201314,0.25340215861098075,23.693101830126704,1.0980760206475833,0.8869075551384326,0.04223369310183012,0.337869544814641,1.2247770999530736,9.92491787893008,5.3214453308305965,2.8296574378226182,1.351478179258564,0.4223369310183013,1.8582824964805256,0.8869075551384326,0.08446738620366025,0.0,0.0,14.406417112299465,46.96969696969697,53.61702127659574,47.76119402985074,6.9238385734397
italy,Serie A,2025,Riccardo Radu,18.0,G,,,,0,0,0.0,0.0,0.0,0.0,0.0,0,0,0,0.0,0,,,,,,,,,,,,,,,,,,,,,,,,,,,,
italy,Serie A,2025,Riccardo Sottil,26.0,F,Italy,180.0,75.0,21,13,1072.0,1.0,2.0,0.0,0.0,0,0,1,0.0,0,0.33582089552238803,0.8395522388059701,0.251865671641791,0.08395522388059701,0.16791044776119401,0.251865671641791,0.08395522388059701,20.988805970149254,2.014925373134328,0.33582089552238803,0.0,0.16791044776119401,0.503731343283582,9.906716417910447,3.94589552238806,3.2742537313432836,1.0914179104477613,0.41977611940298504,2.2667910447761193,0.8395522388059701,0.08395522388059701,0.0,0.0,11.996,30.0,39.83050847457627,33.33333333333333,6.880130597014926
italy,Serie A,2025,Riyad Idrissi,20.0,D,Morocco,182.0,69.0,23,4,781.0,2.0,0.0,0.0,0.0,0,0,3,0.0,0,0.11523687580025607,0.6914212548015365,0.6914212548015365,0.23047375160051214,0.0,0.23047375160051214,0.23047375160051214,33.0729833546735,0.6914212548015365,2.4199743918053778,0.4609475032010243,0.9218950064020486,3.3418693982074266,8.988476312419975,4.148527528809219,1.6133162612035852,0.9218950064020486,1.4980793854033292,0.6914212548015365,1.0371318822023048,0.34571062740076824,0.0,0.0,17.836879432624112,100.0,46.15384615384615,57.14285714285714,6.60460947503201
italy,Serie A,2025,Roberto Gagliardini,31.0,M,Italy,190.0,77.0,29,25,2216.0,1.0,0.0,0.0,0.0,0,0,10,0.0,0,0.0,0.3655234657039711,0.12184115523465704,0.04061371841155235,0.0,0.04061371841155235,0.04061371841155235,47.314981949458485,0.6498194945848376,2.9648014440433217,0.5279783393501805,2.193140794223827,5.1579422382671485,11.574909747292418,6.863718411552346,0.40613718411552346,0.24368231046931407,0.9341155234657039,1.4214801444043321,1.8276173285198556,0.40613718411552346,0.0,0.0,38.927038626609445,33.33333333333333,59.29824561403508,60.0,6.991425992779783
italy,Serie A,2025,Roberto Malfitano,18.0,M,,,,0,0,0.0,0.0,0.0,0.0,0.0,0,0,0,0.0,0,,,,,,,,,,,,,,,,,,,,,,,,,,,,
italy,Serie A,2025,Roberto Piccoli,24.0,F,Italy,187.0,78.0,32,16,1698.0,4.0,1.0,0.0,0.0,0,0,1,0.0,0,0.7950530035335689,1.96113074204947,0.7950530035335689,0.21201413427561835,0.05300353356890459,0.26501766784452296,0.21201413427561835,12.084805653710248,0.7950530035335689,0.4240282685512367,0.0,0.21201413427561835,0.6360424028268551,13.886925795053003,5.830388692579506,1.0600706713780919,0.4770318021201414,0.05300353356890459,2.1201413427561837,1.802120141342756,0.05300353356890459,0.0,0.0,7.342105263157895,40.54054054054054,41.98473282442748,45.0,6.564958775029446
italy,Serie A,2025,Robin Gosens,31.0,D,Germany,183.0,76.0,26,24,1893.0,3.0,1.0,0.0,0.0,0,0,2,0.0,0,0.1901743264659271,0.618066561014263,0.33280507131537246,0.14263074484944532,0.04754358161648178,0.1901743264659271,0.14263074484944532,36.89381933438985,0.5705229793977813,1.473851030110935,0.28526148969889065,1.1885895404120443,2.6624405705229797,8.367670364500793,4.183835182250396,0.14263074484944532,0.0,0.5705229793977813,1.1885895404120443,1.1410459587955626,0.09508716323296355,0.0,0.0,28.46778350515464,53.84615384615385,50.0,0.0,6.887744321183307
italy,Serie A,2025,Robinio Vaz,18.0,F,France,185.0,75.0,12,0,221.0,1.0,0.0,0.0,0.0,0,0,0,0.0,0,1.2217194570135748,1.6289592760180998,0.8144796380090499,0.40723981900452494,0.0,0.40723981900452494,0.40723981900452494,14.25339366515837,0.0,0.0,0.0,0.8144796380090499,0.8144796380090499,15.882352941176471,6.923076923076923,0.8144796380090499,0.0,0.40723981900452494,4.886877828054299,0.8144796380090499,0.0,0.0,0.0,2.6875,50.0,43.58974358974359,0.0,6.633484162895928
italy,Serie A,2025,Rolando Mandragora,28.0,M,Italy,183.0,76.0,34,30,2438.0,7.0,3.0,1.0,0.0,1,0,7,0.0,0,0.0,1.587366694011485,0.6644790812141099,0.258408531583265,0.11074651353568499,0.36915504511895,0.22149302707136997,36.54634946677604,1.2920426579163249,1.6611977030352747,0.184577522559475,0.4799015586546349,2.14109926168991,8.71205906480722,5.2420016406890895,0.59064807219032,0.22149302707136997,0.5537325676784249,2.06726825266612,1.3658736669401148,0.258408531583265,0.0,0.0,26.926262626262627,41.86046511627907,60.16949152542372,37.5,6.990401968826907
italy,Serie A,2025,Romano Floriani Mussolini,22.0,D,Italy,188.0,72.0,28,12,1185.0,0.0,1.0,2.0,0.0,0,0,2,0.0,0,0.1518987341772152,0.3037974683544304,0.0759493670886076,0.0,0.0759493670886076,0.0759493670886076,0.0,23.392405063291136,0.6835443037974683,2.050632911392405,0.37974683544303794,0.37974683544303794,2.430379746835443,9.949367088607595,4.481012658227848,1.2151898734177216,0.45569620253164556,0.6075949367088608,0.37974683544303794,1.5949367088607596,0.1518987341772152,0.0,0.0,11.281045751633988,25.0,45.038167938931295,37.5,6.4714043993231805
italy,Serie A,2025,Romelu Lukaku,32.0,F,Belgium,191.0,93.0,5,0,50.0,1.0,0.0,0.0,0.0,0,0,1,0.0,0,0.0,3.6,1.8,1.8,0.0,1.8,1.8,28.8,3.6,0.0,1.8,0.0,0.0,10.799999999999999,0.0,0.0,0.0,0.0,0.0,3.6,1.8,0.0,0.0,3.2857142857142856,50.0,0.0,,6.714285714285714
italy,Serie A,2025,Rosen Bozhinov,20.0,D,Bulgaria,193.0,,9,8,614.0,0.0,0.0,0.0,0.0,0,0,3,0.0,1,0.2931596091205212,0.43973941368078173,0.1465798045602606,0.0,0.0,0.0,0.0,60.53745928338762,0.5863192182410424,1.0260586319218241,0.5863192182410424,1.6123778501628665,2.6384364820846904,7.035830618892508,3.3713355048859937,0.1465798045602606,0.0,0.2931596091205212,0.1465798045602606,1.758957654723127,0.43973941368078173,0.0,0.1465798045602606,53.4247572815534,33.33333333333333,47.91666666666667,0.0,6.4721044045677
italy,Serie A,2025,Ruben Loftus-Cheek,29.0,M,England,191.0,88.0,28,12,1149.0,3.0,1.0,0.0,0.0,0,0,2,0.0,0,0.0783289817232376,1.4099216710182767,0.4699738903394256,0.2349869451697128,0.0783289817232376,0.3133159268929504,0.2349869451697128,31.801566579634464,0.7832898172323759,1.0966057441253265,0.0783289817232376,0.39164490861618795,1.4882506527415145,12.610966057441253,5.953002610966058,2.0365535248041775,0.9399477806788512,0.39164490861618795,1.4882506527415145,1.8015665796344649,0.1566579634464752,0.0,0.0,21.706172839506173,33.33333333333333,47.20496894409938,46.15384615384615,6.665535248041775
italy,Serie A,2025,Rui Modesto,26.0,M,Angola,181.0,72.0,3,0,116.0,0.0,1.0,0.0,0.0,0,0,0,0.0,0,0.0,0.7758620689655172,0.7758620689655172,0.0,0.7758620689655172,0.7758620689655172,0.0,34.137931034482754,1.5517241379310345,4.655172413793103,0.0,0.7758620689655172,5.431034482758621,12.413793103448276,5.431034482758621,2.3275862068965516,0.0,0.7758620689655172,0.0,0.0,0.0,0.0,0.0,22.136363636363637,100.0,43.75,0.0,7.0232758620689655
italy,Serie A,2025,Ruslan Malinovskyi,32.0,M,Ukraine,181.0,79.0,34,28,2250.0,6.0,3.0,0.0,0.0,3,0,10,0.0,0,0.04,1.72,0.6000000000000001,0.24,0.12,0.36,0.12,48.72,1.5599999999999998,1.2000000000000002,0.2,0.6000000000000001,1.8,9.4,4.08,0.8,0.44,1.0,1.04,1.44,0.4,0.0,0.0,35.71264367816092,34.883720930232556,43.40425531914894,55.00000000000001,6.938
italy,Serie A,2025,Răzvan Sava,23.0,G,Romania,195.0,84.0,7,6,619.0,0.0,0.0,0.0,0.0,0,0,1,0.0,0,0.0,0.0,0.0,0.0,0.0,0.0,0.0,25.008077544426495,0.0,0.0,0.0,0.0,0.0,0.14539579967689822,0.0,0.0,0.0,0.14539579967689822,0.0,0.0,0.14539579967689822,0.0,0.0,18.552325581395348,,0.0,,6.610662358642973
italy,Serie A,2025,Saba Goglichidze,21.0,D,Georgia,193.0,82.0,8,4,422.0,0.0,0.0,0.0,2.0,0,0,2,0.0,0,0.0,0.6398104265402843,0.2132701421800948,0.0,0.0,0.0,0.0,39.241706161137444,0.4265402843601896,2.3459715639810423,0.2132701421800948,1.7061611374407584,4.052132701421801,7.037914691943128,4.265402843601896,0.0,0.0,0.4265402843601896,0.8530805687203792,1.066350710900474,0.4265402843601896,0.0,0.0,38.93478260869565,33.33333333333333,60.60606060606061,,6.546428571428572
italy,Serie A,2025,Saba Sazonov,23.0,D,Georgia,192.0,82.0,0,0,0.0,0.0,0.0,0.0,0.0,0,0,0,0.0,0,,,,,,,,,,,,,,,,,,,,,,,,,,,,
italy,Serie A,2025,Sadik Fofana,22.0,M,Togo,192.0,78.0,5,1,94.0,0.0,0.0,0.0,0.0,0,0,0,0.0,0,0.0,1.9148936170212765,0.0,0.0,0.0,0.0,0.0,25.851063829787236,1.9148936170212765,1.9148936170212765,0.0,0.0,1.9148936170212765,16.27659574468085,5.744680851063829,1.9148936170212765,0.9574468085106382,0.9574468085106382,0.9574468085106382,2.8723404255319145,0.0,0.0,0.0,6.153846153846154,0.0,35.294117647058826,50.0,6.248387096774194
italy,Serie A,2025,Salvatore Cianciulli,,M,,,,0,0,0.0,0.0,0.0,0.0,0.0,0,0,0,0.0,0,,,,,,,,,,,,,,,,,,,,,,,,,,,,
italy,Serie A,2025,Sam Beukema,27.0,D,Netherlands,188.0,77.0,24,18,1686.0,2.0,0.0,0.0,1.0,0,0,2,0.0,0,0.05338078291814947,0.42704626334519574,0.21352313167259787,0.10676156583629894,0.0,0.10676156583629894,0.10676156583629894,73.23843416370107,0.32028469750889677,1.0142348754448398,0.5871886120996441,0.7473309608540925,1.7615658362989324,6.245551601423488,3.04270462633452,0.16014234875444838,0.10676156583629894,0.4804270462633452,0.2669039145907473,1.0142348754448398,0.10676156583629894,0.0,0.0,66.82288629737609,50.0,48.717948717948715,66.66666666666666,6.827596439169139
italy,Serie A,2025,Samuel Chukwueze,26.0,F,Nigeria,172.0,70.0,1,0,25.0,0.0,0.0,0.0,0.0,0,0,0,0.0,0,0.0,0.0,0.0,0.0,0.0,0.0,0.0,46.800000000000004,0.0,0.0,0.0,0.0,0.0,18.0,14.4,3.6,3.6,3.6,10.799999999999999,0.0,0.0,0.0,0.0,11.0,,80.0,100.0,7.3
italy,Serie A,2025,Samuel Gigot,32.0,D,France,187.0,83.0,0,0,0.0,0.0,0.0,0.0,0.0,0,0,0,0.0,0,,,,,,,,,,,,,,,,,,,,,,,,,,,,
italy,Serie A,2025,Samuel Iling Junior,22.0,F,England,182.0,74.0,5,1,107.0,0.0,0.0,0.0,0.0,0,0,0,0.0,0,0.0,0.0,0.0,0.0,0.0,0.0,0.0,25.233644859813083,0.8411214953271028,1.6822429906542056,0.0,0.0,1.6822429906542056,10.093457943925234,1.6822429906542056,2.5233644859813085,0.0,0.8411214953271028,0.0,0.8411214953271028,0.0,0.0,0.0,4.857142857142857,,16.666666666666664,0.0,6.477358490566038
italy,Serie A,2025,Samuele Angori,22.0,M,Italy,186.0,77.0,35,30,2604.0,0.0,2.0,0.0,0.0,0,0,2,0.0,0,0.10368663594470046,0.2764976958525346,0.10368663594470046,0.0,0.06912442396313365,0.06912442396313365,0.0,27.131336405529957,1.3133640552995391,1.5898617511520736,0.2764976958525346,0.7603686635944701,2.3502304147465436,7.085253456221198,4.423963133640553,0.6221198156682028,0.3110599078341014,0.5529953917050692,1.9009216589861753,0.5875576036866359,0.06912442396313365,0.0,0.0,21.09936305732484,37.5,62.4390243902439,50.0,6.895660522273425
italy,Serie A,2025,Samuele Mulattieri,25.0,F,Italy,183.0,77.0,0,0,0.0,0.0,0.0,0.0,0.0,0,0,0,0.0,0,,,,,,,,,,,,,,,,,,,,,,,,,,,,
italy,Serie A,2025,Samuele Pisati,16.0,M,,,,0,0,0.0,0.0,0.0,0.0,0.0,0,0,0,0.0,0,,,,,,,,,,,,,,,,,,,,,,,,,,,,
italy,Serie A,2025,Samuele Ricci,24.0,M,Italy,181.0,76.0,31,11,1305.0,1.0,4.0,0.0,0.0,0,0,3,0.0,0,0.06896551724137931,0.8275862068965517,0.41379310344827586,0.06896551724137931,0.27586206896551724,0.3448275862068965,0.06896551724137931,44.62068965517241,1.379310344827586,1.103448275862069,0.3448275862068965,0.6206896551724138,1.7241379310344827,6.413793103448276,3.862068965517241,0.5517241379310345,0.3448275862068965,0.13793103448275862,2.2758620689655173,1.1724137931034482,0.20689655172413793,0.0,0.0,33.10355486862442,50.0,60.215053763440864,62.5,7.053103448275863
italy,Serie A,2025,Sandi Lovrić,27.0,M,Slovenia,180.0,70.0,14,4,535.0,0.0,1.0,0.0,0.0,0,0,2,0.0,0,0.0,1.0093457943925233,0.33644859813084116,0.0,0.16822429906542058,0.16822429906542058,0.0,39.700934579439256,2.0186915887850465,3.7009345794392523,0.0,1.8504672897196262,5.5514018691588785,11.607476635514018,5.5514018691588785,1.3457943925233646,0.8411214953271028,1.8504672897196262,0.6728971962616823,1.514018691588785,0.33644859813084116,0.0,0.0,23.372881355932204,33.33333333333333,47.82608695652174,62.5,6.847289719626168
italy,Serie A,2025,Sandro Kulenović,26.0,F,Croatia,188.0,76.0,13,3,310.0,0.0,1.0,0.0,0.0,0,0,2,0.0,0,0.0,0.8709677419354839,0.5806451612903226,0.0,0.2903225806451613,0.2903225806451613,0.0,18.870967741935484,1.4516129032258065,1.1612903225806452,0.2903225806451613,0.2903225806451613,1.4516129032258065,12.483870967741934,4.064516129032258,1.4516129032258065,0.5806451612903226,0.2903225806451613,1.1612903225806452,3.193548387096774,0.5806451612903226,0.0,0.0,6.126984126984127,66.66666666666666,32.55813953488372,40.0,6.456493506493506
italy,Serie A,2025,Santiago Castro,21.0,F,Argentina,180.0,80.0,35,26,2365.0,7.0,2.0,2.0,0.0,0,0,3,0.0,0,0.4566596194503171,1.864693446088795,0.7610993657505286,0.266384778012685,0.07610993657505286,0.34249471458773784,0.266384778012685,14.765327695560252,1.06553911205074,0.3805496828752643,0.07610993657505286,0.03805496828752643,0.41860465116279066,11.112050739957716,4.909090909090909,1.331923890063425,0.6088794926004228,0.1522198731501057,1.9027484143763214,1.331923890063425,0.11416490486257927,0.0,0.0,10.647668393782384,40.816326530612244,44.178082191780824,45.714285714285715,6.742283298097251
italy,Serie A,2025,Santiago Giménez,24.0,F,Mexico,182.0,79.0,16,11,896.0,0.0,1.0,2.0,0.0,0,0,2,0.0,0,0.703125,2.310267857142857,0.9040178571428572,0.0,0.10044642857142856,0.10044642857142856,0.0,13.459821428571429,0.40178571428571425,0.8035714285714285,0.10044642857142856,0.10044642857142856,0.9040178571428572,8.638392857142858,3.214285714285714,1.908482142857143,0.3013392857142857,0.20089285714285712,1.5066964285714286,1.0044642857142858,0.20089285714285712,0.0,0.0,8.843283582089553,39.130434782608695,37.2093023255814,15.789473684210526,6.4600446428571425
italy,Serie A,2025,Santiago Pierotti,24.0,M,Argentina,189.0,69.0,37,31,2614.0,1.0,2.0,0.0,0.0,0,0,4,0.0,0,0.2410099464422341,0.7574598316755929,0.2754399387911247,0.03442999234889059,0.06885998469778118,0.10328997704667177,0.03442999234889059,22.03519510328998,0.7574598316755929,2.8576893649579187,0.17214996174445296,0.6885998469778118,3.5462892119357305,18.041315990818667,6.782708492731446,3.3397092578423875,1.342769701606733,1.3771996939556237,0.7918898240244836,2.3068094873756695,0.13771996939556236,0.0,0.0,14.8609375,36.36363636363637,37.595419847328245,40.20618556701031,6.514498852333589
italy,Serie A,2025,Saná Fernandes,19.0,F,Italy,165.0,57.0,0,0,0.0,0.0,0.0,0.0,0.0,0,0,0,0.0,0,,,,,,,,,,,,,,,,,,,,,,,,,,,,
italy,Serie A,2025,Sascha Britschgi,19.0,D,Switzerland,182.0,78.0,29,22,2112.0,0.0,2.0,0.0,2.0,0,0,7,0.0,1,0.0,0.38352272727272724,0.1278409090909091,0.0,0.08522727272727273,0.08522727272727273,0.0,26.207386363636363,0.7670454545454545,1.40625,0.21306818181818182,0.34090909090909094,1.7471590909090908,7.286931818181818,3.2386363636363638,0.7670454545454545,0.38352272727272724,1.4488636363636362,0.9801136363636365,0.7670454545454545,0.29829545454545453,0.0,0.04261363636363637,20.40813008130081,33.33333333333333,44.44444444444444,50.0,6.570785984848484
italy,Serie A,2025,Saúl Coco,26.0,D,Equatorial Guinea,187.0,86.0,35,35,3090.0,1.0,1.0,2.0,1.0,0,0,3,0.0,0,0.0,0.34951456310679613,0.11650485436893204,0.02912621359223301,0.02912621359223301,0.05825242718446602,0.02912621359223301,43.922330097087375,0.32038834951456313,1.6893203883495145,1.2233009708737863,1.2524271844660193,2.941747572815534,8.504854368932039,4.805825242718447,0.32038834951456313,0.20388349514563106,0.3786407766990292,0.9902912621359222,1.3398058252427185,0.08737864077669903,0.0,0.0,40.57294429708223,33.33333333333333,56.5068493150685,63.63636363636363,6.860097087378641
italy,Serie A,2025,Scott McTominay,29.0,M,Scotland,193.0,88.0,33,31,2793.0,10.0,3.0,0.0,0.0,0,1,1,0.0,0,0.1611170784103115,2.3523093447905477,1.095596133190118,0.322234156820623,0.09667024704618689,0.4189044038668099,0.322234156820623,42.82491944146079,0.7089151450053707,0.9022556390977443,0.4189044038668099,0.6766917293233082,1.5789473684210527,10.24704618689581,5.445757250268528,1.8367346938775508,0.8378088077336198,0.38668098818474755,2.3523093447905477,0.7733619763694951,0.0322234156820623,0.0,0.0,42.1339352896915,46.57534246575342,53.144654088050316,45.614035087719294,7.0800930898675265
italy,Serie A,2025,Sead Kolašinac,32.0,D,Bosnia and Herzegovina,183.0,85.0,19,15,1224.0,0.0,0.0,0.0,0.0,0,0,3,0.0,0,0.07352941176470588,0.14705882352941177,0.0,0.0,0.0,0.0,0.0,56.69117647058823,0.0,1.9852941176470589,0.36764705882352944,0.8088235294117646,2.7941176470588234,8.014705882352942,4.044117647058823,0.5147058823529411,0.36764705882352944,0.6617647058823529,0.7352941176470589,1.6176470588235292,0.22058823529411764,0.0,0.0,49.39559014267186,0.0,50.45871559633027,71.42857142857143,6.658346972176759
italy,Serie A,2025,Sebastian Otoa,21.0,D,Denmark,188.0,75.0,13,9,843.0,0.0,0.0,0.0,0.0,0,0,1,0.0,0,0.21352313167259787,0.21352313167259787,0.21352313167259787,0.0,0.0,0.0,0.0,38.64768683274021,0.0,1.1743772241992882,1.1743772241992882,0.9608540925266904,2.1352313167259784,7.259786476868328,5.124555160142348,0.42704626334519574,0.32028469750889677,0.10676156583629894,1.387900355871886,0.5338078291814946,0.10676156583629894,0.0,0.0,41.93370165745856,100.0,70.58823529411765,75.0,6.734642857142857
italy,Serie A,2025,Sebastian Walukiewicz,25.0,D,Poland,188.0,80.0,34,33,2855.0,0.0,1.0,0.0,0.0,0,0,7,0.0,0,0.03152364273204904,0.12609457092819615,0.0,0.0,0.03152364273204904,0.03152364273204904,0.0,39.02626970227671,0.6619964973730298,1.5761821366024518,0.3152364273204904,0.7880910683012259,2.364273204903678,6.714535901926445,3.467600700525394,1.1348511383537652,0.6619964973730298,0.3782837127845885,0.40980735551663744,1.1033274956217163,0.22066549912434325,0.0,0.0,35.690630048465266,0.0,51.64319248826291,58.333333333333336,6.746374781085815
italy,Serie A,2025,Sebastiano Esposito,23.0,F,Italy,186.0,76.0,36,34,2699.0,7.0,5.0,1.0,0.0,1,0,6,0.0,0,0.16672841793256762,1.400518710633568,0.5335309373842164,0.2334197851055947,0.16672841793256762,0.4001482030381623,0.20007410151908114,33.44572063727306,2.36754353464246,1.8673582808447575,0.1333827343460541,0.6669136717302705,2.5342719525750277,10.40385327899222,4.968506854390515,1.3671730270470546,0.5668766209707299,1.3671730270470546,1.8673582808447575,1.5005557613931086,0.20007410151908114,0.0,0.0,24.97507477567298,38.095238095238095,47.756410256410255,41.46341463414634,7.032641719155242
italy,Serie A,2025,Sebastiano Luperto,29.0,D,Italy,191.0,75.0,34,34,3017.0,1.0,1.0,0.0,0.0,0,0,4,0.0,0,0.029830957905203844,0.26847862114683463,0.14915478952601924,0.029830957905203844,0.029830957905203844,0.05966191581040769,0.029830957905203844,48.62446138548227,0.17898574743122306,1.0440835266821344,0.566788200198873,0.8949287371561154,1.93901226383825,5.638051044083526,3.0129267484255884,0.14915478952601924,0.14915478952601924,0.26847862114683463,0.8650977792509116,0.954590652966523,0.11932383162081538,0.0,0.0,48.321472392638036,55.55555555555556,53.43915343915344,100.0,6.723135565130925
italy,Serie A,2025,Semih Kılıçsoy,20.0,F,Türkiye,178.0,68.0,22,11,983.0,4.0,0.0,0.0,0.0,0,0,1,0.0,0,0.18311291963377416,1.007121057985758,0.7324516785350966,0.3662258392675483,0.0,0.3662258392675483,0.3662258392675483,21.9735503560529,1.007121057985758,0.4577822990844354,0.09155645981688708,0.09155645981688708,0.5493387589013224,11.536113936927773,3.6622583926754833,2.288911495422177,1.281790437436419,0.0,1.3733468972533063,1.281790437436419,0.09155645981688708,0.0,0.0,14.091666666666667,72.72727272727273,31.746031746031743,56.00000000000001,6.64877800407332
italy,Serie A,2025,Sergej Levak,19.0,M,Croatia,,,0,0,0.0,0.0,0.0,0.0,0.0,0,0,0,0.0,0,,,,,,,,,,,,,,,,,,,,,,,,,,,,
italy,Serie A,2025,Sergi Roberto,33.0,M,Spain,178.0,68.0,20,5,554.0,0.0,0.0,0.0,0.0,0,0,3,0.0,0,0.0,0.9747292418772563,0.3249097472924188,0.0,0.0,0.0,0.0,70.66787003610108,1.2996389891696751,1.1371841155234657,0.1624548736462094,0.8122743682310469,1.9494584837545126,9.097472924187725,4.061371841155235,1.2996389891696751,0.6498194945848376,0.9747292418772563,1.4620938628158844,1.4620938628158844,0.48736462093862815,0.0,0.0,32.657471264367814,33.33333333333333,44.642857142857146,50.0,6.564801444043321
italy,Serie A,2025,Sergiu Perciun,19.0,M,Moldova,175.0,65.0,0,0,0.0,0.0,0.0,0.0,0.0,0,0,0,0.0,0,,,,,,,,,,,,,,,,,,,,,,,,,,,,
italy,Serie A,2025,Seydou Fini,19.0,F,Italy,178.0,62.0,1,0,31.0,0.0,0.0,0.0,0.0,0,0,0,0.0,0,5.806451612903226,0.0,0.0,0.0,0.0,0.0,0.0,8.709677419354838,2.903225806451613,0.0,0.0,0.0,0.0,8.709677419354838,2.903225806451613,2.903225806451613,2.903225806451613,0.0,0.0,2.903225806451613,0.0,0.0,0.0,2.0,,33.33333333333333,100.0,6.5
italy,Serie A,2025,Simon Sohm,24.0,M,Switzerland,188.0,85.0,28,18,1438.0,0.0,1.0,0.0,0.0,0,0,3,0.0,0,0.18776077885952713,0.37552155771905427,0.06258692628650904,0.0,0.06258692628650904,0.06258692628650904,0.0,35.73713490959666,0.9388038942976357,1.251738525730181,0.31293463143254524,0.5006954102920723,1.7524339360222532,8.699582753824757,4.068150208623088,1.0013908205841446,0.6884561891515995,0.25034770514603616,0.8762169680111266,1.502086230876217,0.18776077885952713,0.0,0.0,24.78984238178634,16.666666666666664,46.76258992805755,68.75,6.656784968684759
italy,Serie A,2025,Simone Canestrelli,25.0,D,Italy,192.0,85.0,37,36,3201.0,1.0,0.0,0.0,1.0,0,0,4,0.0,0,0.028116213683223992,0.30927835051546393,0.08434864104967198,0.028116213683223992,0.0,0.028116213683223992,0.028116213683223992,35.45454545454545,0.28116213683223995,1.1246485473289598,0.5623242736644799,0.9278350515463918,2.0524835988753516,7.760074976569822,4.442361761949391,0.14058106841611998,0.08434864104967198,0.36551077788191194,0.5904404873477038,1.1808809746954076,0.11246485473289597,0.0,0.0,33.77478191911182,27.27272727272727,57.2463768115942,60.0,6.591721337082161
italy,Serie A,2025,Simone Cinquegrano,21.0,D,,,,0,0,0.0,0.0,0.0,0.0,0.0,0,0,0,0.0,0,,,,,,,,,,,,,,,,,,,,,,,,,,,,
italy,Serie A,2025,Simone Lottici Tessadri,19.0,M,,,,1,0,8.0,0.0,0.0,0.0,0.0,0,0,0,0.0,0,0.0,11.25,0.0,0.0,0.0,0.0,0.0,22.5,0.0,0.0,0.0,0.0,0.0,0.0,0.0,0.0,0.0,0.0,0.0,0.0,0.0,0.0,0.0,2.0,0.0,,,6.7
italy,Serie A,2025,Simone Perilli,30.0,G,Italy,195.0,88.0,3,3,270.0,0.0,0.0,0.0,0.0,0,0,0,0.0,0,0.0,0.0,0.0,0.0,0.0,0.0,0.0,25.999999999999996,0.0,0.0,0.0,0.0,0.0,0.0,0.0,0.0,0.0,0.0,0.0,0.0,0.0,0.0,0.0,12.243589743589743,,,,6.533333333333333
italy,Serie A,2025,Simone Scaglia,21.0,G,Italy,196.0,,0,0,0.0,0.0,0.0,0.0,0.0,0,0,0,0.0,0,,,,,,,,,,,,,,,,,,,,,,,,,,,,
italy,Serie A,2025,Simone Scuffet,29.0,G,Italy,193.0,77.0,7,7,630.0,0.0,0.0,0.0,0.0,0,0,0,0.0,0,0.0,0.0,0.0,0.0,0.0,0.0,0.0,33.857142857142854,0.0,0.0,0.0,0.0,0.0,0.8571428571428572,0.8571428571428572,0.0,0.0,0.0,0.5714285714285714,0.0,0.0,0.0,0.0,22.877637130801688,,100.0,,7.042857142857143
italy,Serie A,2025,Stanislav Lobotka,31.0,M,Slovakia,168.0,68.0,32,29,2441.0,1.0,1.0,0.0,1.0,0,0,3,0.0,0,0.0,0.2212208111429742,0.1474805407619828,0.0368701351904957,0.0368701351904957,0.0737402703809914,0.0368701351904957,67.25112658746416,0.8111429741909053,1.0323637853338796,0.1106104055714871,0.5899221630479312,1.6222859483818106,5.161818926669398,3.2445718967636212,0.2949610815239656,0.1474805407619828,0.6636624334289225,1.6591560835723065,0.4793117574764441,0.1106104055714871,0.0,0.0,60.04879385964912,66.66666666666666,62.857142857142854,50.0,6.974518639901679
italy,Serie A,2025,Stefan Mitrović,23.0,F,Serbia,181.0,,0,0,0.0,0.0,0.0,0.0,0.0,0,0,0,0.0,0,,,,,,,,,,,,,,,,,,,,,,,,,,,,
italy,Serie A,2025,Stefan Posch,28.0,D,Austria,190.0,82.0,14,3,406.0,1.0,0.0,0.0,0.0,0,0,1,0.0,0,0.0,1.5517241379310345,0.6650246305418719,0.22167487684729065,0.0,0.22167487684729065,0.22167487684729065,53.64532019704434,0.4433497536945813,2.6600985221674875,0.22167487684729065,0.8866995073891626,3.5467980295566504,11.748768472906404,5.985221674876848,0.22167487684729065,0.22167487684729065,0.4433497536945813,1.3300492610837438,1.9950738916256159,0.22167487684729065,0.0,0.0,26.89669421487603,42.857142857142854,50.943396226415096,100.0,6.829135802469136
italy,Serie A,2025,Stefan de Vrij,33.0,D,Netherlands,190.0,78.0,11,8,671.0,0.0,0.0,0.0,0.0,0,0,1,0.0,0,0.0,0.6706408345752608,0.26825633383010433,0.0,0.0,0.0,0.0,62.637853949329354,0.26825633383010433,2.0119225037257826,0.5365126676602087,0.9388971684053652,2.9508196721311477,7.779433681073026,4.96274217585693,0.26825633383010433,0.13412816691505217,0.13412816691505217,0.6706408345752608,0.6706408345752608,0.13412816691505217,0.0,0.0,55.34689507494647,40.0,63.793103448275865,50.0,7.145958083832335
italy,Serie A,2025,Stefano Mangiapoco,21.0,G,Italy,,,0,0,0.0,0.0,0.0,0.0,0.0,0,0,0,0.0,0,,,,,,,,,,,,,,,,,,,,,,,,,,,,
italy,Serie A,2025,Stefano Moreo,32.0,F,Italy,191.0,86.0,37,29,2321.0,7.0,1.0,0.0,0.0,2,0,2,0.0,0,0.1938819474364498,1.7837139164153382,0.7755277897457992,0.2714347264110297,0.03877638948728996,0.3102111158983197,0.1938819474364498,21.28823782852219,0.969409737182249,0.6591986212839294,0.15510555794915984,0.8530805687203792,1.5122791900043084,10.896165445928478,5.622576475657044,1.046962516156829,0.5040930633347696,0.3877638948728996,0.7755277897457992,0.8530805687203792,0.07755277897457992,0.0,0.0,11.950729927007298,43.47826086956522,51.60142348754449,48.148148148148145,6.824784482758621
italy,Serie A,2025,Stefano Sabelli,32.0,D,Italy,176.0,70.0,16,12,929.0,0.0,0.0,0.0,0.0,0,0,1,0.0,0,0.0,0.581270182992465,0.0,0.0,0.0,0.0,0.0,32.16361679224973,0.6781485468245425,2.131324004305705,0.581270182992465,0.38751345532831,2.518837459634015,8.137782561894511,4.359526372443487,0.77502691065662,0.0968783638320775,0.9687836383207751,1.8406889128094726,0.581270182992465,0.0968783638320775,0.0,0.0,19.28614457831325,0.0,53.57142857142857,12.5,6.667168998923574
italy,Serie A,2025,Stefano Turati,24.0,G,Italy,188.0,84.0,6,6,533.0,0.0,0.0,0.0,0.0,0,0,0,0.0,0,0.0,0.0,0.0,0.0,0.0,0.0,0.0,26.510318949343336,0.33771106941838647,0.0,0.0,0.16885553470919323,0.16885553470919323,0.6754221388367729,0.6754221388367729,0.0,0.0,0.0,0.16885553470919323,0.0,0.0,0.0,0.0,13.13375796178344,,100.0,,6.950656660412758
italy,Serie A,2025,Stephan El Shaarawy,33.0,F,Italy,178.0,72.0,20,5,656.0,1.0,2.0,1.0,0.0,0,0,4,0.0,0,0.13719512195121952,1.9207317073170733,0.9603658536585367,0.13719512195121952,0.27439024390243905,0.4115853658536585,0.13719512195121952,45.411585365853654,1.646341463414634,1.371951219512195,0.27439024390243905,0.9603658536585367,2.3323170731707314,11.935975609756099,4.801829268292683,3.704268292682927,1.646341463414634,0.6859756097560975,0.9603658536585367,1.371951219512195,0.5487804878048781,0.0,0.0,18.652567975830816,50.0,40.229885057471265,44.44444444444444,6.823170731707317
italy,Serie A,2025,Strahinja Pavlović,24.0,D,Serbia,194.0,88.0,34,33,2870.0,5.0,1.0,1.0,2.0,0,0,4,0.0,0,0.1254355400696864,0.6585365853658537,0.18815331010452963,0.156794425087108,0.0313588850174216,0.18815331010452963,0.156794425087108,58.01393728222997,0.5017421602787456,1.6933797909407666,0.43902439024390244,0.627177700348432,2.3205574912891986,9.21951219512195,5.2682926829268295,1.0034843205574913,0.5331010452961673,0.5017421602787456,0.8466898954703833,0.9407665505226481,0.1254355400696864,0.0,0.0,55.31513513513514,28.57142857142857,57.14285714285714,53.125,7.08822299651568
italy,Serie A,2025,Suat Serdar,28.0,M,Germany,184.0,75.0,20,12,1116.0,2.0,0.0,0.0,1.0,0,0,3,0.0,0,0.08064516129032258,1.0483870967741935,0.5645161290322581,0.16129032258064516,0.0,0.16129032258064516,0.16129032258064516,31.854838709677416,1.0483870967741935,2.5,0.4032258064516129,0.7258064516129032,3.225806451612903,9.838709677419356,4.838709677419355,1.3709677419354838,0.7258064516129032,0.7258064516129032,0.967741935483871,1.5322580645161292,0.24193548387096775,0.0,0.0,19.548223350253807,53.84615384615385,49.18032786885246,52.94117647058824,6.820519713261649
italy,Serie A,2025,Tarik Muharemović,22.0,D,Bosnia and Herzegovina,182.0,76.0,32,32,2835.0,2.0,2.0,0.0,0.0,0,0,7,0.0,0,0.0,0.380952380952381,0.1904761904761905,0.0634920634920635,0.0634920634920635,0.126984126984127,0.0634920634920635,52.34920634920635,0.15873015873015872,1.3968253968253967,0.9841269841269842,1.4285714285714284,2.8253968253968256,6.603174603174604,4.253968253968254,0.3492063492063492,0.2222222222222222,0.2857142857142857,0.6349206349206349,0.761904761904762,0.2222222222222222,0.0,0.0,49.746513038204974,50.0,64.42307692307693,63.63636363636363,6.873015873015873
italy,Serie A,2025,Tariq Lamptey,25.0,D,Ghana,163.0,55.0,2,1,32.0,0.0,0.0,0.0,0.0,0,0,0,0.0,0,0.0,0.0,0.0,0.0,0.0,0.0,0.0,28.125,5.625,5.625,0.0,0.0,5.625,8.4375,5.625,0.0,0.0,0.0,0.0,0.0,0.0,0.0,0.0,4.1,,66.66666666666666,,6.7625
italy,Serie A,2025,Tete Morente,29.0,F,Spain,180.0,76.0,16,9,859.0,0.0,0.0,0.0,1.0,0,0,1,0.0,0,0.10477299185098952,0.6286379511059371,0.20954598370197905,0.0,0.0,0.0,0.0,27.450523864959255,1.0477299185098954,1.1525029103608846,0.20954598370197905,0.31431897555296856,1.4668218859138533,11.315483119906869,4.40046565774156,2.828870779976717,0.9429569266589057,1.362048894062864,1.2572759022118742,1.362048894062864,0.10477299185098952,0.0,0.0,17.19465648854962,33.33333333333333,38.88888888888889,33.33333333333333,6.546270396270396
italy,Serie A,2025,Teun Koopmeiners,27.0,M,Netherlands,184.0,77.0,33,18,1829.0,0.0,0.0,0.0,0.0,0,0,5,0.0,0,0.14762165117550574,0.7873154729360305,0.3444505194095134,0.0,0.0,0.0,0.0,57.12957900492072,0.8365226899945326,1.6238381629305634,0.3444505194095134,0.8857299070530344,2.5095680699835974,7.774740295243303,3.936577364680153,0.4428649535265172,0.24603608529250956,0.8365226899945326,0.541279387643521,1.6238381629305634,0.24603608529250956,0.0,0.0,53.151593453919034,43.75,50.63291139240506,55.55555555555556,6.7811062431544356
italy,Serie A,2025,Thijs Dallinga,25.0,F,Netherlands,180.0,75.0,23,9,829.0,2.0,2.0,1.0,0.0,0,0,2,0.0,0,0.43425814234016885,1.7370325693606754,0.5428226779252111,0.21712907117008443,0.21712907117008443,0.43425814234016885,0.21712907117008443,24.53558504221954,1.0856453558504222,0.7599517490952955,0.21712907117008443,0.10856453558504221,0.8685162846803377,11.073582629674307,3.90832328106152,0.6513872135102533,0.21712907117008443,0.0,0.97708082026538,2.1712907117008444,0.21712907117008443,0.0,0.0,10.315555555555555,31.25,35.294117647058826,33.33333333333333,6.63615477629988
italy,Serie A,2025,Thomas Berenbruch,20.0,M,Italy,176.0,67.0,0,0,0.0,0.0,0.0,0.0,0.0,0,0,0,0.0,0,,,,,,,,,,,,,,,,,,,,,,,,,,,,
italy,Serie A,2025,Thomas Kristensen,23.0,D,Denmark,198.0,85.0,28,28,2475.0,3.0,0.0,0.0,0.0,0,0,4,0.0,0,0.10909090909090909,0.32727272727272727,0.21818181818181817,0.10909090909090909,0.0,0.10909090909090909,0.10909090909090909,45.41818181818182,0.10909090909090909,0.9454545454545454,0.8,0.9090909090909092,1.8545454545454547,7.818181818181818,4.4363636363636365,0.43636363636363634,0.21818181818181817,0.6181818181818182,0.32727272727272727,0.9090909090909092,0.14545454545454545,0.0,0.0,44.16333066453163,66.66666666666666,56.74418604651162,50.0,6.931838383838383
italy,Serie A,2025,Tiago Gabriel,21.0,D,Portugal,196.0,88.0,37,36,3220.0,2.0,0.0,0.0,1.0,0,0,7,0.0,0,0.027950310559006212,0.5031055900621119,0.11180124223602485,0.055900621118012424,0.0,0.055900621118012424,0.055900621118012424,37.06211180124223,0.055900621118012424,1.7608695652173914,0.5869565217391304,1.2577639751552796,3.0186335403726705,9.4472049689441,6.344720496894411,0.027950310559006212,0.027950310559006212,0.36335403726708076,1.1180124223602483,0.81055900621118,0.1956521739130435,0.0,0.0,35.83710407239819,22.22222222222222,67.15976331360946,100.0,6.908571428571428
italy,Serie A,2025,Tijjani Noslin,26.0,F,Netherlands,180.0,75.0,29,9,1181.0,4.0,2.0,2.0,0.0,0,0,6,0.0,1,0.3810330228619814,2.2861981371718882,0.9906858594411516,0.30482641828958507,0.15241320914479253,0.4572396274343776,0.30482641828958507,28.348856900931413,1.2193056731583403,0.5334462320067739,0.2286198137171888,0.2286198137171888,0.7620660457239627,11.354784081287045,5.1820491109229465,2.3624047417442844,1.2955122777307366,0.2286198137171888,1.7527519051651144,1.4479254868755291,0.4572396274343776,0.0,0.07620660457239627,15.091397849462366,43.333333333333336,45.63758389261745,54.83870967741935,6.788992379339543
italy,Serie A,2025,Tjaš Begić,22.0,F,Slovenia,175.0,,1,0,1.0,0.0,0.0,0.0,0.0,0,0,0,0.0,0,0.0,0.0,0.0,0.0,0.0,0.0,0.0,90.0,0.0,0.0,0.0,0.0,0.0,0.0,0.0,0.0,0.0,0.0,0.0,0.0,0.0,0.0,0.0,,,,,
italy,Serie A,2025,Tobias Slotsager,19.0,D,Denmark,190.0,,8,4,443.0,0.0,0.0,0.0,0.0,0,0,0,0.0,0,0.0,0.4063205417607223,0.20316027088036115,0.0,0.0,0.0,0.0,46.11738148984199,0.0,2.8442437923250568,0.8126410835214446,0.6094808126410836,3.4537246049661396,10.15801354401806,8.126410835214447,0.0,0.0,0.4063205417607223,1.0158013544018059,0.6094808126410836,0.0,0.0,0.0,38.947136563876654,50.0,80.0,,6.853498871331828
italy,Serie A,2025,Toma Bašić,29.0,M,Croatia,189.0,80.0,23,23,1746.0,2.0,3.0,0.0,0.0,0,0,0,0.0,1,0.0,1.2371134020618557,0.6185567010309279,0.10309278350515465,0.15463917525773196,0.25773195876288657,0.10309278350515465,45.103092783505154,1.134020618556701,1.0824742268041239,0.3608247422680412,0.5670103092783505,1.6494845360824744,6.1340206185567006,3.1958762886597936,0.2061855670103093,0.051546391752577324,0.6701030927835051,0.979381443298969,1.0309278350515463,0.0,0.0,0.051546391752577324,39.245714285714286,50.0,52.10084033613446,25.0,6.8606529209622
italy,Serie A,2025,Tommaso Baldanzi,22.0,M,Italy,176.0,63.0,18,8,792.0,1.0,2.0,0.0,0.0,0,0,2,0.0,0,0.2272727272727273,1.7045454545454546,0.7954545454545454,0.11363636363636365,0.2272727272727273,0.34090909090909094,0.11363636363636365,39.43181818181819,1.7045454545454546,1.8181818181818183,0.0,0.5681818181818181,2.3863636363636362,10.90909090909091,5.2272727272727275,1.8181818181818183,0.5681818181818181,0.5681818181818181,2.7272727272727275,1.1363636363636362,0.2272727272727273,0.0,0.0,21.55043227665706,46.666666666666664,47.91666666666667,31.25,6.708838383838383
italy,Serie A,2025,Tommaso Barbieri,23.0,M,Italy,181.0,59.0,29,18,1713.0,0.0,1.0,0.0,0.0,0,0,8,0.0,0,0.05253940455341506,0.47285464098073554,0.10507880910683012,0.0,0.05253940455341506,0.05253940455341506,0.0,28.161120840630474,0.5253940455341506,2.364273204903678,0.4203152364273205,0.6830122591943958,3.0472854640980738,12.136602451838879,5.884413309982487,1.733800350262697,0.840630472854641,1.2084063047285465,1.3660245183887916,2.1015761821366024,0.4203152364273205,0.0,0.0,20.28917910447761,22.22222222222222,48.484848484848484,48.484848484848484,6.824460011675423
italy,Serie A,2025,Tommaso Corazza,21.0,D,Italy,174.0,64.0,0,0,0.0,0.0,0.0,0.0,0.0,0,0,0,0.0,0,,,,,,,,,,,,,,,,,,,,,,,,,,,,
italy,Serie A,2025,Tommaso Gabellini,19.0,F,Italy,180.0,78.0,0,0,0.0,0.0,0.0,0.0,0.0,0,0,0,0.0,0,,,,,,,,,,,,,,,,,,,,,,,,,,,,
italy,Serie A,2025,Tommaso Guizzo,,G,,,,0,0,0.0,0.0,0.0,0.0,0.0,0,0,0,0.0,0,,,,,,,,,,,,,,,,,,,,,,,,,,,,
italy,Serie A,2025,Tommaso Macchioni,19.0,D,,,,1,1,90.0,0.0,0.0,0.0,0.0,0,0,1,0.0,0,0.0,1.0,0.0,0.0,0.0,0.0,0.0,35.0,0.0,0.0,0.0,2.0,2.0,6.0,3.0,0.0,0.0,0.0,0.0,1.0,1.0,0.0,0.0,28.0,0.0,50.0,,6.2
italy,Serie A,2025,Tommaso Martinelli,19.0,G,Italy,194.0,82.0,0,0,0.0,0.0,0.0,0.0,0.0,0,0,0,0.0,0,,,,,,,,,,,,,,,,,,,,,,,,,,,,
italy,Serie A,2025,Tommaso Pobega,26.0,M,Italy,188.0,75.0,26,17,1452.0,3.0,1.0,0.0,0.0,0,0,2,0.0,1,0.0,1.3016528925619835,0.6198347107438017,0.1859504132231405,0.06198347107438017,0.24793388429752067,0.1859504132231405,31.611570247933884,0.371900826446281,2.293388429752066,0.6818181818181819,1.177685950413223,3.4710743801652892,9.793388429752067,4.834710743801653,0.6198347107438017,0.43388429752066116,0.9917355371900827,0.743801652892562,2.169421487603306,0.12396694214876033,0.0,0.06198347107438017,21.69607843137255,47.61904761904761,49.36708860759494,70.0,6.839325068870524
italy,Serie A,2025,Tommaso Vigilati,18.0,D,,,,0,0,0.0,0.0,0.0,0.0,0.0,0,0,0,0.0,0,,,,,,,,,,,,,,,,,,,,,,,,,,,,
italy,Serie A,2025,Tomás Esteves,23.0,D,Portugal,180.0,72.0,1,0,13.0,0.0,0.0,0.0,0.0,0,0,0,0.0,0,0.0,0.0,0.0,0.0,0.0,0.0,0.0,34.61538461538462,0.0,0.0,0.0,0.0,0.0,6.923076923076923,6.923076923076923,0.0,0.0,0.0,0.0,0.0,0.0,0.0,0.0,4.0,,100.0,,6.200000000000001
italy,Serie A,2025,Tomás Palacios,22.0,D,Argentina,196.0,80.0,0,0,0.0,0.0,0.0,0.0,0.0,0,0,0,0.0,0,,,,,,,,,,,,,,,,,,,,,,,,,,,,
italy,Serie A,2025,Tomáš Suslov,23.0,M,Slovakia,173.0,72.0,11,5,445.0,0.0,0.0,0.0,0.0,0,0,1,0.0,1,0.0,1.4157303370786518,0.8089887640449439,0.0,0.0,0.0,0.0,20.629213483146067,0.8089887640449439,1.6179775280898878,0.0,0.20224719101123598,1.8202247191011234,11.932584269662922,4.853932584269663,3.438202247191011,0.8089887640449439,1.4157303370786518,2.4269662921348316,1.8202247191011234,0.20224719101123598,0.0,0.20224719101123598,11.088235294117647,57.14285714285714,40.67796610169492,23.52941176470588,6.524943820224719
italy,Serie A,2025,Torbjørn Heggem,26.0,D,Norway,192.0,73.0,27,23,2113.0,0.0,0.0,0.0,0.0,0,0,0,0.0,1,0.0,0.34074775201135826,0.08518693800283957,0.0,0.0,0.0,0.0,50.94178892569806,0.12778040700425936,1.362991008045433,0.34074775201135826,1.0222432560340748,2.3852342640795077,7.666824420255561,3.7908187411263605,0.4259346900141978,0.34074775201135826,0.383341221012778,0.5111216280170374,1.3203975390440132,0.0,0.0,0.04259346900141978,49.3561872909699,25.0,49.44444444444444,80.0,6.6992901088499766
italy,Serie A,2025,Ukko Happonen,18.0,G,Finland,,,0,0,0.0,0.0,0.0,0.0,0.0,0,0,0,0.0,0,,,,,,,,,,,,,,,,,,,,,,,,,,,,
italy,Serie A,2025,Ulisses Garcia,29.0,D,Switzerland,182.0,73.0,13,10,943.0,1.0,2.0,0.0,0.0,0,0,3,0.0,0,0.09544008483563098,0.09544008483563098,0.09544008483563098,0.09544008483563098,0.19088016967126195,0.2863202545068929,0.09544008483563098,42.47083775185578,1.2407211028632026,1.6224814422057265,0.3817603393425239,0.7635206786850478,2.3860021208907742,6.680805938494167,2.576882290562036,0.5726405090137858,0.19088016967126195,1.8133616118769884,0.19088016967126195,1.0498409331919407,0.2863202545068929,0.0,0.0,38.76629213483146,100.0,38.57142857142858,33.33333333333333,6.892364793213149
italy,Serie A,2025,Unai Núñez,28.0,D,Spain,186.0,80.0,17,15,1265.0,0.0,0.0,0.0,0.0,0,0,5,0.0,0,0.0,0.2845849802371542,0.07114624505928854,0.0,0.0,0.0,0.0,39.27272727272727,0.3557312252964427,1.707509881422925,0.924901185770751,1.6363636363636362,3.3438735177865615,9.960474308300395,4.980237154150197,0.8537549407114625,0.6403162055335968,0.4980237154150198,0.7114624505928854,1.9209486166007907,0.3557312252964427,0.0,0.0,30.291666666666668,25.0,50.0,75.0,6.58505928853755
italy,Serie A,2025,Vakoun Issouf Bayo,28.0,F,Côte d'Ivoire,184.0,72.0,15,4,451.0,0.0,2.0,0.0,0.0,0,0,0,0.0,0,0.9977827050997784,2.7937915742793793,0.3991130820399113,0.0,0.3991130820399113,0.3991130820399113,0.0,22.350332594235034,0.5986696230598669,0.3991130820399113,0.19955654101995565,0.0,0.3991130820399113,17.96008869179601,6.7849223946784925,1.3968957871396896,0.19955654101995565,0.19955654101995565,1.1973392461197339,2.9933481152993346,0.0,0.0,0.0,8.504504504504505,14.285714285714285,37.77777777777778,14.285714285714285,6.32
italy,Serie A,2025,Valentino Lazaro,29.0,M,Austria,180.0,75.0,31,26,2263.0,0.0,2.0,0.0,0.0,0,0,4,0.0,0,0.039770216526734424,0.19885108263367213,0.07954043305346885,0.0,0.07954043305346885,0.07954043305346885,0.0,33.56606274856385,1.2328767123287672,1.8692001767565178,0.3181617322138754,0.8749447635881573,2.7441449403446754,7.158638974812196,3.2611577551922224,0.9942554131683606,0.43747238179407866,0.8351745470614229,0.3579319487406098,1.4714980114891736,0.1590808661069377,0.0,0.0,25.554502369668246,40.0,45.55555555555556,44.0,6.808528501988511
italy,Serie A,2025,Valentín Carboni,20.0,M,Argentina,185.0,78.0,12,3,360.0,0.0,0.0,0.0,1.0,0,0,2,0.0,0,0.0,1.0,0.5,0.0,0.0,0.0,0.0,32.75,1.0,3.5,0.0,0.5,4.0,17.25,8.0,4.75,2.5,1.0,1.25,2.75,0.5,0.0,0.0,15.815384615384616,50.0,46.3768115942029,52.63157894736842,6.8339832869080785
italy,Serie A,2025,Valentín Castellanos,27.0,F,Argentina,178.0,70.0,11,8,694.0,2.0,3.0,0.0,0.0,0,0,2,0.0,0,0.648414985590778,1.8155619596541788,1.037463976945245,0.25936599423631124,0.3890489913544669,0.648414985590778,0.25936599423631124,17.507204610951007,1.037463976945245,0.9077809798270894,0.0,0.3890489913544669,1.296829971181556,11.412103746397694,6.095100864553314,2.2046109510086453,1.037463976945245,0.3890489913544669,2.3342939481268012,1.1671469740634006,0.25936599423631124,0.0,0.0,10.511111111111111,57.14285714285714,53.40909090909091,47.05882352941176,6.963112391930835
italy,Serie A,2025,Valeri Ivanov Vladimirov ,17.0,D,Bulgaria,,,0,0,0.0,0.0,0.0,0.0,0.0,0,0,0,0.0,0,,,,,,,,,,,,,,,,,,,,,,,,,,,,
italy,Serie A,2025,Valerio Farcomeni,19.0,M,Italy,176.0,,0,0,0.0,0.0,0.0,0.0,0.0,0,0,0,0.0,0,,,,,,,,,,,,,,,,,,,,,,,,,,,,
italy,Serie A,2025,Vanja Milinković-Savić,28.0,G,Serbia,202.0,96.0,27,27,2430.0,0.0,1.0,0.0,1.0,0,0,0,0.0,0,0.0,0.0,0.0,0.0,0.037037037037037035,0.037037037037037035,0.0,37.55555555555556,0.1111111111111111,0.0,0.0,0.0,0.0,0.4074074074074074,0.2962962962962963,0.0,0.0,0.07407407407407407,0.2222222222222222,0.037037037037037035,0.0,0.0,0.0,28.421104536489153,,72.72727272727273,,6.788888888888889
italy,Serie A,2025,Vasilije Adžić,19.0,M,Montenegro,185.0,75.0,10,1,193.0,1.0,0.0,0.0,0.0,0,0,0,0.0,0,0.0,2.33160621761658,1.8652849740932642,0.46632124352331605,0.0,0.46632124352331605,0.46632124352331605,46.6321243523316,1.8652849740932642,1.8652849740932642,0.0,0.9326424870466321,2.7979274611398965,13.056994818652848,3.7305699481865284,3.264248704663212,0.46632124352331605,0.9326424870466321,0.9326424870466321,1.3989637305699483,0.0,0.0,0.0,13.14,80.0,28.57142857142857,14.285714285714285,6.444559585492228
italy,Serie A,2025,Velizar-Iliya Iliev,20.0,G,Bulgaria,194.0,88.0,0,0,0.0,0.0,0.0,0.0,0.0,0,0,0,0.0,0,,,,,,,,,,,,,,,,,,,,,,,,,,,,
italy,Serie A,2025,Vicente Guaita,38.0,G,Spain,190.0,80.0,0,0,0.0,0.0,0.0,0.0,0.0,0,0,0,0.0,0,,,,,,,,,,,,,,,,,,,,,,,,,,,,
italy,Serie A,2025,Victor Nelsson,27.0,D,Denmark,185.0,78.0,38,37,3315.0,0.0,0.0,0.0,1.0,0,0,4,0.0,0,0.0,0.19004524886877827,0.027149321266968326,0.0,0.0,0.0,0.0,33.39366515837104,0.08144796380090498,1.9547511312217194,0.6244343891402715,1.8461538461538463,3.800904977375566,9.312217194570135,6.0,0.1085972850678733,0.08144796380090498,0.5701357466063348,0.5429864253393666,1.1945701357466063,0.1085972850678733,0.0,0.0,34.113821138211385,14.285714285714285,64.43148688046647,75.0,6.72684766214178
italy,Serie A,2025,Vincenzo Prisco,17.0,M,,,,0,0,0.0,0.0,0.0,0.0,0.0,0,0,0,0.0,0,,,,,,,,,,,,,,,,,,,,,,,,,,,,
italy,Serie A,2025,Vincenzo Sarno,17.0,G,Italy,189.0,,0,0,0.0,0.0,0.0,0.0,0.0,0,0,0,0.0,0,,,,,,,,,,,,,,,,,,,,,,,,,,,,
italy,Serie A,2025,Vitinha,25.0,F,Portugal,178.0,74.0,35,28,2254.0,5.0,1.0,1.0,0.0,0,0,5,0.0,0,0.5590062111801242,1.6370896184560781,0.7985803016858918,0.19964507542147295,0.03992901508429459,0.2395740905057675,0.19964507542147295,15.811889973380657,0.6787932564330079,1.5572315882874888,0.19964507542147295,0.5590062111801242,2.1162377994676134,17.808340727595386,8.025732031943212,4.511978704525289,1.437444543034605,0.8385093167701864,2.7151730257320317,1.3575865128660158,0.19964507542147295,0.0,0.0,10.549618320610687,48.78048780487805,45.06726457399103,31.858407079646017,6.8256876663708965
italy,Serie A,2025,Walid Cheddira,27.0,F,Morocco,187.0,80.0,33,12,1247.0,4.0,1.0,0.0,0.0,0,0,3,0.0,0,0.7939053728949479,1.5878107457898958,0.8660785886126704,0.28869286287089013,0.07217321571772253,0.36086607858861264,0.28869286287089013,14.939855653568566,0.7939053728949479,0.36086607858861264,0.2165196471531676,0.14434643143544507,0.5052125100240578,13.207698476343225,5.340817963111467,1.8043303929430634,0.8660785886126704,0.14434643143544507,2.4538893344025663,1.9486768243785084,0.2165196471531676,0.0,0.0,7.118811881188119,54.54545454545454,40.43715846994536,48.0,6.710522088353414
italy,Serie A,2025,Warren Bondo,22.0,M,France,177.0,63.0,27,22,1769.0,0.0,0.0,0.0,0.0,0,0,5,0.0,0,0.0,0.25438100621820237,0.10175240248728094,0.0,0.0,0.0,0.0,39.47993216506501,0.15262860373092144,1.5771622385528548,0.15262860373092144,0.4070096099491238,1.9841718485019784,8.801582815149802,4.32447710570944,1.3227812323346524,0.7631430186546071,0.4578858111927643,1.6789146410401357,1.9841718485019784,0.25438100621820237,0.0,0.0,28.542525773195877,40.0,49.13294797687861,57.692307692307686,6.652345958168457
italy,Serie A,2025,Wedtoin Latif Ouedraogo,18.0,D,,,,2,0,49.0,0.0,0.0,0.0,0.0,0,0,0,0.0,0,0.0,0.0,0.0,0.0,0.0,0.0,0.0,29.387755102040813,0.0,9.183673469387756,0.0,1.8367346938775508,11.020408163265305,22.04081632653061,12.857142857142856,3.6734693877551017,0.0,0.0,3.6734693877551017,3.6734693877551017,0.0,0.0,0.0,6.25,,58.333333333333336,0.0,6.716326530612245
italy,Serie A,2025,Wesley,22.0,M,Brazil,173.0,73.0,30,28,2457.0,5.0,0.0,1.0,0.0,0,0,7,0.0,2,0.07326007326007326,0.7326007326007326,0.47619047619047616,0.18315018315018314,0.0,0.18315018315018314,0.18315018315018314,37.65567765567766,1.208791208791209,1.9413919413919412,0.18315018315018314,0.8424908424908425,2.7838827838827838,11.611721611721611,5.457875457875458,2.197802197802198,0.5128205128205129,1.098901098901099,2.087912087912088,1.3186813186813187,0.25641025641025644,0.0,0.07326007326007326,31.056420233463037,65.0,47.003154574132495,23.333333333333332,7.034391534391534
italy,Serie A,2025,Weston McKennie,27.0,M,USA,183.0,84.0,36,32,2841.0,5.0,5.0,0.0,0.0,0,0,5,0.0,0,0.22175290390707497,1.1404435058078142,0.5068637803590285,0.1583949313621964,0.1583949313621964,0.3167898627243928,0.1583949313621964,37.60295670538543,1.5205913410770855,1.2671594508975712,0.25343189017951423,0.791974656810982,2.059134107708553,7.50791974656811,3.6114044350580783,1.0454065469904963,0.5385427666314677,0.3484688489968321,0.3484688489968321,1.3938753959873285,0.1583949313621964,0.0,0.0,31.279696714406064,44.44444444444444,48.10126582278481,51.515151515151516,6.87245508982036
italy,Serie A,2025,Wisdom Acquah,18.0,M,,,,0,0,0.0,0.0,0.0,0.0,0.0,0,0,0,0.0,0,,,,,,,,,,,,,,,,,,,,,,,,,,,,
italy,Serie A,2025,Wladimiro Falcone,30.0,G,Italy,195.0,85.0,38,38,3420.0,0.0,0.0,0.0,0.0,0,0,2,0.0,0,0.0,0.0,0.0,0.0,0.0,0.0,0.0,30.026315789473685,0.026315789473684213,0.052631578947368425,0.0,0.0,0.052631578947368425,0.6842105263157895,0.631578947368421,0.0,0.0,0.026315789473684213,0.2105263157894737,0.0,0.052631578947368425,0.0,0.0,14.141104294478527,,92.3076923076923,,6.978947368421053
italy,Serie A,2025,Woyo Coulibaly,26.0,D,France,188.0,77.0,20,9,1048.0,0.0,0.0,0.0,0.0,0,0,2,0.0,0,0.0,0.25763358778625955,0.08587786259541984,0.0,0.0,0.0,0.0,37.35687022900763,0.34351145038167935,2.0610687022900764,0.34351145038167935,0.7729007633587787,2.8339694656488548,8.244274809160306,4.293893129770993,0.9446564885496184,0.6870229007633587,0.601145038167939,1.0305343511450382,1.2881679389312977,0.17175572519083968,0.0,0.0,28.77471264367816,33.33333333333333,52.083333333333336,72.72727272727273,6.626335877862595
italy,Serie A,2025,Yael Trepy,19.0,F,,,,8,0,105.0,1.0,0.0,0.0,0.0,0,0,0,0.0,0,1.7142857142857144,3.428571428571429,1.7142857142857144,0.8571428571428572,0.0,0.8571428571428572,0.8571428571428572,12.857142857142856,1.7142857142857144,1.7142857142857144,0.0,0.8571428571428572,2.571428571428571,14.571428571428573,6.0,1.7142857142857144,1.7142857142857144,0.0,1.7142857142857144,0.8571428571428572,0.0,0.0,0.0,1.6153846153846154,50.0,41.17647058823529,100.0,6.612745098039215
italy,Serie A,2025,Yann Bisseck,25.0,D,Germany,196.0,83.0,23,21,1922.0,3.0,1.0,0.0,0.0,0,0,2,0.0,0,0.1404786680541103,0.7960457856399583,0.5619146722164412,0.1404786680541103,0.04682622268470344,0.18730489073881376,0.1404786680541103,60.78043704474506,0.4214360041623309,1.2643080124869928,0.32778355879292403,1.0770031217481788,2.3413111342351716,6.930280957336109,4.1675338189386055,0.5619146722164412,0.3746097814776275,0.3746097814776275,0.749219562955255,0.9833506763787722,0.09365244536940688,0.0,0.0,59.78428351309707,70.58823529411765,60.13513513513513,66.66666666666666,7.1797086368366285
italy,Serie A,2025,Yann Sommer,37.0,G,Switzerland,183.0,79.0,33,33,2961.0,0.0,0.0,0.0,0.0,0,0,0,0.0,0,0.0,0.0,0.0,0.0,0.0,0.0,0.0,31.82370820668693,0.0,0.0,0.0,0.0,0.0,0.18237082066869303,0.12158054711246201,0.0,0.0,0.030395136778115502,0.09118541033434652,0.0,0.0,0.0,0.0,27.78319006685769,,66.66666666666666,,6.925531914893617
italy,Serie A,2025,Yeferson Paz,23.0,D,Colombia,176.0,67.0,0,0,0.0,0.0,0.0,0.0,0.0,0,0,0,0.0,0,,,,,,,,,,,,,,,,,,,,,,,,,,,,
italy,Serie A,2025,Yellu Santiago,21.0,M,Spain,192.0,78.0,2,0,11.0,0.0,0.0,0.0,0.0,0,0,0,0.0,0,0.0,16.363636363636363,8.181818181818182,0.0,0.0,0.0,0.0,57.27272727272727,8.181818181818182,16.363636363636363,0.0,0.0,16.363636363636363,40.90909090909091,32.72727272727273,8.181818181818182,8.181818181818182,0.0,8.181818181818182,0.0,0.0,0.0,0.0,2.0,50.0,80.0,100.0,6.9
italy,Serie A,2025,Yerry Mina,31.0,D,Colombia,195.0,94.0,26,26,2153.0,2.0,0.0,0.0,0.0,0,0,5,0.0,1,0.12540640966093825,0.3344170924291686,0.12540640966093825,0.08360427310729215,0.0,0.08360427310729215,0.08360427310729215,50.204366000928935,0.3344170924291686,1.3376683697166745,0.9614491407338597,1.0868555503947979,2.4245239201114726,8.485833720390152,5.392475615420344,0.2090106827682304,0.08360427310729215,0.3344170924291686,1.546679052484905,1.0868555503947979,0.2090106827682304,0.0,0.04180213655364608,52.32639467110741,37.5,63.54679802955665,40.0,7.023734324198792
italy,Serie A,2025,Ylber Ramadani,29.0,M,Albania,185.0,80.0,37,37,3214.0,1.0,0.0,0.0,1.0,0,0,10,0.0,0,0.0,0.6720597386434349,0.14001244555071563,0.028002489110143122,0.0,0.028002489110143122,0.028002489110143122,40.491599253266955,0.5320472930927194,2.5482265090230243,0.3080273802115744,1.2881144990665836,3.8363410080896077,9.716863721219664,5.3764779091474795,0.7560672059738643,0.3920348475420038,1.4281269446172993,1.6521468574984441,1.2041070317361544,0.28002489110143125,0.0,0.0,33.98409405255878,20.833333333333336,55.3314121037464,51.85185185185185,6.94380833851898
italy,Serie A,2025,Youssef Maleh,27.0,M,Morocco,179.0,70.0,23,19,1570.0,1.0,0.0,0.0,0.0,0,0,4,0.0,1,0.0,0.9745222929936305,0.22929936305732482,0.057324840764331204,0.0,0.057324840764331204,0.057324840764331204,33.70700636942675,0.5159235668789809,2.178343949044586,0.17197452229299362,0.8025477707006369,2.9808917197452227,9.343949044585989,4.24203821656051,0.9171974522292993,0.40127388535031844,0.7452229299363057,1.0318471337579618,2.0636942675159236,0.22929936305732482,0.0,0.057324840764331204,25.70136518771331,23.52941176470588,45.39877300613497,43.75,6.589617834394905
italy,Serie A,2025,Youssouf Fofana,26.0,M,France,185.0,75.0,33,28,2217.0,2.0,3.0,0.0,1.0,0,0,4,0.0,0,0.0,1.4614343707713124,0.7307171853856562,0.08119079837618404,0.12178619756427606,0.20297699594046006,0.08119079837618404,32.598105548037886,1.4614343707713124,1.6644113667117728,0.16238159675236807,0.7713125845737484,2.435723951285521,7.7943166441136675,3.247631935047361,1.5426251691474968,0.5277401894451962,0.8119079837618403,0.6495263870094723,0.8525033829499323,0.16238159675236807,0.0,0.0,24.726027397260275,50.0,41.66666666666667,34.21052631578947,6.609201623815967
italy,Serie A,2025,Yunus Musah,23.0,M,USA,178.0,71.0,20,5,658.0,1.0,0.0,0.0,0.0,0,0,1,0.0,0,0.41033434650455924,0.8206686930091185,0.2735562310030395,0.13677811550151975,0.0,0.13677811550151975,0.13677811550151975,50.19756838905776,0.547112462006079,1.3677811550151977,0.2735562310030395,0.6838905775075989,2.0516717325227964,12.310030395136778,6.428571428571428,2.8723404255319145,1.9148936170212765,0.8206686930091185,2.4620060790273555,1.2310030395136777,0.13677811550151975,0.0,0.0,29.879781420765028,33.33333333333333,52.22222222222223,66.66666666666666,6.906564885496183
italy,Serie A,2025,Yvan Maye,19.0,D,,,,0,0,0.0,0.0,0.0,0.0,0.0,0,0,0,0.0,0,,,,,,,,,,,,,,,,,,,,,,,,,,,,
italy,Serie A,2025,Zachary Athekame,21.0,D,Switzerland,181.0,74.0,27,7,850.0,2.0,2.0,0.0,0.0,0,0,3,0.0,0,0.2117647058823529,0.9529411764705882,0.4235294117647058,0.2117647058823529,0.2117647058823529,0.4235294117647058,0.2117647058823529,37.90588235294118,1.2705882352941178,1.588235294117647,0.0,0.31764705882352945,1.9058823529411764,8.364705882352942,4.447058823529411,1.2705882352941178,0.5294117647058824,0.5294117647058824,1.2705882352941178,1.6941176470588233,0.31764705882352945,0.0,0.0,15.771186440677965,44.44444444444444,53.16455696202531,41.66666666666667,6.809316037735849
italy,Serie A,2025,Zakaria Aboukhlal,25.0,F,Morocco,179.0,74.0,15,6,520.0,0.0,0.0,0.0,0.0,0,0,4,0.0,0,1.2115384615384617,0.8653846153846154,0.34615384615384615,0.0,0.0,0.0,0.0,28.73076923076923,0.5192307692307693,3.807692307692308,0.17307692307692307,0.17307692307692307,3.980769230769231,15.923076923076923,7.4423076923076925,2.9423076923076925,1.0384615384615385,1.903846153846154,1.903846153846154,2.076923076923077,0.6923076923076923,0.0,0.0,15.548192771084338,40.0,46.73913043478261,35.294117647058826,6.7384615384615385
italy,Serie A,2025,Zalan Kugyela,18.0,M,,,,0,0,0.0,0.0,0.0,0.0,0.0,0,0,0,0.0,0,,,,,,,,,,,,,,,,,,,,,,,,,,,,
italy,Serie A,2025,Zanos Savva,20.0,F,Cyprus,188.0,,0,0,0.0,0.0,0.0,0.0,0.0,0,0,0,0.0,0,,,,,,,,,,,,,,,,,,,,,,,,,,,,
italy,Serie A,2025,Zeki Çelik,28.0,M,Türkiye,180.0,78.0,34,32,2730.0,1.0,2.0,0.0,0.0,0,0,2,0.0,1,0.0989010989010989,0.46153846153846156,0.13186813186813187,0.03296703296703297,0.06593406593406594,0.0989010989010989,0.03296703296703297,44.40659340659341,0.9230769230769231,2.10989010989011,0.1978021978021978,0.7252747252747254,2.835164835164835,8.208791208791208,4.1208791208791204,1.1868131868131868,0.26373626373626374,0.7582417582417582,0.5934065934065934,1.1538461538461537,0.06593406593406594,0.0,0.03296703296703297,37.534521158129174,28.57142857142857,50.20080321285141,22.22222222222222,6.855311355311355
italy,Serie A,2025,Zion Suzuki,23.0,G,Japan,190.0,98.0,20,20,1800.0,0.0,0.0,0.0,0.0,0,0,0,0.0,0,0.0,0.0,0.0,0.0,0.0,0.0,0.0,35.0,0.05,0.0,0.0,0.0,0.0,0.6000000000000001,0.55,0.0,0.0,0.05,0.2,0.0,0.0,0.0,0.0,22.845714285714287,,91.66666666666666,,7.055
italy,Serie A,2025,Zito Luvumbo,23.0,F,Angola,171.0,65.0,12,2,335.0,0.0,0.0,0.0,0.0,0,0,0,0.0,0,0.0,2.955223880597015,1.6119402985074627,0.0,0.0,0.0,0.0,17.46268656716418,0.8059701492537313,0.5373134328358209,0.0,0.26865671641791045,0.8059701492537313,12.895522388059701,6.447761194029851,3.2238805970149254,0.8059701492537313,0.8059701492537313,4.835820895522388,1.0746268656716418,0.0,0.0,0.0,8.246153846153845,54.54545454545454,50.0,25.0,6.560298507462686
italy,Serie A,2025,Zé Pedro,28.0,D,Portugal,187.0,84.0,23,20,1713.0,0.0,1.0,0.0,0.0,0,0,6,0.0,0,0.0,0.3152364273204904,0.0,0.0,0.05253940455341506,0.05253940455341506,0.0,50.12259194395797,0.1576182136602452,1.6287215411558669,0.6830122591943958,1.0507880910683012,2.679509632224168,7.618213660245184,3.5726795096322244,0.36777583187390545,0.2626970227670753,1.1558669001751314,0.7880910683012259,1.5236427320490369,0.3152364273204904,0.0,0.0,52.363731656184484,0.0,46.89655172413793,71.42857142857143,6.626328079392878
italy,Serie A,2025,Álex Jiménez,20.0,D,Spain,177.0,73.0,1,0,45.0,0.0,0.0,0.0,0.0,0,0,1,0.0,0,0.0,0.0,0.0,0.0,0.0,0.0,0.0,40.0,4.0,0.0,0.0,0.0,0.0,18.0,10.0,14.0,8.0,2.0,2.0,0.0,2.0,0.0,0.0,19.0,,55.55555555555556,57.14285714285714,6.7
italy,Serie A,2025,Álex Valle,21.0,D,Spain,178.0,72.0,28,23,2025.0,1.0,4.0,0.0,0.0,0,0,3,0.0,0,0.044444444444444446,0.3111111111111111,0.08888888888888889,0.044444444444444446,0.17777777777777778,0.2222222222222222,0.044444444444444446,45.02222222222222,0.6222222222222222,2.2666666666666666,0.3111111111111111,1.0222222222222221,3.288888888888889,8.177777777777777,4.133333333333333,0.8444444444444444,0.2222222222222222,1.0222222222222221,0.8444444444444444,1.511111111111111,0.13333333333333333,0.0,0.0,40.34782608695652,28.57142857142857,50.54347826086957,26.31578947368421,6.775407407407408
italy,Serie A,2025,Álvaro Morata,33.0,F,Spain,190.0,84.0,26,9,932.0,0.0,1.0,1.0,0.0,0,1,4,0.0,1,0.8690987124463521,1.834763948497854,0.7725321888412017,0.0,0.09656652360515021,0.09656652360515021,0.0,22.3068669527897,0.9656652360515021,1.351931330472103,0.0,0.09656652360515021,1.448497854077253,11.974248927038627,6.276824034334763,0.6759656652360515,0.19313304721030042,0.5793991416309013,3.186695278969957,1.5450643776824033,0.38626609442060084,0.0,0.09656652360515021,12.406113537117903,42.10526315789473,52.41935483870967,28.57142857142857,6.544301075268817
italy,Serie A,2025,Éderson,26.0,M,Brazil,183.0,83.0,30,26,2235.0,2.0,1.0,0.0,0.0,1,0,3,0.0,0,0.08053691275167786,0.8456375838926173,0.4429530201342282,0.08053691275167786,0.04026845637583893,0.12080536912751677,0.04026845637583893,53.718120805369125,1.0067114093959733,2.375838926174497,0.2818791946308725,1.12751677852349,3.5033557046979866,10.14765100671141,5.436241610738255,1.167785234899329,0.6442953020134229,0.7651006711409396,1.610738255033557,1.3691275167785235,0.12080536912751677,0.0,0.0,44.70839580209895,52.38095238095239,53.57142857142857,55.172413793103445,7.029082774049217
italy,Serie A,2025,Þórir Jóhann Helgason,25.0,M,Iceland,187.0,66.0,8,1,145.0,0.0,0.0,0.0,0.0,0,0,0,0.0,0,0.0,1.2413793103448276,1.2413793103448276,0.0,0.0,0.0,0.0,28.551724137931036,1.8620689655172413,1.2413793103448276,1.2413793103448276,1.8620689655172413,3.103448275862069,9.310344827586206,5.586206896551724,4.344827586206897,3.7241379310344827,0.0,0.0,0.0,0.0,0.0,0.0,4.978260869565218,100.0,60.0,85.71428571428571,6.544827586206897
italy,Serie A,2025,Łukasz Skorupski,34.0,G,Poland,187.0,90.0,19,19,1594.0,0.0,0.0,0.0,0.0,0,0,1,0.0,1,0.0,0.0,0.0,0.0,0.0,0.0,0.0,36.47427854454203,0.0,0.0,0.0,0.0,0.0,0.6775407779171895,0.6210790464240903,0.0,0.0,0.0,0.45169385194479295,0.05646173149309912,0.05646173149309912,0.0,0.05646173149309912,29.58823529411765,,91.66666666666666,,6.8346298619824335
