country,league,season,player_name,age,position,nationality,height,weight,appearances,starts,minutes,goals_total,assists,penalty_won,penalty_committed,penalty_scored,penalty_missed,yellow_cards,yellowred_cards,red_cards,offsides_per90,shots_total_per90,shots_on_per90,goals_total_per90,assists_per90,goals_plus_assists_per90,non_penalty_goals_per90,passes_total_per90,passes_key_per90,tackles_total_per90,blocks_per90,interceptions_per90,tackles_plus_interceptions_per90,duels_total_per90,duels_won_per90,dribbles_attempts_per90,dribbles_success_per90,dribbles_past_per90,fouls_drawn_per90,fouls_committed_per90,yellow_cards_per90,yellowred_cards_per90,red_cards_per90,passes_accuracy_pct,shots_on_target_pct,duels_won_pct,dribbles_success_pct,rating_weighted
mexico,Liga MX,2025,Aaron Ramsey,35.0,M,Wales,178.0,76.0,6,3,235.0,1.0,0.0,0.0,0.0,0,1,1,0.0,0,0.0,2.2978723404255317,0.3829787234042553,0.3829787234042553,0.0,0.3829787234042553,0.3829787234042553,46.34042553191489,1.9148936170212765,1.1489361702127658,0.0,0.3829787234042553,1.5319148936170213,6.8936170212765955,3.4468085106382977,1.1489361702127658,0.3829787234042553,0.0,1.9148936170212765,0.7659574468085106,0.3829787234042553,0.0,0.0,17.65289256198347,16.666666666666664,50.0,33.33333333333333,6.36468085106383
mexico,Liga MX,2025,Aarón Mejía,24.0,D,Mexico,173.0,66.0,11,6,568.0,0.0,0.0,0.0,1.0,0,0,3,0.0,0,0.0,0.0,0.0,0.0,0.0,0.0,0.0,27.570422535211264,0.7922535211267606,1.5845070422535212,0.6338028169014085,1.267605633802817,2.852112676056338,6.496478873239437,3.3274647887323945,0.31690140845070425,0.15845070422535212,0.15845070422535212,0.31690140845070425,1.9014084507042253,0.4753521126760563,0.0,0.0,23.120689655172413,,51.21951219512195,50.0,6.51338028169014
mexico,Liga MX,2025,Abraham Villegas Maciel,23.0,D,Mexico,,,2,1,110.0,0.0,0.0,0.0,0.0,0,0,0,0.0,0,0.0,0.0,0.0,0.0,0.0,0.0,0.0,33.54545454545455,1.6363636363636362,0.8181818181818181,0.0,1.6363636363636362,2.4545454545454546,0.8181818181818181,0.8181818181818181,0.0,0.0,0.0,0.0,0.0,0.0,0.0,0.0,23.365853658536587,,100.0,,6.681818181818182
mexico,Liga MX,2025,Adalberto Carrasquilla,27.0,M,Panama,170.0,65.0,38,32,2860.0,2.0,6.0,1.0,1.0,0,0,11,0.0,0,0.03146853146853147,0.8181818181818181,0.34615384615384615,0.06293706293706294,0.1888111888111888,0.2517482517482518,0.06293706293706294,44.811188811188806,1.5104895104895104,0.8181818181818181,0.1888111888111888,0.7552447552447552,1.5734265734265735,8.590909090909092,4.027972027972028,1.4160839160839163,0.8496503496503497,0.4405594405594406,1.8566433566433567,1.6993006993006994,0.34615384615384615,0.0,0.0,36.75772471910113,42.30769230769231,46.88644688644688,60.0,6.940244755244755
mexico,Liga MX,2025,Adonis Frías,27.0,D,Argentina,188.0,80.0,5,4,369.0,0.0,0.0,0.0,0.0,0,0,0,0.0,0,0.0,1.2195121951219512,0.24390243902439024,0.0,0.0,0.0,0.0,42.4390243902439,0.24390243902439024,1.7073170731707317,0.4878048780487805,0.4878048780487805,2.1951219512195124,9.51219512195122,6.585365853658536,0.24390243902439024,0.24390243902439024,0.7317073170731708,0.7317073170731708,0.7317073170731708,0.0,0.0,0.0,39.145348837209305,20.0,69.23076923076923,100.0,6.926829268292683
mexico,Liga MX,2025,Adonis Preciado,28.0,F,Ecuador,,,35,20,1987.0,3.0,2.0,3.0,0.0,1,1,5,0.0,0,0.6794162053346754,1.4041268243583291,0.498238550578762,0.13588324106693508,0.09058882737795672,0.2264720684448918,0.09058882737795672,18.933064921992955,0.8152994464016106,2.2194262707599397,0.09058882737795672,0.4076497232008053,2.627075993960745,14.222445898339204,7.926522395571213,3.170608958228485,1.0870659285354807,0.6794162053346754,2.4458983392048315,1.7664821338701562,0.2264720684448918,0.0,0.0,11.663461538461538,35.483870967741936,55.73248407643312,34.285714285714285,6.966280825364872
mexico,Liga MX,2025,Adrián Mora,28.0,D,Mexico,185.0,81.0,16,14,1257.0,2.0,0.0,0.0,1.0,0,0,4,0.0,0,0.0,0.35799522673031026,0.2863961813842482,0.1431980906921241,0.0,0.1431980906921241,0.1431980906921241,31.718377088305488,0.0,1.7183770883054894,0.8591885441527447,0.7875894988066825,2.5059665871121717,7.5894988066825775,3.5083532219570404,0.07159904534606205,0.07159904534606205,0.35799522673031026,0.21479713603818618,1.575178997613365,0.2863961813842482,0.0,0.0,30.17607223476298,80.0,46.22641509433962,100.0,6.515047770700637
mexico,Liga MX,2025,Agustín Almendra,25.0,M,Argentina,175.0,78.0,10,5,448.0,0.0,0.0,0.0,0.0,0,0,0,0.0,0,0.0,0.6026785714285714,0.0,0.0,0.0,0.0,0.0,31.33928571428571,1.0044642857142858,0.0,0.20089285714285712,0.8035714285714285,0.8035714285714285,3.013392857142857,1.2053571428571428,0.6026785714285714,0.20089285714285712,0.6026785714285714,0.6026785714285714,0.40178571428571425,0.0,0.0,0.0,15.685897435897436,0.0,40.0,33.33333333333333,6.745089285714286
mexico,Liga MX,2025,Agustín Oliveros,27.0,D,Uruguay,183.0,79.0,23,23,2043.0,2.0,1.0,0.0,0.0,0,0,3,0.0,1,0.0,0.748898678414097,0.1762114537444934,0.0881057268722467,0.04405286343612335,0.13215859030837004,0.0881057268722467,48.14977973568282,0.44052863436123346,0.8370044052863436,0.6167400881057269,0.5286343612334802,1.3656387665198237,5.726872246696035,3.436123348017621,0.13215859030837004,0.0881057268722467,0.3524229074889868,0.8810572687224669,0.8370044052863436,0.13215859030837004,0.0,0.04405286343612335,45.42543458371455,23.52941176470588,60.0,66.66666666666666,6.734067547723936
mexico,Liga MX,2025,Agustín Palavecino,29.0,M,Argentina,178.0,73.0,38,37,3212.0,8.0,5.0,0.0,1.0,1,0,10,0.0,0,0.028019925280199254,2.1295143212951433,1.2048567870485678,0.22415940224159403,0.14009962640099627,0.36425902864259024,0.19613947696139478,49.62328767123287,2.7179327521793275,2.3536737235367373,0.16811955168119552,0.6164383561643836,2.9701120797011207,11.151930261519302,5.23972602739726,1.681195516811955,0.8686176836861769,1.2608966376089663,1.5410958904109588,1.3729763387297633,0.28019925280199254,0.0,0.0,40.26030491247882,56.57894736842105,46.984924623115575,51.66666666666667,7.308281444582815
mexico,Liga MX,2025,Agustín Rodríguez,27.0,F,,,,12,2,343.0,1.0,0.0,1.0,0.0,0,0,0,0.0,0,0.7871720116618076,1.8367346938775508,0.5247813411078717,0.26239067055393583,0.0,0.26239067055393583,0.26239067055393583,14.956268221574344,1.0495626822157433,0.26239067055393583,0.0,0.26239067055393583,0.5247813411078717,13.119533527696793,4.723032069970846,0.7871720116618076,0.26239067055393583,0.0,2.0991253644314867,1.5743440233236152,0.0,0.0,0.0,4.894736842105263,28.57142857142857,36.0,33.33333333333333,6.50524781341108
mexico,Liga MX,2025,Alan Bautista,23.0,M,Mexico,168.0,60.0,35,25,2282.0,3.0,2.0,0.0,0.0,0,0,6,0.0,1,0.03943908851884312,0.9070990359333917,0.3943908851884312,0.11831726555652937,0.07887817703768624,0.1971954425942156,0.11831726555652937,33.799298860648555,1.617002629272568,1.4986853637160384,0.11831726555652937,0.5521472392638037,2.0508326029798423,6.270815074496055,3.3523225241016656,0.7887817703768624,0.5127081507449606,0.4732690622261175,0.946538124452235,0.7099035933391761,0.23663453111305874,0.0,0.03943908851884312,26.79813302217036,43.47826086956522,53.459119496855344,65.0,6.878001752848379
mexico,Liga MX,2025,Alan Cervantes,27.0,M,Mexico,178.0,69.0,19,7,680.0,1.0,0.0,0.0,0.0,0,0,1,0.0,0,0.0,0.2647058823529412,0.2647058823529412,0.1323529411764706,0.0,0.1323529411764706,0.1323529411764706,54.79411764705882,0.9264705882352942,1.8529411764705883,0.1323529411764706,0.6617647058823529,2.514705882352941,7.676470588235294,4.5,0.9264705882352942,0.39705882352941174,0.6617647058823529,1.4558823529411766,0.2647058823529412,0.1323529411764706,0.0,0.0,40.5024154589372,100.0,58.620689655172406,42.857142857142854,7.113421828908554
mexico,Liga MX,2025,Alan Medina,28.0,M,Mexico,182.0,74.0,33,22,1962.0,4.0,4.0,0.0,0.0,0,0,4,0.0,0,0.045871559633027525,0.7798165137614679,0.5045871559633027,0.1834862385321101,0.1834862385321101,0.3669724770642202,0.1834862385321101,34.174311926605505,0.8715596330275229,1.6972477064220182,0.09174311926605505,0.7798165137614679,2.4770642201834865,10.18348623853211,4.311926605504587,2.6605504587155964,0.9174311926605505,0.8256880733944955,1.1009174311926606,1.055045871559633,0.1834862385321101,0.0,0.0,25.261163734776726,64.70588235294117,42.34234234234234,34.48275862068966,6.784811416921508
mexico,Liga MX,2025,Alan Montes,25.0,D,Mexico,191.0,88.0,0,0,0.0,0.0,0.0,0.0,0.0,0,0,0,0.0,0,,,,,,,,,,,,,,,,,,,,,,,,,,,,
mexico,Liga MX,2025,Alan Mozo,28.0,D,Mexico,173.0,79.0,8,4,401.0,0.0,1.0,0.0,0.0,0,0,2,0.0,0,0.0,0.0,0.0,0.0,0.22443890274314213,0.22443890274314213,0.0,31.421446384039903,2.0199501246882794,2.0199501246882794,0.0,1.1221945137157108,3.1421446384039897,8.079800498753118,3.1421446384039897,1.1221945137157108,0.44887780548628425,1.795511221945137,0.6733167082294265,1.346633416458853,0.44887780548628425,0.0,0.0,19.1,,38.88888888888889,40.0,6.592518703241895
mexico,Liga MX,2025,Alan Pulido,34.0,F,Mexico,178.0,82.0,6,2,263.0,0.0,0.0,0.0,0.0,0,1,0,0.0,0,0.6844106463878327,1.3688212927756653,0.34220532319391633,0.0,0.0,0.0,0.0,28.06083650190114,0.34220532319391633,1.0266159695817492,0.34220532319391633,0.0,1.0266159695817492,8.897338403041825,4.448669201520913,1.0266159695817492,0.6844106463878327,0.34220532319391633,1.3688212927756653,0.6844106463878327,0.0,0.0,0.0,20.20731707317073,25.0,50.0,66.66666666666666,6.543346007604563
mexico,Liga MX,2025,Alan Sandoval,20.0,M,,,,0,0,0.0,0.0,0.0,0.0,0.0,0,0,0,0.0,0,,,,,,,,,,,,,,,,,,,,,,,,,,,,
mexico,Liga MX,2025,Alan Torres,25.0,M,Mexico,174.0,60.0,4,0,95.0,0.0,0.0,0.0,0.0,0,0,0,0.0,0,0.0,0.0,0.0,0.0,0.0,0.0,0.0,54.94736842105263,0.0,0.9473684210526315,1.894736842105263,0.0,0.9473684210526315,9.473684210526315,1.894736842105263,0.9473684210526315,0.9473684210526315,0.9473684210526315,0.0,4.7368421052631575,0.0,0.0,0.0,16.06896551724138,,20.0,100.0,6.785263157894737
mexico,Liga MX,2025,Alan Vélez,22.0,D,Mexico,178.0,,0,0,0.0,0.0,0.0,0.0,0.0,0,0,0,0.0,0,,,,,,,,,,,,,,,,,,,,,,,,,,,,
mexico,Liga MX,2025,Alberto Herrera,24.0,M,Mexico,174.0,78.0,4,3,280.0,1.0,0.0,0.0,0.0,0,0,1,0.0,0,0.0,0.3214285714285714,0.3214285714285714,0.3214285714285714,0.0,0.3214285714285714,0.3214285714285714,25.71428571428571,0.3214285714285714,2.8928571428571423,0.0,1.607142857142857,4.5,10.285714285714285,4.178571428571429,1.2857142857142856,0.3214285714285714,1.9285714285714286,0.6428571428571428,1.607142857142857,0.3214285714285714,0.0,0.0,16.775,100.0,40.625,25.0,6.707142857142857
mexico,Liga MX,2025,Aldahir Pérez,21.0,M,Mexico,,,10,3,289.0,1.0,0.0,0.0,0.0,0,0,0,0.0,0,0.0,0.9342560553633218,0.6228373702422145,0.31141868512110726,0.0,0.31141868512110726,0.31141868512110726,35.813148788927336,1.245674740484429,1.245674740484429,0.31141868512110726,0.6228373702422145,1.8685121107266436,9.965397923875432,4.671280276816609,0.9342560553633218,0.31141868512110726,0.9342560553633218,1.8685121107266436,1.245674740484429,0.0,0.0,0.0,13.304347826086957,66.66666666666666,46.875,33.33333333333333,6.847404844290658
mexico,Liga MX,2025,Aldo Cruz,28.0,D,Mexico,173.0,62.0,18,8,864.0,0.0,0.0,0.0,0.0,0,0,2,0.0,0,0.10416666666666666,0.10416666666666666,0.0,0.0,0.0,0.0,0.0,37.083333333333336,0.7291666666666666,1.875,0.10416666666666666,0.8333333333333333,2.708333333333333,7.708333333333334,4.479166666666667,0.8333333333333333,0.5208333333333333,0.625,1.1458333333333333,0.8333333333333333,0.20833333333333331,0.0,0.0,26.519662921348313,0.0,58.108108108108105,62.5,6.589814814814815
mexico,Liga MX,2025,Aldo Lopez,25.0,M,Mexico,173.0,67.0,30,23,2049.0,4.0,1.0,0.0,0.0,0,0,3,0.0,0,0.13177159590043924,1.2298682284040996,0.6588579795021963,0.17569546120058566,0.043923865300146414,0.21961932650073207,0.17569546120058566,21.390922401171302,0.48316251830161056,1.581259150805271,0.2635431918008785,1.1859443631039532,2.767203513909224,6.632503660322109,3.821376281112738,0.7906295754026355,0.3953147877013177,0.746705710102489,1.3177159590043925,0.746705710102489,0.13177159590043924,0.0,0.0,16.91170431211499,53.57142857142857,57.615894039735096,50.0,6.79970703125
mexico,Liga MX,2025,Aldo Rocha,33.0,M,Mexico,165.0,62.0,31,30,2545.0,1.0,2.0,0.0,0.0,1,0,9,0.0,1,0.03536345776031434,0.3182711198428291,0.07072691552062868,0.03536345776031434,0.07072691552062868,0.10609037328094302,0.0,44.66404715127702,0.5304518664047151,1.3791748526522594,0.4950884086444008,0.9548133595284871,2.3339882121807465,7.7092337917485265,3.6070726915520632,0.4950884086444008,0.1768172888015717,0.8840864440078585,1.3084479371316307,1.4145383104125735,0.3182711198428291,0.0,0.03536345776031434,38.7403008709422,22.22222222222222,46.788990825688074,35.714285714285715,6.747229862475442
mexico,Liga MX,2025,Alejandro Alcala,20.0,M,Mexico,170.0,68.0,0,0,0.0,0.0,0.0,0.0,0.0,0,0,0,0.0,0,,,,,,,,,,,,,,,,,,,,,,,,,,,,
mexico,Liga MX,2025,Alejandro Andrade,24.0,M,Mexico,170.0,66.0,5,1,106.0,0.0,0.0,0.0,0.0,0,0,2,0.0,0,0.0,1.6981132075471697,1.6981132075471697,0.0,0.0,0.0,0.0,26.32075471698113,0.8490566037735848,1.6981132075471697,0.0,0.0,1.6981132075471697,12.735849056603774,4.245283018867925,0.0,0.0,0.8490566037735848,0.8490566037735848,3.3962264150943393,1.6981132075471697,0.0,0.0,5.862068965517241,100.0,33.33333333333333,,6.477358490566039
mexico,Liga MX,2025,Alejandro Juarez,17.0,D,Mexico,158.0,50.0,0,0,0.0,0.0,0.0,0.0,0.0,0,0,0,0.0,0,,,,,,,,,,,,,,,,,,,,,,,,,,,,
mexico,Liga MX,2025,Alejandro Magallon,20.0,D,,,,0,0,0.0,0.0,0.0,0.0,0.0,0,0,0,0.0,0,,,,,,,,,,,,,,,,,,,,,,,,,,,,
mexico,Liga MX,2025,Alejandro Mayorga,28.0,D,Mexico,177.0,69.0,34,32,2895.0,0.0,3.0,0.0,0.0,0,0,9,0.0,1,0.0,0.27979274611398963,0.09326424870466321,0.0,0.09326424870466321,0.09326424870466321,0.0,46.50777202072539,1.0259067357512954,1.8963730569948185,0.6839378238341969,1.150259067357513,3.0466321243523318,8.549222797927461,4.66321243523316,1.5233160621761659,0.6217616580310881,0.7150259067357512,1.305699481865285,1.0880829015544042,0.27979274611398963,0.0,0.031088082901554404,43.3168449197861,33.33333333333333,54.54545454545454,40.816326530612244,6.942832469775475
mexico,Liga MX,2025,Alejandro Organista,25.0,M,Mexico,162.0,51.0,34,27,2292.0,1.0,1.0,0.0,0.0,0,0,5,0.0,0,0.03926701570680628,0.6282722513089005,0.27486910994764396,0.03926701570680628,0.03926701570680628,0.07853403141361257,0.03926701570680628,39.502617801047116,1.2958115183246073,2.0418848167539267,0.15706806282722513,0.6282722513089005,2.6701570680628275,8.56020942408377,4.319371727748691,1.3350785340314137,0.706806282722513,0.706806282722513,1.1387434554973823,1.2958115183246073,0.19633507853403143,0.0,0.0,32.192842942345926,43.75,50.45871559633027,52.94117647058824,6.747315582714972
mexico,Liga MX,2025,Alejandro Zendejas,27.0,M,USA,167.0,66.0,28,23,2117.0,12.0,7.0,1.0,0.0,4,0,4,0.0,0,0.17005196032120926,1.9555975436939064,1.0628247520075578,0.5101558809636279,0.2975909305621162,0.807746811525744,0.3401039206424185,43.78837978271138,1.8705715635333018,1.3179026924893718,0.042512990080302314,0.42512990080302315,1.7430325932923947,10.500708549834672,5.186584789796882,3.0609352857817664,1.4454416627302786,0.9352857817666509,2.21067548417572,0.9352857817666509,0.17005196032120926,0.0,0.0,35.62621359223301,54.347826086956516,49.392712550607285,47.22222222222222,7.364666981577704
mexico,Liga MX,2025,Alek Álvarez,22.0,D,Mexico,174.0,67.0,4,1,158.0,0.0,0.0,0.0,0.0,0,0,2,0.0,0,0.0,0.569620253164557,0.569620253164557,0.0,0.0,0.0,0.0,45.0,1.139240506329114,3.4177215189873418,0.0,2.848101265822785,6.265822784810126,11.39240506329114,5.1265822784810124,1.7088607594936709,0.569620253164557,0.569620253164557,0.0,2.848101265822785,1.139240506329114,0.0,0.0,32.36708860759494,100.0,45.0,33.33333333333333,6.49113924050633
mexico,Liga MX,2025,Alemão,27.0,F,Brazil,182.0,88.0,3,1,109.0,0.0,0.0,1.0,0.0,0,0,0,0.0,0,0.0,2.4770642201834865,1.651376146788991,0.0,0.0,0.0,0.0,20.642201834862387,4.128440366972478,0.8256880733944955,0.0,0.0,0.8256880733944955,14.862385321100918,9.08256880733945,2.4770642201834865,1.651376146788991,0.0,3.302752293577982,2.4770642201834865,0.0,0.0,0.0,6.88,66.66666666666666,61.111111111111114,66.66666666666666,6.75137614678899
mexico,Liga MX,2025,Alex Gutierrez,17.0,F,Mexico,,,0,0,0.0,0.0,0.0,0.0,0.0,0,0,0,0.0,0,,,,,,,,,,,,,,,,,,,,,,,,,,,,
mexico,Liga MX,2025,Alexei Domínguez,20.0,M,Mexico,171.0,67.0,30,19,1611.0,2.0,4.0,0.0,0.0,0,0,2,0.0,0,0.0,1.0614525139664803,0.44692737430167595,0.11173184357541899,0.22346368715083798,0.33519553072625696,0.11173184357541899,25.642458100558656,1.229050279329609,1.5083798882681565,0.055865921787709494,0.5027932960893855,2.011173184357542,10.782122905027933,4.916201117318436,2.513966480446927,1.229050279329609,1.005586592178771,1.452513966480447,1.0614525139664803,0.11173184357541899,0.0,0.0,14.342047930283224,42.10526315789473,45.59585492227979,48.888888888888886,6.760086902545003
mexico,Liga MX,2025,Alexis Canelo,33.0,F,Argentina,182.0,70.0,6,4,285.0,0.0,0.0,0.0,0.0,0,0,0,0.0,0,0.3157894736842105,1.263157894736842,0.3157894736842105,0.0,0.0,0.0,0.0,22.105263157894736,0.631578947368421,0.3157894736842105,0.3157894736842105,0.0,0.3157894736842105,10.105263157894736,3.789473684210526,0.631578947368421,0.3157894736842105,0.0,1.894736842105263,1.894736842105263,0.0,0.0,0.0,11.371428571428572,25.0,37.5,50.0,6.432631578947368
mexico,Liga MX,2025,Alexis Gutiérrez,25.0,M,Mexico,173.0,74.0,24,14,1143.0,1.0,2.0,0.0,0.0,0,0,1,0.0,0,0.31496062992125984,0.6299212598425197,0.23622047244094488,0.07874015748031496,0.15748031496062992,0.23622047244094488,0.07874015748031496,40.15748031496063,1.732283464566929,1.1811023622047243,0.07874015748031496,0.8661417322834645,2.047244094488189,5.748031496062992,3.3858267716535435,0.8661417322834645,0.47244094488188976,0.23622047244094488,1.0236220472440944,0.5511811023622047,0.07874015748031496,0.0,0.0,25.609803921568627,37.5,58.9041095890411,54.54545454545454,6.778827646544182
mexico,Liga MX,2025,Alexis Peña,29.0,D,Mexico,187.0,72.0,28,28,2327.0,2.0,0.0,0.0,0.0,0,0,2,0.0,1,0.03867640739149119,0.19338203695745596,0.11602922217447356,0.07735281478298238,0.0,0.07735281478298238,0.07735281478298238,45.56080790717662,0.07735281478298238,0.7735281478298238,0.8508809626128061,1.3536742587021917,2.1272024065320156,5.49204984959175,3.2101418134937685,0.15470562956596476,0.11602922217447356,0.11602922217447356,0.46411688869789425,0.8895573700042975,0.07735281478298238,0.0,0.03867640739149119,47.906621392190154,60.0,58.45070422535211,75.0,6.75981951009884
mexico,Liga MX,2025,Alexis Vega,28.0,M,Mexico,165.0,60.0,22,17,1528.0,4.0,11.0,0.0,0.0,1,0,4,0.0,0,0.17670157068062825,2.0026178010471205,0.9424083769633509,0.23560209424083772,0.6479057591623036,0.8835078534031413,0.17670157068062825,41.99607329842932,4.1819371727748695,1.1780104712041886,0.0,0.23560209424083772,1.413612565445026,12.663612565445025,6.361256544502618,4.770942408376963,2.356020942408377,0.5301047120418848,2.768324607329843,1.3547120418848169,0.23560209424083772,0.0,0.0,30.74053295932679,47.05882352941176,50.23255813953489,49.382716049382715,7.595157068062827
mexico,Liga MX,2025,Alfonso Blanco,38.0,G,Mexico,181.0,87.0,0,0,0.0,0.0,0.0,0.0,0.0,0,0,0,0.0,0,,,,,,,,,,,,,,,,,,,,,,,,,,,,
mexico,Liga MX,2025,Ali Ávila,22.0,F,Mexico,178.0,65.0,24,21,1826.0,11.0,1.0,1.0,0.0,2,0,5,0.0,1,0.5914567360350492,1.823658269441402,0.9364731653888281,0.5421686746987953,0.04928806133625411,0.5914567360350492,0.443592552026287,16.46221248630887,1.0350492880613362,0.4928806133625411,0.0,0.09857612267250822,0.5914567360350492,9.85761226725082,3.3515881708652793,0.887185104052574,0.24644030668127054,0.443592552026287,1.0350492880613362,1.0843373493975905,0.24644030668127054,0.0,0.04928806133625411,11.850299401197605,51.35135135135135,34.0,27.77777777777778,6.73986856516977
mexico,Liga MX,2025,Allan Saint-Maximin,28.0,F,France,173.0,67.0,16,9,820.0,3.0,2.0,0.0,0.0,0,0,2,0.0,0,0.21951219512195122,2.3048780487804876,1.0975609756097562,0.32926829268292684,0.21951219512195122,0.5487804878048781,0.32926829268292684,36.65853658536585,2.524390243902439,0.6585365853658537,0.0,0.10975609756097561,0.7682926829268293,13.390243902439023,7.024390243902439,7.353658536585366,4.390243902439025,0.43902439024390244,1.975609756097561,1.0975609756097562,0.21951219512195122,0.0,0.0,26.20359281437126,47.61904761904761,52.459016393442624,59.70149253731343,7.179390243902439
mexico,Liga MX,2025,Allen Rojas,19.0,M,,,,3,1,111.0,0.0,0.0,0.0,0.0,0,0,0,0.0,0,0.0,1.6216216216216217,0.8108108108108109,0.0,0.0,0.0,0.0,44.5945945945946,0.8108108108108109,2.4324324324324325,0.0,0.8108108108108109,3.2432432432432434,8.108108108108107,4.0540540540540535,1.6216216216216217,0.8108108108108109,0.8108108108108109,0.0,2.4324324324324325,0.0,0.0,0.0,16.072727272727274,50.0,50.0,50.0,6.335135135135135
mexico,Liga MX,2025,Alonso Ramirez,24.0,M,Mexico,173.0,71.0,18,12,1166.0,0.0,0.0,0.0,0.0,0,0,5,0.0,0,0.0,0.38593481989708406,0.07718696397941681,0.0,0.0,0.0,0.0,34.81132075471698,0.38593481989708406,2.547169811320755,0.30874785591766724,1.3121783876500859,3.8593481989708405,8.722126929674099,5.09433962264151,0.6946826758147513,0.4631217838765009,0.5403087478559176,1.6209262435677532,1.6981132075471697,0.38593481989708406,0.0,0.0,26.56319290465632,20.0,58.4070796460177,66.66666666666666,6.691680960548885
mexico,Liga MX,2025,Alvaro Burgos,20.0,D,,,,5,5,450.0,1.0,0.0,0.0,2.0,0,0,2,0.0,0,0.0,0.6000000000000001,0.6000000000000001,0.2,0.0,0.2,0.2,29.6,0.0,1.4,0.2,0.8,2.2,8.200000000000001,3.6,2.0,0.8,0.6000000000000001,1.2000000000000002,1.0,0.4,0.0,0.0,26.43243243243243,100.0,43.90243902439025,40.0,6.0
mexico,Liga MX,2025,Amaury Garcia Moreno,24.0,M,Mexico,180.0,69.0,23,11,1144.0,0.0,0.0,0.0,0.0,0,0,4,0.0,0,0.0,0.6293706293706294,0.15734265734265734,0.0,0.0,0.0,0.0,33.59265734265734,0.3146853146853147,1.3374125874125875,0.3146853146853147,1.4160839160839163,2.7534965034965038,8.181818181818182,4.641608391608392,0.15734265734265734,0.07867132867132867,0.3933566433566434,0.8653846153846154,1.4947552447552448,0.3146853146853147,0.0,0.0,35.6440281030445,25.0,56.730769230769226,50.0,6.704199475065616
mexico,Liga MX,2025,Amaury Morales,20.0,M,Mexico,169.0,64.0,21,3,510.0,1.0,1.0,0.0,0.0,0,0,0,0.0,0,0.0,0.5294117647058824,0.3529411764705882,0.1764705882352941,0.1764705882352941,0.3529411764705882,0.1764705882352941,25.588235294117645,0.7058823529411764,1.9411764705882353,0.1764705882352941,0.3529411764705882,2.2941176470588234,7.764705882352941,4.764705882352941,2.4705882352941178,1.7647058823529411,0.7058823529411764,0.8823529411764706,0.7058823529411764,0.0,0.0,0.0,11.903448275862068,66.66666666666666,61.36363636363637,71.42857142857143,6.7952755905511815
mexico,Liga MX,2025,Anderson Duarte,21.0,F,Uruguay,169.0,64.0,24,11,1062.0,2.0,1.0,0.0,1.0,0,0,4,0.0,0,0.423728813559322,1.9491525423728815,0.423728813559322,0.1694915254237288,0.0847457627118644,0.2542372881355932,0.1694915254237288,17.11864406779661,1.0169491525423728,1.694915254237288,0.0,0.1694915254237288,1.864406779661017,14.830508474576272,5.76271186440678,3.728813559322034,1.7796610169491527,1.271186440677966,1.694915254237288,2.6271186440677967,0.3389830508474576,0.0,0.0,9.77889447236181,21.73913043478261,38.857142857142854,47.72727272727273,6.714514608859567
mexico,Liga MX,2025,Andres Montaño,23.0,M,Mexico,175.0,65.0,13,2,242.0,2.0,0.0,1.0,0.0,0,0,1,0.0,0,0.371900826446281,2.603305785123967,1.859504132231405,0.743801652892562,0.0,0.743801652892562,0.743801652892562,34.95867768595041,2.231404958677686,0.371900826446281,0.0,0.743801652892562,1.115702479338843,13.016528925619834,4.090909090909091,5.578512396694215,2.231404958677686,0.371900826446281,1.115702479338843,0.371900826446281,0.371900826446281,0.0,0.0,11.861702127659575,71.42857142857143,31.428571428571427,40.0,7.033891213389122
mexico,Liga MX,2025,Andryk Leon,,D,,,,0,0,0.0,0.0,0.0,0.0,0.0,0,0,0,0.0,0,,,,,,,,,,,,,,,,,,,,,,,,,,,,
mexico,Liga MX,2025,André Alcaraz,25.0,G,Mexico,185.0,80.0,0,0,0.0,0.0,0.0,0.0,0.0,0,0,0,0.0,0,,,,,,,,,,,,,,,,,,,,,,,,,,,,
mexico,Liga MX,2025,André-Pierre Gignac,40.0,F,France,186.0,84.0,27,12,1204.0,3.0,3.0,0.0,0.0,1,0,4,0.0,1,0.14950166112956811,3.289036544850499,0.9717607973421927,0.22425249169435216,0.22425249169435216,0.4485049833887043,0.14950166112956811,19.36046511627907,1.345514950166113,0.07475083056478406,0.14950166112956811,0.0,0.07475083056478406,6.503322259136213,2.0930232558139537,0.8970099667774086,0.22425249169435216,0.37375415282392027,0.5232558139534884,0.7475083056478405,0.29900332225913623,0.0,0.07475083056478406,11.478764478764479,29.545454545454547,32.18390804597701,25.0,6.443604651162791
mexico,Liga MX,2025,Andrés Gudiño,28.0,G,Mexico,183.0,86.0,19,18,1688.0,0.0,0.0,0.0,0.0,0,0,4,0.0,0,0.0,0.0,0.0,0.0,0.0,0.0,0.0,29.218009478672986,0.0,0.0533175355450237,0.0,0.0,0.0533175355450237,0.4798578199052133,0.4265402843601896,0.0,0.0,0.0533175355450237,0.15995260663507108,0.0,0.2132701421800948,0.0,0.0,20.912408759124087,,88.88888888888889,,6.688210900473934
mexico,Liga MX,2025,Andrés Sánchez,28.0,G,Mexico,192.0,90.0,33,33,2923.0,0.0,0.0,0.0,1.0,0,0,6,0.0,0,0.0,0.0,0.0,0.0,0.0,0.0,0.0,24.87854943551146,0.030790283954840916,0.06158056790968183,0.0,0.0,0.06158056790968183,0.5234348272322956,0.30790283954840914,0.0,0.0,0.030790283954840916,0.030790283954840916,0.09237085186452275,0.1847417037290455,0.0,0.0,18.60272277227723,,58.82352941176471,,6.831029763941156
mexico,Liga MX,2025,Angel Azuaje,21.0,D,Mexico,178.0,,20,15,1392.0,0.0,0.0,0.0,1.0,0,0,3,0.0,0,0.06465517241379311,0.3232758620689655,0.06465517241379311,0.0,0.0,0.0,0.0,44.547413793103445,0.3232758620689655,1.0991379310344829,0.9698275862068966,0.7112068965517242,1.8103448275862069,6.788793103448276,3.038793103448276,0.4525862068965517,0.3232758620689655,0.7758620689655172,0.3879310344827586,0.7112068965517242,0.1939655172413793,0.0,0.0,45.299418604651166,20.0,44.761904761904766,71.42857142857143,6.734339080459769
mexico,Liga MX,2025,Angel Jesus Rico Reyes,20.0,M,Mexico,169.0,63.0,8,0,190.0,0.0,0.0,0.0,0.0,0,0,0,0.0,1,0.0,1.4210526315789473,0.9473684210526315,0.0,0.0,0.0,0.0,47.368421052631575,0.47368421052631576,0.9473684210526315,0.0,0.0,0.9473684210526315,7.105263157894736,1.894736842105263,1.894736842105263,0.47368421052631576,0.9473684210526315,0.47368421052631576,0.9473684210526315,0.0,0.0,0.47368421052631576,17.83,66.66666666666666,26.666666666666668,25.0,6.586842105263158
mexico,Liga MX,2025,Angel Leyva,19.0,D,Mexico,,,15,10,954.0,0.0,0.0,0.0,1.0,0,0,3,0.0,1,0.09433962264150944,0.7547169811320755,0.09433962264150944,0.0,0.0,0.0,0.0,32.64150943396226,0.09433962264150944,0.9433962264150944,0.37735849056603776,1.509433962264151,2.452830188679245,7.452830188679245,3.8679245283018866,0.37735849056603776,0.2830188679245283,0.37735849056603776,0.37735849056603776,1.3207547169811322,0.2830188679245283,0.0,0.09433962264150944,31.13081395348837,12.5,51.89873417721519,75.0,6.2522012578616355
mexico,Liga MX,2025,Angel Saavedra,22.0,M,Mexico,,,13,4,442.0,0.0,1.0,0.0,0.0,0,0,1,0.0,0,0.20361990950226247,0.20361990950226247,0.0,0.0,0.20361990950226247,0.20361990950226247,0.0,20.76923076923077,0.20361990950226247,2.850678733031674,0.0,1.6289592760180998,4.479638009049774,11.199095022624434,5.701357466063348,2.6470588235294117,1.0180995475113122,1.2217194570135748,1.2217194570135748,1.6289592760180998,0.20361990950226247,0.0,0.0,11.235294117647058,0.0,50.90909090909091,38.46153846153847,6.528280542986425
mexico,Liga MX,2025,Angel Torres,,M,,,,0,0,0.0,0.0,0.0,0.0,0.0,0,0,0,0.0,0,,,,,,,,,,,,,,,,,,,,,,,,,,,,
mexico,Liga MX,2025,Angel Zaldívar,31.0,F,Mexico,174.0,68.0,21,3,649.0,2.0,1.0,0.0,0.0,0,0,4,0.0,0,0.13867488443759632,1.802773497688752,0.8320493066255779,0.27734976887519264,0.13867488443759632,0.41602465331278893,0.27734976887519264,17.057010785824346,0.5546995377503853,0.6933744221879815,0.13867488443759632,0.5546995377503853,1.2480739599383668,10.955315870570109,4.160246533127889,1.1093990755007705,0.27734976887519264,0.5546995377503853,1.5254237288135593,1.386748844375963,0.5546995377503853,0.0,0.0,7.60655737704918,46.15384615384615,37.9746835443038,25.0,6.583699059561128
mexico,Liga MX,2025,Anthony Lozano,32.0,F,Honduras,185.0,74.0,7,3,236.0,0.0,0.0,0.0,0.0,0,0,0,0.0,1,0.3813559322033898,0.7627118644067796,0.3813559322033898,0.0,0.0,0.0,0.0,13.728813559322035,0.3813559322033898,0.7627118644067796,0.0,0.0,0.7627118644067796,17.542372881355934,6.101694915254237,1.1440677966101696,0.0,0.0,2.288135593220339,2.669491525423729,0.0,0.0,0.3813559322033898,6.138888888888889,50.0,34.78260869565217,0.0,6.485957446808511
mexico,Liga MX,2025,Anthony Martial,30.0,F,France,181.0,76.0,17,6,643.0,1.0,2.0,1.0,0.0,0,1,0,0.0,0,0.4199066874027994,0.9797822706065319,0.27993779160186627,0.13996889580093314,0.27993779160186627,0.4199066874027994,0.13996889580093314,30.653188180404353,1.5396578538102643,0.9797822706065319,0.0,0.27993779160186627,1.2597200622083982,13.716951788491446,6.158631415241057,3.7791601866251945,1.6796267496111976,0.13996889580093314,2.3794712286158632,2.099533437013997,0.0,0.0,0.0,13.356164383561644,28.57142857142857,44.89795918367347,44.44444444444444,6.585358255451713
mexico,Liga MX,2025,Antonio Briseño,31.0,D,Mexico,185.0,75.0,20,13,1180.0,3.0,1.0,1.0,0.0,0,0,2,0.0,1,0.07627118644067796,0.6101694915254237,0.45762711864406774,0.22881355932203387,0.07627118644067796,0.30508474576271183,0.22881355932203387,42.78813559322034,0.45762711864406774,0.9152542372881355,0.6864406779661018,1.2203389830508473,2.135593220338983,7.47457627118644,5.110169491525424,0.07627118644067796,0.0,0.07627118644067796,0.6864406779661018,1.1440677966101696,0.15254237288135591,0.0,0.07627118644067796,36.3458110516934,75.0,68.36734693877551,0.0,7.03093220338983
mexico,Liga MX,2025,Antonio Carrera,21.0,G,USA,193.0,86.0,0,0,0.0,0.0,0.0,0.0,0.0,0,0,0,0.0,0,,,,,,,,,,,,,,,,,,,,,,,,,,,,
mexico,Liga MX,2025,Antonio Leone,21.0,D,Mexico,185.0,82.0,10,2,303.0,0.0,0.0,0.0,0.0,0,0,0,0.0,0,0.0,0.0,0.0,0.0,0.0,0.0,0.0,52.57425742574257,0.297029702970297,0.297029702970297,2.0792079207920793,1.188118811881188,1.485148514851485,7.425742574257425,2.97029702970297,0.297029702970297,0.0,0.297029702970297,0.297029702970297,0.594059405940594,0.0,0.0,0.0,41.101694915254235,,40.0,0.0,7.003654485049833
mexico,Liga MX,2025,Antonio Rodríguez,33.0,G,Mexico,186.0,80.0,37,36,3325.0,0.0,0.0,0.0,0.0,0,0,3,0.0,0,0.0,0.0,0.0,0.0,0.0,0.0,0.0,38.354887218045114,0.0,0.10827067669172932,0.0,0.0,0.10827067669172932,0.6225563909774435,0.5142857142857142,0.0,0.0,0.05413533834586466,0.081203007518797,0.0,0.081203007518797,0.0,0.0,31.289343683839096,,82.6086956521739,,7.274796992481203
mexico,Liga MX,2025,Antonio Sánchez,25.0,G,Mexico,185.0,70.0,2,2,180.0,0.0,0.0,0.0,0.0,0,0,1,0.0,0,0.0,0.0,0.0,0.0,0.0,0.0,0.0,30.5,0.0,0.0,0.0,0.0,0.0,0.0,0.0,0.0,0.0,0.0,0.0,0.0,0.5,0.0,0.0,23.704918032786885,,,,6.75
mexico,Liga MX,2025,Anwar Ben Rhouma Torres,20.0,F,USA,183.0,75.0,3,0,36.0,0.0,0.0,0.0,0.0,0,0,0,0.0,0,2.5,0.0,0.0,0.0,0.0,0.0,0.0,12.5,0.0,0.0,0.0,0.0,0.0,22.5,7.5,2.5,0.0,0.0,5.0,2.5,0.0,0.0,0.0,2.0,,33.33333333333333,0.0,6.7444444444444445
mexico,Liga MX,2025,Arath Moreno Martinez,20.0,M,Mexico,171.0,,0,0,0.0,0.0,0.0,0.0,0.0,0,0,0,0.0,0,,,,,,,,,,,,,,,,,,,,,,,,,,,,
mexico,Liga MX,2025,Arez Perez,21.0,M,,,,0,0,0.0,0.0,0.0,0.0,0.0,0,0,0,0.0,0,,,,,,,,,,,,,,,,,,,,,,,,,,,,
mexico,Liga MX,2025,Ari Contreras,20.0,D,Mexico,178.0,,2,1,80.0,0.0,0.0,0.0,0.0,0,0,1,0.0,0,1.125,0.0,0.0,0.0,0.0,0.0,0.0,33.75,0.0,1.125,0.0,1.125,2.25,4.5,2.25,0.0,0.0,0.0,1.125,2.25,1.125,0.0,0.0,15.6,,50.0,,6.03
mexico,Liga MX,2025,Ariel Castro Sevilla,20.0,M,Mexico,,,2,0,16.0,0.0,0.0,0.0,0.0,0,0,0,0.0,0,0.0,0.0,0.0,0.0,0.0,0.0,0.0,50.625,0.0,0.0,0.0,0.0,0.0,16.875,5.625,5.625,0.0,5.625,5.625,0.0,0.0,0.0,0.0,6.333333333333333,,33.33333333333333,0.0,6.7
mexico,Liga MX,2025,Ariel Gamarra,22.0,M,Paraguay,170.0,77.0,17,11,1148.0,0.0,0.0,0.0,0.0,0,0,4,0.0,1,0.078397212543554,0.313588850174216,0.156794425087108,0.0,0.0,0.0,0.0,32.926829268292686,0.156794425087108,2.4303135888501743,0.313588850174216,0.5487804878048781,2.979094076655052,10.426829268292684,6.2717770034843205,0.9407665505226481,0.47038327526132406,0.9407665505226481,1.8815331010452963,1.254355400696864,0.313588850174216,0.0,0.078397212543554,26.4,50.0,60.150375939849624,50.0,6.715505226480836
mexico,Liga MX,2025,Armando González,22.0,F,Mexico,177.0,64.0,35,31,2459.0,24.0,2.0,1.0,0.0,4,1,3,0.0,0,1.2810085400569338,3.4770231801545344,1.7568117120780804,0.8784058560390402,0.07320048800325335,0.9516063440422936,0.7320048800325335,18.995526636844247,0.8418056120374136,0.4758031720211468,0.07320048800325335,0.036600244001626675,0.5124034160227735,7.942252948352988,2.4888165921106142,1.0614070760471737,0.36600244001626675,0.21960146400976005,0.5490036600244002,1.2444082960553071,0.10980073200488003,0.0,0.0,12.561776061776062,50.526315789473685,31.336405529953915,34.48275862068966,6.8552663684424555
mexico,Liga MX,2025,Arturo González,31.0,F,Mexico,173.0,64.0,31,15,1492.0,7.0,0.0,1.0,0.0,2,0,1,0.0,0,0.12064343163538874,1.3270777479892761,0.7238605898123325,0.42225201072386054,0.0,0.42225201072386054,0.30160857908847183,38.36461126005362,1.628686327077748,1.628686327077748,0.06032171581769437,0.42225201072386054,2.050938337801609,10.07372654155496,4.705093833780161,1.447721179624665,0.6032171581769437,0.48257372654155495,1.5683646112600538,0.7841823056300269,0.06032171581769437,0.0,0.0,22.94496855345912,54.54545454545454,46.706586826347305,41.66666666666667,6.918791946308724
mexico,Liga MX,2025,Bayron Duarte,22.0,D,Colombia,,,10,8,728.0,0.0,0.0,0.0,0.0,0,0,4,0.0,0,0.0,0.4945054945054945,0.12362637362637363,0.0,0.0,0.0,0.0,22.005494505494504,1.35989010989011,4.574175824175824,0.24725274725274726,0.989010989010989,5.563186813186814,11.126373626373628,6.923076923076923,1.35989010989011,0.7417582417582418,1.35989010989011,0.989010989010989,1.35989010989011,0.4945054945054945,0.0,0.0,13.938202247191011,25.0,62.22222222222222,54.54545454545454,7.180494505494505
mexico,Liga MX,2025,Benjamín Galdames,24.0,M,Mexico,,,29,15,1529.0,3.0,2.0,0.0,1.0,0,0,2,0.0,0,0.0,0.8829300196206671,0.2354480052321779,0.17658600392413343,0.11772400261608895,0.2943100065402224,0.17658600392413343,26.37017658600392,0.5886200130804448,1.7658600392413342,0.11772400261608895,0.2943100065402224,2.0601700457815566,10.771746239372138,5.709614126880314,1.2361020274689338,0.5297580117724002,1.0006540222367561,2.884238064094179,0.9417920209287116,0.11772400261608895,0.0,0.0,14.655480984340045,26.666666666666668,53.00546448087432,42.857142857142854,6.679071288423806
mexico,Liga MX,2025,Benjamín Galindo,26.0,D,Mexico,185.0,83.0,12,12,1092.0,0.0,0.0,0.0,0.0,0,0,0,0.0,0,0.0,0.16483516483516483,0.0,0.0,0.0,0.0,0.0,47.71978021978022,0.08241758241758242,1.3186813186813187,0.24725274725274726,0.7417582417582418,2.0604395604395602,5.769230769230768,3.379120879120879,0.16483516483516483,0.08241758241758242,0.08241758241758242,0.4120879120879121,0.5769230769230769,0.0,0.0,0.0,45.83765112262522,0.0,58.57142857142858,50.0,6.710714285714286
mexico,Liga MX,2025,Benny Díaz,27.0,G,Mexico,187.0,83.0,0,0,0.0,0.0,0.0,0.0,0.0,0,0,0,0.0,0,,,,,,,,,,,,,,,,,,,,,,,,,,,,
mexico,Liga MX,2025,Bernardo Parra,20.0,M,Mexico,,,22,12,1052.0,0.0,1.0,0.0,0.0,0,0,2,0.0,0,0.0,0.17110266159695817,0.0,0.0,0.08555133079847908,0.08555133079847908,0.0,35.07604562737642,0.5988593155893536,1.4543726235741445,0.5988593155893536,0.8555133079847909,2.3098859315589353,5.817490494296578,2.6520912547528517,0.5133079847908746,0.2566539923954373,0.7699619771863118,0.42775665399239543,1.0266159695817492,0.17110266159695817,0.0,0.0,31.402439024390244,0.0,45.588235294117645,50.0,6.714068441064638
mexico,Liga MX,2025,Billy Arce,27.0,M,Ecuador,180.0,72.0,7,0,135.0,0.0,0.0,0.0,0.0,0,0,1,0.0,0,0.6666666666666667,1.3333333333333335,0.6666666666666667,0.0,0.0,0.0,0.0,47.33333333333333,0.6666666666666667,5.333333333333334,0.0,1.3333333333333335,6.666666666666666,16.666666666666664,9.333333333333334,1.3333333333333335,0.0,0.0,4.0,2.0,0.6666666666666667,0.0,0.0,10.76056338028169,50.0,56.00000000000001,0.0,6.4799999999999995
mexico,Liga MX,2025,Brandon Lomeli,19.0,F,Mexico,171.0,,0,0,0.0,0.0,0.0,0.0,0.0,0,0,0,0.0,0,,,,,,,,,,,,,,,,,,,,,,,,,,,,
mexico,Liga MX,2025,Brian Aguas,,D,,,,0,0,0.0,0.0,0.0,0.0,0.0,0,0,0,0.0,0,,,,,,,,,,,,,,,,,,,,,,,,,,,,
mexico,Liga MX,2025,Brian Aguas,18.0,D,,,,0,0,0.0,0.0,0.0,0.0,0.0,0,0,0,0.0,0,,,,,,,,,,,,,,,,,,,,,,,,,,,,
mexico,Liga MX,2025,Brian García,28.0,D,Mexico,168.0,62.0,36,32,2826.0,1.0,4.0,0.0,1.0,0,0,0,0.0,2,0.03184713375796178,0.38216560509554137,0.09554140127388534,0.03184713375796178,0.12738853503184713,0.1592356687898089,0.03184713375796178,47.00636942675159,1.0509554140127388,1.1146496815286624,0.12738853503184713,1.2738853503184713,2.388535031847134,4.840764331210191,2.643312101910828,1.3375796178343948,0.7643312101910827,0.28662420382165604,0.3503184713375796,0.4777070063694267,0.0,0.0,0.06369426751592357,41.16327913279133,25.0,54.60526315789473,57.14285714285714,6.710863411181883
mexico,Liga MX,2025,Brian Gutierrez,22.0,M,USA,178.0,64.0,17,9,944.0,2.0,1.0,0.0,0.0,0,0,4,0.0,0,0.09533898305084745,1.906779661016949,0.8580508474576272,0.1906779661016949,0.09533898305084745,0.2860169491525424,0.1906779661016949,51.57838983050847,1.906779661016949,2.0021186440677967,0.09533898305084745,0.2860169491525424,2.288135593220339,9.34322033898305,4.385593220338984,2.3834745762711864,1.2394067796610169,0.8580508474576272,0.6673728813559322,1.7161016949152543,0.3813559322033898,0.0,0.0,38.526802218114604,45.0,46.93877551020408,52.0,7.1097457627118645
mexico,Liga MX,2025,Brian Hernandez,20.0,D,,,,0,0,0.0,0.0,0.0,0.0,0.0,0,0,0,0.0,0,,,,,,,,,,,,,,,,,,,,,,,,,,,,
mexico,Liga MX,2025,Brian Rodríguez,25.0,M,Uruguay,174.0,68.0,36,28,2406.0,13.0,7.0,1.0,0.0,3,1,4,0.0,0,0.26184538653366585,2.4314214463840402,1.3092269326683292,0.48628428927680795,0.26184538653366585,0.7481296758104738,0.3740648379052369,34.600997506234414,2.655860349127182,0.8603491271820449,0.03740648379052369,0.18703241895261846,1.0473815461346634,10.24937655860349,5.648379052369077,4.301745635910224,2.5810473815461346,0.44887780548628425,1.795511221945137,0.7855361596009974,0.14962593516209477,0.0,0.0,28.84216216216216,53.84615384615385,55.1094890510949,60.0,7.454821280133
mexico,Liga MX,2025,Brian Rubio,29.0,F,Mexico,186.0,80.0,15,14,1096.0,4.0,0.0,0.0,1.0,1,0,3,0.0,0,0.08211678832116788,1.395985401459854,0.656934306569343,0.3284671532846715,0.0,0.3284671532846715,0.24635036496350365,22.335766423357665,1.0675182481751824,0.739051094890511,0.24635036496350365,0.08211678832116788,0.8211678832116788,13.13868613138686,6.076642335766423,1.0675182481751824,0.5748175182481752,0.4927007299270073,2.874087591240876,2.627737226277372,0.24635036496350365,0.0,0.0,15.845588235294118,47.05882352941176,46.25,53.84615384615385,6.799178832116788
mexico,Liga MX,2025,Bruce El-mesmari,23.0,M,Mexico,161.0,57.0,1,0,19.0,0.0,0.0,0.0,0.0,0,0,0,0.0,0,0.0,0.0,0.0,0.0,0.0,0.0,0.0,9.473684210526315,0.0,0.0,0.0,0.0,0.0,0.0,0.0,0.0,0.0,0.0,0.0,0.0,0.0,0.0,0.0,2.0,,,,6.3
mexico,Liga MX,2025,Bruno Amione,23.0,D,Argentina,189.0,78.0,31,30,2561.0,3.0,1.0,0.0,0.0,0,0,8,0.0,1,0.10542756735650136,0.3514252245216712,0.10542756735650136,0.10542756735650136,0.035142522452167126,0.1405700898086685,0.10542756735650136,27.58688012495119,0.1757126122608356,1.9328387348691916,0.3162827020695041,1.4408434205388518,3.3736821554080434,10.085903943771964,6.079656384224912,1.1948457633736822,0.4217102694260054,0.7731354939476767,1.5814135103475206,1.1948457633736822,0.281140179617337,0.0,0.035142522452167126,23.463694267515923,30.0,60.278745644599304,35.294117647058826,6.721007418976962
mexico,Liga MX,2025,Bruno Barticciotto,24.0,F,Chile,177.0,77.0,11,7,615.0,2.0,1.0,1.0,0.0,1,1,2,0.0,1,0.43902439024390244,1.9024390243902438,1.3170731707317074,0.2926829268292683,0.14634146341463414,0.43902439024390244,0.14634146341463414,19.902439024390244,1.170731707317073,1.3170731707317074,0.0,0.0,1.3170731707317074,13.024390243902438,5.560975609756098,1.6097560975609757,1.024390243902439,0.43902439024390244,1.3170731707317074,1.6097560975609757,0.2926829268292683,0.0,0.14634146341463414,11.139705882352942,69.23076923076923,42.69662921348314,63.63636363636363,6.6346341463414635
mexico,Liga MX,2025,Bruno Méndez,26.0,D,Uruguay,180.0,81.0,28,22,2060.0,1.0,0.0,0.0,0.0,0,0,3,0.0,1,0.043689320388349516,0.3932038834951456,0.13106796116504854,0.043689320388349516,0.0,0.043689320388349516,0.043689320388349516,49.237864077669904,0.21844660194174756,1.1359223300970873,0.7427184466019419,1.9223300970873787,3.058252427184466,5.898058252427185,3.145631067961165,0.3058252427184466,0.13106796116504854,0.5242718446601942,0.043689320388349516,0.6990291262135923,0.13106796116504854,0.0,0.043689320388349516,45.00798580301686,33.33333333333333,53.333333333333336,42.857142857142854,6.883252427184466
mexico,Liga MX,2025,Bryan Colula,29.0,D,Mexico,176.0,68.0,27,22,1975.0,3.0,1.0,1.0,0.0,0,0,6,0.0,1,0.04556962025316456,0.6379746835443038,0.3189873417721519,0.13670886075949368,0.04556962025316456,0.18227848101265823,0.13670886075949368,35.81772151898734,0.3189873417721519,1.9139240506329114,0.41012658227848103,1.5949367088607596,3.508860759493671,8.020253164556962,3.6911392405063292,0.36455696202531646,0.09113924050632911,1.0025316455696203,0.9113924050632911,1.959493670886076,0.27341772151898736,0.0,0.04556962025316456,32.06743002544529,50.0,46.02272727272727,25.0,6.589620253164557
mexico,Liga MX,2025,Bryan Gamboa,23.0,F,Mexico,180.0,77.0,1,0,1.0,0.0,0.0,0.0,0.0,0,0,0,0.0,0,0.0,0.0,0.0,0.0,0.0,0.0,0.0,0.0,0.0,0.0,0.0,0.0,0.0,270.0,0.0,0.0,0.0,0.0,0.0,0.0,0.0,0.0,0.0,,,0.0,,
mexico,Liga MX,2025,Bryan Garnica,29.0,M,Mexico,167.0,58.0,18,4,464.0,1.0,2.0,0.0,0.0,0,0,0,0.0,1,0.0,0.7758620689655172,0.3879310344827586,0.1939655172413793,0.3879310344827586,0.5818965517241379,0.1939655172413793,30.064655172413794,2.90948275862069,2.521551724137931,0.1939655172413793,0.7758620689655172,3.297413793103448,11.443965517241379,6.594827586206896,2.521551724137931,1.5517241379310345,1.3577586206896552,2.521551724137931,0.5818965517241379,0.0,0.0,0.1939655172413793,16.137254901960784,50.0,57.6271186440678,61.53846153846154,6.855603448275862
mexico,Liga MX,2025,Bryan González,22.0,M,Mexico,172.0,67.0,40,40,3488.0,6.0,5.0,1.0,3.0,0,0,2,0.0,0,0.23222477064220184,1.3675458715596331,0.5676605504587157,0.1548165137614679,0.12901376146788993,0.28383027522935783,0.1548165137614679,35.14334862385321,0.8514908256880734,1.5223623853211008,0.10321100917431193,0.8772935779816514,2.3996559633027523,9.753440366972477,5.083142201834862,2.1416284403669725,0.7740825688073395,0.5418577981651377,1.0321100917431194,0.8514908256880734,0.051605504587155966,0.0,0.0,32.16740088105727,41.509433962264154,52.116402116402114,36.144578313253014,6.84776376146789
mexico,Liga MX,2025,Bryan Roque,21.0,F,Mexico,174.0,66.0,2,0,19.0,0.0,0.0,0.0,0.0,0,0,0,0.0,0,0.0,0.0,0.0,0.0,0.0,0.0,0.0,4.7368421052631575,0.0,0.0,0.0,0.0,0.0,4.7368421052631575,0.0,0.0,0.0,0.0,0.0,0.0,0.0,0.0,0.0,1.0,,0.0,,6.394736842105263
mexico,Liga MX,2025,Cade Cowell,22.0,F,USA,183.0,79.0,14,5,584.0,2.0,1.0,0.0,0.0,0,0,1,0.0,0,0.0,1.386986301369863,0.6164383561643836,0.3082191780821918,0.1541095890410959,0.46232876712328763,0.3082191780821918,16.79794520547945,1.0787671232876712,1.386986301369863,0.1541095890410959,0.1541095890410959,1.5410958904109588,14.640410958904111,6.164383561643835,5.393835616438356,2.9280821917808217,0.6164383561643836,0.3082191780821918,2.3116438356164384,0.1541095890410959,0.0,0.0,7.284403669724771,44.44444444444444,42.10526315789473,54.285714285714285,6.641267123287672
mexico,Liga MX,2025,Camilo Vargas,36.0,G,Colombia,185.0,81.0,33,33,2995.0,0.0,1.0,0.0,0.0,0,0,2,0.0,0,0.0,0.0,0.0,0.0,0.03005008347245409,0.03005008347245409,0.0,28.87813021702838,0.06010016694490818,0.03005008347245409,0.0,0.03005008347245409,0.06010016694490818,0.24040066777963273,0.21035058430717862,0.03005008347245409,0.03005008347245409,0.0,0.09015025041736227,0.0,0.06010016694490818,0.0,0.0,22.269510926118627,,87.5,100.0,6.909515859766277
mexico,Liga MX,2025,Carlo Adriano García,24.0,M,Spain,181.0,,24,14,1280.0,0.0,1.0,0.0,0.0,0,0,2,0.0,0,0.0,0.5625,0.140625,0.0,0.0703125,0.0703125,0.0,31.0078125,0.5625,1.6171874999999998,0.3515625,1.3359375,2.953125,7.453125,3.8671875,0.703125,0.3515625,0.6328125,0.703125,1.125,0.140625,0.0,0.0,20.108843537414966,25.0,51.886792452830186,50.0,6.685680751173709
mexico,Liga MX,2025,Carlos Acevedo,29.0,G,Mexico,184.0,74.0,32,32,2856.0,0.0,0.0,0.0,0.0,0,0,1,0.0,0,0.0,0.031512605042016806,0.0,0.0,0.0,0.0,0.0,29.2436974789916,0.0,0.031512605042016806,0.0,0.031512605042016806,0.06302521008403361,0.5042016806722689,0.4411764705882353,0.0,0.0,0.06302521008403361,0.25210084033613445,0.0,0.031512605042016806,0.0,0.0,19.53125,0.0,87.5,,6.931757703081232
mexico,Liga MX,2025,Carlos Baltazar,28.0,M,Mexico,171.0,67.0,23,6,841.0,4.0,3.0,0.0,0.0,0,0,0,0.0,0,0.1070154577883472,1.9262782401902496,1.2841854934601664,0.4280618311533888,0.3210463733650416,0.7491082045184304,0.4280618311533888,31.46254458977408,2.3543400713436387,1.4982164090368608,0.0,0.4280618311533888,1.9262782401902496,12.734839476813319,7.812128418549346,4.280618311533888,3.210463733650416,0.3210463733650416,2.3543400713436387,0.7491082045184304,0.0,0.0,0.0,14.772108843537415,66.66666666666666,61.34453781512605,75.0,6.895119047619048
mexico,Liga MX,2025,Carlos Cisneros,32.0,M,Mexico,177.0,66.0,3,1,87.0,0.0,0.0,0.0,0.0,0,0,0,0.0,0,0.0,3.103448275862069,1.0344827586206897,0.0,0.0,0.0,0.0,19.655172413793103,0.0,1.0344827586206897,0.0,0.0,1.0344827586206897,9.310344827586206,4.137931034482759,1.0344827586206897,0.0,2.0689655172413794,1.0344827586206897,2.0689655172413794,0.0,0.0,0.0,9.894736842105264,33.33333333333333,44.44444444444444,0.0,6.628735632183909
mexico,Liga MX,2025,Carlos Frayde,21.0,D,,,,0,0,0.0,0.0,0.0,0.0,0.0,0,0,0,0.0,0,,,,,,,,,,,,,,,,,,,,,,,,,,,,
mexico,Liga MX,2025,Carlos Gruezo,30.0,M,Ecuador,173.0,67.0,12,11,822.0,1.0,0.0,0.0,1.0,0,0,4,0.0,1,0.0,0.43795620437956206,0.10948905109489052,0.10948905109489052,0.0,0.10948905109489052,0.10948905109489052,25.510948905109487,0.43795620437956206,1.8613138686131385,0.21897810218978103,1.2043795620437956,3.065693430656934,7.335766423357664,2.8467153284671536,0.10948905109489052,0.10948905109489052,0.8759124087591241,0.5474452554744526,2.7372262773722627,0.43795620437956206,0.0,0.10948905109489052,19.429184549356222,25.0,38.80597014925373,100.0,6.458700980392157
mexico,Liga MX,2025,Carlos Moreno,27.0,G,Mexico,187.0,80.0,39,39,3546.0,0.0,0.0,0.0,0.0,0,0,9,0.0,1,0.0,0.0,0.0,0.0,0.0,0.0,0.0,29.36548223350254,0.12690355329949238,0.05076142131979696,0.0,0.0,0.05076142131979696,0.7360406091370558,0.583756345177665,0.02538071065989848,0.02538071065989848,0.07614213197969542,0.12690355329949238,0.0,0.22842639593908629,0.0,0.02538071065989848,21.082108902333623,,79.3103448275862,100.0,7.066243654822335
mexico,Liga MX,2025,Carlos Orrantia,34.0,D,Mexico,173.0,61.0,6,1,117.0,0.0,0.0,0.0,0.0,0,0,0,0.0,0,0.0,0.0,0.0,0.0,0.0,0.0,0.0,34.61538461538462,1.5384615384615385,0.7692307692307693,0.0,0.0,0.7692307692307693,6.923076923076923,3.076923076923077,1.5384615384615385,0.7692307692307693,0.0,0.0,0.0,0.0,0.0,0.0,14.930232558139535,,44.44444444444444,50.0,6.047008547008547
mexico,Liga MX,2025,Carlos Robles,25.0,D,Mexico,181.0,78.0,0,0,0.0,0.0,0.0,0.0,0.0,0,0,0,0.0,0,,,,,,,,,,,,,,,,,,,,,,,,,,,,
mexico,Liga MX,2025,Carlos Rodas,24.0,G,Mexico,189.0,66.0,0,0,0.0,0.0,0.0,0.0,0.0,0,0,0,0.0,0,,,,,,,,,,,,,,,,,,,,,,,,,,,,
mexico,Liga MX,2025,Carlos Rodríguez,36.0,G,Mexico,183.0,77.0,0,0,0.0,0.0,0.0,0.0,0.0,0,0,0,0.0,0,,,,,,,,,,,,,,,,,,,,,,,,,,,,
mexico,Liga MX,2025,Carlos Rodríguez,28.0,M,Mexico,171.0,58.0,44,39,3400.0,8.0,6.0,0.0,0.0,0,0,4,0.0,0,0.10588235294117646,0.9,0.45,0.2117647058823529,0.15882352941176472,0.37058823529411766,0.2117647058823529,52.226470588235294,2.7529411764705882,1.2176470588235293,0.026470588235294114,0.4235294117647058,1.6411764705882352,7.226470588235294,3.7323529411764707,1.4558823529411766,0.9,0.7941176470588235,1.0323529411764707,0.8470588235294116,0.10588235294117646,0.0,0.0,46.78560567663457,50.0,51.64835164835166,61.81818181818181,7.351411764705882
mexico,Liga MX,2025,Carlos Rotondi,28.0,M,Argentina,182.0,74.0,40,37,3181.0,6.0,7.0,0.0,0.0,0,1,6,0.0,0,0.48098082364036465,1.725872367180132,0.7639107198994027,0.16975793775542283,0.19805092738132665,0.36780886513674943,0.16975793775542283,25.718327569946556,1.5844074190506132,2.263439170072304,0.2546369066331342,0.5941527821439798,2.8575919522162843,7.950330084878969,4.159069475007859,1.7824583464319397,0.6507387613957875,0.6224457717698837,0.36780886513674943,0.8204966991512103,0.16975793775542283,0.0,0.0,20.73047304730473,44.26229508196721,52.313167259786475,36.507936507936506,6.9863564916692855
mexico,Liga MX,2025,Carlos Salcedo,32.0,D,Mexico,183.0,85.0,15,11,973.0,0.0,0.0,0.0,0.0,0,0,6,0.0,0,0.0,0.3699897225077081,0.18499486125385406,0.0,0.0,0.0,0.0,60.12332990750257,0.3699897225077081,0.9249743062692702,0.27749229188078106,1.2024665981500513,2.1274409044193217,5.827338129496403,3.1449126413155186,0.0,0.0,0.4624871531346351,0.3699897225077081,1.3874614594039054,0.5549845837615621,0.0,0.0,43.37692307692308,50.0,53.96825396825397,,6.633299075025693
mexico,Liga MX,2025,Carlos Sánchez,23.0,D,Mexico,167.0,62.0,28,18,1697.0,1.0,0.0,0.0,0.0,0,0,5,0.0,1,0.05303476723629935,0.37124337065409546,0.1060695344725987,0.05303476723629935,0.0,0.05303476723629935,0.05303476723629935,37.86682380671774,0.6364172068355922,2.3335297583971717,0.2121390689451974,1.3789039481437833,3.712433706540955,11.50854449027696,5.833824395992928,2.280494991160872,1.4319387153800824,0.7424867413081909,1.4849734826163818,2.4926340601060692,0.26517383618149676,0.0,0.05303476723629935,28.19607843137255,28.57142857142857,50.69124423963134,62.7906976744186,6.882900943396226
mexico,Liga MX,2025,Carlos Vargas,26.0,D,Mexico,176.0,76.0,0,0,0.0,0.0,0.0,0.0,0.0,0,0,0,0.0,0,,,,,,,,,,,,,,,,,,,,,,,,,,,,
mexico,Liga MX,2025,Carlos Villanueva,31.0,D,Mexico,184.0,76.0,14,9,898.0,0.0,0.0,0.0,1.0,0,0,1,0.0,0,0.0,0.20044543429844097,0.10022271714922049,0.0,0.0,0.0,0.0,25.256124721603566,0.20044543429844097,1.6035634743875278,0.7015590200445434,1.0022271714922049,2.6057906458797326,5.412026726057906,3.2071269487750556,0.0,0.0,0.30066815144766146,0.5011135857461024,0.6013363028953229,0.10022271714922049,0.0,0.0,27.02390438247012,50.0,59.25925925925925,,6.692084726867336
mexico,Liga MX,2025,Cesar Garza,20.0,M,Mexico,,,15,6,575.0,0.0,0.0,0.0,0.0,0,0,3,0.0,0,0.0,0.1565217391304348,0.0,0.0,0.0,0.0,0.0,46.800000000000004,0.4695652173913044,2.6608695652173915,0.6260869565217392,2.1913043478260867,4.852173913043478,8.921739130434782,5.478260869565218,0.6260869565217392,0.4695652173913044,0.4695652173913044,1.4086956521739131,1.0956521739130434,0.4695652173913044,0.0,0.0,38.18120805369127,0.0,61.40350877192983,75.0,6.936933797909408
mexico,Liga MX,2025,Cesar Lopez,25.0,G,Mexico,178.0,81.0,0,0,0.0,0.0,0.0,0.0,0.0,0,0,0,0.0,0,,,,,,,,,,,,,,,,,,,,,,,,,,,,
mexico,Liga MX,2025,Cesar Sosa,21.0,F,Mexico,185.0,,0,0,0.0,0.0,0.0,0.0,0.0,0,0,0,0.0,0,,,,,,,,,,,,,,,,,,,,,,,,,,,,
mexico,Liga MX,2025,Christian Leyva,22.0,F,Mexico,168.0,65.0,2,0,64.0,0.0,0.0,0.0,0.0,0,0,0,0.0,0,0.0,1.40625,0.0,0.0,0.0,0.0,0.0,30.9375,1.40625,1.40625,0.0,1.40625,2.8125,14.0625,4.21875,0.0,0.0,1.40625,1.40625,4.21875,0.0,0.0,0.0,14.636363636363637,0.0,30.0,,6.2828124999999995
mexico,Liga MX,2025,Christian Rivera,29.0,M,Colombia,185.0,76.0,20,19,1702.0,1.0,2.0,0.0,0.0,0,0,3,0.0,1,0.052878965922444184,0.26439482961222094,0.052878965922444184,0.052878965922444184,0.10575793184488837,0.15863689776733256,0.052878965922444184,43.413631022326676,1.0047003525264395,2.591069330199765,0.10575793184488837,0.8460634547591069,3.4371327849588718,8.249118683901292,4.230317273795535,0.5287896592244419,0.26439482961222094,0.3172737955346651,1.0575793184488838,2.802585193889542,0.15863689776733256,0.0,0.052878965922444184,40.38976857490865,20.0,51.28205128205128,50.0,7.002761457109283
mexico,Liga MX,2025,Christopher Castro,20.0,D,Mexico,182.0,80.0,2,0,28.0,0.0,0.0,0.0,0.0,0,0,0,0.0,0,0.0,0.0,0.0,0.0,0.0,0.0,0.0,6.428571428571428,0.0,3.214285714285714,0.0,0.0,3.214285714285714,16.071428571428573,9.642857142857142,0.0,0.0,6.428571428571428,0.0,0.0,0.0,0.0,0.0,1.0,,60.0,,6.5
mexico,Liga MX,2025,Christopher Mora,20.0,D,Mexico,174.0,68.0,1,1,68.0,0.0,0.0,0.0,0.0,0,0,0,0.0,0,0.0,0.0,0.0,0.0,0.0,0.0,0.0,50.294117647058826,1.3235294117647058,3.9705882352941178,0.0,1.3235294117647058,5.294117647058823,14.558823529411766,10.588235294117647,1.3235294117647058,1.3235294117647058,0.0,2.6470588235294117,1.3235294117647058,0.0,0.0,0.0,37.0,,72.72727272727273,100.0,6.2
mexico,Liga MX,2025,Claudio Robles,,F,,,,0,0,0.0,0.0,0.0,0.0,0.0,0,0,0,0.0,0,,,,,,,,,,,,,,,,,,,,,,,,,,,,
mexico,Liga MX,2025,Cristian Calderón,28.0,D,Mexico,177.0,66.0,28,23,1952.0,1.0,1.0,0.0,0.0,0,0,7,0.0,0,0.0,0.783811475409836,0.2766393442622951,0.04610655737704918,0.04610655737704918,0.09221311475409837,0.04610655737704918,35.68647540983606,1.1065573770491803,1.3831967213114753,0.4610655737704918,0.6454918032786885,2.028688524590164,7.607581967213115,4.103483606557377,0.8760245901639344,0.507172131147541,0.507172131147541,1.4293032786885247,1.4754098360655739,0.32274590163934425,0.0,0.0,37.275193798449614,35.294117647058826,53.939393939393945,57.89473684210527,6.861680327868853
mexico,Liga MX,2025,Cristian Jiménez,23.0,M,Mexico,188.0,68.0,0,0,0.0,0.0,0.0,0.0,0.0,0,0,0,0.0,0,,,,,,,,,,,,,,,,,,,,,,,,,,,,
mexico,Liga MX,2025,Cristian Mares,21.0,F,Mexico,,,0,0,0.0,0.0,0.0,0.0,0.0,0,0,0,0.0,0,,,,,,,,,,,,,,,,,,,,,,,,,,,,
mexico,Liga MX,2025,Cristian Reyes,19.0,M,Mexico,,,7,2,250.0,0.0,1.0,0.0,0.0,0,0,1,0.0,0,0.0,1.44,0.36,0.0,0.36,0.36,0.0,35.64,1.8,1.44,0.0,0.72,2.16,11.52,4.32,2.52,1.44,0.36,1.44,2.16,0.36,0.0,0.0,17.939393939393938,25.0,37.5,57.14285714285714,6.546
mexico,Liga MX,2025,Cristian Samir Inda,18.0,M,,,,0,0,0.0,0.0,0.0,0.0,0.0,0,0,0,0.0,0,,,,,,,,,,,,,,,,,,,,,,,,,,,,
mexico,Liga MX,2025,Cristián Borja,32.0,D,Colombia,179.0,66.0,35,33,2883.0,0.0,3.0,1.0,1.0,0,0,4,0.0,0,0.15608740894901146,0.46826222684703434,0.12486992715920915,0.0,0.09365244536940688,0.09365244536940688,0.0,46.85744016649324,1.09261186264308,1.7481789802289283,0.2497398543184183,0.8740894901144641,2.6222684703433923,6.555671175858481,3.870967741935484,0.7180020811654526,0.46826222684703434,0.43704474505723206,0.9365244536940687,0.9989594172736732,0.12486992715920915,0.0,0.0,44.652231845436376,26.666666666666668,59.04761904761905,65.21739130434783,6.960319112036073
mexico,Liga MX,2025,Cristián Dájome,31.0,F,Colombia,172.0,70.0,33,14,1420.0,5.0,1.0,0.0,2.0,0,0,7,0.0,0,0.44366197183098594,1.1408450704225352,0.6338028169014085,0.31690140845070425,0.06338028169014084,0.380281690140845,0.31690140845070425,23.514084507042252,1.0774647887323943,1.3943661971830985,0.380281690140845,0.76056338028169,2.1549295774647885,11.21830985915493,5.007042253521127,2.028169014084507,0.8873239436619719,1.1408450704225352,1.7112676056338028,2.091549295774648,0.44366197183098594,0.0,0.0,15.534059945504087,55.55555555555556,44.632768361581924,43.75,6.815140845070423
mexico,Liga MX,2025,Cristóbal Alfaro,18.0,D,,,,2,1,105.0,0.0,0.0,0.0,1.0,0,0,1,0.0,0,0.0,0.0,0.0,0.0,0.0,0.0,0.0,39.42857142857143,0.0,0.0,0.0,0.8571428571428572,0.8571428571428572,4.285714285714286,1.7142857142857144,0.0,0.0,0.0,1.7142857142857144,1.7142857142857144,0.8571428571428572,0.0,0.0,30.217391304347824,,40.0,,5.485714285714286
mexico,Liga MX,2025,Cristóbal Hernández,18.0,F,,,,1,0,10.0,0.0,0.0,0.0,0.0,0,0,0,0.0,0,0.0,0.0,0.0,0.0,0.0,0.0,0.0,108.0,9.0,0.0,0.0,0.0,0.0,18.0,0.0,0.0,0.0,0.0,0.0,9.0,0.0,0.0,0.0,11.0,,0.0,,6.3
mexico,Liga MX,2025,César Araújo,24.0,M,Uruguay,181.0,75.0,15,12,1050.0,0.0,0.0,0.0,0.0,0,0,2,0.0,0,0.0,0.08571428571428572,0.0,0.0,0.0,0.0,0.0,49.628571428571426,0.5142857142857142,1.8857142857142857,0.4285714285714286,1.2857142857142856,3.1714285714285713,7.0285714285714285,4.800000000000001,0.4285714285714286,0.2571428571428571,0.8571428571428572,1.8,0.6857142857142857,0.17142857142857143,0.0,0.0,43.5146804835924,0.0,68.29268292682927,60.0,7.024571428571429
mexico,Liga MX,2025,César Bustos,20.0,D,Mexico,173.0,74.0,2,0,67.0,0.0,0.0,0.0,0.0,0,0,0,0.0,0,0.0,0.0,0.0,0.0,0.0,0.0,0.0,42.98507462686567,0.0,0.0,0.0,4.029850746268656,4.029850746268656,9.402985074626866,4.029850746268656,2.6865671641791042,0.0,1.3432835820895521,0.0,0.0,0.0,0.0,0.0,23.65625,,42.857142857142854,0.0,6.617910447761194
mexico,Liga MX,2025,César Camacho,19.0,G,,,,0,0,0.0,0.0,0.0,0.0,0.0,0,0,0,0.0,0,,,,,,,,,,,,,,,,,,,,,,,,,,,,
mexico,Liga MX,2025,César Ramos,25.0,G,Mexico,180.0,74.0,1,1,90.0,0.0,0.0,0.0,0.0,0,0,0,0.0,0,0.0,0.0,0.0,0.0,0.0,0.0,0.0,29.000000000000004,0.0,0.0,0.0,0.0,0.0,1.0,1.0,0.0,0.0,0.0,0.0,0.0,0.0,0.0,0.0,15.0,,100.0,,6.7
mexico,Liga MX,2025,Dagoberto Espinoza,21.0,D,Mexico,,,8,8,587.0,1.0,0.0,0.0,0.0,0,0,1,0.0,0,0.0,0.30664395229982966,0.15332197614991483,0.15332197614991483,0.0,0.15332197614991483,0.15332197614991483,38.63713798977854,0.6132879045996593,1.9931856899488927,0.15332197614991483,0.45996592844974443,2.4531516183986373,9.045996592844974,5.212947189097104,3.066439522998296,1.533219761499148,0.30664395229982966,0.9199318568994889,0.766609880749574,0.15332197614991483,0.0,0.0,32.404761904761905,50.0,57.6271186440678,50.0,7.250766609880749
mexico,Liga MX,2025,Daniel Aceves,24.0,D,Mexico,179.0,64.0,29,25,2298.0,1.0,2.0,0.0,1.0,0,0,2,0.0,1,0.0391644908616188,0.7441253263707572,0.19582245430809397,0.0391644908616188,0.0783289817232376,0.1174934725848564,0.0391644908616188,52.48041775456919,0.6266318537859008,2.1148825065274153,0.5091383812010444,1.0966057441253265,3.2114882506527413,6.462140992167102,3.8381201044386426,0.5483028720626633,0.2349869451697128,0.39164490861618795,0.8224543080939948,0.6657963446475196,0.0783289817232376,0.0,0.0391644908616188,50.167910447761194,26.31578947368421,59.3939393939394,42.857142857142854,6.863228894691036
mexico,Liga MX,2025,Daniel Aguirre,26.0,D,USA,170.0,75.0,29,24,2133.0,4.0,3.0,3.0,1.0,0,0,10,0.0,0,0.042194092827004225,0.7172995780590716,0.37974683544303794,0.1687763713080169,0.12658227848101267,0.29535864978902954,0.1687763713080169,51.35021097046413,1.0126582278481013,1.5611814345991561,0.37974683544303794,1.3080168776371308,2.8691983122362865,7.088607594936709,4.008438818565401,0.8860759493670887,0.3375527426160338,0.4641350210970464,1.0970464135021096,1.1814345991561181,0.4219409282700422,0.0,0.0,44.19063270336894,52.94117647058824,56.547619047619044,38.095238095238095,7.061462728551336
mexico,Liga MX,2025,Daniel Arcila,23.0,M,Colombia,,,21,5,779.0,4.0,0.0,0.0,0.0,0,0,2,0.0,0,0.0,2.5417201540436456,1.0397946084724006,0.4621309370988446,0.0,0.4621309370988446,0.4621309370988446,59.730423620025675,1.7329910141206677,0.693196405648267,0.0,0.3465982028241335,1.0397946084724006,8.78048780487805,2.5417201540436456,1.6174582798459565,0.4621309370988446,1.0397946084724006,1.1553273427471118,1.1553273427471118,0.2310654685494223,0.0,0.0,26.286266924564796,40.909090909090914,28.947368421052634,28.57142857142857,6.786007702182285
mexico,Liga MX,2025,Daniel Guillen,24.0,D,Mexico,184.0,70.0,3,0,66.0,0.0,0.0,0.0,0.0,0,0,0,0.0,0,0.0,0.0,0.0,0.0,0.0,0.0,0.0,32.72727272727273,0.0,0.0,5.454545454545455,1.3636363636363638,1.3636363636363638,1.3636363636363638,0.0,0.0,0.0,0.0,0.0,0.0,0.0,0.0,0.0,9.75,,0.0,,6.577272727272727
mexico,Liga MX,2025,Daniel Márquez,18.0,M,Mexico,175.0,65.0,0,0,0.0,0.0,0.0,0.0,0.0,0,0,0,0.0,0,,,,,,,,,,,,,,,,,,,,,,,,,,,,
mexico,Liga MX,2025,Daniel Méndez,20.0,F,Guatemala,,,1,0,13.0,0.0,0.0,0.0,0.0,0,0,0,0.0,0,0.0,0.0,0.0,0.0,0.0,0.0,0.0,6.923076923076923,0.0,0.0,0.0,0.0,0.0,0.0,0.0,0.0,0.0,0.0,0.0,0.0,0.0,0.0,0.0,,,,,6.5
mexico,Liga MX,2025,Daniel Parra,26.0,D,Mexico,175.0,66.0,13,9,849.0,1.0,0.0,0.0,1.0,0,0,3,0.0,0,0.0,0.8480565371024734,0.21201413427561835,0.10600706713780918,0.0,0.10600706713780918,0.10600706713780918,24.593639575971732,0.9540636042402828,2.968197879858657,0.4240282685512367,1.6961130742049468,4.6643109540636045,11.660777385159012,5.724381625441696,0.9540636042402828,0.5300353356890459,1.6961130742049468,0.4240282685512367,2.3321554770318023,0.31802120141342755,0.0,0.0,22.24137931034483,25.0,49.09090909090909,55.55555555555556,6.726972909305065
mexico,Liga MX,2025,Danny Leyva,22.0,M,USA,178.0,68.0,17,16,1369.0,0.0,3.0,0.0,0.0,0,0,2,0.0,0,0.0,0.46018991964937916,0.26296566837107377,0.0,0.19722425127830534,0.19722425127830534,0.0,44.835646457268076,1.7750182615047478,1.7750182615047478,0.26296566837107377,0.9203798392987583,2.6953981008035064,7.165814463111761,4.010226442658875,0.26296566837107377,0.13148283418553688,0.591672753834916,1.5120525931336743,0.6574141709276845,0.13148283418553688,0.0,0.0,38.77272727272727,57.14285714285714,55.96330275229357,50.0,7.13644996347699
mexico,Liga MX,2025,Darío Rodríguez,18.0,M,,,,0,0,0.0,0.0,0.0,0.0,0.0,0,0,0,0.0,0,,,,,,,,,,,,,,,,,,,,,,,,,,,,
mexico,Liga MX,2025,Darío Rodríguez,,M,,,,0,0,0.0,0.0,0.0,0.0,0.0,0,0,0,0.0,0,,,,,,,,,,,,,,,,,,,,,,,,,,,,
mexico,Liga MX,2025,David Collazo,21.0,D,,,,0,0,0.0,0.0,0.0,0.0,0.0,0,0,0,0.0,0,,,,,,,,,,,,,,,,,,,,,,,,,,,,
mexico,Liga MX,2025,David Osuna,23.0,D,Mexico,,,0,0,0.0,0.0,0.0,0.0,0.0,0,0,0,0.0,0,,,,,,,,,,,,,,,,,,,,,,,,,,,,
mexico,Liga MX,2025,David Ramírez,30.0,M,Mexico,168.0,64.0,19,9,801.0,0.0,0.0,1.0,0.0,0,0,2,0.0,0,0.0,0.2247191011235955,0.2247191011235955,0.0,0.0,0.0,0.0,45.50561797752809,0.449438202247191,1.348314606741573,0.449438202247191,0.6741573033707865,2.0224719101123596,5.842696629213484,3.7078651685393256,0.7865168539325843,0.6741573033707865,0.7865168539325843,1.348314606741573,0.449438202247191,0.2247191011235955,0.0,0.0,32.20246913580247,100.0,63.46153846153846,85.71428571428571,6.608489388264669
mexico,Liga MX,2025,David Rodriguez,23.0,M,USA,178.0,63.0,7,2,262.0,1.0,0.0,1.0,0.0,0,0,0,0.0,0,0.34351145038167935,2.404580152671756,1.3740458015267174,0.34351145038167935,0.0,0.34351145038167935,0.34351145038167935,19.580152671755727,1.0305343511450382,2.404580152671756,0.0,0.6870229007633587,3.0916030534351147,13.396946564885496,6.183206106870229,5.49618320610687,2.404580152671756,1.717557251908397,1.0305343511450382,0.34351145038167935,0.0,0.0,0.0,9.75438596491228,57.14285714285714,46.15384615384615,43.75,6.863740458015267
mexico,Liga MX,2025,Denilson Paz,20.0,M,Mexico,166.0,,0,0,0.0,0.0,0.0,0.0,0.0,0,0,0,0.0,0,,,,,,,,,,,,,,,,,,,,,,,,,,,,
mexico,Liga MX,2025,Dennis Ramirez,18.0,M,Mexico,,,3,0,38.0,0.0,0.0,0.0,0.0,0,0,0,0.0,0,0.0,2.3684210526315788,0.0,0.0,0.0,0.0,0.0,59.21052631578948,0.0,0.0,0.0,0.0,0.0,0.0,0.0,0.0,0.0,0.0,0.0,0.0,0.0,0.0,0.0,7.68,0.0,,,6.757894736842106
mexico,Liga MX,2025,Denzell Garcia,22.0,M,Mexico,,,38,38,3236.0,3.0,2.0,1.0,0.0,0,0,5,0.0,0,0.055624227441285534,0.9456118665018542,0.27812113720642767,0.08343634116192832,0.055624227441285534,0.13906056860321384,0.08343634116192832,36.48949320148331,1.1124845488257107,1.8634116192830654,0.27812113720642767,0.973423980222497,2.8368355995055623,7.676143386897404,3.893695920889988,0.8899876390605685,0.5006180469715699,0.9456118665018542,0.6674907292954265,1.0290482076637826,0.13906056860321384,0.0,0.0,32.332317073170735,29.411764705882355,50.72463768115942,56.25,6.864802224969098
mexico,Liga MX,2025,Diber Cambindo,29.0,F,Colombia,188.0,83.0,31,27,2351.0,14.0,4.0,0.0,0.0,2,0,7,0.0,1,0.4593789876648235,2.794555508294343,1.4164185452998723,0.5359421522756274,0.15312632922160782,0.6890684814972352,0.4593789876648235,14.547001276052743,1.1101658868566568,0.5742237345810294,0.038281582305401955,0.07656316461080391,0.6507868991918332,11.714164185452997,4.670353041259038,2.2203317737133137,0.9953211399404508,0.30625265844321564,1.1484474691620588,1.799234368353892,0.2679710761378137,0.0,0.038281582305401955,12.578947368421053,50.68493150684932,39.869281045751634,44.827586206896555,6.82956188855806
mexico,Liga MX,2025,Diego Abreu,22.0,F,Uruguay,189.0,72.0,12,4,430.0,3.0,1.0,2.0,0.0,1,0,0,0.0,0,0.8372093023255813,1.8837209302325582,1.0465116279069768,0.627906976744186,0.20930232558139533,0.8372093023255813,0.41860465116279066,16.325581395348838,0.627906976744186,1.255813953488372,0.0,0.41860465116279066,1.6744186046511627,11.720930232558139,4.813953488372093,1.255813953488372,0.41860465116279066,0.41860465116279066,1.4651162790697674,0.20930232558139533,0.0,0.0,0.0,7.217948717948718,55.55555555555556,41.07142857142857,33.33333333333333,6.963023255813953
mexico,Liga MX,2025,Diego Barbosa,29.0,D,Mexico,173.0,71.0,36,24,2278.0,1.0,1.0,0.0,2.0,0,0,8,0.0,0,0.19754170324846357,0.6321334503950834,0.23705004389815626,0.03950834064969271,0.03950834064969271,0.07901668129938542,0.03950834064969271,35.59701492537313,0.9086918349429324,3.516242317822652,0.23705004389815626,0.7111501316944688,4.2273924495171205,11.06233538191396,5.847234416154522,2.1729587357330993,1.1457418788410887,1.0667251975417034,0.7506584723441616,1.8568920105355575,0.3160667251975417,0.0,0.0,26.81798002219756,37.5,52.85714285714286,52.72727272727272,6.742186128182617
mexico,Liga MX,2025,Diego Campillo,24.0,D,Mexico,180.0,79.0,34,29,2647.0,1.0,2.0,0.0,1.0,0,0,5,0.0,0,0.0,0.34000755572346053,0.1360030222893842,0.03400075557234605,0.0680015111446921,0.10200226671703816,0.03400075557234605,56.101246694370985,0.47601057801284474,1.3940309784661882,0.47601057801284474,1.8360408009066869,3.230071779372875,6.46014355874575,3.6040800906686816,0.4420098224404987,0.17000377786173027,0.40800906686815264,0.8500188893086513,0.8840196448809974,0.17000377786173027,0.0,0.0,56.38363636363636,40.0,55.78947368421052,38.46153846153847,6.933547412164714
mexico,Liga MX,2025,Diego García,19.0,D,,,,0,0,0.0,0.0,0.0,0.0,0.0,0,0,0,0.0,0,,,,,,,,,,,,,,,,,,,,,,,,,,,,
mexico,Liga MX,2025,Diego González,22.0,M,Paraguay,178.0,67.0,34,30,2633.0,6.0,7.0,2.0,0.0,2,0,4,0.0,0,0.34181541967337636,2.0508925180402584,0.8203570072161033,0.20508925180402582,0.23927079377136348,0.4443600455753893,0.13672616786935055,26.18306114698063,1.9825294341055828,1.2647170527914926,0.06836308393467527,0.47854158754272696,1.7432586403342194,11.450816559058108,4.785415875427269,3.589061906570452,1.4356247626281806,0.9229016331181162,1.503987846562856,1.059627800987467,0.13672616786935055,0.0,0.0,19.39686684073107,40.0,41.7910447761194,40.0,7.053247246486897
mexico,Liga MX,2025,Diego Gómez,22.0,M,Mexico,,,2,0,13.0,0.0,0.0,0.0,0.0,0,0,0,0.0,0,0.0,0.0,0.0,0.0,0.0,0.0,0.0,34.61538461538462,6.923076923076923,6.923076923076923,0.0,0.0,6.923076923076923,6.923076923076923,6.923076923076923,0.0,0.0,0.0,0.0,0.0,0.0,0.0,0.0,2.0,,100.0,,6.599999999999999
mexico,Liga MX,2025,Diego Lainez,25.0,M,Mexico,168.0,58.0,40,32,2968.0,6.0,7.0,1.0,0.0,0,0,11,0.0,0,0.09097035040431267,1.0006738544474394,0.6064690026954178,0.18194070080862534,0.2122641509433962,0.3942048517520216,0.18194070080862534,36.1455525606469,2.0619946091644206,1.637466307277628,0.15161725067385445,0.4548517520215633,2.0923180592991915,12.25067385444744,6.095013477088949,3.3962264150943393,1.6981132075471697,0.7277628032345014,2.456199460916442,1.36455525606469,0.3335579514824798,0.0,0.0,28.75503355704698,60.60606060606061,49.75247524752475,50.0,7.221529649595688
mexico,Liga MX,2025,Diego Martinez,21.0,M,Mexico,,,1,0,16.0,0.0,0.0,0.0,0.0,0,0,0,0.0,0,0.0,0.0,0.0,0.0,0.0,0.0,0.0,101.25,0.0,0.0,0.0,0.0,0.0,5.625,5.625,0.0,0.0,0.0,0.0,0.0,0.0,0.0,0.0,16.0,,100.0,,6.9
mexico,Liga MX,2025,Diego Medina,24.0,M,Mexico,176.0,70.0,16,0,263.0,0.0,1.0,0.0,0.0,0,0,0,0.0,0,0.34220532319391633,1.0266159695817492,0.34220532319391633,0.0,0.34220532319391633,0.34220532319391633,0.0,33.19391634980988,2.0532319391634983,3.4220532319391634,0.34220532319391633,1.0266159695817492,4.448669201520913,20.190114068441066,7.870722433460076,4.106463878326997,1.3688212927756653,1.7110266159695817,2.0532319391634983,3.7642585551330794,0.0,0.0,0.0,7.175257731958763,33.33333333333333,38.983050847457626,33.33333333333333,6.525190839694657
mexico,Liga MX,2025,Diego Ochoa,20.0,D,Mexico,189.0,78.0,7,4,435.0,0.0,0.0,0.0,0.0,0,0,1,0.0,0,0.0,0.0,0.0,0.0,0.0,0.0,0.0,42.0,0.20689655172413793,1.8620689655172413,1.4482758620689655,0.8275862068965517,2.689655172413793,5.793103448275862,3.7241379310344827,0.0,0.0,0.0,0.8275862068965517,0.8275862068965517,0.20689655172413793,0.0,0.0,38.50246305418719,,64.28571428571429,,6.861751152073733
mexico,Liga MX,2025,Diego Reyes,18.0,F,Mexico,,,0,0,0.0,0.0,0.0,0.0,0.0,0,0,0,0.0,0,,,,,,,,,,,,,,,,,,,,,,,,,,,,
mexico,Liga MX,2025,Diego Reyes,33.0,D,Mexico,190.0,76.0,24,24,2135.0,0.0,0.0,0.0,0.0,0,0,2,0.0,0,0.0,0.4215456674473068,0.0,0.0,0.0,0.0,0.0,28.074941451990632,0.04215456674473068,0.8852459016393444,1.4754098360655739,0.8430913348946136,1.7283372365339578,6.028103044496486,3.6252927400468384,0.1686182669789227,0.08430913348946135,0.2529274004683841,0.6744730679156908,0.4215456674473068,0.08430913348946135,0.0,0.0,30.003003003003002,0.0,60.13986013986013,50.0,6.836065573770492
mexico,Liga MX,2025,Diego Sánchez,20.0,F,Mexico,,,17,6,627.0,4.0,2.0,0.0,0.0,0,0,1,0.0,1,0.28708133971291866,1.4354066985645932,1.0047846889952152,0.5741626794258373,0.28708133971291866,0.8612440191387559,0.5741626794258373,35.885167464114836,2.0095693779904304,1.7224880382775118,0.0,0.5741626794258373,2.2966507177033493,8.899521531100477,3.5885167464114835,1.5789473684210527,1.0047846889952152,0.8612440191387559,0.7177033492822966,1.0047846889952152,0.14354066985645933,0.0,0.14354066985645933,20.556,70.0,40.32258064516129,63.63636363636363,7.214376996805113
mexico,Liga MX,2025,Diego Valdez,,M,,,,0,0,0.0,0.0,0.0,0.0,0.0,0,0,0,0.0,0,,,,,,,,,,,,,,,,,,,,,,,,,,,,
mexico,Liga MX,2025,Diego Valdez,,M,,,,0,0,0.0,0.0,0.0,0.0,0.0,0,0,0,0.0,0,,,,,,,,,,,,,,,,,,,,,,,,,,,,
mexico,Liga MX,2025,Diego Valoyes,29.0,F,Colombia,182.0,76.0,6,1,175.0,1.0,0.0,0.0,0.0,0,0,0,0.0,0,0.0,2.571428571428571,1.542857142857143,0.5142857142857142,0.0,0.5142857142857142,0.5142857142857142,23.657142857142855,1.0285714285714285,1.0285714285714285,0.0,0.5142857142857142,1.542857142857143,10.285714285714285,6.171428571428572,2.571428571428571,1.542857142857143,0.5142857142857142,2.571428571428571,2.057142857142857,0.0,0.0,0.0,9.23913043478261,60.0,60.0,60.0,7.024
mexico,Liga MX,2025,Diego de Buen,34.0,M,Mexico,176.0,70.0,13,11,1000.0,1.0,1.0,0.0,0.0,0,0,3,0.0,0,0.0,0.9,0.54,0.09,0.09,0.18,0.09,38.97,0.99,1.53,0.54,0.63,2.16,6.659999999999999,3.42,0.0,0.0,0.36,0.45,0.99,0.27,0.0,0.0,39.61431870669746,60.0,51.35135135135135,,6.9206
mexico,Liga MX,2025,Dieter Villalpando,34.0,M,Mexico,170.0,68.0,12,3,314.0,0.0,0.0,0.0,0.0,0,0,0,0.0,0,0.0,1.7197452229299361,0.8598726114649681,0.0,0.0,0.0,0.0,44.42675159235669,1.7197452229299361,1.1464968152866242,0.28662420382165604,0.5732484076433121,1.7197452229299361,7.452229299363057,3.7261146496815285,0.8598726114649681,0.28662420382165604,1.1464968152866242,2.2929936305732483,0.5732484076433121,0.0,0.0,0.0,17.993548387096773,50.0,50.0,33.33333333333333,6.570926517571884
mexico,Liga MX,2025,Diogo Bagüí,20.0,D,Ecuador,180.0,72.0,1,0,18.0,0.0,0.0,0.0,0.0,0,0,0,0.0,0,0.0,0.0,0.0,0.0,0.0,0.0,0.0,10.0,0.0,5.0,0.0,5.0,10.0,10.0,10.0,0.0,0.0,0.0,0.0,0.0,0.0,0.0,0.0,1.0,,100.0,,6.9
mexico,Liga MX,2025,Domingo Blanco,30.0,M,Argentina,167.0,63.0,32,11,1261.0,1.0,1.0,2.0,1.0,0,0,3,0.0,1,0.2141157811260904,1.070578905630452,0.3568596352101506,0.07137192704203013,0.07137192704203013,0.14274385408406026,0.07137192704203013,13.417922283901666,0.7137192704203013,1.9984139571768438,0.0,0.570975416336241,2.5693893735130846,13.061062648691516,5.78112609040444,3.7827121332275975,1.4274385408406025,0.7137192704203013,2.3552735923869945,2.141157811260904,0.2141157811260904,0.0,0.07137192704203013,8.075675675675676,33.33333333333333,44.26229508196721,37.735849056603776,6.62466296590008
mexico,Liga MX,2025,Dudu,26.0,F,Brazil,179.0,72.0,29,18,1712.0,1.0,3.0,1.0,0.0,0,0,2,0.0,0,0.4205607476635514,0.9462616822429906,0.36799065420560745,0.052570093457943924,0.15771028037383178,0.2102803738317757,0.052570093457943924,19.503504672897197,0.7359813084112149,0.7359813084112149,0.052570093457943924,0.10514018691588785,0.8411214953271028,9.988317757009346,4.363317757009345,3.206775700934579,1.3668224299065421,0.2628504672897196,1.6822429906542056,0.7359813084112149,0.10514018691588785,0.0,0.0,14.89487870619946,38.88888888888889,43.684210526315795,42.62295081967213,6.699123831775701
mexico,Liga MX,2025,Dória,31.0,D,Brazil,189.0,78.0,13,12,1114.0,1.0,0.0,0.0,1.0,0,0,3,0.0,0,0.16157989228007183,0.32315978456014366,0.16157989228007183,0.08078994614003591,0.0,0.08078994614003591,0.08078994614003591,28.761220825852785,0.08078994614003591,0.7271095152603231,0.6463195691202873,1.2118491921005385,1.9389587073608618,6.059245960502693,3.312387791741472,0.08078994614003591,0.08078994614003591,0.32315978456014366,0.8078994614003591,0.9694793536804309,0.24236983842010773,0.0,0.0,30.828651685393258,50.0,54.666666666666664,100.0,6.475763016157989
mexico,Liga MX,2025,Eder Lopez,19.0,M,Mexico,178.0,70.0,9,5,456.0,0.0,1.0,0.0,0.0,0,0,1,0.0,1,0.0,0.5921052631578947,0.0,0.0,0.19736842105263158,0.19736842105263158,0.0,39.868421052631575,1.1842105263157894,3.552631578947368,0.39473684210526316,0.9868421052631579,4.539473684210526,11.052631578947368,5.723684210526316,1.1842105263157894,0.39473684210526316,0.19736842105263158,0.7894736842105263,2.3684210526315788,0.19736842105263158,0.0,0.19736842105263158,29.165829145728644,0.0,51.78571428571429,33.33333333333333,6.600659340659341
mexico,Liga MX,2025,Edgar Guerra,24.0,M,Colombia,172.0,75.0,23,20,1650.0,4.0,2.0,0.0,0.0,0,0,6,0.0,1,0.21818181818181817,2.0727272727272728,1.0909090909090908,0.21818181818181817,0.10909090909090909,0.32727272727272727,0.21818181818181817,24.545454545454543,1.0363636363636364,1.5818181818181818,0.0,0.49090909090909096,2.0727272727272728,11.4,4.8545454545454545,3.981818181818182,1.5818181818181818,1.0363636363636364,1.4727272727272729,1.2000000000000002,0.32727272727272727,0.0,0.05454545454545454,17.50888888888889,52.63157894736842,42.58373205741627,39.726027397260275,6.857212121212121
mexico,Liga MX,2025,Edgar Zaldívar,29.0,M,Mexico,173.0,67.0,17,5,606.0,0.0,0.0,0.0,0.0,0,0,1,0.0,0,0.297029702970297,0.594059405940594,0.0,0.0,0.0,0.0,0.0,38.46534653465346,0.44554455445544555,1.6336633663366338,0.0,1.188118811881188,2.8217821782178216,8.762376237623762,4.00990099009901,1.188118811881188,0.44554455445544555,0.8910891089108911,1.188118811881188,1.6336633663366338,0.1485148514851485,0.0,0.0,21.092664092664094,0.0,45.76271186440678,37.5,6.491419141914192
mexico,Liga MX,2025,Edson Gutiérrez,29.0,D,Mexico,176.0,66.0,7,2,290.0,0.0,0.0,0.0,0.0,0,0,0,0.0,0,0.0,0.0,0.0,0.0,0.0,0.0,0.0,31.96551724137931,0.0,0.9310344827586207,0.3103448275862069,0.6206896551724138,1.5517241379310345,3.103448275862069,2.4827586206896552,0.3103448275862069,0.3103448275862069,0.3103448275862069,0.6206896551724138,0.3103448275862069,0.0,0.0,0.0,19.16504854368932,,80.0,100.0,6.245328719723184
mexico,Liga MX,2025,Edson Partida,28.0,D,Mexico,175.0,76.0,3,1,159.0,0.0,0.0,0.0,0.0,0,0,0,0.0,0,0.5660377358490566,0.5660377358490566,0.5660377358490566,0.0,0.0,0.0,0.0,19.81132075471698,0.5660377358490566,2.2641509433962264,0.0,0.0,2.2641509433962264,6.792452830188679,3.962264150943396,1.1320754716981132,0.0,0.0,0.5660377358490566,1.1320754716981132,0.0,0.0,0.0,7.942857142857143,100.0,58.333333333333336,0.0,6.3698113207547165
mexico,Liga MX,2025,Eduardo Aguirre,27.0,F,Mexico,176.0,65.0,30,17,1568.0,2.0,2.0,2.0,1.0,1,0,3,0.0,0,0.4591836734693877,1.2053571428571428,0.40178571428571425,0.11479591836734693,0.11479591836734693,0.22959183673469385,0.057397959183673464,17.04719387755102,0.860969387755102,0.8035714285714285,0.057397959183673464,0.3443877551020408,1.1479591836734695,11.766581632653061,5.338010204081633,1.2053571428571428,0.6313775510204082,0.40178571428571425,2.5829081632653064,1.721938775510204,0.1721938775510204,0.0,0.0,9.54391891891892,33.33333333333333,45.36585365853659,52.38095238095239,6.624043367346939
mexico,Liga MX,2025,Eduardo Armenta,24.0,M,Mexico,171.0,63.0,12,11,841.0,0.0,1.0,0.0,0.0,0,0,2,0.0,0,0.0,0.535077288941736,0.1070154577883472,0.0,0.1070154577883472,0.1070154577883472,0.0,18.727705112960763,0.6420927467300832,1.605231866825208,0.3210463733650416,1.1771700356718193,2.7824019024970275,7.491082045184305,3.317479191438763,2.140309155766944,0.535077288941736,0.535077288941736,0.8561236623067776,1.070154577883472,0.2140309155766944,0.0,0.0,13.405714285714286,20.0,44.285714285714285,25.0,6.6121284185493465
mexico,Liga MX,2025,Eduardo Bauermann,29.0,D,Brazil,186.0,85.0,37,37,3357.0,0.0,0.0,0.0,0.0,0,0,9,0.0,2,0.02680965147453083,0.2949061662198391,0.05361930294906166,0.0,0.0,0.0,0.0,39.6514745308311,0.13404825737265416,1.260053619302949,0.5898123324396782,1.126005361930295,2.386058981233244,5.442359249329759,3.4048257372654156,0.16085790884718498,0.10723860589812333,0.1876675603217158,0.7238605898123325,0.8042895442359249,0.24128686327077747,0.0,0.05361930294906166,42.709263015551045,18.181818181818183,62.5615763546798,66.66666666666666,6.840899612749479
mexico,Liga MX,2025,Eduardo Mustre,19.0,F,Mexico,177.0,77.0,5,0,43.0,0.0,0.0,0.0,0.0,0,0,0,0.0,0,0.0,2.0930232558139537,2.0930232558139537,0.0,0.0,0.0,0.0,23.02325581395349,0.0,0.0,0.0,0.0,0.0,18.837209302325583,8.372093023255815,0.0,0.0,2.0930232558139537,4.186046511627907,0.0,0.0,0.0,0.0,2.5555555555555554,100.0,44.44444444444444,,6.428571428571429
mexico,Liga MX,2025,Eduardo Navarro,21.0,D,Mexico,179.0,77.0,24,22,1804.0,0.0,0.0,0.0,1.0,0,0,6,0.0,0,0.0,0.2494456762749446,0.09977827050997783,0.0,0.0,0.0,0.0,31.62971175166297,0.2494456762749446,1.646341463414634,1.3470066518847006,1.746119733924612,3.3924611973392462,7.682926829268293,4.090909090909091,0.14966740576496673,0.04988913525498891,0.29933481152993346,0.7982261640798226,1.5964523281596452,0.29933481152993346,0.0,0.0,25.79495268138801,40.0,53.246753246753244,33.33333333333333,6.552217294900222
mexico,Liga MX,2025,Eduardo Perez,32.0,F,Mexico,175.0,72.0,8,2,206.0,0.0,1.0,0.0,0.0,0,0,0,0.0,0,0.8737864077669902,2.621359223300971,0.0,0.0,0.4368932038834951,0.4368932038834951,0.0,17.475728155339805,2.1844660194174756,0.8737864077669902,0.0,0.0,0.8737864077669902,13.980582524271844,4.805825242718447,1.3106796116504855,0.4368932038834951,0.0,0.8737864077669902,2.1844660194174756,0.0,0.0,0.0,5.230769230769231,0.0,34.375,33.33333333333333,6.350970873786408
mexico,Liga MX,2025,Eduardo Águila,23.0,D,Mexico,,,29,27,2481.0,2.0,0.0,0.0,0.0,0,0,2,0.0,2,0.036275695284159616,0.5441354292623942,0.18137847642079807,0.07255139056831923,0.0,0.07255139056831923,0.07255139056831923,45.090689238210395,0.10882708585247883,1.305925030229746,0.6166868198307134,0.94316807738815,2.249093107617896,5.985489721886336,3.591293833131802,0.4353083434099153,0.3264812575574365,0.21765417170495766,0.29020556227327693,0.6892382103990327,0.07255139056831923,0.0,0.07255139056831923,44.35880933226066,33.33333333333333,60.0,75.0,6.69552599758162
mexico,Liga MX,2025,Edwin Soto,18.0,D,,,,0,0,0.0,0.0,0.0,0.0,0.0,0,0,0,0.0,0,,,,,,,,,,,,,,,,,,,,,,,,,,,,
mexico,Liga MX,2025,Efrain Alvarez,23.0,F,Mexico,173.0,68.0,40,35,2547.0,3.0,7.0,0.0,0.0,0,1,0,0.0,0,0.24734982332155478,2.049469964664311,0.8127208480565371,0.10600706713780918,0.24734982332155478,0.35335689045936397,0.10600706713780918,50.88339222614841,2.968197879858657,0.8127208480565371,0.0,0.24734982332155478,1.0600706713780919,7.773851590106007,3.7102473498233217,2.932862190812721,1.342756183745583,0.31802120141342755,1.2367491166077738,0.6007067137809188,0.0,0.0,0.0,41.389583333333334,39.6551724137931,47.72727272727273,45.78313253012048,7.2401968503937
mexico,Liga MX,2025,Efrain Orona,26.0,M,Mexico,182.0,83.0,24,15,1469.0,0.0,0.0,0.0,0.0,0,0,4,0.0,0,0.18379850238257317,0.6126616746085772,0.12253233492171545,0.0,0.0,0.0,0.0,36.882232811436346,0.4901293396868618,1.592920353982301,0.673927842069435,0.673927842069435,2.2668481960517357,6.555479918311777,3.430905377808033,0.12253233492171545,0.06126616746085772,0.3063308373042886,0.4901293396868618,1.2253233492171545,0.2450646698434309,0.0,0.0,27.488372093023255,20.0,52.336448598130836,50.0,6.466621253405995
mexico,Liga MX,2025,Elías Montiel,20.0,M,Mexico,171.0,60.0,20,18,1524.0,2.0,4.0,0.0,0.0,0,0,1,0.0,0,0.11811023622047244,1.1220472440944882,0.7677165354330708,0.11811023622047244,0.23622047244094488,0.3543307086614173,0.11811023622047244,42.10629921259842,1.7125984251968505,1.2401574803149606,0.0,0.8267716535433071,2.0669291338582676,6.377952755905512,3.12992125984252,1.594488188976378,0.8267716535433071,0.2952755905511811,0.8267716535433071,0.7677165354330708,0.05905511811023622,0.0,0.0,39.876577840112205,68.42105263157895,49.074074074074076,51.85185185185185,7.028937007874016
mexico,Liga MX,2025,Emiliano Gómez,24.0,M,Uruguay,176.0,81.0,33,29,2504.0,8.0,5.0,0.0,0.0,0,0,1,0.0,0,0.1437699680511182,1.5814696485623003,0.8266773162939297,0.2875399361022364,0.17971246006389777,0.4672523961661342,0.2875399361022364,22.356230031948883,1.1861022364217253,0.3953674121405751,0.0718849840255591,0.21565495207667731,0.6110223642172524,8.662140575079873,4.205271565495208,3.0191693290734825,1.5095846645367412,0.35942492012779553,1.689297124600639,0.5750798722044728,0.03594249201277955,0.0,0.0,18.032154340836012,52.27272727272727,48.54771784232365,50.0,6.816813099041533
mexico,Liga MX,2025,Emiliano Rigoni,32.0,M,Argentina,180.0,74.0,1,0,10.0,0.0,0.0,0.0,0.0,0,0,0,0.0,0,0.0,0.0,0.0,0.0,0.0,0.0,0.0,27.0,0.0,0.0,0.0,0.0,0.0,0.0,0.0,0.0,0.0,0.0,0.0,0.0,0.0,0.0,0.0,3.0,,,,6.7
mexico,Liga MX,2025,Emiliano Villaseñor,18.0,D,Mexico,,,2,0,42.0,0.0,0.0,0.0,0.0,0,0,0,0.0,0,0.0,2.142857142857143,0.0,0.0,0.0,0.0,0.0,51.42857142857142,2.142857142857143,4.285714285714286,0.0,0.0,4.285714285714286,15.0,4.285714285714286,2.142857142857143,0.0,2.142857142857143,0.0,4.285714285714286,0.0,0.0,0.0,10.166666666666666,0.0,28.57142857142857,0.0,6.395238095238096
mexico,Liga MX,2025,Emilio Lara,23.0,D,Mexico,180.0,72.0,18,10,1093.0,0.0,0.0,0.0,0.0,0,0,5,0.0,1,0.08234217749313816,0.24702653247941445,0.24702653247941445,0.0,0.0,0.0,0.0,40.018298261665144,0.6587374199451053,1.8938700823421775,0.576395242451967,1.3174748398902105,3.211344922232388,6.093321134492223,3.7053979871912173,0.4117108874656908,0.32936870997255263,0.24702653247941445,0.6587374199451053,1.2351326623970722,0.4117108874656908,0.0,0.08234217749313816,32.76288659793814,100.0,60.810810810810814,80.0,6.716010978957
mexico,Liga MX,2025,Emilio Martinez,22.0,D,Mexico,175.0,70.0,5,1,185.0,0.0,0.0,0.0,0.0,0,0,0,0.0,0,0.0,0.4864864864864865,0.0,0.0,0.0,0.0,0.0,36.972972972972975,0.972972972972973,2.9189189189189193,0.0,1.4594594594594597,4.378378378378379,5.351351351351352,4.378378378378379,0.0,0.0,0.0,0.972972972972973,0.0,0.0,0.0,0.0,25.592105263157894,0.0,81.81818181818183,,6.412432432432432
mexico,Liga MX,2025,Emilio Rodriguez,22.0,M,Mexico,177.0,73.0,21,5,696.0,1.0,0.0,0.0,0.0,0,0,1,0.0,0,0.12931034482758622,1.0344827586206897,0.25862068965517243,0.12931034482758622,0.0,0.12931034482758622,0.12931034482758622,34.78448275862069,1.293103448275862,1.5517241379310345,0.25862068965517243,0.5172413793103449,2.0689655172413794,11.508620689655173,5.043103448275862,2.456896551724138,1.8103448275862069,0.7758620689655172,0.9051724137931034,2.586206896551724,0.12931034482758622,0.0,0.0,14.04089219330855,25.0,43.82022471910113,73.68421052631578,6.527298850574713
mexico,Liga MX,2025,Emmanuel Echeverría,22.0,D,Mexico,174.0,54.0,26,15,1545.0,1.0,0.0,0.0,0.0,0,0,7,0.0,0,0.05825242718446602,0.23300970873786409,0.17475728155339806,0.05825242718446602,0.0,0.05825242718446602,0.05825242718446602,28.83495145631068,0.8737864077669902,1.8058252427184467,0.17475728155339806,0.5242718446601942,2.330097087378641,8.03883495145631,3.9029126213592233,1.3980582524271845,0.5242718446601942,0.6990291262135923,1.2233009708737863,0.9902912621359222,0.4077669902912621,0.0,0.0,23.370672097759673,75.0,48.55072463768116,37.5,6.5197538860103625
mexico,Liga MX,2025,Emmanuel Ochoa,20.0,G,USA,188.0,68.0,0,0,0.0,0.0,0.0,0.0,0.0,0,0,0,0.0,0,,,,,,,,,,,,,,,,,,,,,,,,,,,,
mexico,Liga MX,2025,Emmanuel Sanchez,,M,,,,0,0,0.0,0.0,0.0,0.0,0.0,0,0,0,0.0,0,,,,,,,,,,,,,,,,,,,,,,,,,,,,
mexico,Liga MX,2025,Emmanuel Sanchez,,M,,,,1,0,11.0,0.0,0.0,0.0,0.0,0,0,0,0.0,0,0.0,0.0,0.0,0.0,0.0,0.0,0.0,24.545454545454543,0.0,0.0,0.0,0.0,0.0,16.363636363636363,8.181818181818182,0.0,0.0,0.0,0.0,8.181818181818182,0.0,0.0,0.0,3.0,,50.0,,6.7
mexico,Liga MX,2025,Enner Valencia,36.0,F,Ecuador,177.0,74.0,22,15,1376.0,8.0,1.0,3.0,0.0,3,0,3,0.0,1,0.5232558139534884,2.48546511627907,1.3081395348837208,0.5232558139534884,0.06540697674418605,0.5886627906976745,0.3270348837209302,17.136627906976745,0.9156976744186047,0.7848837209302325,0.06540697674418605,0.06540697674418605,0.8502906976744186,11.642441860465118,4.447674418604651,2.48546511627907,1.0465116279069768,0.2616279069767442,1.3735465116279069,1.6351744186046513,0.19622093023255813,0.0,0.06540697674418605,11.4453125,52.63157894736842,38.20224719101123,42.10526315789473,6.8561046511627906
mexico,Liga MX,2025,Erick Orta,18.0,D,,,,1,1,63.0,0.0,0.0,0.0,0.0,0,0,0,0.0,0,0.0,0.0,0.0,0.0,0.0,0.0,0.0,30.0,0.0,4.285714285714286,0.0,0.0,4.285714285714286,8.571428571428571,4.285714285714286,0.0,0.0,0.0,0.0,2.8571428571428568,0.0,0.0,0.0,11.0,,50.0,,6.7
mexico,Liga MX,2025,Erick Sánchez,26.0,M,Mexico,167.0,70.0,30,24,2055.0,3.0,0.0,0.0,0.0,0,0,3,0.0,1,0.043795620437956206,1.6204379562043796,0.7445255474452555,0.1313868613138686,0.0,0.1313868613138686,0.1313868613138686,40.33576642335766,1.1386861313868613,1.3576642335766422,0.4817518248175182,0.4817518248175182,1.8394160583941606,6.656934306569344,3.8540145985401457,0.832116788321168,0.43795620437956206,0.4817518248175182,1.532846715328467,0.7007299270072993,0.1313868613138686,0.0,0.043795620437956206,34.496199782844734,45.94594594594595,57.89473684210527,52.63157894736842,7.041654501216545
mexico,Liga MX,2025,Erik Dueñas,21.0,M,Mexico,163.0,59.0,0,0,0.0,0.0,0.0,0.0,0.0,0,0,0,0.0,0,,,,,,,,,,,,,,,,,,,,,,,,,,,,
mexico,Liga MX,2025,Erik Lira,25.0,D,Mexico,170.0,62.0,37,34,3023.0,0.0,0.0,0.0,0.0,0,0,8,0.0,0,0.029771749917300697,0.32748924909030763,0.11908699966920279,0.0,0.0,0.0,0.0,50.076083360899766,0.5061197485941118,1.6969897452861396,0.32748924909030763,0.8038372477671187,2.5008269930532583,6.549784981806153,3.8405557393317897,0.47634799867681116,0.29771749917300694,0.6549784981806153,1.3099569963612305,0.9526959973536223,0.23817399933840558,0.0,0.0,48.04577883472057,36.36363636363637,58.63636363636363,62.5,6.828117763810784
mexico,Liga MX,2025,Esteban Lozano,22.0,F,Mexico,190.0,83.0,28,15,1531.0,3.0,0.0,0.0,1.0,0,0,2,0.0,0,0.47028086218158066,2.116263879817113,0.5878510777269759,0.17635532331809275,0.0,0.17635532331809275,0.17635532331809275,13.34421946440235,0.47028086218158066,0.8229915088177662,0.11757021554539517,0.0,0.8229915088177662,12.580013063357283,6.113651208360549,0.999346832135859,0.47028086218158066,0.29392553886348793,1.6459830176355323,1.410842586544742,0.11757021554539517,0.0,0.0,6.911111111111111,27.77777777777778,48.598130841121495,47.05882352941176,6.656172436316133
mexico,Liga MX,2025,Ettson Ayón,24.0,F,Mexico,177.0,63.0,20,5,718.0,2.0,0.0,2.0,0.0,1,0,3,0.0,0,0.6267409470752089,1.754874651810585,1.0027855153203342,0.25069637883008355,0.0,0.25069637883008355,0.12534818941504178,13.036211699164346,0.6267409470752089,0.3760445682451254,0.12534818941504178,0.0,0.3760445682451254,10.529247910863509,3.885793871866295,1.754874651810585,0.5013927576601671,0.25069637883008355,1.754874651810585,1.3788300835654597,0.3760445682451254,0.0,0.0,6.310679611650485,57.14285714285714,36.904761904761905,28.57142857142857,6.588161559888579
mexico,Liga MX,2025,Eugenio Pizzuto,23.0,M,Mexico,180.0,74.0,0,0,0.0,0.0,0.0,0.0,0.0,0,0,0,0.0,0,,,,,,,,,,,,,,,,,,,,,,,,,,,,
mexico,Liga MX,2025,Everardo López,20.0,D,Mexico,,,31,23,2210.0,1.0,0.0,0.0,0.0,0,0,3,0.0,0,0.04072398190045249,0.3257918552036199,0.16289592760180996,0.04072398190045249,0.0,0.04072398190045249,0.04072398190045249,52.61538461538462,0.16289592760180996,1.3438914027149322,0.48868778280542985,1.1402714932126696,2.484162895927602,5.253393665158371,2.3619909502262444,0.12217194570135746,0.08144796380090498,0.36651583710407243,0.20361990950226247,1.2217194570135748,0.12217194570135746,0.0,0.0,49.491486068111456,50.0,44.96124031007752,66.66666666666666,6.7994555353902
mexico,Liga MX,2025,Ezequiel Bullaude,25.0,M,Argentina,184.0,71.0,25,15,1318.0,7.0,4.0,0.0,0.0,0,0,3,0.0,0,0.20485584218512898,1.4339908952959028,0.7511380880121395,0.4779969650986343,0.27314112291350534,0.7511380880121395,0.4779969650986343,23.28528072837633,1.2974203338391501,1.502276176024279,0.06828528072837634,0.20485584218512898,1.707132018209408,12.018209408194233,5.257966616084977,2.1168437025796663,1.1608497723823976,0.4779969650986343,1.843702579666161,1.9802731411229135,0.20485584218512898,0.0,0.0,14.348973607038124,52.38095238095239,43.75,54.83870967741935,7.055842185128983
mexico,Liga MX,2025,Ezequiel Unsaín,30.0,G,Argentina,191.0,79.0,34,34,3094.0,0.0,0.0,0.0,0.0,0,0,3,0.0,0,0.0,0.0,0.0,0.0,0.0,0.0,0.0,30.74660633484163,0.14544279250161601,0.029088558500323207,0.0,0.0,0.029088558500323207,0.40723981900452494,0.37815126050420167,0.0,0.0,0.0,0.08726567550096961,0.029088558500323207,0.08726567550096961,0.0,0.0,22.381267738883633,,92.85714285714286,,6.787879767291532
mexico,Liga MX,2025,Facundo Almada,27.0,D,Argentina,179.0,82.0,34,34,3082.0,6.0,3.0,0.0,3.0,0,0,4,0.0,0,0.05840363400389357,0.6132381570408825,0.3504218040233615,0.17521090201168074,0.08760545100584037,0.2628163530175211,0.17521090201168074,42.07981829980532,0.23361453601557428,1.2848799480856588,1.2848799480856588,0.963659961064244,2.2485399091499025,7.125243348475017,3.942245295262816,0.5840363400389358,0.3504218040233615,0.4380272550292018,0.4964308890330954,0.7592472420506164,0.11680726800778714,0.0,0.0,44.18320610687023,57.14285714285714,55.32786885245902,60.0,6.914536015574302
mexico,Liga MX,2025,Federico Pereira,25.0,D,Uruguay,187.0,77.0,34,31,2820.0,3.0,0.0,0.0,0.0,0,0,9,0.0,0,0.0,1.2446808510638296,0.25531914893617025,0.09574468085106383,0.0,0.09574468085106383,0.09574468085106383,63.12765957446808,0.6063829787234043,1.1170212765957448,0.25531914893617025,1.4042553191489362,2.5212765957446805,8.138297872340425,4.691489361702128,0.1595744680851064,0.06382978723404256,0.4787234042553191,0.8297872340425532,1.4042553191489362,0.28723404255319146,0.0,0.0,61.508851795649974,20.51282051282051,57.647058823529406,40.0,7.107446808510638
mexico,Liga MX,2025,Fernando Arce Juárez,29.0,M,USA,181.0,77.0,15,7,673.0,1.0,1.0,0.0,0.0,0,0,1,0.0,1,0.0,0.9361069836552749,0.5349182763744428,0.1337295690936107,0.1337295690936107,0.2674591381872214,0.1337295690936107,48.27637444279346,0.2674591381872214,4.145616641901932,0.40118870728083206,0.9361069836552749,5.081723625557206,11.634472511144132,6.820208023774145,0.2674591381872214,0.1337295690936107,0.6686478454680534,1.2035661218424962,1.6047548291233282,0.1337295690936107,0.0,0.1337295690936107,43.92520775623269,57.14285714285714,58.620689655172406,50.0,7.025748502994012
mexico,Liga MX,2025,Fernando Beltrán,27.0,M,Mexico,165.0,66.0,31,25,2035.0,3.0,2.0,0.0,1.0,0,0,5,0.0,0,0.044226044226044224,0.6191646191646192,0.26535626535626533,0.13267813267813267,0.08845208845208845,0.22113022113022113,0.13267813267813267,48.07371007371008,1.5036855036855035,1.2383292383292384,0.13267813267813267,1.2383292383292384,2.4766584766584767,6.855036855036856,3.670761670761671,1.6363636363636362,0.8402948402948404,0.7960687960687961,1.5036855036855035,0.7076167076167076,0.22113022113022113,0.0,0.0,38.259429622815084,42.857142857142854,53.5483870967742,51.35135135135135,6.882407862407863
mexico,Liga MX,2025,Fernando González,24.0,M,Mexico,177.0,58.0,14,4,484.0,0.0,1.0,0.0,0.0,0,0,0,0.0,0,0.1859504132231405,1.859504132231405,0.371900826446281,0.0,0.1859504132231405,0.1859504132231405,0.0,34.586776859504134,2.231404958677686,1.487603305785124,0.1859504132231405,0.9297520661157025,2.4173553719008267,7.995867768595041,3.71900826446281,1.487603305785124,0.743801652892562,0.5578512396694215,0.9297520661157025,0.5578512396694215,0.0,0.0,0.0,10.983870967741936,20.0,46.51162790697674,50.0,6.592946058091286
mexico,Liga MX,2025,Fernando González,31.0,M,Mexico,175.0,71.0,30,26,2333.0,0.0,1.0,0.0,0.0,0,0,6,0.0,1,0.0,0.19288469781397344,0.0,0.0,0.03857693956279468,0.03857693956279468,0.0,54.81783111873125,0.7715387912558938,2.2374624946420916,0.30861551650235747,1.6202314616373767,3.8576939562794688,7.638234033433347,4.089155593656237,0.2700385769395628,0.11573081868838406,1.003000428632662,1.003000428632662,1.7359622803257608,0.23146163737676811,0.0,0.03857693956279468,49.05911330049261,0.0,53.535353535353536,42.857142857142854,6.8960994427775395
mexico,Liga MX,2025,Fernando Gorriarán,31.0,M,Uruguay,168.0,69.0,35,32,2790.0,1.0,2.0,0.0,0.0,0,0,13,0.0,0,0.06451612903225806,0.7741935483870968,0.3225806451612903,0.03225806451612903,0.06451612903225806,0.0967741935483871,0.03225806451612903,48.45161290322581,1.032258064516129,1.935483870967742,0.45161290322580644,0.9354838709677419,2.870967741935484,9.806451612903226,4.806451612903226,0.7741935483870968,0.2903225806451613,1.3870967741935485,2.064516129032258,1.6129032258064515,0.41935483870967744,0.0,0.0,44.44207723035952,41.66666666666667,49.01315789473684,37.5,6.924086021505377
mexico,Liga MX,2025,Fernando Hernández,,M,,,,1,0,15.0,0.0,0.0,0.0,0.0,0,0,0,0.0,0,0.0,0.0,0.0,0.0,0.0,0.0,0.0,90.0,6.0,0.0,0.0,0.0,0.0,6.0,6.0,0.0,0.0,0.0,6.0,0.0,0.0,0.0,0.0,12.0,,100.0,,7.0
mexico,Liga MX,2025,Fernando Monarrez,26.0,D,Mexico,172.0,64.0,24,20,1721.0,1.0,3.0,0.0,2.0,1,1,6,0.0,1,0.10459035444509006,0.6275421266705404,0.26147588611272515,0.05229517722254503,0.1568855316676351,0.20918070889018012,0.0,36.39744334689134,1.673445671121441,1.987216734456711,0.26147588611272515,0.9413131900058106,2.928529924462522,7.948866937826844,4.340499709471238,1.307379430563626,0.7321324811156305,0.5752469494479954,0.8367228355607205,1.3596746077861708,0.3137710633352702,0.0,0.05229517722254503,29.701149425287355,41.66666666666667,54.60526315789473,56.00000000000001,6.55392213829169
mexico,Liga MX,2025,Fernando Ordoñez,24.0,D,Mexico,175.0,60.0,0,0,0.0,0.0,0.0,0.0,0.0,0,0,0,0.0,0,,,,,,,,,,,,,,,,,,,,,,,,,,,,
mexico,Liga MX,2025,Fernando Sámano,23.0,F,Mexico,178.0,,0,0,0.0,0.0,0.0,0.0,0.0,0,0,0,0.0,0,,,,,,,,,,,,,,,,,,,,,,,,,,,,
mexico,Liga MX,2025,Fernando Tapia,24.0,G,Mexico,185.0,79.0,0,0,0.0,0.0,0.0,0.0,0.0,0,0,0,0.0,0,,,,,,,,,,,,,,,,,,,,,,,,,,,,
mexico,Liga MX,2025,Fernando Valenzuela,28.0,M,Argentina,167.0,69.0,2,0,58.0,0.0,0.0,0.0,0.0,0,0,0,0.0,0,0.0,0.0,0.0,0.0,0.0,0.0,0.0,24.82758620689655,0.0,0.0,0.0,0.0,0.0,18.620689655172413,10.862068965517242,4.655172413793103,1.5517241379310345,0.0,9.310344827586206,0.0,0.0,0.0,0.0,6.6875,,58.333333333333336,33.33333333333333,6.389655172413794
mexico,Liga MX,2025,Fidel Ambríz,22.0,M,Mexico,181.0,66.0,30,25,2103.0,2.0,0.0,0.0,0.0,0,0,2,0.0,0,0.08559201141226819,0.9843081312410841,0.34236804564907275,0.08559201141226819,0.0,0.08559201141226819,0.08559201141226819,45.106990014265335,0.5135520684736091,2.097004279600571,0.25677603423680456,0.9415121255349501,3.0385164051355207,8.473609129814552,4.065620542082739,0.8559201141226819,0.2995720399429387,1.0271041369472182,0.7275320970042796,1.369472182596291,0.08559201141226819,0.0,0.0,37.52656546489563,34.78260869565217,47.97979797979798,35.0,6.765715644317641
mexico,Liga MX,2025,Fidel Barajas,19.0,F,Mexico,178.0,70.0,10,1,192.0,1.0,0.0,0.0,0.0,0,0,0,0.0,0,0.0,1.875,0.9375,0.46875,0.0,0.46875,0.46875,22.5,0.9375,1.40625,0.0,0.9375,2.34375,5.15625,2.8125,0.9375,0.46875,0.46875,0.46875,0.0,0.0,0.0,0.0,10.466666666666667,50.0,54.54545454545454,50.0,6.561052631578947
mexico,Liga MX,2025,Francisco Méndez,20.0,D,,,,4,2,217.0,0.0,0.0,0.0,0.0,0,0,1,0.0,0,0.0,0.0,0.0,0.0,0.0,0.0,0.0,38.986175115207374,0.4147465437788018,1.2442396313364057,1.2442396313364057,1.2442396313364057,2.4884792626728114,7.050691244239631,2.0737327188940093,0.0,0.0,0.8294930875576036,0.0,2.0737327188940093,0.4147465437788018,0.0,0.0,27.73404255319149,,29.411764705882355,,6.726728110599079
mexico,Liga MX,2025,Francisco Nevarez,25.0,D,Mexico,180.0,65.0,19,12,1237.0,2.0,1.0,0.0,0.0,0,0,4,0.0,0,0.0,0.4365400161681488,0.14551333872271624,0.14551333872271624,0.07275666936135812,0.2182700080840744,0.14551333872271624,33.613581244947454,0.7275666936135813,2.764753435731609,0.2182700080840744,1.0913500404203718,3.8561034761519806,9.822150363783347,5.893290218270008,0.8003233629749394,0.36378334680679064,1.0185933710590136,1.0185933710590136,1.0913500404203718,0.2910266774454325,0.0,0.0,23.439393939393938,33.33333333333333,60.0,45.45454545454545,6.835489086499596
mexico,Liga MX,2025,Francisco Pumpido,21.0,M,Mexico,,,1,1,45.0,0.0,0.0,0.0,0.0,0,0,0,0.0,0,2.0,2.0,2.0,0.0,0.0,0.0,0.0,40.0,0.0,0.0,0.0,0.0,0.0,8.0,4.0,2.0,2.0,0.0,2.0,4.0,0.0,0.0,0.0,18.0,100.0,50.0,100.0,6.5
mexico,Liga MX,2025,Francisco Reyes,27.0,D,Mexico,182.0,72.0,6,4,311.0,0.0,0.0,0.0,0.0,0,0,0,0.0,1,0.28938906752411575,0.28938906752411575,0.28938906752411575,0.0,0.0,0.0,0.0,39.646302250803856,0.5787781350482315,2.0257234726688105,0.5787781350482315,0.8681672025723474,2.8938906752411575,7.234726688102894,2.8938906752411575,0.5787781350482315,0.28938906752411575,0.5787781350482315,0.0,1.157556270096463,0.0,0.0,0.28938906752411575,26.67883211678832,100.0,40.0,50.0,6.321221864951768
mexico,Liga MX,2025,Francisco Venegas,27.0,D,Mexico,173.0,58.0,29,23,1942.0,0.0,0.0,0.0,0.0,0,0,5,0.0,1,0.1853759011328527,0.6024716786817713,0.23171987641606592,0.0,0.0,0.0,0.0,27.94541709577755,0.7878475798146242,1.529351184346035,0.32440782698249226,0.9732234809474768,2.502574665293512,6.488156539649846,3.012358393408857,0.6488156539649845,0.13903192584963955,0.9268795056642637,0.6951596292481977,1.1122554067971164,0.23171987641606592,0.0,0.04634397528321318,18.582089552238806,38.46153846153847,46.42857142857143,21.428571428571427,6.555149330587024
mexico,Liga MX,2025,Francisco Villalba,27.0,M,Spain,171.0,63.0,32,30,2374.0,3.0,2.0,0.0,1.0,1,1,5,0.0,0,0.037910699241786014,0.7203032855939342,0.3032855939342881,0.11373209772535804,0.07582139848357203,0.18955349620893006,0.07582139848357203,34.23336141533277,2.009267059814659,0.5307497893850043,0.11373209772535804,0.6444818871103623,1.1752316764953663,6.027801179443976,2.577927548441449,1.5922493681550125,0.7961246840775063,0.8340353833192923,1.0994102780117945,0.7203032855939342,0.18955349620893006,0.0,0.0,24.813953488372093,42.10526315789473,42.76729559748428,50.0,6.833656276326875
mexico,Liga MX,2025,Franco Fagúndez,25.0,F,Uruguay,187.0,82.0,1,0,15.0,0.0,0.0,0.0,0.0,0,0,0,0.0,0,0.0,0.0,0.0,0.0,0.0,0.0,0.0,30.0,0.0,0.0,0.0,0.0,0.0,6.0,0.0,0.0,0.0,0.0,0.0,0.0,0.0,0.0,0.0,5.0,,0.0,,6.3
mexico,Liga MX,2025,Franco Moyano,28.0,M,Argentina,171.0,68.0,8,6,455.0,0.0,1.0,0.0,0.0,0,0,2,0.0,0,0.0,0.989010989010989,0.0,0.0,0.1978021978021978,0.1978021978021978,0.0,44.7032967032967,0.3956043956043956,0.989010989010989,0.0,0.5934065934065934,1.5824175824175823,3.5604395604395602,1.5824175824175823,0.1978021978021978,0.1978021978021978,0.3956043956043956,0.3956043956043956,0.989010989010989,0.3956043956043956,0.0,0.0,30.34070796460177,0.0,44.44444444444444,100.0,6.58
mexico,Liga MX,2025,Franco Romero,25.0,M,Argentina,178.0,70.0,37,33,3144.0,1.0,2.0,0.0,1.0,0,0,4,0.0,1,0.0,0.17175572519083968,0.08587786259541984,0.028625954198473285,0.05725190839694657,0.08587786259541984,0.028625954198473285,56.56488549618321,0.7442748091603053,2.1469465648854964,0.1431297709923664,0.8587786259541985,3.0057251908396947,6.555343511450382,3.6068702290076335,0.22900763358778628,0.11450381679389314,1.202290076335878,0.8301526717557252,0.9160305343511451,0.11450381679389314,0.0,0.028625954198473285,58.96457489878542,50.0,55.021834061135365,50.0,7.058206106870229
mexico,Liga MX,2025,Franco Rossano,20.0,D,Mexico,175.0,,31,17,1651.0,0.0,4.0,1.0,2.0,0,0,4,0.0,0,0.2180496668685645,0.6541490006056936,0.27256208358570566,0.0,0.2180496668685645,0.2180496668685645,0.0,24.639612356147786,0.7631738340399759,2.1259842519685037,0.2180496668685645,0.6541490006056936,2.7801332525741973,14.00969109630527,7.032101756511206,2.7801332525741973,1.1447607510599638,0.8176862507571169,2.3440339188370682,2.0714718352513626,0.2180496668685645,0.0,0.0,15.918141592920353,41.66666666666667,50.19455252918288,41.17647058823529,6.695396729254997
mexico,Liga MX,2025,Franco Rossi,23.0,F,Uruguay,180.0,79.0,12,5,414.0,1.0,0.0,0.0,0.0,0,0,1,0.0,0,0.43478260869565216,3.043478260869565,0.8695652173913043,0.21739130434782608,0.0,0.21739130434782608,0.21739130434782608,9.130434782608695,0.8695652173913043,0.0,0.0,0.21739130434782608,0.21739130434782608,9.782608695652174,2.608695652173913,0.8695652173913043,0.0,0.43478260869565216,2.1739130434782608,2.608695652173913,0.21739130434782608,0.0,0.0,6.880952380952381,28.57142857142857,26.666666666666668,0.0,6.310294117647058
mexico,Liga MX,2025,Frank Boya,29.0,M,Cameroon,195.0,83.0,21,16,1300.0,6.0,0.0,0.0,0.0,0,0,4,0.0,0,0.13846153846153847,1.7307692307692308,0.6923076923076923,0.4153846153846154,0.0,0.4153846153846154,0.4153846153846154,23.884615384615383,0.6923076923076923,1.7307692307692308,0.4846153846153846,0.4153846153846154,2.146153846153846,15.230769230769232,7.753846153846154,0.6923076923076923,0.4153846153846154,0.9692307692307692,1.4538461538461538,2.6999999999999997,0.27692307692307694,0.0,0.0,14.371014492753623,40.0,50.90909090909091,60.0,6.993307692307692
mexico,Liga MX,2025,Fábio Gomes,28.0,F,Brazil,178.0,81.0,23,16,1565.0,4.0,2.0,1.0,0.0,1,0,2,0.0,0,0.4600638977635783,1.2651757188498403,0.5750798722044728,0.23003194888178916,0.11501597444089458,0.3450479233226837,0.17252396166134185,12.766773162939296,0.5175718849840255,0.11501597444089458,0.11501597444089458,0.11501597444089458,0.23003194888178916,9.31629392971246,3.450479233226837,2.3578274760383384,0.8626198083067093,0.23003194888178916,0.7476038338658147,0.5750798722044728,0.11501597444089458,0.0,0.0,7.1891891891891895,45.45454545454545,37.03703703703704,36.58536585365854,6.7091373801916925
mexico,Liga MX,2025,Gabriel Fernández,31.0,F,Uruguay,186.0,80.0,36,22,2231.0,14.0,6.0,3.0,1.0,3,1,3,0.0,1,0.44374719856566563,2.5818018825638727,1.411922904527118,0.5647691618108471,0.24204392649036305,0.8068130883012102,0.44374719856566563,17.144778126400716,0.9681757059614522,0.7261317794710892,0.08068130883012102,0.04034065441506051,0.7664724338861497,13.43343792021515,6.696548632900045,1.896010757507844,0.7664724338861497,0.20170327207530256,2.4204392649036306,1.5732855221873598,0.12102196324518152,0.0,0.04034065441506051,11.122931442080379,54.6875,49.849849849849846,40.42553191489361,6.971044374719856
mexico,Liga MX,2025,Gabriel Lopez,22.0,F,Mexico,168.0,,12,0,199.0,2.0,1.0,0.0,0.0,0,0,1,0.0,0,0.0,2.7135678391959797,2.261306532663317,0.9045226130653267,0.45226130653266333,1.3567839195979898,0.9045226130653267,43.417085427135675,2.261306532663317,2.7135678391959797,0.9045226130653267,2.261306532663317,4.974874371859297,13.115577889447236,5.427135678391959,2.7135678391959797,0.9045226130653267,1.8090452261306533,0.9045226130653267,1.8090452261306533,0.45226130653266333,0.0,0.0,9.802083333333334,83.33333333333334,41.37931034482759,33.33333333333333,7.167676767676768
mexico,Liga MX,2025,Gabriel Martínez,23.0,D,Mexico,190.0,76.0,0,0,0.0,0.0,0.0,0.0,0.0,0,0,0,0.0,0,,,,,,,,,,,,,,,,,,,,,,,,,,,,
mexico,Liga MX,2025,Gaddi Aguirre,29.0,D,Mexico,180.0,75.0,32,30,2726.0,1.0,1.0,0.0,3.0,0,0,7,0.0,0,0.06603081438004402,0.3961848862802641,0.03301540719002201,0.03301540719002201,0.03301540719002201,0.06603081438004402,0.03301540719002201,34.30300807043287,0.19809244314013205,2.0469552457813647,0.5282465150403521,1.3206162876008805,3.3675715333822454,7.626559060895085,4.292002934702862,0.2971386647101981,0.19809244314013205,0.5282465150403521,0.49523110785033014,1.2876008804108583,0.23110785033015405,0.0,0.0,36.055822906641,8.333333333333332,56.27705627705628,66.66666666666666,6.633932501834189
mexico,Liga MX,2025,Gael Garcia,21.0,F,Mexico,173.0,,1,0,13.0,0.0,0.0,0.0,0.0,0,0,0,0.0,0,0.0,0.0,0.0,0.0,0.0,0.0,0.0,6.923076923076923,0.0,6.923076923076923,6.923076923076923,0.0,6.923076923076923,13.846153846153847,13.846153846153847,0.0,0.0,0.0,0.0,0.0,0.0,0.0,0.0,1.0,,100.0,,6.9
mexico,Liga MX,2025,Gael Álvarez,19.0,F,Mexico,,,5,0,97.0,0.0,0.0,0.0,0.0,0,0,0,0.0,0,0.0,2.783505154639175,1.8556701030927836,0.0,0.0,0.0,0.0,25.051546391752577,2.783505154639175,0.0,0.0,0.9278350515463918,0.9278350515463918,13.917525773195877,7.422680412371134,8.350515463917526,3.711340206185567,0.9278350515463918,3.711340206185567,0.0,0.0,0.0,0.0,7.333333333333333,66.66666666666666,53.333333333333336,44.44444444444444,6.747422680412371
mexico,Liga MX,2025,Gastón Togni,28.0,F,Argentina,181.0,80.0,15,5,516.0,2.0,0.0,0.0,0.0,0,0,0,0.0,0,0.1744186046511628,1.744186046511628,0.872093023255814,0.3488372093023256,0.0,0.3488372093023256,0.3488372093023256,24.767441860465116,0.6976744186046512,0.872093023255814,0.3488372093023256,0.6976744186046512,1.569767441860465,6.627906976744186,2.2674418604651163,1.2209302325581395,0.5232558139534884,0.872093023255814,0.5232558139534884,0.3488372093023256,0.0,0.0,0.0,10.584507042253522,50.0,34.21052631578947,42.857142857142854,6.661941747572816
mexico,Liga MX,2025,Gerardo Arteaga,27.0,D,Mexico,175.0,68.0,35,28,2621.0,1.0,1.0,1.0,0.0,0,0,3,0.0,0,0.0,0.5150705837466616,0.17169019458222054,0.03433803891644411,0.03433803891644411,0.06867607783288822,0.03433803891644411,36.94772987409386,0.8241129339946585,1.33918351774132,0.10301411674933231,0.5494086226631058,1.888592140404426,6.86760778328882,3.330789774895078,1.8199160625715374,0.7554368561617703,0.5150705837466616,1.0301411674933232,0.8241129339946585,0.10301411674933231,0.0,0.0,33.80483271375465,33.33333333333333,48.5,41.509433962264154,6.584128195345288
mexico,Liga MX,2025,Gerardo Serralde,20.0,D,,,,0,0,0.0,0.0,0.0,0.0,0.0,0,0,0,0.0,0,,,,,,,,,,,,,,,,,,,,,,,,,,,,
mexico,Liga MX,2025,German Padilla,18.0,M,,,,2,0,10.0,0.0,0.0,0.0,0.0,0,0,0,0.0,0,0.0,0.0,0.0,0.0,0.0,0.0,0.0,27.0,0.0,0.0,0.0,0.0,0.0,9.0,0.0,0.0,0.0,0.0,0.0,9.0,0.0,0.0,0.0,1.6666666666666667,,0.0,,6.7
mexico,Liga MX,2025,Germán Berterame,27.0,F,Argentina,173.0,65.0,24,24,2087.0,13.0,3.0,3.0,0.0,0,0,1,0.0,0,0.3881169142309535,2.285577383804504,1.552467656923814,0.5606133205558217,0.12937230474365116,0.6899856252994729,0.5606133205558217,16.86152371825587,1.2074748442740775,0.6468615237182559,0.04312410158121706,0.3881169142309535,1.0349784379492093,6.899856252994729,3.622424532822233,0.7331097268806899,0.21562050790608528,0.2587446094873023,1.423095352180163,0.8193579300431241,0.04312410158121706,0.0,0.0,14.846547314578006,67.9245283018868,52.5,29.411764705882355,7.2096789650215625
mexico,Liga MX,2025,Gibran Lajud,32.0,G,Mexico,183.0,82.0,2,1,154.0,0.0,0.0,0.0,0.0,0,0,1,0.0,0,0.0,0.0,0.0,0.0,0.0,0.0,0.0,32.72727272727273,0.5844155844155845,0.0,0.0,0.0,0.0,0.5844155844155845,0.0,0.0,0.0,0.5844155844155845,0.0,0.5844155844155845,0.5844155844155845,0.0,0.0,15.785714285714286,,0.0,,6.4480519480519485
mexico,Liga MX,2025,Gilberto Adame,21.0,M,Mexico,178.0,69.0,1,0,16.0,0.0,0.0,0.0,0.0,0,0,0,0.0,0,0.0,0.0,0.0,0.0,0.0,0.0,0.0,22.5,0.0,0.0,0.0,5.625,5.625,11.25,0.0,5.625,0.0,0.0,0.0,5.625,0.0,0.0,0.0,4.0,,0.0,0.0,6.5
mexico,Liga MX,2025,Gilberto Mora,17.0,M,Mexico,168.0,,20,17,1396.0,6.0,1.0,1.0,0.0,1,1,1,0.0,0,0.19340974212034384,1.4183381088825215,0.9025787965616047,0.3868194842406877,0.06446991404011461,0.45128939828080233,0.3223495702005731,26.81948424068768,1.0959885386819483,0.7736389684813754,0.19340974212034384,0.7091690544412608,1.482808022922636,7.091690544412607,3.6747851002865333,1.7406876790830945,0.7091690544412608,0.5157593123209169,1.8696275071633237,0.25787965616045844,0.06446991404011461,0.0,0.0,22.584134615384617,63.63636363636363,51.81818181818182,40.74074074074074,7.269985673352435
mexico,Liga MX,2025,Gilberto Sepúlveda,26.0,D,Mexico,182.0,77.0,12,5,501.0,0.0,0.0,0.0,1.0,0,0,4,0.0,0,0.0,0.5389221556886228,0.0,0.0,0.0,0.0,0.0,46.88622754491018,0.17964071856287422,0.8982035928143712,0.7185628742514969,1.4371257485029938,2.3353293413173652,9.70059880239521,4.311377245508982,0.35928143712574845,0.17964071856287422,0.35928143712574845,0.5389221556886228,2.8742514970059876,0.7185628742514969,0.0,0.0,35.05,0.0,44.44444444444444,50.0,6.3846307385229535
mexico,Liga MX,2025,Gonzalo Piovi,31.0,D,Argentina,180.0,72.0,39,38,3291.0,0.0,2.0,0.0,1.0,0,0,11,0.0,0,0.027347310847766634,0.8751139471285323,0.27347310847766637,0.0,0.05469462169553327,0.05469462169553327,0.0,57.6207839562443,0.902461257976299,2.187784867821331,0.43755697356426615,1.6955332725615315,3.8833181403828623,9.051959890610757,4.567000911577028,0.43755697356426615,0.19143117593436645,1.0665451230628988,0.35551504102096626,1.504102096627165,0.300820419325433,0.0,0.0,49.307071665875654,31.25,50.453172205438065,43.75,6.980553023397143
mexico,Liga MX,2025,Guilherme Castilho,26.0,M,Brazil,179.0,70.0,33,18,1935.0,7.0,2.0,1.0,0.0,1,0,9,0.0,0,0.0,1.5813953488372094,0.6976744186046512,0.3255813953488372,0.09302325581395349,0.41860465116279066,0.27906976744186046,31.813953488372093,1.255813953488372,1.9069767441860463,0.3255813953488372,1.1162790697674418,3.0232558139534884,8.69767441860465,4.186046511627907,0.8372093023255813,0.41860465116279066,1.1162790697674418,1.1162790697674418,1.6744186046511627,0.41860465116279066,0.0,0.0,22.739766081871345,44.11764705882353,48.1283422459893,50.0,6.8858914728682175
mexico,Liga MX,2025,Guillermo Allison,35.0,G,Mexico,189.0,90.0,22,22,1957.0,0.0,0.0,0.0,0.0,0,0,5,0.0,0,0.0,0.0,0.0,0.0,0.0,0.0,0.0,23.04036791006643,0.0,0.045988758303525806,0.0,0.0,0.045988758303525806,0.27593254982115484,0.27593254982115484,0.0,0.0,0.0,0.0,0.0,0.22994379151762903,0.0,0.0,13.672654690618762,,100.0,,7.151200817577926
mexico,Liga MX,2025,Guillermo Martínez,30.0,F,Mexico,191.0,91.0,26,13,1374.0,9.0,0.0,3.0,0.0,2,0,6,0.0,0,0.982532751091703,2.423580786026201,1.1135371179039302,0.5895196506550218,0.0,0.5895196506550218,0.4585152838427948,12.77292576419214,0.5895196506550218,0.3930131004366812,0.06550218340611354,0.06550218340611354,0.4585152838427948,13.362445414847162,5.764192139737991,1.1790393013100435,0.5240174672489083,0.26200873362445415,1.3755458515283843,2.2925764192139737,0.3930131004366812,0.0,0.0,7.270833333333333,45.94594594594595,43.13725490196079,44.44444444444444,7.004439592430859
mexico,Liga MX,2025,Guillermo Ruiz,22.0,G,Spain,194.0,,0,0,0.0,0.0,0.0,0.0,0.0,0,0,0,0.0,0,,,,,,,,,,,,,,,,,,,,,,,,,,,,
mexico,Liga MX,2025,Gustavo Ferrareis,29.0,D,Brazil,177.0,69.0,33,32,2800.0,0.0,3.0,0.0,0.0,0,0,4,0.0,1,0.19285714285714287,0.5785714285714285,0.3214285714285714,0.0,0.09642857142857143,0.09642857142857143,0.0,32.496428571428574,1.125,1.4142857142857144,0.2571428571428571,1.0285714285714285,2.4428571428571426,7.071428571428571,3.825,1.1892857142857143,0.5464285714285714,0.5785714285714285,0.9642857142857143,0.932142857142857,0.12857142857142856,0.0,0.03214285714285714,29.066271018793273,55.55555555555556,54.090909090909086,45.94594594594595,6.768821428571429
mexico,Liga MX,2025,Gustavo del Prete,29.0,F,Argentina,175.0,68.0,11,5,429.0,2.0,1.0,0.0,0.0,0,0,1,0.0,0,0.2097902097902098,1.048951048951049,0.6293706293706294,0.4195804195804196,0.2097902097902098,0.6293706293706294,0.4195804195804196,28.321678321678323,1.2587412587412588,1.2587412587412588,0.2097902097902098,0.8391608391608392,2.097902097902098,11.118881118881118,5.244755244755244,1.8881118881118881,0.8391608391608392,1.6783216783216783,2.5174825174825175,1.048951048951049,0.2097902097902098,0.0,0.0,14.148148148148149,60.0,47.16981132075472,44.44444444444444,6.854778554778555
mexico,Liga MX,2025,Haret Ortega,25.0,D,Mexico,190.0,79.0,21,20,1727.0,1.0,1.0,1.0,0.0,0,0,8,0.0,2,0.0,0.6253618992472496,0.3126809496236248,0.05211349160393746,0.05211349160393746,0.10422698320787492,0.05211349160393746,34.39490445859873,0.3126809496236248,1.8760856977417488,0.8338158656629994,1.3028372900984366,3.1789229878401857,8.859293572669369,5.576143601621308,0.05211349160393746,0.05211349160393746,0.26056745801968734,0.9380428488708744,1.459177764910249,0.4169079328314997,0.0,0.10422698320787492,28.6469696969697,50.0,62.94117647058823,100.0,6.6639837869137235
mexico,Liga MX,2025,Hector Holguin,24.0,G,Mexico,180.0,68.0,3,2,200.0,0.0,0.0,0.0,0.0,0,0,0,0.0,0,0.0,0.0,0.0,0.0,0.0,0.0,0.0,36.45,0.0,0.0,0.0,0.0,0.0,0.9,0.9,0.0,0.0,0.0,0.0,0.0,0.0,0.0,0.0,23.85185185185185,,100.0,,7.47
mexico,Liga MX,2025,Hector Uribe,21.0,M,Mexico,170.0,63.0,0,0,0.0,0.0,0.0,0.0,0.0,0,0,0,0.0,0,,,,,,,,,,,,,,,,,,,,,,,,,,,,
mexico,Liga MX,2025,Helinho,25.0,F,Brazil,,,23,14,1250.0,9.0,5.0,0.0,0.0,4,0,4,0.0,1,0.21599999999999997,2.592,1.224,0.648,0.36,1.008,0.36,37.943999999999996,3.3840000000000003,1.008,0.0,0.5760000000000001,1.584,12.959999999999999,6.048,4.968,2.592,0.43199999999999994,2.3040000000000003,1.08,0.28800000000000003,0.0,0.07200000000000001,24.88973384030418,47.22222222222222,46.666666666666664,52.17391304347826,7.3296
mexico,Liga MX,2025,Henrique Simeone Koifman,18.0,M,,,,2,1,73.0,0.0,0.0,0.0,0.0,0,0,0,0.0,0,0.0,1.2328767123287672,1.2328767123287672,0.0,0.0,0.0,0.0,57.945205479452056,0.0,2.4657534246575343,0.0,0.0,2.4657534246575343,2.4657534246575343,2.4657534246575343,0.0,0.0,0.0,0.0,0.0,0.0,0.0,0.0,20.0,100.0,100.0,,6.53013698630137
mexico,Liga MX,2025,Henry Martín,33.0,F,Mexico,177.0,74.0,11,4,463.0,1.0,1.0,2.0,0.0,1,2,0,0.0,0,0.5831533477321814,2.3326133909287257,0.7775377969762419,0.19438444924406048,0.19438444924406048,0.38876889848812096,0.0,18.660907127429805,0.9719222462203023,0.38876889848812096,0.19438444924406048,0.19438444924406048,0.5831533477321814,9.330453563714903,4.27645788336933,0.19438444924406048,0.0,0.19438444924406048,1.7494600431965444,0.5831533477321814,0.0,0.0,0.0,11.16842105263158,33.33333333333333,45.83333333333333,0.0,6.293520518358531
mexico,Liga MX,2025,Homer Martinez,28.0,M,Colombia,185.0,65.0,32,25,2123.0,0.0,1.0,0.0,1.0,0,0,12,0.0,0,0.0,0.551106924163919,0.25435704192180875,0.0,0.04239284032030146,0.04239284032030146,0.0,37.263306641544986,0.5934997644842205,2.1620348563353744,0.2119642016015073,0.9326424870466321,3.0946773433820067,7.715496938294866,3.603391427225624,0.5087140838436175,0.3815355628827132,1.2293923692887423,0.3391427225624117,1.8652849740932642,0.5087140838436175,0.0,0.0,27.594994311717862,46.15384615384615,46.7032967032967,75.0,6.6454545454545455
mexico,Liga MX,2025,Hugo Camberos,18.0,M,Mexico,168.0,60.0,16,0,351.0,2.0,0.0,0.0,0.0,0,0,1,0.0,0,0.25641025641025644,2.0512820512820515,0.7692307692307693,0.5128205128205129,0.0,0.5128205128205129,0.5128205128205129,42.30769230769231,2.8205128205128207,2.3076923076923075,0.0,0.25641025641025644,2.5641025641025643,16.923076923076923,7.6923076923076925,6.666666666666666,2.0512820512820515,0.5128205128205129,3.076923076923077,2.3076923076923075,0.25641025641025644,0.0,0.0,11.442424242424243,37.5,45.45454545454545,30.76923076923077,6.782571428571429
mexico,Liga MX,2025,Hugo Gonzalez,35.0,G,Mexico,183.0,84.0,23,23,2075.0,0.0,0.0,0.0,0.0,0,0,2,0.0,0,0.0,0.0,0.0,0.0,0.0,0.0,0.0,28.453012048192768,0.043373493975903614,0.08674698795180723,0.0,0.043373493975903614,0.13012048192771083,0.563855421686747,0.5204819277108433,0.0,0.0,0.0,0.17349397590361446,0.0,0.08674698795180723,0.0,0.0,21.96798780487805,,92.3076923076923,,6.766506024096386
mexico,Liga MX,2025,Hugo Mata,20.0,M,,,,0,0,0.0,0.0,0.0,0.0,0.0,0,0,0,0.0,0,,,,,,,,,,,,,,,,,,,,,,,,,,,,
mexico,Liga MX,2025,Héctor Herrera,35.0,M,Mexico,185.0,80.0,17,4,385.0,1.0,0.0,0.0,0.0,0,0,0,0.0,0,0.0,1.87012987012987,0.7012987012987013,0.23376623376623376,0.0,0.23376623376623376,0.23376623376623376,68.72727272727273,1.87012987012987,1.6363636363636362,0.4675324675324675,1.168831168831169,2.8051948051948052,8.181818181818182,4.441558441558442,0.4675324675324675,0.23376623376623376,0.7012987012987013,1.4025974025974026,1.6363636363636362,0.0,0.0,0.0,36.506802721088434,37.5,54.285714285714285,50.0,6.839050131926121
mexico,Liga MX,2025,Héctor Moreno,37.0,D,Mexico,186.0,76.0,6,3,265.0,0.0,0.0,0.0,0.0,0,0,0,0.0,0,0.0,0.33962264150943394,0.0,0.0,0.0,0.0,0.0,69.9622641509434,0.0,1.3584905660377358,1.0188679245283019,0.6792452830188679,2.0377358490566038,5.433962264150943,2.7169811320754715,0.0,0.0,0.6792452830188679,0.6792452830188679,0.33962264150943394,0.0,0.0,0.0,68.20873786407768,0.0,50.0,,6.934090909090909
mexico,Liga MX,2025,Ignacio Maestro Puch,22.0,F,Argentina,176.0,78.0,4,0,60.0,0.0,0.0,0.0,0.0,0,0,1,0.0,0,0.0,3.0,0.0,0.0,0.0,0.0,0.0,28.5,1.5,0.0,0.0,1.5,1.5,16.5,9.0,0.0,0.0,0.0,0.0,4.5,1.5,0.0,0.0,3.210526315789474,0.0,54.54545454545454,,6.4
mexico,Liga MX,2025,Igor Lichnovsky,31.0,D,Chile,188.0,80.0,8,6,564.0,1.0,0.0,0.0,0.0,0,0,1,0.0,0,0.0,0.4787234042553191,0.1595744680851064,0.1595744680851064,0.0,0.1595744680851064,0.1595744680851064,50.1063829787234,0.0,0.4787234042553191,0.9574468085106382,1.9148936170212765,2.393617021276596,5.904255319148936,3.670212765957447,0.1595744680851064,0.1595744680851064,0.3191489361702128,0.797872340425532,1.1170212765957448,0.1595744680851064,0.0,0.0,48.71974522292994,33.33333333333333,62.16216216216216,100.0,7.059574468085107
mexico,Liga MX,2025,Iker Fimbres,20.0,M,Mexico,172.0,,24,10,1092.0,2.0,0.0,1.0,0.0,0,0,1,0.0,0,0.0,1.2362637362637363,0.6593406593406593,0.16483516483516483,0.0,0.16483516483516483,0.16483516483516483,47.637362637362635,1.6483516483516485,1.3186813186813187,0.16483516483516483,0.6593406593406593,1.978021978021978,7.5,3.0494505494505493,1.8131868131868134,0.8241758241758242,0.5769230769230769,0.9065934065934067,1.3186813186813187,0.08241758241758242,0.0,0.0,33.02768166089965,53.333333333333336,40.65934065934066,45.45454545454545,6.820238095238095
mexico,Liga MX,2025,Iker Jimenez Garcia,,M,,,,0,0,0.0,0.0,0.0,0.0,0.0,0,0,0,0.0,0,,,,,,,,,,,,,,,,,,,,,,,,,,,,
mexico,Liga MX,2025,Iker Moreno,22.0,M,Mexico,172.0,66.0,21,16,1499.0,1.0,0.0,0.0,0.0,0,0,2,0.0,0,0.0600400266844563,0.18012008005336894,0.1200800533689126,0.0600400266844563,0.0,0.0600400266844563,0.0600400266844563,36.684456304202804,0.9606404269513008,1.9813208805870581,0.3602401601067379,1.0807204803202135,3.0620413609072714,6.184122748498999,3.482321547698466,1.0807204803202135,0.4803202134756504,0.42028018679119417,0.7204803202134757,0.7204803202134757,0.1200800533689126,0.0,0.0,30.338788870703766,66.66666666666666,56.310679611650485,44.44444444444444,6.709606404269514
mexico,Liga MX,2025,Illian Hernandez,25.0,F,Mexico,180.0,81.0,12,1,247.0,0.0,0.0,0.0,0.0,0,0,0,0.0,0,0.728744939271255,2.91497975708502,2.5506072874493926,0.0,0.0,0.0,0.0,13.481781376518219,0.728744939271255,1.8218623481781377,0.0,0.0,1.8218623481781377,14.93927125506073,6.923076923076923,1.0931174089068827,0.728744939271255,0.0,1.0931174089068827,2.5506072874493926,0.0,0.0,0.0,4.882352941176471,87.5,46.34146341463415,66.66666666666666,6.331578947368421
mexico,Liga MX,2025,Isaac Brizuela,35.0,M,Mexico,173.0,68.0,1,0,21.0,0.0,0.0,0.0,0.0,0,0,0,0.0,0,0.0,0.0,0.0,0.0,0.0,0.0,0.0,21.428571428571427,4.285714285714286,0.0,0.0,0.0,0.0,8.571428571428571,4.285714285714286,4.285714285714286,4.285714285714286,0.0,0.0,0.0,0.0,0.0,0.0,5.0,,50.0,100.0,6.700000000000001
mexico,Liga MX,2025,Isaias Galvan,18.0,F,Mexico,,,0,0,0.0,0.0,0.0,0.0,0.0,0,0,0,0.0,0,,,,,,,,,,,,,,,,,,,,,,,,,,,,
mexico,Liga MX,2025,Isaías Violante,22.0,F,Mexico,173.0,69.0,24,8,861.0,2.0,4.0,0.0,0.0,0,0,4,0.0,0,0.0,2.0905923344947737,0.627177700348432,0.20905923344947736,0.4181184668989547,0.627177700348432,0.20905923344947736,30.94076655052265,1.4634146341463417,1.9860627177700347,0.0,0.20905923344947736,2.1951219512195124,8.78048780487805,4.390243902439025,1.8815331010452963,0.4181184668989547,0.5226480836236934,1.358885017421603,0.9407665505226481,0.4181184668989547,0.0,0.0,16.530405405405407,30.0,50.0,22.22222222222222,6.741094295692666
mexico,Liga MX,2025,Ismael Díaz,28.0,M,Panama,182.0,72.0,27,22,1942.0,10.0,6.0,1.0,1.0,1,0,0,0.0,0,0.3707518022657054,2.131822863027806,1.065911431513903,0.46343975283213185,0.2780638516992791,0.7415036045314108,0.41709577754891863,29.38208032955716,1.529351184346035,0.509783728115345,0.1853759011328527,0.2780638516992791,0.7878475798146242,10.242018537590113,4.541709577754892,4.170957775489186,2.224510813594233,0.41709577754891863,0.8805355303810504,0.9268795056642637,0.0,0.0,0.0,23.58832807570978,50.0,44.34389140271493,53.333333333333336,6.9826982492276
mexico,Liga MX,2025,Ismael Govea,28.0,D,Mexico,176.0,69.0,0,0,0.0,0.0,0.0,0.0,0.0,0,0,0,0.0,0,,,,,,,,,,,,,,,,,,,,,,,,,,,,
mexico,Liga MX,2025,Israel Larios,22.0,F,Mexico,169.0,68.0,0,0,0.0,0.0,0.0,0.0,0.0,0,0,0,0.0,0,,,,,,,,,,,,,,,,,,,,,,,,,,,,
mexico,Liga MX,2025,Israel Luna,23.0,M,Mexico,172.0,65.0,6,1,199.0,0.0,0.0,0.0,0.0,0,0,0,0.0,0,0.9045226130653267,0.45226130653266333,0.0,0.0,0.0,0.0,0.0,39.798994974874375,0.9045226130653267,4.522613065326634,0.45226130653266333,0.9045226130653267,5.427135678391959,14.020100502512564,7.236180904522613,0.9045226130653267,0.0,2.261306532663317,1.8090452261306533,2.261306532663317,0.0,0.0,0.0,20.28409090909091,0.0,51.61290322580645,0.0,6.714070351758793
mexico,Liga MX,2025,Israel Reyes,25.0,D,Mexico,179.0,73.0,33,31,2857.0,0.0,2.0,0.0,1.0,0,0,3,0.0,0,0.03150157507875394,0.6300315015750787,0.15750787539376968,0.0,0.06300315015750788,0.06300315015750788,0.0,57.61638081904095,0.5670283514175709,1.1655582779138958,0.504025201260063,1.1025551277563879,2.2681134056702836,5.827791389569478,3.087154357717886,0.31501575078753935,0.12600630031501575,0.4410220511025551,0.28351417570878545,0.8190409520476024,0.09450472523626181,0.0,0.0,53.44286495352652,25.0,52.972972972972975,40.0,7.080399019950998
mexico,Liga MX,2025,Israel Tello,19.0,F,,,,11,7,533.0,0.0,1.0,0.0,0.0,0,0,0,0.0,0,0.0,0.8442776735459663,0.33771106941838647,0.0,0.16885553470919323,0.16885553470919323,0.0,21.444652908067543,0.8442776735459663,1.6885553470919326,0.0,0.33771106941838647,2.026266416510319,8.611632270168856,4.390243902439025,2.3639774859287055,0.6754221388367729,0.5065666041275797,1.8574108818011257,0.5065666041275797,0.0,0.0,0.0,11.047244094488189,40.0,50.98039215686274,28.57142857142857,6.620300751879699
mexico,Liga MX,2025,Ivan Gonzalez,19.0,F,Mexico,,,9,7,440.0,0.0,1.0,0.0,1.0,0,0,2,0.0,0,0.0,0.40909090909090906,0.20454545454545453,0.0,0.20454545454545453,0.20454545454545453,0.0,19.227272727272727,0.20454545454545453,1.0227272727272727,0.0,0.40909090909090906,1.4318181818181817,8.590909090909092,3.068181818181818,1.2272727272727273,0.40909090909090906,0.40909090909090906,1.4318181818181817,1.8409090909090908,0.40909090909090906,0.0,0.0,11.393617021276595,50.0,35.714285714285715,33.33333333333333,6.090454545454546
mexico,Liga MX,2025,Ivan López,26.0,F,Mexico,181.0,68.0,12,7,454.0,1.0,0.0,0.0,0.0,0,0,0,0.0,0,0.39647577092511016,0.9911894273127754,0.9911894273127754,0.19823788546255508,0.0,0.19823788546255508,0.19823788546255508,13.876651982378855,1.5859030837004406,0.0,0.0,0.19823788546255508,0.19823788546255508,6.938325991189427,1.9823788546255507,0.9911894273127754,0.19823788546255508,0.19823788546255508,1.1894273127753305,0.39647577092511016,0.0,0.0,0.0,6.614285714285714,100.0,28.57142857142857,20.0,6.505286343612335
mexico,Liga MX,2025,Ivan Silva,19.0,M,,,,1,0,1.0,0.0,0.0,0.0,0.0,0,0,0,0.0,0,0.0,0.0,0.0,0.0,0.0,0.0,0.0,90.0,0.0,0.0,0.0,0.0,0.0,180.0,180.0,90.0,90.0,0.0,0.0,0.0,0.0,0.0,0.0,1.0,,100.0,100.0,
mexico,Liga MX,2025,Iván Cárdenas,18.0,D,Mexico,,,0,0,0.0,0.0,0.0,0.0,0.0,0,0,0,0.0,0,,,,,,,,,,,,,,,,,,,,,,,,,,,,
mexico,Liga MX,2025,Iván Moreno,27.0,D,Mexico,167.0,60.0,33,25,1993.0,1.0,5.0,0.0,0.0,0,0,5,0.0,0,0.0,0.8580030105368791,0.40642247867536374,0.04515805318615153,0.22579026593075766,0.2709483191169092,0.04515805318615153,32.96537882589062,1.5353738083291522,2.3482187656798796,0.1806322127446061,0.8128449573507275,3.1610637230306073,10.702458605117913,4.696437531359759,2.122428499749122,0.8128449573507275,1.5805318615153037,1.2644254892122428,1.3095835423983944,0.22579026593075766,0.0,0.0,21.167123287671235,47.368421052631575,43.88185654008439,38.297872340425535,6.605770195684896
mexico,Liga MX,2025,Iván Tona,25.0,M,Mexico,176.0,62.0,35,35,2997.0,0.0,1.0,0.0,0.0,0,0,12,0.0,0,0.0,0.3303303303303303,0.12012012012012012,0.0,0.03003003003003003,0.03003003003003003,0.0,53.693693693693696,0.5705705705705706,2.3123123123123124,0.12012012012012012,0.6306306306306306,2.942942942942943,7.507507507507507,3.993993993993994,0.6306306306306306,0.36036036036036034,0.7807807807807808,0.8108108108108109,1.2612612612612613,0.36036036036036034,0.0,0.0,51.56599552572707,36.36363636363637,53.2,57.14285714285714,7.065265265265265
mexico,Liga MX,2025,Jackson Porozo,25.0,D,Ecuador,192.0,82.0,35,35,3126.0,2.0,0.0,0.0,1.0,0,0,8,0.0,1,0.05758157389635316,0.3742802303262956,0.08637236084452975,0.05758157389635316,0.0,0.05758157389635316,0.05758157389635316,40.24952015355086,0.1727447216890595,1.7274472168905948,0.7773512476007678,0.9213051823416506,2.648752399232246,6.679462571976968,4.5489443378119,0.11516314779270632,0.05758157389635316,0.5470249520153552,0.892514395393474,0.9788867562380038,0.23032629558541265,0.0,0.02879078694817658,43.618741058655225,23.076923076923077,68.10344827586206,50.0,6.98554062699936
mexico,Liga MX,2025,Jafet Cortés,20.0,D,Mexico,,,1,0,1.0,0.0,0.0,0.0,0.0,0,0,0,0.0,0,0.0,0.0,0.0,0.0,0.0,0.0,0.0,180.0,0.0,0.0,0.0,0.0,0.0,90.0,0.0,0.0,0.0,0.0,0.0,90.0,0.0,0.0,0.0,2.0,,0.0,,
mexico,Liga MX,2025,Jahaziel Marchand,24.0,M,Mexico,178.0,71.0,8,0,89.0,0.0,0.0,0.0,0.0,0,0,2,0.0,1,0.0,0.0,0.0,0.0,0.0,0.0,0.0,27.303370786516854,0.0,1.0112359550561798,1.0112359550561798,1.0112359550561798,2.0224719101123596,13.146067415730336,4.044943820224719,0.0,0.0,0.0,0.0,5.056179775280898,2.0224719101123596,0.0,1.0112359550561798,4.846153846153846,,30.76923076923077,,6.082954545454545
mexico,Liga MX,2025,Jaime Estrada,18.0,F,,,,1,0,16.0,0.0,0.0,0.0,0.0,0,0,0,0.0,0,0.0,0.0,0.0,0.0,0.0,0.0,0.0,22.5,0.0,0.0,0.0,0.0,0.0,5.625,0.0,5.625,0.0,0.0,0.0,0.0,0.0,0.0,0.0,1.0,,0.0,0.0,6.5
mexico,Liga MX,2025,Jaime Gomez,32.0,D,Mexico,175.0,68.0,24,19,1621.0,0.0,0.0,0.0,0.0,0,0,4,0.0,0,0.0,0.16656384947563233,0.0,0.0,0.0,0.0,0.0,26.317088217149905,0.38864898210980875,1.998766193707588,0.16656384947563233,0.7772979642196175,2.7760641579272054,7.995064774830352,4.275138803207897,0.9438618136952499,0.38864898210980875,0.999383096853794,1.2769895126465145,0.6662553979025293,0.22208513263417645,0.0,0.0,23.08016877637131,0.0,53.47222222222222,41.17647058823529,6.654719309068476
mexico,Liga MX,2025,Jair Díaz,27.0,D,Mexico,180.0,78.0,22,18,1672.0,0.0,1.0,0.0,1.0,0,0,8,0.0,0,0.053827751196172245,0.26913875598086123,0.10765550239234449,0.0,0.053827751196172245,0.053827751196172245,0.0,31.973684210526315,0.10765550239234449,2.15311004784689,0.5382775119617225,0.8612440191387559,3.014354066985646,6.889952153110047,3.2834928229665072,0.5382775119617225,0.21531100478468898,0.9150717703349281,0.48444976076555024,1.3456937799043063,0.43062200956937796,0.0,0.0,29.456228956228955,40.0,47.65625,40.0,6.364691801316576
mexico,Liga MX,2025,Jairo Torres,25.0,F,Mexico,169.0,70.0,18,12,1087.0,4.0,2.0,0.0,0.0,0,0,4,0.0,1,0.0827966881324747,1.7387304507819688,0.7451701931922723,0.3311867525298988,0.1655933762649494,0.49678012879484823,0.3311867525298988,25.252989880404783,0.7451701931922723,0.7451701931922723,0.0,0.3311867525298988,1.076356945722171,12.088316467341308,5.050597976080956,3.146274149034039,1.1591536338546458,0.5795768169273229,2.3183072677092915,1.076356945722171,0.3311867525298988,0.0,0.0827966881324747,18.652459016393443,42.857142857142854,41.78082191780822,36.84210526315789,6.764673413063477
mexico,Liga MX,2025,James Rodríguez,34.0,M,Colombia,180.0,75.0,14,10,982.0,3.0,2.0,0.0,0.0,3,0,1,0.0,0,0.18329938900203666,1.8329938900203666,1.0081466395112015,0.27494908350305497,0.18329938900203666,0.45824847250509165,0.0,58.105906313645626,2.6578411405295315,0.7331975560081466,0.0,0.09164969450101833,0.824847250509165,7.515274949083502,4.490835030549898,1.2830957230142568,0.824847250509165,0.5498981670061099,2.74949083503055,0.18329938900203666,0.09164969450101833,0.0,0.0,43.71293375394322,55.00000000000001,59.756097560975604,64.28571428571429,7.39969450101833
mexico,Liga MX,2025,Jan Carmona,21.0,M,Mexico,180.0,,1,0,1.0,0.0,0.0,0.0,0.0,0,0,0,0.0,0,0.0,0.0,0.0,0.0,0.0,0.0,0.0,0.0,0.0,0.0,0.0,0.0,0.0,0.0,0.0,0.0,0.0,0.0,0.0,0.0,0.0,0.0,0.0,,,,,
mexico,Liga MX,2025,Javier Aquino,35.0,D,Mexico,168.0,59.0,33,25,2189.0,0.0,2.0,0.0,1.0,0,0,3,0.0,0,0.04111466423024212,0.04111466423024212,0.0,0.0,0.08222932846048424,0.08222932846048424,0.0,48.47418912745546,1.1512105984467793,1.9735038830516218,0.2878026496116948,1.5623572407492006,3.5358611238008226,8.181818181818182,4.481498401096391,0.9045226130653267,0.45226130653266333,1.068981269986295,0.9867519415258109,0.8222932846048423,0.12334399269072636,0.0,0.0,41.382527565733675,0.0,54.773869346733676,50.0,6.836774783005939
mexico,Liga MX,2025,Javier Güemez,34.0,M,Mexico,174.0,77.0,31,27,2353.0,0.0,1.0,0.0,0.0,0,0,8,0.0,0,0.03824904377390565,0.5737356566085848,0.22949426264343392,0.0,0.03824904377390565,0.03824904377390565,0.0,36.68083297917552,0.6119847003824904,2.103697407564811,0.5354866128346791,1.2622184445388864,3.3659158521036976,8.147046323841904,3.9779005524861875,0.3824904377390565,0.22949426264343392,0.87972800679983,0.45898852528686784,1.0709732256693583,0.3059923501912452,0.0,0.0,29.11053180396246,40.0,48.82629107981221,60.0,6.8353591160221
mexico,Liga MX,2025,Javier Hernández,37.0,F,Mexico,175.0,73.0,7,0,139.0,1.0,0.0,0.0,0.0,0,1,0,0.0,0,1.2949640287769786,5.179856115107914,0.6474820143884893,0.6474820143884893,0.0,0.6474820143884893,0.6474820143884893,20.719424460431657,1.2949640287769786,0.0,0.0,0.0,0.0,7.769784172661871,4.532374100719425,0.6474820143884893,0.0,0.0,3.8848920863309355,1.2949640287769786,0.0,0.0,0.0,5.375,12.5,58.333333333333336,0.0,6.482733812949641
mexico,Liga MX,2025,Javier López,31.0,M,Mexico,164.0,73.0,4,0,81.0,0.0,0.0,0.0,0.0,0,0,1,0.0,0,0.0,1.1111111111111112,0.0,0.0,0.0,0.0,0.0,54.44444444444444,0.0,0.0,0.0,1.1111111111111112,1.1111111111111112,6.666666666666666,3.333333333333333,1.1111111111111112,0.0,0.0,3.333333333333333,1.1111111111111112,1.1111111111111112,0.0,0.0,10.89795918367347,0.0,50.0,0.0,6.477777777777779
mexico,Liga MX,2025,Javier Ruiz,21.0,M,Argentina,,,12,7,736.0,5.0,1.0,0.0,0.0,0,0,1,0.0,0,0.24456521739130435,1.589673913043478,0.9782608695652174,0.6114130434782609,0.12228260869565218,0.733695652173913,0.6114130434782609,19.442934782608695,1.1005434782608696,1.1005434782608696,0.0,0.3668478260869565,1.467391304347826,13.451086956521738,6.847826086956522,5.380434782608696,3.179347826086956,0.3668478260869565,2.4456521739130435,1.467391304347826,0.12228260869565218,0.0,0.0,13.427672955974844,61.53846153846154,50.90909090909091,59.09090909090909,7.332065217391304
mexico,Liga MX,2025,Javier Salas,32.0,M,Mexico,177.0,65.0,0,0,0.0,0.0,0.0,0.0,0.0,0,0,0,0.0,0,,,,,,,,,,,,,,,,,,,,,,,,,,,,
mexico,Liga MX,2025,Javier Suárez,19.0,D,Mexico,176.0,75.0,7,4,377.0,0.0,0.0,0.0,0.0,0,0,0,0.0,0,0.0,0.23872679045092837,0.0,0.0,0.0,0.0,0.0,44.641909814323604,0.7161803713527851,3.103448275862069,0.23872679045092837,1.4323607427055702,4.535809018567639,11.220159151193634,5.729442970822281,1.193633952254642,0.47745358090185674,1.4323607427055702,0.9549071618037135,1.909814323607427,0.0,0.0,0.0,26.085561497326204,0.0,51.06382978723404,40.0,6.344297082228117
mexico,Liga MX,2025,Jean Unjanque,20.0,M,,,,14,12,817.0,0.0,1.0,0.0,0.0,0,0,1,0.0,0,0.22031823745410034,1.211750305997552,0.22031823745410034,0.0,0.11015911872705017,0.11015911872705017,0.0,19.277845777233782,0.8812729498164014,0.9914320685434517,0.0,0.4406364749082007,1.4320685434516525,12.00734394124847,4.7368421052631575,2.6438188494492043,0.8812729498164014,0.9914320685434517,1.9828641370869033,1.5422276621787023,0.11015911872705017,0.0,0.0,12.965714285714286,18.181818181818183,39.44954128440367,33.33333333333333,6.477845777233782
mexico,Liga MX,2025,Jefferson Intriago,29.0,M,Ecuador,170.0,,2,1,60.0,0.0,0.0,0.0,0.0,0,0,0,0.0,0,0.0,0.0,0.0,0.0,0.0,0.0,0.0,31.499999999999996,0.0,0.0,0.0,1.5,1.5,4.5,1.5,0.0,0.0,1.5,1.5,0.0,0.0,0.0,0.0,12.714285714285714,,33.33333333333333,,6.65
mexico,Liga MX,2025,Jeremy Márquez,25.0,M,Mexico,177.0,66.0,39,28,2352.0,6.0,1.0,0.0,0.0,0,0,5,0.0,0,0.07653061224489796,1.0714285714285714,0.6122448979591837,0.22959183673469385,0.03826530612244898,0.26785714285714285,0.22959183673469385,41.4030612244898,0.8801020408163266,1.607142857142857,0.19132653061224492,1.3010204081632653,2.9081632653061225,8.64795918367347,4.783163265306122,1.2627551020408163,0.5739795918367347,0.9183673469387754,2.066326530612245,1.1096938775510203,0.19132653061224492,0.0,0.0,31.808687615526804,57.14285714285714,55.309734513274336,45.45454545454545,6.950382653061225
mexico,Liga MX,2025,Jesus Alcantar,22.0,D,Mexico,190.0,82.0,4,2,152.0,0.0,0.0,0.0,0.0,0,0,0,0.0,0,0.0,0.0,0.0,0.0,0.0,0.0,0.0,32.56578947368421,0.5921052631578947,0.5921052631578947,1.776315789473684,0.5921052631578947,1.1842105263157894,3.552631578947368,1.776315789473684,0.0,0.0,0.0,1.1842105263157894,0.5921052631578947,0.0,0.0,0.0,22.90909090909091,,50.0,,6.9
mexico,Liga MX,2025,Jesus Garza,24.0,D,Mexico,175.0,70.0,36,32,2860.0,0.0,2.0,0.0,0.0,0,0,6,0.0,0,0.1258741258741259,0.2202797202797203,0.0,0.0,0.06293706293706294,0.06293706293706294,0.0,43.01748251748252,0.6608391608391608,2.265734265734266,0.1258741258741259,1.1643356643356644,3.43006993006993,8.968531468531468,4.783216783216783,0.8496503496503497,0.47202797202797203,1.2902097902097902,1.1958041958041958,1.3216783216783217,0.1888111888111888,0.0,0.0,41.707388441843456,0.0,53.333333333333336,55.55555555555556,6.779895104895105
mexico,Liga MX,2025,Jesús Angulo,27.0,D,Mexico,178.0,73.0,29,22,1918.0,2.0,0.0,0.0,1.0,0,0,8,0.0,1,0.04692387904066736,0.28154327424400416,0.09384775808133472,0.09384775808133472,0.0,0.09384775808133472,0.09384775808133472,59.54640250260688,0.2346193952033368,1.5954118873826901,0.7038581856100105,1.0792492179353492,2.6746611053180396,7.601668404588112,4.786235662148071,0.14077163712200208,0.04692387904066736,0.14077163712200208,1.548488008342023,1.1261730969760166,0.3753910323253389,0.0,0.04692387904066736,57.177304964539005,33.33333333333333,62.96296296296296,33.33333333333333,7.006882168925965
mexico,Liga MX,2025,Jesús Arellano Camacho,21.0,M,Mexico,,,1,0,14.0,0.0,0.0,0.0,0.0,0,0,0,0.0,0,0.0,0.0,0.0,0.0,0.0,0.0,0.0,64.28571428571429,0.0,12.857142857142856,0.0,0.0,12.857142857142856,19.285714285714285,19.285714285714285,0.0,0.0,0.0,0.0,0.0,0.0,0.0,0.0,5.0,,100.0,,6.6
mexico,Liga MX,2025,Jesús Corona,44.0,G,Mexico,184.0,84.0,1,1,12.0,0.0,0.0,0.0,0.0,0,0,0,0.0,0,0.0,0.0,0.0,0.0,0.0,0.0,0.0,0.0,0.0,0.0,0.0,0.0,0.0,0.0,0.0,0.0,0.0,0.0,0.0,0.0,0.0,0.0,0.0,,,,,6.2
mexico,Liga MX,2025,Jesús Corona,32.0,M,Mexico,173.0,59.0,31,23,1707.0,4.0,4.0,0.0,0.0,0,0,4,0.0,0,0.5272407732864675,1.1599297012302285,0.5272407732864675,0.210896309314587,0.210896309314587,0.421792618629174,0.210896309314587,36.27416520210896,1.2126537785588751,0.7908611599297013,0.05272407732864675,0.421792618629174,1.2126537785588751,10.54481546572935,4.69244288224956,4.1124780316344465,1.9507908611599296,0.26362038664323373,1.6344463971880492,1.265377855887522,0.210896309314587,0.0,0.0,23.473837209302324,45.45454545454545,44.5,47.43589743589743,6.804628002343292
mexico,Liga MX,2025,Jesús Gallardo,31.0,D,Mexico,176.0,70.0,33,29,2733.0,5.0,5.0,1.0,1.0,1,0,13,0.0,0,0.26344676180021953,1.2513721185510427,0.4281009879253568,0.16465422612513722,0.16465422612513722,0.32930845225027444,0.13172338090010977,44.5225027442371,1.3830954994511526,1.942919868276619,0.09879253567508232,1.0867178924259056,3.0296377607025247,9.549945115257957,4.676180021953897,1.6136114160263446,0.6586169045005489,0.5927552140504939,0.3951701427003293,1.7782656421514818,0.4281009879253568,0.0,0.0,36.0051775147929,34.21052631578947,48.96551724137931,40.816326530612244,6.926417855836078
mexico,Liga MX,2025,Jesús Guillén,20.0,M,,,,0,0,0.0,0.0,0.0,0.0,0.0,0,0,0,0.0,0,,,,,,,,,,,,,,,,,,,,,,,,,,,,
mexico,Liga MX,2025,Jesús Gómez,23.0,D,Mexico,183.0,75.0,36,26,2435.0,2.0,0.0,0.0,1.0,0,0,8,0.0,0,0.0,0.5174537987679672,0.22176591375770022,0.07392197125256673,0.0,0.07392197125256673,0.07392197125256673,46.64476386036961,0.4804928131416838,2.106776180698152,0.4804928131416838,1.4784394250513349,3.585215605749487,8.242299794661191,4.841889117043121,0.44353182751540043,0.07392197125256673,0.3696098562628337,1.1827515400410678,1.0718685831622177,0.29568788501026694,0.0,0.0,45.513470681458,42.857142857142854,58.744394618834086,16.666666666666664,7.024558521560575
mexico,Liga MX,2025,Jesús Hernández,21.0,F,Mexico,182.0,76.0,4,1,160.0,0.0,0.0,1.0,0.0,0,0,0,0.0,1,1.125,0.5625,0.0,0.0,0.0,0.0,0.0,18.0,0.0,0.0,0.0,0.0,0.0,16.875,5.625,0.0,0.0,0.5625,2.8125,5.0625,0.0,0.0,0.5625,8.0,0.0,33.33333333333333,,6.2212499999999995
mexico,Liga MX,2025,Jesús Hernández,24.0,F,Mexico,171.0,60.0,21,10,942.0,1.0,1.0,0.0,0.0,0,0,0,0.0,0,0.19108280254777069,0.4777070063694267,0.09554140127388534,0.09554140127388534,0.09554140127388534,0.19108280254777069,0.09554140127388534,30.955414012738853,1.5286624203821655,1.3375796178343948,0.09554140127388534,0.7643312101910827,2.1019108280254777,11.847133757961783,5.828025477707007,3.535031847133758,1.2420382165605095,0.6687898089171974,2.6751592356687897,0.7643312101910827,0.0,0.0,0.0,16.86111111111111,20.0,49.193548387096776,35.13513513513514,6.732059447983016
mexico,Liga MX,2025,Jesús Inzunza,18.0,M,,,,0,0,0.0,0.0,0.0,0.0,0.0,0,0,0,0.0,0,,,,,,,,,,,,,,,,,,,,,,,,,,,,
mexico,Liga MX,2025,Jesús Lara,,D,,,,0,0,0.0,0.0,0.0,0.0,0.0,0,0,0,0.0,0,,,,,,,,,,,,,,,,,,,,,,,,,,,,
mexico,Liga MX,2025,Jesús Medina,28.0,M,Paraguay,179.0,70.0,10,10,730.0,1.0,2.0,0.0,0.0,0,0,0,0.0,0,0.12328767123287672,1.6027397260273972,0.4931506849315069,0.12328767123287672,0.24657534246575344,0.3698630136986301,0.12328767123287672,30.45205479452055,1.4794520547945205,1.1095890410958904,0.12328767123287672,0.24657534246575344,1.356164383561644,9.73972602739726,3.821917808219178,2.3424657534246576,1.1095890410958904,1.1095890410958904,1.2328767123287672,1.2328767123287672,0.0,0.0,0.0,23.635627530364374,30.76923076923077,39.24050632911392,47.368421052631575,6.687397260273973
mexico,Liga MX,2025,Jesús Murillo,31.0,D,Colombia,183.0,72.0,28,25,2289.0,2.0,1.0,0.0,3.0,0,0,7,0.0,1,0.07863695937090433,0.3145478374836173,0.15727391874180865,0.07863695937090433,0.039318479685452164,0.11795543905635648,0.07863695937090433,41.677588466579294,0.27522935779816515,0.9043250327653997,0.8256880733944955,1.4154652686762776,2.3197903014416776,6.684141546526868,3.420707732634338,0.23591087811271297,0.15727391874180865,0.4325032765399738,0.5897771952817824,1.3761467889908257,0.27522935779816515,0.0,0.039318479685452164,40.74433962264151,50.0,51.17647058823529,66.66666666666666,6.573700305810398
mexico,Liga MX,2025,Jesús Ocejo,27.0,F,Mexico,180.0,71.0,22,9,921.0,4.0,2.0,0.0,0.0,0,1,3,0.0,1,0.39087947882736157,1.5635179153094463,1.270358306188925,0.39087947882736157,0.19543973941368079,0.5863192182410424,0.39087947882736157,15.14657980456026,0.7817589576547231,0.7817589576547231,0.09771986970684039,0.09771986970684039,0.8794788273615635,13.778501628664497,5.960912052117264,1.1726384364820848,0.48859934853420195,0.2931596091205212,1.758957654723127,0.48859934853420195,0.2931596091205212,0.0,0.09771986970684039,7.432258064516129,81.25,43.262411347517734,41.66666666666667,6.629750271444083
mexico,Liga MX,2025,Jesús Orozco,23.0,D,Mexico,189.0,76.0,16,9,948.0,1.0,1.0,0.0,1.0,0,0,2,0.0,2,0.0,0.6645569620253164,0.09493670886075949,0.09493670886075949,0.09493670886075949,0.18987341772151897,0.09493670886075949,46.89873417721519,0.37974683544303794,2.5632911392405062,0.6645569620253164,0.8544303797468354,3.4177215189873418,8.734177215189874,5.3164556962025316,0.569620253164557,0.2848101265822785,0.2848101265822785,0.7594936708860759,1.8037974683544304,0.18987341772151897,0.0,0.18987341772151897,35.88032454361055,14.285714285714285,60.86956521739131,50.0,7.006962025316455
mexico,Liga MX,2025,Jesús Piñuelas,27.0,D,Mexico,184.0,70.0,3,2,205.0,0.0,0.0,0.0,1.0,0,0,0,0.0,0,0.0,0.0,0.0,0.0,0.0,0.0,0.0,29.414634146341463,0.43902439024390244,2.1951219512195124,1.3170731707317074,0.8780487804878049,3.073170731707317,7.024390243902439,4.829268292682927,0.0,0.0,0.43902439024390244,0.8780487804878049,0.8780487804878049,0.0,0.0,0.0,28.70149253731343,,68.75,,6.775609756097561
mexico,Liga MX,2025,Jesús Ricardo Angulo,28.0,M,Mexico,170.0,68.0,37,31,2504.0,7.0,5.0,0.0,0.0,0,0,2,0.0,0,0.03594249201277955,1.365814696485623,0.6110223642172524,0.25159744408945683,0.17971246006389777,0.43130990415335463,0.25159744408945683,38.56629392971246,2.8394568690095845,0.8985623003194888,0.1437699680511182,0.323482428115016,1.2220447284345048,6.325878594249201,2.731629392971246,2.0846645367412138,0.7547923322683706,0.5031948881789137,0.9704472843450479,0.4672523961661342,0.0718849840255591,0.0,0.0,29.834109972041006,44.73684210526316,43.18181818181818,36.206896551724135,6.925998402555911
mexico,Liga MX,2025,Jesús Rivas,23.0,D,Mexico,171.0,62.0,15,12,971.0,0.0,0.0,0.0,1.0,0,0,2,0.0,0,0.09268795056642636,0.1853759011328527,0.0,0.0,0.0,0.0,0.0,35.870236869207005,0.46343975283213185,1.5756951596292483,0.46343975283213185,0.8341915550978373,2.4098867147270853,6.395468589083419,2.224510813594233,0.9268795056642637,0.1853759011328527,1.1122554067971164,0.09268795056642636,1.2049433573635426,0.1853759011328527,0.0,0.0,26.276485788113696,0.0,34.78260869565217,20.0,6.414212152420185
mexico,Liga MX,2025,Jesús Rodríguez,32.0,G,Mexico,182.0,77.0,7,7,585.0,0.0,0.0,0.0,1.0,0,0,1,0.0,0,0.0,0.0,0.0,0.0,0.0,0.0,0.0,28.46153846153846,0.0,0.0,0.0,0.0,0.0,0.15384615384615385,0.0,0.0,0.0,0.0,0.0,0.15384615384615385,0.15384615384615385,0.0,0.0,20.227027027027027,,0.0,,6.346153846153846
mexico,Liga MX,2025,Jesús Serrato,20.0,M,Mexico,,,2,0,33.0,0.0,0.0,0.0,0.0,0,0,0,0.0,0,0.0,0.0,0.0,0.0,0.0,0.0,0.0,8.181818181818182,0.0,2.7272727272727275,0.0,0.0,2.7272727272727275,24.545454545454543,13.636363636363637,10.90909090909091,8.181818181818182,0.0,2.7272727272727275,2.7272727272727275,0.0,0.0,0.0,1.0,,55.55555555555556,75.0,6.5181818181818185
mexico,Liga MX,2025,Jesús Vega,25.0,D,Mexico,170.0,60.0,30,26,2175.0,0.0,6.0,0.0,0.0,0,0,4,0.0,0,0.12413793103448274,0.4551724137931034,0.12413793103448274,0.0,0.24827586206896549,0.24827586206896549,0.0,30.579310344827586,1.0758620689655174,2.193103448275862,0.20689655172413793,0.6620689655172414,2.855172413793104,5.793103448275862,3.4758620689655175,0.5379310344827587,0.3310344827586207,0.8275862068965517,0.2896551724137931,0.4551724137931034,0.16551724137931034,0.0,0.0,26.021650879566984,27.27272727272727,60.0,61.53846153846154,6.932873563218391
mexico,Liga MX,2025,Jhojan Julio,27.0,M,Ecuador,168.0,65.0,28,17,1559.0,4.0,3.0,2.0,0.0,0,0,5,0.0,1,0.46183450930083386,0.981398332264272,0.46183450930083386,0.23091725465041693,0.1731879409878127,0.40410519563822966,0.23091725465041693,16.45285439384221,1.2123155869146889,2.020525978191148,0.0,0.3463758819756254,2.3669018601667733,11.89223861449647,5.022450288646569,2.1937139191789607,0.8082103912764593,0.3463758819756254,1.9050673508659397,2.0782552918537522,0.28864656831302116,0.0,0.05772931366260423,10.407017543859649,47.05882352941176,42.23300970873786,36.84210526315789,6.7640976236351955
mexico,Liga MX,2025,Jhonder Cádiz,30.0,F,Venezuela,191.0,84.0,20,9,907.0,3.0,3.0,0.0,0.0,0,0,3,0.0,0,0.992282249173098,3.3737596471885336,1.1907386990077178,0.29768467475192945,0.29768467475192945,0.5953693495038589,0.29768467475192945,13.495038588754134,1.3891951488423373,0.29768467475192945,0.09922822491730982,0.09922822491730982,0.39691289966923926,11.014332965821389,5.556780595369349,1.091510474090408,0.19845644983461963,0.09922822491730982,2.0837927232635063,0.992282249173098,0.29768467475192945,0.0,0.0,7.220588235294118,35.294117647058826,50.45045045045045,18.181818181818183,6.817089305402426
mexico,Liga MX,2025,Joaquim,27.0,D,Brazil,187.0,,36,28,2512.0,2.0,1.0,0.0,1.0,0,0,6,0.0,1,0.07165605095541401,0.6090764331210191,0.250796178343949,0.07165605095541401,0.035828025477707005,0.10748407643312101,0.07165605095541401,53.95700636942675,0.17914012738853502,1.5047770700636942,0.6807324840764332,1.5764331210191083,3.0812101910828025,9.924363057324841,6.664012738853503,0.35828025477707004,0.17914012738853502,0.32245222929936307,1.2539808917197452,1.5047770700636942,0.21496815286624202,0.0,0.035828025477707005,47.87118193891102,41.17647058823529,67.14801444043322,50.0,6.978693747510952
mexico,Liga MX,2025,Joaquin Moxica,19.0,F,Mexico,,,11,1,198.0,1.0,0.0,0.0,0.0,0,0,0,0.0,0,0.9090909090909092,3.6363636363636367,2.2727272727272725,0.4545454545454546,0.0,0.4545454545454546,0.4545454545454546,19.09090909090909,1.3636363636363638,0.4545454545454546,0.0,0.4545454545454546,0.9090909090909092,16.363636363636363,6.818181818181818,3.1818181818181817,1.3636363636363638,0.4545454545454546,2.7272727272727275,0.4545454545454546,0.0,0.0,0.0,4.238095238095238,62.5,41.66666666666667,42.857142857142854,6.703108808290156
mexico,Liga MX,2025,Joban González,20.0,F,Mexico,172.0,,3,0,44.0,0.0,0.0,0.0,0.0,0,0,0,0.0,0,0.0,0.0,0.0,0.0,0.0,0.0,0.0,14.318181818181818,0.0,2.0454545454545454,0.0,0.0,2.0454545454545454,20.454545454545453,4.090909090909091,4.090909090909091,2.0454545454545454,2.0454545454545454,0.0,2.0454545454545454,0.0,0.0,0.0,3.857142857142857,,20.0,50.0,6.2372093023255815
mexico,Liga MX,2025,Joe Corona,35.0,M,USA,172.0,73.0,7,1,103.0,0.0,0.0,0.0,0.0,0,0,1,0.0,0,0.0,0.8737864077669902,0.0,0.0,0.0,0.0,0.0,38.44660194174757,0.0,3.495145631067961,0.0,0.0,3.495145631067961,14.854368932038836,6.990291262135922,2.621359223300971,0.8737864077669902,1.7475728155339805,0.0,2.621359223300971,0.8737864077669902,0.0,0.0,14.119047619047619,0.0,47.05882352941176,33.33333333333333,6.718627450980391
mexico,Liga MX,2025,Joel Dominguez,20.0,M,Mexico,173.0,,0,0,0.0,0.0,0.0,0.0,0.0,0,0,0,0.0,0,,,,,,,,,,,,,,,,,,,,,,,,,,,,
mexico,Liga MX,2025,Johan Rojas,23.0,F,Colombia,176.0,67.0,15,5,623.0,1.0,0.0,0.0,0.0,0,0,4,0.0,0,0.14446227929373998,3.756019261637239,1.0112359550561798,0.14446227929373998,0.0,0.14446227929373998,0.14446227929373998,41.17174959871589,2.744783306581059,2.1669341894060996,0.0,0.8667736757624398,3.033707865168539,9.534510433386838,4.333868378812199,2.6003210272873196,1.5890850722311396,0.5778491171749599,0.4333868378812199,1.4446227929373996,0.5778491171749599,0.0,0.0,21.03157894736842,26.923076923076923,45.45454545454545,61.111111111111114,6.809791332263242
mexico,Liga MX,2025,Jonatan Ramirez,19.0,F,,,,1,0,12.0,0.0,0.0,0.0,0.0,0,0,0,0.0,0,0.0,0.0,0.0,0.0,0.0,0.0,0.0,15.0,0.0,7.5,0.0,0.0,7.5,7.5,7.5,0.0,0.0,0.0,0.0,0.0,0.0,0.0,0.0,2.0,,100.0,,5.900000000000001
mexico,Liga MX,2025,Jonathan Dos Santos,35.0,M,Mexico,172.0,74.0,26,15,1341.0,0.0,2.0,0.0,0.0,0,0,2,0.0,0,0.0,0.40268456375838924,0.1342281879194631,0.0,0.1342281879194631,0.1342281879194631,0.0,77.6510067114094,1.1409395973154361,2.2818791946308723,0.4697986577181208,1.8120805369127515,4.093959731543624,7.718120805369127,4.697986577181208,1.0067114093959733,0.8053691275167785,1.1409395973154361,1.0067114093959733,1.0738255033557047,0.1342281879194631,0.0,0.0,62.55488331892826,33.33333333333333,60.86956521739131,80.0,7.231567164179104
mexico,Liga MX,2025,Jonathan Gonzalez,26.0,M,Mexico,175.0,62.0,4,1,94.0,0.0,0.0,0.0,0.0,0,0,1,0.0,0,0.0,0.0,0.0,0.0,0.0,0.0,0.0,41.170212765957444,0.0,0.0,0.0,2.8723404255319145,2.8723404255319145,5.744680851063829,3.829787234042553,0.9574468085106382,0.9574468085106382,0.0,1.9148936170212765,0.9574468085106382,0.9574468085106382,0.0,0.0,16.627906976744185,,66.66666666666666,100.0,6.380851063829787
mexico,Liga MX,2025,Jonathan Perez,22.0,M,Mexico,168.0,72.0,1,0,12.0,0.0,0.0,0.0,0.0,0,0,0,0.0,0,0.0,7.5,0.0,0.0,0.0,0.0,0.0,15.0,7.5,0.0,0.0,7.5,7.5,0.0,0.0,0.0,0.0,0.0,0.0,0.0,0.0,0.0,0.0,1.0,0.0,,,6.3
mexico,Liga MX,2025,Jonathan Perlaza,28.0,M,Ecuador,169.0,69.0,13,7,732.0,1.0,1.0,0.0,0.0,0,0,2,0.0,0,0.12295081967213115,0.7377049180327869,0.6147540983606558,0.12295081967213115,0.12295081967213115,0.2459016393442623,0.12295081967213115,28.155737704918035,1.1065573770491803,1.3524590163934425,0.12295081967213115,0.12295081967213115,1.4754098360655739,5.901639344262295,2.9508196721311477,1.2295081967213115,0.7377049180327869,0.6147540983606558,0.7377049180327869,0.6147540983606558,0.2459016393442623,0.0,0.0,16.65938864628821,83.33333333333334,50.0,60.0,6.4874316939890715
mexico,Liga MX,2025,Jonathan Pérez,20.0,D,Mexico,181.0,67.0,7,4,409.0,1.0,0.0,0.0,0.0,0,0,0,0.0,0,0.2200488997555012,0.4400977995110024,0.2200488997555012,0.2200488997555012,0.0,0.2200488997555012,0.2200488997555012,36.5281173594132,0.2200488997555012,2.860635696821516,0.2200488997555012,1.1002444987775062,3.9608801955990223,6.821515892420538,3.9608801955990223,0.4400977995110024,0.0,0.4400977995110024,0.2200488997555012,0.6601466992665037,0.0,0.0,0.0,32.55421686746988,50.0,58.06451612903226,0.0,6.930073349633252
mexico,Liga MX,2025,Jordan Carrillo,24.0,M,Mexico,168.0,62.0,35,22,1866.0,6.0,3.0,2.0,0.0,0,0,4,0.0,0,0.0,1.0610932475884245,0.7234726688102894,0.28938906752411575,0.14469453376205788,0.4340836012861737,0.28938906752411575,32.50803858520901,1.3022508038585208,1.977491961414791,0.04823151125401929,0.33762057877813506,2.315112540192926,13.938906752411574,7.572347266881029,2.990353697749196,1.7363344051446947,1.0128617363344052,3.0385852090032155,1.495176848874598,0.19292604501607716,0.0,0.0,21.522255192878337,68.18181818181817,54.325259515570934,58.06451612903226,7.1352625937834935
mexico,Liga MX,2025,Jordan García,20.0,G,Colombia,186.0,85.0,3,3,270.0,0.0,0.0,0.0,0.0,0,0,1,0.0,0,0.0,0.0,0.0,0.0,0.0,0.0,0.0,26.333333333333332,0.0,0.0,0.0,0.0,0.0,0.0,0.0,0.0,0.0,0.0,0.0,0.0,0.33333333333333337,0.0,0.0,19.759493670886076,,,,6.5
mexico,Liga MX,2025,Jordan Sierra,28.0,M,Ecuador,170.0,64.0,19,18,1583.0,3.0,0.0,0.0,1.0,0,0,2,0.0,0,0.11370814908401768,0.6253948199620972,0.28427037271004424,0.17056222362602652,0.0,0.17056222362602652,0.17056222362602652,30.814908401768793,0.8528111181301328,1.5919140871762476,0.34112444725205304,0.7959570435881238,2.3878711307643714,8.073278584965255,3.6955148452305746,0.6253948199620972,0.28427037271004424,1.1939355653821857,1.1939355653821857,0.8528111181301328,0.11370814908401768,0.0,0.0,25.88560885608856,45.45454545454545,45.774647887323944,45.45454545454545,6.665319014529375
mexico,Liga MX,2025,Jordi Cortizo,29.0,M,Mexico,172.0,69.0,26,7,922.0,0.0,1.0,0.0,0.0,0,0,4,0.0,1,0.09761388286334056,1.1713665943600868,0.09761388286334056,0.0,0.09761388286334056,0.09761388286334056,0.0,46.26898047722342,1.7570498915401302,1.8546637744034709,0.0,0.4880694143167028,2.3427331887201737,17.082429501084597,9.370932754880695,5.27114967462039,3.2212581344902387,1.2689804772234272,4.197396963123644,1.3665943600867678,0.39045553145336226,0.0,0.09761388286334056,23.170886075949365,8.333333333333332,54.85714285714286,61.111111111111114,6.708369565217391
mexico,Liga MX,2025,Jorge Berlanga,22.0,D,Mexico,180.0,71.0,12,7,698.0,0.0,0.0,0.0,0.0,0,0,4,0.0,0,0.0,0.12893982808022922,0.12893982808022922,0.0,0.0,0.0,0.0,47.191977077363894,0.0,1.2893982808022924,0.3868194842406877,0.7736389684813754,2.0630372492836675,4.641833810888253,2.0630372492836675,0.3868194842406877,0.12893982808022922,0.3868194842406877,0.12893982808022922,1.0315186246418337,0.5157593123209169,0.0,0.0,46.759562841530055,100.0,44.44444444444444,33.33333333333333,6.615472779369628
mexico,Liga MX,2025,Jorge Díaz,27.0,M,Mexico,176.0,65.0,14,7,693.0,2.0,3.0,0.0,0.0,0,0,1,0.0,0,0.2597402597402597,1.948051948051948,1.2987012987012987,0.2597402597402597,0.38961038961038963,0.6493506493506493,0.2597402597402597,28.961038961038962,1.5584415584415585,0.7792207792207793,0.12987012987012986,0.12987012987012986,0.9090909090909092,10.38961038961039,4.675324675324676,3.6363636363636367,1.4285714285714284,0.5194805194805194,1.948051948051948,0.9090909090909092,0.12987012987012986,0.0,0.0,16.54708520179372,66.66666666666666,45.0,39.285714285714285,6.8909090909090915
mexico,Liga MX,2025,Jorge Hernández,27.0,G,Mexico,189.0,71.0,0,0,0.0,0.0,0.0,0.0,0.0,0,0,0,0.0,0,,,,,,,,,,,,,,,,,,,,,,,,,,,,
mexico,Liga MX,2025,Jorge Luis García Rivas,23.0,D,Mexico,165.0,53.0,6,1,183.0,0.0,0.0,0.0,0.0,0,0,0,0.0,0,0.0,0.0,0.0,0.0,0.0,0.0,0.0,26.557377049180328,0.0,2.459016393442623,0.0,0.0,2.459016393442623,7.377049180327869,2.9508196721311477,1.4754098360655739,0.0,0.9836065573770492,0.4918032786885246,0.4918032786885246,0.0,0.0,0.0,13.907407407407407,,40.0,0.0,6.414207650273224
mexico,Liga MX,2025,Jorge Rodarte Barragan,21.0,D,Mexico,,66.0,18,9,770.0,0.0,1.0,0.0,0.0,0,0,2,0.0,1,0.0,0.11688311688311688,0.0,0.0,0.11688311688311688,0.11688311688311688,0.0,28.051948051948052,0.7012987012987013,1.6363636363636362,0.0,1.051948051948052,2.688311688311688,7.246753246753246,3.9740259740259742,0.7012987012987013,0.23376623376623376,0.35064935064935066,1.168831168831169,1.6363636363636362,0.23376623376623376,0.0,0.11688311688311688,18.429166666666667,0.0,54.83870967741935,33.33333333333333,6.411558441558441
mexico,Liga MX,2025,Jorge Rodríguez,30.0,M,Argentina,178.0,83.0,29,24,1998.0,1.0,0.0,0.0,0.0,0,0,6,0.0,2,0.04504504504504504,0.6306306306306306,0.18018018018018017,0.04504504504504504,0.0,0.04504504504504504,0.04504504504504504,50.0,0.5405405405405406,2.2522522522522523,0.5855855855855856,1.2162162162162162,3.4684684684684686,8.018018018018019,4.54954954954955,0.2702702702702703,0.18018018018018017,0.945945945945946,1.1711711711711712,1.981981981981982,0.2702702702702703,0.0,0.09009009009009009,41.57837837837838,28.57142857142857,56.74157303370787,66.66666666666666,7.03023023023023
mexico,Liga MX,2025,Jorge Rodríguez,24.0,D,Mexico,178.0,67.0,16,12,1093.0,0.0,0.0,0.0,1.0,0,0,6,0.0,1,0.0,0.16468435498627632,0.08234217749313816,0.0,0.0,0.0,0.0,29.396157365050318,0.4117108874656908,1.152790484903934,0.08234217749313816,0.7410795974382433,1.8938700823421775,5.846294602012809,2.8819762122598354,0.4940530649588289,0.08234217749313816,0.7410795974382433,0.6587374199451053,0.8234217749313816,0.4940530649588289,0.0,0.08234217749313816,23.711484593837536,50.0,49.29577464788733,16.666666666666664,6.61427264409881
mexico,Liga MX,2025,Jorge Ruvalcaba,24.0,M,Mexico,,,19,18,1555.0,5.0,4.0,1.0,0.0,0,0,8,0.0,0,0.3472668810289389,1.967845659163987,0.8681672025723474,0.28938906752411575,0.23151125401929262,0.5209003215434084,0.28938906752411575,22.861736334405148,1.3890675241157555,1.504823151125402,0.17363344051446944,0.17363344051446944,1.6784565916398715,7.292604501607718,2.778135048231511,1.5627009646302252,0.6945337620578778,0.9839228295819935,0.3472668810289389,1.7942122186495175,0.46302250803858525,0.0,0.0,20.6126582278481,44.11764705882353,38.095238095238095,44.44444444444444,6.851704180064308
mexico,Liga MX,2025,Jorge San Martin,21.0,D,Mexico,185.0,72.0,5,1,138.0,0.0,0.0,0.0,0.0,0,0,0,0.0,0,0.0,0.0,0.0,0.0,0.0,0.0,0.0,33.26086956521739,0.6521739130434783,1.9565217391304348,0.6521739130434783,1.3043478260869565,3.2608695652173916,6.521739130434783,3.2608695652173916,0.0,0.0,1.3043478260869565,0.0,1.3043478260869565,0.0,0.0,0.0,35.11764705882353,,50.0,,6.323913043478261
mexico,Liga MX,2025,Jorge Sánchez,28.0,M,Mexico,175.0,69.0,19,16,1451.0,0.0,1.0,0.0,0.0,0,0,1,0.0,0,0.12405237767057202,0.37215713301171605,0.06202618883528601,0.0,0.06202618883528601,0.06202618883528601,0.0,28.59407305306685,1.4266023432115782,2.1709166092350105,0.12405237767057202,0.6822880771881461,2.8532046864231564,9.49000689179876,4.031702274293591,1.5506547208821504,0.4962095106822881,1.4266023432115782,0.4962095106822881,1.3025499655410062,0.06202618883528601,0.0,0.0,24.02819956616052,16.666666666666664,42.48366013071895,32.0,6.573535492763612
mexico,Liga MX,2025,Jose Estrada,18.0,M,Mexico,,,1,0,1.0,0.0,0.0,0.0,0.0,0,0,0,0.0,0,0.0,0.0,0.0,0.0,0.0,0.0,0.0,0.0,0.0,0.0,0.0,0.0,0.0,90.0,0.0,90.0,0.0,0.0,0.0,0.0,0.0,0.0,0.0,,,0.0,0.0,
mexico,Liga MX,2025,Jose Eulogio,21.0,G,Mexico,187.0,82.0,1,1,90.0,0.0,0.0,0.0,0.0,0,0,0,0.0,0,0.0,0.0,0.0,0.0,0.0,0.0,0.0,30.0,0.0,0.0,0.0,0.0,0.0,0.0,0.0,0.0,0.0,0.0,0.0,0.0,0.0,0.0,0.0,17.0,,,,8.2
mexico,Liga MX,2025,Jose Garcia,29.0,D,Mexico,184.0,82.0,27,21,1890.0,0.0,0.0,0.0,1.0,0,0,3,0.0,0,0.04761904761904762,0.6666666666666667,0.04761904761904762,0.0,0.0,0.0,0.0,45.047619047619044,0.14285714285714285,0.9047619047619048,0.8095238095238095,0.761904761904762,1.6666666666666665,7.142857142857142,4.142857142857143,0.0,0.0,0.1904761904761905,0.4285714285714286,1.1904761904761905,0.14285714285714285,0.0,0.0,39.48837209302326,7.142857142857142,57.99999999999999,,6.645246946362188
mexico,Liga MX,2025,Jose Martin,18.0,F,Mexico,,,0,0,0.0,0.0,0.0,0.0,0.0,0,0,0,0.0,0,,,,,,,,,,,,,,,,,,,,,,,,,,,,
mexico,Liga MX,2025,Jose Pachuca,20.0,D,Mexico,190.0,75.0,20,10,1011.0,1.0,1.0,0.0,1.0,0,0,2,0.0,1,0.0,0.35608308605341243,0.26706231454005935,0.08902077151335311,0.08902077151335311,0.17804154302670622,0.08902077151335311,47.448071216617215,0.26706231454005935,2.314540059347181,0.6231454005934718,1.4243323442136497,3.7388724035608307,8.635014836795252,4.985163204747774,0.890207715133531,0.7121661721068249,0.35608308605341243,0.6231454005934718,1.6913946587537092,0.17804154302670622,0.0,0.08902077151335311,41.165103189493436,75.0,57.73195876288659,80.0,6.619306930693069
mexico,Liga MX,2025,Jose Rivaldo Lozano,27.0,D,Mexico,169.0,62.0,9,9,696.0,1.0,1.0,0.0,1.0,0,0,4,0.0,1,0.0,0.3879310344827586,0.12931034482758622,0.12931034482758622,0.12931034482758622,0.25862068965517243,0.12931034482758622,16.939655172413794,0.5172413793103449,1.5517241379310345,0.3879310344827586,0.25862068965517243,1.8103448275862069,9.181034482758621,5.172413793103448,1.5517241379310345,0.25862068965517243,0.12931034482758622,2.0689655172413794,1.6810344827586208,0.5172413793103449,0.0,0.12931034482758622,10.908396946564885,33.33333333333333,56.33802816901409,16.666666666666664,6.448275862068965
mexico,Liga MX,2025,Jose Saldamando,20.0,D,Mexico,,,0,0,0.0,0.0,0.0,0.0,0.0,0,0,0,0.0,0,,,,,,,,,,,,,,,,,,,,,,,,,,,,
mexico,Liga MX,2025,Jose Urias,19.0,M,Mexico,168.0,60.0,1,0,1.0,0.0,0.0,0.0,0.0,0,0,0,0.0,0,0.0,0.0,0.0,0.0,0.0,0.0,0.0,0.0,0.0,0.0,0.0,0.0,0.0,0.0,0.0,0.0,0.0,0.0,0.0,0.0,0.0,0.0,0.0,,,,,
mexico,Liga MX,2025,Josef Martínez,32.0,F,Venezuela,172.0,74.0,9,1,260.0,1.0,0.0,0.0,0.0,1,0,0,0.0,0,0.34615384615384615,1.0384615384615385,0.34615384615384615,0.34615384615384615,0.0,0.34615384615384615,0.0,14.53846153846154,0.6923076923076923,0.0,0.34615384615384615,0.0,0.0,6.923076923076923,3.4615384615384617,1.0384615384615385,0.34615384615384615,0.0,0.6923076923076923,0.6923076923076923,0.0,0.0,0.0,6.146341463414634,33.33333333333333,50.0,33.33333333333333,6.379615384615385
mexico,Liga MX,2025,Joshua Palacios,18.0,M,Mexico,181.0,74.0,1,0,11.0,0.0,0.0,0.0,0.0,0,0,0,0.0,0,0.0,0.0,0.0,0.0,0.0,0.0,0.0,32.72727272727273,0.0,0.0,0.0,0.0,0.0,0.0,0.0,0.0,0.0,0.0,0.0,0.0,0.0,0.0,0.0,4.0,,,,6.3
mexico,Liga MX,2025,Josué Díaz,24.0,D,Mexico,177.0,67.0,1,0,8.0,0.0,0.0,0.0,0.0,0,0,0,0.0,0,0.0,0.0,0.0,0.0,0.0,0.0,0.0,11.25,0.0,0.0,0.0,0.0,0.0,11.25,0.0,0.0,0.0,0.0,0.0,11.25,0.0,0.0,0.0,1.0,,0.0,,6.7
mexico,Liga MX,2025,Josué Ovalle,25.0,F,Chile,167.0,58.0,12,10,843.0,5.0,1.0,0.0,0.0,0,0,1,0.0,0,0.10676156583629894,1.387900355871886,0.7473309608540925,0.5338078291814946,0.10676156583629894,0.6405693950177935,0.5338078291814946,24.34163701067616,0.6405693950177935,0.8540925266903915,0.32028469750889677,0.7473309608540925,1.6014234875444842,9.288256227758007,3.629893238434164,4.483985765124555,1.6014234875444842,0.9608540925266904,0.9608540925266904,0.42704626334519574,0.10676156583629894,0.0,0.0,16.25,53.84615384615385,39.08045977011494,35.714285714285715,6.865480427046263
mexico,Liga MX,2025,Josué Reyes,28.0,D,Mexico,180.0,77.0,1,0,17.0,0.0,0.0,0.0,1.0,0,0,1,0.0,0,0.0,0.0,0.0,0.0,0.0,0.0,0.0,26.47058823529412,0.0,5.294117647058823,0.0,0.0,5.294117647058823,10.588235294117647,5.294117647058823,0.0,0.0,0.0,0.0,5.294117647058823,5.294117647058823,0.0,0.0,5.0,,50.0,,5.9
mexico,Liga MX,2025,José Abella,31.0,D,Mexico,175.0,71.0,27,23,1829.0,0.0,5.0,0.0,1.0,0,0,3,0.0,1,0.0,0.3444505194095134,0.14762165117550574,0.0,0.24603608529250956,0.24603608529250956,0.0,33.5101148168398,1.722252597047567,1.3778020776380535,0.7873154729360305,0.7873154729360305,2.165117550574084,6.003280481137233,2.8048113723346093,0.19682886823400764,0.04920721705850191,0.7381082558775287,0.6889010388190268,0.6889010388190268,0.14762165117550574,0.0,0.04920721705850191,23.552282768777616,42.857142857142854,46.72131147540984,25.0,6.7436542669584245
mexico,Liga MX,2025,José Alvarado,25.0,F,Mexico,172.0,54.0,23,14,1175.0,2.0,0.0,0.0,0.0,0,0,1,0.0,0,0.3829787234042553,2.221276595744681,1.0723404255319149,0.15319148936170213,0.0,0.15319148936170213,0.15319148936170213,16.161702127659574,0.5361702127659574,1.0723404255319149,0.07659574468085106,0.2297872340425532,1.3021276595744682,10.493617021276595,5.05531914893617,0.6127659574468085,0.30638297872340425,0.4595744680851064,1.3021276595744682,0.9957446808510638,0.07659574468085106,0.0,0.0,13.885714285714286,48.275862068965516,48.175182481751825,50.0,6.540595744680851
mexico,Liga MX,2025,José Arroyo,19.0,M,Mexico,160.0,,1,0,1.0,0.0,0.0,0.0,0.0,0,0,0,0.0,0,0.0,0.0,0.0,0.0,0.0,0.0,0.0,0.0,0.0,0.0,0.0,0.0,0.0,0.0,0.0,0.0,0.0,0.0,0.0,0.0,0.0,0.0,0.0,,,,,
mexico,Liga MX,2025,José Caicedo,23.0,M,Colombia,179.0,69.0,18,15,1283.0,0.0,1.0,0.0,1.0,0,0,7,0.0,1,0.0,0.21044427123928294,0.0701480904130943,0.0,0.0701480904130943,0.0701480904130943,0.0,54.084177708495716,0.2805923616523772,1.613406079501169,0.35074045206547155,1.332813717848792,2.946219797349961,8.417770849571317,4.208885424785659,0.49103663289166016,0.21044427123928294,0.5611847233047544,0.8417770849571318,1.6835541699142635,0.49103663289166016,0.0,0.0701480904130943,48.11802853437095,33.33333333333333,50.0,42.857142857142854,6.777786438035853
mexico,Liga MX,2025,José Castillo,24.0,D,Mexico,178.0,65.0,36,34,2819.0,1.0,0.0,0.0,0.0,0,0,1,0.0,0,0.12770485987938984,0.2554097197587797,0.06385242993969492,0.03192621496984746,0.0,0.03192621496984746,0.03192621496984746,55.296204327775804,0.19155728981908476,1.4047534586732884,0.5746718694572543,0.7662291592763391,2.1709826179496274,5.427456544874069,3.288400141894289,0.5108194395175594,0.3511883646683221,0.22348350478893225,0.1596310748492373,0.6385242993969492,0.03192621496984746,0.0,0.0,51.38568129330254,25.0,60.588235294117645,68.75,6.8685349414686065
mexico,Liga MX,2025,José Hernández,28.0,G,Mexico,177.0,67.0,13,12,1128.0,0.0,0.0,0.0,0.0,0,0,0,0.0,0,0.0,0.0,0.0,0.0,0.0,0.0,0.0,24.335106382978722,0.0,0.0,0.0,0.0,0.0,0.1595744680851064,0.0797872340425532,0.0,0.0,0.0,0.0797872340425532,0.0,0.0,0.0,0.0,14.38360655737705,,50.0,,6.7803191489361705
mexico,Liga MX,2025,José Joaquín Esquivel,27.0,M,Mexico,173.0,76.0,22,16,1324.0,1.0,1.0,0.0,0.0,0,0,4,0.0,0,0.06797583081570997,0.6797583081570997,0.2719033232628399,0.06797583081570997,0.06797583081570997,0.13595166163141995,0.06797583081570997,28.889728096676738,0.40785498489425986,2.175226586102719,0.5438066465256798,1.3595166163141994,3.5347432024169185,8.225075528700907,4.078549848942598,0.2719033232628399,0.20392749244712993,0.8836858006042296,0.5438066465256798,1.8353474320241692,0.2719033232628399,0.0,0.0,22.69575471698113,40.0,49.586776859504134,75.0,6.666691842900303
mexico,Liga MX,2025,José Juan Macías,26.0,F,Mexico,178.0,76.0,11,5,339.0,4.0,2.0,0.0,0.0,2,0,0,0.0,0,0.0,3.185840707964602,1.8584070796460177,1.0619469026548671,0.5309734513274336,1.592920353982301,0.5309734513274336,16.991150442477874,1.592920353982301,0.0,0.0,0.0,0.0,8.23008849557522,3.185840707964602,4.2477876106194685,1.592920353982301,0.0,1.0619469026548671,0.5309734513274336,0.0,0.0,0.0,7.125,58.333333333333336,38.70967741935484,37.5,6.82566371681416
mexico,Liga MX,2025,José Luis Rodríguez,27.0,M,Panama,180.0,77.0,37,34,2949.0,4.0,9.0,1.0,0.0,0,0,5,0.0,0,0.335707019328586,1.281790437436419,0.5798575788402849,0.12207527975584945,0.2746693794506612,0.3967446592065107,0.12207527975584945,26.703967446592063,1.8921668362156665,1.0681586978636826,0.030518819938962362,0.335707019328586,1.4038657171922686,9.43031536113937,4.974567650050865,3.4181078331637846,1.9837232960325535,0.5188199389623601,1.4954221770091558,0.7324516785350966,0.1525940996948118,0.0,0.0,23.88114285714286,45.23809523809524,52.75080906148867,58.03571428571429,6.954289589691421
mexico,Liga MX,2025,José Paradela,27.0,F,Argentina,180.0,72.0,44,41,3259.0,10.0,10.0,0.0,0.0,0,1,5,0.0,0,0.08284749923289353,1.905492482356551,0.9941699907947223,0.27615833077631174,0.27615833077631174,0.5523166615526235,0.27615833077631174,30.957348880024547,1.712181650813133,1.3807916538815588,0.08284749923289353,0.3037741638539429,1.6845658177355016,10.162626572568273,4.888002454740718,3.06535747161706,1.5188708192697147,0.6903958269407794,1.6293341515802393,1.2150966554157716,0.13807916538815587,0.0,0.0,23.006244424620874,52.17391304347826,48.09782608695652,49.549549549549546,7.049094814360233
mexico,Liga MX,2025,José Rivero,33.0,M,Uruguay,166.0,60.0,36,27,2458.0,2.0,1.0,2.0,0.0,0,0,10,0.0,0,0.9153783563873067,2.1236777868185515,0.8055329536208299,0.07323026851098453,0.03661513425549227,0.10984540276647681,0.07323026851098453,28.01057770545159,0.8055329536208299,1.4646053702196908,0.18307567127746135,0.549227013832384,2.013832384052075,9.080553295362083,3.9910496338486574,1.2449145646867372,0.43938161106590723,0.8787632221318145,1.3181448331977217,1.7209113100081368,0.3661513425549227,0.0,0.0,21.11286089238845,37.93103448275862,43.95161290322581,35.294117647058826,6.641212367778682
mexico,Liga MX,2025,José Rodríguez,29.0,M,Mexico,171.0,63.0,31,28,2474.0,0.0,0.0,0.0,0.0,0,0,9,0.0,0,0.0,0.14551333872271624,0.07275666936135812,0.0,0.0,0.0,0.0,44.19967663702506,0.618431689571544,2.473726758286176,0.5456750202101859,1.0913500404203718,3.565076798706548,8.11236863379143,4.147130153597413,0.36378334680679064,0.14551333872271624,0.8730800323362976,0.7275666936135813,1.709781729991916,0.32740501212611156,0.0,0.0,41.955555555555556,50.0,51.12107623318386,40.0,6.885604528912252
mexico,Liga MX,2025,José de Jesús González,27.0,F,Mexico,183.0,82.0,2,0,13.0,0.0,0.0,0.0,0.0,0,0,1,0.0,0,0.0,6.923076923076923,0.0,0.0,0.0,0.0,0.0,13.846153846153847,0.0,0.0,0.0,0.0,0.0,20.76923076923077,0.0,0.0,0.0,0.0,0.0,13.846153846153847,6.923076923076923,0.0,0.0,,0.0,0.0,,6.3
mexico,Liga MX,2025,João Lourenço,20.0,M,Brazil,,,2,0,13.0,0.0,0.0,0.0,0.0,0,0,0,0.0,0,0.0,0.0,0.0,0.0,0.0,0.0,0.0,69.23076923076924,6.923076923076923,0.0,0.0,0.0,0.0,13.846153846153847,6.923076923076923,0.0,0.0,0.0,6.923076923076923,6.923076923076923,0.0,0.0,0.0,7.3,,50.0,,6.7
mexico,Liga MX,2025,João Pedro Galvão,33.0,F,Italy,184.0,73.0,34,34,3047.0,26.0,1.0,4.0,0.0,8,0,6,0.0,1,0.29537249753856254,2.3039054808007875,1.5063997374466689,0.7679684936002626,0.02953724975385625,0.7975057433541188,0.5316704955694125,13.350836888743027,0.7384312438464063,0.5316704955694125,0.0,0.118148999015425,0.6498194945848376,10.869707909419102,4.519199212340006,1.5950114867082377,0.44305874630784375,0.26583524778470624,1.5950114867082377,1.4177879881851,0.1772234985231375,0.0,0.02953724975385625,9.79203539823009,65.38461538461539,41.57608695652174,27.77777777777778,7.291434197571382
mexico,Liga MX,2025,Juan Brunetta,28.0,M,Argentina,175.0,68.0,42,35,3178.0,19.0,9.0,0.0,0.0,3,0,8,0.0,0,0.11327879169288861,2.4921334172435494,1.2177470106985526,0.5380742605412209,0.2548772813089994,0.7929515418502203,0.45311516677155445,49.16299559471366,2.3222152297042165,1.1327879169288861,0.11327879169288861,0.45311516677155445,1.5859030837004406,7.533039647577092,3.5966016362492135,1.84078036500944,0.8779106356198868,0.4247954688483323,1.2743864065449968,1.0761485210824417,0.22655758338577722,0.0,0.0,44.16935483870968,48.86363636363637,47.744360902255636,47.69230769230769,7.70494021397105
mexico,Liga MX,2025,Juan Carlos Echilvestre,18.0,D,,,,3,0,49.0,0.0,0.0,0.0,0.0,0,0,0,0.0,0,0.0,0.0,0.0,0.0,0.0,0.0,0.0,33.06122448979592,0.0,3.6734693877551017,0.0,0.0,3.6734693877551017,14.693877551020407,7.346938775510203,1.8367346938775508,0.0,1.8367346938775508,0.0,1.8367346938775508,0.0,0.0,0.0,6.277777777777778,,50.0,0.0,6.2
mexico,Liga MX,2025,Juan Dominguez,27.0,M,Mexico,,,32,14,1371.0,2.0,2.0,0.0,0.0,0,0,3,0.0,0,0.3282275711159738,1.2472647702407003,0.7221006564551423,0.13129102844638948,0.13129102844638948,0.26258205689277897,0.13129102844638948,30.722100656455144,1.3129102844638951,1.2472647702407003,0.06564551422319474,0.3282275711159738,1.575492341356674,13.12910284463895,6.236323851203501,4.070021881838074,1.9693654266958425,0.787746170678337,2.7571115973741795,1.2472647702407003,0.19693654266958424,0.0,0.0,16.318376068376068,57.89473684210527,47.5,48.38709677419355,6.874252370532458
mexico,Liga MX,2025,Juan Eduardo Robles,22.0,M,Mexico,165.0,60.0,17,3,429.0,1.0,0.0,0.0,1.0,0,0,3,0.0,0,0.6293706293706294,0.4195804195804196,0.4195804195804196,0.2097902097902098,0.0,0.2097902097902098,0.2097902097902098,15.314685314685315,0.8391608391608392,1.048951048951049,0.0,1.2587412587412588,2.3076923076923075,9.23076923076923,3.146853146853147,1.4685314685314685,0.4195804195804196,0.6293706293706294,1.048951048951049,1.8881118881118881,0.6293706293706294,0.0,0.0,4.305555555555555,100.0,34.090909090909086,28.57142857142857,6.572196261682243
mexico,Liga MX,2025,Juan Fedorco,25.0,D,Argentina,,,11,11,923.0,0.0,0.0,1.0,2.0,0,0,4,0.0,0,0.0,0.5850487540628386,0.09750812567713976,0.0,0.0,0.0,0.0,46.901408450704224,0.09750812567713976,2.2426868905742143,1.4626218851570962,1.5601300108342362,3.8028169014084505,8.970747562296857,5.265438786565547,0.2925243770314193,0.19501625135427952,0.6825568797399784,0.4875406283856988,1.3651137594799567,0.39003250270855905,0.0,0.0,41.13305613305613,16.666666666666664,58.69565217391305,66.66666666666666,6.665872156013002
mexico,Liga MX,2025,Juan Gamez,20.0,D,,,,0,0,0.0,0.0,0.0,0.0,0.0,0,0,0,0.0,0,,,,,,,,,,,,,,,,,,,,,,,,,,,,
mexico,Liga MX,2025,Juan José Purata,27.0,D,Mexico,188.0,78.0,24,13,1302.0,0.0,0.0,0.0,1.0,0,0,6,0.0,2,0.2073732718894009,0.2073732718894009,0.1382488479262673,0.0,0.0,0.0,0.0,55.783410138248854,0.0,1.3824884792626728,1.2442396313364057,1.3824884792626728,2.7649769585253456,7.880184331797235,4.700460829493087,0.2073732718894009,0.1382488479262673,0.2764976958525346,0.2764976958525346,1.6589861751152073,0.4147465437788018,0.0,0.1382488479262673,52.3184634448575,66.66666666666666,59.64912280701754,66.66666666666666,6.8601844734819375
mexico,Liga MX,2025,Juan Liceaga,18.0,G,,,,0,0,0.0,0.0,0.0,0.0,0.0,0,0,0,0.0,0,,,,,,,,,,,,,,,,,,,,,,,,,,,,
mexico,Liga MX,2025,Juan Manuel Sanabria,25.0,D,Uruguay,172.0,70.0,19,19,1710.0,2.0,5.0,0.0,0.0,0,0,4,0.0,1,0.052631578947368425,0.4210526315789474,0.3157894736842105,0.10526315789473685,0.2631578947368421,0.368421052631579,0.10526315789473685,40.73684210526316,1.6842105263157896,1.5789473684210527,0.15789473684210525,1.0,2.5789473684210527,7.894736842105263,3.736842105263158,1.0,0.15789473684210525,0.9473684210526315,0.7894736842105263,0.8947368421052633,0.2105263157894737,0.0,0.052631578947368425,35.29586563307493,75.0,47.333333333333336,15.789473684210526,7.078947368421052
mexico,Liga MX,2025,Juan Pablo Cázares,20.0,M,,,,9,6,399.0,0.0,0.0,0.0,0.0,0,0,0,0.0,0,0.45112781954887216,0.45112781954887216,0.0,0.0,0.0,0.0,0.0,16.240601503759397,1.5789473684210527,0.45112781954887216,0.22556390977443608,0.22556390977443608,0.6766917293233082,5.864661654135338,1.3533834586466165,1.3533834586466165,0.22556390977443608,0.6766917293233082,0.6766917293233082,0.9022556390977443,0.0,0.0,0.0,7.513888888888889,0.0,23.076923076923077,16.666666666666664,6.366165413533834
mexico,Liga MX,2025,Juan Pablo Vargas,30.0,D,Costa Rica,192.0,88.0,14,14,1270.0,1.0,0.0,0.0,0.0,0,0,0,0.0,0,0.0,0.4251968503937008,0.07086614173228346,0.07086614173228346,0.0,0.07086614173228346,0.07086614173228346,40.53543307086614,0.4251968503937008,0.9921259842519685,0.9212598425196851,0.9212598425196851,1.9133858267716535,5.031496062992126,3.543307086614173,0.07086614173228346,0.07086614173228346,0.28346456692913385,0.2125984251968504,0.49606299212598426,0.0,0.0,0.0,40.19580419580419,16.666666666666664,70.4225352112676,100.0,6.977952755905512
mexico,Liga MX,2025,Juan Sigala,18.0,M,Mexico,173.0,,1,1,45.0,0.0,0.0,0.0,0.0,0,0,0,0.0,0,0.0,2.0,0.0,0.0,0.0,0.0,0.0,22.0,2.0,0.0,0.0,0.0,0.0,12.0,2.0,4.0,0.0,0.0,2.0,2.0,0.0,0.0,0.0,8.0,0.0,16.666666666666664,0.0,6.3
mexico,Liga MX,2025,Juan Vigón,34.0,M,Mexico,168.0,66.0,23,4,571.0,1.0,0.0,0.0,1.0,0,0,0,0.0,1,0.0,0.9457092819614711,0.6304728546409808,0.1576182136602452,0.0,0.1576182136602452,0.1576182136602452,34.676007005253936,1.2609457092819616,1.2609457092819616,0.3152364273204904,1.1033274956217163,2.364273204903678,9.772329246935202,3.309982486865149,1.1033274956217163,0.7880910683012259,1.4185639229422067,0.9457092819614711,3.1523642732049035,0.0,0.0,0.1576182136602452,14.590909090909092,66.66666666666666,33.87096774193548,71.42857142857143,6.605604203152365
mexico,Liga MX,2025,Juanpe,34.0,D,Spain,190.0,80.0,24,23,1951.0,0.0,0.0,0.0,2.0,0,0,2,0.0,0,0.04613018964633521,0.23065094823167603,0.0,0.0,0.0,0.0,0.0,42.71655561250641,0.09226037929267042,0.6919528446950283,0.7380830343413634,0.876473603280369,1.5684264479753973,5.535622757560226,2.8139415684264484,0.09226037929267042,0.09226037929267042,0.3229113275243465,0.18452075858534084,1.0148641722193747,0.09226037929267042,0.0,0.0,41.81857451403888,0.0,50.83333333333333,100.0,6.5779600205023065
mexico,Liga MX,2025,Julio César Domínguez,38.0,D,Mexico,175.0,73.0,8,3,275.0,0.0,0.0,0.0,0.0,0,0,2,0.0,0,0.0,0.0,0.0,0.0,0.0,0.0,0.0,52.36363636363636,0.32727272727272727,0.9818181818181819,0.0,0.0,0.9818181818181819,6.545454545454545,3.2727272727272725,0.32727272727272727,0.0,0.6545454545454545,0.6545454545454545,0.9818181818181819,0.6545454545454545,0.0,0.0,42.76729559748428,,50.0,0.0,6.6000000000000005
mexico,Liga MX,2025,Julio González,34.0,G,Mexico,182.0,80.0,11,10,954.0,0.0,0.0,0.0,0.0,0,0,1,0.0,0,0.0,0.0,0.0,0.0,0.0,0.0,0.0,24.528301886792452,0.0,0.0,0.0,0.0,0.0,0.18867924528301888,0.18867924528301888,0.0,0.0,0.0,0.09433962264150944,0.0,0.09433962264150944,0.0,0.0,20.79230769230769,,100.0,,6.3915094339622645
mexico,Liga MX,2025,Julián Carranza,25.0,F,Argentina,176.0,66.0,6,4,323.0,3.0,0.0,0.0,0.0,1,0,3,0.0,1,0.8359133126934984,2.2291021671826625,1.1145510835913313,0.8359133126934984,0.0,0.8359133126934984,0.5572755417956656,8.91640866873065,0.2786377708978328,1.9504643962848298,0.2786377708978328,0.2786377708978328,2.2291021671826625,13.653250773993808,7.801857585139319,0.5572755417956656,0.0,0.2786377708978328,3.6222910216718267,2.7863777089783284,0.8359133126934984,0.0,0.2786377708978328,5.15625,50.0,57.14285714285714,0.0,7.1000000000000005
mexico,Liga MX,2025,Juninho Vieira,29.0,F,Brazil,179.0,73.0,23,18,1371.0,8.0,4.0,0.0,0.0,3,0,1,0.0,0,0.3282275711159738,1.7724288840262583,0.9190371991247266,0.5251641137855579,0.26258205689277897,0.787746170678337,0.3282275711159738,12.407002188183807,0.9846827133479212,0.26258205689277897,0.13129102844638948,0.13129102844638948,0.3938730853391685,7.352297592997813,2.6914660831509845,1.6411378555798688,0.787746170678337,0.19693654266958424,0.6564551422319476,1.2472647702407003,0.06564551422319474,0.0,0.0,8.677248677248677,51.85185185185185,36.607142857142854,48.0,6.715463165572574
mexico,Liga MX,2025,Karol Velázquez,20.0,M,Mexico,175.0,55.0,2,1,66.0,0.0,0.0,0.0,0.0,0,0,1,0.0,0,0.0,1.3636363636363638,0.0,0.0,0.0,0.0,0.0,53.18181818181819,0.0,2.7272727272727275,0.0,2.7272727272727275,5.454545454545455,6.818181818181818,5.454545454545455,0.0,0.0,0.0,0.0,1.3636363636363638,1.3636363636363638,0.0,0.0,34.256410256410255,0.0,80.0,,6.381818181818182
mexico,Liga MX,2025,Kenedy,29.0,M,Brazil,182.0,77.0,34,24,2082.0,9.0,2.0,0.0,0.0,0,0,2,0.0,0,0.08645533141210375,2.2910662824207493,1.080691642651297,0.3890489913544669,0.08645533141210375,0.47550432276657056,0.3890489913544669,28.832853025936597,1.7723342939481268,1.1239193083573487,0.043227665706051875,0.6051873198847262,1.729106628242075,12.579250720461095,4.8414985590778095,5.014409221902017,1.9884726224783862,0.345821325648415,1.4265129682997117,1.340057636887608,0.08645533141210375,0.0,0.0,20.836581709145428,47.16981132075472,38.48797250859107,39.6551724137931,6.999231508165225
mexico,Liga MX,2025,Kenneth Martinez,17.0,M,,,,0,0,0.0,0.0,0.0,0.0,0.0,0,0,0,0.0,0,,,,,,,,,,,,,,,,,,,,,,,,,,,,
mexico,Liga MX,2025,Kevin Armenta,19.0,F,Mexico,,,0,0,0.0,0.0,0.0,0.0,0.0,0,0,0,0.0,0,,,,,,,,,,,,,,,,,,,,,,,,,,,,
mexico,Liga MX,2025,Kevin Balanta,28.0,D,Colombia,179.0,73.0,29,28,2422.0,1.0,0.0,1.0,0.0,0,0,10,0.0,0,0.07431874483897605,0.22295623451692814,0.037159372419488024,0.037159372419488024,0.0,0.037159372419488024,0.037159372419488024,37.605284888521886,0.07431874483897605,1.486374896779521,0.6317093311312965,0.7060280759702725,2.1924029727497936,7.320396366639141,4.161849710982659,0.3344343517753922,0.22295623451692814,0.18579686209744012,0.5573905862923204,1.449215524360033,0.37159372419488024,0.0,0.0,33.216403162055336,16.666666666666664,56.852791878172596,66.66666666666666,6.6511973575557395
mexico,Liga MX,2025,Kevin Castañeda,26.0,M,Mexico,171.0,73.0,37,35,2916.0,13.0,7.0,1.0,0.0,5,1,6,0.0,0,0.030864197530864196,2.314814814814815,1.1419753086419753,0.4012345679012346,0.2160493827160494,0.6172839506172839,0.24691358024691357,37.839506172839506,2.0987654320987654,0.8950617283950618,0.030864197530864196,0.5246913580246914,1.419753086419753,6.450617283950617,3.5185185185185186,1.2345679012345678,0.6790123456790124,0.5246913580246914,1.7592592592592593,0.6172839506172839,0.1851851851851852,0.0,0.0,32.28140293637847,49.333333333333336,54.54545454545454,55.00000000000001,7.343655692729766
mexico,Liga MX,2025,Kevin Escamilla,31.0,M,Mexico,175.0,72.0,11,5,543.0,0.0,0.0,0.0,0.0,0,0,2,0.0,0,0.0,0.3314917127071823,0.0,0.0,0.0,0.0,0.0,33.812154696132595,0.16574585635359115,1.160220994475138,0.6629834254143646,0.9944751381215469,2.154696132596685,4.640883977900552,2.154696132596685,0.16574585635359115,0.0,0.0,0.8287292817679559,1.160220994475138,0.3314917127071823,0.0,0.0,33.8578431372549,0.0,46.42857142857143,0.0,6.450092081031308
mexico,Liga MX,2025,Kevin Gutiérrez,28.0,M,Argentina,168.0,65.0,15,9,881.0,0.0,0.0,0.0,0.0,0,0,3,0.0,1,0.0,0.8172531214528944,0.1021566401816118,0.0,0.0,0.0,0.0,49.54597048808173,0.5107832009080591,2.4517593643586832,0.3064699205448354,1.1237230419977298,3.575482406356413,6.742338251986379,3.166855845629966,0.5107832009080591,0.1021566401816118,1.0215664018161181,0.5107832009080591,1.4301929625425651,0.3064699205448354,0.0,0.1021566401816118,38.488659793814435,12.5,46.96969696969697,20.0,6.815209988649262
mexico,Liga MX,2025,Kevin Mier,25.0,G,Colombia,188.0,73.0,26,26,2294.0,0.0,0.0,0.0,0.0,0,0,0,0.0,0,0.0,0.0,0.0,0.0,0.0,0.0,0.0,35.58413251961639,0.03923278116826504,0.11769834350479512,0.0,0.03923278116826504,0.15693112467306017,0.39232781168265035,0.39232781168265035,0.03923278116826504,0.03923278116826504,0.0,0.15693112467306017,0.0,0.0,0.0,0.0,30.83572216097023,,100.0,100.0,6.864864864864865
mexico,Liga MX,2025,Kevin Ortega,23.0,M,Mexico,165.0,59.0,0,0,0.0,0.0,0.0,0.0,0.0,0,0,0,0.0,0,,,,,,,,,,,,,,,,,,,,,,,,,,,,
mexico,Liga MX,2025,Kevin Palacios,25.0,M,Colombia,,,22,15,1301.0,2.0,2.0,1.0,0.0,0,0,2,0.0,0,0.207532667179093,0.9684857801691007,0.48424289008455035,0.13835511145272866,0.13835511145272866,0.2767102229054573,0.13835511145272866,24.76556495003843,1.3143735588009224,1.660261337432744,0.0,0.48424289008455035,2.1445042275172943,13.420445810914682,6.502690238278247,4.15065334358186,2.5595695618754806,0.6917755572636433,1.7986164488854728,2.07532667179093,0.13835511145272866,0.0,0.0,16.49441340782123,50.0,48.45360824742268,61.66666666666667,6.833282090699462
mexico,Liga MX,2025,Kevin Picon,21.0,D,Mexico,,,12,10,843.0,0.0,0.0,2.0,1.0,0,0,4,0.0,1,0.21352313167259787,0.0,0.0,0.0,0.0,0.0,0.0,24.448398576512457,0.21352313167259787,2.1352313167259784,0.0,1.281138790035587,3.416370106761566,10.462633451957295,4.911032028469751,2.0284697508896796,0.6405693950177935,1.281138790035587,1.1743772241992882,1.494661921708185,0.42704626334519574,0.0,0.10676156583629894,17.467248908296945,,46.93877551020408,31.57894736842105,6.371174377224198
mexico,Liga MX,2025,Kevin Rosero,27.0,M,Colombia,178.0,,31,27,2387.0,2.0,3.0,1.0,0.0,0,0,4,0.0,1,0.0754084625052367,0.9426057813154588,0.33933808127356513,0.0754084625052367,0.11311269375785504,0.18852115626309174,0.0754084625052367,28.127356514453286,1.5458734813573523,1.2442396313364057,0.11311269375785504,1.2065354000837871,2.450775031420193,9.916212819438625,3.9589442815249267,3.43108504398827,1.508169250104734,0.5278592375366569,0.7163803937997487,1.168831168831169,0.1508169250104734,0.0,0.03770423125261835,24.7828418230563,36.0,39.92395437262358,43.956043956043956,6.691369920402178
mexico,Liga MX,2025,Kevin Velasco,28.0,M,Colombia,172.0,65.0,14,10,921.0,0.0,3.0,0.0,0.0,0,0,2,0.0,0,0.09771986970684039,1.4657980456026058,0.5863192182410424,0.0,0.2931596091205212,0.2931596091205212,0.0,37.622149837133556,3.029315960912052,0.8794788273615635,0.09771986970684039,0.19543973941368079,1.0749185667752443,12.21498371335505,5.374592833876221,2.6384364820846904,0.8794788273615635,0.39087947882736157,3.029315960912052,1.8566775244299674,0.19543973941368079,0.0,0.0,27.93766233766234,40.0,44.0,33.33333333333333,7.082519001085776
mexico,Liga MX,2025,Kevin Álvarez,26.0,D,Mexico,175.0,63.0,31,24,2358.0,1.0,1.0,0.0,0.0,0,0,1,0.0,0,0.0,0.7633587786259541,0.41984732824427484,0.03816793893129771,0.03816793893129771,0.07633587786259542,0.03816793893129771,30.64885496183206,0.6106870229007634,1.297709923664122,0.34351145038167935,0.7251908396946564,2.0229007633587788,8.129770992366412,4.083969465648855,2.099236641221374,0.9923664122137404,0.26717557251908397,0.9541984732824427,1.1450381679389312,0.03816793893129771,0.0,0.0,25.440846824408467,55.00000000000001,50.23474178403756,47.27272727272727,6.645716709075488
mexico,Liga MX,2025,Keylor Navas,39.0,G,Costa Rica,185.0,80.0,38,38,3427.0,0.0,0.0,0.0,0.0,0,0,5,0.0,0,0.0,0.0,0.0,0.0,0.0,0.0,0.0,34.40326816457543,0.02626203676685147,0.0,0.0,0.0,0.0,0.34140647796906914,0.34140647796906914,0.02626203676685147,0.02626203676685147,0.0,0.18383425736796033,0.0,0.13131018383425735,0.0,0.0,26.938167938931297,,100.0,100.0,7.2194339072074705
mexico,Liga MX,2025,Leonardo Chavez,20.0,F,,,,0,0,0.0,0.0,0.0,0.0,0.0,0,0,0,0.0,0,,,,,,,,,,,,,,,,,,,,,,,,,,,,
mexico,Liga MX,2025,Leonardo Flores,22.0,F,Mexico,180.0,71.0,14,4,514.0,1.0,1.0,0.0,0.0,0,0,1,0.0,0,0.5252918287937743,2.9766536964980546,1.2256809338521402,0.17509727626459143,0.17509727626459143,0.35019455252918286,0.17509727626459143,16.459143968871594,0.8754863813229572,0.7003891050583657,0.0,0.0,0.7003891050583657,15.758754863813229,6.1284046692607,1.575875486381323,0.7003891050583657,0.5252918287937743,1.7509727626459144,0.8754863813229572,0.17509727626459143,0.0,0.0,5.904255319148936,41.17647058823529,38.88888888888889,44.44444444444444,6.474124513618676
mexico,Liga MX,2025,Leonardo Rodríguez,21.0,M,Mexico,,,5,0,50.0,0.0,0.0,0.0,0.0,0,0,0,0.0,0,0.0,3.6,0.0,0.0,0.0,0.0,0.0,34.2,3.6,1.8,0.0,0.0,1.8,16.2,5.3999999999999995,5.3999999999999995,1.8,3.6,0.0,3.6,0.0,0.0,0.0,3.6315789473684212,0.0,33.33333333333333,33.33333333333333,6.474999999999999
mexico,Liga MX,2025,Leonardo Vargas,24.0,F,Mexico,178.0,67.0,1,0,11.0,0.0,0.0,0.0,0.0,0,0,0,0.0,0,0.0,0.0,0.0,0.0,0.0,0.0,0.0,8.181818181818182,0.0,0.0,0.0,0.0,0.0,24.545454545454543,8.181818181818182,0.0,0.0,0.0,0.0,0.0,0.0,0.0,0.0,1.0,,33.33333333333333,,6.3
mexico,Liga MX,2025,Lima,29.0,M,Brazil,181.0,73.0,12,2,346.0,1.0,1.0,0.0,0.0,0,0,0,0.0,1,0.0,2.0809248554913293,0.7803468208092484,0.26011560693641617,0.26011560693641617,0.5202312138728323,0.26011560693641617,58.26589595375722,1.5606936416184969,1.8208092485549132,0.26011560693641617,0.5202312138728323,2.341040462427746,8.323699421965317,4.161849710982659,2.601156069364162,0.7803468208092484,0.26011560693641617,1.5606936416184969,0.7803468208092484,0.0,0.0,0.26011560693641617,24.861607142857142,37.5,50.0,30.0,6.699710982658959
mexico,Liga MX,2025,Lorenzo Faravelli,32.0,M,Argentina,171.0,69.0,35,24,2200.0,0.0,3.0,0.0,1.0,0,0,4,0.0,2,0.04090909090909091,0.9818181818181819,0.2863636363636364,0.0,0.12272727272727274,0.12272727272727274,0.0,45.32727272727273,0.8181818181818181,2.004545454545455,0.12272727272727274,0.6954545454545454,2.6999999999999997,7.445454545454546,3.722727272727273,0.49090909090909096,0.32727272727272727,1.2272727272727273,1.0636363636363637,1.2681818181818183,0.16363636363636364,0.0,0.08181818181818182,32.53429602888087,29.166666666666668,50.0,66.66666666666666,6.675545454545455
mexico,Liga MX,2025,Luan Garcia,32.0,D,Brazil,189.0,86.0,8,5,405.0,0.0,0.0,0.0,1.0,0,0,2,0.0,0,0.2222222222222222,0.6666666666666667,0.2222222222222222,0.0,0.0,0.0,0.0,56.0,0.2222222222222222,0.8888888888888888,0.2222222222222222,1.5555555555555554,2.4444444444444446,6.666666666666666,4.222222222222222,0.0,0.0,0.0,2.0,1.5555555555555554,0.4444444444444444,0.0,0.0,48.73809523809524,33.33333333333333,63.33333333333333,,6.7288557213930345
mexico,Liga MX,2025,Luca Martínez Dupuy,24.0,F,Mexico,178.0,73.0,14,2,486.0,0.0,1.0,0.0,0.0,0,0,0,0.0,0,0.5555555555555556,4.2592592592592595,1.4814814814814816,0.0,0.1851851851851852,0.1851851851851852,0.0,7.407407407407407,0.5555555555555556,0.5555555555555556,0.0,0.0,0.5555555555555556,10.37037037037037,5.0,0.5555555555555556,0.1851851851851852,0.1851851851851852,2.4074074074074074,0.7407407407407408,0.0,0.0,0.0,3.051282051282051,34.78260869565217,48.214285714285715,33.33333333333333,6.556584362139918
mexico,Liga MX,2025,Luca Orellano,25.0,M,Argentina,177.0,66.0,14,11,1046.0,3.0,4.0,0.0,1.0,0,0,1,0.0,0,0.08604206500956023,2.409177820267687,1.2906309751434033,0.25812619502868067,0.3441682600382409,0.6022944550669217,0.25812619502868067,31.921606118546848,1.9789674952198852,0.6022944550669217,0.0,0.43021032504780116,1.0325047801147227,9.550669216061186,4.990439770554493,3.4416826003824093,2.0650095602294454,0.6883365200764818,2.0650095602294454,1.0325047801147227,0.08604206500956023,0.0,0.0,27.646900269541778,53.57142857142857,52.25225225225225,60.0,7.192160611854685
mexico,Liga MX,2025,Lucas Abascia,30.0,D,Argentina,181.0,80.0,16,16,1462.0,0.0,0.0,0.0,1.0,0,0,6,0.0,0,0.12311901504787962,0.12311901504787962,0.06155950752393981,0.0,0.0,0.0,0.0,31.580027359781123,0.3693570451436389,1.600547195622435,1.1696306429548564,2.1545827633378933,3.755129958960328,7.448700410396717,3.6935704514363885,0.24623803009575923,0.18467852257181944,1.231190150478796,0.43091655266757867,0.9233926128590971,0.3693570451436389,0.0,0.0,33.705653021442494,50.0,49.586776859504134,75.0,6.8
mexico,Liga MX,2025,Lucas Cavallini,33.0,F,Canada,180.0,86.0,1,0,27.0,0.0,0.0,0.0,0.0,0,0,1,0.0,0,0.0,3.333333333333333,0.0,0.0,0.0,0.0,0.0,16.666666666666664,3.333333333333333,0.0,0.0,0.0,0.0,16.666666666666664,6.666666666666666,0.0,0.0,0.0,0.0,10.0,3.333333333333333,0.0,0.0,4.0,0.0,40.0,,6.7
mexico,Liga MX,2025,Lucas Di Yorio,29.0,F,Argentina,190.0,70.0,14,14,1227.0,6.0,3.0,0.0,0.0,2,1,4,0.0,1,0.6601466992665037,2.7139364303178484,1.6136919315403422,0.4400977995110024,0.2200488997555012,0.6601466992665037,0.2933985330073349,14.963325183374081,0.9535452322738387,0.8801955990220048,0.07334963325183373,0.0,0.8801955990220048,16.210268948655255,7.995110024449878,1.5403422982885084,0.5867970660146699,0.5867970660146699,1.8337408312958436,1.2469437652811735,0.2933985330073349,0.0,0.07334963325183373,8.735294117647058,59.45945945945946,49.321266968325794,38.095238095238095,6.837000814995925
mexico,Liga MX,2025,Lucas Esteves,25.0,D,Brazil,170.0,69.0,12,9,674.0,0.0,0.0,0.0,1.0,0,0,4,0.0,0,0.0,0.5341246290801187,0.13353115727002968,0.0,0.0,0.0,0.0,31.513353115727003,0.40059347181008903,2.2700296735905043,0.26706231454005935,0.9347181008902077,3.2047477744807122,7.4777448071216615,3.4718100890207717,1.0682492581602374,0.40059347181008903,0.13353115727002968,0.26706231454005935,1.6023738872403561,0.5341246290801187,0.0,0.0,25.584745762711865,25.0,46.42857142857143,37.5,6.301632047477745
mexico,Liga MX,2025,Lucas Merolla,30.0,D,Argentina,193.0,85.0,27,23,1880.0,0.0,2.0,0.0,1.0,0,0,9,0.0,0,0.0,0.4787234042553191,0.047872340425531915,0.0,0.09574468085106383,0.09574468085106383,0.0,34.515957446808514,0.3829787234042553,1.8670212765957446,1.053191489361702,1.9627659574468086,3.829787234042553,8.904255319148936,5.3138297872340425,0.28723404255319146,0.23936170212765956,0.19148936170212766,0.8617021276595744,1.675531914893617,0.4308510638297872,0.0,0.0,33.50139275766017,10.0,59.67741935483871,83.33333333333334,6.6
mexico,Liga MX,2025,Lucas Ocampos,31.0,M,Argentina,187.0,84.0,28,17,1609.0,7.0,6.0,0.0,0.0,3,0,6,0.0,0,0.1678060907395898,2.8527035425730265,1.1746426351771286,0.3915475450590429,0.3356121814791796,0.7271597265382225,0.22374145431945305,34.232442510876325,1.3983840894965818,2.1814791796146675,0.05593536357986326,0.4474829086389061,2.628962088253574,14.03977625854568,7.551274083281541,3.691733996270976,1.454319453076445,0.8390304536979492,2.4611559975139836,0.8390304536979492,0.3356121814791796,0.0,0.0,22.06045751633987,41.17647058823529,53.78486055776892,39.39393939393939,7.0108141702921065
mexico,Liga MX,2025,Lucas Rodríguez,28.0,M,Argentina,170.0,64.0,28,17,1628.0,2.0,5.0,1.0,0.0,0,0,5,0.0,0,0.05528255528255528,0.8845208845208845,0.5528255528255528,0.11056511056511056,0.2764127764127764,0.386977886977887,0.11056511056511056,20.73095823095823,2.156019656019656,1.3267813267813269,0.05528255528255528,0.4975429975429975,1.8243243243243243,9.121621621621623,4.146191646191646,1.934889434889435,0.6081081081081081,0.6633906633906634,2.0454545454545454,1.6031941031941033,0.2764127764127764,0.0,0.0,13.885333333333334,62.5,45.45454545454545,31.428571428571427,6.861708666256915
mexico,Liga MX,2025,Lucca Joel Vuoso Ramos,17.0,M,,,,3,0,52.0,0.0,0.0,0.0,0.0,0,0,1,0.0,0,0.0,1.7307692307692308,0.0,0.0,0.0,0.0,0.0,32.88461538461538,0.0,0.0,0.0,0.0,0.0,12.115384615384615,1.7307692307692308,3.4615384615384617,1.7307692307692308,1.7307692307692308,0.0,5.1923076923076925,1.7307692307692308,0.0,0.0,4.315789473684211,0.0,14.285714285714285,50.0,6.407692307692307
mexico,Liga MX,2025,Luis Blanco,19.0,D,Mexico,,,1,0,3.0,0.0,0.0,0.0,0.0,0,0,0,0.0,0,0.0,0.0,0.0,0.0,0.0,0.0,0.0,0.0,0.0,0.0,0.0,0.0,0.0,0.0,0.0,0.0,0.0,0.0,0.0,0.0,0.0,0.0,0.0,,,,,
mexico,Liga MX,2025,Luis Carillo,,D,,,,1,0,21.0,0.0,0.0,0.0,0.0,0,0,0,0.0,0,0.0,0.0,0.0,0.0,0.0,0.0,0.0,30.0,0.0,0.0,0.0,0.0,0.0,0.0,0.0,0.0,0.0,0.0,0.0,0.0,0.0,0.0,0.0,7.0,,,,6.200000000000001
mexico,Liga MX,2025,Luis Carmona,,M,,,,1,0,34.0,0.0,0.0,0.0,0.0,0,0,0,0.0,0,0.0,0.0,0.0,0.0,0.0,0.0,0.0,34.41176470588235,0.0,2.6470588235294117,2.6470588235294117,0.0,2.6470588235294117,7.9411764705882355,7.9411764705882355,2.6470588235294117,2.6470588235294117,0.0,0.0,0.0,0.0,0.0,0.0,10.0,,100.0,100.0,6.9
mexico,Liga MX,2025,Luis Cárdenas,32.0,G,Mexico,180.0,79.0,21,21,1921.0,0.0,0.0,0.0,0.0,0,0,0,0.0,0,0.0,0.0,0.0,0.0,0.0,0.0,0.0,37.99583550234253,0.04685059864653826,0.04685059864653826,0.0,0.0,0.04685059864653826,0.18740239458615304,0.14055179593961478,0.0,0.0,0.0,0.04685059864653826,0.0,0.0,0.0,0.0,33.31196054254007,,75.0,,7.204320666319625
mexico,Liga MX,2025,Luis Gabriel Rey,23.0,M,Mexico,189.0,70.0,26,20,1657.0,2.0,0.0,0.0,1.0,0,0,3,0.0,0,0.0,1.3578756789378394,0.32589016294508144,0.10863005431502716,0.0,0.10863005431502716,0.10863005431502716,47.905853952926975,0.5431502715751357,1.8467109233554617,0.43452021726010864,1.0863005431502715,2.933011466505733,7.8213639106819555,3.856366928183464,0.8690404345202173,0.7060953530476766,1.1949305974652986,0.38020519010259507,1.1406155703077852,0.16294508147254072,0.0,0.0,34.83219954648526,24.0,49.30555555555556,81.25,7.03777911888956
mexico,Liga MX,2025,Luis Gamboa,17.0,F,,,,13,0,218.0,0.0,2.0,0.0,0.0,0,0,2,0.0,0,0.41284403669724773,2.064220183486239,0.41284403669724773,0.0,0.8256880733944955,0.8256880733944955,0.0,24.357798165137613,1.651376146788991,3.302752293577982,0.0,0.8256880733944955,4.128440366972478,23.532110091743117,11.146788990825689,7.844036697247707,3.302752293577982,1.2385321100917432,3.7155963302752295,2.4770642201834865,0.8256880733944955,0.0,0.0,6.224137931034483,20.0,47.368421052631575,42.10526315789473,6.6123222748815165
mexico,Liga MX,2025,Luis Garcia,24.0,G,Mexico,185.0,75.0,0,0,0.0,0.0,0.0,0.0,0.0,0,0,0,0.0,0,,,,,,,,,,,,,,,,,,,,,,,,,,,,
mexico,Liga MX,2025,Luis García,33.0,G,Mexico,183.0,83.0,20,19,1754.0,0.0,0.0,0.0,0.0,0,0,3,0.0,0,0.0,0.0,0.0,0.0,0.0,0.0,0.0,28.323831242873432,0.05131128848346636,0.05131128848346636,0.0,0.0,0.05131128848346636,0.4618015963511973,0.35917901938426455,0.05131128848346636,0.05131128848346636,0.05131128848346636,0.10262257696693272,0.0,0.15393386545039908,0.0,0.0,22.967391304347824,,77.77777777777779,100.0,7.090753424657534
mexico,Liga MX,2025,Luis Gutiérrez,24.0,F,Mexico,182.0,79.0,0,0,0.0,0.0,0.0,0.0,0.0,0,0,0,0.0,0,,,,,,,,,,,,,,,,,,,,,,,,,,,,
mexico,Liga MX,2025,Luis Gómez,18.0,M,Mexico,172.0,70.0,8,3,316.0,0.0,0.0,0.0,0.0,0,0,3,0.0,0,0.0,1.7088607594936709,0.569620253164557,0.0,0.0,0.0,0.0,24.20886075949367,0.8544303797468354,2.5632911392405062,0.0,0.569620253164557,3.132911392405063,17.373417721518987,7.689873417721519,3.9873417721518987,1.7088607594936709,1.9936708860759493,2.848101265822785,3.132911392405063,0.8544303797468354,0.0,0.0,9.211764705882352,33.33333333333333,44.26229508196721,42.857142857142854,6.419936708860759
mexico,Liga MX,2025,Luis Ibarra,18.0,F,,,,0,0,0.0,0.0,0.0,0.0,0.0,0,0,0,0.0,0,,,,,,,,,,,,,,,,,,,,,,,,,,,,
mexico,Liga MX,2025,Luis Jimenez,21.0,G,Mexico,195.0,,0,0,0.0,0.0,0.0,0.0,0.0,0,0,0,0.0,1,,,,,,,,,,,,,,,,,,,,,,,,,,,,
mexico,Liga MX,2025,Luis Malagón,28.0,G,Mexico,180.0,78.0,26,26,2350.0,0.0,0.0,0.0,1.0,0,0,3,0.0,0,0.0,0.0,0.0,0.0,0.0,0.0,0.0,26.846808510638297,0.0,0.03829787234042553,0.0,0.0,0.03829787234042553,0.3829787234042553,0.2680851063829787,0.0,0.0,0.07659574468085106,0.07659574468085106,0.03829787234042553,0.1148936170212766,0.0,0.0,22.34379457917261,,70.0,,6.838723404255319
mexico,Liga MX,2025,Luis Navarrete,19.0,D,Mexico,,,0,0,0.0,0.0,0.0,0.0,0.0,0,0,0,0.0,0,,,,,,,,,,,,,,,,,,,,,,,,,,,,
mexico,Liga MX,2025,Luis Olivas,25.0,D,Mexico,182.0,88.0,0,0,0.0,0.0,0.0,0.0,0.0,0,0,0,0.0,0,,,,,,,,,,,,,,,,,,,,,,,,,,,,
mexico,Liga MX,2025,Luis Puente,22.0,F,Mexico,189.0,78.0,1,0,14.0,0.0,0.0,0.0,0.0,0,0,0,0.0,0,0.0,0.0,0.0,0.0,0.0,0.0,0.0,12.857142857142856,0.0,0.0,0.0,0.0,0.0,6.428571428571428,6.428571428571428,0.0,0.0,0.0,6.428571428571428,0.0,0.0,0.0,0.0,1.0,,100.0,,6.7
mexico,Liga MX,2025,Luis Quiñones,34.0,F,Colombia,178.0,72.0,36,18,1824.0,2.0,0.0,1.0,0.0,0,0,6,0.0,1,0.29605263157894735,1.430921052631579,0.4934210526315789,0.09868421052631579,0.0,0.09868421052631579,0.09868421052631579,40.411184210526315,1.6282894736842106,3.305921052631579,0.0,0.24671052631578946,3.552631578947368,15.098684210526315,7.3519736842105265,2.4671052631578947,0.7401315789473684,0.9375,2.664473684210526,2.664473684210526,0.29605263157894735,0.0,0.049342105263157895,26.054945054945055,34.48275862068966,48.69281045751634,30.0,6.703563596491228
mexico,Liga MX,2025,Luis Reyes,34.0,D,Mexico,182.0,65.0,20,14,1229.0,0.0,1.0,0.0,0.0,0,0,1,0.0,0,0.0,0.43938161106590723,0.14646053702196907,0.0,0.07323026851098453,0.07323026851098453,0.0,49.86981285598047,1.4646053702196908,1.098454027664768,0.43938161106590723,0.6590724165988608,1.757526444263629,5.711960943856795,2.9292107404393817,0.5858421480878763,0.29292107404393813,0.6590724165988608,1.098454027664768,0.8787632221318145,0.07323026851098453,0.0,0.0,39.28193832599119,33.33333333333333,51.28205128205128,50.0,6.587144019528072
mexico,Liga MX,2025,Luis Romo,30.0,D,Mexico,184.0,78.0,28,28,2466.0,1.0,2.0,0.0,1.0,0,0,6,0.0,1,0.0,0.7664233576642335,0.21897810218978103,0.03649635036496351,0.07299270072992702,0.10948905109489052,0.03649635036496351,67.33576642335767,0.6934306569343066,1.7518248175182483,0.43795620437956206,1.6058394160583942,3.3576642335766422,9.16058394160584,5.255474452554744,1.021897810218978,0.5474452554744526,0.8029197080291971,0.4744525547445255,0.7299270072992701,0.21897810218978103,0.0,0.03649635036496351,62.673712737127374,28.57142857142857,57.37051792828686,53.57142857142857,7.090308191403082
mexico,Liga MX,2025,Luis Sánchez,25.0,D,Mexico,178.0,60.0,0,0,0.0,0.0,0.0,0.0,0.0,0,0,0,0.0,0,,,,,,,,,,,,,,,,,,,,,,,,,,0.0,0.0,
mexico,Liga MX,2025,Luis Valadez,21.0,M,Mexico,174.0,58.0,0,0,0.0,0.0,0.0,0.0,0.0,0,0,0,0.0,0,,,,,,,,,,,,,,,,,,,,,,,,,,,,
mexico,Liga MX,2025,Luis Vega Espinoza,21.0,M,Mexico,177.0,69.0,0,0,0.0,0.0,0.0,0.0,0.0,0,0,0,0.0,0,,,,,,,,,,,,,,,,,,,,,,,,,,,,
mexico,Liga MX,2025,Luka Romero,21.0,F,Argentina,165.0,64.0,37,13,1301.0,3.0,2.0,0.0,0.0,0,0,2,0.0,1,0.2767102229054573,1.867794004611837,0.7609531129900077,0.207532667179093,0.13835511145272866,0.34588777863182163,0.207532667179093,30.50730207532667,1.3835511145272865,2.07532667179093,0.2767102229054573,0.207532667179093,2.282859338970023,10.099923136049194,5.049961568024597,1.9369715603382014,0.830130668716372,0.8993082244427364,1.7986164488854728,1.037663335895465,0.13835511145272866,0.0,0.06917755572636433,20.558086560364465,40.74074074074074,50.0,42.857142857142854,6.844761171032357
mexico,Liga MX,2025,Luís Rodríguez,34.0,D,Mexico,175.0,75.0,4,4,316.0,0.0,0.0,0.0,0.0,0,0,0,0.0,0,0.0,0.2848101265822785,0.0,0.0,0.0,0.0,0.0,47.27848101265823,0.569620253164557,2.278481012658228,0.2848101265822785,0.569620253164557,2.848101265822785,4.272151898734178,3.132911392405063,0.0,0.0,0.2848101265822785,0.569620253164557,0.569620253164557,0.0,0.0,0.0,34.46987951807229,0.0,73.33333333333333,,6.688291139240507
mexico,Liga MX,2025,Madson de Souza Silva,26.0,M,Brazil,164.0,67.0,24,19,1492.0,4.0,1.0,1.0,0.0,0,0,3,0.0,0,0.06032171581769437,2.111260053619303,0.8445040214477211,0.24128686327077747,0.06032171581769437,0.30160857908847183,0.24128686327077747,23.646112600536195,0.7841823056300269,1.447721179624665,0.06032171581769437,0.7238605898123325,2.171581769436997,11.642091152815013,6.394101876675604,2.4128686327077746,0.7238605898123325,0.42225201072386054,3.076407506702413,1.3873994638069704,0.18096514745308312,0.0,0.0,15.607142857142858,40.0,54.92227979274611,30.0,6.816018766756033
mexico,Liga MX,2025,Manuel Capasso,29.0,D,Argentina,188.0,87.0,19,19,1735.0,2.0,0.0,0.0,0.0,0,0,2,0.0,0,0.05187319884726225,0.9337175792507204,0.207492795389049,0.1037463976945245,0.0,0.1037463976945245,0.1037463976945245,44.71469740634006,0.25936599423631124,1.4005763688760808,0.9855907780979827,2.126801152737752,3.527377521613833,7.469740634005763,4.461095100864553,0.3112391930835735,0.25936599423631124,0.4668587896253602,0.1037463976945245,1.3487031700288183,0.1037463976945245,0.0,0.0,41.524361948955914,22.22222222222222,59.72222222222222,83.33333333333334,7.132276657060519
mexico,Liga MX,2025,Marcel Ruíz,25.0,M,Mexico,179.0,65.0,33,29,2666.0,3.0,4.0,0.0,2.0,0,0,9,0.0,1,0.0,1.350337584396099,0.5063765941485371,0.10127531882970742,0.1350337584396099,0.23630907726931732,0.10127531882970742,57.929482370592645,1.6541635408852213,2.5318829707426858,0.30382595648912225,1.1140285071267817,3.645911477869467,11.579144786196549,7.190547636909228,1.350337584396099,0.776444111027757,0.8439609902475619,2.8357089272318077,1.1140285071267817,0.30382595648912225,0.0,0.03375843960990248,50.67016317016317,37.5,62.09912536443149,57.49999999999999,7.357726931732934
mexico,Liga MX,2025,Marcelo Flores,22.0,M,Mexico,168.0,60.0,19,11,957.0,4.0,0.0,0.0,0.0,0,0,0,0.0,0,0.09404388714733543,1.4106583072100312,0.9404388714733543,0.3761755485893417,0.0,0.3761755485893417,0.3761755485893417,32.16300940438871,1.0344827586206897,1.0344827586206897,0.09404388714733543,0.8463949843260189,1.8808777429467085,9.498432601880879,4.043887147335424,4.420062695924765,1.974921630094044,0.4702194357366771,0.658307210031348,0.7523510971786834,0.0,0.0,0.0,20.257309941520468,66.66666666666666,42.57425742574257,44.680851063829785,7.071891327063741
mexico,Liga MX,2025,Marco Farfan,27.0,D,USA,178.0,72.0,19,16,1377.0,2.0,1.0,0.0,1.0,0,0,2,0.0,1,0.13071895424836602,0.45751633986928103,0.13071895424836602,0.13071895424836602,0.06535947712418301,0.19607843137254904,0.13071895424836602,40.45751633986928,0.7189542483660131,1.8954248366013071,0.13071895424836602,0.7843137254901962,2.6797385620915035,7.189542483660131,3.7254901960784315,0.7189542483660131,0.26143790849673204,0.45751633986928103,0.8496732026143791,1.1111111111111112,0.13071895424836602,0.0,0.06535947712418301,43.290791599353796,28.57142857142857,51.81818181818182,36.36363636363637,6.670370370370371
mexico,Liga MX,2025,Mateo Coronel,27.0,F,Argentina,172.0,70.0,24,18,1649.0,5.0,0.0,1.0,0.0,0,1,3,0.0,1,0.9278350515463918,2.2377198302001213,1.1461491813220133,0.272892662219527,0.0,0.272892662219527,0.272892662219527,14.572468162522743,0.818677986658581,0.545785324439054,0.0545785324439054,0.0545785324439054,0.6003638568829593,7.859308671922377,2.5106124924196482,2.0194057004244996,0.545785324439054,0.545785324439054,1.2007277137659187,1.2553062462098241,0.1637355973317162,0.0,0.0545785324439054,11.62406015037594,51.21951219512195,31.944444444444443,27.027027027027028,6.597149787750152
mexico,Liga MX,2025,Mateo García,29.0,M,Argentina,167.0,65.0,21,13,1085.0,3.0,1.0,1.0,0.0,0,0,1,0.0,0,0.08294930875576037,0.8294930875576036,0.5806451612903226,0.2488479262672811,0.08294930875576037,0.3317972350230415,0.2488479262672811,35.75115207373272,0.4976958525345622,2.1566820276497696,0.2488479262672811,0.5806451612903226,2.737327188940092,10.534562211981566,6.055299539170507,2.737327188940092,1.4101382488479264,1.0783410138248848,2.1566820276497696,0.9124423963133641,0.08294930875576037,0.0,0.0,23.273781902552205,70.0,57.48031496062992,51.515151515151516,7.025184501845018
mexico,Liga MX,2025,Mateo Klimowicz,25.0,M,Germany,179.0,75.0,10,4,398.0,0.0,1.0,0.0,0.0,0,0,1,0.0,0,0.0,1.8090452261306533,0.9045226130653267,0.0,0.22613065326633167,0.22613065326633167,0.0,17.185929648241206,0.45226130653266333,1.3567839195979898,0.0,0.22613065326633167,1.5829145728643217,10.854271356783919,4.974874371859297,3.3919597989949746,2.035175879396985,0.45226130653266333,1.5829145728643217,1.8090452261306533,0.22613065326633167,0.0,0.0,8.786666666666667,50.0,45.83333333333333,60.0,6.502267002518892
mexico,Liga MX,2025,Mateo Levy,19.0,F,Mexico,175.0,72.0,13,1,249.0,0.0,0.0,0.0,0.0,0,0,1,0.0,0,0.7228915662650601,2.168674698795181,0.7228915662650601,0.0,0.0,0.0,0.0,13.373493975903614,1.0843373493975905,1.0843373493975905,0.36144578313253006,0.0,1.0843373493975905,18.433734939759034,10.481927710843374,2.168674698795181,1.0843373493975905,0.0,2.8915662650602405,1.4457831325301203,0.36144578313253006,0.0,0.0,3.2,33.33333333333333,56.86274509803921,50.0,6.517813765182186
mexico,Liga MX,2025,Mateusz Bogusz,24.0,M,Poland,175.0,69.0,13,6,560.0,1.0,1.0,0.0,0.0,0,0,2,0.0,0,0.0,3.0535714285714284,1.125,0.1607142857142857,0.1607142857142857,0.3214285714285714,0.1607142857142857,24.750000000000004,1.125,1.9285714285714286,0.0,0.0,1.9285714285714286,10.607142857142858,5.142857142857142,1.7678571428571428,0.48214285714285715,0.1607142857142857,2.4107142857142856,1.4464285714285712,0.3214285714285714,0.0,0.0,12.779220779220779,36.84210526315789,48.484848484848484,27.27272727272727,6.975535714285715
mexico,Liga MX,2025,Matías Cóccaro,28.0,F,Uruguay,178.0,73.0,14,1,238.0,1.0,0.0,0.0,0.0,0,0,3,0.0,1,0.37815126050420167,2.26890756302521,1.134453781512605,0.37815126050420167,0.0,0.37815126050420167,0.37815126050420167,23.823529411764707,0.7563025210084033,2.26890756302521,0.0,0.37815126050420167,2.6470588235294117,19.285714285714285,10.210084033613445,3.403361344537815,1.5126050420168067,0.37815126050420167,4.53781512605042,1.5126050420168067,1.134453781512605,0.0,0.37815126050420167,6.841269841269841,50.0,52.94117647058824,44.44444444444444,6.722881355932203
mexico,Liga MX,2025,Mauricio Andre Isais,24.0,D,Mexico,184.0,68.0,13,10,774.0,0.0,0.0,0.0,2.0,0,0,0,0.0,0,0.3488372093023256,0.6976744186046512,0.23255813953488372,0.0,0.0,0.0,0.0,36.86046511627907,0.3488372093023256,1.5116279069767442,0.23255813953488372,0.6976744186046512,2.2093023255813953,9.767441860465116,4.4186046511627906,2.2093023255813953,0.6976744186046512,0.8139534883720929,0.6976744186046512,1.3953488372093024,0.0,0.0,0.0,29.662460567823345,33.33333333333333,45.23809523809524,31.57894736842105,6.35640362225097
mexico,Liga MX,2025,Mauro Laínez,29.0,M,Mexico,180.0,78.0,29,7,1044.0,0.0,3.0,0.0,0.0,0,0,4,0.0,0,0.08620689655172413,0.08620689655172413,0.08620689655172413,0.0,0.25862068965517243,0.25862068965517243,0.0,30.344827586206897,0.7758620689655172,2.2413793103448274,0.17241379310344826,0.9482758620689655,3.189655172413793,8.10344827586207,4.482758620689655,1.4655172413793103,0.689655172413793,0.7758620689655172,0.7758620689655172,1.0344827586206897,0.3448275862068965,0.0,0.0,17.943181818181817,100.0,55.319148936170215,47.05882352941176,6.583029721955897
mexico,Liga MX,2025,Mauro Zaleta,23.0,M,Mexico,,,27,22,1778.0,2.0,1.0,0.0,0.0,0,0,3,0.0,0,0.15185601799775028,0.8605174353205849,0.4049493813273341,0.10123734533183353,0.05061867266591676,0.15185601799775028,0.10123734533183353,30.77615298087739,1.012373453318335,2.02474690663667,0.15185601799775028,1.012373453318335,3.0371203599550056,8.90888638920135,4.403824521934758,2.4803149606299213,0.8605174353205849,1.3160854893138358,1.0629921259842519,0.6580427446569179,0.15185601799775028,0.0,0.0,21.830592105263158,47.05882352941176,49.43181818181818,34.69387755102041,6.531664791901013
mexico,Liga MX,2025,Michael Carcelén,28.0,M,Ecuador,191.0,89.0,15,5,543.0,0.0,1.0,0.0,0.0,0,0,3,0.0,0,0.0,1.3259668508287292,0.0,0.0,0.16574585635359115,0.16574585635359115,0.0,28.342541436464085,0.9944751381215469,2.320441988950276,0.6629834254143646,1.160220994475138,3.480662983425414,12.265193370165747,5.6353591160221,1.9889502762430937,0.16574585635359115,1.160220994475138,1.4917127071823204,1.8232044198895028,0.49723756906077343,0.0,0.0,12.538011695906432,0.0,45.94594594594595,8.333333333333332,6.509944751381216
mexico,Liga MX,2025,Michell Rodríguez,25.0,M,Mexico,166.0,60.0,4,1,117.0,0.0,0.0,0.0,0.0,0,0,0,0.0,0,0.0,0.7692307692307693,0.7692307692307693,0.0,0.0,0.0,0.0,21.53846153846154,0.0,3.076923076923077,0.0,1.5384615384615385,4.615384615384615,14.615384615384617,7.6923076923076925,5.384615384615385,1.5384615384615385,0.0,3.076923076923077,0.7692307692307693,0.0,0.0,0.0,17.142857142857142,100.0,52.63157894736842,28.57142857142857,6.6639639639639645
mexico,Liga MX,2025,Miguel Alonso García,24.0,M,Mexico,,,32,19,1653.0,1.0,3.0,0.0,0.0,0,0,4,0.0,0,0.21778584392014522,0.7622504537205081,0.3811252268602541,0.054446460980036304,0.16333938294010888,0.21778584392014522,0.054446460980036304,27.876588021778588,1.0889292196007259,1.47005444646098,0.054446460980036304,0.4900181488203267,1.9600725952813067,9.255898366606171,4.3557168784029034,2.014519056261343,1.0344827586206897,0.4900181488203267,1.1433756805807622,1.2522686025408347,0.21778584392014522,0.0,0.0,16.640625,50.0,47.05882352941176,51.35135135135135,6.5675136116152455
mexico,Liga MX,2025,Miguel Gómez,23.0,D,Mexico,173.0,64.0,26,5,753.0,0.0,3.0,0.0,0.0,0,0,1,0.0,0,0.0,0.5976095617529881,0.0,0.0,0.35856573705179284,0.35856573705179284,0.0,29.04382470119522,1.1952191235059761,3.7051792828685257,0.0,0.7171314741035857,4.422310756972111,11.593625498007968,6.812749003984064,1.0756972111553784,0.2390438247011952,0.9561752988047808,1.5537848605577689,2.0318725099601593,0.1195219123505976,0.0,0.0,11.720164609053498,0.0,58.76288659793815,22.22222222222222,6.739813581890813
mexico,Liga MX,2025,Miguel Paul,22.0,G,Mexico,182.0,,0,0,0.0,0.0,0.0,0.0,0.0,0,0,0,0.0,0,,,,,,,,,,,,,,,,,,,,,,,,,,,,
mexico,Liga MX,2025,Miguel Ramírez,23.0,M,Mexico,166.0,57.0,16,7,678.0,0.0,0.0,0.0,0.0,0,0,0,0.0,0,0.1327433628318584,0.7964601769911505,0.2654867256637168,0.0,0.0,0.0,0.0,42.61061946902655,1.3274336283185841,2.6548672566371683,0.0,0.2654867256637168,2.920353982300885,9.690265486725664,5.442477876106195,1.4601769911504425,1.1946902654867257,0.9292035398230089,1.1946902654867257,1.1946902654867257,0.0,0.0,0.0,26.753894080996886,33.33333333333333,56.16438356164384,81.81818181818183,6.783751846381094
mexico,Liga MX,2025,Miguel Tapias,28.0,D,Mexico,179.0,70.0,16,7,708.0,0.0,1.0,0.0,0.0,0,0,1,0.0,0,0.0,0.2542372881355932,0.0,0.0,0.1271186440677966,0.1271186440677966,0.0,45.63559322033898,0.1271186440677966,1.271186440677966,0.5084745762711864,1.271186440677966,2.542372881355932,4.9576271186440675,2.542372881355932,0.5084745762711864,0.3813559322033898,0.1271186440677966,0.1271186440677966,0.8898305084745763,0.1271186440677966,0.0,0.0,30.395543175487465,0.0,51.28205128205128,75.0,6.801838755304101
mexico,Liga MX,2025,Miguel Vazquez,21.0,D,Mexico,185.0,,11,10,837.0,0.0,0.0,0.0,0.0,0,0,1,0.0,0,0.0,0.4301075268817204,0.2150537634408602,0.0,0.0,0.0,0.0,53.44086021505377,0.5376344086021506,0.8602150537634408,0.8602150537634408,0.967741935483871,1.8279569892473118,5.591397849462365,3.118279569892473,0.2150537634408602,0.2150537634408602,0.1075268817204301,0.6451612903225806,0.7526881720430108,0.1075268817204301,0.0,0.0,44.74446680080483,50.0,55.769230769230774,100.0,6.483512544802867
mexico,Liga MX,2025,Misael Torres,19.0,M,Mexico,179.0,66.0,1,0,18.0,0.0,0.0,0.0,0.0,0,0,0,0.0,0,0.0,0.0,0.0,0.0,0.0,0.0,0.0,5.0,0.0,0.0,0.0,0.0,0.0,10.0,5.0,0.0,0.0,0.0,5.0,5.0,0.0,0.0,0.0,1.0,,50.0,,6.3
mexico,Liga MX,2025,Moises Mosquera,24.0,D,Colombia,188.0,80.0,27,27,2326.0,0.0,0.0,0.0,1.0,0,0,4,0.0,0,0.0,0.3869303525365434,0.07738607050730868,0.0,0.0,0.0,0.0,46.509028374892516,0.11607910576096303,1.0834049871023215,0.34823731728288904,1.934651762682717,3.0180567497850386,7.66122098022356,4.527085124677558,0.42562338779019776,0.34823731728288904,0.34823731728288904,0.7351676698194325,1.122098022355976,0.15477214101461736,0.0,0.0,47.74376039933444,20.0,59.09090909090909,81.81818181818183,6.700042992261393
mexico,Liga MX,2025,Monchu,26.0,M,Spain,173.0,68.0,12,11,870.0,1.0,0.0,0.0,0.0,0,0,1,0.0,1,0.0,0.9310344827586207,0.3103448275862069,0.10344827586206896,0.0,0.10344827586206896,0.10344827586206896,36.51724137931035,1.8620689655172413,2.0689655172413794,0.41379310344827586,0.7241379310344828,2.793103448275862,6.310344827586207,3.310344827586207,0.5172413793103449,0.3103448275862069,0.41379310344827586,0.41379310344827586,2.0689655172413794,0.10344827586206896,0.0,0.10344827586206896,30.059490084985836,33.33333333333333,52.459016393442624,60.0,6.973103448275863
mexico,Liga MX,2025,Mourad El Ghezouani,27.0,F,Spain,189.0,85.0,27,21,1818.0,5.0,1.0,1.0,0.0,0,0,5,0.0,1,0.4950495049504951,0.9405940594059407,0.396039603960396,0.24752475247524755,0.0495049504950495,0.297029702970297,0.24752475247524755,15.693069306930692,0.4950495049504951,0.8415841584158416,0.0,0.297029702970297,1.1386138613861385,13.861386138613863,6.336633663366336,0.8910891089108911,0.7425742574257425,0.44554455445544555,1.6336633663366338,2.178217821782178,0.24752475247524755,0.0,0.0495049504950495,10.8801261829653,42.10526315789473,45.714285714285715,83.33333333333334,6.71001100110011
mexico,Liga MX,2025,Nahuel Guzmán,39.0,G,Argentina,192.0,90.0,42,42,3820.0,0.0,0.0,0.0,0.0,0,0,4,0.0,0,0.0,0.0,0.0,0.0,0.0,0.0,0.0,34.60994764397906,0.0,0.04712041884816755,0.0,0.0,0.04712041884816755,0.7539267015706808,0.6361256544502618,0.14136125654450263,0.14136125654450263,0.07068062827225131,0.14136125654450263,0.0,0.0942408376963351,0.0,0.0,26.938053097345133,,84.375,100.0,7.086649214659686
mexico,Liga MX,2025,Nathan Silva,28.0,D,Brazil,182.0,84.0,40,40,3540.0,1.0,1.0,0.0,2.0,0,1,10,0.0,1,0.025423728813559324,0.3559322033898305,0.07627118644067796,0.025423728813559324,0.025423728813559324,0.05084745762711865,0.025423728813559324,55.44915254237288,0.2033898305084746,0.8898305084745763,0.711864406779661,0.8389830508474577,1.728813559322034,4.830508474576271,2.4152542372881354,0.025423728813559324,0.0,0.1016949152542373,0.2033898305084746,0.864406779661017,0.2542372881355932,0.0,0.025423728813559324,56.99770747363595,21.428571428571427,50.0,0.0,6.751242937853108
mexico,Liga MX,2025,Nelson Cedillo,18.0,M,,,,2,2,140.0,0.0,0.0,0.0,0.0,0,0,0,0.0,0,0.0,0.0,0.0,0.0,0.0,0.0,0.0,30.21428571428571,0.0,4.5,0.0,1.2857142857142856,5.785714285714285,13.5,8.357142857142858,0.0,0.0,1.2857142857142856,1.2857142857142856,1.9285714285714286,0.0,0.0,0.0,19.21276595744681,,61.904761904761905,,6.775714285714286
mexico,Liga MX,2025,Nicolas Fonseca,27.0,M,Italy,181.0,76.0,15,13,1142.0,0.0,0.0,0.0,0.0,0,1,5,0.0,0,0.0,0.5516637478108581,0.0788091068301226,0.0,0.0,0.0,0.0,51.304728546409805,0.39404553415061294,2.679509632224168,0.5516637478108581,0.7880910683012259,3.467600700525394,9.929947460595447,4.0980735551663745,0.7092819614711033,0.1576182136602452,1.9702276707530648,0.7092819614711033,2.0490367775831873,0.39404553415061294,0.0,0.0,43.51920122887865,14.285714285714285,41.269841269841265,22.22222222222222,6.779684763572679
mexico,Liga MX,2025,Nicolás Benedetti,28.0,F,Colombia,177.0,70.0,15,13,1056.0,3.0,2.0,2.0,0.0,1,2,3,0.0,0,1.0227272727272727,1.1079545454545454,0.5965909090909091,0.2556818181818182,0.17045454545454547,0.42613636363636365,0.17045454545454547,34.43181818181818,2.7272727272727275,1.4488636363636362,0.08522727272727273,0.2556818181818182,1.7045454545454546,14.744318181818182,6.5625,3.2386363636363638,1.3636363636363638,1.3636363636363638,2.8977272727272725,1.4488636363636362,0.2556818181818182,0.0,0.0,27.633663366336634,53.84615384615385,44.50867052023121,42.10526315789473,7.059943181818182
mexico,Liga MX,2025,Nicolás Castro,25.0,M,Argentina,182.0,79.0,38,29,2447.0,5.0,8.0,1.0,1.0,0,0,2,0.0,0,0.07355946056395586,2.206783816918676,1.1769513690232938,0.18389865140988967,0.29423784225582345,0.47813649366571315,0.18389865140988967,50.71924805884757,1.8022067838169187,1.2872905598692275,0.14711892112791172,0.7723743359215365,2.0596648957907644,9.04781364936657,3.9354311401716386,2.611360850020433,1.507968941561095,1.103391908459338,1.0298324478953822,1.2505108295872498,0.07355946056395586,0.0,0.0,39.996374184191446,53.333333333333336,43.49593495934959,57.74647887323944,6.966939109113199
mexico,Liga MX,2025,Nicolás Díaz,26.0,D,Chile,180.0,73.0,29,28,2542.0,0.0,1.0,0.0,1.0,0,0,11,0.0,2,0.07081038552321008,0.2832415420928403,0.10621557828481511,0.0,0.03540519276160504,0.03540519276160504,0.0,50.09834775767112,0.7789142407553109,2.230527143981117,0.4602675059008655,0.991345397324941,3.221872541306058,9.346970889063728,5.948072383949645,0.5664830841856806,0.31864673485444533,0.7435090479937057,1.4870180959874113,1.026750590086546,0.38945712037765545,0.0,0.07081038552321008,46.164664310954066,37.5,63.63636363636363,56.25,6.856333595594021
mexico,Liga MX,2025,Nicolás Ibáñez,31.0,F,Argentina,180.0,70.0,26,14,1267.0,6.0,2.0,0.0,0.0,0,1,3,0.0,0,0.6393054459352802,2.770323599052881,1.207576953433307,0.4262036306235202,0.1420678768745067,0.5682715074980268,0.4262036306235202,15.627466456195739,0.8524072612470404,0.3551696921862668,0.0,0.2841357537490134,0.6393054459352802,10.79715864246251,4.333070244672455,1.0655090765588002,0.5682715074980268,0.3551696921862668,0.7103393843725336,2.1310181531176005,0.2131018153117601,0.0,0.0,8.602803738317757,43.58974358974359,40.131578947368425,53.333333333333336,6.762430939226519
mexico,Liga MX,2025,Nicolás Vallejo,21.0,F,Argentina,170.0,69.0,9,6,478.0,0.0,1.0,0.0,0.0,0,0,1,0.0,0,0.18828451882845187,1.506276150627615,0.37656903765690375,0.0,0.18828451882845187,0.18828451882845187,0.0,38.78661087866109,1.3179916317991631,0.7531380753138075,0.18828451882845187,0.18828451882845187,0.9414225941422594,11.297071129707113,5.460251046025104,4.142259414225942,1.8828451882845187,0.37656903765690375,2.2594142259414225,0.9414225941422594,0.18828451882845187,0.0,0.0,20.932038834951456,25.0,48.333333333333336,45.45454545454545,6.772803347280335
mexico,Liga MX,2025,Norberto Bedolla,19.0,G,Mexico,180.0,75.0,0,0,0.0,0.0,0.0,0.0,0.0,0,0,0,0.0,0,,,,,,,,,,,,,,,,,,,,,,,,,,,,
mexico,Liga MX,2025,Néstor Araujo,34.0,D,Mexico,188.0,92.0,1,0,1.0,0.0,0.0,0.0,0.0,0,0,1,0.0,0,0.0,0.0,0.0,0.0,0.0,0.0,0.0,90.0,0.0,0.0,0.0,0.0,0.0,0.0,0.0,0.0,0.0,0.0,0.0,90.0,90.0,0.0,0.0,1.0,,,,
mexico,Liga MX,2025,Omar Campos,23.0,D,Mexico,174.0,65.0,38,23,2082.0,2.0,2.0,0.0,1.0,0,0,2,0.0,0,0.12968299711815562,0.5619596541786743,0.345821325648415,0.08645533141210375,0.08645533141210375,0.1729106628242075,0.08645533141210375,29.740634005763688,1.296829971181556,2.161383285302594,0.21613832853025938,0.9942363112391931,3.155619596541787,8.559077809798271,4.6253602305475505,2.2910662824207493,1.1239193083573487,0.6051873198847262,0.7780979827089338,0.648414985590778,0.08645533141210375,0.0,0.0,21.097525473071325,61.53846153846154,54.04040404040404,49.056603773584904,6.925516578567996
mexico,Liga MX,2025,Omar Govea,29.0,M,Mexico,176.0,68.0,28,28,2308.0,2.0,1.0,0.0,0.0,0,0,9,0.0,0,0.0,0.5459272097053726,0.23396880415944543,0.0779896013864818,0.0389948006932409,0.11698440207972272,0.0779896013864818,58.843154246100525,0.779896013864818,1.5987868284228768,0.1949740034662045,1.0918544194107451,2.6906412478336224,6.785095320623917,3.6265164644714036,0.5849220103986135,0.389948006932409,0.5849220103986135,1.0138648180242635,1.2868284228769498,0.3509532062391681,0.0,0.0,55.01457919151756,42.857142857142854,53.44827586206896,66.66666666666666,7.082149046793761
mexico,Liga MX,2025,Omar Gálvez,19.0,M,,,,1,0,23.0,0.0,0.0,0.0,0.0,0,0,0,0.0,0,0.0,0.0,0.0,0.0,0.0,0.0,0.0,27.39130434782609,0.0,0.0,0.0,0.0,0.0,3.9130434782608696,3.9130434782608696,0.0,0.0,0.0,3.9130434782608696,0.0,0.0,0.0,0.0,5.0,,100.0,,6.7
mexico,Liga MX,2025,Omar Mendoza,37.0,D,Mexico,173.0,71.0,12,10,924.0,0.0,0.0,0.0,2.0,0,0,3,0.0,0,0.0,0.0,0.0,0.0,0.0,0.0,0.0,35.55194805194805,0.19480519480519481,0.7792207792207793,0.19480519480519481,0.09740259740259741,0.8766233766233766,6.3311688311688314,2.435064935064935,0.38961038961038963,0.0,0.7792207792207793,1.0714285714285714,2.0454545454545454,0.29220779220779225,0.0,0.0,36.68219178082192,,38.46153846153847,0.0,6.08051948051948
mexico,Liga MX,2025,Omar Moreno,20.0,M,Mexico,178.0,,15,11,796.0,1.0,1.0,0.0,0.0,0,0,1,0.0,0,0.33919597989949746,2.148241206030151,1.2437185929648242,0.11306532663316583,0.11306532663316583,0.22613065326633167,0.11306532663316583,15.376884422110551,0.7914572864321608,1.3567839195979898,0.0,0.7914572864321608,2.148241206030151,8.819095477386934,4.974874371859297,3.0527638190954773,1.922110552763819,0.11306532663316583,1.5829145728643217,1.0175879396984926,0.11306532663316583,0.0,0.0,8.654411764705882,57.89473684210527,56.41025641025641,62.96296296296296,6.657286432160804
mexico,Liga MX,2025,Oscar García,22.0,G,Mexico,180.0,,28,28,2546.0,0.0,0.0,0.0,1.0,0,0,1,0.0,0,0.0,0.0,0.0,0.0,0.0,0.0,0.0,28.951296150824824,0.0,0.10604870384917518,0.0,0.0,0.10604870384917518,0.7069913589945012,0.565593087195601,0.10604870384917518,0.10604870384917518,0.07069913589945012,0.1767478397486253,0.07069913589945012,0.03534956794972506,0.0,0.0,23.726495726495727,,80.0,100.0,7.119363707776905
mexico,Liga MX,2025,Oscar Macías,27.0,M,Mexico,174.0,74.0,25,25,1868.0,1.0,1.0,0.0,1.0,0,0,6,0.0,0,0.0,0.4817987152034261,0.14453961456102785,0.048179871520342615,0.048179871520342615,0.09635974304068523,0.048179871520342615,41.04925053533191,0.4336188436830835,1.3490364025695931,0.2890792291220557,0.5299785867237687,1.879014989293362,5.492505353319058,2.890792291220557,0.4817987152034261,0.24089935760171305,0.6745182012847966,0.7226980728051392,0.7708779443254818,0.2890792291220557,0.0,0.0,34.487089201877936,30.0,52.63157894736842,50.0,6.691460794844254
mexico,Liga MX,2025,Oscar Manzanares,30.0,D,Mexico,180.0,70.0,5,5,450.0,0.0,0.0,0.0,0.0,0,0,1,0.0,0,0.0,0.0,0.0,0.0,0.0,0.0,0.0,35.0,0.0,2.0,0.6000000000000001,1.0,3.0,6.8,3.6,0.0,0.0,0.4,0.8,1.4,0.2,0.0,0.0,40.97142857142857,,52.94117647058824,,6.58
mexico,Liga MX,2025,Osinachi Ebere,27.0,F,Nigeria,177.0,73.0,16,7,765.0,4.0,0.0,1.0,0.0,2,0,1,0.0,0,1.1764705882352942,1.647058823529412,0.823529411764706,0.47058823529411764,0.0,0.47058823529411764,0.23529411764705882,19.647058823529413,1.0588235294117647,1.1764705882352942,0.0,0.23529411764705882,1.4117647058823528,11.764705882352942,5.647058823529411,2.9411764705882355,0.7058823529411764,0.11764705882352941,1.647058823529412,1.0588235294117647,0.11764705882352941,0.0,0.0,11.233532934131736,50.0,48.0,24.0,6.798300653594771
mexico,Liga MX,2025,Osvaldo Arriaga,21.0,M,Mexico,174.0,65.0,0,0,0.0,0.0,0.0,0.0,0.0,0,0,0,0.0,0,,,,,,,,,,,,,,,,,,,,,,,,,,,,
mexico,Liga MX,2025,Osvaldo González,20.0,M,,,,0,0,0.0,0.0,0.0,0.0,0.0,0,0,0,0.0,0,,,,,,,,,,,,,,,,,,,,,,,,,,,,
mexico,Liga MX,2025,Osvaldo Rodríguez,29.0,D,Mexico,174.0,73.0,7,4,326.0,0.0,1.0,0.0,0.0,0,0,0,0.0,0,0.0,0.27607361963190186,0.0,0.0,0.27607361963190186,0.27607361963190186,0.0,35.061349693251536,0.27607361963190186,2.7607361963190185,0.27607361963190186,1.1042944785276074,3.865030674846626,6.625766871165645,3.865030674846626,0.8282208588957056,0.0,0.27607361963190186,0.27607361963190186,1.6564417177914113,0.0,0.0,0.0,22.768595041322314,0.0,58.333333333333336,0.0,6.826153846153846
mexico,Liga MX,2025,Oswaldo Virgen,20.0,F,Mexico,,,12,2,274.0,1.0,1.0,0.0,0.0,0,0,0,0.0,0,0.0,2.2992700729927007,0.9854014598540146,0.3284671532846715,0.3284671532846715,0.656934306569343,0.3284671532846715,14.124087591240876,0.9854014598540146,0.656934306569343,0.3284671532846715,0.3284671532846715,0.9854014598540146,12.153284671532846,1.9708029197080292,0.9854014598540146,0.0,0.0,0.3284671532846715,3.9416058394160585,0.0,0.0,0.0,4.487804878048781,42.857142857142854,16.216216216216218,0.0,6.387226277372263
mexico,Liga MX,2025,Oussama Idrissi,29.0,M,Morocco,183.0,78.0,34,29,2092.0,6.0,3.0,0.0,0.0,1,1,6,0.0,1,0.17208413001912046,0.9894837476099426,0.5592734225621415,0.25812619502868067,0.12906309751434034,0.38718929254302104,0.21510516252390058,37.38527724665392,2.1510516252390057,1.4196940726577436,0.08604206500956023,0.17208413001912046,1.591778202676864,10.712237093690248,4.990439770554493,3.6567877629063097,2.0219885277246656,1.0325047801147227,1.5487571701720841,1.3336520076481835,0.25812619502868067,0.0,0.043021032504780114,25.111622554660528,56.52173913043478,46.58634538152611,55.294117647058826,7.082982791586998
mexico,Liga MX,2025,Owen González,22.0,M,Mexico,169.0,68.0,18,8,823.0,1.0,0.0,0.0,0.0,0,0,1,0.0,0,0.43742405832320774,1.749696233292831,1.0935601458080195,0.10935601458080194,0.0,0.10935601458080194,0.10935601458080194,31.05710814094775,1.2029161603888214,1.0935601458080195,0.0,0.21871202916160387,1.3122721749696233,9.513973268529769,4.155528554070474,2.296476306196841,0.8748481166464155,0.32806804374240583,1.968408262454435,0.8748481166464155,0.10935601458080194,0.0,0.0,17.724381625441698,62.5,43.67816091954023,38.095238095238095,6.700243013365736
mexico,Liga MX,2025,Ozziel Herrera,24.0,M,Mexico,179.0,63.0,34,20,1793.0,7.0,4.0,0.0,0.0,0,1,6,0.0,0,0.1505856107083101,2.108198549916341,1.0540992749581706,0.3513664249860569,0.2007808142777468,0.5521472392638037,0.3513664249860569,24.093697713329615,1.2548800892359173,1.1042944785276074,0.0,0.3011712214166202,1.4054656999442277,13.954266592303401,6.224205242610151,3.5136642498605686,1.6062465142219744,0.7529280535415505,2.158393753485778,1.3050752928053542,0.3011712214166202,0.0,0.0,15.897489539748953,50.0,44.60431654676259,45.714285714285715,6.831455660903513
mexico,Liga MX,2025,Pablo Barrera,38.0,F,Mexico,175.0,68.0,11,6,546.0,1.0,2.0,0.0,0.0,1,1,3,0.0,0,0.32967032967032966,1.4835164835164836,0.6593406593406593,0.16483516483516483,0.32967032967032966,0.4945054945054945,0.0,28.35164835164835,1.978021978021978,1.1538461538461537,0.0,0.6593406593406593,1.8131868131868134,8.076923076923077,2.802197802197802,2.4725274725274726,0.4945054945054945,1.1538461538461537,0.6593406593406593,0.989010989010989,0.4945054945054945,0.0,0.0,14.023255813953488,44.44444444444444,34.69387755102041,20.0,6.687362637362638
mexico,Liga MX,2025,Pablo Bennevendo,25.0,D,Mexico,175.0,65.0,33,24,2241.0,0.0,1.0,0.0,0.0,0,0,4,0.0,0,0.08032128514056225,0.28112449799196787,0.040160642570281124,0.0,0.040160642570281124,0.040160642570281124,0.0,38.83534136546185,0.4819277108433735,2.1285140562249,0.7228915662650601,1.325301204819277,3.4538152610441766,9.759036144578314,5.381526104417671,0.8032128514056225,0.36144578313253006,0.642570281124498,1.566265060240964,1.0441767068273093,0.1606425702811245,0.0,0.0,37.14492753623188,14.285714285714285,55.144032921810705,45.0,6.7921875
mexico,Liga MX,2025,Pablo Lara,20.0,G,Mexico,183.0,,1,1,90.0,0.0,0.0,0.0,0.0,0,0,0,0.0,0,0.0,0.0,0.0,0.0,0.0,0.0,0.0,45.0,0.0,0.0,0.0,0.0,0.0,0.0,0.0,0.0,0.0,0.0,0.0,0.0,0.0,0.0,0.0,41.0,,,,6.2
mexico,Liga MX,2025,Pablo Monroy,23.0,D,Mexico,169.0,,8,3,269.0,0.0,0.0,0.0,0.0,0,0,3,0.0,0,0.33457249070631967,0.6691449814126393,0.33457249070631967,0.0,0.0,0.0,0.0,31.784386617100374,0.6691449814126393,1.3382899628252787,0.0,0.33457249070631967,1.6728624535315986,9.033457249070633,5.353159851301115,2.6765799256505574,2.007434944237918,0.33457249070631967,1.6728624535315986,1.3382899628252787,1.003717472118959,0.0,0.0,15.010526315789473,50.0,59.25925925925925,75.0,6.623880597014925
mexico,Liga MX,2025,Pablo Nicolás Ortíz,23.0,D,Mexico,174.0,79.0,16,10,1033.0,0.0,1.0,0.0,2.0,0,0,4,0.0,0,0.0,0.2613746369796709,0.17424975798644723,0.0,0.08712487899322362,0.08712487899322362,0.0,34.41432720232333,0.6969990319457889,1.9167473378509197,0.2613746369796709,1.4811229428848014,3.397870280735721,7.841239109390125,3.7463697967086156,0.8712487899322362,0.6098741529525653,0.8712487899322362,0.4356243949661181,1.3939980638915779,0.34849951597289447,0.0,0.0,24.84771573604061,66.66666666666666,47.77777777777778,70.0,6.5188953488372094
mexico,Liga MX,2025,Paolo Medina,26.0,D,Mexico,177.0,66.0,0,0,0.0,0.0,0.0,0.0,0.0,0,0,0,0.0,0,,,,,,,,,,,,,,,,,,,,,,,,,,,,
mexico,Liga MX,2025,Patricio Salas,21.0,F,Mexico,,,21,8,863.0,3.0,2.0,0.0,0.0,0,0,2,0.0,0,0.0,1.668597914252607,0.8342989571263035,0.3128621089223638,0.20857473928157588,0.5214368482039398,0.3128621089223638,24.92468134414832,1.668597914252607,1.877172653534183,0.10428736964078794,0.5214368482039398,2.398609501738123,13.140208574739281,5.214368482039398,2.190034762456547,1.2514484356894553,0.7300115874855156,0.3128621089223638,1.772885283893395,0.20857473928157588,0.0,0.0,14.669456066945607,50.0,39.682539682539684,57.14285714285714,6.681460023174972
mexico,Liga MX,2025,Paul Bellón,28.0,D,Mexico,185.0,68.0,10,7,735.0,0.0,0.0,0.0,1.0,0,0,2,0.0,0,0.12244897959183673,0.3673469387755102,0.12244897959183673,0.0,0.0,0.0,0.0,49.102040816326536,0.24489795918367346,1.2244897959183674,0.8571428571428572,1.2244897959183674,2.4489795918367347,6.979591836734694,2.938775510204082,0.0,0.0,0.24489795918367346,0.24489795918367346,1.8367346938775508,0.24489795918367346,0.0,0.0,43.775561097256855,33.33333333333333,42.10526315789473,,6.634693877551021
mexico,Liga MX,2025,Paulinho,33.0,F,Portugal,188.0,84.0,34,29,2579.0,21.0,4.0,4.0,0.0,0,0,5,0.0,0,1.3260953858084528,2.721985265606824,1.5005816207832494,0.7328421868941449,0.13958898797983715,0.8724311748739821,0.7328421868941449,14.307871267933308,0.9771229158588601,0.5234587049243893,0.03489724699495929,0.13958898797983715,0.6630476929042264,6.316401706087631,2.721985265606824,0.6630476929042264,0.24428072896471503,0.10469174098487787,0.9771229158588601,1.2911981388134937,0.17448623497479643,0.0,0.0,11.231707317073171,55.12820512820513,43.0939226519337,36.84210526315789,7.134470725087243
mexico,Liga MX,2025,Paulo Ramírez,23.0,M,Mexico,178.0,,28,24,1943.0,2.0,0.0,0.0,0.0,0,0,3,0.0,1,0.04632012352032939,0.6948018528049408,0.27792074112197634,0.09264024704065878,0.0,0.09264024704065878,0.09264024704065878,30.8955223880597,0.4168811116829645,1.296963458569223,0.3705609881626351,0.833762223365929,2.130725681935152,6.716417910447761,2.8255275347400928,0.46320123520329387,0.23160061760164694,0.602161605764282,0.4168811116829645,1.1580030880082348,0.13896037056098817,0.0,0.04632012352032939,28.364317841079462,40.0,42.06896551724138,50.0,6.669531652084405
mexico,Liga MX,2025,Pavel Pérez,27.0,M,Mexico,168.0,64.0,34,18,1702.0,2.0,1.0,0.0,0.0,0,0,1,0.0,0,0.052878965922444184,1.3748531139835487,0.4759106933019977,0.10575793184488837,0.052878965922444184,0.15863689776733256,0.10575793184488837,36.22209165687427,2.7497062279670974,2.1680376028202115,0.052878965922444184,0.7931844888366627,2.9612220916568743,13.008225616921269,6.5569917743830795,4.441833137485311,2.062279670975323,1.5863689776733254,2.062279670975323,1.0047003525264395,0.052878965922444184,0.0,0.0,25.566423357664235,34.61538461538461,50.40650406504065,46.42857142857143,6.7730904817861335
mexico,Liga MX,2025,Pedro Pedraza,25.0,M,Mexico,185.0,67.0,21,15,1145.0,0.0,0.0,0.0,0.0,0,0,8,0.0,0,0.0,0.314410480349345,0.1572052401746725,0.0,0.0,0.0,0.0,31.12663755458515,0.07860262008733625,2.358078602620087,0.1572052401746725,1.1004366812227073,3.458515283842795,8.17467248908297,3.3799126637554586,0.47161572052401746,0.07860262008733625,1.25764192139738,0.5502183406113537,1.650655021834061,0.62882096069869,0.0,0.0,24.08080808080808,50.0,41.34615384615385,16.666666666666664,6.6046288209606985
mexico,Liga MX,2025,Pedro Vite,23.0,M,Ecuador,168.0,68.0,38,30,2904.0,3.0,1.0,0.0,2.0,0,0,4,0.0,0,0.09297520661157024,0.5268595041322314,0.21694214876033058,0.09297520661157024,0.030991735537190084,0.12396694214876033,0.09297520661157024,52.561983471074385,1.4566115702479339,1.7355371900826446,0.34090909090909094,0.8987603305785125,2.634297520661157,8.429752066115702,4.0599173553719,1.5805785123966942,0.6818181818181819,0.9607438016528926,1.2086776859504134,1.084710743801653,0.12396694214876033,0.0,0.0,48.50884433962264,41.17647058823529,48.161764705882355,43.13725490196079,6.9278236914600555
mexico,Liga MX,2025,Piero Quispe,24.0,M,Peru,168.0,65.0,6,2,204.0,0.0,0.0,0.0,0.0,0,0,2,0.0,0,0.0,0.0,0.0,0.0,0.0,0.0,0.0,59.55882352941176,1.7647058823529411,3.088235294117647,0.0,0.8823529411764706,3.9705882352941178,12.352941176470589,7.0588235294117645,2.6470588235294117,1.7647058823529411,0.8823529411764706,2.2058823529411766,1.3235294117647058,0.8823529411764706,0.0,0.0,25.807407407407407,,57.14285714285714,66.66666666666666,6.963235294117647
mexico,Liga MX,2025,Princewill Achinulo,,F,,,,0,0,0.0,0.0,0.0,0.0,0.0,0,0,0,0.0,0,,,,,,,,,,,,,,,,,,,,,,,,,,,,
mexico,Liga MX,2025,Princewill Achinulo,,M,,,,2,0,42.0,1.0,0.0,0.0,0.0,0,0,0,0.0,0,0.0,2.142857142857143,2.142857142857143,2.142857142857143,0.0,2.142857142857143,2.142857142857143,45.0,0.0,4.285714285714286,0.0,0.0,4.285714285714286,10.714285714285714,6.428571428571428,0.0,0.0,0.0,2.142857142857143,4.285714285714286,0.0,0.0,0.0,14.142857142857142,100.0,60.0,,7.116666666666667
mexico,Liga MX,2025,Princewill Achinulo,21.0,F,,,,0,0,0.0,0.0,0.0,0.0,0.0,0,0,0,0.0,0,,,,,,,,,,,,,,,,,,,,,,,,,,,,
mexico,Liga MX,2025,Rafael Fernández,25.0,D,Mexico,183.0,76.0,33,33,2891.0,1.0,3.0,0.0,1.0,0,0,10,0.0,1,0.09339328951919751,0.3113109650639917,0.06226219301279834,0.03113109650639917,0.09339328951919751,0.12452438602559668,0.03113109650639917,35.707367692839846,0.6537530266343826,2.6772742995503287,0.46696644759598754,0.9961950882047734,3.6734693877551017,9.37046004842615,5.105499827049464,1.0584572812175719,0.5292286406087859,0.8716707021791767,1.1829816672431686,1.5254237288135593,0.3113109650639917,0.0,0.03113109650639917,33.26416739319965,20.0,54.48504983388705,50.0,6.8253545485991
mexico,Liga MX,2025,Rafael Guerrero,22.0,D,Mexico,,,8,2,275.0,0.0,0.0,0.0,1.0,0,0,3,0.0,0,0.0,0.32727272727272727,0.0,0.0,0.0,0.0,0.0,51.70909090909091,0.0,0.9818181818181819,0.9818181818181819,0.32727272727272727,1.309090909090909,9.49090909090909,4.581818181818182,0.32727272727272727,0.32727272727272727,0.32727272727272727,0.6545454545454545,2.290909090909091,0.9818181818181819,0.0,0.0,44.335443037974684,0.0,48.275862068965516,100.0,6.742181818181818
mexico,Liga MX,2025,Ralph Orquin,22.0,D,Mexico,177.0,,2,2,174.0,0.0,0.0,0.0,0.0,0,0,0,0.0,0,0.0,0.0,0.0,0.0,0.0,0.0,0.0,37.758620689655174,0.0,3.103448275862069,0.0,1.5517241379310345,4.655172413793103,6.206896551724138,3.6206896551724137,0.0,0.0,0.5172413793103449,0.0,0.5172413793103449,0.0,0.0,0.0,43.52054794520548,,58.333333333333336,,6.755172413793104
mexico,Liga MX,2025,Ramiro Franco,22.0,D,Mexico,192.0,75.0,0,0,0.0,0.0,0.0,0.0,0.0,0,0,0,0.0,0,,,,,,,,,,,,,,,,,,,,,,,,,,,,
mexico,Liga MX,2025,Ramiro Sordo,25.0,M,Argentina,174.0,68.0,24,16,1434.0,2.0,4.0,2.0,1.0,0,0,6,0.0,1,0.6276150627615062,1.2552301255230125,0.502092050209205,0.12552301255230125,0.2510460251046025,0.37656903765690375,0.12552301255230125,18.01255230125523,1.1924686192468619,1.506276150627615,0.06276150627615062,0.18828451882845187,1.694560669456067,12.05020920502092,5.96234309623431,2.7615062761506275,1.1924686192468619,1.0669456066945606,3.200836820083682,1.5690376569037656,0.37656903765690375,0.0,0.06276150627615062,10.665505226480835,40.0,49.47916666666667,43.18181818181818,6.882693649685973
mexico,Liga MX,2025,Ramiro Árciga,21.0,M,Mexico,176.0,66.0,36,31,2433.0,3.0,8.0,0.0,0.0,0,0,8,0.0,0,0.406905055487053,0.7768187422934648,0.3699136868064118,0.11097410604192355,0.2959309494451295,0.406905055487053,0.11097410604192355,20.789149198520345,1.5166461159062885,1.5536374845869296,0.07398273736128237,0.7028360049321825,2.256473489519112,10.431565967940813,3.9210850801479653,2.256473489519112,0.5548705302096177,1.0727496917385944,1.442663378545006,1.183723797780518,0.2959309494451295,0.0,0.0,13.54982206405694,47.61904761904761,37.5886524822695,24.59016393442623,6.725277435265105
mexico,Liga MX,2025,Ramón Juárez,24.0,D,Mexico,172.0,70.0,28,19,1741.0,2.0,0.0,1.0,0.0,0,0,1,0.0,1,0.0,0.8271108558299828,0.36186099942561745,0.10338885697874785,0.0,0.10338885697874785,0.10338885697874785,43.83687535898909,0.10338885697874785,0.9304997128087307,0.6203331418724871,1.344055140723722,2.2745548535324525,7.340608845491096,4.290637564618035,0.051694428489373924,0.0,0.15508328546812178,0.2584721424468696,0.9304997128087307,0.051694428489373924,0.0,0.051694428489373924,37.64740566037736,43.75,58.45070422535211,0.0,6.860897067280046
mexico,Liga MX,2025,Raphael Veiga,30.0,M,Brazil,178.0,77.0,15,9,851.0,2.0,2.0,0.0,0.0,0,1,2,0.0,0,0.0,1.7978848413631021,1.2690951821386605,0.21151586368977673,0.21151586368977673,0.42303172737955347,0.21151586368977673,40.716803760282026,2.4324324324324325,1.3748531139835487,0.10575793184488837,0.21151586368977673,1.5863689776733254,8.672150411280846,4.5475910693302,1.3748531139835487,0.42303172737955347,0.42303172737955347,2.009400705052879,1.3748531139835487,0.21151586368977673,0.0,0.0,28.802597402597403,70.58823529411765,52.4390243902439,30.76923076923077,7.069565217391304
mexico,Liga MX,2025,Raymundo Fulgencio,25.0,M,Mexico,173.0,60.0,26,9,855.0,1.0,2.0,0.0,0.0,0,0,2,0.0,0,0.0,0.736842105263158,0.10526315789473685,0.10526315789473685,0.2105263157894737,0.3157894736842105,0.10526315789473685,32.63157894736842,1.6842105263157896,0.5263157894736842,0.0,0.5263157894736842,1.0526315789473684,5.368421052631579,1.7894736842105265,1.1578947368421053,0.8421052631578948,0.736842105263158,0.3157894736842105,0.9473684210526315,0.2105263157894737,0.0,0.0,14.029126213592233,14.285714285714285,33.33333333333333,72.72727272727273,6.638830409356725
mexico,Liga MX,2025,Raúl Castillo,24.0,M,Mexico,175.0,73.0,9,4,385.0,0.0,0.0,0.0,0.0,0,0,2,0.0,1,0.0,2.103896103896104,1.168831168831169,0.0,0.0,0.0,0.0,32.02597402597403,2.337662337662338,0.935064935064935,0.0,0.0,0.935064935064935,7.714285714285714,2.8051948051948052,1.4025974025974026,0.935064935064935,0.4675324675324675,0.935064935064935,2.571428571428571,0.4675324675324675,0.0,0.23376623376623376,14.781021897810218,55.55555555555556,36.36363636363637,66.66666666666666,6.6755844155844155
mexico,Liga MX,2025,Raúl Martínez,22.0,D,Mexico,,,14,14,1154.0,0.0,0.0,0.0,1.0,0,0,3,0.0,0,0.0,0.389948006932409,0.0779896013864818,0.0,0.0,0.0,0.0,42.426343154246105,0.23396880415944543,1.4818024263431542,0.9358752166377817,0.5459272097053726,2.027729636048527,6.005199306759099,3.431542461005199,0.23396880415944543,0.1559792027729636,0.3119584055459272,0.9358752166377817,1.2478336221837087,0.23396880415944543,0.0,0.0,35.30514705882353,20.0,57.14285714285714,66.66666666666666,6.726169844020797
mexico,Liga MX,2025,Raúl Patrón,21.0,D,,,,1,0,1.0,0.0,0.0,0.0,0.0,0,0,0,0.0,0,0.0,0.0,0.0,0.0,0.0,0.0,0.0,0.0,0.0,0.0,0.0,0.0,0.0,0.0,0.0,0.0,0.0,0.0,0.0,0.0,0.0,0.0,0.0,,,,,
mexico,Liga MX,2025,Raúl Rangel,25.0,G,Mexico,191.0,88.0,34,34,3099.0,0.0,0.0,0.0,0.0,0,0,3,0.0,0,0.0,0.0,0.0,0.0,0.0,0.0,0.0,26.892545982575022,0.02904162633107454,0.0,0.0,0.0,0.0,0.34849951597289447,0.2904162633107454,0.0,0.0,0.0,0.1452081316553727,0.0,0.08712487899322362,0.0,0.0,23.532397408207345,,83.33333333333334,,6.888996450467893
mexico,Liga MX,2025,Raúl Sánchez,28.0,F,Spain,188.0,77.0,13,4,407.0,0.0,0.0,0.0,1.0,0,0,2,0.0,0,0.22113022113022113,0.44226044226044225,0.0,0.0,0.0,0.0,0.0,26.093366093366093,1.547911547911548,3.3169533169533167,0.22113022113022113,0.22113022113022113,3.538083538083538,11.498771498771498,5.528255528255529,1.1056511056511056,0.22113022113022113,1.769041769041769,1.1056511056511056,2.4324324324324325,0.44226044226044225,0.0,0.0,12.542372881355933,0.0,48.07692307692308,20.0,6.58943488943489
mexico,Liga MX,2025,Raúl Zúñiga,31.0,F,Colombia,180.0,72.0,28,11,1171.0,4.0,1.0,0.0,0.0,0,0,3,0.0,0,0.6917164816396243,0.9222886421861657,0.6148590947907772,0.3074295473953886,0.07685738684884715,0.38428693424423566,0.3074295473953886,14.21861656703672,0.5380017079419299,0.7685738684884713,0.0,0.1537147736976943,0.9222886421861657,9.760888129803588,3.6891545687446627,0.9222886421861657,0.38428693424423566,0.1537147736976943,1.3065755764304012,2.1520068317677197,0.23057216054654142,0.0,0.0,8.130434782608695,66.66666666666666,37.79527559055118,41.66666666666667,6.643723313407344
mexico,Liga MX,2025,René López,23.0,D,Mexico,177.0,71.0,6,2,218.0,0.0,0.0,0.0,0.0,0,0,0,0.0,0,0.0,0.41284403669724773,0.0,0.0,0.0,0.0,0.0,28.89908256880734,0.41284403669724773,3.302752293577982,0.0,0.41284403669724773,3.7155963302752295,7.844036697247707,4.128440366972478,2.064220183486239,0.41284403669724773,0.41284403669724773,0.0,0.41284403669724773,0.0,0.0,0.0,18.042857142857144,0.0,52.63157894736842,20.0,6.318433179723502
mexico,Liga MX,2025,Ricardinho,27.0,M,Portugal,178.0,75.0,22,13,941.0,1.0,1.0,0.0,0.0,0,0,2,0.0,1,0.09564293304994687,1.6259298618490967,0.5738575982996812,0.09564293304994687,0.09564293304994687,0.19128586609989373,0.09564293304994687,25.536663124335814,0.9564293304994687,1.434643995749203,0.0,0.09564293304994687,1.5302869287991498,10.99893730074389,4.208289054197662,2.199787460148778,0.8607863974495219,0.7651434643995749,1.5302869287991498,2.2954303931987248,0.19128586609989373,0.0,0.09564293304994687,14.41947565543071,35.294117647058826,38.26086956521739,39.130434782608695,6.481489361702128
mexico,Liga MX,2025,Ricardo Alonso,18.0,M,,,,2,0,19.0,0.0,0.0,0.0,0.0,0,0,1,0.0,0,0.0,0.0,0.0,0.0,0.0,0.0,0.0,42.63157894736842,0.0,0.0,0.0,0.0,0.0,9.473684210526315,4.7368421052631575,0.0,0.0,0.0,0.0,4.7368421052631575,4.7368421052631575,0.0,0.0,4.666666666666667,,50.0,,6.415789473684211
mexico,Liga MX,2025,Ricardo Chávez,31.0,D,Mexico,176.0,66.0,31,26,2278.0,2.0,3.0,0.0,2.0,0,0,9,0.0,1,0.03950834064969271,0.8691834942932397,0.23705004389815626,0.07901668129938542,0.11852502194907813,0.19754170324846357,0.07901668129938542,39.705882352941174,1.106233538191396,2.449517120280948,0.553116769095698,0.9086918349429324,3.3582089552238803,10.78577699736611,5.847234416154522,0.948200175592625,0.5136084284460052,0.6321334503950834,1.1852502194907815,2.2914837576821774,0.3555750658472344,0.0,0.03950834064969271,32.777114427860695,27.27272727272727,54.21245421245421,54.166666666666664,6.909043020193152
mexico,Liga MX,2025,Ricardo Gutierrez,28.0,G,Mexico,181.0,78.0,34,34,3076.0,0.0,0.0,0.0,1.0,0,0,4,0.0,0,0.0,0.029258777633289986,0.0,0.0,0.0,0.0,0.0,28.702860858257477,0.029258777633289986,0.11703511053315994,0.0,0.0,0.11703511053315994,0.6436931079323797,0.49739921976592977,0.029258777633289986,0.029258777633289986,0.05851755526657997,0.3511053315994799,0.05851755526657997,0.11703511053315994,0.0,0.0,20.061162079510705,0.0,77.27272727272727,100.0,6.97262678803641
mexico,Liga MX,2025,Ricardo Juárez,20.0,D,Mexico,165.0,61.0,0,0,0.0,0.0,0.0,0.0,0.0,0,0,0,0.0,0,,,,,,,,,,,,,,,,,,,,,,,,,,,,
mexico,Liga MX,2025,Ricardo Marín,27.0,F,Mexico,161.0,57.0,33,15,1544.0,7.0,5.0,0.0,0.0,0,0,3,0.0,0,0.46632124352331605,1.7487046632124352,0.9909326424870466,0.4080310880829015,0.2914507772020725,0.6994818652849741,0.4080310880829015,20.751295336787564,1.049222797927461,0.9326424870466321,0.0,0.34974093264248707,1.2823834196891193,12.007772020725389,4.371761658031088,0.7577720207253886,0.05829015544041451,0.34974093264248707,0.9326424870466321,2.623056994818653,0.17487046632124353,0.0,0.0,10.508426966292134,56.666666666666664,36.407766990291265,7.6923076923076925,6.646502590673576
mexico,Liga MX,2025,Ricardo Monreal,24.0,F,Mexico,182.0,82.0,32,20,1786.0,4.0,2.0,0.0,0.0,1,0,6,0.0,1,0.10078387458006718,1.5117581187010078,0.604703247480403,0.20156774916013437,0.10078387458006718,0.3023516237402015,0.15117581187010076,23.53303471444569,0.9574468085106382,1.5621500559910415,0.20156774916013437,0.503919372900336,2.0660694288913772,13.555431131019038,5.694288913773796,4.787234042553192,1.8141097424412094,0.7054871220604704,1.7637178051511757,1.7133258678611423,0.3023516237402015,0.0,0.05039193729003359,17.946466809421842,40.0,42.00743494423792,37.89473684210527,6.537793952967525
mexico,Liga MX,2025,Ricardo Rodríguez,24.0,G,Mexico,182.0,75.0,17,17,1552.0,0.0,0.0,0.0,0.0,0,0,1,0.0,0,0.0,0.0,0.0,0.0,0.0,0.0,0.0,27.023195876288657,0.0,0.23195876288659795,0.0,0.0,0.23195876288659795,1.0438144329896908,0.9278350515463918,0.0,0.0,0.05798969072164949,0.2899484536082474,0.0,0.05798969072164949,0.0,0.0,19.675965665236053,,88.88888888888889,,6.9409149484536075
mexico,Liga MX,2025,Richard Ledezma,25.0,M,USA,173.0,70.0,35,31,2280.0,1.0,8.0,0.0,1.0,0,0,12,0.0,1,0.19736842105263158,0.868421052631579,0.35526315789473684,0.039473684210526314,0.3157894736842105,0.35526315789473684,0.039473684210526314,37.381578947368425,1.9342105263157896,0.6710526315789473,0.15789473684210525,0.35526315789473684,1.0263157894736843,4.855263157894737,2.289473684210526,1.1842105263157894,0.5526315789473685,0.5526315789473685,0.5921052631578947,0.7105263157894737,0.47368421052631576,0.0,0.039473684210526314,28.422386483632526,40.909090909090914,47.15447154471545,46.666666666666664,6.839279437609842
mexico,Liga MX,2025,Robert Morales,26.0,F,Paraguay,180.0,74.0,43,29,2722.0,12.0,5.0,2.0,0.0,4,0,1,0.0,1,0.13225569434239529,2.049963262307127,1.0580455547391623,0.3967670830271859,0.16531961792799413,0.56208670095518,0.26451138868479057,15.011021307861867,1.0580455547391623,0.8265980896399706,0.09919177075679647,0.19838354151359294,1.0249816311535636,9.85304922850845,3.9015429831006614,1.1572373254959587,0.3967670830271859,0.4298310066127847,1.487876561351947,1.3556208670095518,0.03306392358559882,0.0,0.03306392358559882,10.311946902654867,51.61290322580645,39.59731543624161,34.285714285714285,6.946179279941219
mexico,Liga MX,2025,Roberto Alvarado,27.0,F,Mexico,176.0,70.0,31,27,2385.0,4.0,5.0,1.0,0.0,0,0,1,0.0,0,0.07547169811320754,1.5849056603773584,0.7547169811320755,0.1509433962264151,0.18867924528301888,0.33962264150943394,0.1509433962264151,47.58490566037735,2.188679245283019,1.0943396226415094,0.18867924528301888,0.37735849056603776,1.471698113207547,10.11320754716981,5.245283018867925,2.30188679245283,1.169811320754717,0.5283018867924528,2.339622641509434,1.2452830188679245,0.03773584905660377,0.0,0.0,41.44488501189532,47.61904761904761,51.865671641791046,50.81967213114754,7.202222222222222
mexico,Liga MX,2025,Roberto Meraz,26.0,M,Mexico,177.0,71.0,27,11,1220.0,1.0,0.0,0.0,1.0,0,0,4,0.0,0,0.07377049180327869,0.4426229508196722,0.14754098360655737,0.07377049180327869,0.0,0.07377049180327869,0.07377049180327869,33.41803278688524,0.5163934426229508,2.0655737704918034,0.5901639344262295,1.1065573770491803,3.1721311475409837,8.557377049180328,3.983606557377049,0.14754098360655737,0.07377049180327869,0.9590163934426229,0.8852459016393444,1.5491803278688525,0.29508196721311475,0.0,0.0,24.556291390728475,33.33333333333333,46.55172413793103,50.0,6.657786885245901
mexico,Liga MX,2025,Roberto de la Rosa,25.0,F,Mexico,177.0,73.0,22,5,746.0,2.0,1.0,0.0,0.0,0,0,0,0.0,0,0.24128686327077747,2.292225201072386,0.9651474530831099,0.24128686327077747,0.12064343163538874,0.36193029490616624,0.24128686327077747,26.782841823056298,1.0857908847184985,0.12064343163538874,0.0,0.12064343163538874,0.24128686327077747,5.911528150134049,2.292225201072386,0.9651474530831099,0.36193029490616624,0.0,0.6032171581769437,0.8445040214477211,0.0,0.0,0.0,20.833333333333332,42.10526315789473,38.775510204081634,37.5,6.608993288590604
mexico,Liga MX,2025,Robson Bambu,28.0,D,Brazil,185.0,69.0,18,16,1425.0,0.0,1.0,0.0,0.0,0,0,2,0.0,1,0.06315789473684211,0.25263157894736843,0.06315789473684211,0.0,0.06315789473684211,0.06315789473684211,0.0,44.33684210526316,0.25263157894736843,0.7578947368421053,0.18947368421052632,0.8210526315789473,1.5789473684210527,8.147368421052633,3.663157894736842,0.6947368421052632,0.37894736842105264,0.5052631578947369,1.0736842105263158,1.263157894736842,0.12631578947368421,0.0,0.06315789473684211,42.598571428571425,25.0,44.96124031007752,54.54545454545454,6.544070175438596
mexico,Liga MX,2025,Rodolfo Cota,38.0,G,Mexico,184.0,82.0,12,12,1080.0,0.0,0.0,0.0,0.0,0,0,1,0.0,0,0.0,0.0,0.0,0.0,0.0,0.0,0.0,25.583333333333336,0.08333333333333334,0.08333333333333334,0.0,0.0,0.08333333333333334,1.0,1.0,0.0,0.0,0.0,0.5833333333333334,0.0,0.08333333333333334,0.0,0.0,19.882736156351793,,100.0,,6.866666666666666
mexico,Liga MX,2025,Rodolfo Pizarro,31.0,M,Mexico,175.0,71.0,35,25,2230.0,4.0,2.0,0.0,0.0,0,0,5,0.0,0,0.32286995515695066,0.8071748878923767,0.3632286995515695,0.16143497757847533,0.08071748878923767,0.242152466367713,0.16143497757847533,29.46188340807175,1.1300448430493273,1.0493273542600896,0.08071748878923767,0.32286995515695066,1.3721973094170403,13.076233183856502,5.609865470852018,2.9461883408071747,1.0896860986547086,0.6457399103139013,2.905829596412556,1.493273542600897,0.20179372197309417,0.0,0.0,19.713698630136985,45.0,42.901234567901234,36.986301369863014,6.736188340807176
mexico,Liga MX,2025,Rodrigo Aguirre,31.0,F,Uruguay,186.0,75.0,33,24,2061.0,5.0,2.0,0.0,0.0,0,0,6,0.0,0,0.3930131004366812,1.9213973799126638,0.8733624454148471,0.21834061135371177,0.08733624454148471,0.3056768558951965,0.21834061135371177,14.017467248908297,0.48034934497816595,0.6986899563318777,0.043668122270742356,0.043668122270742356,0.7423580786026202,12.489082969432316,4.497816593886463,1.0480349344978166,0.3056768558951965,0.5240174672489083,0.7860262008733624,1.9213973799126638,0.26200873362445415,0.0,0.0,7.482866043613707,45.45454545454545,36.01398601398601,29.166666666666668,6.53833090732654
mexico,Liga MX,2025,Rodrigo Bogarín,28.0,M,Paraguay,180.0,79.0,16,14,1228.0,1.0,0.0,1.0,0.0,0,0,1,0.0,0,0.0732899022801303,0.8061889250814332,0.36644951140065146,0.0732899022801303,0.0,0.0732899022801303,0.0732899022801303,29.389250814332247,0.36644951140065146,1.6123778501628665,0.2931596091205212,0.9527687296416938,2.5651465798045603,7.695439739413681,3.6644951140065145,0.8794788273615635,0.5863192182410424,0.8061889250814332,0.43973941368078173,0.8794788273615635,0.0732899022801303,0.0,0.0,23.381546134663342,45.45454545454545,47.61904761904761,66.66666666666666,6.708387622149837
mexico,Liga MX,2025,Rodrigo Dourado,31.0,M,Brazil,187.0,81.0,32,25,2263.0,0.0,3.0,1.0,0.0,0,0,8,0.0,1,0.07954043305346885,0.4772425983208131,0.23862129916040656,0.0,0.11931064958020328,0.11931064958020328,0.0,46.65046398585948,0.6363234644277508,2.3862129916040655,0.3579319487406098,0.9942554131683606,3.3804684047724263,10.181175430844013,5.965532479010164,0.6363234644277508,0.39770216526734425,0.556783031374282,1.2328767123287672,1.789659743703049,0.3181617322138754,0.0,0.039770216526734424,42.42625745950554,50.0,58.59375,62.5,7.040565620857269
mexico,Liga MX,2025,Rodrigo Echeverría,30.0,M,Chile,181.0,77.0,33,33,2916.0,0.0,1.0,1.0,0.0,0,0,8,0.0,0,0.06172839506172839,0.7407407407407408,0.1851851851851852,0.0,0.030864197530864196,0.030864197530864196,0.0,46.2037037037037,0.6790123456790124,1.6049382716049383,0.5555555555555556,0.8950617283950618,2.5,8.395061728395062,4.135802469135802,0.8333333333333333,0.4320987654320988,0.7098765432098765,1.1111111111111112,1.6049382716049383,0.24691358024691357,0.0,0.0,45.653306613226455,25.0,49.26470588235294,51.85185185185185,6.844444444444445
mexico,Liga MX,2025,Rodrigo Lopez,24.0,M,Mexico,172.0,65.0,38,28,2373.0,1.0,3.0,0.0,0.0,0,0,5,0.0,0,0.07585335018963338,0.49304677623261695,0.18963337547408343,0.03792667509481669,0.11378002528445007,0.15170670037926676,0.03792667509481669,39.32996207332491,0.9481668773704173,1.0240202275600505,0.49304677623261695,0.37926675094816686,1.4032869785082174,8.078381795195956,3.4513274336283186,2.048040455120101,1.099873577749684,0.5309734513274336,0.6447534766118836,1.099873577749684,0.18963337547408343,0.0,0.0,32.022179363548695,38.46153846153847,42.72300469483568,53.70370370370371,6.745385587863463
mexico,Liga MX,2025,Rodrigo Parra,18.0,G,Mexico,,,2,2,180.0,0.0,0.0,0.0,0.0,0,0,0,0.0,0,0.0,0.0,0.0,0.0,0.0,0.0,0.0,29.000000000000004,0.0,0.0,0.0,0.0,0.0,1.0,0.0,0.5,0.0,0.0,0.0,0.0,0.0,0.0,0.0,20.896551724137932,,0.0,0.0,4.95
mexico,Liga MX,2025,Rodrigo Schlegel,28.0,D,Argentina,182.0,82.0,18,18,1634.0,0.0,1.0,0.0,2.0,0,0,6,0.0,1,0.055079559363525085,0.2753977968176255,0.055079559363525085,0.0,0.055079559363525085,0.055079559363525085,0.0,41.585067319461444,0.11015911872705017,1.5422276621787023,0.3855569155446756,1.4320685434516525,2.974296205630355,7.325581395348838,3.6903304773561807,0.16523867809057527,0.11015911872705017,0.7160342717258262,0.9914320685434517,1.5973072215422277,0.33047735618115054,0.0,0.055079559363525085,42.903311258278144,20.0,50.37593984962406,66.66666666666666,6.8304773561811505
mexico,Liga MX,2025,Rogelio Cortéz Pineda,21.0,M,Mexico,173.0,66.0,16,3,365.0,0.0,0.0,0.0,0.0,0,0,2,0.0,0,0.0,1.4794520547945205,0.24657534246575344,0.0,0.0,0.0,0.0,37.97260273972603,0.4931506849315069,2.4657534246575343,0.4931506849315069,0.7397260273972602,3.2054794520547945,9.863013698630137,4.191780821917808,1.2328767123287672,0.7397260273972602,0.4931506849315069,0.4931506849315069,2.219178082191781,0.4931506849315069,0.0,0.0,15.006493506493506,16.666666666666664,42.5,60.0,6.711570247933885
mexico,Liga MX,2025,Rogelio Funes Mori,34.0,F,Mexico,190.0,76.0,22,8,737.0,1.0,0.0,1.0,0.0,0,0,1,0.0,0,1.5875169606512889,1.7096336499321574,0.976933514246947,0.12211668928086837,0.0,0.12211668928086837,0.12211668928086837,20.39348710990502,1.8317503392130259,0.4884667571234735,0.0,0.24423337856173674,0.7327001356852103,8.42605156037992,4.151967435549525,0.976933514246947,0.6105834464043419,0.0,1.0990502035278156,1.0990502035278156,0.12211668928086837,0.0,0.0,10.407185628742514,57.14285714285714,49.275362318840585,62.5,6.559917920656635
mexico,Liga MX,2025,Rogelio González,20.0,M,,,,1,0,15.0,0.0,0.0,0.0,0.0,0,0,0,0.0,0,0.0,0.0,0.0,0.0,0.0,0.0,0.0,6.0,0.0,0.0,0.0,0.0,0.0,18.0,0.0,0.0,0.0,0.0,0.0,6.0,0.0,0.0,0.0,,,0.0,,6.2
mexico,Liga MX,2025,Roman Estrada,18.0,G,,,,0,0,0.0,0.0,0.0,0.0,0.0,0,0,0,0.0,0,,,,,,,,,,,,,,,,,,,,,,,,,,,,
mexico,Liga MX,2025,Román Almanza,19.0,F,Mexico,178.0,,0,0,0.0,0.0,0.0,0.0,0.0,0,0,0,0.0,0,,,,,,,,,,,,,,,,,,,,,,,,,,,,
mexico,Liga MX,2025,Román Torres,21.0,D,Mexico,,,33,27,2455.0,1.0,2.0,0.0,1.0,0,0,6,0.0,0,0.03665987780040733,0.43991853360488803,0.18329938900203666,0.03665987780040733,0.07331975560081466,0.10997963340122201,0.03665987780040733,32.95723014256619,0.8798370672097761,1.7230142566191444,0.25661914460285135,0.769857433808554,2.4928716904276986,6.158859470468432,3.0061099796334014,0.6232179226069247,0.329938900203666,0.9164969450101833,0.3665987780040733,0.8065173116089613,0.21995926680244401,0.0,0.0,23.519466073414904,41.66666666666667,48.80952380952381,52.94117647058824,6.500570264765784
mexico,Liga MX,2025,Ronaldo Cisneros,28.0,F,Mexico,181.0,74.0,3,2,136.0,0.0,0.0,0.0,0.0,0,0,0,0.0,0,0.6617647058823529,0.6617647058823529,0.0,0.0,0.0,0.0,0.0,11.25,0.0,0.0,0.0,0.0,0.0,10.588235294117647,3.9705882352941178,1.3235294117647058,0.0,0.0,1.3235294117647058,0.6617647058823529,0.0,0.0,0.0,3.764705882352941,0.0,37.5,0.0,6.339705882352941
mexico,Liga MX,2025,Ronaldo Dimas,23.0,G,Mexico,,,0,0,0.0,0.0,0.0,0.0,0.0,0,0,0,0.0,0,,,,,,,,,,,,,,,,,,,,,,,,,,,,
mexico,Liga MX,2025,Ronaldo Nájera,22.0,M,Mexico,,,3,1,110.0,1.0,0.0,0.0,0.0,0,0,0,0.0,0,0.0,0.8181818181818181,0.8181818181818181,0.8181818181818181,0.0,0.8181818181818181,0.8181818181818181,32.72727272727273,2.4545454545454546,0.8181818181818181,0.0,0.0,0.8181818181818181,11.454545454545453,7.363636363636363,4.909090909090909,2.4545454545454546,0.0,4.090909090909091,0.0,0.0,0.0,0.0,13.325,100.0,64.28571428571429,50.0,7.3954545454545455
mexico,Liga MX,2025,Ronaldo Prieto,28.0,M,Mexico,170.0,61.0,1,0,8.0,0.0,0.0,0.0,0.0,0,0,0,0.0,0,0.0,11.25,0.0,0.0,0.0,0.0,0.0,45.0,0.0,0.0,0.0,0.0,0.0,11.25,11.25,0.0,0.0,0.0,0.0,0.0,0.0,0.0,0.0,2.0,0.0,100.0,,6.7
mexico,Liga MX,2025,Rubén Duarte,30.0,D,Spain,180.0,75.0,34,29,2667.0,3.0,1.0,0.0,3.0,0,0,11,0.0,0,0.0,0.47244094488188976,0.1687289088863892,0.10123734533183353,0.03374578177727784,0.13498312710911137,0.10123734533183353,51.52980877390327,0.3374578177727784,1.1473565804274466,0.6749156355455568,1.0461192350956132,2.1934758155230596,7.187851518560181,3.779527559055118,0.10123734533183353,0.06749156355455568,0.4049493813273341,0.9786276715410573,1.24859392575928,0.3712035995500562,0.0,0.0,50.27111984282908,35.714285714285715,52.58215962441315,66.66666666666666,6.798612153038259
mexico,Liga MX,2025,Róber Pier,30.0,D,Spain,182.0,74.0,5,4,354.0,0.0,1.0,1.0,2.0,0,0,0,0.0,0,0.0,0.5084745762711864,0.2542372881355932,0.0,0.2542372881355932,0.2542372881355932,0.0,51.86440677966102,0.5084745762711864,0.2542372881355932,0.7627118644067796,1.0169491525423728,1.271186440677966,4.322033898305085,1.271186440677966,0.0,0.0,0.2542372881355932,0.2542372881355932,1.5254237288135593,0.0,0.0,0.0,48.40686274509804,50.0,29.411764705882355,,6.0728813559322035
mexico,Liga MX,2025,Rômulo Zwarg,25.0,D,Brazil,,,37,35,3173.0,0.0,3.0,1.0,1.0,0,0,7,0.0,0,0.02836432398361172,0.42546485975417586,0.02836432398361172,0.0,0.08509297195083516,0.08509297195083516,0.0,53.38165773715727,0.4821935077213993,1.3614875512133626,0.4821935077213993,1.3047589032461393,2.666246454459502,6.864166404034036,3.7157264418531355,0.3687362117869524,0.19855026788528207,0.312007563819729,0.5956508036558462,0.6807437756066813,0.19855026788528207,0.0,0.0,55.156216790648244,6.666666666666667,54.132231404958674,53.84615384615385,6.837976678222502
mexico,Liga MX,2025,Said Godínez,21.0,M,Mexico,,,14,12,1006.0,0.0,0.0,0.0,0.0,0,0,1,0.0,0,0.0,0.44731610337972166,0.0,0.0,0.0,0.0,0.0,31.40159045725646,0.536779324055666,1.5208747514910537,0.3578528827037773,0.536779324055666,2.05765407554672,6.172962226640159,3.3101391650099403,0.7157057654075546,0.7157057654075546,1.2524850894632207,0.6262425447316103,0.6262425447316103,0.08946322067594432,0.0,0.0,23.122507122507123,0.0,53.62318840579711,100.0,6.6499999999999995
mexico,Liga MX,2025,Salomón Rondón,36.0,F,Venezuela,186.0,86.0,20,13,1295.0,5.0,0.0,0.0,0.0,0,0,3,0.0,1,0.833976833976834,2.640926640926641,0.833976833976834,0.3474903474903475,0.0,0.3474903474903475,0.3474903474903475,16.54054054054054,0.555984555984556,0.416988416988417,0.2084942084942085,0.2084942084942085,0.6254826254826255,9.382239382239382,4.239382239382239,1.250965250965251,0.7644787644787645,0.0694980694980695,1.0424710424710424,1.4594594594594597,0.2084942084942085,0.0,0.0694980694980695,10.632911392405063,31.57894736842105,45.18518518518518,61.111111111111114,6.745250965250966
mexico,Liga MX,2025,Salvador Mariscal,22.0,M,Mexico,182.0,60.0,18,10,1101.0,0.0,0.0,0.0,0.0,0,0,3,0.0,0,0.08174386920980926,0.32697547683923706,0.0,0.0,0.0,0.0,0.0,38.664850136239785,0.49046321525885556,2.20708446866485,0.49046321525885556,2.1253405994550407,4.332425068119892,6.948228882833788,3.678474114441417,0.32697547683923706,0.0,0.40871934604904636,0.5722070844686649,1.3896457765667576,0.24523160762942778,0.0,0.0,28.849894291754758,0.0,52.94117647058824,0.0,6.817545454545455
mexico,Liga MX,2025,Salvador Reyes,27.0,D,Mexico,172.0,69.0,31,30,2715.0,0.0,2.0,0.0,0.0,0,0,6,0.0,0,0.0994475138121547,0.6629834254143646,0.3977900552486188,0.0,0.06629834254143646,0.06629834254143646,0.0,35.2707182320442,1.0607734806629834,1.3922651933701657,0.23204419889502761,0.7955801104972376,2.1878453038674035,6.861878453038674,3.116022099447514,0.7955801104972376,0.3977900552486188,0.5966850828729282,0.6298342541436465,1.0607734806629834,0.1988950276243094,0.0,0.0,32.609022556390975,60.0,45.410628019323674,50.0,6.460294659300184
mexico,Liga MX,2025,Salvador Rodriguez,24.0,D,Mexico,175.0,67.0,1,0,14.0,0.0,0.0,0.0,0.0,0,0,0,0.0,0,0.0,0.0,0.0,0.0,0.0,0.0,0.0,6.428571428571428,0.0,6.428571428571428,0.0,12.857142857142856,19.285714285714285,19.285714285714285,6.428571428571428,0.0,0.0,12.857142857142856,0.0,0.0,0.0,0.0,0.0,1.0,,33.33333333333333,,6.6
mexico,Liga MX,2025,Samir Caetano,31.0,D,Brazil,189.0,73.0,3,3,270.0,0.0,0.0,0.0,0.0,0,0,1,0.0,0,0.0,0.0,0.0,0.0,0.0,0.0,0.0,24.0,0.0,1.0,0.6666666666666667,0.6666666666666667,1.6666666666666665,6.666666666666666,4.0,0.6666666666666667,0.6666666666666667,0.33333333333333337,1.0,1.3333333333333335,0.33333333333333337,0.0,0.0,22.72222222222222,,60.0,100.0,7.033333333333333
mexico,Liga MX,2025,Santiago Homenchenko,22.0,M,Uruguay,186.0,78.0,28,28,2462.0,6.0,0.0,0.0,0.0,3,0,9,0.0,1,0.0,1.7181153533712428,0.8042242079610074,0.21933387489845654,0.0,0.21933387489845654,0.10966693744922827,37.46953696181966,0.5483346872461413,2.705117790414297,0.1462225832656377,1.5718927701056051,4.277010560519902,8.480909829406986,4.861900893582454,0.6580016246953696,0.2924451665312754,0.9138911454102355,0.6580016246953696,1.3160032493907392,0.3290008123476848,0.0,0.036555645816409424,30.74439024390244,46.808510638297875,57.327586206896555,44.44444444444444,7.039155158407799
mexico,Liga MX,2025,Santiago López,20.0,F,Mexico,178.0,71.0,9,2,281.0,0.0,1.0,1.0,0.0,0,0,1,0.0,0,0.0,0.0,0.0,0.0,0.32028469750889677,0.32028469750889677,0.0,15.693950177935942,1.281138790035587,0.9608540925266904,0.0,0.0,0.9608540925266904,12.17081850533808,3.8434163701067616,1.6014234875444842,0.6405693950177935,0.0,2.2419928825622777,1.281138790035587,0.32028469750889677,0.0,0.0,5.326530612244898,,31.57894736842105,40.0,6.348398576512456
mexico,Liga MX,2025,Santiago Mele,28.0,G,Uruguay,184.0,78.0,17,17,1530.0,0.0,0.0,0.0,1.0,0,0,2,0.0,0,0.0,0.0,0.0,0.0,0.0,0.0,0.0,27.941176470588236,0.11764705882352941,0.058823529411764705,0.0,0.0,0.058823529411764705,0.47058823529411764,0.3529411764705882,0.0,0.0,0.058823529411764705,0.11764705882352941,0.058823529411764705,0.11764705882352941,0.0,0.0,24.189473684210526,,75.0,,6.652941176470589
mexico,Liga MX,2025,Santiago Muñoz,23.0,F,Mexico,177.0,65.0,12,3,370.0,0.0,2.0,0.0,0.0,0,0,0,0.0,0,0.0,0.4864864864864865,0.0,0.0,0.4864864864864865,0.4864864864864865,0.0,30.89189189189189,1.4594594594594597,1.2162162162162162,0.0,0.4864864864864865,1.7027027027027029,12.162162162162163,6.324324324324325,3.1621621621621623,1.2162162162162162,0.0,2.9189189189189193,1.4594594594594597,0.0,0.0,0.0,18.937007874015748,0.0,52.0,38.46153846153847,6.701351351351351
mexico,Liga MX,2025,Santiago Naveda,24.0,M,Mexico,180.0,70.0,0,0,0.0,0.0,0.0,0.0,0.0,0,0,0,0.0,0,,,,,,,,,,,,,,,,,,,,,,,,,,,,
mexico,Liga MX,2025,Santiago Perez-Meraz,21.0,G,USA,191.0,,0,0,0.0,0.0,0.0,0.0,0.0,0,0,0,0.0,0,,,,,,,,,,,,,,,,,,,,,,,,,,,,
mexico,Liga MX,2025,Santiago Sandoval,18.0,M,Mexico,,,34,16,1573.0,6.0,1.0,1.0,0.0,0,0,3,0.0,0,0.05721551176096631,2.17418944691672,0.9726636999364273,0.34329307056579783,0.05721551176096631,0.4005085823267642,0.34329307056579783,25.232040686586142,1.6020343293070567,1.2587412587412588,0.0,0.6865861411315957,1.9453273998728546,13.560076287349016,7.26636999364272,2.574698029243484,1.487603305785124,0.6865861411315957,3.6045772409408774,1.315956770502225,0.17164653528289892,0.0,0.0,14.770975056689343,44.73684210526316,53.58649789029536,57.77777777777777,6.9050350541746335
mexico,Liga MX,2025,Santiago Simón,23.0,M,Argentina,178.0,76.0,28,20,1829.0,0.0,3.0,0.0,0.0,0,0,4,0.0,0,0.0,0.19682886823400764,0.04920721705850191,0.0,0.14762165117550574,0.14762165117550574,0.0,44.532531437944236,1.4762165117550574,1.722252597047567,0.19682886823400764,0.8857299070530344,2.6079825041006015,8.168398031711318,3.641334062329142,2.165117550574084,0.9841443411700382,1.0333515582285402,0.4920721705850191,1.3778020776380535,0.19682886823400764,0.0,0.0,32.9679203539823,25.0,44.57831325301205,45.45454545454545,6.7445295404814
mexico,Liga MX,2025,Santiago Trigos,23.0,M,Mexico,,,19,11,982.0,0.0,0.0,0.0,0.0,0,0,3,0.0,0,0.0,0.09164969450101833,0.0,0.0,0.0,0.0,0.0,40.69246435845214,0.45824847250509165,2.107942973523422,0.3665987780040733,0.824847250509165,2.9327902240325865,9.256619144602851,3.9409368635437882,1.374745417515275,0.6415478615071284,0.9164969450101833,0.6415478615071284,1.8329938900203666,0.27494908350305497,0.0,0.0,32.39414414414414,0.0,42.57425742574257,46.666666666666664,6.710091743119267
mexico,Liga MX,2025,Sebastian Aceves,20.0,M,Mexico,,,3,3,220.0,0.0,0.0,0.0,0.0,0,0,1,0.0,0,0.0,0.0,0.0,0.0,0.0,0.0,0.0,38.04545454545455,0.8181818181818181,2.4545454545454546,0.0,0.40909090909090906,2.8636363636363633,6.545454545454545,4.5,1.2272727272727273,0.8181818181818181,0.0,0.8181818181818181,0.8181818181818181,0.40909090909090906,0.0,0.0,28.29032258064516,,68.75,66.66666666666666,6.552272727272728
mexico,Liga MX,2025,Sebastian Fierro,24.0,M,Mexico,170.0,70.0,11,3,380.0,0.0,0.0,0.0,1.0,0,0,1,0.0,0,0.0,0.47368421052631576,0.0,0.0,0.0,0.0,0.0,35.28947368421053,0.23684210526315788,1.4210526315789473,0.7105263157894737,0.7105263157894737,2.1315789473684212,7.342105263157895,3.789473684210526,0.7105263157894737,0.47368421052631576,0.7105263157894737,1.1842105263157894,1.657894736842105,0.23684210526315788,0.0,0.0,21.44295302013423,0.0,51.61290322580645,66.66666666666666,6.775
mexico,Liga MX,2025,Sebastian Rodriguez,18.0,M,USA,168.0,68.0,3,0,59.0,0.0,0.0,0.0,0.0,0,0,0,0.0,0,0.0,0.0,0.0,0.0,0.0,0.0,0.0,28.983050847457626,0.0,3.0508474576271185,0.0,1.5254237288135593,4.576271186440678,13.728813559322035,6.101694915254237,1.5254237288135593,0.0,1.5254237288135593,3.0508474576271185,3.0508474576271185,0.0,0.0,0.0,6.631578947368421,,44.44444444444444,0.0,6.589830508474575
mexico,Liga MX,2025,Sebastián Cáceres,26.0,D,Uruguay,180.0,77.0,28,27,2413.0,0.0,0.0,1.0,0.0,0,0,7,0.0,0,0.03729796933278077,0.07459593866556154,0.0,0.0,0.0,0.0,0.0,53.41069208454206,0.22378781599668462,1.3800248653128884,0.44757563199336925,1.0443431413178617,2.42436800663075,7.571487774554496,4.699544135930377,0.2610857853294654,0.18648984666390386,0.41027766266058846,1.1189390799834231,1.0070451719850808,0.2610857853294654,0.0,0.0,47.805865921787706,0.0,62.06896551724138,71.42857142857143,6.740820555325321
mexico,Liga MX,2025,Sebastián Córdova,28.0,M,Mexico,173.0,65.0,20,7,691.0,1.0,2.0,0.0,0.0,0,1,1,0.0,0,0.13024602026049203,2.0839363241678726,0.9117221418234442,0.13024602026049203,0.26049204052098407,0.39073806078147616,0.13024602026049203,29.30535455861071,1.1722141823444283,1.1722141823444283,0.0,0.39073806078147616,1.5629522431259046,10.680173661360348,4.428364688856729,1.9536903039073805,0.6512301013024602,0.39073806078147616,2.0839363241678726,1.9536903039073805,0.13024602026049203,0.0,0.0,13.165919282511211,43.75,41.46341463414634,33.33333333333333,6.624891461649783
mexico,Liga MX,2025,Sebastián Hernández,21.0,D,Mexico,175.0,69.0,2,0,42.0,0.0,0.0,0.0,0.0,0,0,0,0.0,0,0.0,0.0,0.0,0.0,0.0,0.0,0.0,66.42857142857143,0.0,10.714285714285714,0.0,0.0,10.714285714285714,34.285714285714285,19.285714285714285,4.285714285714286,0.0,4.285714285714286,4.285714285714286,4.285714285714286,0.0,0.0,0.0,17.70967741935484,,56.25,0.0,6.633333333333334
mexico,Liga MX,2025,Sebastián Jurado,28.0,G,Mexico,188.0,80.0,38,38,3440.0,0.0,0.0,0.0,1.0,0,0,2,0.0,0,0.0,0.0,0.0,0.0,0.0,0.0,0.0,28.59593023255814,0.026162790697674417,0.05232558139534883,0.0,0.0,0.05232558139534883,0.49709302325581395,0.39244186046511625,0.05232558139534883,0.05232558139534883,0.05232558139534883,0.07848837209302326,0.05232558139534883,0.05232558139534883,0.0,0.0,22.212259835315646,,78.94736842105263,100.0,6.733168604651162
mexico,Liga MX,2025,Sebastián Pérez Bouquet,22.0,M,Mexico,165.0,57.0,19,15,1093.0,2.0,3.0,0.0,0.0,0,0,2,0.0,0,0.0,0.8234217749313816,0.4117108874656908,0.16468435498627632,0.24702653247941445,0.4117108874656908,0.16468435498627632,28.655077767612074,1.2351326623970722,0.9881061299176578,0.0,0.4940530649588289,1.4821591948764865,9.387008234217749,3.787740164684355,1.9762122598353156,0.9057639524245197,0.576395242451967,1.729185727355901,1.152790484903934,0.16468435498627632,0.0,0.0,18.439655172413794,50.0,40.35087719298245,45.83333333333333,6.75992680695334
mexico,Liga MX,2025,Sebastián Santos,22.0,D,Mexico,180.0,,25,22,1922.0,0.0,1.0,0.0,2.0,0,0,8,0.0,1,0.04682622268470344,0.6087408949011447,0.23413111342351717,0.0,0.04682622268470344,0.04682622268470344,0.0,30.343392299687828,1.0770031217481788,2.5286160249739855,0.3746097814776275,0.8896982310093652,3.4183142559833506,10.067637877211238,4.308012486992715,2.0135275754422475,0.8896982310093652,1.3579604578563997,0.3746097814776275,2.1071800208116547,0.3746097814776275,0.0,0.04682622268470344,23.989197530864196,38.46153846153847,42.7906976744186,44.18604651162791,6.483766909469303
mexico,Liga MX,2025,Sebastián Vegas,29.0,D,Chile,184.0,79.0,11,11,907.0,0.0,0.0,0.0,0.0,0,0,4,0.0,1,0.09922822491730982,0.39691289966923926,0.19845644983461963,0.0,0.0,0.0,0.0,44.156560088202866,0.09922822491730982,1.984564498346196,0.8930540242557884,1.6868798235942668,3.671444321940463,8.434399117971335,4.167585446527013,0.496141124586549,0.39691289966923926,1.091510474090408,0.5953693495038589,1.984564498346196,0.39691289966923926,0.0,0.09922822491730982,42.262921348314606,50.0,49.411764705882355,80.0,6.436934950385888
mexico,Liga MX,2025,Sergio Armando Aguayo Castillo,23.0,F,USA,182.0,,5,0,74.0,0.0,0.0,0.0,0.0,0,0,0,0.0,0,2.4324324324324325,3.6486486486486487,1.2162162162162162,0.0,0.0,0.0,0.0,19.45945945945946,1.2162162162162162,3.6486486486486487,0.0,0.0,3.6486486486486487,23.108108108108105,12.162162162162163,2.4324324324324325,0.0,0.0,4.864864864864865,7.297297297297297,0.0,0.0,0.0,2.6875,33.33333333333333,52.63157894736842,0.0,6.52972972972973
mexico,Liga MX,2025,Sergio Barreto,26.0,D,Argentina,184.0,74.0,37,37,3343.0,1.0,1.0,0.0,2.0,0,0,9,0.0,1,0.02692192641340114,0.4307508226144182,0.08076577924020341,0.02692192641340114,0.02692192641340114,0.05384385282680228,0.02692192641340114,44.07119353873766,0.24229733772061024,1.1307209093628479,0.5384385282680227,0.8615016452288364,1.9922225545916843,6.434340412802872,3.9575231827699673,0.16153155848040682,0.13460963206700569,0.2961411905474125,0.592282381094825,1.0768770565360455,0.24229733772061024,0.0,0.02692192641340114,47.21380574221136,18.75,61.50627615062761,83.33333333333334,6.8458570146574935
mexico,Liga MX,2025,Sergio Canales,34.0,M,Spain,176.0,65.0,31,28,2523.0,13.0,6.0,1.0,0.0,2,2,3,0.0,0,0.178359096313912,2.2473246135552913,1.2128418549346016,0.46373365041617126,0.2140309155766944,0.6777645659928656,0.3923900118906064,49.29845422116528,2.4970273483947683,0.6064209274673008,0.0713436385255648,0.3210463733650416,0.9274673008323425,7.5624256837098685,3.638525564803805,1.5338882282996433,0.8561236623067776,0.49940546967895366,1.8192627824019025,0.5707491082045184,0.1070154577883472,0.0,0.0,41.04920405209841,53.96825396825397,48.113207547169814,55.81395348837209,7.3559254855330956
mexico,Liga MX,2025,Sergio Hernandez,21.0,M,Mexico,163.0,,28,22,1908.0,0.0,2.0,1.0,1.0,0,0,2,0.0,0,0.09433962264150944,0.6132075471698113,0.2358490566037736,0.0,0.09433962264150944,0.09433962264150944,0.0,22.21698113207547,0.9433962264150944,2.405660377358491,0.09433962264150944,0.7075471698113207,3.1132075471698113,11.273584905660377,5.4245283018867925,2.7358490566037736,1.0377358490566038,1.3679245283018868,1.509433962264151,1.4150943396226414,0.09433962264150944,0.0,0.0,18.084925690021233,38.46153846153847,48.11715481171548,37.93103448275862,6.62206498951782
mexico,Liga MX,2025,Sergio Ramos,39.0,D,Spain,184.0,82.0,19,19,1707.0,3.0,0.0,1.0,0.0,3,1,8,0.0,0,0.05272407732864675,1.054481546572935,0.47451669595782076,0.15817223198594024,0.0,0.15817223198594024,0.0,71.96836555360281,0.26362038664323373,1.054481546572935,0.6854130052724077,1.4235500878734622,2.4780316344463973,7.697715289982424,4.69244288224956,0.05272407732864675,0.05272407732864675,0.5272407732864675,1.265377855887522,1.4235500878734622,0.421792618629174,0.0,0.0,70.66153846153846,45.0,60.95890410958904,100.0,7.192267135325131
mexico,Liga MX,2025,Sergio Rodríguez,21.0,M,Mexico,171.0,,14,9,720.0,0.0,0.0,0.0,0.0,0,0,8,0.0,0,0.0,0.5,0.25,0.0,0.0,0.0,0.0,34.25,0.375,4.125,0.375,0.875,5.0,10.375,5.25,0.5,0.375,0.75,0.5,3.375,1.0,0.0,0.0,21.854014598540147,50.0,50.602409638554214,75.0,6.657681564245811
mexico,Liga MX,2025,Shamar Nicholson,28.0,F,Jamaica,192.0,82.0,10,4,394.0,1.0,0.0,0.0,0.0,0,0,0,0.0,0,0.22842639593908629,3.426395939086295,1.598984771573604,0.22842639593908629,0.0,0.22842639593908629,0.22842639593908629,13.248730964467004,1.1421319796954315,0.22842639593908629,0.0,0.22842639593908629,0.45685279187817257,11.878172588832488,6.395939086294416,1.3705583756345179,0.45685279187817257,0.45685279187817257,1.598984771573604,1.598984771573604,0.0,0.0,0.0,6.913793103448276,46.666666666666664,53.84615384615385,33.33333333333333,6.738071065989848
mexico,Liga MX,2025,Stanley García,,M,,,,1,0,9.0,0.0,0.0,0.0,0.0,0,0,0,0.0,0,0.0,0.0,0.0,0.0,0.0,0.0,0.0,40.0,0.0,0.0,0.0,0.0,0.0,0.0,0.0,0.0,0.0,0.0,0.0,0.0,0.0,0.0,0.0,3.0,,,,6.3
mexico,Liga MX,2025,Stanley García,19.0,M,,,,2,0,23.0,0.0,0.0,0.0,0.0,0,0,1,0.0,0,0.0,0.0,0.0,0.0,0.0,0.0,0.0,39.130434782608695,0.0,3.9130434782608696,0.0,0.0,3.9130434782608696,19.565217391304348,11.739130434782608,7.826086956521739,7.826086956521739,0.0,0.0,7.826086956521739,3.9130434782608696,0.0,0.0,4.8,,60.0,100.0,6.47391304347826
mexico,Liga MX,2025,Stefan Medina,33.0,D,Colombia,179.0,73.0,28,24,2089.0,0.0,0.0,1.0,1.0,0,0,5,0.0,0,0.0,0.1292484442316898,0.0861656294877932,0.0,0.0,0.0,0.0,57.42939205361417,0.215414073719483,1.292484442316898,0.5600765916706558,0.861656294877932,2.15414073719483,6.764001914791766,3.6620392532312116,0.4739109621828626,0.30157970320727623,0.4739109621828626,1.0339875538535184,1.3786500718046912,0.215414073719483,0.0,0.0,51.819954988747185,66.66666666666666,54.14012738853503,63.63636363636363,6.945141215892772
mexico,Liga MX,2025,Stiven Barreiro,31.0,D,Colombia,185.0,73.0,31,31,2719.0,0.0,0.0,1.0,3.0,0,0,12,0.0,1,0.09930121368150055,0.46340566384700255,0.16550202280250093,0.0,0.0,0.0,0.0,48.42589187201177,0.33100404560500185,1.3902169915410076,0.6289076866495036,1.6881206325855094,3.078337624126517,7.778595071717543,4.402353806546524,0.2648032364840015,0.06620080912100038,0.6289076866495036,1.1585141596175066,1.290915777859507,0.3972048547260022,0.0,0.03310040456050019,43.40874914559125,35.714285714285715,56.59574468085107,25.0,6.799227657226921
mexico,Liga MX,2025,Sébastien Salles-Lamonge,29.0,M,France,170.0,67.0,34,33,2962.0,5.0,6.0,0.0,0.0,0,0,6,0.0,0,0.03038487508440243,1.0027008777852802,0.45577312626603644,0.15192437542201215,0.18230925050641458,0.33423362592842676,0.15192437542201215,46.610398379473324,2.37002025658339,1.063470627954085,0.09115462525320729,0.8507765023632681,1.9142471303173532,8.720459149223498,4.314652261985145,1.9142471303173532,0.9115462525320729,0.6988521269412559,2.1573261309925726,1.0938555030384876,0.18230925050641458,0.0,0.0,40.96153846153846,45.45454545454545,49.47735191637631,47.61904761904761,7.199426063470629
mexico,Liga MX,2025,Tahiel Jiménez,19.0,F,Mexico,,,12,0,176.0,0.0,1.0,0.0,0.0,0,0,1,0.0,0,0.0,2.0454545454545454,1.0227272727272727,0.0,0.5113636363636364,0.5113636363636364,0.0,15.852272727272728,1.0227272727272727,1.0227272727272727,0.0,0.0,1.0227272727272727,12.78409090909091,6.136363636363636,1.0227272727272727,0.0,0.5113636363636364,2.0454545454545454,2.0454545454545454,0.5113636363636364,0.0,0.0,3.161290322580645,50.0,48.0,0.0,6.50057803468208
mexico,Liga MX,2025,Teun Wilke,23.0,F,Mexico,182.0,71.0,4,0,105.0,0.0,0.0,0.0,0.0,0,0,0,0.0,0,0.8571428571428572,3.428571428571429,0.8571428571428572,0.0,0.0,0.0,0.0,17.142857142857142,1.7142857142857144,0.0,0.0,0.8571428571428572,0.8571428571428572,17.142857142857142,6.0,0.0,0.0,0.0,0.8571428571428572,1.7142857142857144,0.0,0.0,0.0,5.4,25.0,35.0,,6.435238095238096
mexico,Liga MX,2025,Thiago Espinosa,21.0,D,Uruguay,173.0,60.0,5,1,133.0,0.0,0.0,0.0,0.0,0,0,1,0.0,0,0.0,1.3533834586466165,0.6766917293233082,0.0,0.0,0.0,0.0,39.24812030075188,2.0300751879699246,1.3533834586466165,0.6766917293233082,0.0,1.3533834586466165,11.50375939849624,7.443609022556391,1.3533834586466165,1.3533834586466165,0.0,4.060150375939849,2.0300751879699246,0.6766917293233082,0.0,0.0,22.310344827586206,50.0,64.70588235294117,100.0,6.854887218045113
mexico,Liga MX,2025,Tomás Badaloni,25.0,F,Argentina,186.0,82.0,33,23,2162.0,8.0,2.0,0.0,0.0,0,0,1,0.0,0,0.49953746530989823,2.0814061054579094,1.0407030527289547,0.3330249768732655,0.08325624421831637,0.4162812210915819,0.3330249768732655,15.985198889916743,1.2072155411655874,0.3746530989824237,0.08325624421831637,0.041628122109158186,0.4162812210915819,11.03145235892692,4.5790934320074,0.9574468085106382,0.20814061054579094,0.3330249768732655,1.0823311748381128,1.581868640148011,0.041628122109158186,0.0,0.0,10.91906005221932,50.0,41.509433962264154,21.73913043478261,6.614384828862164
mexico,Liga MX,2025,Tomás Jacob,21.0,D,Argentina,180.0,74.0,14,12,1075.0,1.0,0.0,0.0,3.0,0,0,3,0.0,0,0.08372093023255814,0.16744186046511628,0.08372093023255814,0.08372093023255814,0.0,0.08372093023255814,0.08372093023255814,32.06511627906976,0.16744186046511628,2.6790697674418604,0.41860465116279066,0.7534883720930233,3.432558139534884,9.04186046511628,4.772093023255814,1.0046511627906978,0.5023255813953489,0.586046511627907,0.5023255813953489,1.6744186046511627,0.25116279069767444,0.0,0.0,28.036553524804177,50.0,52.77777777777778,50.0,6.528837209302326
mexico,Liga MX,2025,Ulises Rivas,29.0,M,Mexico,177.0,72.0,5,1,122.0,0.0,0.0,0.0,0.0,0,0,1,0.0,0,0.0,0.7377049180327869,0.0,0.0,0.0,0.0,0.0,48.68852459016394,0.0,0.7377049180327869,1.4754098360655739,2.9508196721311477,3.6885245901639343,9.59016393442623,3.6885245901639343,0.0,0.0,1.4754098360655739,0.7377049180327869,1.4754098360655739,0.7377049180327869,0.0,0.0,25.26984126984127,0.0,38.46153846153847,,6.538461538461538
mexico,Liga MX,2025,Ulises Torres,27.0,D,Mexico,161.0,58.0,3,1,128.0,0.0,0.0,0.0,0.0,0,0,0,0.0,0,0.0,0.703125,0.0,0.0,0.0,0.0,0.0,35.15625,1.40625,2.8125,0.0,1.40625,4.21875,6.328125,3.515625,0.0,0.0,1.40625,0.703125,1.40625,0.0,0.0,0.0,17.06,0.0,55.55555555555556,,6.159375
mexico,Liga MX,2025,Unai Bilbao,31.0,D,Spain,192.0,84.0,28,22,2085.0,2.0,0.0,0.0,0.0,0,0,5,0.0,0,0.0,0.60431654676259,0.2158273381294964,0.08633093525179857,0.0,0.08633093525179857,0.08633093525179857,53.093525179856115,0.12949640287769784,1.8129496402877696,0.7338129496402878,1.5107913669064748,3.3237410071942444,7.640287769784173,4.964028776978417,0.12949640287769784,0.08633093525179857,0.47482014388489213,0.9064748201438848,1.1654676258992804,0.2158273381294964,0.0,0.0,50.86991869918699,35.714285714285715,64.97175141242938,66.66666666666666,7.092901678657075
mexico,Liga MX,2025,Uriel Antuna,28.0,F,Mexico,174.0,59.0,34,11,1309.0,3.0,3.0,1.0,0.0,0,0,1,0.0,1,0.5500381970970206,0.9625668449197861,0.6875477463712758,0.20626432391138275,0.20626432391138275,0.4125286478227655,0.20626432391138275,24.545454545454543,1.168831168831169,1.3063407181054238,0.3437738731856379,0.6187929717341483,1.9251336898395721,7.8380443086325435,3.300229182582124,1.3063407181054238,0.6875477463712758,0.9625668449197861,0.48128342245989303,1.0313216195569137,0.06875477463712758,0.0,0.06875477463712758,12.603399433427763,71.42857142857143,42.10526315789473,52.63157894736842,6.7227237949502685
mexico,Liga MX,2025,Uroš Đurđević,31.0,F,Montenegro,181.0,78.0,31,29,2573.0,12.0,1.0,1.0,0.0,5,1,9,0.0,0,0.8394869801787797,1.7839098328799066,0.8744656043528954,0.4197434900893898,0.03497862417411582,0.4547221142635056,0.2448503692188107,13.536727555382821,0.7695297318305481,0.1748931208705791,0.03497862417411582,0.2448503692188107,0.4197434900893898,6.855810338126701,3.00816167897396,0.9794014768752428,0.3497862417411582,0.27982899339292655,1.8888457054022543,1.1892732219199378,0.31480761756704234,0.0,0.0,9.666666666666666,49.01960784313725,43.87755102040816,35.714285714285715,6.753050913330742
mexico,Liga MX,2025,Valentin Gauthier,22.0,D,Uruguay,191.0,88.0,15,12,1147.0,0.0,0.0,0.0,2.0,0,0,3,0.0,1,0.0,0.15693112467306017,0.0,0.0,0.0,0.0,0.0,41.743679163034,0.15693112467306017,1.5693112467306014,0.941586748038361,1.4123801220575414,2.981691368788143,6.826503923278118,4.158674803836094,0.07846556233653008,0.07846556233653008,0.23539668700959024,0.31386224934612034,1.176983435047951,0.23539668700959024,0.0,0.07846556233653008,39.090225563909776,0.0,60.91954022988506,100.0,6.677157802964254
mexico,Liga MX,2025,Victor Arteaga,21.0,M,Mexico,174.0,68.0,3,3,155.0,0.0,0.0,0.0,0.0,0,0,1,0.0,0,0.0,0.5806451612903226,0.0,0.0,0.0,0.0,0.0,46.45161290322581,0.5806451612903226,0.5806451612903226,0.0,1.1612903225806452,1.7419354838709677,3.4838709677419355,0.5806451612903226,0.0,0.0,0.0,0.0,1.1612903225806452,0.5806451612903226,0.0,0.0,25.875,0.0,16.666666666666664,,6.529032258064516
mexico,Liga MX,2025,Victor Guzmán,23.0,D,Mexico,174.0,75.0,26,20,1866.0,1.0,0.0,0.0,0.0,0,0,3,0.0,1,0.0,0.3858520900321543,0.14469453376205788,0.04823151125401929,0.0,0.04823151125401929,0.04823151125401929,51.17363344051447,0.14469453376205788,1.3504823151125402,0.6752411575562701,1.7363344051446947,3.0868167202572345,6.12540192926045,3.906752411575563,0.48231511254019294,0.28938906752411575,0.19292604501607716,0.5305466237942122,0.819935691318328,0.14469453376205788,0.0,0.04823151125401929,46.93119698397738,37.5,63.77952755905512,60.0,7.005418454935622
mexico,Liga MX,2025,Victor Rios,21.0,M,Mexico,189.0,74.0,32,22,2062.0,1.0,0.0,0.0,1.0,0,0,8,0.0,0,0.0,0.6547041707080504,0.2618816682832202,0.04364694471387003,0.0,0.04364694471387003,0.04364694471387003,33.608147429679924,0.04364694471387003,2.182347235693501,0.6983511154219205,1.440349175557711,3.6226964112512126,8.031037827352085,4.713870029097963,0.17458777885548013,0.04364694471387003,0.43646944713870034,0.6547041707080504,1.571290009699321,0.34917555771096026,0.0,0.0,30.62727272727273,40.0,58.69565217391305,25.0,6.814451988360815
mexico,Liga MX,2025,Vitinho,24.0,M,Brazil,,,9,1,239.0,0.0,0.0,0.0,0.0,0,0,0,0.0,0,0.0,1.8828451882845187,0.0,0.0,0.0,0.0,0.0,29.372384937238497,0.7531380753138075,2.2594142259414225,0.0,1.1297071129707112,3.389121338912134,11.297071129707113,4.142259414225942,4.142259414225942,1.1297071129707112,1.506276150627615,0.37656903765690375,0.7531380753138075,0.0,0.0,0.0,12.5,0.0,36.666666666666664,27.27272727272727,6.369874476987448
mexico,Liga MX,2025,Vladimir Loroña,27.0,D,Mexico,180.0,75.0,13,9,814.0,0.0,2.0,0.0,0.0,0,0,5,0.0,0,0.0,0.44226044226044225,0.0,0.0,0.22113022113022113,0.22113022113022113,0.0,37.813267813267814,0.44226044226044225,2.211302211302211,0.3316953316953317,0.773955773955774,2.985257985257985,7.628992628992628,3.86977886977887,0.44226044226044225,0.3316953316953317,0.8845208845208845,0.773955773955774,1.547911547911548,0.5528255528255528,0.0,0.0,31.31578947368421,0.0,50.72463768115942,75.0,6.57985257985258
mexico,Liga MX,2025,Víctor Dávila,28.0,F,Chile,173.0,70.0,21,9,711.0,3.0,0.0,1.0,0.0,0,1,2,0.0,0,0.5063291139240507,2.0253164556962027,1.139240506329114,0.37974683544303794,0.0,0.37974683544303794,0.37974683544303794,28.10126582278481,1.2658227848101264,1.3924050632911393,0.12658227848101267,0.25316455696202533,1.6455696202531644,10.759493670886076,5.9493670886075956,0.8860759493670887,0.5063291139240507,0.25316455696202533,3.0379746835443036,1.8987341772151898,0.25316455696202533,0.0,0.0,14.30316742081448,56.25,55.294117647058826,57.14285714285714,6.794092827004219
mexico,Liga MX,2025,Víctor Guzmán,30.0,M,Mexico,176.0,72.0,37,16,1847.0,5.0,8.0,0.0,3.0,0,0,2,0.0,1,0.1461829994585815,1.949106659447753,0.8770979967514889,0.24363833243096913,0.38982133188955065,0.6334596643205198,0.24363833243096913,44.293448835950194,2.777476989713048,1.169463995668652,0.24363833243096913,0.43854899837574446,1.6080129940443963,8.52734163508392,4.141851651326475,1.169463995668652,0.584731997834326,0.8770979967514889,1.2669193286410396,1.3643746616134271,0.09745533297238766,0.0,0.04872766648619383,31.035203520352034,45.0,48.57142857142857,50.0,7.0648619382782885
mexico,Liga MX,2025,Waldo Madrid,22.0,M,Mexico,182.0,,9,1,210.0,0.0,0.0,0.0,0.0,0,0,0,0.0,0,0.0,1.7142857142857144,0.4285714285714286,0.0,0.0,0.0,0.0,29.142857142857146,0.4285714285714286,1.2857142857142856,0.0,1.2857142857142856,2.571428571428571,11.142857142857142,4.714285714285714,1.2857142857142856,0.4285714285714286,0.8571428571428572,1.7142857142857144,1.2857142857142856,0.0,0.0,0.0,7.455882352941177,25.0,42.30769230769231,33.33333333333333,6.651428571428571
mexico,Liga MX,2025,Walter Portales,21.0,F,USA,170.0,69.0,4,4,246.0,0.0,0.0,0.0,0.0,0,0,0,0.0,0,0.3658536585365854,0.3658536585365854,0.0,0.0,0.0,0.0,0.0,31.463414634146343,0.0,2.1951219512195124,0.3658536585365854,0.3658536585365854,2.5609756097560976,7.682926829268293,2.1951219512195124,1.0975609756097562,0.0,0.7317073170731708,0.0,1.4634146341463417,0.0,0.0,0.0,17.27906976744186,0.0,28.57142857142857,0.0,6.0373983739837405
mexico,Liga MX,2025,Willer Ditta,28.0,D,Colombia,175.0,65.0,43,42,3825.0,0.0,2.0,1.0,1.0,0,0,11,0.0,0,0.04705882352941177,0.5411764705882353,0.1411764705882353,0.0,0.04705882352941177,0.04705882352941177,0.0,52.752941176470586,0.4470588235294118,1.4117647058823528,0.7058823529411764,1.2470588235294118,2.6588235294117646,7.2,4.588235294117647,0.4470588235294118,0.37647058823529417,0.3529411764705882,0.9176470588235295,1.2235294117647058,0.2588235294117647,0.0,0.0,51.960749330954506,26.08695652173913,63.725490196078425,84.21052631578947,6.995398692810458
mexico,Liga MX,2025,William Carvalho,33.0,M,Portugal,187.0,83.0,9,3,296.0,0.0,0.0,0.0,0.0,0,0,0,0.0,0,0.0,0.9121621621621622,0.0,0.0,0.0,0.0,0.0,60.50675675675675,0.9121621621621622,1.2162162162162162,0.6081081081081081,0.30405405405405406,1.5202702702702704,7.601351351351351,3.3445945945945947,1.2162162162162162,0.6081081081081081,0.9121621621621622,0.6081081081081081,1.2162162162162162,0.0,0.0,0.0,25.050251256281406,0.0,44.0,50.0,6.590784982935153
mexico,Liga MX,2025,Yael Padilla,20.0,F,Mexico,178.0,,15,0,238.0,1.0,0.0,0.0,0.0,0,0,0,0.0,0,0.0,1.134453781512605,0.37815126050420167,0.37815126050420167,0.0,0.37815126050420167,0.37815126050420167,38.193277310924366,2.6470588235294117,1.8907563025210086,0.0,1.5126050420168067,3.403361344537815,16.638655462184875,6.80672268907563,3.403361344537815,1.5126050420168067,2.26890756302521,1.134453781512605,1.8907563025210086,0.0,0.0,0.0,11.92079207920792,33.33333333333333,40.909090909090914,44.44444444444444,6.693220338983051
mexico,Liga MX,2025,Yan Phillipe,21.0,F,Brazil,,,10,6,525.0,0.0,0.0,1.0,0.0,0,0,2,0.0,0,0.17142857142857143,1.7142857142857144,0.5142857142857142,0.0,0.0,0.0,0.0,22.62857142857143,0.6857142857142857,0.6857142857142857,0.0,0.5142857142857142,1.2000000000000002,11.485714285714288,6.514285714285714,2.4000000000000004,1.542857142857143,0.5142857142857142,4.114285714285714,2.571428571428571,0.34285714285714286,0.0,0.0,13.575757575757576,30.0,56.71641791044776,64.28571428571429,6.895992366412214
mexico,Liga MX,2025,Yoel Bárcenas,32.0,M,Panama,175.0,75.0,30,25,2276.0,3.0,1.0,0.0,0.0,1,0,3,0.0,0,0.23725834797891038,0.9885764499121266,0.5536028119507909,0.11862917398945519,0.03954305799648506,0.15817223198594024,0.07908611599297012,35.86555360281195,1.4630931458699474,1.5817223198594026,0.19771528998242532,0.5140597539543058,2.0957820738137083,9.45079086115993,4.389279437609842,2.3330404217926186,1.0281195079086116,1.344463971880492,1.0676625659050967,0.7908611599297013,0.11862917398945519,0.0,0.0,28.426681367144432,56.00000000000001,46.44351464435147,44.06779661016949,6.889850615114235
mexico,Liga MX,2025,Yonathan Del Valle,35.0,F,Venezuela,173.0,74.0,0,0,0.0,0.0,0.0,0.0,0.0,0,0,0,0.0,0,,,,,,,,,,,,,,,,,,,,,,,,,,,,
mexico,Liga MX,2025,Álvaro Angulo,28.0,D,Colombia,176.0,72.0,37,36,3195.0,6.0,2.0,1.0,0.0,1,1,8,0.0,2,0.5915492957746479,0.9295774647887324,0.30985915492957744,0.16901408450704225,0.05633802816901408,0.22535211267605632,0.14084507042253522,29.014084507042252,0.8169014084507042,1.5492957746478873,0.36619718309859156,0.8169014084507042,2.3661971830985915,6.394366197183099,3.5211267605633805,0.9859154929577465,0.5352112676056338,0.45070422535211263,0.5070422535211268,0.8732394366197184,0.22535211267605632,0.0,0.05633802816901408,26.1873786407767,33.33333333333333,55.06607929515418,54.285714285714285,6.768450704225352
mexico,Liga MX,2025,Álvaro Fidalgo,28.0,M,Spain,174.0,68.0,21,17,1537.0,1.0,0.0,0.0,0.0,0,0,1,0.0,0,0.058555627846454135,0.5270006506180871,0.17566688353936238,0.058555627846454135,0.0,0.058555627846454135,0.058555627846454135,74.4242029928432,1.4638906961613531,1.5810019518542615,0.058555627846454135,0.23422251138581654,1.815224463240078,8.08067664281067,4.508783344176968,1.6395575797007158,0.9954456733897201,0.8197787898503579,1.5810019518542615,0.29277813923227064,0.058555627846454135,0.0,0.0,65.76947285601888,33.33333333333333,55.79710144927537,60.71428571428571,7.258880936890045
mexico,Liga MX,2025,Ángel Chávez,20.0,D,Mexico,181.0,,1,0,12.0,0.0,0.0,0.0,0.0,0,0,0,0.0,0,0.0,0.0,0.0,0.0,0.0,0.0,0.0,22.5,0.0,0.0,0.0,7.5,7.5,0.0,0.0,0.0,0.0,0.0,0.0,0.0,0.0,0.0,0.0,3.0,,,,6.599999999999999
mexico,Liga MX,2025,Ángel Correa,30.0,M,Argentina,173.0,68.0,41,37,3500.0,16.0,12.0,2.0,0.0,1,1,7,0.0,0,0.36,2.597142857142857,1.5685714285714285,0.4114285714285715,0.30857142857142855,0.72,0.38571428571428573,28.90285714285714,2.057142857142857,1.0542857142857143,0.051428571428571435,0.23142857142857143,1.2857142857142856,11.442857142857143,4.9628571428571435,4.088571428571429,1.8,0.6171428571428571,1.8,1.1314285714285715,0.18,0.0,0.0,23.838078291814945,60.396039603960396,43.37078651685393,44.0251572327044,7.0773142857142854
mexico,Liga MX,2025,Ángel Estrada,22.0,M,Mexico,182.0,58.0,12,3,356.0,0.0,0.0,0.0,0.0,0,0,0,0.0,0,0.0,1.2640449438202246,0.0,0.0,0.0,0.0,0.0,34.63483146067416,0.5056179775280899,1.7696629213483146,0.7584269662921348,0.5056179775280899,2.2752808988764044,8.848314606741573,3.792134831460674,1.0112359550561798,0.5056179775280899,1.2640449438202246,1.2640449438202246,0.5056179775280899,0.0,0.0,0.0,14.18978102189781,0.0,42.857142857142854,50.0,6.623314606741573
mexico,Liga MX,2025,Ángel Robles,24.0,M,Mexico,174.0,68.0,1,0,1.0,0.0,0.0,0.0,0.0,0,0,0,0.0,0,0.0,0.0,0.0,0.0,0.0,0.0,0.0,90.0,0.0,0.0,0.0,0.0,0.0,0.0,0.0,0.0,0.0,0.0,0.0,0.0,0.0,0.0,0.0,1.0,,,,
mexico,Liga MX,2025,Ángel Sepúlveda,34.0,F,Mexico,181.0,80.0,37,16,1698.0,11.0,4.0,2.0,0.0,4,0,4,0.0,0,0.6890459363957597,2.4381625441696113,1.3780918727915195,0.5830388692579506,0.21201413427561835,0.7950530035335689,0.3710247349823321,18.81625441696113,1.3780918727915195,0.3710247349823321,0.10600706713780918,0.15901060070671377,0.5300353356890459,11.925795053003533,5.724381625441696,0.901060070671378,0.3710247349823321,0.10600706713780918,1.5371024734982333,0.7950530035335689,0.21201413427561835,0.0,0.0,11.536723163841808,56.52173913043478,48.0,41.17647058823529,6.904711425206125
mexico,Liga MX,2025,Ángel Zapata,24.0,M,Mexico,160.0,60.0,21,16,1402.0,0.0,1.0,0.0,1.0,0,0,4,0.0,1,0.0,0.7061340941512125,0.3209700427960057,0.0,0.06419400855920114,0.06419400855920114,0.0,32.353780313837376,0.38516405135520687,2.4393723252496433,0.5777460770328102,1.0271041369472182,3.4664764621968613,8.601997146932954,4.878744650499287,0.5135520684736091,0.19258202567760344,0.834522111269615,1.9900142653352355,1.7974322396576319,0.25677603423680456,0.0,0.06419400855920114,30.169322709163346,45.45454545454545,56.71641791044776,37.5,6.832237312365975
mexico,Liga MX,2025,Ángelo Araos,28.0,M,Chile,174.0,70.0,9,2,252.0,1.0,0.0,0.0,0.0,0,0,0,0.0,0,0.7142857142857142,1.4285714285714284,0.7142857142857142,0.3571428571428571,0.0,0.3571428571428571,0.3571428571428571,35.0,1.4285714285714284,1.4285714285714284,0.0,0.3571428571428571,1.7857142857142856,7.5,3.214285714285714,1.4285714285714284,0.7142857142857142,0.0,0.7142857142857142,2.5,0.0,0.0,0.0,11.051020408163266,50.0,42.857142857142854,50.0,6.616269841269841
mexico,Liga MX,2025,Érick Aguirre,28.0,M,Mexico,171.0,60.0,18,8,831.0,0.0,1.0,0.0,0.0,0,0,2,0.0,0,0.0,0.21660649819494585,0.21660649819494585,0.0,0.10830324909747292,0.10830324909747292,0.0,48.95306859205776,1.2996389891696751,2.1660649819494586,0.4332129963898917,1.0830324909747293,3.2490974729241877,8.989169675090253,5.090252707581228,1.6245487364620939,0.9747292418772563,0.7581227436823104,0.6498194945848376,0.7581227436823104,0.21660649819494585,0.0,0.0,30.303097345132745,100.0,56.62650602409639,60.0,6.733212996389892
mexico,Liga MX,2025,Érick Gutiérrez,30.0,M,Mexico,176.0,73.0,13,6,690.0,0.0,2.0,0.0,2.0,0,0,5,0.0,0,0.13043478260869565,0.5217391304347826,0.0,0.0,0.2608695652173913,0.2608695652173913,0.0,53.47826086956522,1.1739130434782608,2.608695652173913,0.0,0.391304347826087,3.0,11.739130434782608,5.869565217391304,0.9130434782608695,0.391304347826087,1.3043478260869565,1.434782608695652,2.0869565217391304,0.6521739130434783,0.0,0.0,38.795121951219514,0.0,50.0,42.857142857142854,6.822898550724638
mexico,Liga MX,2025,Óliver Torres,31.0,M,Spain,178.0,70.0,33,31,2547.0,2.0,8.0,1.0,0.0,0,0,6,0.0,1,0.0706713780918728,0.5300353356890459,0.17667844522968199,0.0706713780918728,0.2826855123674912,0.35335689045936397,0.0706713780918728,55.51236749116608,1.8374558303886928,2.2614840989399294,0.1413427561837456,1.1307420494699647,3.3922261484098937,7.491166077738516,4.098939929328622,0.9187279151943464,0.6360424028268551,1.2720848056537102,1.0247349823321554,0.9187279151943464,0.21201413427561835,0.0,0.0353356890459364,47.64226607256524,33.33333333333333,54.71698113207547,69.23076923076923,7.185983510011779
mexico,Liga MX,2025,Óscar Estupiñán,29.0,F,Colombia,182.0,76.0,32,30,2371.0,15.0,2.0,1.0,1.0,8,0,6,0.0,0,0.4555040067482075,1.973850695908899,0.911008013496415,0.5693800084352594,0.07591733445803459,0.645297342893294,0.26571067060312104,13.285533530156052,0.8730493462673977,0.30366933783213834,0.15183466891606917,0.07591733445803459,0.3795866722901729,9.755377477857444,4.06157739350485,0.22775200337410376,0.03795866722901729,0.26571067060312104,1.1387600168705188,1.1387600168705188,0.22775200337410376,0.0,0.0,9.225714285714286,46.15384615384615,41.63424124513619,16.666666666666664,6.8545761282159425
mexico,Liga MX,2025,Óscar Jiménez,37.0,G,Mexico,182.0,73.0,3,3,270.0,0.0,0.0,0.0,0.0,0,0,0,0.0,0,0.0,0.0,0.0,0.0,0.0,0.0,0.0,25.999999999999996,0.33333333333333337,0.0,0.0,0.0,0.0,0.0,0.0,0.0,0.0,0.0,0.0,0.0,0.0,0.0,0.0,20.807692307692307,,,,6.033333333333333
mexico,Liga MX,2025,Óscar Villa,24.0,D,Mexico,176.0,70.0,1,1,69.0,0.0,0.0,0.0,0.0,0,0,0,0.0,0,0.0,0.0,0.0,0.0,0.0,0.0,0.0,36.52173913043478,1.3043478260869565,2.608695652173913,0.0,1.3043478260869565,3.9130434782608696,5.217391304347826,2.608695652173913,0.0,0.0,0.0,0.0,1.3043478260869565,0.0,0.0,0.0,27.0,,50.0,,5.9
mexico,Liga MX,2025,Óscar Whalley,31.0,G,Spain,190.0,82.0,6,6,540.0,0.0,0.0,0.0,0.0,0,0,1,0.0,0,0.0,0.0,0.0,0.0,0.0,0.0,0.0,28.5,0.16666666666666669,0.0,0.0,0.0,0.0,0.16666666666666669,0.16666666666666669,0.0,0.0,0.0,0.0,0.0,0.16666666666666669,0.0,0.0,22.450292397660817,,100.0,,7.133333333333334
