country,league,season,player_name,age,position,nationality,height,weight,appearances,starts,minutes,goals_total,assists,penalty_won,penalty_committed,penalty_scored,penalty_missed,yellow_cards,yellowred_cards,red_cards,offsides_per90,shots_total_per90,shots_on_per90,goals_total_per90,assists_per90,goals_plus_assists_per90,non_penalty_goals_per90,passes_total_per90,passes_key_per90,tackles_total_per90,blocks_per90,interceptions_per90,tackles_plus_interceptions_per90,duels_total_per90,duels_won_per90,dribbles_attempts_per90,dribbles_success_per90,dribbles_past_per90,fouls_drawn_per90,fouls_committed_per90,yellow_cards_per90,yellowred_cards_per90,red_cards_per90,passes_accuracy_pct,shots_on_target_pct,duels_won_pct,dribbles_success_pct,rating_weighted
netherlands,Eredivisie,2025,Aaron Bouwman,18.0,D,Netherlands,188.0,71.0,10,8,770.0,1.0,0.0,0.0,0.0,0,0,2,0.0,0,0.0,0.7012987012987013,0.4675324675324675,0.11688311688311688,0.0,0.11688311688311688,0.11688311688311688,66.15584415584416,0.11688311688311688,1.168831168831169,0.5844155844155845,0.8181818181818181,1.9870129870129871,5.376623376623376,2.4545454545454546,0.23376623376623376,0.23376623376623376,0.35064935064935066,0.0,1.168831168831169,0.23376623376623376,0.0,0.0,67.35865724381625,66.66666666666666,45.65217391304348,100.0,7.0519480519480515
netherlands,Eredivisie,2025,Aaron Meijers,38.0,D,Netherlands,176.0,77.0,12,5,511.0,0.0,0.0,0.0,0.0,0,0,0,0.0,0,0.0,0.1761252446183953,0.1761252446183953,0.0,0.0,0.0,0.0,32.93542074363992,0.1761252446183953,1.9373776908023483,0.1761252446183953,0.0,1.9373776908023483,8.277886497064578,4.227005870841487,0.8806262230919765,0.3522504892367906,1.5851272015655575,1.2328767123287672,0.8806262230919765,0.0,0.0,0.0,18.636363636363637,100.0,51.06382978723404,40.0,6.511545988258317
netherlands,Eredivisie,2025,Abdellah Ouazane,16.0,M,,,,0,0,0.0,0.0,0.0,0.0,0.0,0,0,0,0.0,0,,,,,,,,,,,,,,,,,,,,,,,,,,,,
netherlands,Eredivisie,2025,Abdelraffie Benzzine,19.0,D,Netherlands,,,0,0,0.0,0.0,0.0,0.0,0.0,0,0,0,0.0,0,,,,,,,,,,,,,,,,,,,,,,,,,,,,
netherlands,Eredivisie,2025,Adam Carlén,25.0,M,Sweden,194.0,87.0,25,12,1243.0,0.0,1.0,0.0,1.0,0,0,4,0.0,0,0.07240547063555913,0.28962188254223653,0.07240547063555913,0.0,0.07240547063555913,0.07240547063555913,0.0,32.9444891391794,0.5068382944489139,2.6065969428801288,0.6516492357200322,0.6516492357200322,3.258246178600161,9.267900241351569,5.285599356395816,0.14481094127111827,0.14481094127111827,1.0136765888978279,0.6516492357200322,1.592920353982301,0.28962188254223653,0.0,0.0,26.738938053097346,25.0,57.03125,100.0,6.725322580645161
netherlands,Eredivisie,2025,Adamo Nagalo,23.0,D,Burkina Faso,185.0,75.0,0,0,0.0,0.0,0.0,0.0,0.0,0,0,0,0.0,0,,,,,,,,,,,,,,,,,,,,,,,,,,,,
netherlands,Eredivisie,2025,Adil Lechkar,24.0,D,Netherlands,171.0,,16,1,290.0,0.0,2.0,0.0,0.0,0,0,2,0.0,0,0.3103448275862069,0.6206896551724138,0.3103448275862069,0.0,0.6206896551724138,0.6206896551724138,0.0,32.58620689655172,0.9310344827586207,3.103448275862069,0.6206896551724138,1.5517241379310345,4.655172413793103,13.344827586206895,6.517241379310345,0.9310344827586207,0.6206896551724138,0.9310344827586207,1.8620689655172413,3.103448275862069,0.6206896551724138,0.0,0.0,6.495238095238095,50.0,48.837209302325576,66.66666666666666,6.575694444444444
netherlands,Eredivisie,2025,Adrian Blake,20.0,F,England,173.0,65.0,25,10,1037.0,2.0,2.0,0.0,0.0,0,0,2,0.0,0,0.17357762777242045,2.430086788813886,1.3018322082931533,0.17357762777242045,0.17357762777242045,0.3471552555448409,0.17357762777242045,26.036644165863063,1.3018322082931533,0.4339440694310511,0.0,0.2603664416586307,0.6943105110896818,9.112825458052074,3.037608486017358,3.558341369334619,1.3886210221793636,0.5207328833172614,1.128254580520733,0.6943105110896818,0.17357762777242045,0.0,0.0,13.053333333333333,53.57142857142857,33.33333333333333,39.02439024390244,6.817408123791102
netherlands,Eredivisie,2025,Ahmetcan Kaplan,23.0,D,Türkiye,189.0,72.0,25,23,2050.0,1.0,0.0,0.0,1.0,0,0,10,0.0,0,0.08780487804878048,0.6146341463414634,0.35121951219512193,0.04390243902439024,0.0,0.04390243902439024,0.04390243902439024,50.31219512195123,0.3951219512195122,2.1951219512195124,0.6146341463414634,1.1414634146341465,3.3365853658536584,13.434146341463414,7.990243902439024,1.0975609756097562,0.8341463414634146,0.7902439024390244,1.8878048780487806,1.5804878048780489,0.43902439024390244,0.0,0.0,45.06544502617801,57.14285714285714,59.47712418300654,76.0,6.974390243902439
netherlands,Eredivisie,2025,Ajdin Hrustić,29.0,M,Australia,183.0,78.0,27,25,2222.0,1.0,6.0,0.0,0.0,0,0,5,0.0,0,0.0405040504050405,1.053105310531053,0.48604860486048607,0.0405040504050405,0.24302430243024303,0.28352835283528355,0.0405040504050405,40.22052205220522,2.2682268226822684,1.3366336633663365,0.28352835283528355,0.3645364536453646,1.7011701170117013,7.9792979297929785,3.766876687668767,2.187218721872187,0.8505850585058506,0.6075607560756076,1.296129612961296,1.0126012601260126,0.20252025202520252,0.0,0.0,33.14300100704934,46.15384615384615,47.20812182741117,38.88888888888889,6.857650765076508
netherlands,Eredivisie,2025,Alassane Pléa,32.0,F,France,181.0,79.0,2,2,112.0,0.0,1.0,0.0,0.0,0,0,0,0.0,0,1.607142857142857,0.8035714285714285,0.0,0.0,0.8035714285714285,0.8035714285714285,0.0,28.92857142857143,1.607142857142857,1.607142857142857,0.8035714285714285,0.8035714285714285,2.4107142857142856,7.232142857142858,4.821428571428571,1.607142857142857,1.607142857142857,0.8035714285714285,0.8035714285714285,0.0,0.0,0.0,0.0,24.0,0.0,66.66666666666666,100.0,7.383928571428571
netherlands,Eredivisie,2025,Alec Van Hoorenbeeck,27.0,D,Belgium,187.0,77.0,24,24,2156.0,2.0,0.0,0.0,1.0,0,0,5,0.0,0,0.041743970315398886,0.5426716141001855,0.16697588126159554,0.08348794063079777,0.0,0.08348794063079777,0.08348794063079777,48.673469387755105,0.29220779220779225,0.9601113172541744,1.043599257884972,1.3358070500927643,2.295918367346939,7.138218923933209,4.174397031539888,0.4174397031539889,0.2504638218923933,0.4591836734693877,0.5844155844155845,0.7931354359925787,0.20871985157699444,0.0,0.0,43.55403087478559,30.76923076923077,58.47953216374269,60.0,6.67987012987013
netherlands,Eredivisie,2025,Alen Halilović,29.0,M,Croatia,169.0,69.0,5,0,37.0,0.0,1.0,0.0,0.0,0,0,0,0.0,0,0.0,2.4324324324324325,0.0,0.0,2.4324324324324325,2.4324324324324325,0.0,46.21621621621621,4.864864864864865,2.4324324324324325,0.0,2.4324324324324325,4.864864864864865,14.594594594594595,12.162162162162163,0.0,0.0,0.0,9.72972972972973,2.4324324324324325,0.0,0.0,0.0,5.157894736842105,0.0,83.33333333333334,,6.511111111111111
netherlands,Eredivisie,2025,Alex Plat,27.0,M,Netherlands,178.0,71.0,17,6,595.0,0.0,0.0,0.0,0.0,0,0,2,0.0,0,0.0,0.3025210084033614,0.0,0.0,0.0,0.0,0.0,38.11764705882353,0.7563025210084033,1.8151260504201683,0.3025210084033614,2.1176470588235294,3.9327731092436973,9.07563025210084,4.991596638655462,0.9075630252100841,0.7563025210084033,0.9075630252100841,1.5126050420168067,1.0588235294117647,0.3025210084033614,0.0,0.0,15.507936507936508,0.0,55.00000000000001,83.33333333333334,6.5253781512605045
netherlands,Eredivisie,2025,Alexandre Penetra,24.0,D,Portugal,186.0,73.0,33,33,2846.0,2.0,1.0,0.0,1.0,0,0,5,0.0,0,0.06324666198172874,0.3794799718903724,0.06324666198172874,0.06324666198172874,0.03162333099086437,0.0948699929725931,0.06324666198172874,59.70484891075193,0.25298664792691494,1.2965565706254392,0.8538299367533381,0.8538299367533381,2.150386507378777,6.640899508081518,3.6050597329585385,0.06324666198172874,0.03162333099086437,0.5059732958538299,0.7273366127898806,0.6324666198172874,0.15811665495432184,0.0,0.0,57.11440677966102,16.666666666666664,54.285714285714285,50.0,6.967252283907238
netherlands,Eredivisie,2025,Alfons Sampsted,27.0,D,Iceland,180.0,72.0,12,12,877.0,0.0,2.0,0.0,0.0,0,0,2,0.0,1,0.0,0.10262257696693272,0.10262257696693272,0.0,0.20524515393386544,0.20524515393386544,0.0,31.812998859749147,0.6157354618015963,3.1812998859749144,0.4104903078677309,0.8209806157354618,4.002280501710376,9.74914481185861,5.233751425313569,0.4104903078677309,0.10262257696693272,1.2314709236031927,0.5131128848346637,0.5131128848346637,0.20524515393386544,0.0,0.10262257696693272,23.9,100.0,53.68421052631579,25.0,6.800000000000001
netherlands,Eredivisie,2025,Alhaji Bah,17.0,D,Netherlands,,,0,0,0.0,0.0,0.0,0.0,0.0,0,0,0,0.0,0,,,,,,,,,,,,,,,,,,,,,,,,,,,,
netherlands,Eredivisie,2025,Alonzo Engwanda,22.0,M,Belgium,185.0,71.0,35,35,2968.0,0.0,1.0,0.0,0.0,0,0,4,0.0,0,0.0,0.12129380053908356,0.03032345013477089,0.0,0.03032345013477089,0.03032345013477089,0.0,36.29716981132076,0.272911051212938,2.9110512129380055,0.272911051212938,1.6981132075471697,4.609164420485175,8.611859838274933,5.09433962264151,1.091644204851752,0.48517520215633425,0.6064690026954178,0.5154986522911051,0.8793800539083558,0.12129380053908356,0.0,0.0,33.60484544695071,25.0,59.154929577464785,44.44444444444444,6.994305929919137
netherlands,Eredivisie,2025,Alwande Roaldsoy,21.0,M,Norway,,,4,0,49.0,0.0,0.0,0.0,0.0,0,0,0,0.0,0,0.0,0.0,0.0,0.0,0.0,0.0,0.0,49.59183673469387,1.8367346938775508,3.6734693877551017,0.0,3.6734693877551017,7.346938775510203,18.367346938775512,12.857142857142856,5.5102040816326525,3.6734693877551017,0.0,0.0,0.0,0.0,0.0,0.0,7.185185185185185,,70.0,66.66666666666666,6.579591836734694
netherlands,Eredivisie,2025,Amin Bouchouari,17.0,D,,,,0,0,0.0,0.0,0.0,0.0,0.0,0,0,0,0.0,0,,,,,,,,,,,,,,,,,,,,,,,,,,,,
netherlands,Eredivisie,2025,Amin Bouchouari,,D,,,,0,0,0.0,0.0,0.0,0.0,0.0,0,0,0,0.0,0,,,,,,,,,,,,,,,,,,,,,,,,,,,,
netherlands,Eredivisie,2025,Amin Laoukili,20.0,M,,,,1,0,2.0,0.0,0.0,0.0,0.0,0,0,0,0.0,0,0.0,45.0,45.0,0.0,0.0,0.0,0.0,0.0,0.0,0.0,0.0,0.0,0.0,0.0,0.0,0.0,0.0,0.0,0.0,0.0,0.0,0.0,0.0,,100.0,,,
netherlands,Eredivisie,2025,Amine Salama,25.0,F,France,192.0,78.0,8,4,329.0,0.0,1.0,0.0,0.0,0,0,0,0.0,0,0.0,1.094224924012158,0.547112462006079,0.0,0.2735562310030395,0.2735562310030395,0.0,25.987841945288753,1.9148936170212765,0.547112462006079,0.0,0.0,0.547112462006079,9.300911854103344,3.0091185410334345,3.829787234042553,1.641337386018237,0.2735562310030395,0.0,0.547112462006079,0.0,0.0,0.0,10.031578947368422,50.0,32.35294117647059,42.857142857142854,6.445896656534954
netherlands,Eredivisie,2025,Amourricho van Axel-Dongen,21.0,F,Netherlands,175.0,70.0,7,1,124.0,1.0,0.0,0.0,0.0,0,0,0,0.0,0,0.0,2.903225806451613,1.4516129032258065,0.7258064516129032,0.0,0.7258064516129032,0.7258064516129032,14.516129032258064,0.0,0.0,1.4516129032258065,0.7258064516129032,0.7258064516129032,23.225806451612904,6.53225806451613,6.53225806451613,2.1774193548387095,1.4516129032258065,2.903225806451613,2.1774193548387095,0.0,0.0,0.0,3.3333333333333335,50.0,28.125,33.33333333333333,6.525806451612904
netherlands,Eredivisie,2025,Anass Salah-Eddine,24.0,D,Morocco,180.0,66.0,17,12,1092.0,0.0,0.0,1.0,0.0,0,0,3,0.0,1,0.0,0.32967032967032966,0.16483516483516483,0.0,0.0,0.0,0.0,51.18131868131868,0.8241758241758242,2.3076923076923075,0.24725274725274726,0.8241758241758242,3.131868131868132,9.725274725274726,5.769230769230768,1.4835164835164836,0.9065934065934067,0.4945054945054945,1.3186813186813187,1.1538461538461537,0.24725274725274726,0.0,0.08241758241758242,41.85507246376812,50.0,59.32203389830508,61.111111111111114,6.793131868131868
netherlands,Eredivisie,2025,Andrea Natali,17.0,D,Italy,186.0,80.0,0,0,0.0,0.0,0.0,0.0,0.0,0,0,0,0.0,0,,,,,,,,,,,,,,,,,,,,,,,,,,,,
netherlands,Eredivisie,2025,Andries Noppert,31.0,G,Netherlands,203.0,94.0,4,4,360.0,0.0,0.0,0.0,0.0,0,0,0,0.0,0,0.0,0.0,0.0,0.0,0.0,0.0,0.0,35.0,0.0,0.0,0.0,0.0,0.0,1.5,1.25,0.0,0.0,0.25,0.25,0.0,0.0,0.0,0.0,24.12142857142857,,83.33333333333334,,7.0
netherlands,Eredivisie,2025,André Ayew,36.0,F,Ghana,175.0,70.0,17,8,881.0,1.0,0.0,0.0,0.0,0,0,1,0.0,0,0.4086265607264472,2.145289443813848,0.8172531214528944,0.1021566401816118,0.0,0.1021566401816118,0.1021566401816118,21.759364358683314,0.8172531214528944,0.7150964812712826,0.1021566401816118,0.1021566401816118,0.8172531214528944,16.4472190692395,6.844494892167991,1.8388195232690125,0.6129398410896708,0.4086265607264472,2.2474460839954595,0.5107832009080591,0.1021566401816118,0.0,0.0,11.075117370892018,38.095238095238095,41.61490683229814,33.33333333333333,6.45017026106697
netherlands,Eredivisie,2025,Anel Ahmedhodžić,26.0,D,Bosnia and Herzegovina,190.0,84.0,26,26,2210.0,0.0,1.0,0.0,0.0,0,0,7,0.0,1,0.0,0.36651583710407243,0.04072398190045249,0.0,0.04072398190045249,0.04072398190045249,0.0,59.21266968325792,0.5294117647058824,1.1402714932126696,0.6108597285067874,1.506787330316742,2.6470588235294117,7.6968325791855206,4.520361990950226,0.2850678733031674,0.08144796380090498,0.08144796380090498,0.6923076923076923,1.2217194570135748,0.2850678733031674,0.0,0.04072398190045249,55.04057771664374,11.11111111111111,58.730158730158735,28.57142857142857,6.8471493212669685
netherlands,Eredivisie,2025,Anis Hadj Moussa,23.0,M,Algeria,176.0,72.0,30,30,2553.0,11.0,6.0,0.0,0.0,0,0,4,0.0,1,0.10575793184488837,1.8683901292596947,1.128084606345476,0.38777908343125733,0.21151586368977673,0.5992949471210341,0.38777908343125733,28.484136310223267,2.5029377203290246,0.8460634547591069,0.0,0.24676850763807287,1.0928319623971798,11.210340775558167,4.9353701527614575,5.605170387779084,2.6439482961222094,1.0575793184488838,1.2338425381903644,0.5287896592244419,0.1410105757931845,0.0,0.03525264394829612,22.21039603960396,60.37735849056604,44.0251572327044,47.16981132075472,7.496043869956914
netherlands,Eredivisie,2025,Anselmo Garcia McNulty,22.0,D,Republic of Ireland,187.0,86.0,32,32,2845.0,2.0,0.0,0.0,1.0,0,0,6,0.0,1,0.03163444639718805,0.3163444639718805,0.15817223198594024,0.0632688927943761,0.0,0.0632688927943761,0.0632688927943761,47.894551845342704,0.34797891036906853,1.3919156414762741,0.632688927943761,1.0755711775043937,2.467486818980668,6.200351493848858,3.479789103690685,0.28471001757469244,0.22144112478031633,0.5694200351493849,0.47451669595782076,0.9173989455184535,0.1898066783831283,0.0,0.03163444639718805,46.00462351387054,50.0,56.12244897959183,77.77777777777779,6.626326889279438
netherlands,Eredivisie,2025,Anthony Descotte,22.0,F,Belgium,179.0,73.0,14,9,881.0,4.0,1.0,0.0,0.0,0,0,2,0.0,0,0.1021566401816118,2.145289443813848,1.6345062429057888,0.4086265607264472,0.1021566401816118,0.5107832009080591,0.4086265607264472,19.81838819523269,1.0215664018161181,0.8172531214528944,0.0,0.0,0.8172531214528944,11.135073779795686,4.290578887627696,2.0431328036322363,0.8172531214528944,0.3064699205448354,0.9194097616345063,1.0215664018161181,0.2043132803632236,0.0,0.0,11.463917525773196,76.19047619047619,38.53211009174312,40.0,6.781044267877412
netherlands,Eredivisie,2025,Anton Gaaei,23.0,D,Denmark,183.0,73.0,28,21,2003.0,1.0,4.0,0.0,0.0,0,0,3,0.0,0,0.0,0.9885172241637544,0.40439340988517225,0.044932601098352475,0.1797304043934099,0.22466300549176238,0.044932601098352475,44.663005491762355,1.3929106340489266,1.5726410384423366,0.22466300549176238,0.9435846230654019,2.5162256615077383,7.324013979031453,3.45981028457314,1.3479780329505742,0.4942586120818772,0.5391912131802297,0.22466300549176238,1.0783824263604593,0.13479780329505742,0.0,0.0,35.16297786720322,40.909090909090914,47.239263803680984,36.666666666666664,6.83290064902646
netherlands,Eredivisie,2025,Antonio Satriano,22.0,F,Italy,185.0,70.0,1,0,10.0,0.0,0.0,0.0,0.0,0,0,0,0.0,0,0.0,0.0,0.0,0.0,0.0,0.0,0.0,0.0,0.0,0.0,0.0,0.0,0.0,9.0,0.0,0.0,0.0,0.0,0.0,0.0,0.0,0.0,0.0,,,0.0,,6.5
netherlands,Eredivisie,2025,Argyrios Darelas,22.0,M,Greece,188.0,,0,0,0.0,0.0,0.0,0.0,0.0,0,0,0,0.0,0,,,,,,,,,,,,,,,,,,,,,,,,,,,,
netherlands,Eredivisie,2025,Arman Nahany,17.0,M,,,,0,0,0.0,0.0,0.0,0.0,0.0,0,0,0,0.0,0,,,,,,,,,,,,,,,,,,,,,,,,,,,,
netherlands,Eredivisie,2025,Armando Obispo,26.0,D,Netherlands,185.0,79.0,17,9,821.0,2.0,0.0,0.0,0.0,0,0,1,0.0,0,0.0,1.0962241169305724,0.6577344701583434,0.21924482338611448,0.0,0.21924482338611448,0.21924482338611448,64.23873325213154,0.0,0.6577344701583434,0.43848964677222896,0.6577344701583434,1.3154689403166868,9.646772228989038,5.481120584652863,0.21924482338611448,0.21924482338611448,0.21924482338611448,0.43848964677222896,0.6577344701583434,0.10962241169305724,0.0,0.0,47.37264957264957,60.0,56.81818181818182,100.0,6.816463414634146
netherlands,Eredivisie,2025,Arno Verschueren,28.0,M,Belgium,184.0,73.0,30,3,601.0,0.0,2.0,0.0,0.0,0,0,1,0.0,0,0.2995008319467554,1.6472545757071548,1.0482529118136439,0.0,0.2995008319467554,0.2995008319467554,0.0,39.384359400998335,2.3960066555740434,2.0965058236272878,0.1497504159733777,0.8985024958402662,2.995008319467554,14.525790349417637,6.139767054908486,1.6472545757071548,1.0482529118136439,1.1980033277870217,0.4492512479201331,2.8452579034941765,0.1497504159733777,0.0,0.0,9.03076923076923,63.63636363636363,42.2680412371134,63.63636363636363,6.563804713804714
netherlands,Eredivisie,2025,Arouna Kabba,20.0,G,Netherlands,188.0,74.0,0,0,0.0,0.0,0.0,0.0,0.0,0,0,0,0.0,0,,,,,,,,,,,,,,,,,,,,,,,,,,,,
netherlands,Eredivisie,2025,Artem Stepanov,18.0,F,,,,15,13,948.0,5.0,1.0,0.0,0.0,1,0,0,0.0,0,0.6645569620253164,2.278481012658228,0.9493670886075949,0.47468354430379744,0.09493670886075949,0.569620253164557,0.37974683544303794,15.854430379746837,0.6645569620253164,0.7594936708860759,0.0,0.09493670886075949,0.8544303797468354,11.677215189873417,4.367088607594937,2.468354430379747,0.8544303797468354,0.47468354430379744,0.47468354430379744,1.8037974683544304,0.0,0.0,0.0,9.173652694610778,41.66666666666667,37.39837398373984,34.61538461538461,6.75548523206751
netherlands,Eredivisie,2025,Arthur Zagre,24.0,D,France,168.0,55.0,30,27,2387.0,4.0,2.0,0.0,0.0,1,1,7,0.0,1,0.0754084625052367,0.5655634687892752,0.33933808127356513,0.1508169250104734,0.0754084625052367,0.22622538751571009,0.11311269375785504,40.79597821533306,0.6409719312945119,2.0737327188940093,0.3770423125261835,1.0934227063259323,3.1671554252199416,7.616254713028907,4.1097612065354,1.9983242563887724,1.0934227063259323,0.45245077503142017,0.6409719312945119,1.2065354000837871,0.26392961876832843,0.0,0.03770423125261835,35.73290203327172,60.0,53.960396039603964,54.71698113207547,6.727524088814412
netherlands,Eredivisie,2025,Aske Adelgaard,22.0,D,Denmark,175.0,,27,16,1561.0,1.0,2.0,0.0,0.0,0,0,4,0.0,0,0.11531069827033952,0.46124279308135807,0.23062139654067904,0.05765534913516976,0.11531069827033952,0.1729660474055093,0.05765534913516976,37.36066623959,0.8648302370275465,2.0179372197309418,0.46124279308135807,0.9801409352978859,2.9980781550288276,8.936579115951313,4.7277386290839205,1.0954516335682254,0.6342088404868673,1.2107623318385652,0.8648302370275465,1.3837283792440744,0.23062139654067904,0.0,0.0,27.817901234567902,50.0,52.903225806451616,57.89473684210527,6.844266495836003
netherlands,Eredivisie,2025,Aurelio Oehlers,21.0,F,Netherlands,178.0,74.0,33,18,1538.0,4.0,1.0,0.0,0.0,0,0,1,0.0,0,0.2340702210663199,0.8192457737321196,0.5851755526657997,0.2340702210663199,0.05851755526657997,0.29258777633289984,0.2340702210663199,18.901170351105332,0.8777633289986997,1.1703511053315994,0.0,0.29258777633289984,1.4629388816644995,8.719115734720416,3.5695708712613783,2.457737321196359,0.8777633289986997,0.29258777633289984,1.0533159947984396,0.3511053315994799,0.05851755526657997,0.0,0.0,10.274143302180685,71.42857142857143,40.939597315436245,35.714285714285715,6.778283485045514
netherlands,Eredivisie,2025,Ayase Ueda,27.0,F,Japan,182.0,76.0,31,31,2533.0,25.0,1.0,1.0,0.0,1,0,2,0.0,0,0.284247927358863,3.0201342281879193,1.6344255823134621,0.8882747729964469,0.035530990919857876,0.9238057639163049,0.8527437820765891,15.100671140939598,0.7461508093170154,0.42637189103829454,0.035530990919857876,0.07106198183971575,0.4974338728780102,11.831819976312673,6.18239242005527,0.9238057639163049,0.2487169364390051,0.10659297275957363,2.1318594551914725,0.8527437820765891,0.07106198183971575,0.0,0.0,10.712941176470588,54.11764705882353,52.25225225225225,26.923076923076923,7.136202131859455
netherlands,Eredivisie,2025,Aymean el Hani,18.0,G,Netherlands,182.0,,0,0,0.0,0.0,0.0,0.0,0.0,0,0,0,0.0,0,,,,,,,,,,,,,,,,,,,,,,,,,,,,
netherlands,Eredivisie,2025,Aymen Sliti,19.0,F,Netherlands,,,19,3,478.0,1.0,0.0,0.0,0.0,0,0,0,0.0,0,0.18828451882845187,1.1297071129707112,0.5648535564853556,0.18828451882845187,0.0,0.18828451882845187,0.18828451882845187,34.4560669456067,1.694560669456067,0.5648535564853556,0.0,0.37656903765690375,0.9414225941422594,10.543933054393305,4.707112970711297,2.6359832635983262,1.1297071129707112,0.9414225941422594,1.3179916317991631,1.1297071129707112,0.0,0.0,0.0,11.295081967213115,50.0,44.642857142857146,42.857142857142854,6.711506276150628
netherlands,Eredivisie,2025,Ayoni  Santos,20.0,M,Netherlands,166.0,,26,18,1579.0,1.0,1.0,0.0,0.0,0,0,2,0.0,0,0.0,0.6839772007599746,0.3989867004433186,0.056998100063331225,0.056998100063331225,0.11399620012666245,0.056998100063331225,30.037998733375552,0.9689677010766308,3.2488917036098797,0.17099430018999365,0.9119696010132996,4.160861304623179,12.53958201393287,6.554781507283091,3.1348955034832175,1.3679544015199492,0.9689677010766308,1.3679544015199492,1.7099430018999366,0.11399620012666245,0.0,0.0,22.67931688804554,58.333333333333336,52.27272727272727,43.63636363636363,6.810519645120405
netherlands,Eredivisie,2025,Ayoub Ouarghi,17.0,M,,,,1,0,13.0,0.0,0.0,0.0,0.0,0,0,0,0.0,0,0.0,0.0,0.0,0.0,0.0,0.0,0.0,13.846153846153847,0.0,0.0,0.0,0.0,0.0,13.846153846153847,0.0,0.0,0.0,0.0,0.0,6.923076923076923,0.0,0.0,0.0,2.0,,0.0,,6.299999999999999
netherlands,Eredivisie,2025,Ayoub Oufkir,19.0,F,Netherlands,170.0,57.0,24,7,918.0,1.0,2.0,0.0,0.0,0,0,3,0.0,0,0.09803921568627452,2.549019607843137,1.2745098039215685,0.09803921568627452,0.19607843137254904,0.29411764705882354,0.09803921568627452,24.509803921568626,0.7843137254901962,1.4705882352941178,0.19607843137254904,0.5882352941176471,2.0588235294117645,12.450980392156863,4.901960784313726,4.901960784313726,1.7647058823529411,1.2745098039215685,1.3725490196078431,1.5686274509803924,0.29411764705882354,0.0,0.0,9.768292682926829,50.0,39.37007874015748,36.0,6.669281045751634
netherlands,Eredivisie,2025,Bart Nieuwkoop,29.0,D,Netherlands,181.0,75.0,17,5,556.0,1.0,0.0,0.0,0.0,0,0,3,0.0,0,0.0,0.6474820143884893,0.32374100719424465,0.16187050359712232,0.0,0.16187050359712232,0.16187050359712232,37.55395683453238,1.1330935251798562,3.237410071942446,0.16187050359712232,1.4568345323741008,4.694244604316547,12.302158273381297,7.1223021582733805,0.48561151079136694,0.16187050359712232,0.8093525179856115,0.6474820143884893,2.10431654676259,0.48561151079136694,0.0,0.0,19.25764192139738,50.0,57.89473684210527,33.33333333333333,7.097632058287796
netherlands,Eredivisie,2025,Bart van Rooij,24.0,D,Netherlands,174.0,71.0,33,33,2928.0,3.0,4.0,0.0,0.0,0,0,5,0.0,1,0.06147540983606557,0.7991803278688524,0.2766393442622951,0.09221311475409837,0.12295081967213115,0.21516393442622953,0.09221311475409837,52.46926229508196,1.3217213114754098,3.2581967213114753,0.5532786885245902,0.6454918032786885,3.903688524590164,9.559426229508198,6.086065573770492,1.0450819672131149,0.5532786885245902,0.9836065573770492,1.0758196721311475,0.8606557377049181,0.15368852459016394,0.0,0.030737704918032786,46.66373755125952,34.61538461538461,63.665594855305464,52.94117647058824,7.3985314207650275
netherlands,Eredivisie,2025,Bas Kuipers,31.0,D,Netherlands,180.0,74.0,7,0,115.0,0.0,0.0,0.0,0.0,0,0,0,0.0,0,0.0,2.3478260869565215,1.565217391304348,0.0,0.0,0.0,0.0,45.391304347826086,0.782608695652174,3.130434782608696,1.565217391304348,1.565217391304348,4.695652173913043,12.521739130434783,7.826086956521739,0.782608695652174,0.0,0.0,1.565217391304348,0.0,0.0,0.0,0.0,12.982456140350877,66.66666666666666,62.5,0.0,6.618421052631579
netherlands,Eredivisie,2025,Başar Önal,21.0,M,Türkiye,173.0,,29,25,2069.0,7.0,7.0,0.0,0.0,1,0,4,0.0,0,0.3914934751087482,1.3919768003866602,0.8699855002416625,0.3044949250845819,0.3044949250845819,0.6089898501691638,0.26099565007249875,30.405993233446107,2.0009666505558243,1.043982600289995,0.04349927501208313,0.47849202513291444,1.5224746254229096,12.571290478492026,5.089415176413727,4.958917351377477,1.8704688255195745,0.9569840502658289,1.261478975350411,0.8699855002416625,0.17399710004833252,0.0,0.0,22.80400572246066,62.5,40.484429065743946,37.719298245614034,7.0554857419043016
netherlands,Eredivisie,2025,Bendegúz Kovács,18.0,F,,,,3,0,27.0,0.0,0.0,0.0,0.0,0,0,0,0.0,0,0.0,3.333333333333333,0.0,0.0,0.0,0.0,0.0,26.666666666666664,3.333333333333333,0.0,0.0,0.0,0.0,30.0,6.666666666666666,3.333333333333333,3.333333333333333,0.0,0.0,6.666666666666666,0.0,0.0,0.0,2.0,0.0,22.22222222222222,100.0,6.3538461538461535
netherlands,Eredivisie,2025,Benjamin Nagel,17.0,M,,,,0,0,0.0,0.0,0.0,0.0,0.0,0,0,0,0.0,0,,,,,,,,,,,,,,,,,,,,,,,,,,,,
netherlands,Eredivisie,2025,Benjamin Pauwels,21.0,F,Belgium,181.0,,8,5,397.0,1.0,0.0,0.0,0.0,0,0,0,0.0,0,0.0,2.2670025188916876,1.3602015113350125,0.22670025188916876,0.0,0.22670025188916876,0.22670025188916876,22.443324937027707,1.3602015113350125,1.1335012594458438,0.0,0.4534005037783375,1.5869017632241813,12.241813602015114,5.894206549118388,5.894206549118388,2.947103274559194,0.6801007556675063,1.5869017632241813,0.4534005037783375,0.0,0.0,0.0,12.292929292929292,60.0,48.148148148148145,50.0,7.018136020151133
netherlands,Eredivisie,2025,Bernt Klaverboer,20.0,G,Netherlands,190.0,80.0,30,30,2705.0,0.0,0.0,0.0,0.0,0,0,2,0.0,0,0.0,0.0,0.0,0.0,0.0,0.0,0.0,39.3271719038817,0.066543438077634,0.0,0.0,0.0,0.0,0.532347504621072,0.532347504621072,0.099815157116451,0.099815157116451,0.0,0.133086876155268,0.0,0.066543438077634,0.0,0.0,25.255499153976313,,100.0,100.0,6.832347504621072
netherlands,Eredivisie,2025,Bertrand Traoré,30.0,F,Burkina Faso,181.0,73.0,1,1,63.0,0.0,0.0,0.0,0.0,0,0,0,0.0,0,0.0,1.4285714285714284,1.4285714285714284,0.0,0.0,0.0,0.0,27.142857142857142,0.0,2.8571428571428568,0.0,1.4285714285714284,4.285714285714286,11.428571428571427,7.142857142857142,0.0,0.0,0.0,4.285714285714286,0.0,0.0,0.0,0.0,17.0,100.0,62.5,,7.3
netherlands,Eredivisie,2025,Bilal Ould-Chikh,28.0,M,Netherlands,170.0,59.0,12,11,893.0,0.0,1.0,0.0,0.0,0,0,0,0.0,0,0.10078387458006718,0.604703247480403,0.40313549832026874,0.0,0.10078387458006718,0.10078387458006718,0.0,21.87010078387458,2.015677491601344,0.7054871220604704,0.0,0.3023516237402015,1.007838745800672,8.465845464725643,3.829787234042553,2.015677491601344,1.108622620380739,1.007838745800672,1.9148936170212765,0.604703247480403,0.0,0.0,0.0,15.921658986175116,66.66666666666666,45.23809523809524,55.00000000000001,7.057222844344905
netherlands,Eredivisie,2025,Billy van Duijl,20.0,D,Netherlands,190.0,72.0,7,6,585.0,1.0,0.0,0.0,0.0,0,0,0,0.0,0,0.0,0.15384615384615385,0.15384615384615385,0.15384615384615385,0.0,0.15384615384615385,0.15384615384615385,52.15384615384616,0.3076923076923077,2.769230769230769,0.9230769230769231,1.076923076923077,3.8461538461538463,8.0,4.615384615384615,1.076923076923077,0.9230769230769231,0.9230769230769231,0.46153846153846156,0.46153846153846156,0.0,0.0,0.0,43.32743362831859,100.0,57.692307692307686,85.71428571428571,7.2615384615384615
netherlands,Eredivisie,2025,Bjorn Titulaer,,D,,,,0,0,0.0,0.0,0.0,0.0,0.0,0,0,0,0.0,0,,,,,,,,,,,,,,,,,,,,,,,,,,,,
netherlands,Eredivisie,2025,Boy Kemper,26.0,D,Netherlands,185.0,74.0,32,32,2821.0,5.0,3.0,2.0,0.0,1,0,3,0.0,0,0.06380716058135413,0.8933002481389578,0.4147465437788018,0.15951790145338532,0.0957107408720312,0.25522864232541653,0.12761432116270827,36.14675646933711,1.1804324707550515,1.5632754342431763,0.4147465437788018,0.7975895072669267,2.360864941510103,9.762495568947182,5.2321871676710385,0.8613966678482808,0.3828429634881248,0.6699751861042184,1.2761432116270826,1.2442396313364057,0.0957107408720312,0.0,0.0,27.29567519858782,46.42857142857143,53.59477124183007,44.44444444444444,6.830166607585963
netherlands,Eredivisie,2025,Boyd Lucassen,27.0,D,Netherlands,173.0,72.0,20,13,1115.0,1.0,0.0,0.0,0.0,0,0,0,0.0,0,0.08071748878923767,0.32286995515695066,0.16143497757847533,0.08071748878923767,0.0,0.08071748878923767,0.08071748878923767,23.165919282511208,0.8071748878923767,1.5336322869955155,0.484304932735426,0.726457399103139,2.2600896860986546,7.668161434977578,4.116591928251121,0.5650224215246636,0.242152466367713,0.8071748878923767,1.0493273542600896,0.726457399103139,0.0,0.0,0.0,15.432055749128919,50.0,53.68421052631579,42.857142857142854,6.636143497757848
netherlands,Eredivisie,2025,Brahim Ghalidi,20.0,F,Belgium,174.0,66.0,10,1,283.0,0.0,0.0,0.0,0.0,0,0,1,0.0,0,0.0,0.9540636042402828,0.0,0.0,0.0,0.0,0.0,42.29681978798587,1.2720848056537102,0.31802120141342755,0.0,0.9540636042402828,1.2720848056537102,10.812720848056536,7.3144876325088335,3.816254416961131,3.1802120141342756,0.6360424028268551,3.816254416961131,0.31802120141342755,0.31802120141342755,0.0,0.0,14.62406015037594,0.0,67.64705882352942,83.33333333333334,6.874558303886926
netherlands,Eredivisie,2025,Bram Nuytinck,35.0,D,Netherlands,191.0,80.0,7,3,259.0,0.0,0.0,0.0,0.0,0,0,1,0.0,0,0.0,0.3474903474903475,0.3474903474903475,0.0,0.0,0.0,0.0,55.25096525096525,0.0,1.0424710424710424,0.0,1.38996138996139,2.4324324324324325,12.162162162162163,4.864864864864865,0.0,0.0,0.3474903474903475,1.38996138996139,1.7374517374517373,0.3474903474903475,0.0,0.0,36.40251572327044,100.0,40.0,,6.199224806201551
netherlands,Eredivisie,2025,Branco van den Boomen,30.0,M,Netherlands,188.0,75.0,0,0,0.0,0.0,0.0,0.0,0.0,0,0,0,0.0,0,,,,,,,,,,,,,,,,,,,,,,,,,,,,
netherlands,Eredivisie,2025,Brandley Kuwas,33.0,F,Curaçao,182.0,83.0,32,23,2030.0,5.0,4.0,0.0,0.0,2,0,4,0.0,0,0.354679802955665,1.3300492610837438,0.6206896551724138,0.22167487684729065,0.1773399014778325,0.39901477832512317,0.1330049261083744,23.054187192118228,1.5960591133004927,0.7980295566502463,0.22167487684729065,0.1773399014778325,0.9753694581280787,11.615763546798028,4.389162561576354,2.4827586206896552,1.019704433497537,0.5763546798029556,1.9950738916256159,0.70935960591133,0.1773399014778325,0.0,0.0,15.48076923076923,46.666666666666664,37.786259541984734,41.07142857142857,6.7630049261083744
netherlands,Eredivisie,2025,Brayann Pereira,22.0,D,France,172.0,60.0,24,13,1171.0,0.0,1.0,1.0,1.0,0,0,1,0.0,0,0.07685738684884715,0.23057216054654142,0.07685738684884715,0.0,0.07685738684884715,0.07685738684884715,0.0,42.04099060631938,0.7685738684884713,3.1511528608027324,0.3074295473953886,0.9222886421861657,4.073441502988898,12.68146883005978,7.301451750640478,1.6140051238257898,0.8454312553373184,0.6917164816396243,2.3057216054654144,1.6140051238257898,0.07685738684884715,0.0,0.0,34.155393053016454,33.33333333333333,57.57575757575758,52.38095238095239,6.8106837606837605
netherlands,Eredivisie,2025,Braydon Manu,28.0,F,Ghana,170.0,70.0,0,0,0.0,0.0,0.0,0.0,0.0,0,0,0,0.0,0,,,,,,,,,,,,,,,,,,,,,,,,,,,,
netherlands,Eredivisie,2025,Brian Brobbey,23.0,F,Netherlands,180.0,78.0,0,0,0.0,0.0,0.0,0.0,0.0,0,0,0,0.0,0,,,,,,,,,,,,,,,,,,,,,,,,,,,,
netherlands,Eredivisie,2025,Bruno Martins Indi,33.0,D,Netherlands,185.0,76.0,27,26,2211.0,1.0,0.0,0.0,0.0,0,0,5,0.0,1,0.0,0.24423337856173674,0.24423337856173674,0.0407055630936228,0.0,0.0407055630936228,0.0407055630936228,55.07462686567164,0.203527815468114,0.814111261872456,0.8548168249660787,1.180461329715061,1.994572591587517,6.635006784260515,4.07055630936228,0.0814111261872456,0.0,0.0814111261872456,0.976933514246947,1.2211668928086838,0.203527815468114,0.0,0.0407055630936228,50.84478935698448,100.0,61.34969325153374,0.0,7.008367254635911
netherlands,Eredivisie,2025,Bryan Limbombe,24.0,F,Belgium,172.0,77.0,22,16,1322.0,1.0,3.0,0.0,0.0,0,0,1,0.0,0,0.0680786686838124,0.9531013615733737,0.47655068078668683,0.0680786686838124,0.2042360060514372,0.2723146747352496,0.0680786686838124,20.96822995461422,1.2934947049924357,0.680786686838124,0.1361573373676248,0.2723146747352496,0.9531013615733737,8.645990922844176,3.1996974281391832,2.723146747352496,1.5658093797276853,0.6127080181543116,0.8850226928895614,1.361573373676248,0.0680786686838124,0.0,0.0,14.967532467532468,50.0,37.00787401574803,57.49999999999999,6.694780635400908
netherlands,Eredivisie,2025,Bryan Linssen,35.0,F,Netherlands,170.0,64.0,32,31,2251.0,12.0,7.0,0.0,0.0,0,0,6,0.0,0,0.4398045313194136,2.358951577076855,1.3194135939582408,0.47978676143936033,0.2798756108396268,0.759662372278987,0.47978676143936033,16.07285650821857,1.5992892047978675,1.1195024433585072,0.07996446023989337,0.4398045313194136,1.559306974677921,8.796090626388272,3.638382940915149,0.5997334517992003,0.23989338071968017,0.5997334517992003,0.519768991559307,1.3993780541981342,0.23989338071968017,0.0,0.0,10.201492537313433,55.932203389830505,41.36363636363637,40.0,6.912927587738783
netherlands,Eredivisie,2025,Brynjólfur Darri Willumsson,25.0,F,Iceland,185.0,82.0,28,12,1272.0,6.0,0.0,0.0,0.0,0,0,3,0.0,0,0.4245283018867924,2.2641509433962264,1.4150943396226414,0.4245283018867924,0.0,0.4245283018867924,0.4245283018867924,17.900943396226417,1.1320754716981132,1.1320754716981132,0.2122641509433962,0.14150943396226415,1.2735849056603774,13.797169811320755,4.528301886792453,0.6367924528301887,0.07075471698113207,0.6367924528301887,1.2735849056603774,1.910377358490566,0.2122641509433962,0.0,0.0,9.296442687747035,62.5,32.82051282051282,11.11111111111111,6.701022012578617
netherlands,Eredivisie,2025,Calvin Raatsie,23.0,G,Netherlands,188.0,70.0,2,2,180.0,0.0,0.0,0.0,0.0,0,0,0,0.0,0,0.0,0.0,0.0,0.0,0.0,0.0,0.0,56.5,0.0,0.5,0.0,0.0,0.5,0.5,0.5,0.0,0.0,0.0,0.0,0.5,0.0,0.0,0.0,42.94690265486726,,100.0,,7.15
netherlands,Eredivisie,2025,Calvin Stengs,27.0,M,Netherlands,182.0,74.0,0,0,0.0,0.0,0.0,0.0,0.0,0,0,0,0.0,0,,,,,,,,,,,,,,,,,,,,,,,,,,,,
netherlands,Eredivisie,2025,Calvin Twigt,22.0,M,Netherlands,183.0,74.0,12,6,539.0,0.0,0.0,0.0,0.0,0,0,1,0.0,1,0.16697588126159554,0.3339517625231911,0.16697588126159554,0.0,0.0,0.0,0.0,47.42115027829313,0.5009276437847866,1.8367346938775508,0.8348794063079777,1.3358070500927643,3.172541743970315,8.014842300556586,3.6734693877551017,0.8348794063079777,0.16697588126159554,0.8348794063079777,0.8348794063079777,1.50278293135436,0.16697588126159554,0.0,0.16697588126159554,26.985915492957748,50.0,45.83333333333333,20.0,6.605194805194805
netherlands,Eredivisie,2025,Calvin Verdonk,28.0,D,Netherlands,174.0,69.0,4,4,360.0,0.0,1.0,0.0,0.0,0,0,0,0.0,0,0.0,0.5,0.0,0.0,0.25,0.25,0.0,89.25,0.75,3.5,0.25,1.0,4.5,10.5,6.25,1.25,0.75,1.0,0.0,0.75,0.0,0.0,0.0,82.23529411764706,0.0,59.523809523809526,60.0,7.275
netherlands,Eredivisie,2025,Can Bozdoğan,24.0,M,Germany,174.0,72.0,18,4,449.0,1.0,0.0,0.0,0.0,0,0,0,0.0,0,0.20044543429844097,2.4053452115812917,1.2026726057906458,0.20044543429844097,0.0,0.20044543429844097,0.20044543429844097,46.50334075723831,0.8017817371937639,2.8062360801781736,0.20044543429844097,0.8017817371937639,3.608017817371938,11.224944320712694,6.815144766146993,0.20044543429844097,0.20044543429844097,0.40089086859688194,2.2048997772828507,1.2026726057906458,0.0,0.0,0.0,22.32758620689655,50.0,60.71428571428571,100.0,6.8730769230769235
netherlands,Eredivisie,2025,Casper Staring,24.0,M,Netherlands,186.0,78.0,2,0,34.0,0.0,0.0,0.0,0.0,0,0,0,0.0,0,0.0,0.0,0.0,0.0,0.0,0.0,0.0,23.823529411764707,0.0,0.0,2.6470588235294117,0.0,0.0,10.588235294117647,5.294117647058823,0.0,0.0,2.6470588235294117,0.0,0.0,0.0,0.0,0.0,2.5555555555555554,,50.0,,6.661764705882353
netherlands,Eredivisie,2025,Casper Tengstedt,25.0,F,Denmark,184.0,79.0,18,2,434.0,3.0,0.0,1.0,0.0,1,0,0,0.0,0,0.2073732718894009,3.5253456221198154,1.8663594470046083,0.6221198156682028,0.0,0.6221198156682028,0.4147465437788018,15.345622119815669,1.2442396313364057,0.2073732718894009,0.0,0.4147465437788018,0.6221198156682028,8.087557603686635,3.1105990783410142,1.6589861751152073,0.4147465437788018,0.0,1.2442396313364057,1.0368663594470047,0.0,0.0,0.0,3.8904109589041096,52.94117647058824,38.46153846153847,25.0,6.554147465437788
netherlands,Eredivisie,2025,Casper Terho,22.0,F,Finland,184.0,78.0,9,0,228.0,1.0,1.0,0.0,0.0,0,0,1,0.0,0,0.0,2.763157894736842,0.39473684210526316,0.39473684210526316,0.39473684210526316,0.7894736842105263,0.39473684210526316,22.894736842105264,1.5789473684210527,1.9736842105263157,0.0,0.39473684210526316,2.3684210526315788,17.763157894736842,9.078947368421051,5.921052631578947,2.763157894736842,1.1842105263157894,2.3684210526315788,1.5789473684210527,0.39473684210526316,0.0,0.0,8.75438596491228,14.285714285714285,51.11111111111111,46.666666666666664,6.845175438596492
netherlands,Eredivisie,2025,Casper Widell,22.0,D,Sweden,192.0,87.0,34,34,3054.0,1.0,1.0,0.0,1.0,0,0,2,0.0,0,0.0,0.3831041257367387,0.11787819253438114,0.029469548133595286,0.029469548133595286,0.05893909626719057,0.029469548133595286,51.8664047151277,0.26522593320235754,0.9724950884086444,0.9724950884086444,1.031434184675835,2.0039292730844793,7.072691552062868,4.361493123772102,0.05893909626719057,0.05893909626719057,0.412573673870334,0.26522593320235754,0.7072691552062867,0.05893909626719057,0.0,0.0,48.95625,30.76923076923077,61.66666666666667,100.0,6.93713163064833
netherlands,Eredivisie,2025,Cedric Hatenboer,20.0,M,Netherlands,184.0,,15,15,1144.0,0.0,3.0,0.0,0.0,0,0,0,0.0,1,0.0,1.0227272727272727,0.23601398601398602,0.0,0.23601398601398602,0.23601398601398602,0.0,43.81993006993007,1.18006993006993,2.0454545454545454,0.15734265734265734,0.8653846153846154,2.910839160839161,9.676573426573427,4.5629370629370625,2.2814685314685312,1.0227272727272727,1.5734265734265735,0.9440559440559441,1.0227272727272727,0.0,0.0,0.07867132867132867,33.51885098743268,23.076923076923077,47.15447154471545,44.827586206896555,6.863111888111889
netherlands,Eredivisie,2025,Charles-Andreas Brym,27.0,F,Canada,182.0,68.0,24,17,1505.0,2.0,4.0,0.0,0.0,0,1,4,0.0,0,0.29900332225913623,1.9136212624584719,0.7774086378737541,0.11960132890365449,0.23920265780730898,0.3588039867109634,0.11960132890365449,25.176079734219268,1.4352159468438537,0.8970099667774086,0.059800664451827246,0.6578073089700996,1.5548172757475083,14.53156146179402,6.338870431893687,3.5880398671096345,1.7940199335548173,0.8372093023255813,2.39202657807309,1.255813953488372,0.23920265780730898,0.0,0.0,16.268408551068884,40.625,43.62139917695473,50.0,6.779601328903654
netherlands,Eredivisie,2025,Cherrion Valerius,20.0,D,Curaçao,192.0,78.0,28,20,1848.0,0.0,2.0,0.0,0.0,0,0,5,0.0,0,0.0,0.5844155844155845,0.09740259740259741,0.0,0.09740259740259741,0.09740259740259741,0.0,31.899350649350648,0.7792207792207793,2.142857142857143,0.487012987012987,1.2175324675324675,3.3603896103896105,9.496753246753245,4.967532467532467,1.7532467532467533,0.7305194805194805,0.827922077922078,1.3149350649350648,0.827922077922078,0.2435064935064935,0.0,0.0,25.931297709923665,16.666666666666664,52.307692307692314,41.66666666666667,6.679329004329004
netherlands,Eredivisie,2025,Chris-Kévin Nadje,24.0,M,France,190.0,,7,2,233.0,0.0,0.0,0.0,0.0,0,0,2,0.0,0,0.0,0.38626609442060084,0.0,0.0,0.0,0.0,0.0,41.33047210300429,0.7725321888412017,1.5450643776824033,0.7725321888412017,0.7725321888412017,2.3175965665236054,17.381974248927037,8.88412017167382,5.021459227467812,2.703862660944206,0.38626609442060084,2.3175965665236054,1.5450643776824033,0.7725321888412017,0.0,0.0,15.626168224299066,0.0,51.11111111111111,53.84615384615385,6.784978540772531
netherlands,Eredivisie,2025,Christian Chiza,18.0,D,Netherlands,,,0,0,0.0,0.0,0.0,0.0,0.0,0,0,0,0.0,0,,,,,,,,,,,,,,,,,,,,,,,,,,,,
netherlands,Eredivisie,2025,Clayton Bonevacia,,F,,,,0,0,0.0,0.0,0.0,0.0,0.0,0,0,0,0.0,0,,,,,,,,,,,,,,,,,,,,,,,,,,,,
netherlands,Eredivisie,2025,Clint Leemans,30.0,M,Netherlands,189.0,74.0,31,15,1374.0,1.0,0.0,0.0,0.0,1,0,4,0.0,0,0.06550218340611354,1.2445414847161573,0.5895196506550218,0.06550218340611354,0.0,0.06550218340611354,0.0,61.24454148471616,2.2925764192139737,1.3100436681222707,0.26200873362445415,1.2445414847161573,2.554585152838428,7.20524017467249,3.209606986899563,0.5240174672489083,0.13100436681222707,0.8515283842794761,0.32751091703056767,0.7860262008733624,0.26200873362445415,0.0,0.0,39.98286937901499,47.368421052631575,44.54545454545455,25.0,6.67762390670554
netherlands,Eredivisie,2025,Corean Drost,18.0,M,,,,0,0,0.0,0.0,0.0,0.0,0.0,0,0,0,0.0,0,,,,,,,,,,,,,,,,,,,,,,,,,,,,
netherlands,Eredivisie,2025,Couhaib Driouech,23.0,F,Morocco,175.0,75.0,29,5,953.0,4.0,6.0,0.0,0.0,0,0,4,0.0,0,0.2833158447009444,2.7387198321091293,1.2277019937040925,0.3777544596012592,0.5666316894018888,0.9443861490031479,0.3777544596012592,36.45330535152151,1.8887722980062958,1.983210912906611,0.0,0.0944386149003148,2.0776495278069254,9.349422875131165,4.155299055613851,2.266526757607555,0.8499475341028332,0.7555089192025184,0.9443861490031479,1.6998950682056664,0.3777544596012592,0.0,0.0,20.24804177545692,44.827586206896555,44.44444444444444,37.5,6.824
netherlands,Eredivisie,2025,Cyle Larin,30.0,F,Canada,188.0,83.0,8,1,157.0,0.0,1.0,0.0,0.0,0,0,1,0.0,0,0.5732484076433121,4.012738853503184,1.7197452229299361,0.0,0.5732484076433121,0.5732484076433121,0.0,25.796178343949045,1.7197452229299361,2.8662420382165603,0.5732484076433121,0.0,2.8662420382165603,12.611464968152866,6.305732484076433,0.5732484076433121,0.5732484076433121,0.0,1.7197452229299361,2.2929936305732483,0.5732484076433121,0.0,0.0,6.409090909090909,42.857142857142854,50.0,100.0,6.505806451612903
netherlands,Eredivisie,2025,Daan Bisschops,20.0,D,Netherlands,,,1,1,89.0,0.0,0.0,0.0,0.0,0,0,0,0.0,0,0.0,0.0,0.0,0.0,0.0,0.0,0.0,28.314606741573034,1.0112359550561798,2.0224719101123596,0.0,2.0224719101123596,4.044943820224719,8.089887640449438,5.056179775280898,0.0,0.0,0.0,1.0112359550561798,1.0112359550561798,0.0,0.0,0.0,23.0,,62.5,,6.6
netherlands,Eredivisie,2025,Daan Reiziger,24.0,G,Netherlands,184.0,69.0,2,1,101.0,0.0,0.0,0.0,0.0,0,0,0,0.0,0,0.0,0.0,0.0,0.0,0.0,0.0,0.0,40.990099009900995,0.0,0.0,0.0,0.0,0.0,0.8910891089108911,0.8910891089108911,0.0,0.0,0.0,0.8910891089108911,0.0,0.0,0.0,0.0,16.652173913043477,,100.0,,8.616831683168316
netherlands,Eredivisie,2025,Daan Rots,24.0,M,Netherlands,179.0,71.0,33,28,2368.0,9.0,4.0,0.0,1.0,0,0,5,0.0,0,0.1900337837837838,1.8243243243243243,1.1402027027027029,0.34206081081081086,0.15202702702702703,0.4940878378378379,0.34206081081081086,32.98986486486486,2.0143581081081083,1.8243243243243243,0.07601351351351351,0.3800675675675676,2.2043918918918917,14.442567567567567,6.0050675675675675,3.116554054054054,0.9881756756756758,1.5202702702702704,1.7863175675675675,1.0641891891891893,0.1900337837837838,0.0,0.0,22.857142857142858,62.5,41.578947368421055,31.70731707317073,7.030827702702703
netherlands,Eredivisie,2025,Daan Van Reeuwijk,18.0,D,Netherlands,188.0,75.0,1,0,40.0,0.0,0.0,0.0,0.0,0,0,0,0.0,0,0.0,2.25,0.0,0.0,0.0,0.0,0.0,42.75,0.0,0.0,0.0,0.0,0.0,11.25,4.5,0.0,0.0,0.0,0.0,0.0,0.0,0.0,0.0,11.0,0.0,40.0,,6.5
netherlands,Eredivisie,2025,Damian van der Haar,21.0,D,Netherlands,183.0,76.0,3,0,22.0,0.0,0.0,0.0,0.0,0,0,1,0.0,0,0.0,0.0,0.0,0.0,0.0,0.0,0.0,12.272727272727272,0.0,0.0,0.0,4.090909090909091,4.090909090909091,8.181818181818182,0.0,0.0,0.0,0.0,0.0,4.090909090909091,4.090909090909091,0.0,0.0,1.0,,0.0,,6.459999999999999
netherlands,Eredivisie,2025,Damon Mirani,29.0,D,Netherlands,183.0,80.0,33,33,2933.0,3.0,0.0,0.0,3.0,0,0,6,0.0,0,0.06137061029662461,0.3682236617797477,0.15342652574156154,0.09205591544493692,0.0,0.09205591544493692,0.09205591544493692,44.80054551653597,0.15342652574156154,1.1046709853392431,1.1046709853392431,0.8591885441527447,1.9638595294919876,7.4872144561882035,4.4493692465052845,0.2761677463348108,0.24548244118649845,0.4909648823729969,0.39890896692806,0.6137061029662462,0.18411183088987385,0.0,0.0,41.53767123287671,41.66666666666667,59.42622950819673,88.88888888888889,6.620490964882373
netherlands,Eredivisie,2025,Dani Tijman,0.0,F,Netherlands,,,0,0,0.0,0.0,0.0,0.0,0.0,0,0,0,0.0,0,,,,,,,,,,,,,,,,,,,,,,,,,,,,
netherlands,Eredivisie,2025,Dani de Wit,27.0,M,Netherlands,184.0,76.0,29,26,2371.0,7.0,3.0,0.0,1.0,0,0,7,0.0,0,0.26571067060312104,1.1387600168705188,0.5693800084352594,0.26571067060312104,0.11387600168705188,0.3795866722901729,0.26571067060312104,31.96119780683256,0.911008013496415,2.1256853648249683,0.30366933783213834,0.7212146773513286,2.846900042176297,14.765921552087725,8.237030788696753,0.4555040067482075,0.15183466891606917,0.7971320118093632,1.4424293547026572,2.23956136651202,0.26571067060312104,0.0,0.0,24.548693586698338,50.0,55.78406169665809,33.33333333333333,6.92391396035428
netherlands,Eredivisie,2025,Daniel Bielica,26.0,G,Poland,191.0,76.0,33,33,2970.0,0.0,0.0,0.0,0.0,0,0,3,0.0,0,0.0,0.0,0.0,0.0,0.0,0.0,0.0,30.909090909090907,0.0,0.0,0.0,0.0,0.0,0.6666666666666667,0.6060606060606061,0.06060606060606061,0.06060606060606061,0.06060606060606061,0.2121212121212121,0.0,0.09090909090909091,0.0,0.0,18.944117647058825,,90.9090909090909,100.0,7.266666666666667
netherlands,Eredivisie,2025,Daniel Deen,22.0,G,Netherlands,188.0,72.0,0,0,0.0,0.0,0.0,0.0,0.0,0,0,0,0.0,0,,,,,,,,,,,,,,,,,,,,,,,,,,,,
netherlands,Eredivisie,2025,Daniel van Kaam,25.0,M,Netherlands,175.0,71.0,0,0,0.0,0.0,0.0,0.0,0.0,0,0,0,0.0,0,,,,,,,,,,,,,,,,,,,,,,,,,,,,
netherlands,Eredivisie,2025,Danilo,26.0,F,Brazil,174.0,68.0,11,1,277.0,1.0,1.0,0.0,0.0,0,0,0,0.0,0,0.3249097472924188,2.5992779783393503,1.6245487364620939,0.3249097472924188,0.3249097472924188,0.6498194945848376,0.3249097472924188,28.592057761732853,1.6245487364620939,0.6498194945848376,0.0,0.3249097472924188,0.9747292418772563,13.321299638989169,5.8483754512635375,3.2490974729241877,1.9494584837545126,0.6498194945848376,0.9747292418772563,0.3249097472924188,0.0,0.0,0.0,7.465909090909091,62.5,43.90243902439025,60.0,6.668592057761733
netherlands,Eredivisie,2025,Danny Bakker,30.0,D,Netherlands,184.0,70.0,30,29,2636.0,4.0,1.0,1.0,1.0,0,1,0,0.0,0,0.06828528072837634,0.7511380880121395,0.30728376327769347,0.13657056145675267,0.03414264036418817,0.17071320182094082,0.13657056145675267,51.55538694992413,0.4779969650986343,1.502276176024279,0.8194233687405159,0.9218512898330805,2.4241274658573597,10.58421851289833,5.906676783004552,0.5804248861911988,0.3755690440060698,0.7169954476479514,0.8877086494688922,1.0925644916540214,0.0,0.0,0.0,46.550993377483444,40.909090909090914,55.80645161290323,64.70588235294117,7.032359635811836
netherlands,Eredivisie,2025,Daouda Weidmann,22.0,M,France,180.0,75.0,16,5,462.0,0.0,1.0,1.0,0.0,0,0,1,0.0,0,0.19480519480519481,1.3636363636363638,0.7792207792207793,0.0,0.19480519480519481,0.19480519480519481,0.0,51.23376623376623,1.948051948051948,2.337662337662338,0.19480519480519481,1.5584415584415585,3.896103896103896,10.129870129870131,5.0649350649350655,2.5324675324675328,0.974025974025974,0.974025974025974,0.7792207792207793,0.5844155844155845,0.19480519480519481,0.0,0.0,25.70342205323194,57.14285714285714,50.0,38.46153846153847,6.66528384279476
netherlands,Eredivisie,2025,Darko Nejašmić,26.0,M,Croatia,183.0,74.0,29,26,2311.0,4.0,1.0,0.0,1.0,0,0,3,0.0,0,0.0,0.8567719601903938,0.46733016010385114,0.15577672003461704,0.03894418000865426,0.1947209000432713,0.15577672003461704,52.18520121159671,0.7788836001730852,2.4534833405452185,0.5062743401125054,1.0125486802250108,3.4660320207702293,11.839030722630897,6.620510601471224,1.0125486802250108,0.6620510601471224,1.2072695802682822,0.9736045002163565,0.9346603202077023,0.11683254002596279,0.0,0.0,45.06716417910448,54.54545454545454,55.92105263157895,65.38461538461539,7.310385114668974
netherlands,Eredivisie,2025,Dave Kwakman,21.0,M,Netherlands,184.0,79.0,16,9,837.0,0.0,4.0,0.0,0.0,0,0,1,0.0,0,0.0,0.5376344086021506,0.2150537634408602,0.0,0.4301075268817204,0.4301075268817204,0.0,40.75268817204301,0.7526881720430108,3.9784946236559144,0.7526881720430108,1.2903225806451613,5.268817204301075,14.516129032258064,8.172043010752688,1.6129032258064515,0.6451612903225806,1.2903225806451613,2.5806451612903225,1.6129032258064515,0.1075268817204301,0.0,0.0,30.34300791556728,40.0,56.2962962962963,40.0,6.979928315412186
netherlands,Eredivisie,2025,David Min,26.0,F,Netherlands,194.0,78.0,23,7,892.0,4.0,1.0,0.0,0.0,0,0,1,0.0,0,0.0,2.118834080717489,0.7062780269058296,0.40358744394618834,0.10089686098654709,0.5044843049327354,0.40358744394618834,20.17937219730942,1.3116591928251122,0.5044843049327354,0.3026905829596413,0.40358744394618834,0.9080717488789237,14.024663677130045,5.3475336322869955,1.8161434977578474,0.9080717488789237,0.3026905829596413,1.109865470852018,1.7152466367713004,0.10089686098654709,0.0,0.0,10.12,33.33333333333333,38.1294964028777,50.0,6.5080717488789235
netherlands,Eredivisie,2025,David Voute,20.0,F,Netherlands,,,3,0,93.0,0.0,0.0,0.0,0.0,0,0,0,0.0,0,0.0,0.967741935483871,0.0,0.0,0.0,0.0,0.0,34.83870967741935,0.0,0.967741935483871,0.0,2.903225806451613,3.870967741935484,8.709677419354838,3.870967741935484,2.903225806451613,1.935483870967742,0.967741935483871,0.0,0.0,0.0,0.0,0.0,12.972222222222221,0.0,44.44444444444444,66.66666666666666,6.632258064516129
netherlands,Eredivisie,2025,David van der Werff,21.0,M,Netherlands,,,35,27,2135.0,3.0,2.0,0.0,0.0,0,0,2,0.0,0,0.04215456674473068,1.5175644028103044,1.0117096018735363,0.12646370023419204,0.08430913348946135,0.2107728337236534,0.12646370023419204,31.953161592505854,1.8126463700234192,1.8126463700234192,0.0,0.5901639344262295,2.4028103044496487,7.756440281030446,3.793911007025761,1.9391100702576114,0.7587822014051522,0.6323185011709602,0.5058548009367682,0.6323185011709602,0.08430913348946135,0.0,0.0,19.5,66.66666666666666,48.91304347826087,39.130434782608695,6.832552693208431
netherlands,Eredivisie,2025,Davy Klaassen,32.0,M,Netherlands,179.0,70.0,31,23,1998.0,8.0,2.0,0.0,0.0,0,0,2,0.0,0,0.09009009009009009,0.945945945945946,0.5855855855855856,0.36036036036036034,0.09009009009009009,0.45045045045045046,0.36036036036036034,35.36036036036036,1.0360360360360361,2.2072072072072073,0.45045045045045046,0.5855855855855856,2.792792792792793,8.873873873873874,4.36936936936937,0.7207207207207207,0.13513513513513514,0.6306306306306306,0.8558558558558559,1.3063063063063063,0.09009009009009009,0.0,0.0,25.895541401273885,61.904761904761905,49.23857868020304,18.75,7.106259389083625
netherlands,Eredivisie,2025,Davy van den Berg,25.0,M,Netherlands,190.0,75.0,5,2,141.0,1.0,0.0,0.0,0.0,0,0,0,0.0,0,0.0,0.6382978723404256,0.6382978723404256,0.6382978723404256,0.0,0.6382978723404256,0.6382978723404256,35.74468085106383,1.2765957446808511,1.9148936170212765,0.0,1.2765957446808511,3.191489361702128,7.0212765957446805,5.1063829787234045,1.2765957446808511,0.6382978723404256,0.6382978723404256,1.9148936170212765,0.0,0.0,0.0,0.0,13.607142857142858,100.0,72.72727272727273,50.0,7.194285714285715
netherlands,Eredivisie,2025,Dean James,25.0,D,Netherlands,,,26,18,1629.0,1.0,1.0,0.0,1.0,0,0,5,0.0,1,0.055248618784530384,0.3867403314917127,0.22099447513812154,0.055248618784530384,0.055248618784530384,0.11049723756906077,0.055248618784530384,31.325966850828728,1.4364640883977902,1.8232044198895028,0.11049723756906077,0.9944751381215469,2.81767955801105,6.1325966850828735,3.3701657458563536,0.5524861878453039,0.3314917127071823,0.7734806629834254,0.49723756906077343,1.0497237569060773,0.27624309392265195,0.0,0.055248618784530384,25.49206349206349,57.14285714285714,54.95495495495496,60.0,6.589612784265519
netherlands,Eredivisie,2025,Denis Odoi,37.0,D,Ghana,178.0,72.0,19,17,1512.0,0.0,0.0,0.0,1.0,0,0,3,0.0,0,0.11904761904761904,0.47619047619047616,0.0,0.0,0.0,0.0,0.0,41.01190476190476,0.5357142857142857,1.726190476190476,0.7142857142857142,1.1904761904761905,2.9166666666666665,10.297619047619047,5.0,0.5952380952380952,0.23809523809523808,0.5357142857142857,0.9523809523809523,1.5476190476190474,0.17857142857142855,0.0,0.0,37.49492017416546,0.0,48.554913294797686,40.0,6.530753968253968
netherlands,Eredivisie,2025,Dennis Man,27.0,F,Romania,183.0,82.0,25,20,1496.0,7.0,7.0,0.0,0.0,0,0,2,0.0,0,0.24064171122994651,1.7446524064171125,0.9024064171122995,0.4211229946524064,0.4211229946524064,0.8422459893048128,0.4211229946524064,38.20187165775401,1.804812834224599,0.7219251336898397,0.06016042780748663,0.30080213903743314,1.0227272727272727,11.79144385026738,4.933155080213903,5.053475935828877,2.2259358288770055,0.9625668449197861,1.143048128342246,1.0227272727272727,0.12032085561497326,0.0,0.0,24.874015748031496,51.724137931034484,41.83673469387755,44.047619047619044,7.157754010695188
netherlands,Eredivisie,2025,Denso Kasius,23.0,D,Netherlands,186.0,74.0,17,13,1218.0,2.0,2.0,0.0,0.0,0,0,3,0.0,0,0.0,1.2561576354679804,0.5911330049261083,0.14778325123152708,0.14778325123152708,0.29556650246305416,0.14778325123152708,38.79310344827586,1.5517241379310345,1.2561576354679804,0.4433497536945813,0.5172413793103449,1.7733990147783252,5.83743842364532,3.103448275862069,1.6995073891625616,1.0344827586206897,0.4433497536945813,0.6650246305418719,0.6650246305418719,0.22167487684729065,0.0,0.0,29.758095238095237,47.05882352941176,53.16455696202531,60.86956521739131,7.128653530377669
netherlands,Eredivisie,2025,Derensili Sanches Fernandes,24.0,M,Netherlands,178.0,74.0,33,30,2502.0,6.0,3.0,0.0,0.0,0,0,0,0.0,0,0.14388489208633093,1.3309352517985613,0.7194244604316546,0.2158273381294964,0.1079136690647482,0.32374100719424465,0.2158273381294964,30.719424460431654,1.223021582733813,0.8273381294964028,0.0,0.3597122302158273,1.1870503597122302,12.266187050359713,4.640287769784172,4.60431654676259,2.3741007194244603,0.7194244604316546,1.079136690647482,1.5107913669064748,0.0,0.0,0.0,24.450819672131146,54.054054054054056,37.82991202346041,51.5625,6.9154276578737015
netherlands,Eredivisie,2025,Deron Payne,23.0,D,Netherlands,182.0,74.0,15,11,937.0,0.0,0.0,0.0,0.0,0,0,1,0.0,0,0.096051227321238,0.192102454642476,0.0,0.0,0.0,0.0,0.0,31.312700106723586,0.288153681963714,2.977588046958378,0.6723585912486659,0.8644610458911419,3.84204909284952,8.164354322305229,4.898612593383137,1.3447171824973319,0.576307363927428,0.384204909284952,0.576307363927428,1.056563500533618,0.096051227321238,0.0,0.0,23.07668711656442,0.0,60.0,42.857142857142854,6.619764957264958
netherlands,Eredivisie,2025,Derry Murkin,26.0,D,England,183.0,81.0,9,4,353.0,2.0,3.0,0.0,0.0,0,0,1,0.0,0,0.0,0.509915014164306,0.509915014164306,0.509915014164306,0.764872521246459,1.274787535410765,0.509915014164306,29.8300283286119,1.7847025495750708,1.274787535410765,0.509915014164306,0.254957507082153,1.529745042492918,7.903682719546742,3.824362606232295,0.764872521246459,0.254957507082153,0.254957507082153,0.764872521246459,2.039660056657224,0.254957507082153,0.0,0.0,13.025641025641026,100.0,48.38709677419355,33.33333333333333,6.83314447592068
netherlands,Eredivisie,2025,Deveron Fonville,22.0,D,Netherlands,,,29,13,1478.0,0.0,2.0,0.0,0.0,0,0,3,0.0,0,0.0,0.0,0.0,0.0,0.12178619756427606,0.12178619756427606,0.0,47.98376184032476,0.5480378890392422,2.9837618403247634,0.6089309878213802,1.2178619756427604,4.201623815967523,10.717185385656293,6.089309878213802,1.4005412719891746,0.7307171853856562,0.5480378890392422,0.7916102841677943,0.8525033829499323,0.18267929634641406,0.0,0.0,38.06988564167725,,56.81818181818182,52.17391304347826,6.862618724559023
netherlands,Eredivisie,2025,Devon Koswal,22.0,D,Netherlands,192.0,,25,18,1651.0,0.0,0.0,0.0,0.0,0,0,4,0.0,0,0.054512416717141125,0.10902483343428225,0.0,0.0,0.0,0.0,0.0,32.10781344639612,0.2180496668685645,1.2537855844942458,1.0357359176256813,0.4906117504542702,1.744397334948516,6.26892792247123,3.216232586311327,0.1635372501514234,0.10902483343428225,0.3270745003028468,1.0902483343428226,0.7086614173228346,0.2180496668685645,0.0,0.0,25.247863247863247,0.0,51.30434782608696,66.66666666666666,6.663515151515151
netherlands,Eredivisie,2025,Diego van Oorschot,20.0,F,Netherlands,178.0,,0,0,0.0,0.0,0.0,0.0,0.0,0,0,0,0.0,0,,,,,,,,,,,,,,,,,,,,,,,,,,,,
netherlands,Eredivisie,2025,Dies Janse,19.0,D,Netherlands,196.0,,32,31,2819.0,2.0,2.0,0.0,0.0,0,0,7,0.0,0,0.0,0.3192621496984746,0.1596310748492373,0.06385242993969492,0.06385242993969492,0.12770485987938984,0.06385242993969492,55.23235189783612,0.5427456544874069,1.1812699538843563,0.830081589216034,1.1174175239446613,2.2986874778290174,7.311103228095068,4.341965235899255,0.478893224547712,0.38311457963816953,0.1596310748492373,1.0216388790351187,1.2131961688542037,0.22348350478893225,0.0,0.0,51.33121387283237,50.0,59.388646288209614,80.0,7.150372472507982
netherlands,Eredivisie,2025,Dimitris Limnios,27.0,M,Greece,180.0,71.0,34,28,2187.0,2.0,6.0,0.0,0.0,0,0,1,0.0,0,0.3703703703703704,0.7818930041152264,0.4526748971193416,0.0823045267489712,0.24691358024691357,0.3292181069958848,0.0823045267489712,26.995884773662553,1.8518518518518519,1.5637860082304529,0.0823045267489712,0.3703703703703704,1.9341563786008231,9.794238683127572,4.4032921810699595,1.646090534979424,0.6584362139917695,0.9053497942386832,1.3991769547325104,0.6584362139917695,0.0411522633744856,0.0,0.0,19.332824427480915,57.89473684210527,44.957983193277315,40.0,6.871500457456542
netherlands,Eredivisie,2025,Dion Malone,36.0,D,Suriname,185.0,80.0,11,0,207.0,0.0,0.0,0.0,0.0,0,0,0,0.0,0,0.0,0.0,0.0,0.0,0.0,0.0,0.0,27.82608695652174,0.0,0.8695652173913043,0.8695652173913043,1.7391304347826086,2.608695652173913,6.08695652173913,3.9130434782608696,0.43478260869565216,0.0,0.0,0.43478260869565216,0.8695652173913043,0.0,0.0,0.0,11.596774193548388,,64.28571428571429,0.0,6.592718446601942
netherlands,Eredivisie,2025,Dion Versluis,22.0,F,Netherlands,192.0,,6,0,40.0,0.0,0.0,0.0,0.0,0,0,0,0.0,0,2.25,2.25,0.0,0.0,0.0,0.0,0.0,18.0,0.0,2.25,0.0,0.0,2.25,24.750000000000004,9.0,2.25,0.0,0.0,0.0,0.0,0.0,0.0,0.0,1.0,0.0,36.36363636363637,0.0,6.552631578947368
netherlands,Eredivisie,2025,Dion Vlak,24.0,G,Netherlands,,,0,0,0.0,0.0,0.0,0.0,0.0,0,0,0,0.0,0,,,,,,,,,,,,,,,,,,,,,,,,,,,,
netherlands,Eredivisie,2025,Dirk Baron,23.0,G,Netherlands,190.0,75.0,0,0,0.0,0.0,0.0,0.0,0.0,0,0,0,0.0,0,,,,,,,,,,,,,,,,,,,,,,,,,,,,
netherlands,Eredivisie,2025,Dirk Proper,23.0,M,Netherlands,168.0,63.0,22,8,1048.0,3.0,0.0,0.0,0.0,0,0,2,0.0,0,0.0,0.42938931297709926,0.34351145038167935,0.25763358778625955,0.0,0.25763358778625955,0.25763358778625955,37.35687022900763,0.9446564885496184,1.631679389312977,0.0,1.116412213740458,2.748091603053435,8.931297709923664,4.980916030534352,0.34351145038167935,0.25763358778625955,0.601145038167939,1.2881679389312977,1.3740458015267174,0.17175572519083968,0.0,0.0,26.291666666666668,80.0,55.769230769230774,75.0,6.887631831255993
netherlands,Eredivisie,2025,Djevencio van der Kust,24.0,D,Suriname,178.0,,21,13,1218.0,0.0,2.0,0.0,2.0,0,0,2,0.0,0,0.07389162561576354,0.14778325123152708,0.0,0.0,0.14778325123152708,0.14778325123152708,0.0,27.857142857142858,0.4433497536945813,2.512315270935961,0.5911330049261083,1.2561576354679804,3.768472906403941,8.645320197044335,4.137931034482759,0.5172413793103449,0.14778325123152708,1.1822660098522166,0.5172413793103449,0.9605911330049262,0.14778325123152708,0.0,0.0,20.387267904509283,0.0,47.863247863247864,28.57142857142857,6.388916256157636
netherlands,Eredivisie,2025,Don-Angelo Konadu,19.0,F,Netherlands,173.0,60.0,9,2,197.0,0.0,0.0,0.0,0.0,0,0,0,0.0,0,0.45685279187817257,2.7411167512690358,0.9137055837563451,0.0,0.0,0.0,0.0,18.730964467005077,0.9137055837563451,0.9137055837563451,0.0,0.45685279187817257,1.3705583756345179,13.70558375634518,6.85279187817259,0.9137055837563451,0.45685279187817257,0.0,1.8274111675126903,1.8274111675126903,0.0,0.0,0.0,7.35,33.33333333333333,50.0,50.0,6.5218274111675125
netherlands,Eredivisie,2025,Duke Verduin,22.0,G,Netherlands,195.0,82.0,1,1,90.0,0.0,0.0,0.0,0.0,0,0,0,0.0,0,0.0,0.0,0.0,0.0,0.0,0.0,0.0,40.0,0.0,0.0,0.0,0.0,0.0,0.0,0.0,0.0,0.0,0.0,0.0,0.0,0.0,0.0,0.0,24.0,,,,8.3
netherlands,Eredivisie,2025,Dylan Mbayo,24.0,F,Belgium,175.0,65.0,14,5,528.0,0.0,1.0,0.0,0.0,0,0,1,0.0,0,0.5113636363636364,0.34090909090909094,0.17045454545454547,0.0,0.17045454545454547,0.17045454545454547,0.0,21.136363636363637,0.8522727272727273,0.17045454545454547,0.0,0.17045454545454547,0.34090909090909094,10.397727272727272,3.75,3.5795454545454546,1.0227272727272727,0.6818181818181819,2.5568181818181817,1.3636363636363638,0.17045454545454547,0.0,0.0,11.819672131147541,50.0,36.0655737704918,28.57142857142857,6.577840909090909
netherlands,Eredivisie,2025,Dylan Mertens,30.0,M,Netherlands,187.0,84.0,20,4,486.0,0.0,0.0,0.0,0.0,0,0,2,0.0,0,0.5555555555555556,0.5555555555555556,0.1851851851851852,0.0,0.0,0.0,0.0,25.0,0.7407407407407408,3.7037037037037037,0.7407407407407408,0.5555555555555556,4.2592592592592595,16.11111111111111,8.148148148148149,2.7777777777777777,1.6666666666666665,0.5555555555555556,1.4814814814814816,2.2222222222222223,0.3703703703703704,0.0,0.0,8.671641791044776,33.33333333333333,50.57471264367817,60.0,6.691875
netherlands,Eredivisie,2025,Dylan Ruward,20.0,D,Netherlands,180.0,70.0,1,0,11.0,0.0,0.0,0.0,0.0,0,0,0,0.0,0,0.0,0.0,0.0,0.0,0.0,0.0,0.0,0.0,0.0,0.0,0.0,0.0,0.0,0.0,0.0,0.0,0.0,0.0,0.0,0.0,0.0,0.0,0.0,,,,,6.2
netherlands,Eredivisie,2025,Dylan Vente,26.0,F,Netherlands,181.0,77.0,31,24,2223.0,8.0,3.0,0.0,0.0,2,0,1,0.0,0,0.3643724696356275,2.0242914979757085,1.0526315789473684,0.32388663967611336,0.1214574898785425,0.44534412955465585,0.242914979757085,21.09311740890688,0.97165991902834,0.5668016194331983,0.04048582995951417,0.16194331983805668,0.728744939271255,10.080971659919028,3.481781376518218,0.6477732793522267,0.1214574898785425,0.242914979757085,0.728744939271255,0.97165991902834,0.04048582995951417,0.0,0.0,14.019193857965451,52.0,34.53815261044177,18.75,6.45825461088619
netherlands,Eredivisie,2025,Eli Dasa,33.0,D,Israel,177.0,68.0,22,21,1815.0,1.0,0.0,0.0,0.0,0,0,0,0.0,0,0.04958677685950413,0.743801652892562,0.24793388429752067,0.04958677685950413,0.0,0.04958677685950413,0.04958677685950413,43.1404958677686,0.793388429752066,0.8429752066115702,0.34710743801652894,0.8925619834710744,1.7355371900826446,5.900826446280992,3.12396694214876,0.9421487603305785,0.396694214876033,0.1983471074380165,0.8925619834710744,0.5454545454545454,0.0,0.0,0.0,36.93793103448276,33.33333333333333,52.94117647058824,42.10526315789473,6.680826446280992
netherlands,Eredivisie,2025,Eliano Reijnders,25.0,M,Netherlands,168.0,60.0,2,0,41.0,0.0,0.0,0.0,0.0,0,0,0,0.0,0,0.0,0.0,0.0,0.0,0.0,0.0,0.0,21.95121951219512,2.1951219512195124,4.390243902439025,0.0,0.0,4.390243902439025,10.97560975609756,4.390243902439025,0.0,0.0,2.1951219512195124,0.0,0.0,0.0,0.0,0.0,2.0,,40.0,,6.485365853658536
netherlands,Eredivisie,2025,Elijah Dijkstra,19.0,D,Netherlands,172.0,,20,13,1272.0,0.0,0.0,0.0,0.0,0,0,1,0.0,0,0.0,0.2830188679245283,0.07075471698113207,0.0,0.0,0.0,0.0,44.08018867924528,0.990566037735849,2.405660377358491,0.14150943396226415,1.5566037735849056,3.962264150943396,9.976415094339623,5.306603773584905,1.981132075471698,0.8490566037735848,1.4150943396226414,1.1320754716981132,0.5660377358490566,0.07075471698113207,0.0,0.0,35.67524115755627,25.0,53.191489361702125,42.857142857142854,6.666168371361134
netherlands,Eredivisie,2025,Elvis Van der Laan,17.0,D,Sweden,,,0,0,0.0,0.0,0.0,0.0,0.0,0,0,0,0.0,0,,,,,,,,,,,,,,,,,,,,,,,,,,,,
netherlands,Eredivisie,2025,Emeka Adeile,18.0,D,England,173.0,,2,0,46.0,0.0,0.0,0.0,0.0,0,0,0,0.0,0,0.0,0.0,0.0,0.0,0.0,0.0,0.0,33.26086956521739,0.0,0.0,0.0,3.9130434782608696,3.9130434782608696,13.695652173913045,5.869565217391304,5.869565217391304,1.9565217391304348,1.9565217391304348,3.9130434782608696,1.9565217391304348,0.0,0.0,0.0,14.176470588235293,,42.857142857142854,33.33333333333333,5.9
netherlands,Eredivisie,2025,Emil Hansson,27.0,F,Sweden,172.0,68.0,12,8,579.0,1.0,1.0,0.0,0.0,0,0,1,0.0,0,0.0,1.0880829015544042,0.7772020725388601,0.15544041450777202,0.15544041450777202,0.31088082901554404,0.15544041450777202,27.357512953367877,1.5544041450777202,0.6217616580310881,0.0,0.15544041450777202,0.7772020725388601,5.906735751295337,2.0207253886010363,2.4870466321243523,1.0880829015544042,1.0880829015544042,0.15544041450777202,0.46632124352331605,0.15544041450777202,0.0,0.0,16.113636363636363,71.42857142857143,34.21052631578947,43.75,6.648877374784111
netherlands,Eredivisie,2025,Emirhan Demircan,20.0,F,Türkiye,,,6,0,93.0,0.0,0.0,0.0,0.0,0,0,0,0.0,0,0.0,0.967741935483871,0.0,0.0,0.0,0.0,0.0,30.0,2.903225806451613,1.935483870967742,0.0,0.967741935483871,2.903225806451613,21.290322580645164,10.645161290322582,6.774193548387097,2.903225806451613,0.0,3.870967741935484,0.967741935483871,0.0,0.0,0.0,9.290322580645162,0.0,50.0,42.857142857142854,6.605494505494506
netherlands,Eredivisie,2025,Emre Ünüvar,17.0,F,Netherlands,,,0,0,0.0,0.0,0.0,0.0,0.0,0,0,0,0.0,0,,,,,,,,,,,,,,,,,,,,,,,,,,,,
netherlands,Eredivisie,2025,Enes Mahmutović,28.0,D,Luxembourg,190.0,83.0,15,7,753.0,0.0,0.0,0.0,0.0,0,0,2,0.0,0,0.0,0.9561752988047808,0.1195219123505976,0.0,0.0,0.0,0.0,33.22709163346614,0.35856573705179284,0.9561752988047808,0.7171314741035857,0.8366533864541833,1.792828685258964,10.278884462151394,5.7370517928286855,0.1195219123505976,0.0,0.2390438247011952,1.0756972111553784,1.4342629482071714,0.2390438247011952,0.0,0.0,27.302919708029197,12.5,55.81395348837209,0.0,6.598803191489362
netherlands,Eredivisie,2025,Erik Ahlstrand,24.0,M,Sweden,184.0,75.0,14,7,748.0,0.0,1.0,0.0,0.0,0,0,0,0.0,0,0.12032085561497326,0.8422459893048128,0.24064171122994651,0.0,0.12032085561497326,0.12032085561497326,0.0,26.109625668449198,1.4438502673796794,2.5267379679144386,0.0,0.8422459893048128,3.368983957219251,9.144385026737968,3.8502673796791442,1.3235294117647058,0.6016042780748663,0.9625668449197861,0.36096256684491984,1.4438502673796794,0.0,0.0,0.0,13.857142857142858,28.57142857142857,42.10526315789473,45.45454545454545,6.46951871657754
netherlands,Eredivisie,2025,Ernest Poku,21.0,M,Netherlands,173.0,63.0,1,1,77.0,0.0,1.0,0.0,0.0,0,0,0,0.0,0,1.168831168831169,0.0,0.0,0.0,1.168831168831169,1.168831168831169,0.0,21.038961038961038,1.168831168831169,0.0,0.0,2.337662337662338,2.337662337662338,10.519480519480519,7.012987012987013,7.012987012987013,5.844155844155844,0.0,0.0,0.0,0.0,0.0,0.0,14.0,,66.66666666666666,83.33333333333334,6.900000000000001
netherlands,Eredivisie,2025,Eser Gürbüz,18.0,F,Netherlands,,,16,1,307.0,1.0,0.0,0.0,0.0,0,0,1,0.0,0,0.0,2.0521172638436482,1.758957654723127,0.2931596091205212,0.0,0.2931596091205212,0.2931596091205212,21.986970684039086,1.1726384364820848,2.0521172638436482,0.0,0.2931596091205212,2.3452768729641695,17.58957654723127,7.62214983713355,9.087947882736156,4.1042345276872965,0.8794788273615635,0.5863192182410424,2.3452768729641695,0.2931596091205212,0.0,0.0,5.283783783783784,85.71428571428571,43.333333333333336,45.16129032258064,6.568770764119601
netherlands,Eredivisie,2025,Esmir Bajraktarević,20.0,F,USA,175.0,64.0,28,8,1062.0,4.0,4.0,0.0,0.0,0,0,0,0.0,0,0.0,1.864406779661017,1.1864406779661016,0.3389830508474576,0.3389830508474576,0.6779661016949152,0.3389830508474576,40.42372881355932,1.864406779661017,1.694915254237288,0.0,0.2542372881355932,1.9491525423728815,11.101694915254237,5.169491525423729,3.898305084745763,1.7796610169491527,0.9322033898305085,1.5254237288135593,0.9322033898305085,0.0,0.0,0.0,24.48427672955975,63.63636363636363,46.56488549618321,45.65217391304348,7.253030303030303
netherlands,Eredivisie,2025,Espen Van Ee,22.0,M,Netherlands,179.0,68.0,1,0,55.0,0.0,0.0,0.0,0.0,0,0,0,0.0,0,0.0,3.2727272727272725,0.0,0.0,0.0,0.0,0.0,29.454545454545453,0.0,4.909090909090909,0.0,0.0,4.909090909090909,18.0,8.181818181818182,3.2727272727272725,1.6363636363636362,0.0,0.0,1.6363636363636362,0.0,0.0,0.0,16.0,0.0,45.45454545454545,50.0,6.7
netherlands,Eredivisie,2025,Etienne Vaessen,30.0,G,Netherlands,189.0,93.0,30,30,2603.0,0.0,1.0,0.0,1.0,0,0,3,0.0,0,0.0,0.0,0.0,0.0,0.03457548981943911,0.03457548981943911,0.0,43.15021129466001,0.06915097963887822,0.06915097963887822,0.0,0.0,0.06915097963887822,0.933538225124856,0.7606607760276604,0.03457548981943911,0.03457548981943911,0.06915097963887822,0.3803303880138302,0.03457548981943911,0.10372646945831732,0.0,0.0,29.033653846153847,,81.48148148148148,100.0,6.922205147906262
netherlands,Eredivisie,2025,Eus Waayers,19.0,D,Netherlands,,,4,1,66.0,0.0,1.0,0.0,0.0,0,0,0,0.0,0,0.0,1.3636363636363638,1.3636363636363638,0.0,1.3636363636363638,1.3636363636363638,0.0,30.0,4.090909090909091,2.7272727272727275,1.3636363636363638,0.0,2.7272727272727275,8.181818181818182,4.090909090909091,0.0,0.0,1.3636363636363638,1.3636363636363638,2.7272727272727275,0.0,0.0,0.0,5.2272727272727275,100.0,50.0,,6.665151515151516
netherlands,Eredivisie,2025,Evert Linthorst,25.0,M,Netherlands,185.0,82.0,29,16,1493.0,1.0,2.0,0.0,1.0,0,0,3,0.0,0,0.0,0.3014065639651708,0.24112525117213662,0.060281312793034156,0.12056262558606831,0.18084393837910245,0.060281312793034156,46.2357669122572,0.5425318151373074,0.9042196918955124,0.48225050234427325,0.9645010046885465,1.8687206965840588,4.340254521098459,1.8084393837910249,0.24112525117213662,0.060281312793034156,0.3616878767582049,0.24112525117213662,0.9645010046885465,0.18084393837910245,0.0,0.0,33.53202614379085,80.0,41.66666666666667,25.0,6.8079141515761235
netherlands,Eredivisie,2025,Fabian Merién,17.0,D,Netherlands,,,1,0,8.0,0.0,0.0,0.0,0.0,0,0,0,0.0,0,0.0,0.0,0.0,0.0,0.0,0.0,0.0,45.0,0.0,0.0,0.0,0.0,0.0,22.5,11.25,11.25,11.25,11.25,0.0,0.0,0.0,0.0,0.0,4.0,,50.0,100.0,6.9
netherlands,Eredivisie,2025,Fabian de Keijzer,25.0,G,Netherlands,193.0,83.0,8,8,720.0,0.0,0.0,0.0,0.0,0,0,0,0.0,0,0.0,0.0,0.0,0.0,0.0,0.0,0.0,39.75,0.0,0.0,0.0,0.0,0.0,0.0,0.0,0.0,0.0,0.0,0.0,0.0,0.0,0.0,0.0,21.58805031446541,,,,7.1625
netherlands,Eredivisie,2025,Filip Bednarek,33.0,G,Poland,188.0,81.0,0,0,0.0,0.0,0.0,0.0,0.0,0,0,0,0.0,0,,,,,,,,,,,,,,,,,,,,,,,,,,,,
netherlands,Eredivisie,2025,Finn Mulder,17.0,G,Netherlands,,,0,0,0.0,0.0,0.0,0.0,0.0,0,0,0,0.0,0,,,,,,,,,,,,,,,,,,,,,,,,,,,,
netherlands,Eredivisie,2025,Finn Stokkers,29.0,F,Netherlands,180.0,81.0,19,0,287.0,1.0,0.0,0.0,0.0,0,0,1,0.0,0,0.313588850174216,1.8815331010452963,0.627177700348432,0.313588850174216,0.0,0.313588850174216,0.313588850174216,24.45993031358885,1.5679442508710801,0.0,0.0,0.313588850174216,0.313588850174216,15.993031358885018,6.898954703832752,0.627177700348432,0.313588850174216,0.0,0.9407665505226481,1.5679442508710801,0.313588850174216,0.0,0.0,3.3421052631578947,33.33333333333333,43.13725490196079,50.0,6.548780487804878
netherlands,Eredivisie,2025,Fredrik Jensen,32.0,M,Norway,186.0,73.0,11,9,762.0,0.0,1.0,0.0,0.0,0,0,0,0.0,1,0.11811023622047244,0.7086614173228346,0.47244094488188976,0.0,0.11811023622047244,0.11811023622047244,0.0,60.0,0.3543307086614173,1.1811023622047243,0.11811023622047244,1.2992125984251968,2.4803149606299213,8.385826771653544,4.488188976377953,0.23622047244094488,0.11811023622047244,0.5905511811023622,0.9448818897637795,0.7086614173228346,0.0,0.0,0.11811023622047244,50.01968503937008,66.66666666666666,53.52112676056338,50.0,6.6400262467191595
netherlands,Eredivisie,2025,Freek Entius,19.0,G,Netherlands,,,0,0,0.0,0.0,0.0,0.0,0.0,0,0,0,0.0,0,,,,,,,,,,,,,,,,,,,,,,,,,,,,
netherlands,Eredivisie,2025,Gabriel Reiziger,20.0,M,Netherlands,,,12,1,218.0,1.0,0.0,0.0,0.0,0,0,0,0.0,0,0.0,1.651376146788991,0.41284403669724773,0.41284403669724773,0.0,0.41284403669724773,0.41284403669724773,25.183486238532108,0.0,1.651376146788991,0.0,2.4770642201834865,4.128440366972478,11.559633027522937,3.302752293577982,1.651376146788991,0.41284403669724773,0.8256880733944955,0.8256880733944955,1.651376146788991,0.0,0.0,0.0,8.271186440677965,25.0,28.57142857142857,25.0,6.7236111111111105
netherlands,Eredivisie,2025,Ganni Buyukhan,16.0,M,,,,1,0,1.0,0.0,0.0,0.0,0.0,0,0,0,0.0,0,0.0,0.0,0.0,0.0,0.0,0.0,0.0,90.0,0.0,90.0,0.0,90.0,180.0,270.0,90.0,90.0,0.0,0.0,0.0,0.0,0.0,0.0,0.0,1.0,,33.33333333333333,0.0,
netherlands,Eredivisie,2025,Gaoussou Diarra,23.0,F,Mali,183.0,,6,2,209.0,0.0,0.0,0.0,0.0,0,0,0,0.0,0,0.0,2.15311004784689,1.291866028708134,0.0,0.0,0.0,0.0,30.574162679425836,0.43062200956937796,1.291866028708134,0.0,0.43062200956937796,1.7224880382775118,11.626794258373206,6.45933014354067,5.167464114832536,3.014354066985646,0.0,0.8612440191387559,0.8612440191387559,0.0,0.0,0.0,13.661971830985916,60.0,55.55555555555556,58.333333333333336,6.585167464114832
netherlands,Eredivisie,2025,Gerald Alders,20.0,D,Netherlands,179.0,,10,7,553.0,0.0,0.0,0.0,0.0,0,0,0,0.0,0,0.162748643761302,0.162748643761302,0.0,0.0,0.0,0.0,0.0,40.03616636528029,0.650994575045208,3.4177215189873418,0.488245931283906,0.81374321880651,4.231464737793852,11.066907775768534,5.858951175406872,0.488245931283906,0.0,0.325497287522604,2.278481012658228,1.139240506329114,0.0,0.0,0.0,27.914634146341463,0.0,52.94117647058824,0.0,6.613562386980108
netherlands,Eredivisie,2025,Gernot Trauner,33.0,D,Austria,183.0,82.0,5,4,282.0,0.0,0.0,0.0,0.0,0,0,0,0.0,0,0.0,0.6382978723404256,0.3191489361702128,0.0,0.0,0.0,0.0,48.82978723404255,0.0,1.2765957446808511,0.9574468085106382,1.595744680851064,2.8723404255319145,10.53191489361702,6.0638297872340425,0.3191489361702128,0.3191489361702128,0.6382978723404256,0.9574468085106382,1.9148936170212765,0.0,0.0,0.0,31.705882352941178,50.0,57.57575757575758,100.0,6.920284697508897
netherlands,Eredivisie,2025,Gerrit Nauber,33.0,D,Germany,185.0,74.0,9,9,799.0,2.0,0.0,0.0,0.0,0,0,1,0.0,0,0.11264080100125157,0.6758448060075094,0.45056320400500627,0.22528160200250313,0.0,0.22528160200250313,0.22528160200250313,54.180225281602,0.45056320400500627,0.45056320400500627,1.4643304130162704,0.5632040050062578,1.013767209011264,6.645807259073842,3.829787234042553,0.0,0.0,0.22528160200250313,0.0,0.7884856070087609,0.11264080100125157,0.0,0.0,53.25155925155925,66.66666666666666,57.6271186440678,,7.151063829787234
netherlands,Eredivisie,2025,Giandro Sambo,19.0,M,Curaçao,181.0,65.0,0,0,0.0,0.0,0.0,0.0,0.0,0,0,0,0.0,0,,,,,,,,,,,,,,,,,,,,,,,,,,,,
netherlands,Eredivisie,2025,Giannino Vianello,18.0,D,Netherlands,,,5,3,313.0,0.0,0.0,0.0,0.0,0,0,0,0.0,0,0.0,0.2875399361022364,0.0,0.0,0.0,0.0,0.0,44.281150159744406,0.2875399361022364,0.8626198083067093,0.8626198083067093,1.1501597444089455,2.0127795527156547,5.175718849840256,2.587859424920128,0.8626198083067093,0.5750798722044728,0.5750798722044728,0.2875399361022364,1.1501597444089455,0.0,0.0,0.0,37.12987012987013,0.0,50.0,66.66666666666666,6.385303514376997
netherlands,Eredivisie,2025,Gibson Yah,22.0,M,Netherlands,178.0,74.0,24,20,1665.0,0.0,3.0,0.0,1.0,0,0,2,0.0,0,0.05405405405405405,0.3783783783783784,0.2162162162162162,0.0,0.16216216216216217,0.16216216216216217,0.0,45.67567567567568,0.5945945945945945,3.5675675675675675,0.9189189189189189,1.6216216216216217,5.1891891891891895,11.783783783783784,7.1891891891891895,1.2972972972972974,0.5405405405405406,0.7567567567567568,1.3513513513513513,1.2432432432432432,0.1081081081081081,0.0,0.0,34.06508875739645,57.14285714285714,61.00917431192661,41.66666666666667,7.122042042042042
netherlands,Eredivisie,2025,Gijs Besselink,21.0,M,Netherlands,180.0,69.0,0,0,0.0,0.0,0.0,0.0,0.0,0,0,0,0.0,0,,,,,,,,,,,,,,,,,,,,,,,,,,,,
netherlands,Eredivisie,2025,Gijs Smal,28.0,D,Netherlands,183.0,74.0,17,10,876.0,0.0,2.0,0.0,0.0,0,0,0,0.0,0,0.0,0.7191780821917808,0.2054794520547945,0.0,0.2054794520547945,0.2054794520547945,0.0,52.5,1.643835616438356,2.1575342465753424,0.410958904109589,1.2328767123287672,3.3904109589041096,8.013698630136986,5.342465753424658,0.9246575342465753,0.5136986301369862,0.410958904109589,1.1301369863013697,0.3082191780821918,0.0,0.0,0.0,36.297455968688844,28.57142857142857,66.66666666666666,55.55555555555556,6.97017142857143
netherlands,Eredivisie,2025,Gijs van den Berg,32.0,M,,,,0,0,0.0,0.0,0.0,0.0,0.0,0,0,0,0.0,0,,,,,,,,,,,,,,,,,,,,,,,,,,,,
netherlands,Eredivisie,2025,Gilles van der Wal,0.0,M,Netherlands,,,0,0,0.0,0.0,0.0,0.0,0.0,0,0,0,0.0,0,,,,,,,,,,,,,,,,,,,,,,,,,,,,
netherlands,Eredivisie,2025,Giovanni van Zwam,21.0,D,Netherlands,185.0,79.0,12,6,685.0,0.0,0.0,0.0,1.0,0,0,0,0.0,0,0.0,0.2627737226277372,0.1313868613138686,0.0,0.0,0.0,0.0,45.98540145985402,0.2627737226277372,0.9197080291970803,1.313868613138686,0.9197080291970803,1.8394160583941606,7.357664233576642,3.284671532846715,0.1313868613138686,0.1313868613138686,0.5255474452554744,0.5255474452554744,1.0510948905109487,0.0,0.0,0.0,35.651428571428575,50.0,44.642857142857146,100.0,6.568613138686131
netherlands,Eredivisie,2025,Giuliano Cairo,19.0,M,Netherlands,,,1,0,9.0,0.0,0.0,0.0,0.0,0,0,0,0.0,0,0.0,0.0,0.0,0.0,0.0,0.0,0.0,60.0,0.0,20.0,0.0,0.0,20.0,50.0,20.0,10.0,0.0,10.0,0.0,10.0,0.0,0.0,0.0,5.0,,40.0,0.0,6.3
netherlands,Eredivisie,2025,Givairo Read,19.0,D,Netherlands,184.0,,16,11,940.0,1.0,3.0,0.0,0.0,0,0,2,0.0,0,0.0,0.9574468085106382,0.28723404255319146,0.09574468085106383,0.28723404255319146,0.3829787234042553,0.09574468085106383,39.351063829787236,1.053191489361702,1.819148936170213,0.09574468085106383,1.1489361702127658,2.9680851063829787,7.659574468085106,4.691489361702128,1.7234042553191489,1.2446808510638296,0.6702127659574468,1.3404255319148937,0.6702127659574468,0.19148936170212766,0.0,0.0,26.70559610705596,30.0,61.25000000000001,72.22222222222221,6.7751063829787235
netherlands,Eredivisie,2025,Givaro Rahajaan,17.0,M,Netherlands,,,0,0,0.0,0.0,0.0,0.0,0.0,0,0,0,0.0,0,,,,,,,,,,,,,,,,,,,,,,,,,,,,
netherlands,Eredivisie,2025,Gjivai Zechiël,21.0,M,Netherlands,171.0,67.0,36,34,3018.0,9.0,7.0,1.0,0.0,0,0,4,0.0,0,0.20874751491053678,1.341948310139165,0.805168986083499,0.268389662027833,0.20874751491053678,0.47713717693836977,0.268389662027833,41.988071570576544,1.4015904572564613,1.610337972166998,0.20874751491053678,1.312127236580517,2.9224652087475147,7.664015904572565,3.9960238568588466,1.8190854870775348,0.805168986083499,0.805168986083499,1.10337972166998,0.6560636182902585,0.11928429423459244,0.0,0.0,36.63920454545455,60.0,52.14007782101168,44.26229508196721,7.261961563949635
netherlands,Eredivisie,2025,Gonzalo Crettaz,25.0,G,Argentina,184.0,78.0,31,31,2790.0,0.0,0.0,0.0,0.0,0,0,3,0.0,0,0.0,0.0,0.0,0.0,0.0,0.0,0.0,47.4516129032258,0.0967741935483871,0.16129032258064516,0.0,0.0,0.16129032258064516,0.45161290322580644,0.3225806451612903,0.0,0.0,0.06451612903225806,0.03225806451612903,0.0,0.0967741935483871,0.0,0.0,27.64174031271244,,71.42857142857143,,7.122580645161291
netherlands,Eredivisie,2025,Gonçalo Borges,24.0,F,Portugal,184.0,72.0,11,4,459.0,2.0,1.0,0.0,0.0,0,0,0,0.0,1,0.7843137254901962,1.9607843137254903,0.7843137254901962,0.3921568627450981,0.19607843137254904,0.5882352941176471,0.3921568627450981,19.607843137254903,1.9607843137254903,1.5686274509803924,0.19607843137254904,0.3921568627450981,1.9607843137254903,10.588235294117647,3.9215686274509807,2.549019607843137,0.9803921568627452,2.156862745098039,0.9803921568627452,0.9803921568627452,0.0,0.0,0.19607843137254904,10.63,40.0,37.03703703703704,38.46153846153847,6.7890829694323145
netherlands,Eredivisie,2025,Guilherme Peixoto,19.0,D,Portugal,,,1,0,17.0,0.0,0.0,0.0,0.0,0,0,1,0.0,0,0.0,0.0,0.0,0.0,0.0,0.0,0.0,21.176470588235293,0.0,0.0,0.0,0.0,0.0,15.882352941176471,5.294117647058823,5.294117647058823,5.294117647058823,5.294117647058823,0.0,5.294117647058823,5.294117647058823,0.0,0.0,4.0,,33.33333333333333,100.0,6.5
netherlands,Eredivisie,2025,Guus Offerhaus,24.0,D,Netherlands,188.0,,33,33,2969.0,1.0,3.0,0.0,0.0,0,0,6,0.0,0,0.0,0.39407207814078815,0.09093971034018188,0.030313236780060628,0.09093971034018188,0.12125294712024251,0.030313236780060628,40.07409902324015,0.9700235769619401,1.1519029976423039,0.8790838666217582,0.9093971034018188,2.0613001010441225,6.396092960592792,2.606938363085214,0.42438531492084874,0.21219265746042437,0.4546985517009094,0.21219265746042437,1.060963287302122,0.18187942068036375,0.0,0.0,35.882753403933435,23.076923076923077,40.758293838862556,50.0,6.639171438194679
netherlands,Eredivisie,2025,Guus Til,28.0,M,Netherlands,186.0,79.0,29,25,2247.0,14.0,4.0,1.0,0.0,0,0,2,0.0,0,0.3204272363150868,1.842456608811749,1.1214953271028036,0.5607476635514018,0.1602136181575434,0.7209612817089454,0.5607476635514018,26.234979973297733,1.7222963951935917,1.1214953271028036,0.04005340453938585,0.0801068090787717,1.2016021361815754,7.730307076101468,3.364485981308411,0.6809078771695595,0.12016021361815754,0.2803738317757009,0.8010680907877169,1.1214953271028036,0.0801068090787717,0.0,0.0,21.326717557251907,60.86956521739131,43.523316062176164,17.647058823529413,6.9214063195371605
netherlands,Eredivisie,2025,Gyan de Regt,22.0,M,Netherlands,176.0,70.0,34,31,2662.0,3.0,7.0,0.0,0.0,0,0,3,0.0,0,0.304282494365139,1.115702479338843,0.574755822689707,0.10142749812171299,0.236664162283997,0.33809166040571,0.10142749812171299,24.34259954921112,1.791885800150263,0.743801652892562,0.067618332081142,0.270473328324568,1.01427498121713,8.08039068369647,3.0766341096919607,1.960931630353118,0.67618332081142,0.879038317054846,0.777610818933133,1.115702479338843,0.10142749812171299,0.0,0.0,16.929166666666667,51.515151515151516,38.07531380753138,34.48275862068966,6.768219383921863
netherlands,Eredivisie,2025,Hakeem Agboluaje,18.0,M,,,,0,0,0.0,0.0,0.0,0.0,0.0,0,0,0,0.0,0,,,,,,,,,,,,,,,,,,,,,,,,,,,,
netherlands,Eredivisie,2025,Hasip Korkmazyürek,22.0,M,Türkiye,179.0,71.0,1,0,1.0,0.0,0.0,0.0,0.0,0,0,0,0.0,0,0.0,0.0,0.0,0.0,0.0,0.0,0.0,0.0,0.0,0.0,0.0,0.0,0.0,90.0,0.0,0.0,0.0,0.0,0.0,0.0,0.0,0.0,0.0,,,0.0,,
netherlands,Eredivisie,2025,Henk Veerman,34.0,F,Netherlands,201.0,90.0,24,20,1696.0,4.0,1.0,0.0,0.0,0,0,1,0.0,0,0.7429245283018868,1.910377358490566,0.7429245283018868,0.2122641509433962,0.05306603773584905,0.2653301886792453,0.2122641509433962,12.788915094339623,0.4775943396226415,0.2122641509433962,0.1061320754716981,0.05306603773584905,0.2653301886792453,6.420990566037736,2.865566037735849,0.5837264150943396,0.3714622641509434,0.05306603773584905,0.15919811320754718,0.6367924528301887,0.05306603773584905,0.0,0.0,7.605809128630705,38.88888888888889,44.62809917355372,63.63636363636363,6.661202830188679
netherlands,Eredivisie,2025,Hidde Jurjus,31.0,G,Netherlands,189.0,77.0,7,5,552.0,0.0,0.0,0.0,0.0,0,0,0,0.0,0,0.0,0.0,0.0,0.0,0.0,0.0,0.0,40.108695652173914,0.0,0.0,0.0,0.0,0.0,0.16304347826086957,0.16304347826086957,0.0,0.0,0.0,0.0,0.0,0.0,0.0,0.0,22.82520325203252,,100.0,,7.038586956521739
netherlands,Eredivisie,2025,Hobie Verhulst,32.0,G,Netherlands,192.0,92.0,1,1,90.0,0.0,0.0,0.0,0.0,0,0,0,0.0,0,0.0,0.0,0.0,0.0,0.0,0.0,0.0,12.999999999999998,0.0,0.0,0.0,0.0,0.0,0.0,0.0,0.0,0.0,0.0,0.0,0.0,0.0,0.0,0.0,3.0,,,,6.7
netherlands,Eredivisie,2025,Houboulang Mendes,27.0,D,Guinea-Bissau,184.0,77.0,6,0,96.0,0.0,0.0,0.0,0.0,0,0,0,0.0,0,0.9375,0.0,0.0,0.0,0.0,0.0,0.0,16.875,0.0,2.8125,0.0,0.0,2.8125,8.4375,3.75,0.9375,0.0,0.9375,0.9375,1.875,0.0,0.0,0.0,3.411764705882353,,44.44444444444444,0.0,6.677083333333333
netherlands,Eredivisie,2025,Hristiyan Petrov,23.0,D,Bulgaria,186.0,,21,3,534.0,0.0,0.0,0.0,1.0,0,0,3,0.0,1,0.0,0.0,0.0,0.0,0.0,0.0,0.0,44.831460674157306,1.1797752808988764,1.348314606741573,1.1797752808988764,1.6853932584269664,3.033707865168539,8.258426966292134,4.887640449438202,0.16853932584269662,0.16853932584269662,0.8426966292134832,0.5056179775280899,0.6741573033707865,0.5056179775280899,0.0,0.16853932584269662,24.73308270676692,,59.183673469387756,100.0,6.644569288389513
netherlands,Eredivisie,2025,Ibrahim Sadiq,25.0,F,Ghana,167.0,68.0,20,5,646.0,2.0,0.0,0.0,1.0,0,0,3,0.0,0,0.4179566563467492,2.3684210526315788,1.3931888544891642,0.2786377708978328,0.0,0.2786377708978328,0.2786377708978328,31.207430340557277,1.1145510835913313,1.2538699690402477,0.1393188854489164,0.4179566563467492,1.671826625386997,11.842105263157894,4.597523219814241,2.3684210526315788,0.6965944272445821,0.9752321981424149,1.3931888544891642,1.1145510835913313,0.4179566563467492,0.0,0.0,11.254464285714286,58.82352941176471,38.82352941176471,29.411764705882355,6.682662538699691
netherlands,Eredivisie,2025,Ilai Grootfaam ,16.0,M,,,,1,0,11.0,0.0,0.0,0.0,0.0,0,0,0,0.0,0,0.0,0.0,0.0,0.0,0.0,0.0,0.0,16.363636363636363,0.0,8.181818181818182,0.0,0.0,8.181818181818182,8.181818181818182,8.181818181818182,0.0,0.0,0.0,0.0,0.0,0.0,0.0,0.0,2.0,,100.0,,6.0
netherlands,Eredivisie,2025,Ilias Bronkhorst,28.0,D,Netherlands,185.0,79.0,33,26,2356.0,2.0,0.0,0.0,0.0,0,0,6,0.0,0,0.0,0.42020373514431236,0.15280135823429541,0.07640067911714771,0.0,0.07640067911714771,0.07640067911714771,42.822580645161295,1.337011884550085,1.7572156196943973,0.38200339558573854,1.031409168081494,2.7886247877758916,9.473684210526315,5.539049235993208,0.6876061120543294,0.26740237691001695,0.7258064516129032,0.8404074702886247,1.1460101867572157,0.22920203735144315,0.0,0.0,31.64585191793042,36.36363636363637,58.46774193548387,38.88888888888889,6.8436757215619695
netherlands,Eredivisie,2025,In-Beom Hwang,29.0,M,Korea Republic,177.0,70.0,17,12,991.0,1.0,3.0,0.0,0.0,0,0,2,0.0,0,0.09081735620585267,0.9081735620585268,0.4540867810292634,0.09081735620585267,0.272452068617558,0.3632694248234107,0.09081735620585267,50.766902119071645,2.179616548940464,1.6347124117053482,0.272452068617558,0.9081735620585268,2.542885973763875,9.808274470232089,5.358224016145307,1.4530776992936427,0.9081735620585268,0.8173562058526741,0.9989909182643795,0.9989909182643795,0.18163471241170534,0.0,0.0,36.56529516994633,50.0,54.629629629629626,62.5,6.950050454086781
netherlands,Eredivisie,2025,Ingmar Mulder,21.0,D,,,,0,0,0.0,0.0,0.0,0.0,0.0,0,0,0,0.0,0,,,,,,,,,,,,,,,,,,,,,,,,,,,,
netherlands,Eredivisie,2025,Irakli Yegoian,21.0,M,Georgia,168.0,,31,30,2675.0,5.0,2.0,0.0,0.0,0,0,2,0.0,0,0.10093457943925234,1.244859813084112,0.4710280373831776,0.16822429906542058,0.06728971962616823,0.2355140186915888,0.16822429906542058,34.0822429906542,1.177570093457944,1.8504672897196262,0.37009345794392523,1.177570093457944,3.02803738317757,10.127102803738318,5.046728971962617,2.4224299065420563,1.177570093457944,0.9420560747663552,1.2112149532710281,0.7401869158878505,0.06728971962616823,0.0,0.0,29.53405725567621,37.83783783783784,49.83388704318937,48.61111111111111,7.024485981308411
netherlands,Eredivisie,2025,Isaac Babadi,20.0,M,Netherlands,179.0,73.0,0,0,0.0,0.0,0.0,0.0,0.0,0,0,0,0.0,0,,,,,,,,,,,,,,,,,,,,,,,,,,,,
netherlands,Eredivisie,2025,Isaiah Ahmed,20.0,M,Curaçao,186.0,75.0,2,0,10.0,0.0,0.0,0.0,0.0,0,0,0,0.0,0,0.0,0.0,0.0,0.0,0.0,0.0,0.0,18.0,0.0,0.0,0.0,9.0,9.0,18.0,0.0,0.0,0.0,0.0,0.0,9.0,0.0,0.0,0.0,,,0.0,,6.3
netherlands,Eredivisie,2025,Isak Hansen Aarøen,21.0,M,Norway,173.0,67.0,3,0,16.0,0.0,0.0,0.0,0.0,0,0,0,0.0,0,0.0,0.0,0.0,0.0,0.0,0.0,0.0,101.25,5.625,11.25,0.0,0.0,11.25,22.5,16.875,5.625,5.625,0.0,0.0,0.0,0.0,0.0,0.0,6.5,,75.0,100.0,5.9
netherlands,Eredivisie,2025,Isak Steiner Jensen,22.0,F,Denmark,185.0,91.0,33,23,2044.0,2.0,4.0,1.0,0.0,0,0,0,0.0,0,0.1761252446183953,0.8365949119373777,0.3962818003913894,0.08806262230919765,0.1761252446183953,0.26418786692759294,0.08806262230919765,30.998043052837573,1.761252446183953,1.0127201565557729,0.0,0.3962818003913894,1.4090019569471623,12.32876712328767,5.8561643835616435,4.138943248532289,2.6418786692759295,0.5724070450097847,1.1888454011741683,0.6164383561643836,0.0,0.0,0.0,21.251420454545453,47.368421052631575,47.5,63.829787234042556,6.888502935420743
netherlands,Eredivisie,2025,Ismael Saibari,24.0,M,Morocco,185.0,83.0,27,26,2145.0,15.0,8.0,0.0,0.0,1,0,2,0.0,0,0.3776223776223776,3.188811188811189,1.5524475524475525,0.6293706293706294,0.3356643356643357,0.9650349650349651,0.5874125874125874,41.83216783216783,2.2237762237762237,1.4265734265734267,0.08391608391608392,0.3356643356643357,1.7622377622377623,10.531468531468532,4.951048951048951,3.6923076923076925,2.097902097902098,0.6713286713286714,0.8811188811188811,1.132867132867133,0.08391608391608392,0.0,0.0,34.136409227683046,48.68421052631579,47.01195219123506,56.81818181818182,7.241864801864802
netherlands,Eredivisie,2025,Ismail Ka,19.0,G,Netherlands,,,0,0,0.0,0.0,0.0,0.0,0.0,0,0,0,0.0,0,,,,,,,,,,,,,,,,,,,,,,,,,,,,
netherlands,Eredivisie,2025,Ivan Mesík,24.0,D,Slovakia,186.0,75.0,30,30,2633.0,2.0,0.0,1.0,1.0,0,0,7,0.0,0,0.17090770983668818,0.6152677554120775,0.23927079377136348,0.06836308393467527,0.0,0.06836308393467527,0.06836308393467527,32.335738701101405,0.5127231295100646,1.4356247626281806,0.5469046714774022,0.9229016331181162,2.358526395746297,7.007216103304216,3.281428028864413,0.6152677554120775,0.3076338777060387,0.3076338777060387,0.6152677554120775,1.9141663501709079,0.23927079377136348,0.0,0.0,30.282241014799155,38.88888888888889,46.82926829268293,50.0,6.360083554880364
netherlands,Eredivisie,2025,Ivan Perišić,36.0,M,Croatia,186.0,80.0,30,27,2218.0,7.0,12.0,0.0,0.0,1,0,5,0.0,0,0.12173128944995493,1.5419296663660955,0.7709648331830478,0.2840396753832281,0.4869251577998197,0.7709648331830478,0.24346257889990985,37.655545536519384,2.15058611361587,1.2984670874661857,0.1623083859332732,1.0144274120829577,2.3128944995491434,7.993688007213706,3.814247069431921,1.2578899909828674,0.527502254283138,1.0955816050495943,0.2840396753832281,1.055004508566276,0.20288548241659152,0.0,0.0,25.71551724137931,50.0,47.71573604060914,41.935483870967744,7.290216411181245
netherlands,Eredivisie,2025,Ivo Pinto,35.0,D,Portugal,182.0,75.0,28,24,2047.0,0.0,5.0,0.0,0.0,0,0,3,0.0,1,0.04396678065461651,0.17586712261846604,0.0,0.0,0.21983390327308255,0.21983390327308255,0.0,32.88715192965315,0.9672691744015632,2.1104054714215925,0.21983390327308255,0.6595017098192477,2.76990718124084,7.474352711284807,4.0009770395701025,1.1871030776746458,0.6595017098192477,0.8353688324377138,0.7034684904738642,0.7914020517830972,0.13190034196384953,0.0,0.04396678065461651,24.762032085561497,0.0,53.529411764705884,55.55555555555556,6.501856375183195
netherlands,Eredivisie,2025,Iván Márquez,31.0,D,Spain,191.0,82.0,32,28,2506.0,1.0,0.0,0.0,0.0,0,0,4,0.0,0,0.035913806863527534,0.4309656823623304,0.1077414205905826,0.035913806863527534,0.0,0.035913806863527534,0.035913806863527534,35.339185953711095,0.14365522745411013,1.3288108539505188,1.005586592178771,0.9337589784517158,2.2625698324022347,7.972865123703112,4.992019154030327,0.035913806863527534,0.035913806863527534,0.2154828411811652,0.4309656823623304,1.149241819632881,0.14365522745411013,0.0,0.0,32.02845528455285,25.0,62.612612612612615,100.0,6.695690343176377
netherlands,Eredivisie,2025,Jacob Trenskow,25.0,M,Denmark,178.0,64.0,34,33,2773.0,13.0,5.0,0.0,0.0,0,0,0,0.0,0,0.1298232960692391,1.8824377930039669,1.298232960692391,0.42192571222502706,0.16227912008654888,0.5842048323115759,0.42192571222502706,29.372520735665343,2.2394518571943745,0.8438514244500541,0.06491164803461955,0.6166606563288857,1.4605120807789398,6.5560764514965735,2.4666426253155427,1.9798052650558962,0.7789397764154347,0.32455824017309776,0.45438153624233685,0.45438153624233685,0.0,0.0,0.0,24.122651933701658,68.96551724137932,37.62376237623762,39.34426229508197,7.207897583844212
netherlands,Eredivisie,2025,Jaden Slory,20.0,F,Netherlands,175.0,70.0,19,9,843.0,0.0,1.0,0.0,1.0,0,0,1,0.0,0,0.10676156583629894,0.5338078291814946,0.21352313167259787,0.0,0.10676156583629894,0.10676156583629894,0.0,19.11032028469751,1.387900355871886,1.0676156583629892,0.21352313167259787,0.7473309608540925,1.814946619217082,12.06405693950178,4.590747330960855,4.056939501779359,1.387900355871886,0.6405693950177935,1.814946619217082,0.9608540925266904,0.10676156583629894,0.0,0.0,11.201117318435754,40.0,38.05309734513274,34.21052631578947,6.535231316725978
netherlands,Eredivisie,2025,Jadiel Pereira da Gama,16.0,M,Netherlands,,,10,1,216.0,0.0,0.0,0.0,0.0,0,0,3,0.0,0,0.8333333333333333,0.41666666666666663,0.0,0.0,0.0,0.0,0.0,34.58333333333333,0.41666666666666663,1.25,0.41666666666666663,1.6666666666666665,2.9166666666666665,9.583333333333334,4.583333333333333,1.25,0.41666666666666663,1.25,0.8333333333333333,2.5,1.25,0.0,0.0,10.27710843373494,0.0,47.82608695652174,33.33333333333333,6.461214953271028
netherlands,Eredivisie,2025,Jakob Breum,22.0,M,Denmark,178.0,69.0,28,24,2041.0,6.0,5.0,1.0,0.0,0,0,1,0.0,0,0.04409603135717785,1.1024007839294463,0.881920627143557,0.2645761881430671,0.22048015678588925,0.48505634492895644,0.2645761881430671,41.36207741303283,2.337089661930426,0.7937285644292015,0.48505634492895644,0.39686428221460074,1.190592846643802,6.1734443900049,3.5717785399314064,2.116609505144537,1.3228809407153357,0.39686428221460074,1.0583047525722684,0.3527682508574228,0.04409603135717785,0.0,0.0,32.25586353944563,80.0,57.85714285714286,62.5,7.327339539441451
netherlands,Eredivisie,2025,Jakub Moder,26.0,M,Poland,188.0,78.0,10,9,803.0,1.0,1.0,0.0,0.0,1,0,3,0.0,0,0.0,1.3449564134495642,0.7845579078455791,0.11207970112079702,0.11207970112079702,0.22415940224159403,0.0,41.69364881693649,1.1207970112079702,2.1295143212951433,0.33623910336239105,1.0087173100871731,3.1382316313823164,10.983810709838107,6.052303860523039,1.3449564134495642,0.44831880448318806,1.0087173100871731,1.1207970112079702,1.3449564134495642,0.33623910336239105,0.0,0.0,31.053763440860216,58.333333333333336,55.10204081632652,33.33333333333333,6.912951432129515
netherlands,Eredivisie,2025,James McConnell,21.0,M,England,175.0,65.0,4,1,101.0,0.0,0.0,0.0,0.0,0,0,0,0.0,0,0.0,0.0,0.0,0.0,0.0,0.0,0.0,52.57425742574257,0.0,4.455445544554456,1.7821782178217822,0.8910891089108911,5.346534653465346,9.801980198019802,7.128712871287129,0.8910891089108911,0.8910891089108911,0.0,0.8910891089108911,0.8910891089108911,0.0,0.0,0.0,14.322033898305085,,72.72727272727273,100.0,6.84059405940594
netherlands,Eredivisie,2025,Jamiro Monteiro,32.0,M,Cape Verde,172.0,63.0,21,17,1276.0,2.0,3.0,0.0,0.0,0,0,0,0.0,1,0.28213166144200624,1.0579937304075235,0.21159874608150472,0.14106583072100312,0.21159874608150472,0.3526645768025078,0.14106583072100312,40.5564263322884,0.987460815047022,2.9623824451410656,0.21159874608150472,0.7758620689655172,3.7382445141065834,11.214733542319749,6.0658307210031355,1.3401253918495297,0.21159874608150472,1.3401253918495297,2.8213166144200623,1.128526645768025,0.0,0.0,0.07053291536050156,29.363478260869567,20.0,54.088050314465406,15.789473684210526,7.01371473354232
netherlands,Eredivisie,2025,Jan Bekkema,29.0,G,Netherlands,186.0,90.0,0,0,0.0,0.0,0.0,0.0,0.0,0,0,0,0.0,0,,,,,,,,,,,,,,,,,,,,,,,,,,,,
netherlands,Eredivisie,2025,Jan Faberski,19.0,F,Poland,170.0,,18,4,509.0,0.0,2.0,0.0,1.0,0,0,1,0.0,1,0.1768172888015717,0.7072691552062867,0.1768172888015717,0.0,0.3536345776031434,0.3536345776031434,0.0,18.035363457760315,1.4145383104125735,1.4145383104125735,0.1768172888015717,0.3536345776031434,1.768172888015717,13.261296660117878,6.365422396856581,3.8899803536345776,1.5913555992141453,0.8840864440078585,3.1827111984282905,1.0609037328094302,0.1768172888015717,0.0,0.1768172888015717,9.118811881188119,25.0,48.0,40.909090909090914,6.620039292730844
netherlands,Eredivisie,2025,Jan Plug,20.0,D,Netherlands,188.0,80.0,5,1,125.0,0.0,0.0,0.0,0.0,0,0,0,0.0,0,0.0,0.0,0.0,0.0,0.0,0.0,0.0,52.559999999999995,0.0,2.16,0.0,2.88,5.04,10.08,2.88,0.0,0.0,1.44,0.0,2.16,0.0,0.0,0.0,24.88888888888889,,28.57142857142857,,6.556097560975609
netherlands,Eredivisie,2025,Jan Žambůrek,24.0,M,Czechia,182.0,70.0,26,21,1740.0,0.0,1.0,0.0,0.0,0,0,6,0.0,0,0.0,0.3620689655172414,0.05172413793103448,0.0,0.05172413793103448,0.05172413793103448,0.0,31.448275862068964,0.6724137931034483,1.7586206896551724,0.20689655172413793,1.5517241379310345,3.310344827586207,9.465517241379311,4.706896551724138,1.1896551724137931,0.41379310344827586,1.0862068965517242,1.2413793103448276,1.7586206896551724,0.3103448275862069,0.0,0.0,24.326732673267326,14.285714285714285,49.72677595628415,34.78260869565217,6.596089706728005
netherlands,Eredivisie,2025,Jannes Wieckhoff,25.0,D,Germany,188.0,75.0,19,9,860.0,0.0,0.0,0.0,0.0,0,0,3,0.0,0,0.10465116279069767,0.41860465116279066,0.0,0.0,0.0,0.0,0.0,31.91860465116279,1.1511627906976745,2.511627906976744,0.0,1.1511627906976745,3.662790697674419,9.313953488372093,4.709302325581396,1.3604651162790697,0.7325581395348837,1.0465116279069768,1.0465116279069768,2.0930232558139537,0.313953488372093,0.0,0.0,16.475409836065573,0.0,50.56179775280899,53.84615384615385,6.310232558139535
netherlands,Eredivisie,2025,Jari De Busser,26.0,G,Belgium,190.0,,34,34,3060.0,0.0,0.0,0.0,0.0,0,0,0,0.0,0,0.0,0.0,0.0,0.0,0.0,0.0,0.0,38.794117647058826,0.058823529411764705,0.0,0.0,0.029411764705882353,0.029411764705882353,0.823529411764706,0.7352941176470589,0.029411764705882353,0.029411764705882353,0.08823529411764705,0.411764705882353,0.0,0.0,0.0,0.0,24.140257771038666,,89.28571428571429,100.0,7.391176470588236
netherlands,Eredivisie,2025,Jasper Cillessen,36.0,G,Netherlands,185.0,83.0,3,3,186.0,0.0,0.0,0.0,0.0,0,0,0,0.0,0,0.0,0.0,0.0,0.0,0.0,0.0,0.0,39.67741935483871,0.4838709677419355,0.0,0.0,0.0,0.0,0.967741935483871,0.967741935483871,0.0,0.0,0.0,0.4838709677419355,0.0,0.0,0.0,0.0,16.134146341463413,,100.0,,7.4
netherlands,Eredivisie,2025,Jasper Dahlhaus,24.0,D,Netherlands,176.0,73.0,26,25,2120.0,0.0,1.0,0.0,0.0,0,0,5,0.0,0,0.0,0.4245283018867924,0.12735849056603774,0.0,0.04245283018867924,0.04245283018867924,0.0,32.64622641509434,0.6367924528301887,1.9952830188679245,0.25471698113207547,2.165094339622642,4.160377358490566,9.169811320754718,4.584905660377359,1.570754716981132,0.7216981132075472,0.8490566037735848,0.5943396226415094,1.1462264150943398,0.2122641509433962,0.0,0.0,27.378413524057216,30.0,50.0,45.94594594594595,6.495047169811321
netherlands,Eredivisie,2025,Jasper Hartog,19.0,F,Netherlands,178.0,,0,0,0.0,0.0,0.0,0.0,0.0,0,0,0,0.0,0,,,,,,,,,,,,,,,,,,,,,,,,,,,,
netherlands,Eredivisie,2025,Jasper Schendelaar,25.0,G,Netherlands,186.0,75.0,2,2,180.0,0.0,0.0,0.0,0.0,0,0,0,0.0,0,0.0,0.0,0.0,0.0,0.0,0.0,0.0,30.5,0.0,0.0,0.0,0.0,0.0,1.0,1.0,0.0,0.0,0.0,1.0,0.0,0.0,0.0,0.0,16.78688524590164,,100.0,,6.8
netherlands,Eredivisie,2025,Jayden Candelaria,21.0,D,Netherlands,,,8,1,159.0,0.0,0.0,0.0,0.0,0,0,0,0.0,0,0.0,1.1320754716981132,0.5660377358490566,0.0,0.0,0.0,0.0,23.77358490566038,0.5660377358490566,1.1320754716981132,0.0,1.1320754716981132,2.2641509433962264,9.056603773584905,5.09433962264151,1.6981132075471697,0.5660377358490566,1.1320754716981132,1.6981132075471697,0.5660377358490566,0.0,0.0,0.0,8.216216216216216,50.0,56.25,33.33333333333333,6.720125786163522
netherlands,Eredivisie,2025,Jayden Holtman,,D,,,,0,0,0.0,0.0,0.0,0.0,0.0,0,0,0,0.0,0,,,,,,,,,,,,,,,,,,,,,,,,,,,,
netherlands,Eredivisie,2025,Jaygo van Ommeren,17.0,M,Netherlands,,,2,0,39.0,0.0,0.0,0.0,0.0,0,0,0,0.0,0,0.0,0.0,0.0,0.0,0.0,0.0,0.0,64.61538461538461,0.0,2.3076923076923075,0.0,0.0,2.3076923076923075,11.538461538461537,11.538461538461537,2.3076923076923075,2.3076923076923075,0.0,2.3076923076923075,0.0,0.0,0.0,0.0,12.535714285714286,,100.0,100.0,6.751282051282051
netherlands,Eredivisie,2025,Jaylan von Schooneveld,20.0,D,Netherlands,179.0,70.0,0,0,0.0,0.0,0.0,0.0,0.0,0,0,0,0.0,0,,,,,,,,,,,,,,,,,,,,,,,,,,,,
netherlands,Eredivisie,2025,Jeff Hardeveld,30.0,M,Netherlands,184.0,76.0,34,34,2979.0,6.0,7.0,0.0,0.0,0,0,1,0.0,0,0.12084592145015105,0.6948640483383686,0.39274924471299094,0.18126888217522658,0.21148036253776434,0.39274924471299094,0.18126888217522658,35.52870090634441,1.9033232628398793,2.3867069486404833,0.6344410876132931,1.0876132930513596,3.474320241691843,8.277945619335348,4.138972809667674,0.9667673716012084,0.45317220543806647,1.178247734138973,0.3021148036253776,0.9063444108761329,0.030211480362537763,0.0,0.0,26.48894557823129,56.52173913043478,50.0,46.875,7.272574689493118
netherlands,Eredivisie,2025,Jeff Reine-Adélaïde,27.0,M,France,183.0,75.0,1,0,32.0,0.0,0.0,0.0,0.0,0,0,0,0.0,0,0.0,0.0,0.0,0.0,0.0,0.0,0.0,39.375,5.625,0.0,0.0,0.0,0.0,8.4375,2.8125,0.0,0.0,0.0,2.8125,0.0,0.0,0.0,0.0,12.0,,33.33333333333333,,6.6
netherlands,Eredivisie,2025,Jelani Seedorf,21.0,F,Netherlands,,,13,0,185.0,1.0,0.0,0.0,0.0,0,0,1,0.0,0,0.0,3.4054054054054057,2.4324324324324325,0.4864864864864865,0.0,0.4864864864864865,0.4864864864864865,18.486486486486488,1.4594594594594597,1.945945945945946,0.0,0.0,1.945945945945946,15.081081081081082,8.27027027027027,0.972972972972973,0.0,0.4864864864864865,0.972972972972973,1.4594594594594597,0.4864864864864865,0.0,0.0,3.5555555555555554,71.42857142857143,54.83870967741935,0.0,6.539130434782609
netherlands,Eredivisie,2025,Jemuel Erat,,D,,,,0,0,0.0,0.0,0.0,0.0,0.0,0,0,0,0.0,0,,,,,,,,,,,,,,,,,,,,,,,,,,,,
netherlands,Eredivisie,2025,Jens Toornstra,36.0,M,Netherlands,178.0,74.0,17,9,795.0,0.0,0.0,0.0,0.0,0,0,5,0.0,0,0.11320754716981131,0.5660377358490566,0.22641509433962262,0.0,0.0,0.0,0.0,35.66037735849057,1.471698113207547,2.2641509433962264,0.33962264150943394,1.1320754716981132,3.3962264150943393,7.924528301886792,3.735849056603773,1.471698113207547,0.6792452830188679,1.5849056603773584,0.33962264150943394,0.5660377358490566,0.5660377358490566,0.0,0.0,23.328025477707005,40.0,47.14285714285714,46.15384615384615,6.675914249684742
netherlands,Eredivisie,2025,Jeppe Wijnreder,,D,,,,1,0,9.0,0.0,0.0,0.0,0.0,0,0,0,0.0,0,0.0,0.0,0.0,0.0,0.0,0.0,0.0,50.0,0.0,0.0,0.0,0.0,0.0,10.0,10.0,0.0,0.0,0.0,0.0,0.0,0.0,0.0,0.0,3.0,,100.0,,6.9
netherlands,Eredivisie,2025,Jerayno Schaken,16.0,F,,,,0,0,0.0,0.0,0.0,0.0,0.0,0,0,0,0.0,0,,,,,,,,,,,,,,,,,,,,,,,,,,,,
netherlands,Eredivisie,2025,Jerdy Schouten,28.0,D,Netherlands,185.0,77.0,28,28,2381.0,1.0,2.0,0.0,0.0,0,0,4,0.0,1,0.0,0.6425871482570349,0.2267954640907182,0.0377992440151197,0.0755984880302394,0.1133977320453591,0.0377992440151197,74.65350692986141,0.9071818563628729,1.6631667366652667,0.377992440151197,1.9277614447711047,3.590928181436371,7.597648047039059,4.006719865602689,0.869382612347753,0.6047879042419152,0.34019319613607724,0.5669886602267955,1.133977320453591,0.1511969760604788,0.0,0.0377992440151197,70.81721518987342,35.294117647058826,52.736318407960205,69.56521739130434,7.139815203695926
netherlands,Eredivisie,2025,Jeremiah St. Juste,29.0,D,Netherlands,186.0,76.0,6,1,158.0,0.0,0.0,0.0,0.0,0,0,0,0.0,0,0.0,0.0,0.0,0.0,0.0,0.0,0.0,43.860759493670884,0.569620253164557,1.139240506329114,0.0,2.278481012658228,3.4177215189873418,9.683544303797468,6.265822784810126,0.569620253164557,0.569620253164557,1.139240506329114,0.569620253164557,0.569620253164557,0.0,0.0,0.0,17.415584415584416,,64.70588235294117,100.0,6.4949367088607595
netherlands,Eredivisie,2025,Jermaine Rijssel,20.0,F,Netherlands,,,1,0,11.0,0.0,0.0,0.0,0.0,0,0,0,0.0,0,0.0,0.0,0.0,0.0,0.0,0.0,0.0,8.181818181818182,0.0,0.0,0.0,0.0,0.0,0.0,0.0,0.0,0.0,0.0,0.0,0.0,0.0,0.0,0.0,1.0,,,,6.3
netherlands,Eredivisie,2025,Jeroen Zoet,34.0,G,Netherlands,189.0,88.0,11,10,918.0,0.0,1.0,0.0,0.0,0,0,0,0.0,0,0.0,0.0,0.0,0.0,0.09803921568627452,0.09803921568627452,0.0,29.313725490196077,0.19607843137254904,0.0,0.0,0.0,0.0,0.29411764705882354,0.29411764705882354,0.0,0.0,0.0,0.19607843137254904,0.0,0.0,0.0,0.0,17.622073578595316,,100.0,,6.754901960784314
netherlands,Eredivisie,2025,Jerolldino Bergraaf,19.0,F,Netherlands,190.0,,24,10,1057.0,0.0,0.0,1.0,0.0,0,0,1,0.0,0,0.34058656575212864,1.447492904446547,0.2554399243140965,0.0,0.0,0.0,0.0,17.71050141911069,0.7663197729422896,0.7663197729422896,0.08514664143803216,0.2554399243140965,1.021759697256386,13.36802270577105,5.619678334910123,1.447492904446547,0.34058656575212864,0.6811731315042573,1.1069063386944182,1.9583727530747397,0.08514664143803216,0.0,0.0,8.091346153846153,17.647058823529413,42.038216560509554,23.52941176470588,6.435572374645223
netherlands,Eredivisie,2025,Jesper Karlsson,27.0,F,Sweden,171.0,70.0,18,7,688.0,4.0,1.0,0.0,0.0,0,0,2,0.0,0,0.5232558139534884,1.9622093023255816,1.177325581395349,0.5232558139534884,0.1308139534883721,0.6540697674418604,0.5232558139534884,24.593023255813954,1.8313953488372094,1.4389534883720931,0.1308139534883721,0.2616279069767442,1.7005813953488371,11.119186046511627,4.447674418604651,2.2238372093023253,1.0465116279069768,0.7848837209302325,0.9156976744186047,1.0465116279069768,0.2616279069767442,0.0,0.0,14.22340425531915,60.0,40.0,47.05882352941176,6.789504373177843
netherlands,Eredivisie,2025,Jesper Kerkdijk,,D,,,,0,0,0.0,0.0,0.0,0.0,0.0,0,0,0,0.0,0,,,,,,,,,,,,,,,,,,,,,,,,,,,,
netherlands,Eredivisie,2025,Jesper Tielemans,,F,,,,1,0,11.0,0.0,0.0,0.0,0.0,0,0,0,0.0,0,0.0,8.181818181818182,8.181818181818182,0.0,0.0,0.0,0.0,16.363636363636363,0.0,0.0,0.0,0.0,0.0,0.0,0.0,0.0,0.0,0.0,0.0,0.0,0.0,0.0,0.0,2.0,100.0,,,6.5
netherlands,Eredivisie,2025,Jesper Zwart,19.0,D,Netherlands,,,0,0,0.0,0.0,0.0,0.0,0.0,0,0,0,0.0,0,,,,,,,,,,,,,,,,,,,,,,,,,,,,
netherlands,Eredivisie,2025,Jetro Willems,31.0,D,Netherlands,169.0,65.0,6,2,177.0,0.0,0.0,0.0,0.0,0,0,0,0.0,0,0.0,0.0,0.0,0.0,0.0,0.0,0.0,36.10169491525424,0.0,1.5254237288135593,0.5084745762711864,1.0169491525423728,2.542372881355932,7.118644067796611,4.067796610169491,1.5254237288135593,0.5084745762711864,0.0,1.0169491525423728,0.5084745762711864,0.0,0.0,0.0,16.64788732394366,,57.14285714285714,33.33333333333333,6.617045454545454
netherlands,Eredivisie,2025,Jim Koller,18.0,M,Netherlands,172.0,60.0,2,0,13.0,0.0,0.0,0.0,0.0,0,0,0,0.0,0,0.0,0.0,0.0,0.0,0.0,0.0,0.0,20.76923076923077,0.0,0.0,0.0,0.0,0.0,20.76923076923077,13.846153846153847,6.923076923076923,6.923076923076923,0.0,6.923076923076923,6.923076923076923,0.0,0.0,0.0,3.0,,66.66666666666666,100.0,6.7
netherlands,Eredivisie,2025,Jinairo Johnson,18.0,D,Netherlands,180.0,,1,0,10.0,0.0,0.0,0.0,0.0,0,0,0,0.0,0,0.0,0.0,0.0,0.0,0.0,0.0,0.0,36.0,0.0,0.0,0.0,0.0,0.0,9.0,0.0,0.0,0.0,0.0,0.0,0.0,0.0,0.0,0.0,4.0,,0.0,,6.3
netherlands,Eredivisie,2025,Jismerai Dillema,18.0,M,Kosovo,,,1,0,1.0,0.0,0.0,0.0,0.0,0,0,0,0.0,0,0.0,0.0,0.0,0.0,0.0,0.0,0.0,0.0,0.0,0.0,0.0,0.0,0.0,0.0,0.0,0.0,0.0,0.0,0.0,0.0,0.0,0.0,0.0,,,,,
netherlands,Eredivisie,2025,Jivayno Zinhagel,,M,,,,1,0,13.0,0.0,0.0,0.0,0.0,0,0,0,0.0,0,0.0,0.0,0.0,0.0,0.0,0.0,0.0,34.61538461538462,0.0,0.0,0.0,0.0,0.0,6.923076923076923,0.0,0.0,0.0,0.0,0.0,0.0,0.0,0.0,0.0,4.0,,0.0,,6.5
netherlands,Eredivisie,2025,Jizz Hornkamp,27.0,F,Netherlands,182.0,81.0,22,16,1350.0,10.0,1.0,0.0,0.0,1,0,2,0.0,1,0.26666666666666666,2.466666666666667,1.6,0.6666666666666667,0.06666666666666667,0.7333333333333333,0.6000000000000001,18.933333333333334,1.1333333333333333,1.0666666666666667,0.06666666666666667,0.26666666666666666,1.3333333333333335,13.933333333333334,7.800000000000001,1.2000000000000002,0.6000000000000001,0.26666666666666666,1.5333333333333334,1.9333333333333331,0.13333333333333333,0.0,0.06666666666666667,10.247349823321555,64.86486486486487,55.980861244019145,50.0,7.283827893175075
netherlands,Eredivisie,2025,Jochem Ritmeester van de Kamp,22.0,F,Netherlands,177.0,73.0,28,23,2044.0,7.0,1.0,1.0,0.0,0,0,4,0.0,0,0.13209393346379647,0.7045009784735812,0.5283757338551859,0.3082191780821918,0.04403131115459882,0.3522504892367906,0.3082191780821918,28.312133072407043,1.49706457925636,1.761252446183953,0.1761252446183953,1.1007827788649707,2.8620352250489236,7.529354207436398,4.138943248532289,0.6604696673189824,0.44031311154598823,0.9686888454011742,1.1888454011741683,0.8365949119373777,0.1761252446183953,0.0,0.0,21.524105754276828,75.0,54.97076023391813,66.66666666666666,7.236888454011742
netherlands,Eredivisie,2025,Joel Ideho,22.0,F,Netherlands,175.0,65.0,25,10,1147.0,1.0,1.0,0.0,0.0,0,0,4,0.0,0,0.23539668700959024,1.2554489973844813,0.5492589363557105,0.07846556233653008,0.07846556233653008,0.15693112467306017,0.07846556233653008,25.108979947689622,0.7846556233653007,1.883173496076722,0.07846556233653008,0.4707933740191805,2.353966870095902,14.673060156931124,7.689625108979948,5.257192676547516,2.5893635571054925,0.7846556233653007,2.903225806451613,1.176983435047951,0.31386224934612034,0.0,0.0,13.48125,43.75,52.406417112299465,49.25373134328358,6.940017436791631
netherlands,Eredivisie,2025,Joel Van Den Berg,18.0,M,Netherlands,,,5,1,142.0,0.0,0.0,0.0,0.0,0,0,1,0.0,0,0.0,0.6338028169014085,0.6338028169014085,0.0,0.0,0.0,0.0,38.66197183098591,1.267605633802817,3.8028169014084505,0.6338028169014085,1.9014084507042253,5.704225352112676,10.774647887323942,5.704225352112676,1.9014084507042253,1.9014084507042253,1.267605633802817,0.0,0.6338028169014085,0.6338028169014085,0.0,0.0,22.19672131147541,100.0,52.94117647058824,100.0,6.517605633802817
netherlands,Eredivisie,2025,Joeri Heerkens,19.0,G,Netherlands,,,0,0,0.0,0.0,0.0,0.0,0.0,0,0,0,0.0,0,,,,,,,,,,,,,,,,,,,,,,,,,,,,
netherlands,Eredivisie,2025,Joey Veerman,27.0,M,Netherlands,185.0,81.0,30,27,2370.0,8.0,14.0,0.0,0.0,0,0,4,0.0,0,0.0,0.9493670886075949,0.5316455696202531,0.3037974683544304,0.5316455696202531,0.8354430379746836,0.3037974683544304,74.54430379746836,3.607594936708861,2.2025316455696204,0.45569620253164556,0.9493670886075949,3.151898734177215,7.367088607594936,4.10126582278481,0.8734177215189874,0.45569620253164556,1.2531645569620253,0.5316455696202531,0.6455696202531646,0.1518987341772152,0.0,0.0,62.44523688232297,56.00000000000001,55.670103092783506,52.17391304347826,7.974725738396625
netherlands,Eredivisie,2025,Jonathan de Guzmán,38.0,M,Netherlands,173.0,70.0,6,1,103.0,0.0,0.0,0.0,0.0,0,0,0,0.0,0,0.0,0.0,0.0,0.0,0.0,0.0,0.0,55.04854368932038,0.0,4.368932038834951,0.0,0.8737864077669902,5.242718446601942,13.106796116504853,7.864077669902913,0.8737864077669902,0.0,0.0,0.8737864077669902,0.8737864077669902,0.0,0.0,0.0,21.142857142857142,,60.0,0.0,6.557425742574257
netherlands,Eredivisie,2025,Jop Tijink,20.0,D,Netherlands,188.0,76.0,1,0,8.0,0.0,0.0,0.0,0.0,0,0,0,0.0,0,0.0,0.0,0.0,0.0,0.0,0.0,0.0,11.25,11.25,0.0,0.0,0.0,0.0,0.0,0.0,0.0,0.0,0.0,0.0,0.0,0.0,0.0,0.0,1.0,,,,6.6
netherlands,Eredivisie,2025,Jordan Bos,23.0,D,Australia,180.0,83.0,28,24,2058.0,4.0,7.0,1.0,1.0,0,0,0,0.0,0,0.08746355685131195,1.1370262390670554,0.6122448979591837,0.1749271137026239,0.30612244897959184,0.48104956268221577,0.1749271137026239,43.33819241982507,1.661807580174927,3.0174927113702625,0.30612244897959184,0.9183673469387754,3.9358600583090375,13.294460641399416,7.521865889212829,3.58600583090379,1.8367346938775508,0.6997084548104956,0.6997084548104956,0.9183673469387754,0.0,0.0,0.0,34.15438950554995,53.84615384615385,56.57894736842105,51.21951219512195,7.236443148688047
netherlands,Eredivisie,2025,Jordan Lotomba,27.0,D,Switzerland,177.0,71.0,20,8,921.0,0.0,1.0,1.0,0.0,0,0,0,0.0,0,0.0,0.19543973941368079,0.19543973941368079,0.0,0.09771986970684039,0.09771986970684039,0.0,35.66775244299674,0.39087947882736157,1.6612377850162867,0.5863192182410424,0.8794788273615635,2.54071661237785,7.719869706840391,4.299674267100977,1.0749185667752443,0.39087947882736157,0.39087947882736157,0.6840390879478827,0.7817589576547231,0.0,0.0,0.0,24.71232876712329,100.0,55.69620253164557,36.36363636363637,6.644722524483134
netherlands,Eredivisie,2025,Jordy Bawuah,19.0,M,Belgium,182.0,,1,0,10.0,0.0,0.0,0.0,0.0,0,0,0,0.0,0,0.0,9.0,9.0,0.0,0.0,0.0,0.0,36.0,0.0,9.0,0.0,0.0,9.0,9.0,9.0,0.0,0.0,0.0,0.0,0.0,0.0,0.0,0.0,3.0,100.0,100.0,,6.6
netherlands,Eredivisie,2025,Jordy Bruijn,29.0,M,Netherlands,172.0,70.0,0,0,0.0,0.0,0.0,0.0,0.0,0,0,0,0.0,0,,,,,,,,,,,,,,,,,,,,,,,,,,,,
netherlands,Eredivisie,2025,Jordy Clasie,34.0,M,Netherlands,169.0,68.0,12,10,815.0,1.0,1.0,0.0,0.0,0,0,4,0.0,1,0.0,0.5521472392638037,0.3312883435582822,0.11042944785276074,0.11042944785276074,0.22085889570552147,0.11042944785276074,64.15950920245399,1.3251533742331287,1.7668711656441718,0.3312883435582822,0.9938650306748467,2.7607361963190185,5.852760736196319,3.2024539877300615,0.7730061349693252,0.44171779141104295,0.7730061349693252,0.44171779141104295,0.8834355828220859,0.44171779141104295,0.0,0.11042944785276074,52.41652323580034,60.0,54.71698113207547,57.14285714285714,7.055828220858896
netherlands,Eredivisie,2025,Jorg Schreuders,21.0,M,Netherlands,188.0,76.0,35,33,2924.0,1.0,2.0,1.0,0.0,0,0,3,0.0,0,0.21545827633378933,0.8618331053351573,0.5540355677154583,0.030779753761969904,0.06155950752393981,0.09233926128590972,0.030779753761969904,34.04240766073872,1.1080711354309165,1.631326949384405,0.1538987688098495,0.40013679890560877,2.0314637482900135,8.495212038303693,4.278385772913817,1.5389876880984952,0.8002735978112175,0.954172366621067,1.3543091655266757,0.9233926128590971,0.09233926128590972,0.0,0.0,30.339059674502714,64.28571428571429,50.36231884057971,52.0,6.811114911080711
netherlands,Eredivisie,2025,Joris Kramer,29.0,D,Netherlands,187.0,73.0,34,34,3015.0,1.0,3.0,0.0,0.0,0,0,2,0.0,0,0.0,0.2985074626865672,0.1492537313432836,0.029850746268656716,0.08955223880597014,0.11940298507462686,0.029850746268656716,62.507462686567166,0.47761194029850745,0.8059701492537313,1.492537313432836,1.044776119402985,1.8507462686567167,6.597014925373134,3.582089552238806,0.44776119402985076,0.26865671641791045,0.26865671641791045,0.417910447761194,0.6865671641791045,0.05970149253731343,0.0,0.0,58.78175740210124,50.0,54.29864253393665,60.0,7.026865671641791
netherlands,Eredivisie,2025,Joris van Overeem,31.0,M,Netherlands,181.0,73.0,34,34,3028.0,2.0,10.0,0.0,1.0,0,0,4,0.0,0,0.0891677675033025,0.32694848084544254,0.11889035667107001,0.059445178335535004,0.29722589167767505,0.35667107001321,0.059445178335535004,57.69154557463673,1.7833553500660502,1.5752972258916778,0.2675033025099075,1.0997357992073977,2.6750330250990753,9.065389696169088,4.517833553500661,1.0402906208718625,0.6836195508586526,0.8322324966974901,1.0105680317040953,1.2780713342140027,0.11889035667107001,0.0,0.0,49.65481710458526,36.36363636363637,49.8360655737705,65.71428571428571,7.225462351387055
netherlands,Eredivisie,2025,Jorthy Mokio,17.0,D,Belgium,182.0,,28,15,1473.0,3.0,2.0,0.0,0.0,0,0,1,0.0,0,0.06109979633401222,1.0386965376782078,0.4276985743380855,0.18329938900203666,0.12219959266802444,0.3054989816700611,0.18329938900203666,46.43584521384929,0.6720977596741344,3.788187372708758,0.4276985743380855,1.405295315682281,5.193482688391039,13.319755600814664,6.843177189409368,1.8329938900203666,0.6109979633401222,1.5274949083503055,0.7942973523421589,1.0997963340122199,0.06109979633401222,0.0,0.0,33.623684210526314,41.17647058823529,51.37614678899083,33.33333333333333,6.948740639891083
netherlands,Eredivisie,2025,Joshua Kitolano,24.0,M,Norway,170.0,71.0,32,30,2631.0,5.0,2.0,0.0,1.0,0,0,3,0.0,0,0.06841505131128849,0.7867730900798175,0.3762827822120867,0.1710376282782212,0.06841505131128849,0.23945267958950966,0.1710376282782212,29.41847206385405,1.1630558722919042,1.7787913340935004,0.3762827822120867,0.6841505131128848,2.4629418472063853,9.27023945267959,4.789053591790194,1.573546180159635,0.855188141391106,0.8893956670467502,1.7787913340935004,0.9578107183580387,0.10262257696693272,0.0,0.0,25.427906976744186,47.82608695652174,51.66051660516605,54.347826086956516,6.965944507791715
netherlands,Eredivisie,2025,Josip Šutalo,25.0,D,Croatia,185.0,82.0,24,19,1797.0,0.0,0.0,0.0,0.0,0,0,1,0.0,0,0.0,0.1001669449081803,0.0,0.0,0.0,0.0,0.0,72.42070116861436,0.05008347245409015,0.6510851419031719,0.6010016694490818,1.9031719532554259,2.5542570951585977,6.560934891485809,4.207011686143573,1.001669449081803,0.8514190317195325,0.3005008347245409,0.4006677796327212,0.4006677796327212,0.05008347245409015,0.0,0.0,67.48271092669432,0.0,64.12213740458014,85.0,6.895269894268225
netherlands,Eredivisie,2025,Joël Drommel,29.0,G,Netherlands,192.0,89.0,34,34,3060.0,0.0,0.0,0.0,0.0,0,0,1,0.0,0,0.0,0.029411764705882353,0.0,0.0,0.0,0.0,0.0,43.11764705882353,0.058823529411764705,0.029411764705882353,0.0,0.0,0.029411764705882353,0.47058823529411764,0.4411764705882353,0.0,0.0,0.0,0.1764705882352941,0.029411764705882353,0.029411764705882353,0.0,0.0,29.759208731241472,0.0,93.75,,7.473529411764706
netherlands,Eredivisie,2025,Juho Talvitie,20.0,F,Finland,177.0,70.0,27,15,1399.0,3.0,2.0,0.0,1.0,0,0,0,0.0,0,0.0,1.4152966404574696,0.7076483202287348,0.19299499642601858,0.12866333095067906,0.32165832737669764,0.19299499642601858,26.311651179413868,1.6082916368834883,1.7369549678341674,0.06433166547533953,0.5146533238027162,2.251608291636883,12.737669764117227,5.017869907076483,4.696211579699786,1.2866333095067906,0.9649749821300929,1.4152966404574696,0.9649749821300929,0.0,0.0,0.0,17.16421568627451,50.0,39.39393939393939,27.397260273972602,6.863330950679056
netherlands,Eredivisie,2025,Julian Baas,23.0,M,Netherlands,183.0,80.0,23,14,1301.0,0.0,0.0,0.0,0.0,0,0,5,0.0,0,0.0,0.9684857801691007,0.34588777863182163,0.0,0.0,0.0,0.0,39.50038431975403,1.5219062259800153,1.7294388931591083,0.7609531129900077,1.452728670253651,3.1821675634127597,7.609531129900076,3.873943120676403,0.34588777863182163,0.0,0.9684857801691007,1.1760184473481938,1.3143735588009224,0.34588777863182163,0.0,0.0,26.756567425569177,35.714285714285715,50.90909090909091,0.0,6.899076923076922
netherlands,Eredivisie,2025,Julius Dirksen,22.0,D,Netherlands,185.0,,18,14,1174.0,2.0,0.0,0.0,0.0,0,0,4,0.0,0,0.0,0.383304940374787,0.15332197614991483,0.15332197614991483,0.0,0.15332197614991483,0.15332197614991483,42.24020442930153,0.30664395229982966,0.9965928449744463,1.9931856899488927,1.0732538330494037,2.06984667802385,8.049403747870528,5.289608177172061,1.149914821124361,0.9199318568994889,0.30664395229982966,0.5366269165247018,0.766609880749574,0.30664395229982966,0.0,0.0,35.633393829401086,40.0,65.71428571428571,80.0,7.19923339011925
netherlands,Eredivisie,2025,Juninho Bacuna,28.0,M,Curaçao,181.0,77.0,13,8,717.0,0.0,2.0,0.0,0.0,0,0,1,0.0,0,0.0,1.1297071129707112,0.2510460251046025,0.0,0.2510460251046025,0.2510460251046025,0.0,41.29707112970711,1.1297071129707112,2.1338912133891212,0.7531380753138075,1.506276150627615,3.6401673640167367,15.690376569037658,9.163179916317992,2.1338912133891212,1.2552301255230125,0.502092050209205,1.2552301255230125,1.8828451882845187,0.12552301255230125,0.0,0.0,26.930091185410333,22.22222222222222,58.4,58.82352941176471,7.0969316596931655
netherlands,Eredivisie,2025,Jur Schipper,19.0,G,Netherlands,196.0,78.0,0,0,0.0,0.0,0.0,0.0,0.0,0,0,0,0.0,0,,,,,,,,,,,,,,,,,,,,,,,,,,,,
netherlands,Eredivisie,2025,Justice Esser,18.0,D,,,,0,0,0.0,0.0,0.0,0.0,0.0,0,0,0,0.0,0,,,,,,,,,,,,,,,,,,,,,,,,,,,,
netherlands,Eredivisie,2025,Justin Bijlow,27.0,G,Netherlands,188.0,76.0,0,0,0.0,0.0,0.0,0.0,0.0,0,0,0,0.0,0,,,,,,,,,,,,,,,,,,,,,,,,,,,,
netherlands,Eredivisie,2025,Justin Eversen,19.0,G,Netherlands,,,0,0,0.0,0.0,0.0,0.0,0.0,0,0,0,0.0,0,,,,,,,,,,,,,,,,,,,,,,,,,,,,
netherlands,Eredivisie,2025,Justin Hubner,22.0,D,Netherlands,187.0,72.0,25,15,1491.0,2.0,1.0,0.0,0.0,0,0,7,0.0,1,0.060362173038229376,0.6036217303822938,0.2414486921529175,0.12072434607645875,0.060362173038229376,0.18108651911468815,0.12072434607645875,41.16700201207243,0.5432595573440644,1.7505030181086518,0.7243460764587526,1.5694164989939638,3.319919517102616,8.993963782696177,5.553319919517103,0.2414486921529175,0.12072434607645875,0.482897384305835,0.6036217303822938,1.4486921529175052,0.4225352112676056,0.0,0.060362173038229376,32.16886930983847,40.0,61.74496644295302,50.0,6.783534946236559
netherlands,Eredivisie,2025,Justin Lonwijk,26.0,M,Netherlands,189.0,76.0,15,12,905.0,4.0,0.0,0.0,0.0,0,0,1,0.0,0,0.3977900552486188,1.1933701657458564,0.49723756906077343,0.3977900552486188,0.0,0.3977900552486188,0.3977900552486188,20.883977900552484,0.9944751381215469,2.1878453038674035,0.1988950276243094,1.0939226519337018,3.2817679558011053,12.629834254143645,4.972375690607735,1.1933701657458564,0.3977900552486188,1.1933701657458564,1.3922651933701657,1.5911602209944753,0.0994475138121547,0.0,0.0,10.752380952380953,41.66666666666667,39.37007874015748,33.33333333333333,6.72939226519337
netherlands,Eredivisie,2025,Kai Jansen,18.0,M,Netherlands,,,0,0,0.0,0.0,0.0,0.0,0.0,0,0,0,0.0,0,,,,,,,,,,,,,,,,,,,,,,,,,,,,
netherlands,Eredivisie,2025,Kaj Sierhuis,27.0,F,Netherlands,180.0,83.0,30,25,1998.0,12.0,1.0,1.0,0.0,0,0,4,0.0,0,0.6306306306306306,2.792792792792793,1.3963963963963966,0.5405405405405406,0.04504504504504504,0.5855855855855856,0.5405405405405406,21.936936936936938,1.1261261261261262,0.45045045045045046,0.2702702702702703,0.22522522522522523,0.6756756756756757,12.072072072072073,5.315315315315315,1.6666666666666665,0.6756756756756757,0.3153153153153153,1.1711711711711712,1.2612612612612613,0.18018018018018017,0.0,0.0,13.90965092402464,50.0,44.02985074626866,40.54054054054054,7.11101101101101
netherlands,Eredivisie,2025,Kaj de Rooij,25.0,F,Netherlands,176.0,,32,23,2034.0,6.0,5.0,0.0,0.0,0,0,3,0.0,0,0.35398230088495575,0.8849557522123893,0.39823008849557523,0.2654867256637168,0.22123893805309733,0.4867256637168142,0.2654867256637168,21.061946902654867,1.1061946902654867,1.1504424778761062,0.0,0.30973451327433627,1.4601769911504425,13.893805309734514,6.68141592920354,2.079646017699115,0.9292035398230089,0.4867256637168142,2.7876106194690267,1.415929203539823,0.1327433628318584,0.0,0.0,14.025210084033613,45.0,48.089171974522294,44.680851063829785,6.868731563421829
netherlands,Eredivisie,2025,Kamal Sowah,25.0,M,Ghana,179.0,66.0,33,32,2787.0,1.0,1.0,0.0,0.0,0,0,3,0.0,0,0.25834230355220666,0.8073196986006459,0.2906350914962325,0.03229278794402583,0.03229278794402583,0.06458557588805167,0.03229278794402583,35.26372443487621,0.8396124865446716,1.9375672766415502,0.16146393972012918,0.9364908503767492,2.874058127018299,8.234660925726587,3.6167922497308935,1.3885898815931108,0.581270182992465,0.77502691065662,0.6781485468245425,1.1302475780409043,0.0968783638320775,0.0,0.0,31.71245421245421,36.0,43.92156862745098,41.86046511627907,6.589020452099031
netherlands,Eredivisie,2025,Kasper Boogaard,19.0,M,Netherlands,183.0,,11,8,711.0,0.0,2.0,0.0,0.0,0,0,1,0.0,0,0.12658227848101267,0.6329113924050632,0.12658227848101267,0.0,0.25316455696202533,0.25316455696202533,0.0,43.54430379746836,1.2658227848101264,1.6455696202531644,0.25316455696202533,1.3924050632911393,3.0379746835443036,9.620253164556962,4.050632911392405,1.139240506329114,0.7594936708860759,1.139240506329114,0.8860759493670887,1.3924050632911393,0.12658227848101267,0.0,0.0,31.343023255813954,20.0,42.10526315789473,66.66666666666666,6.645850914205345
netherlands,Eredivisie,2025,Kasper Dolberg,28.0,F,Denmark,187.0,80.0,24,13,1195.0,3.0,3.0,0.0,0.0,0,0,1,0.0,0,0.45188284518828453,1.6569037656903767,0.9037656903765691,0.22594142259414227,0.22594142259414227,0.45188284518828453,0.22594142259414227,17.84937238493724,0.9790794979079497,0.5271966527196653,0.07531380753138076,0.22594142259414227,0.7531380753138075,11.598326359832635,4.820083682008368,1.8075313807531381,0.5271966527196653,0.1506276150627615,2.2594142259414225,1.8075313807531381,0.07531380753138076,0.0,0.0,9.788135593220339,54.54545454545454,41.55844155844156,29.166666666666668,6.574412751677852
netherlands,Eredivisie,2025,Kay Tejan,28.0,F,Netherlands,187.0,78.0,28,6,812.0,3.0,1.0,0.0,0.0,0,0,4,0.0,0,1.1083743842364533,2.3275862068965516,1.5517241379310345,0.33251231527093594,0.11083743842364532,0.4433497536945813,0.33251231527093594,19.507389162561577,0.7758620689655172,1.2192118226600985,0.22167487684729065,0.33251231527093594,1.5517241379310345,17.401477832512317,5.874384236453202,2.8817733990147785,0.9975369458128079,0.7758620689655172,0.5541871921182266,3.435960591133005,0.4433497536945813,0.0,0.0,7.222857142857142,66.66666666666666,33.75796178343949,34.61538461538461,6.6033333333333335
netherlands,Eredivisie,2025,Kayne van Oevelen,22.0,G,Netherlands,199.0,84.0,32,32,2857.0,0.0,0.0,0.0,0.0,0,0,1,0.0,0,0.0,0.03150157507875394,0.0,0.0,0.0,0.0,0.0,43.53517675883794,0.09450472523626181,0.0,0.0,0.0,0.0,1.1025551277563879,1.03955197759888,0.06300315015750788,0.06300315015750788,0.0,0.535526776338817,0.0,0.03150157507875394,0.0,0.0,23.85600578871201,0.0,94.28571428571428,100.0,7.215645782289114
netherlands,Eredivisie,2025,Kees Smit,19.0,M,Netherlands,180.0,66.0,26,23,2138.0,3.0,3.0,0.0,0.0,0,0,5,0.0,0,0.0,1.010289990645463,0.42095416276894293,0.12628624883068287,0.12628624883068287,0.25257249766136575,0.12628624883068287,50.9354536950421,1.5575304022450887,1.6417212347988774,0.25257249766136575,0.6314312441534143,2.273152478952292,9.850327408793264,4.293732460243218,2.2310570626753976,0.9260991580916745,0.6314312441534143,1.3470533208606175,1.431244153414406,0.21047708138447146,0.0,0.0,44.45867768595041,41.66666666666667,43.58974358974359,41.509433962264154,7.008606173994387
netherlands,Eredivisie,2025,Kenneth Taylor,23.0,M,Netherlands,182.0,75.0,15,14,1279.0,2.0,4.0,0.0,0.0,1,0,3,0.0,0,0.14073494917904614,1.125879593432369,0.7740422204847537,0.14073494917904614,0.2814698983580923,0.42220484753713844,0.07036747458952307,44.401876465989055,1.6184519155590305,1.125879593432369,0.14073494917904614,1.125879593432369,2.251759186864738,7.529319781078968,3.588741204065676,1.266614542611415,0.7740422204847537,0.49257232212666147,1.196247068021892,1.5480844409695074,0.21110242376856922,0.0,0.0,40.6053882725832,68.75,47.66355140186916,61.111111111111114,6.87443315089914
netherlands,Eredivisie,2025,Kennynho Kasanwirjo,17.0,D,,,,0,0,0.0,0.0,0.0,0.0,0.0,0,0,0,0.0,0,,,,,,,,,,,,,,,,,,,,,,,,,,,,
netherlands,Eredivisie,2025,Kento Shiogai,20.0,F,Japan,180.0,77.0,12,1,363.0,7.0,0.0,0.0,0.0,0,0,1,0.0,0,0.24793388429752067,2.231404958677686,1.9834710743801653,1.7355371900826446,0.0,1.7355371900826446,1.7355371900826446,14.132231404958677,0.743801652892562,0.743801652892562,0.24793388429752067,0.0,0.743801652892562,13.884297520661157,6.446280991735537,2.7272727272727275,1.7355371900826446,0.24793388429752067,2.231404958677686,2.231404958677686,0.24793388429752067,0.0,0.0,4.814814814814815,88.88888888888889,46.42857142857143,63.63636363636363,6.858677685950413
netherlands,Eredivisie,2025,Kenzo Goudmijn,24.0,M,Netherlands,173.0,58.0,16,11,770.0,0.0,0.0,0.0,0.0,0,0,1,0.0,0,0.0,0.935064935064935,0.35064935064935066,0.0,0.0,0.0,0.0,43.83116883116883,1.168831168831169,1.168831168831169,0.11688311688311688,0.4675324675324675,1.6363636363636362,9.7012987012987,3.623376623376623,1.168831168831169,0.35064935064935066,1.5194805194805194,1.168831168831169,0.8181818181818181,0.11688311688311688,0.0,0.0,26.448,37.5,37.34939759036144,30.0,6.659167750325098
netherlands,Eredivisie,2025,Kevin Gadellaa,22.0,G,Netherlands,206.0,87.0,0,0,0.0,0.0,0.0,0.0,0.0,0,0,0,0.0,0,,,,,,,,,,,,,,,,,,,,,,,,,,,,
netherlands,Eredivisie,2025,Kevin Kers,20.0,F,Netherlands,,,1,0,15.0,0.0,0.0,0.0,0.0,0,0,0,0.0,0,6.0,6.0,0.0,0.0,0.0,0.0,0.0,12.0,0.0,0.0,0.0,0.0,0.0,18.0,6.0,0.0,0.0,0.0,0.0,0.0,0.0,0.0,0.0,2.0,0.0,33.33333333333333,,6.5
netherlands,Eredivisie,2025,Key Shawn Wong A Soij,19.0,F,Netherlands,,,3,0,23.0,0.0,0.0,0.0,0.0,0,0,0,0.0,0,0.0,3.9130434782608696,0.0,0.0,0.0,0.0,0.0,23.478260869565215,0.0,3.9130434782608696,0.0,0.0,3.9130434782608696,15.652173913043478,3.9130434782608696,3.9130434782608696,0.0,0.0,0.0,3.9130434782608696,0.0,0.0,0.0,2.3333333333333335,0.0,25.0,0.0,6.390909090909091
netherlands,Eredivisie,2025,Kian Fitz-Jim,22.0,M,Netherlands,174.0,70.0,17,4,530.0,1.0,0.0,0.0,1.0,0,0,2,0.0,0,0.0,1.3584905660377358,0.6792452830188679,0.16981132075471697,0.0,0.16981132075471697,0.16981132075471697,57.90566037735849,0.6792452830188679,3.5660377358490565,0.0,2.7169811320754715,6.283018867924528,11.88679245283019,5.943396226415095,2.547169811320755,1.0188679245283019,1.3584905660377358,1.1886792452830188,1.8679245283018866,0.33962264150943394,0.0,0.0,34.9941348973607,50.0,50.0,40.0,6.8977358490566045
netherlands,Eredivisie,2025,Kiano Dyer,19.0,M,England,178.0,65.0,3,0,25.0,0.0,0.0,0.0,0.0,0,0,0,0.0,0,0.0,0.0,0.0,0.0,0.0,0.0,0.0,39.6,0.0,7.2,0.0,0.0,7.2,10.799999999999999,7.2,3.6,0.0,0.0,0.0,0.0,0.0,0.0,0.0,3.3636363636363638,,66.66666666666666,0.0,6.3
netherlands,Eredivisie,2025,Kiliann Sildillia,23.0,D,France,186.0,84.0,21,13,1264.0,2.0,3.0,0.0,1.0,0,0,2,0.0,0,0.07120253164556962,0.7832278481012658,0.3560126582278481,0.14240506329113925,0.21360759493670886,0.3560126582278481,0.14240506329113925,51.97784810126582,1.3528481012658229,2.278481012658228,0.49841772151898733,0.6408227848101266,2.9193037974683542,10.965189873417721,5.4113924050632916,1.139240506329114,0.2848101265822785,0.569620253164557,0.2848101265822785,1.7800632911392407,0.14240506329113925,0.0,0.0,40.52602739726027,45.45454545454545,49.35064935064935,25.0,6.834731012658228
netherlands,Eredivisie,2025,Kirayno Schaken,16.0,F,,,,0,0,0.0,0.0,0.0,0.0,0.0,0,0,0,0.0,0,,,,,,,,,,,,,,,,,,,,,,,,,,,,
netherlands,Eredivisie,2025,Ko Itakura,28.0,D,Japan,188.0,80.0,19,16,1379.0,1.0,0.0,0.0,0.0,0,0,2,0.0,0,0.0,0.39158810732414795,0.19579405366207397,0.06526468455402466,0.0,0.06526468455402466,0.06526468455402466,60.369833212472805,0.19579405366207397,1.0442349528643946,0.9137055837563451,1.1094996374184192,2.1537345902828138,6.59173313995649,3.981145757795504,0.45685279187817257,0.26105873821609865,0.26105873821609865,0.5873821609862219,0.8484408992023205,0.13052936910804933,0.0,0.0,55.777297297297295,50.0,60.396039603960396,57.14285714285714,7.037853517041335
netherlands,Eredivisie,2025,Kodai Sano,22.0,M,Japan,176.0,68.0,34,34,3060.0,3.0,7.0,0.0,0.0,0,0,3,0.0,0,0.029411764705882353,0.7647058823529411,0.2647058823529412,0.08823529411764705,0.2058823529411765,0.29411764705882354,0.08823529411764705,47.8235294117647,1.4117647058823528,2.0294117647058822,0.23529411764705882,1.441176470588235,3.4705882352941178,11.764705882352942,5.735294117647058,3.0588235294117645,1.647058823529412,1.1176470588235294,1.0588235294117647,1.3235294117647058,0.08823529411764705,0.0,0.0,45.214637146371466,34.61538461538461,48.75,53.84615384615385,7.126470588235295
netherlands,Eredivisie,2025,Koen Kostons,26.0,F,Netherlands,186.0,76.0,34,34,2887.0,11.0,6.0,0.0,0.0,0,0,2,0.0,0,0.5611361274679598,1.6210599237963284,0.8728784205057152,0.34291652234153097,0.18704537582265326,0.5299618981641843,0.34291652234153097,23.567717353654313,0.6546588153792865,0.7170072739868376,0.2805680637339799,0.12469691721510219,0.8417041912019397,9.944579147904399,3.616210599237963,0.9352268791132664,0.2805680637339799,0.37409075164530653,0.9040526498094907,0.966401108417042,0.062348458607551095,0.0,0.0,17.71825396825397,53.84615384615385,36.36363636363637,30.0,6.748181503290613
netherlands,Eredivisie,2025,Koki Ogawa,28.0,F,Japan,186.0,78.0,26,17,1274.0,8.0,3.0,0.0,0.0,1,0,1,0.0,0,0.565149136577708,2.3312401883830454,1.2715855572998431,0.565149136577708,0.21193092621664048,0.7770800627943485,0.4945054945054945,14.835164835164836,1.2009419152276295,0.8477237048665619,0.0706436420722135,0.21193092621664048,1.0596546310832027,15.470957613814756,6.85243328100471,0.706436420722135,0.3532182103610675,0.0706436420722135,1.130298273155416,0.9183673469387754,0.0706436420722135,0.0,0.0,7.009615384615385,54.54545454545454,44.29223744292237,50.0,6.8749213836477985
netherlands,Eredivisie,2025,Kolbeinn Finnsson,26.0,D,Iceland,181.0,77.0,0,0,0.0,0.0,0.0,0.0,0.0,0,0,0,0.0,0,,,,,,,,,,,,,,,,,,,,,,,,,,,,
netherlands,Eredivisie,2025,Kostas Lamprou,34.0,G,Greece,178.0,84.0,1,1,90.0,0.0,0.0,0.0,0.0,0,0,0,0.0,0,0.0,0.0,0.0,0.0,0.0,0.0,0.0,44.0,0.0,0.0,0.0,0.0,0.0,1.0,0.0,0.0,0.0,1.0,0.0,0.0,0.0,0.0,0.0,27.0,,0.0,,5.9
netherlands,Eredivisie,2025,Kristian Hlynsson,21.0,M,Iceland,179.0,72.0,33,31,2569.0,10.0,4.0,0.0,0.0,0,0,2,0.0,1,0.10509926041261192,1.9968859478396264,1.261191124951343,0.3503308680420397,0.14013234721681586,0.49046321525885556,0.3503308680420397,34.08719346049046,1.296224211755547,1.261191124951343,0.17516543402101986,0.42039704165044767,1.6815881666017907,8.337874659400544,3.713507201245621,1.7166212534059946,0.5955624756714675,0.8057609964966914,1.296224211755547,1.050992604126119,0.07006617360840793,0.0,0.035033086804203965,26.52312435765673,63.1578947368421,44.537815126050425,34.69387755102041,6.898326196963799
netherlands,Eredivisie,2025,Kristoffer Peterson,31.0,F,Sweden,185.0,78.0,34,20,1696.0,3.0,2.0,0.0,0.0,0,0,2,0.0,0,0.15919811320754718,1.6450471698113207,0.7959905660377359,0.15919811320754718,0.1061320754716981,0.2653301886792453,0.15919811320754718,23.242924528301884,1.3266509433962264,0.955188679245283,0.2653301886792453,0.31839622641509435,1.2735849056603774,10.878537735849056,4.882075471698113,3.714622641509434,1.2205188679245282,0.7959905660377359,1.6981132075471697,0.8490566037735848,0.1061320754716981,0.0,0.0,13.462242562929061,48.38709677419355,44.87804878048781,32.857142857142854,6.7636792452830194
netherlands,Eredivisie,2025,Lance Duijvestijn,26.0,M,Netherlands,183.0,,28,21,1950.0,3.0,2.0,0.0,0.0,0,0,3,0.0,0,0.09230769230769231,1.8461538461538463,0.7384615384615385,0.13846153846153847,0.09230769230769231,0.23076923076923078,0.13846153846153847,34.707692307692305,1.4307692307692308,2.169230769230769,0.09230769230769231,0.6923076923076923,2.8615384615384616,9.323076923076922,4.615384615384615,1.5692307692307692,0.6000000000000001,1.4307692307692308,1.2000000000000002,0.8769230769230769,0.13846153846153847,0.0,0.0,25.106382978723403,40.0,49.504950495049506,38.23529411764706,6.914
netherlands,Eredivisie,2025,Lars Mol,21.0,D,Netherlands,181.0,67.0,0,0,0.0,0.0,0.0,0.0,0.0,0,0,0,0.0,0,,,,,,,,,,,,,,,,,,,,,,,,,,,,
netherlands,Eredivisie,2025,Lars Olden Larsen,27.0,F,Norway,175.0,74.0,0,0,0.0,0.0,0.0,0.0,0.0,0,0,0,0.0,0,,,,,,,,,,,,,,,,,,,,,,,,,,,,
netherlands,Eredivisie,2025,Lars Unnerstall,35.0,G,Germany,198.0,103.0,31,31,2790.0,0.0,0.0,0.0,0.0,0,0,0,0.0,0,0.0,0.0,0.0,0.0,0.0,0.0,0.0,29.032258064516128,0.06451612903225806,0.0,0.0,0.0,0.0,0.22580645161290322,0.22580645161290322,0.0,0.0,0.0,0.12903225806451613,0.0,0.0,0.0,0.0,20.2,,100.0,,6.935483870967742
netherlands,Eredivisie,2025,Lars Van Parys,19.0,G,,,,0,0,0.0,0.0,0.0,0.0,0.0,0,0,0,0.0,0,,,,,,,,,,,,,,,,,,,,,,,,,,,,
netherlands,Eredivisie,2025,Lasse Selvåg Nordås,23.0,F,Norway,,,17,10,890.0,6.0,1.0,0.0,0.0,1,0,2,0.0,0,0.30337078651685395,2.932584269662921,1.6179775280898878,0.6067415730337079,0.10112359550561799,0.7078651685393259,0.5056179775280899,22.146067415730336,1.0112359550561798,0.7078651685393259,0.30337078651685395,0.20224719101123598,0.9101123595505617,17.49438202247191,6.674157303370787,2.1235955056179776,0.9101123595505617,0.7078651685393259,0.8089887640449439,2.6292134831460676,0.20224719101123598,0.0,0.0,10.60730593607306,55.172413793103445,38.15028901734104,42.857142857142854,6.845280898876405
netherlands,Eredivisie,2025,Leco Zeevalkink,20.0,G,Netherlands,192.0,,0,0,0.0,0.0,0.0,0.0,0.0,0,0,0,0.0,0,,,,,,,,,,,,,,,,,,,,,,,,,,,,
netherlands,Eredivisie,2025,Len Bakker,19.0,G,,,,0,0,0.0,0.0,0.0,0.0,0.0,0,0,0,0.0,0,,,,,,,,,,,,,,,,,,,,,,,,,,,,
netherlands,Eredivisie,2025,Lennard Hartjes,22.0,M,Netherlands,170.0,63.0,21,21,1566.0,1.0,0.0,0.0,0.0,0,0,1,0.0,0,0.0,0.4597701149425288,0.1149425287356322,0.0574712643678161,0.0,0.0574712643678161,0.0574712643678161,41.0919540229885,0.2873563218390805,1.9540229885057472,0.632183908045977,1.149425287356322,3.103448275862069,7.413793103448276,4.080459770114943,0.689655172413793,0.2873563218390805,0.4597701149425288,0.689655172413793,0.8620689655172413,0.0574712643678161,0.0,0.0,33.14125874125874,25.0,55.03875968992248,41.66666666666667,6.828607918263091
netherlands,Eredivisie,2025,Leo Greiml,24.0,D,Austria,187.0,84.0,14,14,1135.0,1.0,0.0,0.0,0.0,0,0,2,0.0,1,0.0,0.6343612334801763,0.47577092511013214,0.07929515418502203,0.0,0.07929515418502203,0.07929515418502203,50.986784140969164,0.39647577092511016,2.458149779735683,1.2687224669603525,0.8722466960352422,3.3303964757709252,13.480176211453744,8.643171806167402,0.31718061674008813,0.23788546255506607,0.5550660792951542,1.1101321585903083,1.9030837004405285,0.15859030837004406,0.0,0.07929515418502203,46.67807153965786,75.0,64.11764705882354,75.0,7.241585903083701
netherlands,Eredivisie,2025,Leo Sauer,20.0,F,Slovakia,184.0,74.0,20,17,1419.0,3.0,2.0,0.0,1.0,0,0,1,0.0,0,0.5708245243128964,1.4587737843551796,0.8879492600422833,0.19027484143763215,0.12684989429175475,0.31712473572938693,0.19027484143763215,23.720930232558143,1.331923890063425,0.9513742071881607,0.0,0.31712473572938693,1.2684989429175477,10.718816067653277,4.947145877378436,3.61522198731501,1.649048625792812,0.7610993657505286,1.2684989429175477,0.9513742071881607,0.06342494714587738,0.0,0.0,16.52139037433155,60.86956521739131,46.15384615384615,45.614035087719294,6.956377730796336
netherlands,Eredivisie,2025,Lequincio Zeefuik,21.0,F,Netherlands,197.0,80.0,23,12,1179.0,2.0,0.0,1.0,0.0,0,0,6,0.0,0,0.07633587786259542,2.3664122137404577,0.7633587786259541,0.15267175572519084,0.0,0.15267175572519084,0.15267175572519084,16.03053435114504,0.5343511450381679,0.9160305343511451,0.15267175572519084,0.15267175572519084,1.0687022900763359,18.16793893129771,7.480916030534351,2.4427480916030535,1.1450381679389312,0.0,2.1374045801526718,2.8244274809160306,0.45801526717557256,0.0,0.0,9.683168316831683,32.25806451612903,41.17647058823529,46.875,6.7308149405772495
netherlands,Eredivisie,2025,Levi Smans,22.0,M,Netherlands,175.0,70.0,1,1,53.0,0.0,1.0,0.0,0.0,0,0,0,0.0,0,0.0,1.6981132075471697,0.0,0.0,1.6981132075471697,1.6981132075471697,0.0,27.169811320754715,3.3962264150943393,1.6981132075471697,0.0,0.0,1.6981132075471697,18.67924528301887,10.18867924528302,3.3962264150943393,3.3962264150943393,0.0,3.3962264150943393,3.3962264150943393,0.0,0.0,0.0,12.0,0.0,54.54545454545454,100.0,7.5
netherlands,Eredivisie,2025,Lewis Holtby,35.0,M,Germany,175.0,76.0,30,25,1941.0,1.0,5.0,0.0,0.0,0,0,2,0.0,1,0.1391035548686244,0.973724884080371,0.23183925811437403,0.04636785162287481,0.23183925811437403,0.2782071097372488,0.04636785162287481,35.28593508500773,1.8547140649149922,2.0865533230293662,0.18547140649149924,0.37094281298299847,2.457496136012365,8.531684698608965,4.034003091190108,0.7418856259659969,0.2782071097372488,1.1128284389489953,0.7882534775888717,0.8809891808346214,0.09273570324574962,0.0,0.04636785162287481,25.295663600525625,23.809523809523807,47.28260869565217,37.5,6.875734157650695
netherlands,Eredivisie,2025,Lewis Schouten,21.0,D,Netherlands,191.0,80.0,24,14,1365.0,1.0,0.0,0.0,1.0,0,0,1,0.0,0,0.06593406593406594,0.5934065934065934,0.32967032967032966,0.06593406593406594,0.0,0.06593406593406594,0.06593406593406594,50.24175824175824,0.5934065934065934,1.6483516483516485,0.5274725274725275,1.120879120879121,2.769230769230769,8.76923076923077,4.417582417582418,0.32967032967032966,0.06593406593406594,0.989010989010989,0.6593406593406593,1.3186813186813187,0.06593406593406594,0.0,0.0,41.43569553805774,55.55555555555556,50.37593984962406,20.0,6.87025641025641
netherlands,Eredivisie,2025,Liam Bossin,29.0,G,Republic of Ireland,190.0,81.0,0,0,0.0,0.0,0.0,0.0,0.0,0,0,0,0.0,0,,,,,,,,,,,,,,,,,,,,,,,,,,,,
netherlands,Eredivisie,2025,Lorenzo Milani,24.0,D,Italy,178.0,73.0,0,0,0.0,0.0,0.0,0.0,0.0,0,0,0,0.0,0,,,,,,,,,,,,,,,,,,,,,,,,,,,,
netherlands,Eredivisie,2025,Lovro Štubljar,21.0,G,Slovenia,,,0,0,0.0,0.0,0.0,0.0,0.0,0,0,0,0.0,0,,,,,,,,,,,,,,,,,,,,,,,,,,,,
netherlands,Eredivisie,2025,Luc Nieuwenhuijs,18.0,F,Netherlands,175.0,65.0,0,0,0.0,0.0,0.0,0.0,0.0,0,0,0,0.0,0,,,,,,,,,,,,,,,,,,,,,,,,,,,,
netherlands,Eredivisie,2025,Luca Blondeau,19.0,D,Netherlands,,,2,1,91.0,0.0,0.0,0.0,0.0,0,0,0,0.0,0,0.0,0.0,0.0,0.0,0.0,0.0,0.0,46.48351648351649,0.0,1.978021978021978,0.0,0.989010989010989,2.967032967032967,2.967032967032967,1.978021978021978,0.0,0.0,0.0,0.0,0.0,0.0,0.0,0.0,41.0,,66.66666666666666,,6.5
netherlands,Eredivisie,2025,Luca Oyen,22.0,F,Belgium,174.0,69.0,15,6,538.0,1.0,0.0,0.0,0.0,0,0,0,0.0,0,0.0,1.6728624535315986,0.8364312267657993,0.16728624535315983,0.0,0.16728624535315983,0.16728624535315983,26.933085501858738,1.3382899628252787,0.8364312267657993,0.16728624535315983,0.33457249070631967,1.171003717472119,12.546468401486988,4.684014869888476,5.520446096654275,2.1747211895910783,0.33457249070631967,1.003717472118959,0.8364312267657993,0.0,0.0,0.0,14.248447204968944,50.0,37.333333333333336,39.39393939393939,6.470377358490566
netherlands,Eredivisie,2025,Luca Plogmann,25.0,G,Germany,188.0,78.0,0,0,0.0,0.0,0.0,0.0,0.0,0,0,0,0.0,0,,,,,,,,,,,,,,,,,,,,,,,,,,,,
netherlands,Eredivisie,2025,Lucas Gardenier,18.0,D,,,,0,0,0.0,0.0,0.0,0.0,0.0,0,0,0,0.0,0,,,,,,,,,,,,,,,,,,,,,,,,,,,,
netherlands,Eredivisie,2025,Lucas Jetten,18.0,D,Netherlands,166.0,55.0,0,0,0.0,0.0,0.0,0.0,0.0,0,0,0,0.0,0,,,,,,,,,,,,,,,,,,,,,,,,,,,,
netherlands,Eredivisie,2025,Lucas Rosa,25.0,D,Brazil,176.0,68.0,29,26,2354.0,0.0,0.0,0.0,2.0,0,0,4,0.0,0,0.0,0.4970263381478334,0.22939677145284623,0.0,0.0,0.0,0.0,53.25828377230246,0.3823279524214104,3.0968564146134243,0.5352591333899746,1.7204757858963466,4.81733220050977,9.749362786745964,5.9260832625318605,1.6822429906542056,0.7646559048428208,0.5352591333899746,1.2234494477485132,1.299915038232795,0.15293118096856415,0.0,0.0,49.42857142857143,46.15384615384615,60.78431372549019,45.45454545454545,6.9209005947323705
netherlands,Eredivisie,2025,Lucas Vennegoor of Hesselink,19.0,F,Netherlands,188.0,,5,0,71.0,0.0,0.0,0.0,0.0,0,0,0,0.0,0,0.0,3.8028169014084505,0.0,0.0,0.0,0.0,0.0,26.619718309859156,2.535211267605634,0.0,0.0,0.0,0.0,13.943661971830984,3.8028169014084505,1.267605633802817,0.0,1.267605633802817,0.0,3.8028169014084505,0.0,0.0,0.0,2.238095238095238,0.0,27.27272727272727,0.0,6.291549295774648
netherlands,Eredivisie,2025,Luciano Valente,22.0,M,Italy,189.0,78.0,32,30,2555.0,2.0,7.0,0.0,0.0,0,0,10,0.0,1,0.10567514677103718,0.8454011741682974,0.4931506849315069,0.07045009784735812,0.24657534246575344,0.3170254403131116,0.07045009784735812,48.821917808219176,1.6908023483365948,1.5851272015655575,0.10567514677103718,1.162426614481409,2.747553816046967,9.863013698630137,4.544031311154599,3.416829745596869,1.6555772994129156,1.0215264187866928,0.9158512720156556,0.8806262230919765,0.3522504892367906,0.0,0.03522504892367906,40.496392496392495,58.333333333333336,46.07142857142857,48.45360824742268,6.977573385518591
netherlands,Eredivisie,2025,Luka Kulenović,26.0,F,Canada,190.0,85.0,29,16,1644.0,5.0,3.0,0.0,0.0,2,0,1,0.0,1,0.3284671532846715,2.1350364963503647,0.656934306569343,0.2737226277372263,0.16423357664233576,0.43795620437956206,0.16423357664233576,20.748175182481752,0.8759124087591241,0.4927007299270073,0.10948905109489052,0.21897810218978103,0.7116788321167884,15.602189781021899,7.937956204379562,0.5474452554744526,0.21897810218978103,0.6021897810218978,0.9306569343065693,1.7518248175182483,0.05474452554744526,0.0,0.05474452554744526,10.649076517150396,30.76923076923077,50.877192982456144,40.0,6.828771289537713
netherlands,Eredivisie,2025,Luka Tunjić,20.0,M,Germany,183.0,,16,3,393.0,2.0,0.0,0.0,0.0,0,0,0,0.0,0,0.0,1.3740458015267174,0.45801526717557256,0.45801526717557256,0.0,0.45801526717557256,0.45801526717557256,30.0,0.6870229007633587,3.893129770992366,0.22900763358778628,0.22900763358778628,4.122137404580153,16.259541984732824,8.931297709923664,2.0610687022900764,0.9160305343511451,2.2900763358778624,2.519083969465649,0.45801526717557256,0.0,0.0,0.0,13.94488188976378,33.33333333333333,54.929577464788736,44.44444444444444,6.9902061855670095
netherlands,Eredivisie,2025,Lushendry Edward Martes,17.0,D,,,,13,12,941.0,0.0,0.0,0.0,0.0,0,0,5,0.0,0,0.0,0.4782146652497343,0.19128586609989373,0.0,0.0,0.0,0.0,37.87460148777896,0.6695005313496281,3.0605738575982997,0.4782146652497343,0.8607863974495219,3.9213602550478215,11.764080765143465,6.121147715196599,1.7215727948990438,0.6695005313496281,1.434643995749203,0.8607863974495219,1.3390010626992561,0.4782146652497343,0.0,0.0,31.59090909090909,40.0,52.03252032520326,38.88888888888889,6.788416578108395
netherlands,Eredivisie,2025,Luuk Brouwers,27.0,M,Netherlands,183.0,78.0,31,21,1965.0,5.0,4.0,2.0,0.0,0,0,4,0.0,1,0.4122137404580153,1.099236641221374,0.5038167938931297,0.22900763358778628,0.183206106870229,0.4122137404580153,0.22900763358778628,38.97709923664122,1.1450381679389312,1.8778625954198473,0.04580152671755725,0.5954198473282443,2.4732824427480917,8.610687022900763,4.67175572519084,0.6870229007633587,0.4122137404580153,0.9160305343511451,0.8702290076335878,1.1450381679389312,0.183206106870229,0.0,0.04580152671755725,32.216725559481745,45.83333333333333,54.25531914893617,60.0,7.004529262086514
netherlands,Eredivisie,2025,Luuk Koopmans,32.0,G,Netherlands,190.0,84.0,10,10,900.0,0.0,0.0,0.0,0.0,0,0,0,0.0,0,0.0,0.0,0.0,0.0,0.0,0.0,0.0,33.3,0.1,0.0,0.0,0.0,0.0,0.7,0.6000000000000001,0.0,0.0,0.0,0.2,0.0,0.0,0.0,0.0,15.666666666666666,,85.71428571428571,,6.93
netherlands,Eredivisie,2025,Maarten Paes,27.0,G,Netherlands,191.0,82.0,13,13,1200.0,0.0,0.0,0.0,0.0,0,0,0,0.0,0,0.0,0.0,0.0,0.0,0.0,0.0,0.0,40.05,0.0,0.07500000000000001,0.0,0.0,0.07500000000000001,0.525,0.525,0.07500000000000001,0.07500000000000001,0.0,0.07500000000000001,0.0,0.0,0.0,0.0,27.526217228464418,,100.0,100.0,7.2875
netherlands,Eredivisie,2025,Maas Willemsen,22.0,D,Netherlands,190.0,80.0,31,30,2668.0,1.0,0.0,0.0,1.0,0,0,4,0.0,0,0.03373313343328336,0.43853073463268366,0.2698650674662669,0.03373313343328336,0.0,0.03373313343328336,0.03373313343328336,62.574962518740634,0.23613193403298352,1.0457271364317842,1.0457271364317842,0.843328335832084,1.8890554722638682,7.455022488755622,4.081709145427286,0.7421289355322339,0.5734632683658171,0.3373313343328336,0.4047976011994003,0.7758620689655172,0.13493253373313344,0.0,0.0,58.497035040431264,61.53846153846154,54.75113122171946,77.27272727272727,6.859220389805098
netherlands,Eredivisie,2025,Maher Carrizo,19.0,F,Argentina,180.0,82.0,6,0,106.0,0.0,0.0,0.0,0.0,0,0,0,0.0,0,0.0,3.3962264150943393,1.6981132075471697,0.0,0.0,0.0,0.0,21.22641509433962,0.0,1.6981132075471697,0.0,0.0,1.6981132075471697,15.283018867924527,9.339622641509434,8.49056603773585,5.943396226415095,0.0,0.0,1.6981132075471697,0.0,0.0,0.0,6.12,50.0,61.111111111111114,70.0,6.643809523809524
netherlands,Eredivisie,2025,Makan Aïko,24.0,F,France,180.0,,13,3,454.0,2.0,2.0,0.0,0.0,0,0,2,0.0,0,0.39647577092511016,1.7841409691629957,0.5947136563876653,0.39647577092511016,0.39647577092511016,0.7929515418502203,0.39647577092511016,18.634361233480178,0.9911894273127754,0.9911894273127754,0.0,0.5947136563876653,1.5859030837004406,11.101321585903083,4.361233480176212,1.5859030837004406,0.7929515418502203,0.19823788546255508,1.9823788546255507,1.3876651982378854,0.39647577092511016,0.0,0.0,6.702127659574468,33.33333333333333,39.285714285714285,50.0,6.705286343612334
netherlands,Eredivisie,2025,Malcolm Jeng,20.0,D,Sweden,190.0,75.0,1,1,45.0,0.0,0.0,0.0,0.0,0,0,0,0.0,0,0.0,0.0,0.0,0.0,0.0,0.0,0.0,97.99999999999999,0.0,2.0,0.0,4.0,6.0,2.0,2.0,0.0,0.0,0.0,0.0,0.0,0.0,0.0,0.0,43.0,,100.0,,6.9
netherlands,Eredivisie,2025,Mannou Berger,21.0,G,Netherlands,181.0,72.0,0,0,0.0,0.0,0.0,0.0,0.0,0,0,0,0.0,0,,,,,,,,,,,,,,,,,,,,,,,,,,,,
netherlands,Eredivisie,2025,Marco Rente,28.0,D,Germany,187.0,84.0,30,29,2368.0,3.0,4.0,0.0,0.0,0,0,3,0.0,1,0.0,0.5701013513513514,0.30405405405405406,0.11402027027027027,0.15202702702702703,0.2660472972972973,0.11402027027027027,33.67398648648649,1.3682432432432434,1.7103040540540542,0.34206081081081086,1.1782094594594594,2.888513513513513,9.95777027027027,6.195101351351351,0.9501689189189189,0.5320945945945946,0.7221283783783783,0.4560810810810811,0.6841216216216217,0.11402027027027027,0.0,0.03800675675675676,23.86004514672686,53.333333333333336,62.213740458015266,56.00000000000001,7.01183932346723
netherlands,Eredivisie,2025,Marcus Linday,22.0,M,Sweden,189.0,,33,28,2404.0,1.0,2.0,1.0,0.0,0,0,7,0.0,0,0.0,0.37437603993344426,0.07487520798668885,0.03743760399334443,0.07487520798668885,0.11231281198003328,0.03743760399334443,47.88269550748752,0.9359400998336106,2.9575707154742097,0.18718801996672213,0.9733777038269551,3.930948419301165,9.696339434276206,5.653078202995008,0.9359400998336106,0.4492512479201331,0.9359400998336106,1.3477537437603995,1.1980033277870217,0.26206322795341097,0.0,0.0,41.42689601250977,20.0,58.301158301158296,48.0,7.011314475873545
netherlands,Eredivisie,2025,Mario Engels,32.0,M,Germany,184.0,74.0,24,11,1005.0,1.0,2.0,0.0,0.0,0,0,4,0.0,1,0.7164179104477612,1.2537313432835822,0.7164179104477612,0.08955223880597014,0.1791044776119403,0.26865671641791045,0.08955223880597014,17.19402985074627,1.0746268656716418,0.7164179104477612,0.08955223880597014,0.08955223880597014,0.8059701492537313,8.955223880597016,2.7761194029850746,2.417910447761194,0.6268656716417911,0.26865671641791045,1.164179104477612,2.059701492537313,0.3582089552238806,0.0,0.08955223880597014,10.397905759162304,57.14285714285714,31.0,25.925925925925924,6.461492537313433
netherlands,Eredivisie,2025,Mark Hoekstra,30.0,F,Scotland,,,4,0,47.0,0.0,0.0,0.0,0.0,0,0,1,0.0,0,0.0,0.0,0.0,0.0,0.0,0.0,0.0,32.5531914893617,0.0,0.0,0.0,0.0,0.0,28.72340425531915,9.574468085106384,7.659574468085106,5.744680851063829,3.829787234042553,1.9148936170212765,3.829787234042553,1.9148936170212765,0.0,0.0,5.9411764705882355,,33.33333333333333,75.0,6.4
netherlands,Eredivisie,2025,Mark Verkuijl,19.0,M,,,,0,0,0.0,0.0,0.0,0.0,0.0,0,0,0,0.0,0,,,,,,,,,,,,,,,,,,,,,,,,,,,,
netherlands,Eredivisie,2025,Marko Kerkez,25.0,M,Serbia,184.0,,3,0,24.0,0.0,0.0,0.0,0.0,0,0,0,0.0,0,0.0,0.0,0.0,0.0,0.0,0.0,0.0,15.0,0.0,3.75,3.75,0.0,3.75,18.75,3.75,0.0,0.0,3.75,0.0,0.0,0.0,0.0,0.0,1.0,,20.0,,6.5086956521739125
netherlands,Eredivisie,2025,Marko Pjaca,30.0,F,Croatia,186.0,83.0,27,7,912.0,2.0,1.0,0.0,0.0,0,0,1,0.0,0,0.0,1.9736842105263157,1.1842105263157894,0.19736842105263158,0.09868421052631579,0.29605263157894735,0.19736842105263158,37.30263157894737,1.381578947368421,1.1842105263157894,0.09868421052631579,0.9868421052631579,2.1710526315789473,13.618421052631579,6.315789473684211,5.032894736842105,2.3684210526315788,0.09868421052631579,1.381578947368421,0.6907894736842105,0.09868421052631579,0.0,0.0,17.509283819628646,60.0,46.3768115942029,47.05882352941176,6.822527472527472
netherlands,Eredivisie,2025,Martijn Overmars,19.0,G,,,,0,0,0.0,0.0,0.0,0.0,0.0,0,0,0,0.0,0,,,,,,,,,,,,,,,,,,,,,,,,,,,,
netherlands,Eredivisie,2025,Marvin Peersman,34.0,D,Belgium,185.0,69.0,34,34,2895.0,3.0,1.0,0.0,0.0,1,0,6,0.0,0,0.34196891191709844,0.5284974093264249,0.18652849740932642,0.09326424870466321,0.031088082901554404,0.12435233160621761,0.06217616580310881,40.476683937823836,0.8082901554404145,1.2435233160621761,0.27979274611398963,0.9637305699481866,2.2072538860103625,8.1139896373057,4.072538860103626,1.0880829015544042,0.37305699481865284,0.6528497409326425,1.2746113989637307,1.305699481865285,0.18652849740932642,0.0,0.0,34.075268817204304,35.294117647058826,50.191570881226056,34.285714285714285,6.731675302245251
netherlands,Eredivisie,2025,Marvin Young,20.0,D,Netherlands,182.0,,33,33,2970.0,0.0,1.0,0.0,0.0,0,0,7,0.0,0,0.030303030303030304,0.2121212121212121,0.030303030303030304,0.0,0.030303030303030304,0.030303030303030304,0.0,53.6060606060606,0.3939393939393939,2.1818181818181817,0.8181818181818181,1.606060606060606,3.787878787878788,8.06060606060606,4.636363636363637,0.36363636363636365,0.2121212121212121,0.5454545454545454,0.5151515151515151,1.0909090909090908,0.2121212121212121,0.0,0.0,53.27303561334087,14.285714285714285,57.5187969924812,58.333333333333336,6.96969696969697
netherlands,Eredivisie,2025,Marvyn Muzungu,18.0,D,France,,,0,0,0.0,0.0,0.0,0.0,0.0,0,0,0,0.0,0,,,,,,,,,,,,,,,,,,,,,,,,,,,,
netherlands,Eredivisie,2025,Mateo Chávez,21.0,D,Mexico,177.0,,20,9,839.0,1.0,2.0,0.0,0.0,0,0,5,0.0,0,0.10727056019070322,1.0727056019070322,0.5363528009535161,0.10727056019070322,0.21454112038140644,0.3218116805721096,0.10727056019070322,44.731823599523246,1.0727056019070322,5.685339690107271,0.10727056019070322,1.6090584028605484,7.294398092967819,15.446960667461264,9.33253873659118,1.8235995232419548,0.8581644815256257,2.3599523241954707,1.6090584028605484,1.3945172824791419,0.5363528009535161,0.0,0.0,24.750599520383695,50.0,60.416666666666664,47.05882352941176,7.015751789976133
netherlands,Eredivisie,2025,Mathias Kjølø,24.0,M,Norway,174.0,67.0,19,3,534.0,0.0,0.0,0.0,0.0,0,0,0,0.0,0,0.0,0.6741573033707865,0.5056179775280899,0.0,0.0,0.0,0.0,43.48314606741573,0.8426966292134832,1.1797752808988764,0.16853932584269662,0.8426966292134832,2.0224719101123596,7.078651685393258,2.359550561797753,1.0112359550561798,0.16853932584269662,0.8426966292134832,0.33707865168539325,1.0112359550561798,0.0,0.0,0.0,25.624031007751938,75.0,33.33333333333333,16.666666666666664,6.6360225140712945
netherlands,Eredivisie,2025,Mathijs Tielemans,23.0,M,Netherlands,178.0,63.0,2,2,133.0,0.0,0.0,0.0,0.0,0,0,0,0.0,0,0.0,0.6766917293233082,0.6766917293233082,0.0,0.0,0.0,0.0,52.10526315789474,1.3533834586466165,0.6766917293233082,0.0,1.3533834586466165,2.0300751879699246,4.7368421052631575,1.3533834586466165,0.0,0.0,0.6766917293233082,0.6766917293233082,1.3533834586466165,0.0,0.0,0.0,36.42857142857143,100.0,28.57142857142857,,6.515789473684211
netherlands,Eredivisie,2025,Mathis Suray,24.0,M,Belgium,173.0,,32,32,2603.0,12.0,2.0,0.0,0.0,1,0,4,0.0,0,0.41490587783326927,1.7979254706108336,1.0718401844026124,0.41490587783326927,0.06915097963887822,0.48405685747214755,0.3803303880138302,23.027276219746447,0.656934306569343,1.0026892047637341,0.24202842873607378,0.41490587783326927,1.4175950825970034,7.1225509028044565,2.558586246638494,1.2101421436803688,0.6223588167499039,0.7952362658470995,0.656934306569343,1.0372646945831734,0.13830195927775643,0.0,0.0,17.794294294294293,59.61538461538461,35.92233009708738,51.42857142857142,6.846830580099884
netherlands,Eredivisie,2025,Matisse Didden,24.0,D,Belgium,198.0,91.0,24,21,1900.0,2.0,0.0,0.0,1.0,0,0,5,0.0,1,0.04736842105263158,0.5210526315789474,0.23684210526315788,0.09473684210526316,0.0,0.09473684210526316,0.09473684210526316,52.15263157894737,0.33157894736842103,1.3263157894736841,0.9473684210526315,1.1368421052631579,2.463157894736842,8.147368421052633,4.689473684210526,0.28421052631578947,0.18947368421052632,0.7105263157894737,0.37894736842105264,1.231578947368421,0.23684210526315788,0.0,0.04736842105263158,42.84831970935513,45.45454545454545,57.55813953488372,66.66666666666666,6.9628421052631575
netherlands,Eredivisie,2025,Mats Deijl,28.0,D,Netherlands,181.0,72.0,33,32,2811.0,1.0,5.0,1.0,0.0,1,1,5,0.0,0,0.128068303094984,0.512273212379936,0.32017075773746,0.032017075773746,0.16008537886873,0.192102454642476,0.0,38.19637139807897,0.8324439701173959,1.4407684098185698,0.576307363927428,0.544290288153682,1.985058697972252,7.68409818569904,5.12273212379936,0.544290288153682,0.32017075773746,0.22411953041622196,1.9530416221985059,0.928495197438634,0.16008537886873,0.0,0.0,33.73009220452641,62.5,66.66666666666666,58.82352941176471,6.790679473496976
netherlands,Eredivisie,2025,Mats Egbring,19.0,D,Netherlands,183.0,75.0,8,1,171.0,0.0,1.0,0.0,0.0,0,0,1,0.0,0,0.0,0.5263157894736842,0.0,0.0,0.5263157894736842,0.5263157894736842,0.0,26.31578947368421,1.5789473684210527,3.1578947368421053,0.0,1.5789473684210527,4.7368421052631575,17.894736842105264,8.947368421052632,0.5263157894736842,0.5263157894736842,4.2105263157894735,1.0526315789473684,2.631578947368421,0.5263157894736842,0.0,0.0,10.0,0.0,50.0,100.0,6.537058823529412
netherlands,Eredivisie,2025,Mats Rots,19.0,D,Netherlands,185.0,70.0,34,34,2954.0,4.0,4.0,0.0,0.0,0,0,4,0.0,0,0.09140148950575491,0.7312119160460393,0.36560595802301965,0.12186865267433987,0.12186865267433987,0.24373730534867974,0.12186865267433987,43.446174678402166,1.5538253215978335,2.4069058903182126,0.2132701421800948,1.1882193635748137,3.5951252538930265,10.206499661475965,4.813811780636425,2.772511848341232,1.0358835477318888,1.1882193635748137,0.8530805687203792,0.8226134055517942,0.12186865267433987,0.0,0.0,35.61711079943899,50.0,47.16417910447761,37.362637362637365,6.92291807718348
netherlands,Eredivisie,2025,Mats Seuntjens,33.0,M,Netherlands,187.0,81.0,17,0,226.0,1.0,0.0,0.0,0.0,0,0,1,0.0,0,0.39823008849557523,2.7876106194690267,1.592920353982301,0.39823008849557523,0.0,0.39823008849557523,0.39823008849557523,41.8141592920354,3.982300884955752,0.7964601769911505,0.0,0.0,0.7964601769911505,10.353982300884956,3.584070796460177,1.1946902654867257,0.39823008849557523,2.3893805309734515,0.7964601769911505,1.991150442477876,0.39823008849557523,0.0,0.0,6.701923076923077,57.14285714285714,34.61538461538461,33.33333333333333,6.6877828054298645
netherlands,Eredivisie,2025,Mattijs Branderhorst,32.0,G,Netherlands,192.0,88.0,24,24,2160.0,0.0,0.0,0.0,0.0,0,0,3,0.0,0,0.0,0.0,0.0,0.0,0.0,0.0,0.0,34.083333333333336,0.08333333333333334,0.08333333333333334,0.0,0.0,0.08333333333333334,0.7916666666666667,0.5833333333333334,0.04166666666666667,0.04166666666666667,0.04166666666666667,0.0,0.04166666666666667,0.125,0.0,0.0,15.011002444987776,,73.68421052631578,100.0,7.0
netherlands,Eredivisie,2025,Matěj Kovář,25.0,G,Czech Republic,196.0,88.0,31,31,2790.0,0.0,0.0,0.0,1.0,0,0,0,0.0,0,0.0,0.0,0.0,0.0,0.0,0.0,0.0,39.74193548387097,0.06451612903225806,0.0,0.0,0.03225806451612903,0.03225806451612903,0.5483870967741936,0.41935483870967744,0.03225806451612903,0.03225806451612903,0.03225806451612903,0.16129032258064516,0.03225806451612903,0.0,0.0,0.0,32.41558441558441,,76.47058823529412,100.0,7.1
netherlands,Eredivisie,2025,Matěj Šín,21.0,M,Czechia,,,18,6,557.0,1.0,1.0,0.0,0.0,0,0,1,0.0,0,0.16157989228007183,0.8078994614003591,0.48473967684021546,0.16157989228007183,0.16157989228007183,0.32315978456014366,0.16157989228007183,30.538599640933572,1.9389587073608618,1.2926391382405746,0.48473967684021546,0.8078994614003591,2.1005385996409336,8.240574506283663,2.423698384201077,0.8078994614003591,0.32315978456014366,1.1310592459605027,0.6463195691202873,1.1310592459605027,0.16157989228007183,0.0,0.0,12.502645502645503,60.0,29.411764705882355,40.0,6.8179533213644525
netherlands,Eredivisie,2025,Mauro Júnior,26.0,D,Brazil,171.0,62.0,26,24,2086.0,1.0,9.0,0.0,1.0,0,0,2,0.0,0,0.04314477468839885,0.6471716203259827,0.3451581975071908,0.04314477468839885,0.3883029721955897,0.4314477468839885,0.04314477468839885,66.78811121764141,1.5100671140939597,2.6749760306807286,0.21572387344199426,1.5963566634707576,4.271332694151487,8.801534036433365,5.004793863854267,1.8983700862895494,1.0354745925215725,0.9923298178331735,0.6471716203259827,0.6903163950143816,0.0862895493767977,0.0,0.0,58.735788113695094,53.333333333333336,56.86274509803921,54.54545454545454,7.167785234899329
netherlands,Eredivisie,2025,Mauro Zijlstra,21.0,F,Netherlands,188.0,,0,0,0.0,0.0,0.0,0.0,0.0,0,0,0,0.0,0,,,,,,,,,,,,,,,,,,,,,,,,,,,,
netherlands,Eredivisie,2025,Mawouna Amevor,34.0,D,Togo,191.0,75.0,32,32,2765.0,1.0,1.0,0.0,0.0,0,0,3,0.0,1,0.0325497287522604,0.325497287522604,0.0650994575045208,0.0325497287522604,0.0325497287522604,0.0650994575045208,0.0325497287522604,40.45931283905968,0.2603978300180832,0.81374321880651,1.236889692585895,1.2043399638336347,2.0180831826401446,6.54249547920434,3.3851717902350815,0.0650994575045208,0.0325497287522604,0.29294755877034356,0.325497287522604,1.1066907775768535,0.09764918625678119,0.0,0.0325497287522604,38.27192276749799,20.0,51.741293532338304,50.0,6.742676311030741
netherlands,Eredivisie,2025,Max Bruns,23.0,D,Netherlands,183.0,69.0,13,8,808.0,1.0,0.0,0.0,0.0,0,0,0,0.0,0,0.0,0.22277227722772278,0.11138613861386139,0.11138613861386139,0.0,0.11138613861386139,0.11138613861386139,57.02970297029703,0.3341584158415841,1.3366336633663365,1.0024752475247525,1.0024752475247525,2.339108910891089,8.01980198019802,4.344059405940595,0.556930693069307,0.3341584158415841,0.3341584158415841,0.44554455445544555,0.556930693069307,0.0,0.0,0.0,48.85518590998043,50.0,54.166666666666664,60.0,6.9969059405940595
netherlands,Eredivisie,2025,Max De Ligt,21.0,D,Netherlands,189.0,,0,0,0.0,0.0,0.0,0.0,0.0,0,0,0,0.0,0,,,,,,,,,,,,,,,,,,,,,,,,,,,,
netherlands,Eredivisie,2025,Maxence Rivera,23.0,M,France,171.0,61.0,30,24,2064.0,4.0,4.0,0.0,0.0,1,0,5,0.0,0,0.1744186046511628,2.136627906976744,1.2209302325581395,0.1744186046511628,0.1744186046511628,0.3488372093023256,0.1308139534883721,27.12209302325581,1.3953488372093024,1.4389534883720931,0.0872093023255814,0.4796511627906977,1.9186046511627908,11.555232558139535,4.40406976744186,4.534883720930233,2.005813953488372,0.9156976744186047,0.7848837209302325,1.1337209302325582,0.2180232558139535,0.0,0.0,19.673633440514468,57.14285714285714,38.113207547169814,44.230769230769226,6.750726744186046
netherlands,Eredivisie,2025,Maxim Dekker,21.0,D,Netherlands,190.0,80.0,6,2,205.0,0.0,0.0,0.0,0.0,0,0,0,0.0,0,0.0,0.0,0.0,0.0,0.0,0.0,0.0,48.29268292682927,0.0,1.3170731707317074,0.43902439024390244,0.0,1.3170731707317074,6.146341463414634,3.951219512195122,0.43902439024390244,0.43902439024390244,0.0,0.43902439024390244,0.0,0.0,0.0,0.0,30.90909090909091,,64.28571428571429,100.0,6.419607843137254
netherlands,Eredivisie,2025,Maxim de Troije,,F,,,,0,0,0.0,0.0,0.0,0.0,0.0,0,0,0,0.0,0,,,,,,,,,,,,,,,,,,,,,,,,,,,,
netherlands,Eredivisie,2025,Maximilien Balard,25.0,M,Australia,175.0,68.0,32,32,2736.0,0.0,1.0,0.0,0.0,0,0,5,0.0,1,0.0,0.23026315789473684,0.03289473684210526,0.0,0.03289473684210526,0.03289473684210526,0.0,42.73026315789474,0.7236842105263157,1.9736842105263157,0.2631578947368421,0.9210526315789473,2.894736842105263,7.763157894736842,4.375,0.756578947368421,0.36184210526315785,0.5921052631578947,1.2171052631578947,1.0855263157894737,0.1644736842105263,0.0,0.03289473684210526,38.86682063125481,14.285714285714285,56.355932203389834,47.82608695652174,6.865423976608187
netherlands,Eredivisie,2025,Mees Eppink,19.0,G,Netherlands,183.0,73.0,0,0,0.0,0.0,0.0,0.0,0.0,0,0,0,0.0,0,,,,,,,,,,,,,,,,,,,,,,,,,,,,
netherlands,Eredivisie,2025,Mees Rensen,16.0,D,,,,0,0,0.0,0.0,0.0,0.0,0.0,0,0,0,0.0,0,,,,,,,,,,,,,,,,,,,,,,,,,,,,
netherlands,Eredivisie,2025,Mees de Wit,27.0,D,Netherlands,181.0,80.0,31,29,2486.0,3.0,6.0,0.0,0.0,0,0,9,0.0,0,0.036202735317779566,0.5792437650844731,0.39823008849557523,0.10860820595333869,0.21721641190667737,0.3258246178600161,0.10860820595333869,47.46178600160901,1.1222847948511665,2.280772325020113,0.3258246178600161,0.9050683829444891,3.185840707964602,8.833467417538214,4.489139179404666,0.9412711182622687,0.5792437650844731,1.2670957361222848,0.43443282381335474,1.1222847948511665,0.3258246178600161,0.0,0.0,39.45766590389016,68.75,50.81967213114754,61.53846153846154,6.799195494770716
netherlands,Eredivisie,2025,Melle Meulensteen,26.0,M,Netherlands,184.0,76.0,34,33,2832.0,6.0,1.0,0.0,0.0,0,0,2,0.0,0,0.0635593220338983,1.0169491525423728,0.6038135593220338,0.1906779661016949,0.03177966101694915,0.22245762711864409,0.1906779661016949,52.277542372881356,0.413135593220339,1.5572033898305084,0.6991525423728814,1.652542372881356,3.209745762711864,9.883474576271185,5.593220338983051,1.1440677966101696,0.7309322033898304,0.9533898305084745,1.3347457627118644,0.47669491525423724,0.0635593220338983,0.0,0.0,48.593920972644376,59.375,56.59163987138264,63.888888888888886,7.121786723163843
netherlands,Eredivisie,2025,Melle Roede,19.0,M,,,,0,0,0.0,0.0,0.0,0.0,0.0,0,0,0,0.0,0,,,,,,,,,,,,,,,,,,,,,,,,,,,,
netherlands,Eredivisie,2025,Merijn van de Wiel,19.0,M,,,,0,0,0.0,0.0,0.0,0.0,0.0,0,0,0,0.0,0,,,,,,,,,,,,,,,,,,,,,,,,,,,,
netherlands,Eredivisie,2025,Mexx Meerdink,22.0,F,Netherlands,182.0,69.0,19,9,890.0,5.0,1.0,0.0,0.0,2,0,2,0.0,0,0.5056179775280899,3.2359550561797756,1.3146067415730338,0.5056179775280899,0.10112359550561799,0.6067415730337079,0.30337078651685395,19.51685393258427,0.7078651685393259,0.6067415730337079,0.0,0.0,0.6067415730337079,13.146067415730336,5.561797752808989,1.0112359550561798,0.6067415730337079,0.30337078651685395,1.3146067415730338,1.5168539325842696,0.20224719101123598,0.0,0.0,10.151832460732985,40.625,42.30769230769231,60.0,6.687837837837838
netherlands,Eredivisie,2025,Michael Brouwer,32.0,G,Netherlands,189.0,81.0,2,1,135.0,0.0,0.0,0.0,0.0,0,0,0,0.0,0,0.0,0.0,0.0,0.0,0.0,0.0,0.0,32.66666666666667,0.0,0.0,0.0,0.0,0.0,0.6666666666666667,0.0,0.0,0.0,0.6666666666666667,0.0,0.0,0.0,0.0,0.0,18.081632653061224,,0.0,,7.166666666666667
netherlands,Eredivisie,2025,Miguel Rodríguez,22.0,F,Spain,179.0,73.0,24,15,1356.0,3.0,0.0,0.0,0.0,0,0,4,0.0,1,0.0663716814159292,2.057522123893805,0.995575221238938,0.19911504424778761,0.0,0.19911504424778761,0.19911504424778761,25.951327433628318,1.261061946902655,1.5265486725663717,0.1327433628318584,1.0619469026548671,2.588495575221239,14.070796460176993,6.106194690265487,3.3185840707964602,1.3274336283185841,1.5265486725663717,2.4557522123893807,1.261061946902655,0.2654867256637168,0.0,0.0663716814159292,15.010230179028133,48.38709677419355,43.39622641509434,40.0,6.741150442477876
netherlands,Eredivisie,2025,Mika Godts,20.0,F,Belgium,176.0,70.0,34,32,2896.0,17.0,13.0,0.0,0.0,0,0,3,0.0,0,0.31077348066298344,2.2064917127071824,1.3052486187845302,0.5283149171270718,0.40400552486187846,0.9323204419889503,0.5283149171270718,38.47375690607735,2.7037292817679557,0.9633977900552486,0.09323204419889503,0.4661602209944751,1.429558011049724,12.617403314917127,5.500690607734806,5.935773480662984,2.6104972375690605,0.8080110497237569,1.5538674033149171,0.6526243093922651,0.09323204419889503,0.0,0.0,31.94264943457189,59.154929577464785,43.5960591133005,43.97905759162304,7.852348066298343
netherlands,Eredivisie,2025,Mike Eerdhuijzen,25.0,D,Netherlands,194.0,85.0,11,8,493.0,0.0,0.0,0.0,0.0,0,0,1,0.0,0,0.0,0.36511156186612576,0.18255578093306288,0.0,0.0,0.0,0.0,53.30628803245437,0.18255578093306288,1.2778904665314401,0.9127789046653144,1.2778904665314401,2.5557809330628802,5.294117647058823,3.4685598377281948,0.18255578093306288,0.18255578093306288,0.36511156186612576,0.0,0.18255578093306288,0.18255578093306288,0.0,0.0,37.93793103448276,50.0,65.51724137931035,100.0,6.807128309572302
netherlands,Eredivisie,2025,Mike Kleijn,20.0,D,Netherlands,175.0,62.0,11,4,446.0,0.0,1.0,0.0,0.0,0,0,0,0.0,0,0.0,0.20179372197309417,0.20179372197309417,0.0,0.20179372197309417,0.20179372197309417,0.0,32.89237668161435,0.20179372197309417,3.834080717488789,0.0,1.4125560538116593,5.246636771300449,6.25560538116592,4.641255605381166,0.40358744394618834,0.0,0.20179372197309417,0.6053811659192826,0.0,0.0,0.0,0.0,18.595092024539877,100.0,74.19354838709677,0.0,6.576233183856503
netherlands,Eredivisie,2025,Mike te Wierik,33.0,D,Netherlands,191.0,73.0,22,16,1401.0,1.0,0.0,0.0,0.0,0,0,2,0.0,0,0.1284796573875803,0.3854389721627409,0.06423982869379015,0.06423982869379015,0.0,0.06423982869379015,0.06423982869379015,31.862955032119913,0.44967880085653106,1.9271948608137044,0.3854389721627409,0.7066381156316917,2.633832976445396,9.057815845824411,5.845824411134903,0.44967880085653106,0.2569593147751606,0.44967880085653106,1.3490364025695931,1.0278372591006424,0.1284796573875803,0.0,0.0,27.945344129554655,16.666666666666664,64.53900709219859,57.14285714285714,6.622214285714286
netherlands,Eredivisie,2025,Mike van Duinen,34.0,F,Netherlands,185.0,74.0,28,5,718.0,1.0,2.0,0.0,0.0,0,0,2,0.0,0,0.25069637883008355,1.754874651810585,0.5013927576601671,0.12534818941504178,0.25069637883008355,0.3760445682451254,0.12534818941504178,18.676880222841227,0.8774373259052926,1.3788300835654597,0.3760445682451254,0.25069637883008355,1.6295264623955432,19.805013927576603,7.3955431754874645,0.8774373259052926,0.25069637883008355,0.5013927576601671,0.5013927576601671,3.50974930362117,0.25069637883008355,0.0,0.0,5.232394366197183,28.57142857142857,37.34177215189873,28.57142857142857,6.578260869565217
netherlands,Eredivisie,2025,Mike van der Hoorn,33.0,D,Netherlands,190.0,81.0,31,28,2423.0,3.0,0.0,0.0,1.0,0,0,1,0.0,0,0.037144036318613294,0.4457284358233594,0.2228642179116797,0.11143210895583985,0.0,0.11143210895583985,0.11143210895583985,55.15889393314073,0.4457284358233594,1.040033016921172,0.7800247626908791,1.1514651258770119,2.191498142798184,8.46884028064383,4.903012794056955,0.14857614527445318,0.07428807263722659,0.3714403631861329,0.7800247626908791,1.1886091621956254,0.037144036318613294,0.0,0.0,49.472016183412,50.0,57.89473684210527,50.0,7.1821295914156
netherlands,Eredivisie,2025,Milan Smit,22.0,F,Netherlands,191.0,75.0,19,14,1362.0,6.0,2.0,0.0,0.0,0,0,5,0.0,0,0.2643171806167401,1.5859030837004406,0.8590308370044053,0.39647577092511016,0.13215859030837004,0.5286343612334802,0.39647577092511016,14.735682819383259,0.7268722466960352,0.2643171806167401,0.39647577092511016,0.13215859030837004,0.39647577092511016,10.506607929515418,4.030837004405287,0.8590308370044053,0.19823788546255508,0.3303964757709251,1.9162995594713657,1.6519823788546255,0.3303964757709251,0.0,0.0,11.824884792626728,54.166666666666664,38.36477987421384,23.076923076923077,6.889794419970631
netherlands,Eredivisie,2025,Milan Zonneveld,22.0,F,Netherlands,,,31,9,1091.0,6.0,2.0,0.0,0.0,0,0,0,0.0,0,0.32997250229147573,2.8047662694775433,1.6498625114573786,0.4949587534372135,0.16498625114573787,0.6599450045829515,0.4949587534372135,15.838680109990833,0.8249312557286893,0.08249312557286893,0.24747937671860676,0.16498625114573787,0.24747937671860676,11.301558203483044,4.867094408799266,0.6599450045829515,0.16498625114573787,0.16498625114573787,1.319890009165903,0.7424381301558203,0.0,0.0,0.0,6.802197802197802,58.82352941176471,43.06569343065693,25.0,6.654820936639119
netherlands,Eredivisie,2025,Milan de Haan,22.0,M,Netherlands,180.0,74.0,2,0,28.0,0.0,0.0,0.0,0.0,0,0,0,0.0,0,0.0,0.0,0.0,0.0,0.0,0.0,0.0,41.785714285714285,0.0,0.0,0.0,3.214285714285714,3.214285714285714,3.214285714285714,0.0,0.0,0.0,3.214285714285714,0.0,0.0,0.0,0.0,0.0,6.076923076923077,,0.0,,6.557142857142858
netherlands,Eredivisie,2025,Miliano Jonathans,21.0,F,Netherlands,178.0,66.0,16,3,493.0,2.0,1.0,0.0,0.0,0,0,1,0.0,0,0.0,1.643002028397566,0.9127789046653144,0.36511156186612576,0.18255578093306288,0.5476673427991886,0.36511156186612576,29.574036511156187,1.643002028397566,0.9127789046653144,0.18255578093306288,0.0,0.9127789046653144,11.683569979716024,5.1115618661257605,3.286004056795132,1.2778904665314401,0.7302231237322515,2.0081135902636915,1.0953346855983772,0.18255578093306288,0.0,0.0,11.838509316770187,55.55555555555556,43.75,38.88888888888889,6.741379310344827
netherlands,Eredivisie,2025,Mimeirhel Benita,22.0,D,Netherlands,173.0,66.0,25,15,1458.0,0.0,1.0,0.0,1.0,0,0,6,0.0,0,0.12345679012345678,0.30864197530864196,0.24691358024691357,0.0,0.06172839506172839,0.06172839506172839,0.0,31.54320987654321,0.8024691358024691,2.4074074074074074,0.49382716049382713,1.3580246913580247,3.765432098765432,10.246913580246915,5.864197530864198,1.4814814814814816,0.5555555555555556,1.0493827160493827,1.419753086419753,1.0493827160493827,0.3703703703703704,0.0,0.0,22.12720156555773,80.0,57.22891566265061,37.5,6.610699588477366
netherlands,Eredivisie,2025,Mitchell van Bergen,26.0,M,Netherlands,170.0,56.0,30,30,2400.0,3.0,4.0,0.0,0.0,0,0,1,0.0,0,0.2625,1.5750000000000002,0.7875000000000001,0.1125,0.15000000000000002,0.2625,0.1125,24.225,1.5,0.525,0.07500000000000001,0.2625,0.7875000000000001,6.075,2.4000000000000004,3.375,1.3499999999999999,0.525,0.45,0.225,0.037500000000000006,0.0,0.0,20.03560371517028,50.0,39.50617283950617,40.0,6.870874999999999
netherlands,Eredivisie,2025,Mohamed Abdalla,16.0,M,,,,0,0,0.0,0.0,0.0,0.0,0.0,0,0,0,0.0,0,,,,,,,,,,,,,,,,,,,,,,,,,,,,
netherlands,Eredivisie,2025,Mohamed Hamdaoui,32.0,F,Netherlands,170.0,65.0,7,0,82.0,0.0,0.0,0.0,0.0,0,0,0,0.0,1,0.0,2.1951219512195124,0.0,0.0,0.0,0.0,0.0,23.04878048780488,1.0975609756097562,3.292682926829268,0.0,0.0,3.292682926829268,14.268292682926829,7.682926829268293,1.0975609756097562,1.0975609756097562,2.1951219512195124,3.292682926829268,1.0975609756097562,0.0,0.0,1.0975609756097562,5.0,0.0,53.84615384615385,100.0,6.523170731707316
netherlands,Eredivisie,2025,Mohamed Ihattaren,23.0,M,Netherlands,183.0,77.0,28,23,1946.0,6.0,10.0,0.0,0.0,3,0,4,0.0,0,0.18499486125385406,2.0349434737923944,1.5724563206577593,0.27749229188078106,0.4624871531346351,0.7399794450154162,0.13874614594039053,37.60020554984584,2.2661870503597124,0.6012332990750257,0.046248715313463515,0.5549845837615621,1.1562178828365879,7.908530318602262,3.329907502569373,2.9136690647482015,1.4337101747173688,0.4624871531346351,0.9712230215827339,0.4624871531346351,0.18499486125385406,0.0,0.0,25.645756457564577,77.27272727272727,42.10526315789473,49.2063492063492,7.182631038026721
netherlands,Eredivisie,2025,Mohamed Nassoh,22.0,M,Netherlands,188.0,73.0,28,20,1826.0,5.0,1.0,0.0,0.0,0,0,4,0.0,1,0.1478641840087623,1.4293537787513693,0.7393209200438117,0.24644030668127054,0.04928806133625411,0.2957283680175246,0.24644030668127054,37.70536692223439,1.823658269441402,1.774370208105148,0.04928806133625411,0.4928806133625411,2.267250821467689,10.498357064622125,4.879518072289157,2.6122672508214677,1.5279299014238774,0.9364731653888281,1.2322015334063525,0.887185104052574,0.19715224534501644,0.0,0.04928806133625411,26.126797385620915,51.724137931034484,46.478873239436616,58.490566037735846,6.851533406352683
netherlands,Eredivisie,2025,Moussa Gbemou,18.0,M,Belgium,,,3,0,31.0,0.0,0.0,0.0,0.0,0,0,0,0.0,0,0.0,0.0,0.0,0.0,0.0,0.0,0.0,60.967741935483865,2.903225806451613,11.612903225806452,2.903225806451613,0.0,11.612903225806452,20.32258064516129,11.612903225806452,0.0,0.0,0.0,0.0,0.0,0.0,0.0,0.0,7.761904761904762,,57.14285714285714,,6.52258064516129
netherlands,Eredivisie,2025,Moussa Soumano,20.0,F,France,185.0,73.0,16,9,798.0,5.0,0.0,0.0,0.0,0,0,0,0.0,0,0.7894736842105263,3.6090225563909772,1.8045112781954886,0.5639097744360901,0.0,0.5639097744360901,0.5639097744360901,21.654135338345863,1.1278195488721803,0.5639097744360901,0.0,0.11278195488721804,0.6766917293233082,14.774436090225564,6.315789473684211,2.5939849624060147,0.7894736842105263,0.11278195488721804,1.4661654135338344,1.2406015037593985,0.0,0.0,0.0,13.864583333333334,50.0,42.74809160305343,30.434782608695656,7.010651629072682
netherlands,Eredivisie,2025,Mylan Brouwers,16.0,D,,,,0,0,0.0,0.0,0.0,0.0,0.0,0,0,0,0.0,0,,,,,,,,,,,,,,,,,,,,,,,,,,,,
netherlands,Eredivisie,2025,Mylo van der Lans,18.0,D,Netherlands,181.0,,0,0,0.0,0.0,0.0,0.0,0.0,0,0,0,0.0,0,,,,,,,,,,,,,,,,,,,,,,,,,,,,
netherlands,Eredivisie,2025,Myron Boadu,24.0,F,Netherlands,183.0,67.0,13,2,323.0,3.0,0.0,0.0,0.0,0,0,0,0.0,0,0.2786377708978328,3.343653250773994,1.671826625386997,0.8359133126934984,0.0,0.8359133126934984,0.8359133126934984,15.325077399380804,0.8359133126934984,0.8359133126934984,0.0,0.0,0.8359133126934984,10.588235294117647,4.458204334365325,1.9504643962848298,1.1145510835913313,0.5572755417956656,1.1145510835913313,1.3931888544891642,0.0,0.0,0.0,5.0,50.0,42.10526315789473,57.14285714285714,6.664353312302839
netherlands,Eredivisie,2025,Myron Mau-Asam,21.0,M,Netherlands,170.0,60.0,1,0,9.0,0.0,0.0,0.0,0.0,0,0,0,0.0,0,0.0,0.0,0.0,0.0,0.0,0.0,0.0,20.0,0.0,0.0,0.0,0.0,0.0,20.0,0.0,0.0,0.0,0.0,0.0,10.0,0.0,0.0,0.0,2.0,,0.0,,6.3
netherlands,Eredivisie,2025,Naci Ünüvar,22.0,F,Türkiye,168.0,64.0,18,9,838.0,2.0,1.0,0.0,0.0,0,0,3,0.0,0,0.21479713603818618,0.9665871121718377,0.5369928400954653,0.21479713603818618,0.10739856801909309,0.32219570405727926,0.21479713603818618,23.412887828162294,1.39618138424821,2.4701670644391407,0.10739856801909309,0.42959427207637235,2.8997613365155135,12.028639618138424,5.58472553699284,3.6515513126491648,1.6109785202863962,0.7517899761336515,1.0739856801909307,1.7183770883054894,0.32219570405727926,0.0,0.0,12.119266055045872,55.55555555555556,46.42857142857143,44.11764705882353,6.817780429594272
netherlands,Eredivisie,2025,Nando Verdoni,22.0,G,Netherlands,189.0,,0,0,0.0,0.0,0.0,0.0,0.0,0,0,0,0.0,0,,,,,,,,,,,,,,,,,,,,,,,,,,,,
netherlands,Eredivisie,2025,Neal Viereck,21.0,D,Netherlands,195.0,78.0,0,0,0.0,0.0,0.0,0.0,0.0,0,0,0,0.0,0,,,,,,,,,,,,,,,,,,,,,,,,,,,,
netherlands,Eredivisie,2025,Neraysho Kasanwirjo,23.0,D,Netherlands,185.0,68.0,16,14,1320.0,0.0,2.0,0.0,0.0,0,0,1,0.0,0,0.0,0.40909090909090906,0.06818181818181818,0.0,0.13636363636363635,0.13636363636363635,0.0,43.90909090909091,0.4772727272727273,1.1590909090909092,0.4772727272727273,1.5,2.659090909090909,7.159090909090909,4.159090909090909,0.9545454545454546,0.75,0.8181818181818181,1.1590909090909092,0.6818181818181819,0.06818181818181818,0.0,0.0,38.13354037267081,16.666666666666664,58.0952380952381,78.57142857142857,6.555227272727272
netherlands,Eredivisie,2025,Nesto Groen,21.0,F,Netherlands,185.0,76.0,1,0,18.0,0.0,0.0,0.0,0.0,0,0,0,0.0,0,0.0,0.0,0.0,0.0,0.0,0.0,0.0,20.0,0.0,0.0,0.0,0.0,0.0,20.0,0.0,0.0,0.0,0.0,0.0,5.0,0.0,0.0,0.0,2.0,,0.0,,6.2
netherlands,Eredivisie,2025,Neville Nwankwo,27.0,D,Netherlands,181.0,,28,26,2166.0,0.0,1.0,0.0,1.0,0,0,3,0.0,0,0.08310249307479224,0.37396121883656513,0.08310249307479224,0.0,0.04155124653739612,0.04155124653739612,0.0,34.07202216066482,0.20775623268698062,1.6204986149584488,0.33240997229916897,1.4542936288088641,3.074792243767313,9.058171745152354,4.404432132963989,0.5817174515235457,0.33240997229916897,0.706371191135734,0.41551246537396125,1.080332409972299,0.12465373961218837,0.0,0.0,29.207570207570207,22.22222222222222,48.62385321100918,57.14285714285714,6.490720221606648
netherlands,Eredivisie,2025,Nick Dobben,17.0,G,Netherlands,,,0,0,0.0,0.0,0.0,0.0,0.0,0,0,0,0.0,0,,,,,,,,,,,,,,,,,,,,,,,,,,,,
netherlands,Eredivisie,2025,Nick Fichtinger,21.0,M,Netherlands,,,20,5,762.0,0.0,1.0,0.0,1.0,0,0,5,0.0,1,0.0,0.5905511811023622,0.23622047244094488,0.0,0.11811023622047244,0.11811023622047244,0.0,33.661417322834644,0.3543307086614173,4.84251968503937,0.9448818897637795,2.2440944881889764,7.086614173228346,14.409448818897639,8.503937007874015,0.5905511811023622,0.23622047244094488,1.2992125984251968,0.9448818897637795,1.6535433070866141,0.5905511811023622,0.0,0.11811023622047244,15.764084507042254,40.0,59.01639344262295,40.0,6.6586070959264125
netherlands,Eredivisie,2025,Nick Marsman,35.0,G,Netherlands,188.0,88.0,0,0,0.0,0.0,0.0,0.0,0.0,0,0,0,0.0,0,,,,,,,,,,,,,,,,,,,,,,,,,,,,
netherlands,Eredivisie,2025,Nick Olij,30.0,G,Netherlands,188.0,79.0,1,1,90.0,0.0,0.0,0.0,0.0,0,0,0,0.0,0,0.0,0.0,0.0,0.0,0.0,0.0,0.0,47.0,0.0,0.0,0.0,0.0,0.0,0.0,0.0,0.0,0.0,0.0,0.0,0.0,0.0,0.0,0.0,45.0,,,,7.6
netherlands,Eredivisie,2025,Nick Twisk,22.0,M,Netherlands,181.0,73.0,0,0,0.0,0.0,0.0,0.0,0.0,0,0,0,0.0,0,,,,,,,,,,,,,,,,,,,,,,,,,,,,
netherlands,Eredivisie,2025,Nick Verschuren,20.0,D,Netherlands,182.0,67.0,31,30,2682.0,0.0,1.0,0.0,1.0,0,0,7,0.0,0,0.0,0.33557046979865773,0.10067114093959731,0.0,0.03355704697986577,0.03355704697986577,0.0,44.79865771812081,0.2348993288590604,0.9395973154362416,1.7785234899328861,1.3758389261744965,2.315436241610738,6.97986577181208,3.8255033557046985,0.2348993288590604,0.20134228187919462,0.2684563758389262,0.436241610738255,1.1409395973154361,0.2348993288590604,0.0,0.0,45.582022471910115,30.0,54.807692307692314,85.71428571428571,6.841365162252891
netherlands,Eredivisie,2025,Nick Viergever,36.0,D,Netherlands,183.0,78.0,27,17,1819.0,0.0,0.0,0.0,0.0,0,0,3,0.0,0,0.0,0.39582188015393077,0.049477735019241346,0.0,0.0,0.0,0.0,45.766904892798244,0.09895547003848269,0.9895547003848268,0.9400769653655855,1.1874656404617923,2.1770203408466187,5.788894997251237,3.166575041231446,0.09895547003848269,0.09895547003848269,0.2473886750962067,0.14843320505772403,0.7916437603078615,0.14843320505772403,0.0,0.0,42.997837837837835,12.5,54.700854700854705,100.0,6.729554210236654
netherlands,Eredivisie,2025,Nicolas Verkooijen,19.0,M,Belgium,180.0,,3,0,10.0,0.0,0.0,0.0,0.0,0,0,0,0.0,0,9.0,0.0,0.0,0.0,0.0,0.0,0.0,62.99999999999999,9.0,0.0,0.0,0.0,0.0,36.0,18.0,9.0,9.0,0.0,0.0,0.0,0.0,0.0,0.0,2.0,,50.0,100.0,6.6
netherlands,Eredivisie,2025,Niek Schiks,21.0,G,Netherlands,188.0,73.0,2,2,180.0,0.0,0.0,0.0,0.0,0,0,0,0.0,0,0.0,0.0,0.0,0.0,0.0,0.0,0.0,38.5,0.0,0.0,0.0,0.0,0.0,1.0,1.0,0.0,0.0,0.0,0.5,0.0,0.0,0.0,0.0,30.48051948051948,,100.0,,6.9
netherlands,Eredivisie,2025,Niels Martens,21.0,G,Netherlands,190.0,,0,0,0.0,0.0,0.0,0.0,0.0,0,0,0,0.0,0,,,,,,,,,,,,,,,,,,,,,,,,,,,,
netherlands,Eredivisie,2025,Nigel Groenewald,19.0,F,,,,1,0,8.0,0.0,0.0,0.0,0.0,0,0,0,0.0,0,0.0,0.0,0.0,0.0,0.0,0.0,0.0,33.75,0.0,22.5,0.0,0.0,22.5,33.75,22.5,0.0,0.0,0.0,0.0,11.25,0.0,0.0,0.0,3.0,,66.66666666666666,,6.6
netherlands,Eredivisie,2025,Nigel Ogidi Nwankwo,23.0,D,Netherlands,,,4,0,70.0,0.0,0.0,0.0,0.0,0,0,0,0.0,0,0.0,1.2857142857142856,0.0,0.0,0.0,0.0,0.0,28.285714285714285,3.857142857142857,2.571428571428571,1.2857142857142856,0.0,2.571428571428571,19.285714285714285,10.285714285714285,5.142857142857142,3.857142857142857,2.571428571428571,0.0,0.0,0.0,0.0,0.0,5.157894736842105,0.0,53.333333333333336,75.0,6.8428571428571425
netherlands,Eredivisie,2025,Niklas Vesterlund,26.0,D,Denmark,185.0,80.0,20,17,1468.0,1.0,2.0,0.0,0.0,0,0,2,0.0,0,0.0,0.42915531335149865,0.24523160762942778,0.061307901907356945,0.12261580381471389,0.18392370572207084,0.061307901907356945,29.243869209809265,0.5517711171662125,1.5940054495912808,0.18392370572207084,0.3065395095367847,1.9005449591280654,5.456403269754769,3.61716621253406,0.12261580381471389,0.0,0.3678474114441417,0.42915531335149865,0.5517711171662125,0.12261580381471389,0.0,0.0,23.32075471698113,57.14285714285714,66.29213483146067,0.0,6.701839237057221
netherlands,Eredivisie,2025,Nikolai Soyset Hopland,21.0,D,Norway,186.0,80.0,18,5,568.0,1.0,0.0,0.0,0.0,0,0,1,0.0,0,0.0,0.15845070422535212,0.15845070422535212,0.15845070422535212,0.0,0.15845070422535212,0.15845070422535212,56.09154929577464,0.31690140845070425,1.5845070422535212,0.0,1.1091549295774648,2.6936619718309855,8.873239436619718,4.595070422535211,0.15845070422535212,0.0,1.426056338028169,0.6338028169014085,0.7922535211267606,0.15845070422535212,0.0,0.0,50.38526912181303,100.0,51.78571428571429,0.0,6.794532627865961
netherlands,Eredivisie,2025,Nils Eggens,20.0,F,Netherlands,178.0,,3,0,28.0,0.0,0.0,1.0,0.0,0,0,0,0.0,0,0.0,0.0,0.0,0.0,0.0,0.0,0.0,22.5,0.0,0.0,0.0,0.0,0.0,12.857142857142856,6.428571428571428,0.0,0.0,0.0,3.214285714285714,0.0,0.0,0.0,0.0,2.6,,50.0,,6.621428571428571
netherlands,Eredivisie,2025,Nils Rossen,21.0,M,Netherlands,181.0,66.0,28,26,2330.0,3.0,1.0,0.0,1.0,0,0,0,0.0,0,0.03862660944206008,0.19313304721030042,0.15450643776824033,0.11587982832618027,0.03862660944206008,0.15450643776824033,0.11587982832618027,31.403433476394852,0.5407725321888412,1.1587982832618027,0.502145922746781,1.0429184549356223,2.201716738197425,5.793991416309012,3.0128755364806867,0.46351931330472107,0.23175965665236054,0.38626609442060084,1.0429184549356223,0.8497854077253219,0.0,0.0,0.0,26.464944649446494,80.0,52.0,50.0,6.9459227467811155
netherlands,Eredivisie,2025,Noa el Hamdaoui,,M,,,,1,0,17.0,0.0,0.0,0.0,0.0,0,0,0,0.0,0,0.0,0.0,0.0,0.0,0.0,0.0,0.0,21.176470588235293,0.0,0.0,0.0,0.0,0.0,10.588235294117647,0.0,0.0,0.0,0.0,0.0,5.294117647058823,0.0,0.0,0.0,4.0,,0.0,,6.3
netherlands,Eredivisie,2025,Noah Fernandez,19.0,M,Belgium,,,10,4,384.0,1.0,0.0,0.0,0.0,0,0,2,0.0,0,0.0,0.234375,0.234375,0.234375,0.0,0.234375,0.234375,46.640625,1.40625,3.28125,0.234375,0.703125,3.984375,12.1875,5.390625,3.046875,0.9375,1.40625,0.9375,2.109375,0.46875,0.0,0.0,32.13131313131313,100.0,44.230769230769226,30.76923076923077,6.889322916666667
netherlands,Eredivisie,2025,Noah Naujoks,23.0,M,Netherlands,183.0,75.0,31,29,2334.0,10.0,1.0,0.0,0.0,2,0,3,0.0,0,0.11568123393316194,2.005141388174807,0.9254498714652956,0.3856041131105399,0.038560411311053984,0.42416452442159386,0.30848329048843187,25.25706940874036,1.1568123393316196,2.005141388174807,0.2313624678663239,0.8097686375321337,2.814910025706941,13.496143958868894,5.899742930591259,1.7737789203084835,0.6940874035989717,1.2339331619537275,1.1568123393316196,1.8123393316195373,0.11568123393316194,0.0,0.0,17.26412213740458,46.15384615384615,43.714285714285715,39.130434782608695,6.8449014567266495
netherlands,Eredivisie,2025,Noah Ohio,22.0,F,Netherlands,185.0,76.0,2,0,39.0,0.0,0.0,0.0,0.0,0,0,0,0.0,0,0.0,0.0,0.0,0.0,0.0,0.0,0.0,25.384615384615383,0.0,0.0,0.0,0.0,0.0,0.0,0.0,0.0,0.0,0.0,0.0,0.0,0.0,0.0,0.0,6.909090909090909,,,,6.648717948717949
netherlands,Eredivisie,2025,Noam Emeran,23.0,F,France,179.0,67.0,4,0,45.0,0.0,0.0,0.0,0.0,0,0,0,0.0,0,0.0,0.0,0.0,0.0,0.0,0.0,0.0,44.0,0.0,4.0,0.0,2.0,6.0,16.0,8.0,4.0,2.0,0.0,2.0,0.0,0.0,0.0,0.0,4.909090909090909,,50.0,50.0,6.308888888888888
netherlands,Eredivisie,2025,Noe Lebreton,21.0,M,France,178.0,70.0,22,15,1432.0,5.0,4.0,1.0,0.0,0,0,4,0.0,0,0.12569832402234637,1.948324022346369,1.068435754189944,0.3142458100558659,0.25139664804469275,0.5656424581005587,0.3142458100558659,28.973463687150836,1.8854748603351954,2.2625698324022347,0.18854748603351956,0.6284916201117318,2.8910614525139664,15.460893854748603,6.976256983240223,2.388268156424581,1.38268156424581,1.1941340782122905,1.6340782122905029,1.6340782122905029,0.25139664804469275,0.0,0.0,21.746203904555315,54.83870967741935,45.1219512195122,57.89473684210527,7.046046186144157
netherlands,Eredivisie,2025,Nolan Martens,21.0,D,Belgium,180.0,,9,6,481.0,0.0,1.0,0.0,0.0,0,0,0,0.0,0,0.18711018711018712,0.18711018711018712,0.0,0.0,0.18711018711018712,0.18711018711018712,0.0,33.86694386694387,0.18711018711018712,2.2453222453222454,0.7484407484407485,0.9355509355509356,3.180873180873181,8.045738045738046,3.5550935550935554,1.30977130977131,0.37422037422037424,0.9355509355509356,0.0,0.5613305613305614,0.0,0.0,0.0,20.468926553672315,0.0,44.18604651162791,28.57142857142857,6.6010395010395015
netherlands,Eredivisie,2025,Nolhan Courtens,19.0,M,Belgium,,,5,0,52.0,0.0,0.0,0.0,0.0,0,0,1,0.0,0,0.0,0.0,0.0,0.0,0.0,0.0,0.0,38.07692307692307,3.4615384615384617,3.4615384615384617,1.7307692307692308,0.0,3.4615384615384617,13.846153846153847,5.1923076923076925,0.0,0.0,0.0,0.0,1.7307692307692308,1.7307692307692308,0.0,0.0,4.904761904761905,,37.5,,6.586274509803921
netherlands,Eredivisie,2025,Nordin Bakker,28.0,G,Netherlands,196.0,85.0,1,1,90.0,0.0,0.0,0.0,0.0,0,0,0,0.0,0,0.0,0.0,0.0,0.0,0.0,0.0,0.0,31.0,0.0,0.0,0.0,0.0,0.0,0.0,0.0,0.0,0.0,0.0,0.0,0.0,0.0,0.0,0.0,22.0,,,,5.7
netherlands,Eredivisie,2025,Nordin Bukala,20.0,M,Netherlands,168.0,60.0,25,21,1757.0,2.0,1.0,0.0,0.0,0,0,5,0.0,0,0.0,0.5122367672168469,0.25611838360842343,0.10244735344336939,0.051223676721684694,0.15367103016505407,0.10244735344336939,25.86795674445077,0.35856573705179284,2.919749573136027,0.40978941377347755,1.5367103016505408,4.456459874786568,9.93739328400683,5.4809334092202615,1.1781445645987478,0.665907797381901,1.0244735344336937,1.2293682413204325,1.331815594763802,0.25611838360842343,0.0,0.0,19.548707753479125,50.0,55.154639175257735,56.52173913043478,6.7434262948207175
netherlands,Eredivisie,2025,Nökkvi Þórisson,26.0,F,Iceland,188.0,,17,7,480.0,1.0,1.0,0.0,0.0,0,0,0,0.0,0,1.5,1.6875,1.5,0.1875,0.1875,0.375,0.1875,17.8125,1.125,0.75,0.0,0.0,0.75,13.687499999999998,4.5,1.6875,0.75,0.5625,0.75,2.625,0.0,0.0,0.0,7.202127659574468,88.88888888888889,32.87671232876712,44.44444444444444,6.5698113207547175
netherlands,Eredivisie,2025,Odysseus Velanas,27.0,M,Netherlands,180.0,70.0,13,7,639.0,2.0,1.0,0.0,0.0,0,0,0,0.0,0,0.0,0.9859154929577465,0.8450704225352113,0.28169014084507044,0.14084507042253522,0.4225352112676056,0.28169014084507044,30.0,1.8309859154929575,2.9577464788732395,0.0,0.28169014084507044,3.23943661971831,12.253521126760562,6.47887323943662,1.1267605633802817,0.5633802816901409,1.4084507042253522,2.3943661971830985,0.9859154929577465,0.0,0.0,0.0,18.70334928229665,85.71428571428571,52.87356321839081,50.0,6.900469483568075
netherlands,Eredivisie,2025,Ofosu Boakye,18.0,F,Netherlands,,,1,0,8.0,0.0,0.0,0.0,0.0,0,0,0,0.0,0,0.0,0.0,0.0,0.0,0.0,0.0,0.0,0.0,0.0,0.0,0.0,0.0,0.0,33.75,0.0,11.25,0.0,0.0,0.0,11.25,0.0,0.0,0.0,,,0.0,0.0,6.2
netherlands,Eredivisie,2025,Oleksandr Zinchenko,29.0,D,Ukraine,175.0,64.0,2,1,20.0,0.0,0.0,0.0,0.0,0,0,0,0.0,0,0.0,0.0,0.0,0.0,0.0,0.0,0.0,94.5,0.0,0.0,0.0,0.0,0.0,13.5,4.5,4.5,0.0,0.0,4.5,4.5,0.0,0.0,0.0,15.571428571428571,,33.33333333333333,0.0,7.0
netherlands,Eredivisie,2025,Oliver Braude,21.0,D,Norway,174.0,60.0,33,33,2909.0,0.0,4.0,0.0,0.0,0,0,7,0.0,0,0.12375386730835339,0.4640770024063252,0.12375386730835339,0.0,0.12375386730835339,0.12375386730835339,0.0,44.644207631488484,0.8353386043313854,2.134754211069096,0.4640770024063252,0.8662770711584736,3.00103128222757,10.85940185630801,6.033001031282227,1.0519078721210038,0.5568924028875902,0.8662770711584736,1.7016156754898593,1.4850464077002405,0.2165692677896184,0.0,0.0,36.503811503811505,26.666666666666668,55.55555555555556,52.94117647058824,6.830044688896527
netherlands,Eredivisie,2025,Oliver Edvardsen,26.0,F,Norway,175.0,65.0,18,6,661.0,0.0,1.0,1.0,0.0,0,0,3,0.0,0,0.0,0.2723146747352496,0.1361573373676248,0.0,0.1361573373676248,0.1361573373676248,0.0,32.541603630862326,1.2254160363086233,1.2254160363086233,0.0,0.5446293494704992,1.7700453857791227,12.526475037821482,5.854765506807866,1.2254160363086233,0.680786686838124,1.0892586989409985,2.4508320726172466,1.6338880484114977,0.4084720121028744,0.0,0.0,15.579831932773109,50.0,46.73913043478261,55.55555555555556,6.618608169440241
netherlands,Eredivisie,2025,Olivier Aertssen,21.0,D,Netherlands,183.0,76.0,28,19,1857.0,0.0,2.0,0.0,0.0,0,0,2,0.0,0,0.0,0.1938610662358643,0.048465266558966075,0.0,0.09693053311793215,0.09693053311793215,0.0,27.964458804523424,0.7269789983844911,2.7140549273021004,0.5815831987075929,1.4054927302100162,4.119547657512117,9.983844911147012,5.18578352180937,1.308562197092084,0.6785137318255251,0.9208400646203554,0.7754442649434572,1.1631663974151858,0.09693053311793215,0.0,0.0,18.225694444444443,25.0,51.94174757281553,51.85185185185185,6.5072697899838445
netherlands,Eredivisie,2025,Oscar Gloukh,21.0,M,Israel,171.0,68.0,29,16,1569.0,6.0,6.0,0.0,0.0,0,0,3,0.0,0,0.0,1.778202676864245,1.2619502868068835,0.3441682600382409,0.3441682600382409,0.6883365200764818,0.3441682600382409,45.88910133843213,1.6634799235181643,1.3193116634799236,0.0,0.1147227533460803,1.434034416826004,10.095602294455068,4.244741873804971,4.3021032504780115,1.950286806883365,0.7456978967495219,0.9751434034416825,0.2294455066921606,0.17208413001912046,0.0,0.0,29.29,70.96774193548387,42.04545454545455,45.33333333333333,7.054110898661568
netherlands,Eredivisie,2025,Oscar Pettersson,25.0,F,Sweden,178.0,74.0,5,1,157.0,0.0,1.0,0.0,0.0,0,0,0,0.0,0,0.5732484076433121,2.2929936305732483,1.1464968152866242,0.0,0.5732484076433121,0.5732484076433121,0.0,17.197452229299365,1.7197452229299361,0.0,0.0,1.1464968152866242,1.1464968152866242,4.012738853503184,0.0,1.1464968152866242,0.0,1.1464968152866242,0.0,1.1464968152866242,0.0,0.0,0.0,10.133333333333333,50.0,0.0,0.0,6.41656050955414
netherlands,Eredivisie,2025,Oskar Siira Sivertsen,21.0,F,Norway,177.0,72.0,14,2,341.0,0.0,1.0,0.0,0.0,0,0,2,0.0,1,0.0,1.5835777126099708,1.0557184750733137,0.0,0.26392961876832843,0.26392961876832843,0.0,26.12903225806452,1.0557184750733137,1.5835777126099708,0.0,0.26392961876832843,1.847507331378299,11.348973607038124,5.2785923753665696,2.375366568914956,1.847507331378299,1.0557184750733137,1.5835777126099708,1.0557184750733137,0.5278592375366569,0.0,0.26392961876832843,11.252525252525253,66.66666666666666,46.51162790697674,77.77777777777779,6.488823529411764
netherlands,Eredivisie,2025,Oskar Zawada,29.0,F,Poland,192.0,87.0,16,0,310.0,3.0,0.0,0.0,0.0,0,0,1,0.0,0,0.8709677419354839,4.935483870967742,1.7419354838709677,0.8709677419354839,0.0,0.8709677419354839,0.8709677419354839,25.258064516129032,0.8709677419354839,0.0,0.0,0.0,0.0,18.580645161290324,7.258064516129032,0.2903225806451613,0.2903225806451613,0.0,0.5806451612903226,2.903225806451613,0.2903225806451613,0.0,0.0,4.7,35.294117647058826,39.0625,100.0,6.628709677419355
netherlands,Eredivisie,2025,Oualid Agougil,20.0,D,Netherlands,,,6,0,113.0,0.0,0.0,0.0,0.0,0,0,1,0.0,0,0.0,0.0,0.0,0.0,0.0,0.0,0.0,58.93805309734513,2.3893805309734515,0.0,0.7964601769911505,0.0,0.0,10.353982300884956,3.185840707964602,0.7964601769911505,0.7964601769911505,0.0,0.7964601769911505,2.3893805309734515,0.7964601769911505,0.0,0.0,16.87837837837838,,30.76923076923077,100.0,6.533035714285715
netherlands,Eredivisie,2025,Oussama Targhalline,23.0,M,Morocco,186.0,70.0,25,21,1920.0,2.0,4.0,0.0,0.0,0,0,4,0.0,0,0.0,0.328125,0.140625,0.09375,0.1875,0.28125,0.09375,51.0,0.9843749999999999,3.046875,0.1875,1.9687499999999998,5.015625,10.640625,6.468749999999999,1.21875,0.84375,0.703125,1.3125,1.21875,0.1875,0.0,0.0,44.83455882352941,42.857142857142854,60.792951541850215,69.23076923076923,7.374322916666667
netherlands,Eredivisie,2025,Owen Johnson,20.0,F,Netherlands,,,4,0,39.0,0.0,0.0,0.0,0.0,0,0,0,0.0,0,0.0,0.0,0.0,0.0,0.0,0.0,0.0,13.846153846153847,0.0,0.0,0.0,0.0,0.0,23.076923076923073,6.923076923076923,0.0,0.0,2.3076923076923075,2.3076923076923075,2.3076923076923075,0.0,0.0,0.0,1.3333333333333333,,30.0,,6.361538461538462
netherlands,Eredivisie,2025,Owen Panneflek,19.0,F,Netherlands,177.0,,0,0,0.0,0.0,0.0,0.0,0.0,0,0,0,0.0,0,,,,,,,,,,,,,,,,,,,,,,,,,,,,
netherlands,Eredivisie,2025,Owen Wijndal,26.0,D,Netherlands,176.0,65.0,19,15,1356.0,1.0,0.0,0.0,1.0,0,0,3,0.0,0,0.0,0.39823008849557523,0.33185840707964603,0.0663716814159292,0.0,0.0663716814159292,0.0663716814159292,43.4070796460177,1.0619469026548671,1.4601769911504425,0.2654867256637168,1.1283185840707965,2.588495575221239,7.765486725663717,4.2477876106194685,0.8628318584070797,0.33185840707964603,0.5309734513274336,1.6592920353982301,1.1946902654867257,0.19911504424778761,0.0,0.0,36.77522935779817,83.33333333333334,54.700854700854705,38.46153846153847,6.755899705014749
netherlands,Eredivisie,2025,Ozan Kökçü,27.0,M,Azerbaijan,176.0,66.0,28,18,1584.0,1.0,2.0,0.0,0.0,0,0,2,0.0,0,0.11363636363636365,0.5681818181818181,0.17045454545454547,0.05681818181818182,0.11363636363636365,0.17045454545454547,0.05681818181818182,29.886363636363637,1.7613636363636365,0.7954545454545454,0.17045454545454547,0.6818181818181819,1.4772727272727275,5.454545454545455,2.8409090909090913,1.1363636363636362,0.4545454545454546,0.17045454545454547,1.0795454545454544,0.7386363636363638,0.11363636363636365,0.0,0.0,19.11787072243346,30.0,52.083333333333336,40.0,6.644318181818182
netherlands,Eredivisie,2025,Pascal Kuiper,21.0,G,Netherlands,194.0,87.0,0,0,0.0,0.0,0.0,0.0,0.0,0,0,0,0.0,0,,,,,,,,,,,,,,,,,,,,,,,,,,,,
netherlands,Eredivisie,2025,Patrick Brouwer,24.0,F,Netherlands,176.0,,30,28,2298.0,7.0,6.0,0.0,0.0,0,0,2,0.0,0,0.4699738903394256,1.6057441253263707,0.8616187989556136,0.27415143603133163,0.2349869451697128,0.5091383812010444,0.27415143603133163,21.89295039164491,1.3707571801566578,1.5274151436031334,0.1174934725848564,0.5874673629242819,2.1148825065274153,9.007832898172325,4.1122715404699735,1.4099216710182767,0.5483028720626633,0.9399477806788512,1.2532637075718016,0.9791122715404699,0.0783289817232376,0.0,0.0,14.889087656529517,53.65853658536586,45.65217391304348,38.88888888888889,7.00230635335074
netherlands,Eredivisie,2025,Patrick van Aanholt,35.0,D,Netherlands,176.0,74.0,13,8,694.0,1.0,3.0,0.0,0.0,0,0,2,0.0,0,0.0,0.7780979827089338,0.3890489913544669,0.12968299711815562,0.3890489913544669,0.5187319884726225,0.12968299711815562,36.570605187319885,1.5561959654178676,2.3342939481268012,0.7780979827089338,0.7780979827089338,3.1123919308357353,6.873198847262247,3.890489913544669,1.5561959654178676,1.037463976945245,1.4265129682997117,0.12968299711815562,0.5187319884726225,0.25936599423631124,0.0,0.0,25.28014184397163,50.0,56.60377358490566,66.66666666666666,6.971757925072046
netherlands,Eredivisie,2025,Paul Gladon,33.0,F,Netherlands,188.0,83.0,31,5,988.0,5.0,1.0,0.0,0.0,0,0,2,0.0,1,0.728744939271255,2.004048582995951,1.0020242914979756,0.45546558704453444,0.09109311740890688,0.5465587044534413,0.45546558704453444,21.04251012145749,1.0931174089068827,0.6376518218623481,0.09109311740890688,0.0,0.6376518218623481,21.04251012145749,9.746963562753036,0.3643724696356275,0.18218623481781376,0.5465587044534413,1.2753036437246963,3.188259109311741,0.18218623481781376,0.0,0.09109311740890688,6.662337662337662,50.0,46.320346320346324,50.0,6.598682877406281
netherlands,Eredivisie,2025,Paul Reverson,20.0,G,Netherlands,194.0,,0,0,0.0,0.0,0.0,0.0,0.0,0,0,0,0.0,0,,,,,,,,,,,,,,,,,,,,,,,,,,,,
netherlands,Eredivisie,2025,Paul Wanner,20.0,M,Austria,185.0,72.0,22,19,1649.0,3.0,3.0,0.0,0.0,0,0,5,0.0,0,0.0,1.4736203759854458,0.7640994542146755,0.1637355973317162,0.1637355973317162,0.3274711946634324,0.1637355973317162,46.828380836870835,1.3098847786537295,2.4014554275318374,0.1091570648878108,0.2183141297756216,2.619769557307459,9.332929047907824,5.075803517283202,1.5827774408732564,0.9824135839902971,0.1637355973317162,1.1461491813220133,1.2007277137659187,0.272892662219527,0.0,0.0,41.07692307692308,51.85185185185185,54.385964912280706,62.06896551724138,7.068829593693147
netherlands,Eredivisie,2025,Paweł Bochniewicz,29.0,D,Poland,194.0,79.0,1,0,10.0,0.0,0.0,0.0,0.0,0,0,0,0.0,0,0.0,0.0,0.0,0.0,0.0,0.0,0.0,9.0,0.0,0.0,0.0,0.0,0.0,9.0,0.0,0.0,0.0,0.0,0.0,0.0,0.0,0.0,0.0,,,0.0,,6.3
netherlands,Eredivisie,2025,Peer Koopmeiners,25.0,M,Netherlands,186.0,79.0,29,24,2140.0,2.0,0.0,0.0,0.0,0,0,5,0.0,0,0.0,0.8831775700934579,0.37850467289719625,0.08411214953271029,0.0,0.08411214953271029,0.08411214953271029,42.9392523364486,1.1355140186915889,3.2383177570093458,0.46261682242990654,0.9672897196261683,4.205607476635514,11.69158878504673,5.719626168224299,0.7990654205607477,0.2523364485981308,1.177570093457944,0.2523364485981308,1.5981308411214954,0.2102803738317757,0.0,0.0,34.1332027424094,42.857142857142854,48.92086330935252,31.57894736842105,6.884626168224299
netherlands,Eredivisie,2025,Pelle Clement,29.0,M,Netherlands,177.0,70.0,26,18,1613.0,2.0,3.0,0.0,0.0,0,0,2,0.0,0,0.0,0.5579665220086795,0.27898326100433973,0.11159330440173588,0.16738995660260383,0.27898326100433973,0.11159330440173588,36.2120272783633,0.6695598264104153,1.6738995660260383,0.44637321760694354,0.7253564786112833,2.3992560446373217,8.7042777433354,4.017358958462492,0.8369497830130191,0.44637321760694354,1.4507129572225665,0.8369497830130191,1.060136391816491,0.11159330440173588,0.0,0.0,28.391371340523882,50.0,46.15384615384615,53.333333333333336,6.776999380037197
netherlands,Eredivisie,2025,Pepijn Reulen,17.0,F,Netherlands,,,16,2,322.0,1.0,0.0,0.0,0.0,0,0,1,0.0,0,0.8385093167701864,1.6770186335403727,0.8385093167701864,0.2795031055900621,0.0,0.2795031055900621,0.2795031055900621,13.975155279503104,1.3975155279503106,1.6770186335403727,0.0,0.0,1.6770186335403727,10.900621118012422,3.6335403726708075,1.1180124223602483,0.8385093167701864,0.5590062111801242,0.0,1.6770186335403727,0.2795031055900621,0.0,0.0,4.54,50.0,33.33333333333333,75.0,6.394080996884735
netherlands,Eredivisie,2025,Per Kloosterboer,20.0,D,Netherlands,184.0,72.0,0,0,0.0,0.0,0.0,0.0,0.0,0,0,0,0.0,0,,,,,,,,,,,,,,,,,,,,,,,,,,,,
netherlands,Eredivisie,2025,Pharrel Nash,17.0,F,,,,1,0,8.0,0.0,0.0,0.0,0.0,0,0,0,0.0,0,0.0,0.0,0.0,0.0,0.0,0.0,0.0,33.75,0.0,0.0,0.0,0.0,0.0,11.25,11.25,0.0,0.0,0.0,0.0,0.0,0.0,0.0,0.0,2.0,,100.0,,6.7
netherlands,Eredivisie,2025,Philip Brittijn,21.0,M,Netherlands,182.0,74.0,32,28,2415.0,4.0,1.0,0.0,0.0,0,0,10,0.0,0,0.07453416149068323,0.3354037267080745,0.2236024844720497,0.14906832298136646,0.037267080745341616,0.1863354037267081,0.14906832298136646,31.37888198757764,0.48447204968944096,2.720496894409938,0.5217391304347826,1.6024844720496896,4.3229813664596275,9.20496894409938,4.770186335403727,0.48447204968944096,0.2236024844720497,1.0434782608695652,0.6335403726708075,1.6024844720496896,0.3726708074534162,0.0,0.0,25.18646080760095,66.66666666666666,51.821862348178136,46.15384615384615,6.926542443064181
netherlands,Eredivisie,2025,Philippe Sandler,28.0,D,Netherlands,190.0,82.0,25,23,1870.0,1.0,3.0,0.0,1.0,0,0,9,0.0,1,0.0,0.2887700534759358,0.1925133689839572,0.0481283422459893,0.1443850267379679,0.1925133689839572,0.0481283422459893,57.27272727272727,0.43315508021390375,0.7700534759358288,0.33689839572192515,0.9144385026737968,1.6844919786096255,8.711229946524064,4.13903743315508,0.48128342245989303,0.2887700534759358,0.33689839572192515,0.7219251336898397,1.5401069518716577,0.43315508021390375,0.0,0.0481283422459893,52.35126050420168,66.66666666666666,47.51381215469613,60.0,6.900909090909091
netherlands,Eredivisie,2025,Precious Ugwu,19.0,D,Netherlands,192.0,,29,24,2171.0,0.0,0.0,0.0,0.0,0,0,2,0.0,0,0.0,0.2487333026255182,0.08291110087517273,0.0,0.0,0.0,0.0,30.013818516812528,0.3316444035006909,2.4458774758175954,0.41455550437586364,0.3316444035006909,2.7775218793182863,9.57623215108245,4.5601105481345,1.1607554122524182,0.41455550437586364,1.119299861814832,0.787655458314141,1.2022109626900046,0.08291110087517273,0.0,0.0,25.48756906077348,33.33333333333333,47.61904761904761,35.714285714285715,6.52409972299169
netherlands,Eredivisie,2025,Przemysław Tytoń,38.0,G,Poland,195.0,88.0,3,3,270.0,0.0,0.0,0.0,0.0,0,0,0,0.0,0,0.0,0.0,0.0,0.0,0.0,0.0,0.0,28.666666666666668,0.0,0.0,0.0,0.0,0.0,0.33333333333333337,0.0,0.0,0.0,0.33333333333333337,0.0,0.0,0.0,0.0,0.0,20.453488372093023,,0.0,,6.7
netherlands,Eredivisie,2025,Quinten Timber,24.0,M,Netherlands,179.0,71.0,17,14,1316.0,2.0,4.0,0.0,0.0,1,0,1,0.0,0,0.13677811550151975,1.3677811550151977,0.547112462006079,0.13677811550151975,0.2735562310030395,0.41033434650455924,0.06838905775075987,38.161094224924014,1.9832826747720365,2.256838905775076,0.2735562310030395,1.162613981762918,3.419452887537994,8.206686930091186,4.513677811550152,1.7781155015197567,1.0258358662613982,0.41033434650455924,1.0258358662613982,1.0258358662613982,0.06838905775075987,0.0,0.0,30.677419354838708,40.0,55.00000000000001,57.692307692307686,6.930623100303952
netherlands,Eredivisie,2025,Rafik El Arguioui,20.0,M,Netherlands,178.0,74.0,2,0,55.0,0.0,0.0,0.0,0.0,0,0,1,0.0,0,0.0,0.0,0.0,0.0,0.0,0.0,0.0,49.090909090909086,0.0,0.0,0.0,0.0,0.0,14.727272727272727,8.181818181818182,3.2727272727272725,3.2727272727272725,0.0,3.2727272727272725,1.6363636363636362,1.6363636363636362,0.0,0.0,21.3,,55.55555555555556,100.0,7.154545454545453
netherlands,Eredivisie,2025,Raheem Sterling,31.0,F,England,172.0,69.0,8,5,421.0,0.0,1.0,0.0,0.0,0,0,1,0.0,0,0.4275534441805226,0.8551068883610452,0.6413301662707839,0.0,0.2137767220902613,0.2137767220902613,0.0,27.149643705463184,1.2826603325415677,1.0688836104513064,0.0,0.2137767220902613,1.2826603325415677,13.895486935866982,5.344418052256532,4.275534441805226,1.0688836104513064,0.4275534441805226,3.2066508313539193,2.137767220902613,0.2137767220902613,0.0,0.0,16.086614173228348,75.0,38.46153846153847,25.0,6.4897862232779095
netherlands,Eredivisie,2025,Ramiz Zerrouki,27.0,M,Algeria,183.0,76.0,32,32,2667.0,3.0,1.0,0.0,0.0,0,0,2,0.0,1,0.0,0.7424071991001124,0.26996625421822273,0.10123734533183353,0.03374578177727784,0.13498312710911137,0.10123734533183353,56.287964004499436,1.4848143982002249,2.1934758155230596,0.30371203599550056,1.282339707536558,3.4758155230596177,9.178852643419573,4.758155230596175,0.6074240719910011,0.4049493813273341,0.9111361079865017,0.7086614173228346,1.3835770528683915,0.06749156355455568,0.0,0.03374578177727784,47.564748201438846,36.36363636363637,51.83823529411765,66.66666666666666,7.234683164604425
netherlands,Eredivisie,2025,Raul Paula,21.0,M,Germany,177.0,79.0,21,7,724.0,2.0,2.0,0.0,0.0,0,0,2,0.0,0,0.0,1.6160220994475138,0.7458563535911602,0.24861878453038672,0.24861878453038672,0.49723756906077343,0.24861878453038672,33.06629834254144,1.8646408839779005,0.8701657458563535,0.0,0.24861878453038672,1.1187845303867403,13.549723756906078,5.718232044198896,3.1077348066298343,1.4917127071823204,0.9944751381215469,2.6104972375690605,1.2430939226519337,0.24861878453038672,0.0,0.0,16.13157894736842,46.15384615384615,42.201834862385326,48.0,6.677762430939226
netherlands,Eredivisie,2025,Rayane Bounida,19.0,F,Belgium,179.0,,22,9,828.0,1.0,5.0,0.0,0.0,0,0,4,0.0,0,0.0,1.9565217391304348,1.0869565217391304,0.10869565217391304,0.5434782608695652,0.6521739130434783,0.10869565217391304,43.47826086956522,3.4782608695652173,1.4130434782608696,0.32608695652173914,0.5434782608695652,1.9565217391304348,13.478260869565217,6.304347826086957,3.58695652173913,1.8478260869565217,1.3043478260869565,2.391304347826087,1.3043478260869565,0.43478260869565216,0.0,0.0,26.56,55.55555555555556,46.774193548387096,51.515151515151516,7.206479217603912
netherlands,Eredivisie,2025,Rayyan Koubini,,M,,,,0,0,0.0,0.0,0.0,0.0,0.0,0,0,0,0.0,0,,,,,,,,,,,,,,,,,,,,,,,,,,,,
netherlands,Eredivisie,2025,Raúl Moro,23.0,F,Spain,169.0,68.0,14,7,569.0,0.0,1.0,0.0,0.0,0,0,1,0.0,0,0.47451669595782076,1.265377855887522,0.7908611599297013,0.0,0.15817223198594024,0.15817223198594024,0.0,27.83831282952548,2.530755711775044,0.9490333919156415,0.0,0.632688927943761,1.5817223198594026,6.32688927943761,2.2144112478031635,3.163444639718805,0.7908611599297013,0.9490333919156415,0.3163444639718805,0.47451669595782076,0.15817223198594024,0.0,0.0,15.942857142857143,62.5,35.0,25.0,6.8044091710758385
netherlands,Eredivisie,2025,Remi van Ekeris,23.0,M,Netherlands,178.0,,1,0,9.0,0.0,0.0,0.0,0.0,0,0,0,0.0,0,0.0,0.0,0.0,0.0,0.0,0.0,0.0,70.0,0.0,0.0,0.0,0.0,0.0,0.0,0.0,0.0,0.0,0.0,0.0,0.0,0.0,0.0,0.0,5.0,,,,6.7
netherlands,Eredivisie,2025,Remko Pasveer,42.0,G,Netherlands,188.0,88.0,15,15,1350.0,0.0,0.0,0.0,0.0,0,0,0,0.0,0,0.0,0.0,0.0,0.0,0.0,0.0,0.0,38.8,0.06666666666666667,0.06666666666666667,0.0,0.06666666666666667,0.13333333333333333,0.4,0.26666666666666666,0.0,0.0,0.13333333333333333,0.13333333333333333,0.0,0.0,0.0,0.0,25.601374570446737,,66.66666666666666,,7.073333333333333
netherlands,Eredivisie,2025,Rhys Bozinovski,21.0,M,Australia,,,8,6,413.0,0.0,0.0,0.0,1.0,0,0,1,0.0,0,0.0,0.0,0.0,0.0,0.0,0.0,0.0,27.45762711864407,0.4358353510895884,1.7433414043583535,0.0,1.3075060532687652,3.0508474576271185,10.242130750605327,3.486682808716707,1.5254237288135593,0.2179176755447942,0.6537530266343826,0.6537530266343826,1.9612590799031475,0.2179176755447942,0.0,0.0,15.095238095238095,,34.04255319148936,14.285714285714285,6.373123486682808
netherlands,Eredivisie,2025,Ricardo Pepi,22.0,F,USA,185.0,73.0,26,16,1433.0,16.0,1.0,0.0,0.0,2,0,1,0.0,0,1.0048848569434752,2.8890439637124916,2.0097697138869504,1.0048848569434752,0.0628053035589672,1.0676901605024425,0.8792742498255408,18.59036985345429,1.0048848569434752,0.4396371249127704,0.1256106071179344,0.1256106071179344,0.5652477320307049,6.72016748080949,3.1402651779483604,1.4445219818562458,0.8792742498255408,0.1884159106769016,0.6908583391486391,0.6908583391486391,0.0628053035589672,0.0,0.0,11.986486486486486,69.56521739130434,46.728971962616825,60.86956521739131,7.187787857641312
netherlands,Eredivisie,2025,Richonell Margaret,25.0,F,Netherlands,191.0,71.0,22,13,1030.0,1.0,2.0,0.0,0.0,0,0,3,0.0,0,0.34951456310679613,0.8737864077669902,0.34951456310679613,0.08737864077669903,0.17475728155339806,0.2621359223300971,0.08737864077669903,21.145631067961165,0.6990291262135923,1.5728155339805825,0.0,0.6116504854368932,2.1844660194174756,16.16504854368932,5.330097087378641,5.330097087378641,1.8349514563106797,0.7864077669902912,1.3980582524271845,1.5728155339805825,0.2621359223300971,0.0,0.0,12.119834710743802,40.0,32.972972972972975,34.42622950819672,6.556990291262136
netherlands,Eredivisie,2025,Rick Meissen,23.0,D,Netherlands,190.0,89.0,33,28,2513.0,0.0,3.0,0.0,1.0,0,0,4,0.0,0,0.0,0.28651014723438123,0.17906884202148826,0.0,0.10744130521289295,0.10744130521289295,0.0,45.984878631118185,0.28651014723438123,1.146040588937525,0.8595304417031436,1.7190608834062873,2.865101472343812,5.873458018304816,3.3664942300039793,0.14325507361719061,0.07162753680859531,0.3939514524472742,0.5372065260644647,0.8953442101074414,0.14325507361719061,0.0,0.0,40.401869158878505,62.5,57.3170731707317,50.0,6.75033824114604
netherlands,Eredivisie,2025,Ricky van Wolfswinkel,36.0,F,Netherlands,186.0,70.0,31,18,1740.0,8.0,0.0,2.0,0.0,6,0,4,0.0,0,0.25862068965517243,1.5517241379310345,1.0344827586206897,0.41379310344827586,0.0,0.41379310344827586,0.10344827586206896,20.586206896551726,1.1379310344827587,1.2413793103448276,0.15517241379310345,0.5172413793103449,1.7586206896551724,12.36206896551724,5.379310344827586,0.8793103448275862,0.41379310344827586,0.8793103448275862,1.4482758620689655,2.1206896551724137,0.20689655172413793,0.0,0.0,12.907035175879397,66.66666666666666,43.51464435146444,47.05882352941176,6.825459770114942
netherlands,Eredivisie,2025,Rijk Janse,23.0,G,Netherlands,189.0,72.0,1,0,84.0,0.0,0.0,0.0,0.0,0,0,0,0.0,0,0.0,0.0,0.0,0.0,0.0,0.0,0.0,36.42857142857143,0.0,0.0,0.0,0.0,0.0,0.0,0.0,0.0,0.0,0.0,0.0,0.0,0.0,0.0,0.0,19.0,,,,6.299999999999999
netherlands,Eredivisie,2025,Rik Suur,18.0,G,,,,0,0,0.0,0.0,0.0,0.0,0.0,0,0,0,0.0,0,,,,,,,,,,,,,,,,,,,,,,,,,,,,
netherlands,Eredivisie,2025,Ringo Meerveld,23.0,M,Netherlands,177.0,74.0,31,30,2537.0,6.0,3.0,0.0,0.0,0,0,1,0.0,0,0.035474970437524636,1.3125739061884116,0.6740244383129681,0.21284982262514782,0.10642491131257391,0.3192747339377217,0.21284982262514782,30.68584942845881,1.3835238470634608,0.9223492313756405,0.0,0.3192747339377217,1.2416239653133623,7.946393378005519,4.008671659440283,2.9089475758770202,1.7027985810011825,0.3192747339377217,0.8868742609381158,0.49664958612534493,0.035474970437524636,0.0,0.0,24.84393063583815,51.35135135135135,50.44642857142857,58.536585365853654,6.931690973590856
netherlands,Eredivisie,2025,Rio Hillen,22.0,D,Netherlands,187.0,77.0,26,24,2005.0,0.0,1.0,0.0,1.0,0,0,9,0.0,1,0.0,0.8079800498753118,0.26932668329177056,0.0,0.04488778054862842,0.04488778054862842,0.0,50.768079800498754,0.26932668329177056,2.2443890274314215,0.7182044887780548,1.167082294264339,3.4114713216957604,10.234413965087281,6.284289276807979,0.628428927680798,0.314214463840399,0.4039900249376559,0.8079800498753118,1.256857855361596,0.4039900249376559,0.0,0.04488778054862842,46.028318584070796,33.33333333333333,61.40350877192983,50.0,6.8898254364089775
netherlands,Eredivisie,2025,Rio Robbemond,20.0,M,Netherlands,179.0,,1,1,70.0,0.0,0.0,0.0,0.0,0,0,1,0.0,0,0.0,0.0,0.0,0.0,0.0,0.0,0.0,36.0,1.2857142857142856,2.571428571428571,0.0,1.2857142857142856,3.857142857142857,16.714285714285715,5.142857142857142,5.142857142857142,2.571428571428571,5.142857142857142,0.0,2.571428571428571,1.2857142857142856,0.0,0.0,25.0,,30.76923076923077,50.0,6.3
netherlands,Eredivisie,2025,Rion Ichihara,20.0,D,Japan,185.0,78.0,2,1,94.0,0.0,0.0,0.0,0.0,0,0,0,0.0,0,0.0,1.9148936170212765,0.9574468085106382,0.0,0.0,0.0,0.0,49.787234042553195,0.0,0.0,1.9148936170212765,1.9148936170212765,1.9148936170212765,13.404255319148936,6.702127659574468,0.0,0.0,1.9148936170212765,1.9148936170212765,0.9574468085106382,0.0,0.0,0.0,32.92307692307692,50.0,50.0,,6.9
netherlands,Eredivisie,2025,Ro-Zangelo Daal,21.0,F,Netherlands,173.0,74.0,24,18,1357.0,1.0,0.0,0.0,0.0,0,0,1,0.0,0,0.06632277081798084,0.9948415622697125,0.5969049373618275,0.06632277081798084,0.0,0.06632277081798084,0.06632277081798084,29.778924097273396,1.8570375829034633,1.989683124539425,0.0,0.5305821665438467,2.520265291083272,11.407516580692704,6.3006632277081795,4.443625644804716,1.989683124539425,0.7295504789977892,2.122328666175387,0.5969049373618275,0.06632277081798084,0.0,0.0,18.77728285077951,60.0,55.23255813953488,44.776119402985074,7.124392041267502
netherlands,Eredivisie,2025,Robbin Weijenberg,21.0,M,Netherlands,,,2,0,46.0,0.0,0.0,0.0,0.0,0,0,0,0.0,0,0.0,0.0,0.0,0.0,0.0,0.0,0.0,31.304347826086957,0.0,1.9565217391304348,0.0,0.0,1.9565217391304348,13.695652173913045,5.869565217391304,3.9130434782608696,1.9565217391304348,1.9565217391304348,0.0,0.0,0.0,0.0,0.0,9.75,,42.857142857142854,50.0,6.5
netherlands,Eredivisie,2025,Rober González,24.0,M,Spain,173.0,62.0,3,1,87.0,0.0,0.0,0.0,0.0,0,0,0,0.0,0,0.0,0.0,0.0,0.0,0.0,0.0,0.0,22.758620689655174,1.0344827586206897,2.0689655172413794,0.0,0.0,2.0689655172413794,17.586206896551726,5.172413793103448,2.0689655172413794,0.0,2.0689655172413794,2.0689655172413794,2.0689655172413794,0.0,0.0,0.0,8.545454545454545,,29.411764705882355,0.0,6.387356321839081
netherlands,Eredivisie,2025,Robert Mühren,36.0,F,Netherlands,187.0,79.0,31,5,854.0,6.0,1.0,0.0,0.0,0,0,0,0.0,0,0.8430913348946136,2.3185011709601873,1.2646370023419204,0.6323185011709602,0.1053864168618267,0.7377049180327869,0.6323185011709602,13.805620608899298,1.4754098360655739,0.9484777517564402,0.4215456674473068,0.2107728337236534,1.1592505854800936,8.32552693208431,2.8454332552693207,0.7377049180327869,0.3161592505854801,0.7377049180327869,0.6323185011709602,0.8430913348946136,0.0,0.0,0.0,5.162790697674419,54.54545454545454,34.177215189873415,42.857142857142854,6.616744730679157
netherlands,Eredivisie,2025,Robin Bouw,19.0,D,Netherlands,182.0,64.0,0,0,0.0,0.0,0.0,0.0,0.0,0,0,0,0.0,0,,,,,,,,,,,,,,,,,,,,,,,,,,,,
netherlands,Eredivisie,2025,Robin Kelder,36.0,D,Kosovo,,,0,0,0.0,0.0,0.0,0.0,0.0,0,0,0,0.0,0,,,,,,,,,,,,,,,,,,,,,,,,,,,,
netherlands,Eredivisie,2025,Robin Mantel,25.0,G,Belgium,198.0,87.0,0,0,0.0,0.0,0.0,0.0,0.0,0,0,0,0.0,0,,,,,,,,,,,,,,,,,,,,,,,,,,,,
netherlands,Eredivisie,2025,Robin Pröpper,32.0,D,Netherlands,190.0,78.0,28,20,1723.0,0.0,0.0,0.0,1.0,0,0,6,0.0,0,0.0,0.9402205455600696,0.261172373766686,0.0,0.0,0.0,0.0,66.91236215902495,0.4701102727800348,1.7237376668601276,0.9402205455600696,0.9924550203134068,2.7161926871735345,10.185722576900755,5.79802669762043,0.261172373766686,0.1567034242600116,0.5745792222867092,0.8357515960533952,1.3580963435867672,0.3134068485200232,0.0,0.0,59.8489827856025,27.77777777777778,56.92307692307692,60.0,7.185905649388468
netherlands,Eredivisie,2025,Robin van Cruijsen,,M,,,,24,16,1367.0,4.0,3.0,0.0,0.0,0,0,5,0.0,0,0.0,0.6583760058522311,0.592538405267008,0.26335040234089246,0.19751280175566935,0.46086320409656184,0.26335040234089246,26.730065837600584,2.4359912216532553,1.0534016093635699,0.19751280175566935,0.5267008046817849,1.5801024140453548,6.188734455010973,1.8434528163862474,1.185076810534016,0.3950256035113387,1.0534016093635699,0.13167520117044623,0.7900512070226774,0.32918800292611555,0.0,0.0,16.879012345679012,90.0,29.78723404255319,33.33333333333333,6.84740307242136
netherlands,Eredivisie,2025,Robin van Duiven,19.0,F,Netherlands,,,0,0,0.0,0.0,0.0,0.0,0.0,0,0,0,0.0,0,,,,,,,,,,,,,,,,,,,,,,,,,,,,
netherlands,Eredivisie,2025,Rodney Kroeze,22.0,D,,,,1,0,17.0,0.0,0.0,0.0,0.0,0,0,1,0.0,0,0.0,5.294117647058823,0.0,0.0,0.0,0.0,0.0,100.58823529411765,0.0,10.588235294117647,0.0,0.0,10.588235294117647,26.47058823529412,10.588235294117647,0.0,0.0,5.294117647058823,0.0,10.588235294117647,5.294117647058823,0.0,0.0,17.0,0.0,40.0,,6.9
netherlands,Eredivisie,2025,Rojendro Oudsten,15.0,F,,,,8,0,115.0,0.0,0.0,0.0,0.0,0,0,1,0.0,0,0.0,0.782608695652174,0.782608695652174,0.0,0.0,0.0,0.0,32.869565217391305,0.782608695652174,6.260869565217392,0.0,0.782608695652174,7.043478260869565,13.304347826086957,7.826086956521739,1.565217391304348,0.782608695652174,0.0,0.0,0.782608695652174,0.782608695652174,0.0,0.0,6.0476190476190474,100.0,58.82352941176471,50.0,6.4125
netherlands,Eredivisie,2025,Rome Jayden Owusu-Oduro,21.0,G,Netherlands,189.0,82.0,23,23,2052.0,0.0,1.0,0.0,1.0,0,0,1,0.0,0,0.0,0.0,0.0,0.0,0.043859649122807015,0.043859649122807015,0.0,29.210526315789476,0.08771929824561403,0.0,0.0,0.0,0.0,0.5263157894736842,0.3070175438596491,0.08771929824561403,0.08771929824561403,0.043859649122807015,0.13157894736842105,0.043859649122807015,0.043859649122807015,0.0,0.0,18.605105105105107,,58.333333333333336,100.0,7.0394736842105265
netherlands,Eredivisie,2025,Ronald Koeman Jr,30.0,G,Netherlands,188.0,80.0,33,33,2959.0,1.0,0.0,0.0,0.0,1,0,3,0.0,0,0.0,0.03041568097330179,0.03041568097330179,0.03041568097330179,0.0,0.03041568097330179,0.0,42.21696519094289,0.0,0.03041568097330179,0.0,0.0,0.03041568097330179,0.42581953362622504,0.3649881716796215,0.06083136194660358,0.06083136194660358,0.0,0.15207840486650895,0.0,0.09124704291990537,0.0,0.0,28.788184438040346,100.0,85.71428571428571,100.0,7.55586346738763
netherlands,Eredivisie,2025,Roy Kortsmit,33.0,G,Netherlands,190.0,75.0,0,0,0.0,0.0,0.0,0.0,0.0,0,0,0,0.0,0,,,,,,,,,,,,,,,,,,,,,,,,,,,,
netherlands,Eredivisie,2025,Roy Steur,20.0,G,Netherlands,192.0,,3,2,209.0,0.0,0.0,0.0,0.0,0,0,0,0.0,0,0.0,0.0,0.0,0.0,0.0,0.0,0.0,47.79904306220096,0.0,0.0,0.0,0.0,0.0,0.43062200956937796,0.43062200956937796,0.0,0.0,0.0,0.0,0.0,0.0,0.0,0.0,15.26126126126126,,100.0,,5.90956937799043
netherlands,Eredivisie,2025,Ruben van Bommel,21.0,F,Netherlands,186.0,83.0,6,6,381.0,3.0,0.0,0.0,0.0,0,0,1,0.0,0,0.0,1.4173228346456692,1.4173228346456692,0.7086614173228346,0.0,0.7086614173228346,0.7086614173228346,34.25196850393701,1.889763779527559,2.3622047244094486,0.0,1.4173228346456692,3.779527559055118,13.46456692913386,6.850393700787402,4.015748031496063,1.6535433070866141,0.23622047244094488,0.7086614173228346,2.1259842519685037,0.23622047244094488,0.0,0.0,21.8,100.0,50.877192982456144,41.17647058823529,7.422834645669291
netherlands,Eredivisie,2025,Rui Mendes,26.0,F,Portugal,179.0,72.0,6,0,70.0,0.0,0.0,0.0,0.0,0,0,0,0.0,0,0.0,1.2857142857142856,1.2857142857142856,0.0,0.0,0.0,0.0,15.428571428571429,1.2857142857142856,1.2857142857142856,0.0,0.0,1.2857142857142856,12.857142857142856,2.571428571428571,2.571428571428571,0.0,1.2857142857142856,0.0,1.2857142857142856,0.0,0.0,0.0,2.0833333333333335,100.0,20.0,0.0,6.314705882352941
netherlands,Eredivisie,2025,Ruud Nijstad,17.0,D,Netherlands,188.0,,21,18,1675.0,1.0,1.0,0.0,0.0,0,0,0,0.0,0,0.0,0.5373134328358209,0.26865671641791045,0.05373134328358209,0.05373134328358209,0.10746268656716418,0.05373134328358209,56.31044776119403,0.26865671641791045,0.9134328358208955,0.48358208955223875,0.7522388059701491,1.6656716417910447,4.513432835820895,2.4716417910447763,0.0,0.0,0.0,0.16119402985074627,0.21492537313432836,0.0,0.0,0.0,47.93225190839695,50.0,54.761904761904766,,6.7883582089552235
netherlands,Eredivisie,2025,Ryan Flamingo,23.0,D,Netherlands,186.0,75.0,33,15,1683.0,3.0,1.0,0.0,0.0,0,0,4,0.0,0,0.0,0.8021390374331551,0.32085561497326204,0.16042780748663102,0.05347593582887701,0.21390374331550804,0.16042780748663102,68.34224598930481,0.37433155080213903,1.4973262032085561,1.0160427807486632,1.1764705882352942,2.6737967914438503,10.0,6.096256684491978,0.4278074866310161,0.16042780748663102,0.5347593582887701,0.5347593582887701,1.1764705882352942,0.21390374331550804,0.0,0.0,60.40219092331768,40.0,60.962566844919785,37.5,7.08134284016637
netherlands,Eredivisie,2025,Ryan Fosso,23.0,M,Switzerland,183.0,70.0,17,17,1512.0,0.0,1.0,0.0,0.0,0,0,4,0.0,0,0.0,0.47619047619047616,0.05952380952380952,0.0,0.05952380952380952,0.05952380952380952,0.0,41.19047619047619,0.5952380952380952,2.321428571428571,0.3571428571428571,1.5476190476190474,3.8690476190476186,8.452380952380953,4.583333333333333,0.7738095238095237,0.2976190476190476,0.7738095238095237,1.369047619047619,1.3095238095238095,0.23809523809523808,0.0,0.0,40.34104046242775,12.5,54.22535211267606,38.46153846153847,6.866335978835979
netherlands,Eredivisie,2025,Ryan Metu,17.0,F,,,,8,0,124.0,0.0,0.0,0.0,0.0,0,0,0,0.0,0,0.0,1.4516129032258065,0.7258064516129032,0.0,0.0,0.0,0.0,19.596774193548388,1.4516129032258065,1.4516129032258065,0.0,0.7258064516129032,2.1774193548387095,12.338709677419354,5.080645161290322,4.354838709677419,2.1774193548387095,0.7258064516129032,0.7258064516129032,0.7258064516129032,0.0,0.0,0.0,3.3846153846153846,50.0,41.17647058823529,50.0,6.590909090909091
netherlands,Eredivisie,2025,Ryan Thomas,31.0,M,New Zealand,176.0,61.0,27,27,2157.0,1.0,1.0,0.0,0.0,0,0,7,0.0,0,0.0,0.29207232267037553,0.08344923504867871,0.041724617524339355,0.041724617524339355,0.08344923504867871,0.041724617524339355,42.475660639777466,0.5841446453407511,2.5869262865090406,0.5424200278164116,2.0445062586926284,4.631432545201669,11.18219749652295,6.342141863699582,1.4186369958275384,0.8762169680111266,1.0848400556328233,1.4186369958275384,1.502086230876217,0.29207232267037553,0.0,0.0,33.915520628683694,28.57142857142857,56.71641791044776,61.76470588235294,7.1400092721372275
netherlands,Eredivisie,2025,Ryan van de Pavert,19.0,D,Netherlands,170.0,,0,0,0.0,0.0,0.0,0.0,0.0,0,0,0,0.0,0,,,,,,,,,,,,,,,,,,,,,,,,,,,,
netherlands,Eredivisie,2025,Sam Karssies,22.0,G,Netherlands,186.0,70.0,0,0,0.0,0.0,0.0,0.0,0.0,0,0,0,0.0,0,,,,,,,,,,,,,,,,,,,,,,,,,,,,
netherlands,Eredivisie,2025,Sam Kersten,27.0,D,Netherlands,191.0,79.0,32,28,2457.0,1.0,0.0,0.0,0.0,0,0,5,0.0,0,0.0,0.14652014652014653,0.10989010989010989,0.03663003663003663,0.0,0.03663003663003663,0.03663003663003663,50.952380952380956,0.3663003663003663,1.5384615384615385,0.5494505494505495,1.1355311355311355,2.673992673992674,6.556776556776557,3.772893772893773,0.21978021978021978,0.14652014652014653,0.29304029304029305,0.40293040293040294,0.9523809523809523,0.18315018315018314,0.0,0.0,47.76563623292595,75.0,57.54189944134078,66.66666666666666,6.754863654863655
netherlands,Eredivisie,2025,Sam Lammers,28.0,F,Netherlands,189.0,77.0,25,17,1556.0,6.0,7.0,2.0,0.0,2,0,0,0.0,0,0.17352185089974292,2.660668380462725,1.4460154241645244,0.34704370179948585,0.40488431876606684,0.7519280205655526,0.2313624678663239,25.392030848329046,1.7352185089974292,0.9254498714652956,0.05784061696658097,0.05784061696658097,0.9832904884318766,10.584832904884319,5.4370179948586115,1.3303341902313626,0.5784061696658098,0.2313624678663239,1.2724935732647815,1.0411311053984575,0.0,0.0,0.0,18.045871559633028,54.347826086956516,51.36612021857923,43.47826086956522,6.842609254498715
netherlands,Eredivisie,2025,Sam de Laat,19.0,M,,,,1,0,13.0,0.0,0.0,0.0,0.0,0,0,0,0.0,0,0.0,0.0,0.0,0.0,0.0,0.0,0.0,27.692307692307693,0.0,0.0,0.0,6.923076923076923,6.923076923076923,13.846153846153847,6.923076923076923,6.923076923076923,6.923076923076923,0.0,0.0,6.923076923076923,0.0,0.0,0.0,4.0,,50.0,100.0,6.700000000000001
netherlands,Eredivisie,2025,Sami Ouaissa,21.0,M,Netherlands,170.0,68.0,32,32,2644.0,6.0,6.0,1.0,0.0,0,0,5,0.0,1,0.1361573373676248,1.5658093797276853,0.7488653555219364,0.2042360060514372,0.2042360060514372,0.4084720121028744,0.2042360060514372,28.014372163388803,1.9402420574886534,1.1232980332829048,0.0340393343419062,0.4084720121028744,1.531770045385779,11.403177004538577,5.37821482602118,3.574130105900151,1.8040847201210288,0.8169440242057489,1.5658093797276853,1.3956127080181544,0.170196671709531,0.0,0.0340393343419062,23.75820170109356,47.82608695652174,47.16417910447761,50.476190476190474,7.05393343419062
netherlands,Eredivisie,2025,Samir Lagsir,22.0,F,Netherlands,180.0,73.0,2,0,29.0,0.0,0.0,0.0,0.0,0,0,0,0.0,0,0.0,0.0,0.0,0.0,0.0,0.0,0.0,34.137931034482754,0.0,0.0,0.0,0.0,0.0,18.620689655172413,9.310344827586206,12.413793103448276,6.206896551724138,0.0,0.0,0.0,0.0,0.0,0.0,8.272727272727273,,50.0,50.0,6.49655172413793
netherlands,Eredivisie,2025,Samuel Bastien,29.0,M,Congo DR,175.0,75.0,6,0,53.0,0.0,0.0,0.0,0.0,0,0,0,0.0,0,0.0,0.0,0.0,0.0,0.0,0.0,0.0,23.77358490566038,0.0,3.3962264150943393,0.0,0.0,3.3962264150943393,6.792452830188679,5.09433962264151,0.0,0.0,0.0,0.0,0.0,0.0,0.0,0.0,2.7142857142857144,,75.0,,6.5211538461538465
netherlands,Eredivisie,2025,Sava Arangel Čestić,24.0,D,Serbia,192.0,87.0,7,3,357.0,0.0,0.0,0.0,0.0,0,0,0,0.0,0,0.0,1.2605042016806722,0.5042016806722689,0.0,0.0,0.0,0.0,39.075630252100844,0.25210084033613445,1.2605042016806722,1.2605042016806722,0.5042016806722689,1.7647058823529411,7.815126050420168,3.2773109243697482,0.25210084033613445,0.25210084033613445,1.0084033613445378,0.5042016806722689,0.7563025210084033,0.0,0.0,0.0,27.63225806451613,40.0,41.935483870967744,100.0,6.398319327731092
netherlands,Eredivisie,2025,Sayfallah Ltaief,25.0,F,Tunisia,178.0,77.0,9,7,511.0,1.0,0.0,0.0,0.0,0,0,0,0.0,0,0.3522504892367906,1.4090019569471623,0.5283757338551859,0.1761252446183953,0.0,0.1761252446183953,0.1761252446183953,20.25440313111546,1.0567514677103718,2.1135029354207435,0.0,0.3522504892367906,2.4657534246575343,10.215264187866927,5.107632093933463,2.8180039138943247,1.2328767123287672,1.2328767123287672,1.4090019569471623,0.8806262230919765,0.0,0.0,0.0,12.6,37.5,50.0,43.75,6.781764705882353
netherlands,Eredivisie,2025,Saïd Bakari,31.0,D,Comoros,178.0,73.0,13,4,418.0,0.0,0.0,0.0,0.0,0,0,0,0.0,0,0.0,0.0,0.0,0.0,0.0,0.0,0.0,44.13875598086125,0.645933014354067,1.937799043062201,0.43062200956937796,2.15311004784689,4.090909090909091,9.043062200956937,5.167464114832536,1.507177033492823,0.645933014354067,1.076555023923445,0.645933014354067,0.43062200956937796,0.0,0.0,0.0,38.03414634146341,,57.14285714285714,42.857142857142854,6.4326923076923075
netherlands,Eredivisie,2025,Scott Calderwood,,M,,,,0,0,0.0,0.0,0.0,0.0,0.0,0,0,0,0.0,0,,,,,,,,,,,,,,,,,,,,,,,,,,,,
netherlands,Eredivisie,2025,Sean Steur,17.0,M,Netherlands,183.0,,21,15,1270.0,1.0,1.0,0.0,0.0,0,0,2,0.0,0,0.0,1.0629921259842519,0.6377952755905512,0.07086614173228346,0.07086614173228346,0.14173228346456693,0.07086614173228346,48.40157480314961,1.204724409448819,1.9133858267716535,0.07086614173228346,0.49606299212598426,2.409448818897638,6.874015748031496,3.8976377952755903,1.204724409448819,0.49606299212598426,0.7086614173228346,0.9921259842519685,0.5669291338582677,0.14173228346456693,0.0,0.0,33.85944363103953,60.0,56.70103092783505,41.17647058823529,7.075826771653543
netherlands,Eredivisie,2025,Sebastiaan Hagedoorn,21.0,F,Netherlands,,,8,0,110.0,0.0,0.0,0.0,0.0,0,0,0,0.0,0,0.8181818181818181,6.545454545454545,4.909090909090909,0.0,0.0,0.0,0.0,24.545454545454543,0.8181818181818181,1.6363636363636362,0.0,0.0,1.6363636363636362,20.454545454545453,12.272727272727272,3.2727272727272725,3.2727272727272725,0.0,0.8181818181818181,1.6363636363636362,0.0,0.0,0.0,3.5172413793103448,75.0,60.0,100.0,6.573394495412844
netherlands,Eredivisie,2025,Seiya Maikuma,28.0,D,Japan,179.0,69.0,7,1,155.0,0.0,0.0,0.0,0.0,0,0,0,0.0,0,0.0,0.0,0.0,0.0,0.0,0.0,0.0,36.58064516129032,1.7419354838709677,2.903225806451613,0.0,1.1612903225806452,4.064516129032258,15.67741935483871,8.129032258064516,0.5806451612903226,0.5806451612903226,1.7419354838709677,1.7419354838709677,3.4838709677419355,0.0,0.0,0.0,7.984126984126984,,51.85185185185185,100.0,6.758064516129032
netherlands,Eredivisie,2025,Sem Scheperman,23.0,M,Netherlands,188.0,80.0,16,13,1124.0,1.0,1.0,0.0,0.0,0,0,4,0.0,1,0.0,1.1209964412811388,0.5604982206405694,0.08007117437722419,0.08007117437722419,0.16014234875444838,0.08007117437722419,32.58896797153025,0.40035587188612104,3.3629893238434163,1.4412811387900357,0.8807829181494662,4.2437722419928825,11.290035587188614,7.0462633451957295,0.32028469750889677,0.16014234875444838,0.9608540925266904,1.0409252669039146,1.281138790035587,0.32028469750889677,0.0,0.08007117437722419,29.975429975429975,50.0,62.4113475177305,50.0,6.990658362989324
netherlands,Eredivisie,2025,Sem Steijn,24.0,M,Netherlands,173.0,61.0,21,12,1106.0,7.0,2.0,0.0,0.0,1,0,0,0.0,0,0.081374321880651,2.115732368896926,1.3833634719710668,0.569620253164557,0.162748643761302,0.732368896925859,0.488245931283906,26.283905967450274,2.603978300180832,0.650994575045208,0.0,0.081374321880651,0.732368896925859,4.719710669077758,1.8716094032549728,0.325497287522604,0.244122965641953,0.895117540687161,0.406871609403255,0.650994575045208,0.0,0.0,0.0,18.520123839009287,65.38461538461539,39.6551724137931,75.0,7.217150635208712
netherlands,Eredivisie,2025,Sem van Duijn,21.0,F,Netherlands,181.0,,14,12,1013.0,5.0,2.0,0.0,0.0,0,0,1,0.0,0,0.0,1.5992102665350443,0.7996051332675221,0.4442250740375123,0.17769002961500494,0.6219151036525173,0.4442250740375123,20.52319842053307,1.688055281342547,1.0661401776900297,0.08884501480750247,0.35538005923000987,1.4215202369200395,11.372161895360316,4.708785784797631,1.7769002961500493,0.7996051332675221,1.5103652517275419,0.2665350444225074,1.4215202369200395,0.08884501480750247,0.0,0.0,12.913419913419913,50.0,41.40625,45.0,7.126752221125371
netherlands,Eredivisie,2025,Sergiño Dest,25.0,D,USA,173.0,62.0,27,26,2204.0,1.0,5.0,1.0,1.0,0,0,5,0.0,0,0.04083484573502722,0.4900181488203267,0.20417422867513613,0.04083484573502722,0.20417422867513613,0.24500907441016334,0.04083484573502722,55.00453720508167,1.1433756805807622,2.082577132486388,0.24500907441016334,0.530852994555354,2.613430127041742,10.943738656987296,6.002722323049002,3.4301270417422867,1.6742286751361162,0.6533575317604355,1.47005444646098,0.6941923774954628,0.20417422867513613,0.0,0.0,47.901262063845586,41.66666666666667,54.850746268656714,48.80952380952381,7.07459165154265
netherlands,Eredivisie,2025,Shaqueel van Persie,19.0,F,,,,3,0,36.0,2.0,0.0,0.0,0.0,0,0,1,0.0,0,0.0,7.5,5.0,5.0,0.0,5.0,5.0,40.0,0.0,2.5,0.0,0.0,2.5,20.0,7.5,2.5,2.5,0.0,0.0,0.0,2.5,0.0,0.0,6.8125,66.66666666666666,37.5,100.0,8.282857142857143
netherlands,Eredivisie,2025,Shawn Adewoye,25.0,D,Belgium,181.0,81.0,28,24,2022.0,0.0,0.0,0.0,1.0,0,0,6,0.0,0,0.0,0.13353115727002968,0.08902077151335311,0.0,0.0,0.0,0.0,38.323442136498514,0.13353115727002968,1.9584569732937684,1.0237388724035608,1.5578635014836795,3.516320474777448,9.347181008902078,5.43026706231454,0.22255192878338276,0.13353115727002968,0.5341246290801187,0.890207715133531,1.6023738872403561,0.26706231454005935,0.0,0.0,33.494773519163765,66.66666666666666,58.0952380952381,60.0,6.69732805541811
netherlands,Eredivisie,2025,Sherel Floranus,27.0,D,Curaçao,181.0,74.0,32,32,2801.0,1.0,3.0,0.0,0.0,0,0,5,0.0,0,0.16065690824705464,0.19278828989646557,0.09639414494823279,0.03213138164941093,0.09639414494823279,0.1285255265976437,0.03213138164941093,37.56158514816137,0.44983934309175294,1.767225990717601,0.22491967154587647,1.6065690824705463,3.3737950731881474,7.486611924312745,3.6629775080328457,1.0924669760799715,0.5783648696893966,0.9960728311317387,0.44983934309175294,0.7390217779364513,0.16065690824705464,0.0,0.0,32.786142001710864,50.0,48.927038626609445,52.94117647058824,6.376401285255266
netherlands,Eredivisie,2025,Shola Shoretire,21.0,F,England,170.0,70.0,24,19,1657.0,5.0,1.0,0.0,0.0,0,0,4,0.0,0,0.10863005431502716,0.7604103802051901,0.43452021726010864,0.27157513578756787,0.05431502715751358,0.32589016294508144,0.27157513578756787,25.79963789981895,0.8690404345202173,1.2492456246228123,0.16294508147254072,1.031985515992758,2.2812311406155703,9.939649969824986,4.1822570911285455,1.7380808690404346,0.8690404345202173,0.5974652987326493,1.7380808690404346,1.6294508147254074,0.21726010863005432,0.0,0.0,22.57263157894737,57.14285714285714,42.07650273224044,50.0,6.9117079058539534
netherlands,Eredivisie,2025,Shunsuke Mito,23.0,M,Japan,164.0,60.0,25,23,1871.0,7.0,3.0,1.0,0.0,0,0,0,0.0,0,0.5291288081239979,1.8278995189738105,0.8658471405665419,0.3367183324425441,0.14430785676109034,0.48102618920363444,0.3367183324425441,25.20577231427044,1.443078567610903,1.1544628540887227,0.04810261892036344,0.43292357028327094,1.5873864243719935,9.524318546231962,4.762159273115981,3.2228754676643505,1.3949759486905398,0.3848209513629075,1.635489043292357,0.5772314270443614,0.0,0.0,0.0,18.66412213740458,47.368421052631575,50.0,43.28358208955223,7.040513094601817
netherlands,Eredivisie,2025,Shurandy Sambo,24.0,D,Netherlands,174.0,65.0,25,18,1626.0,0.0,1.0,0.0,0.0,0,0,6,0.0,0,0.0,0.22140221402214022,0.055350553505535055,0.0,0.055350553505535055,0.055350553505535055,0.0,37.08487084870849,0.38745387453874536,2.1586715867158675,0.49815498154981547,1.1070110701107012,3.265682656826568,9.741697416974171,5.03690036900369,0.8856088560885609,0.33210332103321033,1.2177121771217714,0.44280442804428044,0.9963099630996309,0.33210332103321033,0.0,0.0,27.184131736526947,25.0,51.70454545454546,37.5,6.649261992619927
netherlands,Eredivisie,2025,Siebe Horemans,27.0,D,Belgium,186.0,68.0,29,20,1854.0,0.0,1.0,0.0,0.0,0,0,1,0.0,0,0.0,0.38834951456310673,0.14563106796116507,0.0,0.04854368932038834,0.04854368932038834,0.0,39.5631067961165,0.9708737864077671,1.8932038834951457,0.24271844660194178,1.2621359223300972,3.155339805825243,6.601941747572815,3.5436893203883497,0.5339805825242718,0.24271844660194178,1.0194174757281553,0.24271844660194178,0.5339805825242718,0.04854368932038834,0.0,0.0,33.224539877300614,37.5,53.67647058823529,45.45454545454545,6.71545945945946
netherlands,Eredivisie,2025,Sil Blokhuis,17.0,M,,,,2,0,10.0,0.0,0.0,0.0,0.0,0,0,0,0.0,0,0.0,0.0,0.0,0.0,0.0,0.0,0.0,27.0,9.0,0.0,0.0,0.0,0.0,0.0,0.0,0.0,0.0,0.0,0.0,0.0,0.0,0.0,0.0,2.0,,,,6.9
netherlands,Eredivisie,2025,Silvinho Esajas,23.0,D,Netherlands,193.0,80.0,3,1,74.0,0.0,0.0,0.0,0.0,0,0,0,0.0,0,0.0,2.4324324324324325,1.2162162162162162,0.0,0.0,0.0,0.0,32.83783783783784,0.0,0.0,2.4324324324324325,0.0,0.0,4.864864864864865,0.0,0.0,0.0,1.2162162162162162,0.0,1.2162162162162162,0.0,0.0,0.0,16.22222222222222,50.0,0.0,,6.632432432432433
netherlands,Eredivisie,2025,Simon Graves Jensen,26.0,D,Denmark,191.0,81.0,32,30,2681.0,0.0,2.0,0.0,0.0,0,0,5,0.0,0,0.03356956359567326,0.26855650876538606,0.03356956359567326,0.0,0.06713912719134651,0.06713912719134651,0.0,56.8668407310705,0.2349869451697128,0.9063782170831779,1.2756434166355837,1.0070869078701978,1.9134651249533754,7.51958224543081,4.1961954494591565,0.1678478179783663,0.1678478179783663,0.3021260723610593,0.6042521447221186,1.1749347258485638,0.1678478179783663,0.0,0.0,49.82231404958678,12.5,55.80357142857143,100.0,6.814248414770608
netherlands,Eredivisie,2025,Simon Janssen,25.0,D,Netherlands,179.0,72.0,13,5,517.0,0.0,1.0,0.0,0.0,0,0,0,0.0,0,0.3481624758220503,1.0444874274661509,0.8704061895551258,0.0,0.17408123791102514,0.17408123791102514,0.0,28.02707930367505,0.8704061895551258,1.3926499032882012,0.3481624758220503,1.0444874274661509,2.4371373307543522,6.789168278529981,3.133462282398453,0.5222437137330754,0.17408123791102514,1.0444874274661509,1.0444874274661509,0.6963249516441006,0.0,0.0,0.0,16.65625,83.33333333333334,46.15384615384615,33.33333333333333,6.509864603481625
netherlands,Eredivisie,2025,Sondre Ørjasæter,22.0,M,Norway,180.0,,30,28,2154.0,3.0,6.0,0.0,0.0,0,0,2,0.0,0,0.1671309192200557,1.6295264623955432,0.8356545961002785,0.12534818941504178,0.25069637883008355,0.3760445682451254,0.12534818941504178,29.12256267409471,2.5905292479108635,0.7103064066852367,0.08356545961002786,0.29247910863509746,1.0027855153203342,10.32033426183844,4.512534818941504,4.47075208913649,2.465181058495822,0.7520891364902508,0.7520891364902508,0.4596100278551532,0.08356545961002786,0.0,0.0,21.1506456241033,51.28205128205128,43.7246963562753,55.140186915887845,7.12875058058523
netherlands,Eredivisie,2025,Sontje Hansen,23.0,F,Netherlands,173.0,70.0,0,0,0.0,0.0,0.0,0.0,0.0,0,0,0,0.0,0,,,,,,,,,,,,,,,,,,,,,,,,,,,,
netherlands,Eredivisie,2025,Souffian El Karouani,25.0,D,Morocco,178.0,70.0,34,34,3049.0,3.0,12.0,0.0,0.0,0,0,3,0.0,0,0.059035749426041326,1.1216792390947852,0.531321744834372,0.08855362413906198,0.3542144965562479,0.44276812069530996,0.08855362413906198,36.45457527058052,3.12889471958019,2.538537225319777,0.20662512299114466,1.0036077402427024,3.5421449655624797,9.327648409314529,4.959002951787472,1.4168579862249917,0.4722859954083306,0.7674647425385371,1.3578222367989505,1.387340111511971,0.08855362413906198,0.0,0.0,31.94655870445344,47.368421052631575,53.16455696202531,33.33333333333333,7.292718924237455
netherlands,Eredivisie,2025,Soufiane Hetli,24.0,F,Netherlands,,,31,19,1618.0,3.0,1.0,0.0,0.0,0,1,1,0.0,0,0.4449938195302843,1.8912237330037085,0.7787391841779975,0.16687268232385663,0.055624227441285534,0.22249690976514214,0.16687268232385663,20.580964153275648,0.8899876390605685,1.2793572311495673,0.055624227441285534,0.33374536464771326,1.6131025957972804,12.181705809641533,4.783683559950556,3.6711990111248456,1.2237330037082819,0.6674907292954265,2.058096415327565,1.0568603213844252,0.055624227441285534,0.0,0.0,12.405405405405405,41.17647058823529,39.26940639269406,33.33333333333333,6.71640866873065
netherlands,Eredivisie,2025,Stan Henderikx,22.0,D,Netherlands,187.0,79.0,10,5,542.0,0.0,0.0,0.0,0.0,0,0,0,0.0,1,0.0,0.6642066420664207,0.49815498154981547,0.0,0.0,0.0,0.0,45.664206642066425,0.0,1.3284132841328413,0.33210332103321033,1.9926199261992619,3.321033210332103,6.309963099630996,3.6531365313653135,0.0,0.0,0.6642066420664207,0.6642066420664207,1.1623616236162362,0.0,0.0,0.16605166051660517,36.39272727272727,75.0,57.89473684210527,,6.45
netherlands,Eredivisie,2025,Stav Lemkin,22.0,D,Israel,190.0,84.0,25,23,2040.0,0.0,1.0,0.0,1.0,0,0,3,0.0,0,0.0,0.1764705882352941,0.0,0.0,0.044117647058823525,0.044117647058823525,0.0,56.8235294117647,0.2647058823529412,0.9264705882352942,0.7941176470588235,0.75,1.6764705882352942,6.044117647058823,3.0441176470588234,0.1764705882352941,0.08823529411764705,0.22058823529411764,0.39705882352941174,0.8382352941176471,0.1323529411764706,0.0,0.0,55.5194099378882,0.0,50.36496350364964,50.0,6.877058823529413
netherlands,Eredivisie,2025,Stefan Mitrović,23.0,F,Serbia,181.0,,9,2,256.0,0.0,0.0,0.0,0.0,0,0,0,0.0,0,0.0,1.0546875,0.703125,0.0,0.0,0.0,0.0,23.203125,1.40625,0.703125,0.0,0.703125,1.40625,12.3046875,4.921875,1.40625,1.0546875,0.3515625,2.109375,1.7578125,0.0,0.0,0.0,10.142857142857142,66.66666666666666,40.0,75.0,6.67421875
netherlands,Eredivisie,2025,Stefán Ingi Sigurðarson,24.0,F,Iceland,,,14,8,637.0,3.0,0.0,0.0,0.0,0,0,0,0.0,0,0.565149136577708,2.401883830455259,1.6954474097331238,0.42386185243328095,0.0,0.42386185243328095,0.42386185243328095,19.215070643642072,0.565149136577708,0.565149136577708,0.282574568288854,0.282574568288854,0.8477237048665619,15.117739403453688,7.06436420722135,1.6954474097331238,0.42386185243328095,0.282574568288854,1.2715855572998431,0.282574568288854,0.0,0.0,0.0,7.5,70.58823529411765,46.728971962616825,25.0,6.680188679245283
netherlands,Eredivisie,2025,Steven Benda,27.0,G,Germany,192.0,83.0,1,1,90.0,0.0,0.0,0.0,0.0,0,0,0,0.0,0,0.0,0.0,0.0,0.0,0.0,0.0,0.0,20.0,0.0,0.0,0.0,0.0,0.0,0.0,0.0,0.0,0.0,0.0,0.0,0.0,0.0,0.0,0.0,18.0,,,,6.6
netherlands,Eredivisie,2025,Steven Berghuis,34.0,F,Netherlands,182.0,75.0,21,16,1296.0,4.0,2.0,0.0,0.0,0,0,3,0.0,0,0.1388888888888889,2.4305555555555554,1.1805555555555556,0.2777777777777778,0.1388888888888889,0.41666666666666663,0.2777777777777778,55.208333333333336,2.7777777777777777,0.9722222222222222,0.1388888888888889,0.5555555555555556,1.5277777777777777,6.111111111111111,2.8472222222222223,1.5277777777777777,0.4861111111111111,0.20833333333333331,1.1111111111111112,0.625,0.20833333333333331,0.0,0.0,39.07924528301887,48.57142857142857,46.590909090909086,31.818181818181817,7.386033950617283
netherlands,Eredivisie,2025,Stije Resink,22.0,M,Netherlands,179.0,74.0,24,24,2095.0,5.0,5.0,0.0,1.0,3,0,5,0.0,0,0.0,1.5894988066825775,0.5155131264916468,0.21479713603818618,0.21479713603818618,0.42959427207637235,0.08591885441527447,49.618138424821005,0.8591885441527447,2.620525059665871,0.3866348448687351,1.0310262529832936,3.6515513126491648,12.24343675417661,6.916467780429595,3.007159904534606,1.5465393794749405,0.9880668257756563,1.288782816229117,1.0310262529832936,0.21479713603818618,0.0,0.0,44.134199134199136,32.432432432432435,56.49122807017544,51.42857142857142,7.251551312649164
netherlands,Eredivisie,2025,Stijn Middendorp,21.0,M,Netherlands,,,6,2,205.0,0.0,0.0,0.0,0.0,0,0,0,0.0,1,0.0,0.43902439024390244,0.0,0.0,0.0,0.0,0.0,24.585365853658537,0.0,2.1951219512195124,0.43902439024390244,1.3170731707317074,3.5121951219512195,7.902439024390244,4.829268292682927,1.7560975609756098,0.8780487804878049,0.8780487804878049,0.8780487804878049,0.0,0.0,0.0,0.43902439024390244,8.982142857142858,0.0,61.111111111111114,50.0,6.424390243902439
netherlands,Eredivisie,2025,Stijn Petiet,22.0,G,Netherlands,194.0,,0,0,0.0,0.0,0.0,0.0,0.0,0,0,0,0.0,0,,,,,,,,,,,,,,,,,,,,,,,,,,,,
netherlands,Eredivisie,2025,Stijn van Gassel,29.0,G,Netherlands,186.0,79.0,32,32,2820.0,0.0,1.0,0.0,0.0,0,0,0,0.0,0,0.0,0.0,0.0,0.0,0.03191489361702128,0.03191489361702128,0.0,46.34042553191489,0.09574468085106383,0.0,0.0,0.0,0.0,0.3191489361702128,0.25531914893617025,0.0,0.0,0.06382978723404256,0.12765957446808512,0.0,0.0,0.0,0.0,28.22382920110193,,80.0,,7.378723404255319
netherlands,Eredivisie,2025,Sven Bouland,19.0,D,Netherlands,184.0,,0,0,0.0,0.0,0.0,0.0,0.0,0,0,0,0.0,0,,,,,,,,,,,,,,,,,,,,,,,,,,,,
netherlands,Eredivisie,2025,Sven Jansen,21.0,G,Netherlands,192.0,80.0,0,0,0.0,0.0,0.0,0.0,0.0,0,0,0,0.0,0,,,,,,,,,,,,,,,,,,,,,,,,,,,,
netherlands,Eredivisie,2025,Sven Mijnans,25.0,M,Netherlands,190.0,70.0,30,27,2350.0,11.0,6.0,0.0,0.0,0,1,1,0.0,0,0.2297872340425532,2.2978723404255317,1.3787234042553191,0.4212765957446809,0.2297872340425532,0.6510638297872341,0.4212765957446809,42.242553191489364,2.068085106382979,1.2638297872340425,0.19148936170212766,0.6893617021276596,1.9531914893617022,8.004255319148935,3.5234042553191487,1.6085106382978724,0.727659574468085,0.8042553191489362,0.9574468085106382,0.5744680851063829,0.03829787234042553,0.0,0.0,33.85222121486854,60.0,44.01913875598086,45.23809523809524,7.206553191489363
netherlands,Eredivisie,2025,Syb van Ottele,23.0,D,Netherlands,185.0,80.0,15,9,901.0,0.0,0.0,0.0,1.0,0,0,2,0.0,0,0.0,0.5993340732519422,0.1997780244173141,0.0,0.0,0.0,0.0,44.450610432852386,0.7991120976692564,3.0965593784683687,0.6992230854605994,0.8990011098779135,3.995560488346282,11.48723640399556,6.792452830188679,0.6992230854605994,0.1997780244173141,0.9988901220865705,1.0987791342952276,1.0987791342952276,0.1997780244173141,0.0,0.0,34.3536036036036,33.33333333333333,59.130434782608695,28.57142857142857,6.93170189098999
netherlands,Eredivisie,2025,Sydney van Hooijdonk,25.0,F,Netherlands,190.0,81.0,18,15,1200.0,5.0,0.0,0.0,0.0,2,0,1,0.0,1,0.45,1.7249999999999999,0.75,0.375,0.0,0.375,0.225,20.4,0.75,0.9750000000000001,0.0,0.07500000000000001,1.05,12.450000000000001,6.825,1.05,0.45,0.0,2.025,1.275,0.07500000000000001,0.0,0.07500000000000001,12.522058823529411,43.47826086956522,54.81927710843374,42.857142857142854,6.8365833333333335
netherlands,Eredivisie,2025,Szymon Włodarczyk,22.0,F,Poland,192.0,77.0,23,9,764.0,3.0,1.0,0.0,0.0,0,1,1,0.0,0,0.23560209424083772,2.0026178010471205,1.1780104712041886,0.3534031413612565,0.11780104712041886,0.47120418848167545,0.3534031413612565,16.020942408376964,1.2958115183246073,0.47120418848167545,0.23560209424083772,0.0,0.47120418848167545,13.782722513089006,3.4162303664921465,0.706806282722513,0.3534031413612565,1.0602094240837696,0.47120418848167545,1.1780104712041886,0.11780104712041886,0.0,0.0,7.046511627906977,58.82352941176471,24.786324786324787,50.0,6.4204993429697765
netherlands,Eredivisie,2025,Sébastien Haller,31.0,F,Côte d'Ivoire,190.0,82.0,23,10,1047.0,1.0,3.0,0.0,0.0,0,0,1,0.0,0,0.3438395415472779,2.1489971346704873,0.8595988538681949,0.08595988538681948,0.25787965616045844,0.3438395415472779,0.08595988538681948,27.593123209169054,1.5472779369627507,0.8595988538681949,0.08595988538681948,0.5157593123209169,1.3753581661891117,16.67621776504298,9.025787965616045,0.8595988538681949,0.25787965616045844,0.5157593123209169,1.977077363896848,1.3753581661891117,0.08595988538681948,0.0,0.0,14.260188087774294,40.0,54.123711340206185,30.0,6.697224880382776
netherlands,Eredivisie,2025,Søren Tengstedt,25.0,M,Denmark,187.0,68.0,13,9,690.0,4.0,0.0,0.0,0.0,0,0,1,0.0,0,0.0,1.6956521739130437,0.9130434782608695,0.5217391304347826,0.0,0.5217391304347826,0.5217391304347826,21.65217391304348,1.1739130434782608,0.5217391304347826,0.13043478260869565,0.782608695652174,1.3043478260869565,8.08695652173913,3.782608695652174,2.608695652173913,1.565217391304348,0.6521739130434783,1.3043478260869565,0.391304347826087,0.13043478260869565,0.0,0.0,12.403614457831326,53.84615384615385,46.774193548387096,60.0,6.787971014492753
netherlands,Eredivisie,2025,Tai Abed Kassus,21.0,M,Israel,176.0,63.0,0,0,0.0,0.0,0.0,0.0,0.0,0,0,0,0.0,0,,,,,,,,,,,,,,,,,,,,,,,,,,,,
netherlands,Eredivisie,2025,Takehiro Tomiyasu,27.0,D,Japan,187.0,84.0,9,2,247.0,0.0,1.0,0.0,0.0,0,0,0,0.0,1,0.0,0.0,0.0,0.0,0.3643724696356275,0.3643724696356275,0.0,50.2834008097166,0.3643724696356275,1.45748987854251,0.0,2.5506072874493926,4.008097165991902,10.931174089068826,7.651821862348178,1.8218623481781377,0.728744939271255,0.3643724696356275,1.0931174089068827,0.728744939271255,0.0,0.0,0.3643724696356275,18.797101449275363,,70.0,40.0,6.797975708502024
netherlands,Eredivisie,2025,Tarik Hamamioglu,17.0,F,,,,2,0,22.0,0.0,0.0,0.0,0.0,0,0,0,0.0,0,0.0,4.090909090909091,0.0,0.0,0.0,0.0,0.0,8.181818181818182,0.0,0.0,0.0,0.0,0.0,16.363636363636363,0.0,4.090909090909091,0.0,0.0,0.0,0.0,0.0,0.0,0.0,1.0,0.0,0.0,0.0,6.3
netherlands,Eredivisie,2025,Taylor Booth,24.0,F,USA,173.0,66.0,10,4,370.0,0.0,0.0,0.0,0.0,0,0,2,0.0,0,0.0,0.972972972972973,0.4864864864864865,0.0,0.0,0.0,0.0,28.702702702702705,1.2162162162162162,2.9189189189189193,0.24324324324324326,0.24324324324324326,3.1621621621621623,14.837837837837839,5.594594594594595,2.9189189189189193,0.7297297297297298,0.7297297297297298,0.972972972972973,2.4324324324324325,0.4864864864864865,0.0,0.0,19.06779661016949,50.0,37.704918032786885,25.0,6.694594594594594
netherlands,Eredivisie,2025,Teo Quintero,26.0,D,Venezuela,190.0,85.0,31,27,2475.0,1.0,1.0,0.0,2.0,0,0,9,0.0,1,0.03636363636363636,0.6909090909090909,0.21818181818181817,0.03636363636363636,0.03636363636363636,0.07272727272727272,0.03636363636363636,42.836363636363636,0.5818181818181818,2.254545454545455,1.1272727272727274,1.2727272727272727,3.5272727272727273,10.218181818181817,5.8909090909090915,0.8,0.509090909090909,0.6181818181818182,0.6545454545454545,1.2727272727272727,0.32727272727272727,0.0,0.03636363636363636,39.011884550084886,31.57894736842105,57.65124555160143,63.63636363636363,6.897413096200485
netherlands,Eredivisie,2025,Terence Kongolo,31.0,D,Netherlands,188.0,70.0,5,1,189.0,0.0,0.0,0.0,0.0,0,0,0,0.0,0,0.0,0.0,0.0,0.0,0.0,0.0,0.0,27.619047619047617,0.0,2.380952380952381,0.0,0.47619047619047616,2.8571428571428568,10.952380952380953,8.095238095238095,0.47619047619047616,0.47619047619047616,0.47619047619047616,1.4285714285714284,0.47619047619047616,0.0,0.0,0.0,19.79310344827586,,73.91304347826086,100.0,6.342553191489362
netherlands,Eredivisie,2025,Thibo Baeten,23.0,F,Belgium,182.0,79.0,20,5,772.0,1.0,2.0,0.0,0.0,0,0,2,0.0,1,0.46632124352331605,1.3989637305699483,0.816062176165803,0.11658031088082901,0.23316062176165803,0.34974093264248707,0.11658031088082901,15.621761658031089,1.16580310880829,2.215025906735751,0.11658031088082901,0.34974093264248707,2.5647668393782386,16.43782383419689,6.062176165803109,3.1476683937823835,1.5155440414507773,1.3989637305699483,2.098445595854922,3.3808290155440415,0.23316062176165803,0.0,0.11658031088082901,9.015037593984962,58.333333333333336,36.87943262411347,48.148148148148145,6.542098445595855
netherlands,Eredivisie,2025,Thijmen Blokzijl,20.0,D,Netherlands,190.0,75.0,35,35,3142.0,1.0,1.0,0.0,0.0,0,0,4,0.0,0,0.0,0.11457670273711011,0.028644175684277528,0.028644175684277528,0.028644175684277528,0.057288351368555056,0.028644175684277528,57.288351368555055,0.25779758115849777,1.2316995544239338,0.8306810948440484,0.9452577975811586,2.176957352005092,7.791215786123488,3.9815404201145768,0.1718650541056652,0.0859325270528326,0.37237428389560784,0.37237428389560784,0.7161043921069382,0.11457670273711011,0.0,0.0,56.0495,25.0,51.10294117647059,50.0,6.953819223424571
netherlands,Eredivisie,2025,Thijs Kraaijeveld,18.0,M,Netherlands,,,15,8,759.0,0.0,0.0,0.0,0.0,0,0,2,0.0,0,0.0,0.47430830039525695,0.0,0.0,0.0,0.0,0.0,43.63636363636364,0.47430830039525695,2.015810276679842,0.5928853754940712,1.1857707509881423,3.2015810276679844,8.65612648221344,4.861660079051384,1.1857707509881423,0.11857707509881424,1.067193675889328,0.47430830039525695,0.8300395256916996,0.23715415019762848,0.0,0.0,31.668478260869566,0.0,56.16438356164384,10.0,6.997364953886693
netherlands,Eredivisie,2025,Thijs Oosting,25.0,M,Netherlands,176.0,71.0,34,34,2652.0,6.0,3.0,0.0,0.0,0,0,3,0.0,0,0.13574660633484165,1.4592760180995477,0.8484162895927602,0.20361990950226247,0.10180995475113123,0.3054298642533937,0.20361990950226247,28.50678733031674,0.9162895927601811,1.4592760180995477,0.16968325791855204,0.9841628959276018,2.4434389140271495,8.144796380090497,3.2579185520361995,0.9162895927601811,0.3054298642533937,1.595022624434389,0.7805429864253394,1.1538461538461537,0.10180995475113123,0.0,0.0,21.113095238095237,58.139534883720934,40.0,33.33333333333333,6.79766214177979
netherlands,Eredivisie,2025,Thom van Bergen,21.0,F,Netherlands,180.0,80.0,35,35,3014.0,9.0,4.0,1.0,0.0,0,0,3,0.0,0,0.656934306569343,2.209688122096881,1.1048440610484405,0.26874585268745854,0.11944260119442601,0.38818845388188455,0.26874585268745854,22.36562707365627,0.8659588586595885,1.2840079628400798,0.029860650298606503,0.14930325149303253,1.4333112143331124,15.945587259455872,6.330457863304579,2.3589913735899137,0.8958195089581952,0.8958195089581952,2.1201061712010616,1.5228931652289317,0.08958195089581952,0.0,0.0,16.858477970627504,50.0,39.70037453183521,37.9746835443038,6.793729263437292
netherlands,Eredivisie,2025,Thomas Bruns,33.0,M,Netherlands,177.0,69.0,27,12,1163.0,1.0,0.0,0.0,0.0,0,0,3,0.0,0,0.30954428202923473,1.0060189165950129,0.23215821152192606,0.07738607050730868,0.0,0.07738607050730868,0.07738607050730868,34.90111779879622,0.6190885640584695,2.476354256233878,0.23215821152192606,0.6190885640584695,3.095442820292347,11.22098022355976,4.8753224419604475,1.0060189165950129,0.30954428202923473,0.8512467755803955,1.3155631986242475,2.244196044711952,0.23215821152192606,0.0,0.0,16.01330376940133,23.076923076923077,43.44827586206896,30.76923076923077,6.521152192605331
netherlands,Eredivisie,2025,Thomas Buitink,25.0,F,Netherlands,174.0,71.0,8,0,134.0,0.0,0.0,0.0,0.0,0,0,1,0.0,0,0.0,1.3432835820895521,0.6716417910447761,0.0,0.0,0.0,0.0,14.776119402985074,0.6716417910447761,0.6716417910447761,0.0,0.0,0.6716417910447761,10.746268656716417,2.6865671641791042,2.014925373134328,0.6716417910447761,0.6716417910447761,0.6716417910447761,2.6865671641791042,0.6716417910447761,0.0,0.0,3.772727272727273,50.0,25.0,33.33333333333333,6.351492537313433
netherlands,Eredivisie,2025,Thomas Goos,,G,,,,0,0,0.0,0.0,0.0,0.0,0.0,0,0,0,0.0,0,,,,,,,,,,,,,,,,,,,,,,,,,,,,
netherlands,Eredivisie,2025,Thomas Ouwejan,29.0,D,Netherlands,178.0,72.0,6,6,444.0,1.0,2.0,0.0,0.0,0,0,0,0.0,0,0.20270270270270271,0.40540540540540543,0.20270270270270271,0.20270270270270271,0.40540540540540543,0.6081081081081081,0.20270270270270271,29.39189189189189,2.22972972972973,2.0270270270270268,0.6081081081081081,0.6081081081081081,2.635135135135135,7.094594594594595,4.256756756756757,0.0,0.0,0.20270270270270271,0.6081081081081081,0.40540540540540543,0.0,0.0,0.0,22.55862068965517,50.0,60.0,,7.200225225225226
netherlands,Eredivisie,2025,Thomas Van den Belt,24.0,M,Netherlands,181.0,67.0,32,27,2192.0,5.0,1.0,0.0,0.0,0,0,5,0.0,0,0.08211678832116788,1.6012773722627736,0.739051094890511,0.2052919708029197,0.04105839416058394,0.24635036496350365,0.2052919708029197,43.480839416058394,1.313868613138686,1.8065693430656935,0.24635036496350365,1.1906934306569343,2.997262773722628,8.868613138686133,4.311131386861313,0.9443430656934306,0.4105839416058394,0.8211678832116788,0.6158759124087592,1.0675182481751824,0.2052919708029197,0.0,0.0,29.87440982058546,46.15384615384615,48.61111111111111,43.47826086956522,6.859169708029197
netherlands,Eredivisie,2025,Tiago Codinha,20.0,M,Canada,,,2,0,14.0,0.0,0.0,0.0,0.0,0,0,0,0.0,0,0.0,0.0,0.0,0.0,0.0,0.0,0.0,25.71428571428571,0.0,0.0,0.0,6.428571428571428,6.428571428571428,19.285714285714285,0.0,0.0,0.0,0.0,0.0,6.428571428571428,0.0,0.0,0.0,4.0,,0.0,,6.299999999999999
netherlands,Eredivisie,2025,Tijmen Holla,19.0,G,Netherlands,,,1,0,60.0,0.0,0.0,0.0,1.0,0,0,0,0.0,0,0.0,0.0,0.0,0.0,0.0,0.0,0.0,60.0,1.5,0.0,0.0,0.0,0.0,1.5,0.0,0.0,0.0,0.0,0.0,1.5,0.0,0.0,0.0,25.0,,0.0,,6.5
netherlands,Eredivisie,2025,Tijn Peters,19.0,M,,,,0,0,0.0,0.0,0.0,0.0,0.0,0,0,0,0.0,0,,,,,,,,,,,,,,,,,,,,,,,,,,,,
netherlands,Eredivisie,2025,Tijn Smolenaars,20.0,G,Netherlands,197.0,80.0,0,0,0.0,0.0,0.0,0.0,0.0,0,0,0,0.0,0,,,,,,,,,,,,,,,,,,,,,,,,,,,,
netherlands,Eredivisie,2025,Tijs Velthuis,23.0,D,Netherlands,190.0,77.0,14,6,580.0,0.0,0.0,0.0,0.0,0,0,0,0.0,0,0.0,0.0,0.0,0.0,0.0,0.0,0.0,47.32758620689655,0.3103448275862069,0.7758620689655172,1.2413793103448276,1.2413793103448276,2.0172413793103448,5.120689655172414,2.793103448275862,0.0,0.0,0.0,0.0,0.9310344827586207,0.0,0.0,0.0,36.58688524590164,,54.54545454545454,,6.584055459272097
netherlands,Eredivisie,2025,Tika de Jonge,22.0,M,Netherlands,173.0,66.0,29,26,2146.0,3.0,1.0,0.0,0.0,0,0,3,0.0,0,0.04193849021435228,1.0065237651444547,0.3774464119291705,0.12581547064305684,0.04193849021435228,0.16775396085740912,0.12581547064305684,34.51537744641193,0.9226467847157503,2.096924510717614,0.16775396085740912,1.0065237651444547,3.103448275862069,7.926374650512581,3.6486486486486487,1.4259086672879777,0.6710158434296365,1.3000931966449207,0.293569431500466,0.754892823858341,0.12581547064305684,0.0,0.0,26.834750911300123,37.5,46.03174603174603,47.05882352941176,6.736999068033551
netherlands,Eredivisie,2025,Timo Jansink,22.0,G,Netherlands,197.0,82.0,15,15,1350.0,0.0,0.0,0.0,0.0,0,0,0,0.0,0,0.0,0.0,0.0,0.0,0.0,0.0,0.0,36.266666666666666,0.13333333333333333,0.0,0.0,0.0,0.0,0.33333333333333337,0.33333333333333337,0.0,0.0,0.0,0.13333333333333333,0.0,0.0,0.0,0.0,23.891544117647058,,100.0,,7.026666666666666
netherlands,Eredivisie,2025,Timo Schreuder,19.0,G,,,,0,0,0.0,0.0,0.0,0.0,0.0,0,0,0,0.0,0,,,,,,,,,,,,,,,,,,,,,,,,,,,,
netherlands,Eredivisie,2025,Timon Wellenreuther,30.0,G,Germany,188.0,80.0,33,33,2970.0,0.0,0.0,0.0,0.0,0,0,6,0.0,0,0.0,0.0,0.0,0.0,0.0,0.0,0.0,37.303030303030305,0.030303030303030304,0.0,0.0,0.0,0.0,0.7575757575757576,0.7272727272727273,0.030303030303030304,0.030303030303030304,0.0,0.4242424242424242,0.030303030303030304,0.18181818181818182,0.0,0.0,26.89926888708367,,96.0,100.0,7.03030303030303
netherlands,Eredivisie,2025,Tjaronn Chery,37.0,F,Suriname,170.0,68.0,33,33,2755.0,10.0,6.0,1.0,1.0,2,2,3,0.0,1,0.4246823956442831,2.352087114337568,1.47005444646098,0.32667876588021777,0.1960072595281307,0.5226860254083484,0.2613430127041742,36.19600725952813,1.9274047186932848,0.294010889292196,0.06533575317604355,0.1306715063520871,0.4246823956442831,4.573502722323049,1.9927404718693285,1.2413793103448276,0.6206896551724138,0.32667876588021777,0.9800362976406534,0.6206896551724138,0.09800362976406535,0.0,0.032667876588021776,31.681407942238266,62.5,43.57142857142857,50.0,6.995560407569141
netherlands,Eredivisie,2025,Tobias Lauritsen,28.0,F,Norway,196.0,85.0,34,34,3042.0,12.0,5.0,0.0,0.0,3,0,4,0.0,0,0.20710059171597633,1.7751479289940828,0.7988165680473372,0.3550295857988166,0.14792899408284024,0.5029585798816568,0.2662721893491124,21.745562130177515,1.4497041420118344,0.5621301775147929,0.0591715976331361,0.2366863905325444,0.7988165680473372,15.44378698224852,9.319526627218934,0.5621301775147929,0.2366863905325444,0.3254437869822485,1.6568047337278107,0.8579881656804734,0.1183431952662722,0.0,0.0,13.538775510204081,45.0,60.3448275862069,42.10526315789473,7.244937541091387
netherlands,Eredivisie,2025,Tobias van den Elshout,18.0,M,Netherlands,188.0,,11,4,387.0,0.0,1.0,0.0,0.0,0,0,0,0.0,0,0.0,1.6279069767441858,0.46511627906976744,0.0,0.23255813953488372,0.23255813953488372,0.0,20.697674418604652,0.6976744186046512,2.0930232558139537,0.0,0.46511627906976744,2.558139534883721,10.0,4.651162790697674,2.325581395348837,0.23255813953488372,0.46511627906976744,1.6279069767441858,1.1627906976744184,0.0,0.0,0.0,9.454545454545455,28.57142857142857,46.51162790697674,10.0,6.849870129870129
netherlands,Eredivisie,2025,Tom de Graaff,21.0,G,Netherlands,188.0,74.0,31,31,2790.0,0.0,0.0,0.0,0.0,0,0,0,0.0,0,0.0,0.0,0.0,0.0,0.0,0.0,0.0,32.645161290322584,0.06451612903225806,0.06451612903225806,0.0,0.03225806451612903,0.0967741935483871,0.6774193548387097,0.5483870967741936,0.0,0.0,0.06451612903225806,0.16129032258064516,0.0,0.0,0.0,0.0,19.120553359683793,,80.95238095238095,,6.82258064516129
netherlands,Eredivisie,2025,Travis Hernes,20.0,M,England,179.0,72.0,11,3,345.0,0.0,0.0,0.0,0.0,0,0,1,0.0,0,0.2608695652173913,1.3043478260869565,0.5217391304347826,0.0,0.0,0.0,0.0,26.347826086956523,0.782608695652174,0.782608695652174,0.0,1.3043478260869565,2.0869565217391304,9.652173913043478,4.695652173913043,3.3913043478260874,1.565217391304348,0.782608695652174,0.782608695652174,0.5217391304347826,0.2608695652173913,0.0,0.0,9.287128712871286,40.0,48.64864864864865,46.15384615384615,6.487426900584794
netherlands,Eredivisie,2025,Tristan Gooijer,21.0,D,Netherlands,185.0,80.0,23,17,1371.0,3.0,0.0,0.0,0.0,0,0,3,0.0,1,0.0,0.787746170678337,0.4595185995623633,0.19693654266958424,0.0,0.19693654266958424,0.19693654266958424,33.28227571115974,0.3938730853391685,2.4288840262582054,0.8533916849015317,0.787746170678337,3.2166301969365425,9.715536105032822,5.317286652078775,2.363238512035011,1.1159737417943107,0.4595185995623633,0.5251641137855579,1.2472647702407003,0.19693654266958424,0.0,0.06564551422319474,24.757396449704142,58.333333333333336,54.729729729729726,47.22222222222222,6.705689277899343
netherlands,Eredivisie,2025,Tristan Schenkhuizen,21.0,M,Netherlands,178.0,,4,1,111.0,0.0,0.0,0.0,0.0,0,0,0,0.0,0,0.0,0.8108108108108109,0.0,0.0,0.0,0.0,0.0,33.24324324324324,0.8108108108108109,0.8108108108108109,0.0,1.6216216216216217,2.4324324324324325,7.297297297297297,4.864864864864865,0.0,0.0,0.0,3.2432432432432434,0.8108108108108109,0.0,0.0,0.0,21.463414634146343,0.0,66.66666666666666,,6.3999999999999995
netherlands,Eredivisie,2025,Tristan van Gilst,22.0,F,Netherlands,178.0,74.0,28,13,1277.0,2.0,0.0,0.0,0.0,0,0,3,0.0,0,0.0,1.1981205951448708,0.49334377447141736,0.14095536413469067,0.0,0.14095536413469067,0.14095536413469067,17.4079874706343,0.7047768206734535,0.6342991386061081,0.21143304620203604,0.7047768206734535,1.3390759592795614,7.400156617071261,3.0305403288958495,1.5505090054815975,0.4228660924040721,0.21143304620203604,0.9866875489428347,0.6342991386061081,0.21143304620203604,0.0,0.0,10.91869918699187,41.17647058823529,40.95238095238095,27.27272727272727,6.537039937353171
netherlands,Eredivisie,2025,Troy Parrott,23.0,F,Republic of Ireland,185.0,78.0,28,25,2206.0,16.0,4.0,4.0,0.0,2,3,3,0.0,0,0.3263825929283771,2.8966455122393473,1.7543064369900274,0.6527651858567542,0.16319129646418856,0.8159564823209429,0.57116953762466,21.786038077969174,1.0199456029011786,0.8975521305530372,0.08159564823209428,0.20398912058023572,1.101541251133273,10.525838621940164,4.365367180417045,1.2647325475974616,0.6119673617407072,0.6119673617407072,1.2239347234814144,0.7343608340888486,0.12239347234814144,0.0,0.0,16.290262172284645,60.56338028169014,41.47286821705426,48.38709677419355,7.044378966455122
netherlands,Eredivisie,2025,Tsuyoshi Watanabe,28.0,D,Japan,184.0,76.0,30,30,2637.0,2.0,0.0,0.0,0.0,0,0,1,0.0,0,0.0,0.6484641638225256,0.341296928327645,0.06825938566552901,0.0,0.06825938566552901,0.06825938566552901,62.08191126279863,0.40955631399317405,1.1604095563139931,0.7508532423208191,0.9556313993174061,2.1160409556313993,8.532423208191126,5.221843003412969,0.40955631399317405,0.341296928327645,0.30716723549488056,0.5119453924914675,0.7508532423208191,0.034129692832764506,0.0,0.0,57.66355140186916,52.63157894736842,61.199999999999996,83.33333333333334,7.124725066363292
netherlands,Eredivisie,2025,Tygo Land,19.0,M,Netherlands,168.0,56.0,30,17,1616.0,3.0,1.0,0.0,1.0,0,0,5,0.0,1,0.0,0.5012376237623762,0.2784653465346535,0.16707920792079206,0.055693069306930694,0.22277227722772278,0.16707920792079206,50.903465346534645,1.3923267326732673,2.116336633663366,0.2784653465346535,1.0024752475247525,3.118811881188119,6.404702970297029,3.2301980198019797,0.8353960396039604,0.3341584158415841,0.8910891089108911,0.6683168316831682,0.7797029702970297,0.2784653465346535,0.0,0.055693069306930694,38.548140043763674,55.55555555555556,50.43478260869565,40.0,6.971163366336634
netherlands,Eredivisie,2025,Tyrese Noslin,23.0,M,Netherlands,182.0,,34,26,2306.0,2.0,3.0,0.0,1.0,0,0,4,0.0,0,0.15611448395490027,1.1318300086730269,0.6634865568083261,0.07805724197745013,0.1170858629661752,0.1951431049436253,0.07805724197745013,25.71986123156982,0.7025151777970512,2.419774501300954,0.4683434518647008,1.3660017346053772,3.785776235906331,11.279271465741543,5.659150043365134,2.458803122289679,0.7025151777970512,1.0147441457068516,1.873373807458803,1.3660017346053772,0.15611448395490027,0.0,0.0,17.024279210925645,58.620689655172406,50.17301038062284,28.57142857142857,6.901170858629662
netherlands,Eredivisie,2025,Tyrick Bodak,23.0,G,Curaçao,190.0,73.0,0,0,0.0,0.0,0.0,0.0,0.0,0,0,0,0.0,0,,,,,,,,,,,,,,,,,,,,,,,,,,,,
netherlands,Eredivisie,2025,Tyrique Mercera,22.0,D,Curaçao,187.0,74.0,22,7,874.0,0.0,1.0,0.0,0.0,0,0,3,0.0,0,0.0,0.20594965675057209,0.0,0.0,0.10297482837528604,0.10297482837528604,0.0,27.59725400457666,0.5148741418764302,2.5743707093821513,0.6178489702517163,0.8237986270022883,3.3981693363844396,12.871853546910756,5.97254004576659,0.6178489702517163,0.20594965675057209,0.41189931350114417,0.6178489702517163,1.8535469107551488,0.30892448512585813,0.0,0.0,16.902985074626866,0.0,46.400000000000006,33.33333333333333,6.516417910447761
netherlands,Eredivisie,2025,Tyrone Owusu,26.0,M,Netherlands,181.0,,22,20,1587.0,2.0,1.0,0.0,0.0,0,0,2,0.0,0,0.11342155009451796,1.0207939508506616,0.5671077504725898,0.11342155009451796,0.05671077504725898,0.17013232514177695,0.11342155009451796,36.18147448015123,0.7939508506616257,1.4744801512287333,0.2835538752362949,0.7372400756143667,2.2117202268431,9.810964083175802,4.310018903591682,2.665406427221172,1.2476370510396975,0.5671077504725898,1.0207939508506616,0.9073724007561437,0.11342155009451796,0.0,0.0,28.96708463949843,55.55555555555556,43.93063583815029,46.808510638297875,6.802332912988651
netherlands,Eredivisie,2025,Valentijn van der Velde,18.0,G,,,,0,0,0.0,0.0,0.0,0.0,0.0,0,0,0,0.0,0,,,,,,,,,,,,,,,,,,,,,,,,,,,,
netherlands,Eredivisie,2025,Vasilios Zagaritis,24.0,D,Greece,178.0,68.0,35,34,2906.0,2.0,3.0,0.0,0.0,0,0,4,0.0,0,0.0929112181693049,0.49552649690295936,0.1858224363386098,0.06194081211286992,0.0929112181693049,0.1548520302821748,0.06194081211286992,37.040605643496214,1.0529938059187887,1.8891947694425326,0.40261527873365455,1.4246386785960081,3.313833448038541,9.569855471438403,5.822436338609773,1.6104611149346182,0.8671713695801789,0.5264969029593943,0.9910529938059187,0.898141775636614,0.12388162422573984,0.0,0.0,32.198160535117054,37.5,60.84142394822006,53.84615384615385,6.871088904203997
netherlands,Eredivisie,2025,Vasilis Barkas,31.0,G,Greece,196.0,88.0,35,35,3141.0,0.0,0.0,0.0,0.0,0,0,1,0.0,0,0.0,0.0,0.0,0.0,0.0,0.0,0.0,34.068767908309454,0.0,0.02865329512893983,0.0,0.0,0.02865329512893983,0.5444126074498568,0.4871060171919771,0.02865329512893983,0.02865329512893983,0.05730659025787966,0.11461318051575932,0.0,0.02865329512893983,0.0,0.0,23.108494533221194,,89.47368421052632,100.0,7.198949379178606
netherlands,Eredivisie,2025,Victor Jensen,25.0,M,Denmark,175.0,65.0,8,7,547.0,5.0,0.0,0.0,0.0,0,0,1,0.0,0,0.16453382084095064,1.9744058500914077,1.3162705667276051,0.8226691042047533,0.0,0.8226691042047533,0.8226691042047533,24.351005484460696,1.1517367458866545,2.303473491773309,0.0,0.6581352833638026,2.9616087751371114,9.542961608775137,5.7586837294332724,0.6581352833638026,0.3290676416819013,0.8226691042047533,1.6453382084095065,0.9872029250457038,0.16453382084095064,0.0,0.0,17.68918918918919,66.66666666666666,60.3448275862069,50.0,7.492687385740402
netherlands,Eredivisie,2025,Victor Kaj Edvardsen,29.0,F,Sweden,185.0,74.0,26,22,1998.0,4.0,7.0,0.0,0.0,0,0,4,0.0,0,0.2702702702702703,0.945945945945946,0.5855855855855856,0.18018018018018017,0.3153153153153153,0.4954954954954955,0.18018018018018017,23.828828828828826,1.6216216216216217,0.6756756756756757,0.04504504504504504,0.04504504504504504,0.7207207207207207,5.900900900900901,1.891891891891892,1.2612612612612613,0.3153153153153153,0.2702702702702703,0.2702702702702703,0.7657657657657658,0.18018018018018017,0.0,0.0,16.24952741020794,61.904761904761905,32.06106870229007,25.0,6.681981981981982
netherlands,Eredivisie,2025,Viggo Plantinga,17.0,D,,,,0,0,0.0,0.0,0.0,0.0,0.0,0,0,0,0.0,0,,,,,,,,,,,,,,,,,,,,,,,,,,,,
netherlands,Eredivisie,2025,Virgil Misidjan,32.0,F,Netherlands,173.0,61.0,17,4,542.0,1.0,2.0,0.0,0.0,0,0,1,0.0,0,0.49815498154981547,1.1623616236162362,0.6642066420664207,0.16605166051660517,0.33210332103321033,0.49815498154981547,0.16605166051660517,32.047970479704794,1.6605166051660516,0.8302583025830258,0.0,0.16605166051660517,0.9963099630996309,11.457564575645756,4.483394833948339,2.988929889298893,0.49815498154981547,0.33210332103321033,2.1586715867158675,1.3284132841328413,0.16605166051660517,0.0,0.0,13.75,57.14285714285714,39.130434782608695,16.666666666666664,6.843911439114391
netherlands,Eredivisie,2025,Vito van Crooij,29.0,F,Netherlands,179.0,76.0,18,11,1001.0,1.0,1.0,1.0,0.0,0,0,3,0.0,0,0.1798201798201798,1.168831168831169,0.6293706293706294,0.0899100899100899,0.0899100899100899,0.1798201798201798,0.0899100899100899,24.995004995004994,2.067932067932068,0.989010989010989,0.26973026973026976,0.1798201798201798,1.168831168831169,8.091908091908092,4.045954045954046,0.6293706293706294,0.26973026973026976,0.8091908091908093,0.8091908091908093,1.078921078921079,0.26973026973026976,0.0,0.0,16.928057553956833,53.84615384615385,50.0,42.857142857142854,6.704595404595405
netherlands,Eredivisie,2025,Václav Sejk,23.0,F,Czechia,180.0,78.0,17,3,471.0,3.0,1.0,0.0,0.0,0,0,1,0.0,0,0.38216560509554137,1.9108280254777068,1.1464968152866242,0.5732484076433121,0.19108280254777069,0.7643312101910827,0.5732484076433121,21.21019108280255,1.9108280254777068,1.3375796178343948,0.0,0.19108280254777069,1.5286624203821655,17.961783439490446,7.070063694267516,1.7197452229299361,0.5732484076433121,0.5732484076433121,1.3375796178343948,3.057324840764331,0.19108280254777069,0.0,0.0,5.621621621621622,60.0,39.361702127659576,33.33333333333333,6.468577494692144
netherlands,Eredivisie,2025,Vítězslav Jaroš,24.0,G,Czechia,190.0,88.0,19,19,1710.0,0.0,0.0,0.0,0.0,0,0,1,0.0,0,0.0,0.0,0.0,0.0,0.0,0.0,0.0,39.94736842105263,0.0,0.0,0.0,0.052631578947368425,0.052631578947368425,0.3157894736842105,0.3157894736842105,0.0,0.0,0.0,0.15789473684210525,0.0,0.052631578947368425,0.0,0.0,30.126482213438734,,100.0,,7.268421052631579
netherlands,Eredivisie,2025,Walid Ould-Chikh,26.0,M,Netherlands,186.0,75.0,24,17,1500.0,1.0,4.0,0.0,0.0,0,0,3,0.0,0,0.06,0.7799999999999999,0.24,0.06,0.24,0.30000000000000004,0.06,27.72,1.74,2.46,0.24,0.9,3.3600000000000003,10.56,6.54,2.04,1.2000000000000002,0.42000000000000004,2.52,1.26,0.18,0.0,0.0,17.0,30.76923076923077,61.93181818181818,58.82352941176471,7.1488000000000005
netherlands,Eredivisie,2025,Wassim Bouziane,19.0,F,Netherlands,181.0,72.0,4,0,74.0,0.0,1.0,0.0,0.0,0,0,0,0.0,0,1.2162162162162162,1.2162162162162162,1.2162162162162162,0.0,1.2162162162162162,1.2162162162162162,0.0,32.83783783783784,3.6486486486486487,2.4324324324324325,0.0,0.0,2.4324324324324325,20.675675675675677,9.72972972972973,6.081081081081082,2.4324324324324325,1.2162162162162162,4.864864864864865,1.2162162162162162,0.0,0.0,0.0,8.851851851851851,100.0,47.05882352941176,40.0,6.994594594594595
netherlands,Eredivisie,2025,Wassim Elasri,21.0,M,,,,0,0,0.0,0.0,0.0,0.0,0.0,0,0,0,0.0,0,,,,,,,,,,,,,,,,,,,,,,,,,,,,
netherlands,Eredivisie,2025,Weslley Patati,22.0,F,Brazil,172.0,,27,18,1448.0,2.0,3.0,3.0,0.0,0,0,0,0.0,0,0.12430939226519336,2.113259668508287,0.9944751381215469,0.12430939226519336,0.18646408839779005,0.31077348066298344,0.12430939226519336,31.450276243093924,1.5538674033149171,2.4861878453038675,0.06215469613259668,0.06215469613259668,2.548342541436464,15.725138121546962,7.2720994475138125,4.350828729281768,1.9267955801104972,1.2430939226519337,2.2375690607734806,1.740331491712707,0.0,0.0,0.0,18.50395256916996,47.05882352941176,46.24505928853755,44.285714285714285,6.8930248618784535
netherlands,Eredivisie,2025,Wessel Kuhn,19.0,D,Netherlands,183.0,75.0,0,0,0.0,0.0,0.0,0.0,0.0,0,0,0,0.0,0,,,,,,,,,,,,,,,,,,,,,,,,,,,,
netherlands,Eredivisie,2025,Willum Thor Willumsson,27.0,M,Iceland,193.0,84.0,4,1,97.0,0.0,0.0,0.0,0.0,0,0,1,0.0,0,0.9278350515463918,0.9278350515463918,0.9278350515463918,0.0,0.0,0.0,0.0,37.113402061855666,0.0,0.0,0.0,0.0,0.0,12.061855670103093,3.711340206185567,0.0,0.0,0.0,2.783505154639175,3.711340206185567,0.9278350515463918,0.0,0.0,13.05,100.0,30.76923076923077,,6.44020618556701
netherlands,Eredivisie,2025,Wout Weghorst,33.0,F,Netherlands,197.0,84.0,29,21,1903.0,8.0,4.0,0.0,0.0,0,0,7,0.0,0,0.9458749343142406,2.0809248554913293,0.8985811875985286,0.37834997372569623,0.18917498686284812,0.5675249605885444,0.37834997372569623,26.106148187073046,2.2700998423541776,0.5675249605885444,0.18917498686284812,0.1418812401471361,0.7094062007356804,11.586967945349448,6.431949553336837,0.6621124540199685,0.2837624802942722,0.2837624802942722,1.655281135049921,1.4661061481870732,0.33105622700998427,0.0,0.0,17.34845735027223,43.18181818181818,55.51020408163265,42.857142857142854,6.863387690689112
netherlands,Eredivisie,2025,Wouter Goes,21.0,D,Netherlands,187.0,75.0,33,32,2757.0,1.0,0.0,0.0,1.0,0,0,9,0.0,0,0.0,0.16322089227421108,0.1305767138193689,0.03264417845484222,0.0,0.03264417845484222,0.03264417845484222,61.95865070729054,0.32644178454842215,1.2078346028291622,0.9140369967355823,1.1099020674646356,2.317736670293798,6.039173014145811,3.754080522306855,0.22850924918389556,0.16322089227421108,0.4896626768226333,1.2404787812840044,0.8161044613710555,0.29379760609357997,0.0,0.0,59.770811380400424,80.0,62.16216216216216,71.42857142857143,6.998875589408778
netherlands,Eredivisie,2025,Wouter Prins,21.0,D,Netherlands,173.0,,22,4,528.0,0.0,2.0,0.0,0.0,0,0,0,0.0,0,0.0,0.5113636363636364,0.0,0.0,0.34090909090909094,0.34090909090909094,0.0,30.852272727272727,0.6818181818181819,3.920454545454546,0.34090909090909094,0.8522727272727273,4.7727272727272725,13.125,6.136363636363636,1.1931818181818181,0.5113636363636364,1.1931818181818181,0.5113636363636364,1.3636363636363638,0.0,0.0,0.0,13.45,0.0,46.75324675324675,42.857142857142854,6.526601941747574
netherlands,Eredivisie,2025,Xander Blomme,23.0,M,Belgium,174.0,68.0,0,0,0.0,0.0,0.0,0.0,0.0,0,0,0,0.0,0,,,,,,,,,,,,,,,,,,,,,,,,,,,,
netherlands,Eredivisie,2025,Xavier Mbuyamba,24.0,D,Netherlands,196.0,84.0,16,6,755.0,1.0,0.0,0.0,0.0,0,0,2,0.0,0,0.0,1.1920529801324504,0.3576158940397351,0.11920529801324503,0.0,0.11920529801324503,0.11920529801324503,49.2317880794702,0.3576158940397351,2.0264900662251657,1.3112582781456954,0.8344370860927153,2.8609271523178808,10.490066225165563,5.960264900662252,0.3576158940397351,0.23841059602649006,1.0728476821192054,0.7152317880794702,1.1920529801324504,0.23841059602649006,0.0,0.0,37.72154963680387,30.0,56.81818181818182,66.66666666666666,6.891920529801324
netherlands,Eredivisie,2025,Yaell Samson,19.0,G,Netherlands,,,0,0,0.0,0.0,0.0,0.0,0.0,0,0,0,0.0,0,,,,,,,,,,,,,,,,,,,,,,,,,,,,
netherlands,Eredivisie,2025,Yamano Olfers,19.0,D,,,,0,0,0.0,0.0,0.0,0.0,0.0,0,0,0,0.0,0,,,,,,,,,,,,,,,,,,,,,,,,,,,,
netherlands,Eredivisie,2025,Yannick Gerritsen,19.0,G,Netherlands,,,0,0,0.0,0.0,0.0,0.0,0.0,0,0,0,0.0,0,,,,,,,,,,,,,,,,,,,,,,,,,,,,
netherlands,Eredivisie,2025,Yannick Leliendal,23.0,D,Netherlands,169.0,73.0,32,31,2752.0,1.0,1.0,1.0,1.0,0,0,6,0.0,0,0.032703488372093026,0.5559593023255813,0.2616279069767442,0.032703488372093026,0.032703488372093026,0.06540697674418605,0.032703488372093026,39.571220930232556,0.8502906976744186,2.845203488372093,0.39244186046511625,1.340843023255814,4.186046511627907,10.988372093023255,6.475290697674419,1.569767441860465,0.9156976744186047,1.177325581395349,1.8968023255813953,0.6540697674418604,0.19622093023255813,0.0,0.0,34.018181818181816,47.05882352941176,58.92857142857143,58.333333333333336,6.854760174418605
netherlands,Eredivisie,2025,Yarek Gasiorowski,20.0,D,Spain,190.0,75.0,28,25,2144.0,3.0,2.0,0.0,0.0,0,0,0,0.0,0,0.041977611940298504,0.41977611940298504,0.33582089552238803,0.1259328358208955,0.08395522388059701,0.20988805970149252,0.1259328358208955,64.39365671641792,0.20988805970149252,1.1753731343283582,0.8395522388059701,1.5531716417910448,2.7285447761194033,6.548507462686567,4.1138059701492535,0.33582089552238803,0.16791044776119401,0.29384328358208955,0.37779850746268656,0.6716417910447761,0.0,0.0,0.0,58.591916558018255,80.0,62.82051282051282,50.0,7.129244402985075
netherlands,Eredivisie,2025,Yassin Moslih,18.0,D,Netherlands,,,0,0,0.0,0.0,0.0,0.0,0.0,0,0,0,0.0,0,,,,,,,,,,,,,,,,,,,,,,,,,,,,
netherlands,Eredivisie,2025,Yassin Oukili,24.0,M,Morocco,195.0,88.0,13,3,473.0,2.0,0.0,0.0,0.0,0,0,3,0.0,0,0.0,0.9513742071881607,0.7610993657505286,0.3805496828752643,0.0,0.3805496828752643,0.3805496828752643,30.253699788583507,0.3805496828752643,3.9957716701902752,0.19027484143763215,1.1416490486257929,5.137420718816068,11.416490486257928,5.898520084566597,0.9513742071881607,0.19027484143763215,0.3805496828752643,0.5708245243128964,1.9027484143763214,0.5708245243128964,0.0,0.0,14.553459119496855,80.0,51.66666666666667,20.0,6.818181818181818
netherlands,Eredivisie,2025,Yassir Rahmouni,19.0,M,Netherlands,,,20,7,787.0,0.0,0.0,0.0,0.0,0,0,2,0.0,0,0.11435832274459976,0.34307496823379924,0.0,0.0,0.0,0.0,0.0,42.42693773824651,0.11435832274459976,2.2871664548919948,0.5717916137229987,0.2287166454891995,2.5158831003811946,7.662007623888183,4.5743329097839895,0.34307496823379924,0.2287166454891995,0.2287166454891995,1.1435832274459974,0.914866581956798,0.2287166454891995,0.0,0.0,25.111716621253407,0.0,59.70149253731343,66.66666666666666,6.727075351213283
netherlands,Eredivisie,2025,Yenio Holder,18.0,M,,,,0,0,0.0,0.0,0.0,0.0,0.0,0,0,0,0.0,0,,,,,,,,,,,,,,,,,,,,,,,,,,,,
netherlands,Eredivisie,2025,Yoann Cathline,23.0,M,France,176.0,68.0,28,23,2084.0,3.0,4.0,0.0,0.0,0,0,4,0.0,0,0.08637236084452975,1.5978886756238004,0.8205374280230326,0.12955854126679464,0.1727447216890595,0.30230326295585414,0.12955854126679464,21.981765834932823,1.7274472168905948,1.2092130518234165,0.0,0.4750479846449136,1.6842610364683301,11.660268714011515,5.182341650671785,4.1458733205374285,1.9433781190019193,0.4750479846449136,1.77063339731286,0.8205374280230326,0.1727447216890595,0.0,0.0,16.37992125984252,51.35135135135135,44.44444444444444,46.875,6.9886756238003835
netherlands,Eredivisie,2025,Yoon Do-young,19.0,F,Korea Republic,172.0,66.0,6,0,101.0,1.0,0.0,0.0,0.0,0,0,1,0.0,0,0.0,3.5643564356435644,1.7821782178217822,0.8910891089108911,0.0,0.8910891089108911,0.8910891089108911,17.821782178217823,0.0,1.7821782178217822,0.0,1.7821782178217822,3.5643564356435644,16.03960396039604,5.346534653465346,3.5643564356435644,0.8910891089108911,1.7821782178217822,2.673267326732673,2.673267326732673,0.8910891089108911,0.0,0.0,4.35,50.0,33.33333333333333,25.0,6.492079207920791
netherlands,Eredivisie,2025,Younes Jaber el Maftahi,18.0,M,,,,1,0,33.0,0.0,0.0,0.0,0.0,0,0,0,0.0,0,2.7272727272727275,2.7272727272727275,2.7272727272727275,0.0,0.0,0.0,0.0,27.272727272727273,0.0,5.454545454545455,0.0,0.0,5.454545454545455,10.90909090909091,5.454545454545455,5.454545454545455,0.0,0.0,0.0,0.0,0.0,0.0,0.0,7.0,100.0,50.0,0.0,6.7
netherlands,Eredivisie,2025,Younes Namli,31.0,M,Denmark,180.0,70.0,13,12,1057.0,2.0,4.0,0.0,0.0,0,0,1,0.0,0,0.17029328287606432,1.447492904446547,0.8514664143803217,0.17029328287606432,0.34058656575212864,0.510879848628193,0.17029328287606432,31.929990539262064,2.980132450331126,1.7029328287606433,0.0,0.42573320719016083,2.128666035950804,11.835383159886472,5.193945127719962,4.597918637653737,2.043519394512772,1.021759697256386,1.1069063386944182,1.1069063386944182,0.08514664143803216,0.0,0.0,24.426666666666666,58.82352941176471,43.884892086330936,44.44444444444444,7.4392620624408705
netherlands,Eredivisie,2025,Younes Taha,23.0,M,Morocco,176.0,67.0,33,33,2698.0,5.0,9.0,0.0,0.0,0,0,6,0.0,0,0.20014825796886582,2.335063009636768,1.300963676797628,0.16679021497405486,0.3002223869532987,0.46701260192735355,0.16679021497405486,22.883617494440326,2.501853224610823,1.4343958487768718,0.0,0.3669384729429207,1.8013343217197924,10.474425500370645,3.369162342475908,2.8354336545589325,1.000741289844329,1.167531504818384,0.6338028169014085,1.0340993328391401,0.20014825796886582,0.0,0.0,17.08746355685131,55.714285714285715,32.1656050955414,35.294117647058826,6.888769458858414
netherlands,Eredivisie,2025,Youri Baas,22.0,D,Netherlands,182.0,71.0,33,33,2945.0,4.0,1.0,0.0,1.0,0,0,4,0.0,1,0.030560271646859084,0.42784380305602715,0.21392190152801357,0.12224108658743633,0.030560271646859084,0.15280135823429541,0.12224108658743633,75.75891341256367,0.30560271646859083,1.772495755517827,1.0084889643463497,1.130730050933786,2.903225806451613,8.067911714770798,4.706281833616298,0.5806451612903226,0.30560271646859083,0.42784380305602715,1.1612903225806452,0.8251273344651953,0.12224108658743633,0.0,0.030560271646859084,75.91327148043565,50.0,58.333333333333336,52.63157894736842,7.229202037351443
netherlands,Eredivisie,2025,Youri Regeer,22.0,M,Netherlands,177.0,68.0,27,22,1810.0,0.0,2.0,0.0,0.0,0,0,6,0.0,0,0.0,0.34806629834254144,0.0994475138121547,0.0,0.0994475138121547,0.0994475138121547,0.0,52.607734806629836,0.3977900552486188,2.734806629834254,0.49723756906077343,1.143646408839779,3.8784530386740332,9.049723756906078,5.519337016574585,0.49723756906077343,0.1988950276243094,0.4475138121546961,0.9944751381215469,0.9447513812154696,0.2983425414364641,0.0,0.0,45.05765595463138,28.57142857142857,60.98901098901099,40.0,7.115580110497238
netherlands,Eredivisie,2025,Yousri Sbai,21.0,M,Netherlands,,,2,0,11.0,0.0,0.0,0.0,0.0,0,0,0,0.0,0,0.0,0.0,0.0,0.0,0.0,0.0,0.0,24.545454545454543,0.0,0.0,8.181818181818182,0.0,0.0,0.0,0.0,0.0,0.0,0.0,0.0,0.0,0.0,0.0,0.0,1.0,,,,6.9
netherlands,Eredivisie,2025,Youssef El Kachati,26.0,F,Morocco,185.0,,19,1,500.0,3.0,2.0,1.0,0.0,0,0,0,0.0,0,1.08,2.52,1.44,0.54,0.36,0.9,0.54,21.599999999999998,1.08,1.44,0.0,0.18,1.6199999999999999,12.78,5.04,2.34,0.9,0.36,1.44,2.16,0.0,0.0,0.0,7.101694915254237,57.14285714285714,39.436619718309856,38.46153846153847,6.746092184368738
netherlands,Eredivisie,2025,Yvandro Borges Sanches,21.0,F,Luxembourg,175.0,68.0,11,5,515.0,2.0,0.0,0.0,0.0,0,0,0,0.0,0,0.0,0.8737864077669902,0.6990291262135923,0.34951456310679613,0.0,0.34951456310679613,0.34951456310679613,19.92233009708738,0.17475728155339806,2.2718446601941746,0.0,0.0,2.2718446601941746,9.96116504854369,4.194174757281553,3.6699029126213594,1.3980582524271845,0.8737864077669902,0.5242718446601942,0.34951456310679613,0.0,0.0,0.0,12.350877192982455,80.0,42.10526315789473,38.095238095238095,6.966407766990291
netherlands,Eredivisie,2025,Zach Booth,18.0,M,USA,,,3,1,105.0,0.0,0.0,0.0,0.0,0,0,0,0.0,0,0.8571428571428572,0.8571428571428572,0.8571428571428572,0.0,0.0,0.0,0.0,24.857142857142858,0.0,0.8571428571428572,0.0,0.0,0.8571428571428572,6.0,0.8571428571428572,0.0,0.0,0.0,0.0,3.428571428571429,0.0,0.0,0.0,9.03448275862069,100.0,14.285714285714285,,6.153333333333333
netherlands,Eredivisie,2025,Zico Buurmeester,23.0,M,Netherlands,182.0,65.0,23,15,1531.0,2.0,0.0,0.0,0.0,0,0,2,0.0,0,0.17635532331809275,0.5290659699542782,0.3527106466361855,0.11757021554539517,0.0,0.11757021554539517,0.11757021554539517,33.507511430437624,0.999346832135859,2.3514043109079035,0.4114957544088831,1.2932723709993468,3.6446766819072502,8.288700195950359,4.232527759634226,1.1757021554539517,0.47028086218158066,0.5878510777269759,0.705421293272371,0.9405617243631613,0.11757021554539517,0.0,0.0,25.37017543859649,66.66666666666666,51.06382978723404,40.0,6.834617896799477
netherlands,Eredivisie,2025,Zidane Iqbal,22.0,M,Iraq,181.0,71.0,5,3,255.0,0.0,0.0,0.0,0.0,0,0,1,0.0,0,0.0,0.0,0.0,0.0,0.0,0.0,0.0,64.58823529411765,0.3529411764705882,3.176470588235294,0.3529411764705882,1.4117647058823528,4.588235294117647,10.235294117647058,6.352941176470588,2.4705882352941178,1.4117647058823528,0.7058823529411764,1.4117647058823528,0.7058823529411764,0.3529411764705882,0.0,0.0,50.486338797814206,,62.06896551724138,57.14285714285714,7.212941176470589
netherlands,Eredivisie,2025,Ángel Alarcón,21.0,M,Spain,175.0,,14,13,993.0,3.0,3.0,0.0,0.0,0,0,0,0.0,0,0.0,2.2658610271903323,1.3595166163141994,0.2719033232628399,0.2719033232628399,0.5438066465256798,0.2719033232628399,22.477341389728096,1.8126888217522659,0.8157099697885197,0.0,0.18126888217522658,0.9969788519637462,10.604229607250756,4.984894259818731,4.259818731117825,2.356495468277946,0.9063444108761329,0.9969788519637462,0.36253776435045315,0.0,0.0,0.0,13.44758064516129,60.0,47.008547008547005,55.319148936170215,7.1904330312185305
netherlands,Eredivisie,2025,Édouard Michut,22.0,M,France,176.0,73.0,20,17,1592.0,0.0,0.0,0.0,0.0,0,0,4,0.0,0,0.0,0.5653266331658292,0.11306532663316583,0.0,0.0,0.0,0.0,39.120603015075375,0.8479899497487436,2.4874371859296485,0.2826633165829146,1.922110552763819,4.409547738693467,12.324120603015077,6.557788944723618,1.6959798994974873,0.7349246231155779,0.8479899497487436,2.657035175879397,1.9786432160804022,0.22613065326633167,0.0,0.0,38.433526011560694,20.0,53.21100917431193,43.333333333333336,6.829208542713568
