country,league,season,player_name,age,position,nationality,height,weight,appearances,starts,minutes,goals_total,assists,penalty_won,penalty_committed,penalty_scored,penalty_missed,yellow_cards,yellowred_cards,red_cards,offsides_per90,shots_total_per90,shots_on_per90,goals_total_per90,assists_per90,goals_plus_assists_per90,non_penalty_goals_per90,passes_total_per90,passes_key_per90,tackles_total_per90,blocks_per90,interceptions_per90,tackles_plus_interceptions_per90,duels_total_per90,duels_won_per90,dribbles_attempts_per90,dribbles_success_per90,dribbles_past_per90,fouls_drawn_per90,fouls_committed_per90,yellow_cards_per90,yellowred_cards_per90,red_cards_per90,passes_accuracy_pct,shots_on_target_pct,duels_won_pct,dribbles_success_pct,rating_weighted
portugal,Primeira Liga,2025,Abdu Conté,27.0,M,Portugal,183.0,84.0,23,17,1445.0,0.0,2.0,0.0,3.0,0,0,1,0.0,0,0.06228373702422145,0.3737024221453287,0.0,0.0,0.1245674740484429,0.1245674740484429,0.0,28.899653979238753,1.0588235294117647,1.681660899653979,0.1245674740484429,0.31141868512110726,1.9930795847750864,6.913494809688581,3.737024221453287,0.9342560553633218,0.7474048442906575,0.43598615916955014,1.0588235294117647,1.8685121107266436,0.06228373702422145,0.0,0.0,21.49134199134199,0.0,54.054054054054056,80.0,6.81840830449827
portugal,Primeira Liga,2025,Abdu Dafe,17.0,M,Portugal,,,1,0,1.0,0.0,0.0,0.0,0.0,0,0,0,0.0,0,0.0,0.0,0.0,0.0,0.0,0.0,0.0,0.0,0.0,0.0,0.0,0.0,0.0,0.0,0.0,0.0,0.0,0.0,0.0,0.0,0.0,0.0,0.0,,,,,
portugal,Primeira Liga,2025,Abraham Marcus,25.0,M,Nigeria,178.0,73.0,31,30,2574.0,5.0,5.0,0.0,0.0,0,0,2,0.0,1,0.2097902097902098,1.1538461538461537,0.4545454545454546,0.17482517482517482,0.17482517482517482,0.34965034965034963,0.17482517482517482,24.895104895104893,1.5034965034965033,1.3286713286713288,0.1048951048951049,0.48951048951048953,1.8181818181818183,13.496503496503497,6.538461538461539,3.4265734265734267,1.8181818181818183,0.34965034965034963,1.9230769230769231,1.013986013986014,0.06993006993006994,0.0,0.03496503496503497,20.498595505617978,39.39393939393939,48.44559585492228,53.06122448979592,7.12008547008547
portugal,Primeira Liga,2025,Aderllan Santos,36.0,D,Brazil,193.0,83.0,17,12,1032.0,1.0,0.0,0.0,0.0,0,0,2,0.0,0,0.0872093023255814,0.872093023255814,0.1744186046511628,0.0872093023255814,0.0,0.0872093023255814,0.0872093023255814,34.88372093023256,0.0872093023255814,2.0930232558139537,0.7848837209302325,1.1337209302325582,3.2267441860465116,8.895348837209301,6.540697674418605,0.1744186046511628,0.1744186046511628,0.3488372093023256,0.2616279069767442,0.6976744186046512,0.1744186046511628,0.0,0.0,33.881909547738694,20.0,73.52941176470588,100.0,7.0489815712900095
portugal,Primeira Liga,2025,Adrian Leon Barišić,24.0,D,Bosnia and Herzegovina,192.0,86.0,6,6,452.0,0.0,0.0,0.0,0.0,0,0,0,0.0,0,0.0,0.19911504424778761,0.19911504424778761,0.0,0.0,0.0,0.0,57.54424778761062,0.19911504424778761,1.592920353982301,0.5973451327433629,0.995575221238938,2.588495575221239,7.168141592920354,4.778761061946903,0.39823008849557523,0.19911504424778761,0.5973451327433629,0.19911504424778761,0.7964601769911505,0.0,0.0,0.0,45.58477508650519,100.0,66.66666666666666,50.0,6.830973451327433
portugal,Primeira Liga,2025,Adriano Firmino,26.0,M,Brazil,186.0,79.0,18,16,1447.0,0.0,0.0,0.0,0.0,0,0,6,0.0,1,0.0,0.6841741534208707,0.1243953006219765,0.0,0.0,0.0,0.0,46.89702833448514,0.5597788527988943,0.497581202487906,0.0,0.8085694540428472,1.3061506565307532,6.779543883897719,3.4830684174153426,1.7415342087076713,0.995162404975812,0.4353835521769178,1.3061506565307532,1.243953006219765,0.37318590186592954,0.0,0.06219765031098825,40.855437665782496,18.181818181818183,51.37614678899083,57.14285714285714,6.707256392536282
portugal,Primeira Liga,2025,Adriel,24.0,G,Brazil,190.0,79.0,16,16,1440.0,0.0,1.0,0.0,0.0,0,0,2,0.0,0,0.0,0.0,0.0,0.0,0.0625,0.0625,0.0,32.3125,0.125,0.0625,0.0,0.0,0.0625,0.625,0.5,0.0,0.0,0.0625,0.1875,0.0,0.125,0.0,0.0,19.09090909090909,,80.0,,7.29375
portugal,Primeira Liga,2025,Adriel Guilherme de Moraes,19.0,F,,,,0,0,0.0,0.0,0.0,0.0,0.0,0,0,0,0.0,0,,,,,,,,,,,,,,,,,,,,,,,,,,,,
portugal,Primeira Liga,2025,Afonso Assis,19.0,M,Portugal,183.0,76.0,18,10,896.0,1.0,1.0,0.0,0.0,0,0,4,0.0,0,0.10044642857142856,0.40178571428571425,0.20089285714285712,0.10044642857142856,0.10044642857142856,0.20089285714285712,0.10044642857142856,54.140625,0.6026785714285714,1.2053571428571428,0.20089285714285712,1.7075892857142856,2.912946428571429,9.642857142857142,4.720982142857143,0.703125,0.3013392857142857,1.1049107142857142,1.40625,1.908482142857143,0.40178571428571425,0.0,0.0,33.998144712430424,50.0,48.95833333333333,42.857142857142854,6.646205357142857
portugal,Primeira Liga,2025,Afonso Patrao,18.0,F,Portugal,182.0,69.0,0,0,0.0,0.0,0.0,0.0,0.0,0,0,0,0.0,0,,,,,,,,,,,,,,,,,,,,,,,,,,,,
portugal,Primeira Liga,2025,Afonso Rodrigues,23.0,F,Portugal,178.0,66.0,7,0,126.0,0.0,0.0,0.0,0.0,0,0,1,0.0,0,0.0,2.142857142857143,0.7142857142857142,0.0,0.0,0.0,0.0,19.285714285714285,0.0,2.142857142857143,0.0,0.7142857142857142,2.8571428571428568,17.857142857142858,8.571428571428571,3.571428571428571,1.4285714285714284,1.4285714285714284,1.4285714285714284,1.4285714285714284,0.7142857142857142,0.0,0.0,4.458333333333333,33.33333333333333,48.0,40.0,6.4528
portugal,Primeira Liga,2025,Afonso Silva,17.0,D,,,,0,0,0.0,0.0,0.0,0.0,0.0,0,0,0,0.0,0,,,,,,,,,,,,,,,,,,,,,,,,,,,,
portugal,Primeira Liga,2025,Afonso Sousa,18.0,D,,,,0,0,0.0,0.0,0.0,0.0,0.0,0,0,0,0.0,0,,,,,,,,,,,,,,,,,,,,,,,,,,,,
portugal,Primeira Liga,2025,Agustín Moreira,24.0,F,Uruguay,174.0,71.0,21,11,1033.0,2.0,1.0,0.0,0.0,0,0,3,0.0,0,0.4356243949661181,1.6553727008712489,0.7841239109390127,0.17424975798644723,0.08712487899322362,0.2613746369796709,0.17424975798644723,18.383349467570184,1.132623426911907,1.6553727008712489,0.08712487899322362,0.6098741529525653,2.265246853823814,11.151984511132623,4.443368828654404,3.484995159728945,0.8712487899322362,0.4356243949661181,1.4811229428848014,1.3939980638915779,0.2613746369796709,0.0,0.0,10.27962085308057,47.368421052631575,39.84375,25.0,6.722749273959342
portugal,Primeira Liga,2025,Alaa Bellaarouch,23.0,G,Morocco,188.0,75.0,0,0,0.0,0.0,0.0,0.0,0.0,0,0,0,0.0,0,,,,,,,,,,,,,,,,,,,,,,,,,,,,
portugal,Primeira Liga,2025,Alan,25.0,M,Brazil,161.0,63.0,33,32,2703.0,5.0,5.0,0.0,0.0,1,1,7,0.0,0,0.13318534961154274,0.9988901220865705,0.5993340732519422,0.16648168701442842,0.16648168701442842,0.33296337402885684,0.13318534961154274,36.45948945615982,1.3984461709211988,0.8657047724750278,0.13318534961154274,0.16648168701442842,1.032186459489456,7.458379578246392,3.2297447280799116,1.3318534961154274,0.5660377358490566,0.49944506104328523,1.7647058823529411,1.2985571587125415,0.23307436182019975,0.0,0.0,32.7296803652968,60.0,43.30357142857143,42.5,6.97417684054754
portugal,Primeira Liga,2025,Alan Godoy,22.0,F,Spain,178.0,,6,3,300.0,0.0,0.0,0.0,0.0,0,0,0,0.0,0,0.30000000000000004,1.5,0.30000000000000004,0.0,0.0,0.0,0.0,15.0,0.30000000000000004,1.2000000000000002,0.0,0.9,2.1,12.9,5.1,0.9,0.30000000000000004,0.9,1.8,3.0,0.0,0.0,0.0,5.64,20.0,39.53488372093023,33.33333333333333,6.498
portugal,Primeira Liga,2025,Alan Nuñez,21.0,D,Paraguay,178.0,66.0,21,18,1673.0,1.0,2.0,0.0,0.0,0,0,2,0.0,0,0.0,0.16138673042438734,0.0537955768081291,0.0537955768081291,0.1075911536162582,0.16138673042438734,0.0537955768081291,27.22056186491333,1.0759115361625822,1.8290496114763897,0.26897788404064554,1.0759115361625822,2.904961147638972,6.347878063359235,3.0663478780633593,0.6993424985056784,0.484160191273162,1.0759115361625822,0.4303646144650328,1.3986849970113568,0.1075911536162582,0.0,0.0,22.219367588932805,33.33333333333333,48.30508474576271,69.23076923076923,6.857680812910938
portugal,Primeira Liga,2025,Alan Varela,24.0,M,Argentina,177.0,73.0,30,27,2321.0,2.0,0.0,0.0,0.0,1,1,7,0.0,0,0.0,0.7755277897457992,0.3877638948728996,0.07755277897457992,0.0,0.07755277897457992,0.03877638948728996,47.81128823782853,0.7367514002585093,1.163291684618699,0.46531667384747954,1.2020680741059888,2.3653597587246877,6.1266695389918135,3.3347694959069365,0.6204222317966394,0.4265402843601896,0.6591986212839294,0.969409737182249,1.046962516156829,0.2714347264110297,0.0,0.0,39.779399837793996,50.0,54.43037974683544,68.75,7.013744075829384
portugal,Primeira Liga,2025,Alberto Costa,22.0,D,Portugal,186.0,78.0,29,25,2231.0,1.0,8.0,2.0,0.0,0,0,7,0.0,0,0.04034065441506051,0.6454504706409682,0.24204392649036305,0.04034065441506051,0.3227252353204841,0.3630658897355446,0.04034065441506051,36.02420439264903,1.1698789780367547,2.460779919318691,0.3630658897355446,1.1295383236216943,3.5903182429403855,11.900493052442851,6.010757507844016,2.218735992828328,1.0085163603765128,0.44374719856566563,1.3715822501120574,2.4204392649036306,0.28238458090542357,0.0,0.0,27.92273236282195,37.5,50.50847457627119,45.45454545454545,6.98695652173913
portugal,Primeira Liga,2025,Alejandro Alfaro,23.0,M,Spain,183.0,73.0,2,1,129.0,0.0,0.0,0.0,0.0,0,0,0,0.0,0,0.0,4.186046511627907,0.6976744186046512,0.0,0.0,0.0,0.0,36.97674418604651,0.6976744186046512,1.3953488372093024,0.0,0.0,1.3953488372093024,4.186046511627907,2.0930232558139537,0.6976744186046512,0.6976744186046512,0.6976744186046512,0.0,0.6976744186046512,0.0,0.0,0.0,22.660377358490567,16.666666666666664,50.0,100.0,6.690697674418605
portugal,Primeira Liga,2025,Alejandro Marqués,25.0,F,Venezuela,189.0,76.0,26,13,1160.0,4.0,0.0,1.0,1.0,0,0,1,0.0,0,0.07758620689655173,1.3189655172413792,0.7758620689655172,0.3103448275862069,0.0,0.3103448275862069,0.3103448275862069,15.517241379310345,0.46551724137931033,0.46551724137931033,0.07758620689655173,0.3103448275862069,0.7758620689655172,15.672413793103447,5.431034482758621,2.8706896551724137,1.0862068965517242,0.5431034482758621,0.9310344827586207,2.7155172413793105,0.07758620689655173,0.0,0.0,8.914572864321608,58.82352941176471,34.65346534653465,37.83783783783784,6.706724137931035
portugal,Primeira Liga,2025,Alex Pinto,27.0,D,Portugal,187.0,77.0,7,5,341.0,0.0,0.0,0.0,1.0,0,0,2,0.0,1,0.0,0.0,0.0,0.0,0.0,0.0,0.0,30.08797653958944,0.26392961876832843,1.0557184750733137,0.26392961876832843,0.26392961876832843,1.3196480938416424,8.709677419354838,4.486803519061583,1.5835777126099708,1.0557184750733137,0.26392961876832843,1.3196480938416424,1.3196480938416424,0.5278592375366569,0.0,0.26392961876832843,20.359649122807017,,51.515151515151516,66.66666666666666,5.959530791788857
portugal,Primeira Liga,2025,Alex Sola,22.0,M,Angola,173.0,,16,10,728.0,0.0,0.0,0.0,0.0,0,0,2,0.0,0,0.0,0.12362637362637363,0.0,0.0,0.0,0.0,0.0,30.782967032967033,0.12362637362637363,1.2362637362637363,0.24725274725274726,2.967032967032967,4.2032967032967035,8.901098901098901,4.3269230769230775,0.989010989010989,0.24725274725274726,0.3708791208791209,1.8543956043956045,1.7307692307692308,0.24725274725274726,0.0,0.0,18.160642570281123,0.0,48.61111111111111,25.0,6.5285714285714285
portugal,Primeira Liga,2025,Alexander Bah,28.0,D,Denmark,183.0,76.0,9,6,484.0,2.0,0.0,0.0,0.0,0,0,2,0.0,0,0.0,1.115702479338843,0.5578512396694215,0.371900826446281,0.0,0.371900826446281,0.371900826446281,42.768595041322314,1.487603305785124,2.7892561983471076,0.1859504132231405,1.3016528925619835,4.090909090909091,11.714876033057852,6.136363636363636,2.231404958677686,0.5578512396694215,0.5578512396694215,1.6735537190082646,1.6735537190082646,0.371900826446281,0.0,0.0,31.026086956521738,50.0,52.38095238095239,25.0,6.923140495867769
portugal,Primeira Liga,2025,Alexsandro Amorim,20.0,M,Brazil,177.0,68.0,19,19,1630.0,2.0,0.0,1.0,0.0,0,0,3,0.0,0,0.0,0.7177914110429449,0.3312883435582822,0.11042944785276074,0.0,0.11042944785276074,0.11042944785276074,37.38036809815951,0.7730061349693252,2.5950920245398774,0.22085889570552147,0.7730061349693252,3.3680981595092025,10.711656441717793,5.7975460122699385,1.3803680981595092,0.8834355828220859,1.6564417177914113,1.9877300613496933,1.3803680981595092,0.1656441717791411,0.0,0.0,32.17429837518464,46.15384615384615,54.123711340206185,64.0,6.950920245398773
portugal,Primeira Liga,2025,Alfonso Pastor,25.0,G,Spain,190.0,78.0,0,0,0.0,0.0,0.0,0.0,0.0,0,0,0,0.0,0,,,,,,,,,,,,,,,,,,,,,,,,,,,,
portugal,Primeira Liga,2025,Alfonso Trezza,26.0,M,Uruguay,166.0,59.0,32,27,2329.0,9.0,2.0,0.0,1.0,0,0,2,0.0,1,0.34778875053671104,1.3525118076427651,0.7342206955775011,0.34778875053671104,0.07728638900815801,0.42507513954486903,0.34778875053671104,14.529841133533706,0.888793473593817,1.313868613138686,0.07728638900815801,0.30914555603263205,1.6230141691713182,9.544869042507514,3.361957921854873,1.5457277801631601,0.656934306569343,1.3525118076427651,1.0047230571060541,1.3911550021468442,0.07728638900815801,0.0,0.038643194504079006,10.256064690026955,54.285714285714285,35.22267206477733,42.5,6.782009446114212
portugal,Primeira Liga,2025,Alioune Ndoye,24.0,F,Senegal,193.0,76.0,24,7,955.0,2.0,1.0,1.0,0.0,0,0,2,0.0,0,0.8481675392670157,2.6387434554973823,0.9424083769633509,0.1884816753926702,0.0942408376963351,0.28272251308900526,0.1884816753926702,13.382198952879582,0.6596858638743456,0.6596858638743456,0.0942408376963351,0.1884816753926702,0.8481675392670157,13.947643979057592,6.87958115183246,1.6963350785340314,0.6596858638743456,0.28272251308900526,0.9424083769633509,1.8848167539267018,0.1884816753926702,0.0,0.0,7.411764705882353,35.714285714285715,49.32432432432432,38.88888888888889,6.626910994764398
portugal,Primeira Liga,2025,Alisson Santos,23.0,F,Brazil,177.0,82.0,18,0,228.0,0.0,2.0,0.0,0.0,0,0,0,0.0,0,0.39473684210526316,4.7368421052631575,1.1842105263157894,0.0,0.7894736842105263,0.7894736842105263,0.0,35.526315789473685,1.9736842105263157,1.1842105263157894,0.0,0.0,1.1842105263157894,18.94736842105263,12.23684210526316,7.894736842105263,6.7105263157894735,1.5789473684210527,2.763157894736842,0.7894736842105263,0.0,0.0,0.0,6.566666666666666,25.0,64.58333333333334,85.0,6.761674008810573
portugal,Primeira Liga,2025,Alisson Souza de Jesus,20.0,F,Brazil,,,5,0,90.0,0.0,0.0,0.0,0.0,0,0,1,0.0,0,1.0,3.0,1.0,0.0,0.0,0.0,0.0,21.0,0.0,0.0,0.0,0.0,0.0,19.0,6.0,7.0,2.0,0.0,2.0,2.0,1.0,0.0,0.0,3.0952380952380953,33.33333333333333,31.57894736842105,28.57142857142857,6.377777777777778
portugal,Primeira Liga,2025,Amadou Dante,25.0,D,Mali,178.0,77.0,17,7,858.0,0.0,0.0,0.0,3.0,0,0,0,0.0,0,0.0,0.7342657342657343,0.2097902097902098,0.0,0.0,0.0,0.0,34.61538461538462,0.8391608391608392,2.4125874125874125,0.8391608391608392,0.5244755244755245,2.937062937062937,8.811188811188812,4.405594405594406,1.5734265734265735,0.7342657342657343,1.3636363636363638,0.4195804195804196,1.2587412587412588,0.0,0.0,0.0,25.72948328267477,28.57142857142857,50.0,46.666666666666664,6.512602100350058
portugal,Primeira Liga,2025,Amar Dedić,23.0,D,Bosnia and Herzegovina,180.0,74.0,24,21,1911.0,1.0,4.0,0.0,0.0,0,0,5,0.0,2,0.0,0.47095761381475665,0.09419152276295134,0.04709576138147567,0.18838304552590268,0.23547880690737832,0.04709576138147567,44.175824175824175,1.130298273155416,1.6483516483516485,0.141287284144427,0.8006279434850864,2.4489795918367347,9.183673469387756,4.7095761381475665,3.1554160125588697,1.6012558869701727,0.6122448979591837,0.989010989010989,0.8006279434850864,0.23547880690737832,0.0,0.09419152276295134,37.510660980810236,20.0,51.28205128205128,50.74626865671642,6.766300366300366
portugal,Primeira Liga,2025,Amine El Ouazzani,24.0,F,Morocco,188.0,64.0,13,8,717.0,2.0,0.0,0.0,0.0,1,0,1,0.0,0,0.0,1.6317991631799162,0.7531380753138075,0.2510460251046025,0.0,0.2510460251046025,0.12552301255230125,14.937238493723848,1.00418410041841,0.2510460251046025,0.0,0.37656903765690375,0.6276150627615062,9.163179916317992,3.389121338912134,0.8786610878661087,0.37656903765690375,0.2510460251046025,1.2552301255230125,1.1297071129707112,0.12552301255230125,0.0,0.0,10.974789915966387,46.15384615384615,36.986301369863014,42.857142857142854,6.384518828451883
portugal,Primeira Liga,2025,Anatoliy Trubin,24.0,G,Ukraine,199.0,88.0,32,32,2880.0,0.0,0.0,0.0,0.0,0,0,2,0.0,0,0.0,0.0,0.0,0.0,0.0,0.0,0.0,20.0,0.0,0.0,0.0,0.0,0.0,0.40624999999999994,0.40624999999999994,0.0,0.0,0.0,0.1875,0.0,0.0625,0.0,0.0,15.6625,,100.0,,6.859375
portugal,Primeira Liga,2025,Andre Green,27.0,F,England,180.0,71.0,5,3,207.0,0.0,0.0,0.0,0.0,0,0,1,0.0,0,0.0,0.43478260869565216,0.43478260869565216,0.0,0.0,0.0,0.0,14.782608695652174,0.8695652173913043,0.43478260869565216,0.0,0.0,0.43478260869565216,6.521739130434783,3.043478260869565,0.8695652173913043,0.0,0.43478260869565216,1.7391304347826086,0.43478260869565216,0.43478260869565216,0.0,0.0,9.575757575757576,100.0,46.666666666666664,0.0,6.6748792270531405
portugal,Primeira Liga,2025,Andre Picornell,21.0,G,Sweden,,,0,0,0.0,0.0,0.0,0.0,0.0,0,0,0,0.0,0,,,,,,,,,,,,,,,,,,,,,,,,,,,,
portugal,Primeira Liga,2025,Andre Simões,22.0,M,Portugal,,,2,0,22.0,0.0,0.0,0.0,0.0,0,0,0,0.0,0,0.0,0.0,0.0,0.0,0.0,0.0,0.0,69.54545454545455,0.0,4.090909090909091,0.0,0.0,4.090909090909091,16.363636363636363,8.181818181818182,0.0,0.0,0.0,4.090909090909091,0.0,0.0,0.0,0.0,8.941176470588236,,50.0,,6.640909090909091
portugal,Primeira Liga,2025,Andreas Ndoj,22.0,M,Greece,188.0,85.0,30,27,2351.0,1.0,2.0,0.0,0.0,0,0,9,0.0,0,0.0,0.4593789876648235,0.15312632922160782,0.038281582305401955,0.07656316461080391,0.11484474691620587,0.038281582305401955,37.056571671629094,0.4593789876648235,1.4547001276052742,0.5742237345810294,0.957039557635049,2.4117396852403234,10.221182475542323,5.014887282007656,1.5312632922160783,0.7656316461080391,0.7656316461080391,0.957039557635049,1.76095278604849,0.3445342407486176,0.0,0.0,31.37435367114788,33.33333333333333,49.063670411985015,50.0,6.748107188430454
portugal,Primeira Liga,2025,Andreas Schjelderup,21.0,M,Norway,176.0,73.0,28,20,1732.0,7.0,5.0,2.0,0.0,2,0,2,0.0,0,0.20785219399538105,1.1951501154734412,0.7274826789838338,0.3637413394919169,0.25981524249422633,0.6235565819861432,0.25981524249422633,33.5161662817552,2.2344110854503465,1.6108545034642032,0.0,0.10392609699769052,1.7147806004618937,11.95150115473441,5.767898383371825,4.312933025404157,1.8706697459584294,1.0392609699769053,1.9745958429561201,1.2990762124711317,0.10392609699769052,0.0,0.0,22.81860465116279,60.86956521739131,48.26086956521739,43.373493975903614,7.435103926096998
portugal,Primeira Liga,2025,Andrew,24.0,G,Brazil,189.0,76.0,17,17,1496.0,0.0,0.0,0.0,0.0,0,0,2,0.0,1,0.0,0.0,0.0,0.0,0.0,0.0,0.0,30.56149732620321,0.0,0.06016042780748663,0.0,0.0,0.06016042780748663,0.6016042780748663,0.6016042780748663,0.0,0.0,0.0,0.06016042780748663,0.06016042780748663,0.12032085561497326,0.0,0.06016042780748663,21.572834645669293,,100.0,,7.140106951871658
portugal,Primeira Liga,2025,Andrey,23.0,M,Brazil,,,2,1,145.0,0.0,0.0,0.0,0.0,0,0,0,0.0,0,0.0,0.6206896551724138,0.0,0.0,0.0,0.0,0.0,35.37931034482759,1.8620689655172413,3.7241379310344827,1.2413793103448276,0.6206896551724138,4.344827586206897,10.551724137931034,6.206896551724138,0.6206896551724138,0.0,0.6206896551724138,0.0,1.8620689655172413,0.0,0.0,0.0,23.36842105263158,0.0,58.82352941176471,0.0,7.088275862068965
portugal,Primeira Liga,2025,André Ceitil,30.0,M,Portugal,184.0,78.0,4,0,96.0,0.0,0.0,0.0,0.0,0,0,0,0.0,0,0.0,0.0,0.0,0.0,0.0,0.0,0.0,29.0625,0.9375,2.8125,2.8125,0.9375,3.75,14.0625,6.5625,0.9375,0.0,0.0,0.0,2.8125,0.0,0.0,0.0,9.0,,46.666666666666664,0.0,6.854166666666667
portugal,Primeira Liga,2025,André Ferreira,29.0,G,Portugal,193.0,79.0,22,22,1980.0,0.0,1.0,0.0,0.0,0,0,2,0.0,0,0.0,0.0,0.0,0.0,0.045454545454545456,0.045454545454545456,0.0,33.04545454545455,0.045454545454545456,0.0,0.0,0.0,0.0,0.8636363636363635,0.7272727272727273,0.0,0.0,0.09090909090909091,0.5454545454545454,0.0,0.09090909090909091,0.0,0.0,22.1292984869326,,84.21052631578947,,7.172727272727273
portugal,Primeira Liga,2025,André Geraldes,34.0,D,Portugal,180.0,70.0,28,22,2108.0,0.0,0.0,0.0,1.0,0,0,8,0.0,0,0.04269449715370019,0.04269449715370019,0.04269449715370019,0.0,0.0,0.0,0.0,29.24573055028463,0.17077798861480076,1.152751423149905,0.5550284629981025,0.5977229601518027,1.7504743833017078,5.0379506641366225,2.6043643263757117,0.5123339658444023,0.29886148007590135,0.21347248576850095,0.5550284629981025,1.0673624288425048,0.3415559772296015,0.0,0.0,27.391812865497077,100.0,51.69491525423729,58.333333333333336,6.55673624288425
portugal,Primeira Liga,2025,André Gomes,21.0,G,Portugal,182.0,80.0,25,25,2250.0,0.0,0.0,0.0,1.0,0,0,4,0.0,0,0.0,0.0,0.0,0.0,0.0,0.0,0.0,21.36,0.0,0.0,0.0,0.0,0.0,0.4,0.32,0.0,0.0,0.0,0.12,0.04,0.16,0.0,0.0,12.685393258426966,,80.0,,6.848
portugal,Primeira Liga,2025,André Lacximicant,24.0,F,Portugal,188.0,80.0,22,12,1214.0,3.0,2.0,0.0,0.0,0,0,4,0.0,0,0.29654036243822074,2.5205930807248764,1.2602965403624382,0.22240527182866554,0.14827018121911037,0.37067545304777594,0.22240527182866554,14.827018121911037,0.8896210873146622,1.186161449752883,0.07413509060955518,0.14827018121911037,1.3344316309719935,11.490939044481054,4.744645799011532,1.2602965403624382,0.4448105436573311,0.29654036243822074,1.4085667215815485,1.7792421746293243,0.29654036243822074,0.0,0.0,8.145,50.0,41.29032258064516,35.294117647058826,6.716392092257001
portugal,Primeira Liga,2025,André Luiz,23.0,F,Brazil,185.0,77.0,19,17,1500.0,7.0,5.0,2.0,0.0,0,0,3,0.0,0,0.24,2.04,1.14,0.42000000000000004,0.30000000000000004,0.72,0.42000000000000004,16.2,1.32,1.5,0.18,0.06,1.5599999999999998,14.04,6.659999999999999,5.04,1.8,0.6000000000000001,2.9399999999999995,0.66,0.18,0.0,0.0,13.866666666666667,55.88235294117647,47.43589743589743,35.714285714285715,7.476133333333334
portugal,Primeira Liga,2025,André Miranda,18.0,F,Portugal,,,1,0,16.0,0.0,0.0,0.0,0.0,0,0,0,0.0,0,0.0,0.0,0.0,0.0,0.0,0.0,0.0,22.5,0.0,0.0,0.0,0.0,0.0,11.25,5.625,0.0,0.0,0.0,5.625,0.0,0.0,0.0,0.0,3.0,,50.0,,6.3
portugal,Primeira Liga,2025,André Oliveira,19.0,D,,,,0,0,0.0,0.0,0.0,0.0,0.0,0,0,0,0.0,0,,,,,,,,,,,,,,,,,,,,,,,,,,,,
portugal,Primeira Liga,2025,André Oliveira,20.0,M,Portugal,186.0,76.0,0,0,0.0,0.0,0.0,0.0,0.0,0,0,0,0.0,0,,,,,,,,,,,,,,,,,,,,,,,,,,,,
portugal,Primeira Liga,2025,André Paulo,29.0,G,Portugal,188.0,76.0,0,0,0.0,0.0,0.0,0.0,0.0,0,0,0,0.0,0,,,,,,,,,,,,,,,,,,,,,,,,,,,,
portugal,Primeira Liga,2025,André Sousa,35.0,M,Portugal,181.0,78.0,12,1,147.0,0.0,2.0,0.0,0.0,0,0,1,0.0,0,0.0,0.6122448979591837,0.0,0.0,1.2244897959183674,1.2244897959183674,0.0,39.183673469387756,1.8367346938775508,2.4489795918367347,0.0,0.0,2.4489795918367347,9.795918367346939,6.122448979591837,0.6122448979591837,0.0,0.0,2.4489795918367347,0.0,0.6122448979591837,0.0,0.0,10.84375,0.0,62.5,0.0,6.9628571428571435
portugal,Primeira Liga,2025,Antef Tsoungui,23.0,D,Belgium,185.0,68.0,23,15,1385.0,0.0,0.0,0.0,0.0,0,0,8,0.0,0,0.06498194945848375,0.3898916967509025,0.06498194945848375,0.0,0.0,0.0,0.0,46.332129963898915,0.3898916967509025,2.339350180505415,0.8447653429602888,1.03971119133574,3.3790613718411553,9.942238267148015,5.1985559566787005,0.779783393501805,0.51985559566787,0.6498194945848376,1.55956678700361,2.5992779783393503,0.51985559566787,0.0,0.0,37.24123422159888,16.666666666666664,52.28758169934641,66.66666666666666,6.803610108303249
portugal,Primeira Liga,2025,Anthony Carter,31.0,F,Australia,192.0,86.0,5,1,129.0,0.0,1.0,0.0,0.0,0,0,1,0.0,0,0.6976744186046512,0.6976744186046512,0.6976744186046512,0.0,0.6976744186046512,0.6976744186046512,0.0,26.511627906976745,2.0930232558139537,0.6976744186046512,0.0,0.0,0.6976744186046512,25.813953488372093,11.860465116279071,1.3953488372093024,0.6976744186046512,0.6976744186046512,1.3953488372093024,3.488372093023256,0.6976744186046512,0.0,0.0,4.894736842105263,100.0,45.94594594594595,50.0,6.388372093023256
portugal,Primeira Liga,2025,Antoine Joujou,22.0,F,France,189.0,84.0,23,4,594.0,3.0,1.0,0.0,0.0,0,0,0,0.0,0,0.6060606060606061,2.121212121212121,1.3636363636363638,0.4545454545454546,0.15151515151515152,0.6060606060606061,0.4545454545454546,27.878787878787875,1.3636363636363638,2.4242424242424243,0.0,0.9090909090909092,3.333333333333333,13.787878787878787,5.90909090909091,4.696969696969697,1.2121212121212122,0.9090909090909092,0.9090909090909092,0.9090909090909092,0.0,0.0,0.0,12.33695652173913,64.28571428571429,42.857142857142854,25.806451612903224,6.927164685908319
portugal,Primeira Liga,2025,Antonio Espigares,21.0,D,Spain,187.0,78.0,19,9,1005.0,1.0,0.0,0.0,0.0,0,0,2,0.0,0,0.0,0.5373134328358209,0.1791044776119403,0.08955223880597014,0.0,0.08955223880597014,0.08955223880597014,49.07462686567164,0.1791044776119403,0.8059701492537313,0.5373134328358209,0.3582089552238806,1.164179104477612,9.044776119402986,5.014925373134329,0.1791044776119403,0.1791044776119403,0.26865671641791045,0.08955223880597014,1.0746268656716418,0.1791044776119403,0.0,0.0,44.605839416058394,33.33333333333333,55.44554455445545,100.0,6.818862275449102
portugal,Primeira Liga,2025,Antonio Gil,17.0,M,,,,1,0,10.0,0.0,0.0,0.0,0.0,0,0,0,0.0,0,0.0,0.0,0.0,0.0,0.0,0.0,0.0,18.0,0.0,0.0,0.0,0.0,0.0,18.0,0.0,0.0,0.0,0.0,0.0,9.0,0.0,0.0,0.0,2.0,,0.0,,6.2
portugal,Primeira Liga,2025,Antonio Machado,19.0,F,Portugal,172.0,60.0,0,0,0.0,0.0,0.0,0.0,0.0,0,0,0,0.0,0,,,,,,,,,,,,,,,,,,,,,,,,,,,,
portugal,Primeira Liga,2025,Antonis Papakanellos,20.0,M,Greece,186.0,,21,2,442.0,0.0,0.0,0.0,0.0,0,0,1,0.0,0,0.0,0.20361990950226247,0.0,0.0,0.0,0.0,0.0,34.20814479638009,0.40723981900452494,2.4434389140271495,0.20361990950226247,0.20361990950226247,2.6470588235294117,18.122171945701357,6.923076923076923,6.515837104072399,2.850678733031674,0.8144796380090499,1.2217194570135748,2.0361990950226243,0.20361990950226247,0.0,0.0,9.463855421686747,0.0,38.20224719101123,43.75,6.467499999999999
portugal,Primeira Liga,2025,António Silva,22.0,D,Portugal,187.0,82.0,25,20,1866.0,0.0,2.0,0.0,2.0,0,0,6,0.0,0,0.0,0.5305466237942122,0.19292604501607716,0.0,0.09646302250803858,0.09646302250803858,0.0,66.02893890675242,0.5305466237942122,1.4469453376205788,0.3858520900321543,1.4469453376205788,2.8938906752411575,9.212218649517684,5.498392282958199,0.3858520900321543,0.24115755627009647,0.3858520900321543,0.9646302250803859,1.157556270096463,0.28938906752411575,0.0,0.0,61.94521548575602,36.36363636363637,59.68586387434554,62.5,7.281296891747052
portugal,Primeira Liga,2025,Anísio Cabral,17.0,F,,,,6,0,64.0,2.0,0.0,0.0,0.0,0,0,0,0.0,0,0.0,8.4375,5.625,2.8125,0.0,2.8125,2.8125,30.9375,1.40625,0.0,0.0,0.0,0.0,16.875,8.4375,1.40625,1.40625,0.0,2.8125,1.40625,0.0,0.0,0.0,3.6363636363636362,66.66666666666666,50.0,100.0,6.7828124999999995
portugal,Primeira Liga,2025,Arjen Van Der Heide,24.0,F,Netherlands,174.0,70.0,10,2,255.0,0.0,0.0,0.0,0.0,0,0,0,0.0,0,1.0588235294117647,1.0588235294117647,0.0,0.0,0.0,0.0,0.0,21.176470588235293,1.4117647058823528,1.4117647058823528,0.3529411764705882,1.0588235294117647,2.4705882352941178,9.529411764705882,5.647058823529411,2.1176470588235294,1.0588235294117647,0.0,0.3529411764705882,1.0588235294117647,0.0,0.0,0.0,8.155172413793103,0.0,59.25925925925925,50.0,6.63921568627451
portugal,Primeira Liga,2025,Arnas Voitinovicius,19.0,G,Lithuania,,,0,0,0.0,0.0,0.0,0.0,0.0,0,0,0,0.0,0,,,,,,,,,,,,,,,,,,,,,,,,,,,,
portugal,Primeira Liga,2025,Arnau Casas,21.0,D,Spain,191.0,78.0,0,0,0.0,0.0,0.0,0.0,0.0,0,0,0,0.0,0,,,,,,,,,,,,,,,,,,,,,,,,,,,,
portugal,Primeira Liga,2025,Arnau Solà,22.0,D,Spain,179.0,73.0,10,7,591.0,0.0,1.0,0.0,0.0,0,0,1,0.0,0,0.15228426395939085,0.3045685279187817,0.0,0.0,0.15228426395939085,0.15228426395939085,0.0,36.09137055837563,1.0659898477157361,1.2182741116751268,1.0659898477157361,0.7614213197969543,1.9796954314720814,5.939086294416244,3.6548223350253806,0.7614213197969543,0.3045685279187817,0.15228426395939085,1.3705583756345179,0.45685279187817257,0.15228426395939085,0.0,0.0,24.272340425531915,0.0,61.53846153846154,40.0,6.392554991539763
portugal,Primeira Liga,2025,Arthur Tchaptchet,19.0,D,France,,,0,0,0.0,0.0,0.0,0.0,0.0,0,0,0,0.0,0,,,,,,,,,,,,,,,,,,,,,,,,,,,,
portugal,Primeira Liga,2025,Assane Ndiaye Dione,26.0,M,Senegal,177.0,71.0,0,0,0.0,0.0,0.0,0.0,0.0,0,0,0,0.0,0,,,,,,,,,,,,,,,,,,,,,,,,,,,,
portugal,Primeira Liga,2025,Atanas Chernev,23.0,D,Bulgaria,,,15,12,1024.0,0.0,0.0,0.0,2.0,0,0,4,0.0,0,0.0,0.439453125,0.0,0.0,0.0,0.0,0.0,38.232421875,0.17578125,1.58203125,0.263671875,0.263671875,1.845703125,7.55859375,4.130859375,0.439453125,0.087890625,0.439453125,0.3515625,1.142578125,0.3515625,0.0,0.0,34.232183908045975,0.0,54.65116279069767,20.0,6.5712890625
portugal,Primeira Liga,2025,Babatunde Akinsola,22.0,M,Nigeria,175.0,67.0,34,28,2453.0,1.0,4.0,0.0,0.0,0,0,2,0.0,0,0.330207908683245,1.2841418671015083,0.44027721157766,0.036689767631471665,0.14675907052588666,0.18344883815735835,0.036689767631471665,16.25356706074195,1.1373827965756216,0.770485120260905,0.036689767631471665,0.6237260497350183,1.3942111699959234,10.08968609865471,3.925805136567468,3.3020790868324497,1.5042804728903383,0.5870362821035466,1.2474520994700367,0.8071748878923767,0.07337953526294333,0.0,0.0,12.040632054176072,34.285714285714285,38.90909090909091,45.55555555555556,6.64836867862969
portugal,Primeira Liga,2025,Bas Kuipers,31.0,D,Netherlands,180.0,74.0,17,16,1352.0,1.0,2.0,0.0,0.0,0,0,3,0.0,0,0.1997041420118343,0.4659763313609468,0.1331360946745562,0.0665680473372781,0.1331360946745562,0.1997041420118343,0.0665680473372781,28.624260355029588,0.599112426035503,0.665680473372781,0.3328402366863905,0.7322485207100592,1.39792899408284,4.792899408284024,2.46301775147929,0.3994082840236686,0.1331360946745562,0.4659763313609468,0.9985207100591715,0.5325443786982248,0.1997041420118343,0.0,0.0,22.84186046511628,28.57142857142857,51.388888888888886,33.33333333333333,6.576775147928994
portugal,Primeira Liga,2025,Bassco Soyer,19.0,F,Peru,172.0,68.0,0,0,0.0,0.0,0.0,0.0,0.0,0,0,0,0.0,0,,,,,,,,,,,,,,,,,,,,,,,,,,,,
portugal,Primeira Liga,2025,Bastien Meupiyou,19.0,D,France,191.0,80.0,30,30,2619.0,0.0,0.0,0.0,2.0,0,0,6,0.0,1,0.03436426116838488,0.1718213058419244,0.06872852233676977,0.0,0.0,0.0,0.0,45.63573883161512,0.06872852233676977,1.6151202749140894,0.44673539518900346,1.0652920962199313,2.6804123711340204,7.422680412371134,3.9862542955326457,1.2027491408934707,0.6872852233676976,0.5498281786941581,0.4810996563573883,1.0309278350515463,0.2061855670103093,0.0,0.03436426116838488,40.66867469879518,40.0,53.70370370370371,57.14285714285714,6.533333333333333
portugal,Primeira Liga,2025,Bebeto,35.0,D,Brazil,174.0,66.0,24,22,1905.0,3.0,0.0,0.0,1.0,3,0,4,0.0,0,0.1889763779527559,0.23622047244094488,0.14173228346456693,0.14173228346456693,0.0,0.14173228346456693,0.0,34.110236220472444,0.7086614173228346,3.2598425196850394,0.6141732283464567,1.4173228346456692,4.677165354330708,10.488188976377952,5.763779527559055,0.6141732283464567,0.3307086614173228,1.6535433070866141,0.9448818897637795,1.4645669291338583,0.1889763779527559,0.0,0.0,26.854570637119114,60.0,54.95495495495496,53.84615384615385,6.799580052493439
portugal,Primeira Liga,2025,Beni Mukendi,23.0,M,Angola,180.0,73.0,29,27,2253.0,1.0,1.0,0.0,1.0,0,0,7,0.0,0,0.0,0.1997336884154461,0.07989347536617843,0.03994673768308921,0.03994673768308921,0.07989347536617843,0.03994673768308921,49.6138482023968,0.4793608521970706,1.997336884154461,0.11984021304926765,1.3182423435419441,3.315579227696405,9.786950732356857,6.071904127829561,1.677762982689747,1.0785619174434087,0.3595206391478029,2.03728362183755,1.2383488681757657,0.2796271637816245,0.0,0.0,45.2512077294686,40.0,62.04081632653061,64.28571428571429,6.933732800710165
portugal,Primeira Liga,2025,Benjamin Mbunga-Kimpioka,25.0,F,Sweden,183.0,73.0,10,5,525.0,0.0,0.0,0.0,1.0,0,0,3,0.0,0,0.5142857142857142,0.6857142857142857,0.34285714285714286,0.0,0.0,0.0,0.0,15.771428571428572,0.34285714285714286,1.0285714285714285,0.17142857142857143,0.5142857142857142,1.542857142857143,15.257142857142856,5.485714285714286,2.571428571428571,1.2000000000000002,0.34285714285714286,2.057142857142857,3.428571428571429,0.5142857142857142,0.0,0.0,11.054347826086957,50.0,35.95505617977528,46.666666666666664,6.470229007633588
portugal,Primeira Liga,2025,Bernardo Fontes,23.0,G,Brazil,196.0,90.0,34,34,3065.0,0.0,0.0,0.0,0.0,0,0,2,0.0,0,0.0,0.02936378466557912,0.0,0.0,0.0,0.0,0.0,28.864600326264274,0.02936378466557912,0.08809135399673736,0.0,0.0,0.08809135399673736,0.7634584013050572,0.6753670473083198,0.02936378466557912,0.0,0.02936378466557912,0.32300163132137033,0.0,0.05872756933115824,0.0,0.0,18.34791454730417,0.0,88.46153846153845,0.0,7.0505709624796085
portugal,Primeira Liga,2025,Bernardo Lima,17.0,M,Portugal,,,1,0,8.0,0.0,0.0,0.0,0.0,0,0,0,0.0,0,0.0,0.0,0.0,0.0,0.0,0.0,0.0,22.5,11.25,0.0,11.25,0.0,0.0,0.0,0.0,0.0,0.0,0.0,0.0,0.0,0.0,0.0,0.0,2.0,,,,6.9
portugal,Primeira Liga,2025,Bernardo Lourenço,23.0,M,Portugal,179.0,70.0,0,0,0.0,0.0,0.0,0.0,0.0,0,0,0,0.0,0,,,,,,,,,,,,,,,,,,,,,,,,,,,,
portugal,Primeira Liga,2025,Bernardo Martins,28.0,M,Portugal,176.0,72.0,14,6,619.0,1.0,1.0,0.0,0.0,0,0,0,0.0,0,0.0,2.035541195476575,1.1631663974151858,0.14539579967689822,0.14539579967689822,0.29079159935379645,0.14539579967689822,35.33117932148627,0.8723747980613893,2.617124394184168,0.0,0.5815831987075929,3.198707592891761,15.993537964458804,7.415185783521809,2.762520193861066,1.308562197092084,2.3263327948303716,2.617124394184168,2.47172859450727,0.0,0.0,0.0,18.19753086419753,57.14285714285714,46.36363636363636,47.368421052631575,6.5899838449111465
portugal,Primeira Liga,2025,Bernardo Schappo,26.0,D,Brazil,,,26,24,2062.0,0.0,0.0,0.0,1.0,0,0,6,0.0,0,0.04364694471387003,0.43646944713870034,0.04364694471387003,0.0,0.0,0.0,0.0,48.57904946653734,0.17458777885548013,1.833171677982541,0.9165858389912706,1.2221144519883609,3.055286129970902,10.562560620756546,6.852570320077596,0.3055286129970902,0.1309408341416101,0.6547041707080504,0.6983511154219205,1.2221144519883609,0.2618816682832202,0.0,0.0,40.23989218328841,10.0,64.87603305785123,42.857142857142854,6.971144519883608
portugal,Primeira Liga,2025,Billal Brahimi,25.0,F,Algeria,183.0,75.0,4,0,88.0,0.0,0.0,0.0,0.0,0,0,0,0.0,0,2.0454545454545454,0.0,0.0,0.0,0.0,0.0,0.0,40.90909090909091,3.068181818181818,0.0,0.0,1.0227272727272727,1.0227272727272727,4.090909090909091,1.0227272727272727,1.0227272727272727,1.0227272727272727,1.0227272727272727,0.0,1.0227272727272727,0.0,0.0,0.0,11.025,,25.0,100.0,6.411363636363637
portugal,Primeira Liga,2025,Boris Popović,25.0,D,Serbia,189.0,75.0,17,13,1158.0,1.0,0.0,0.0,0.0,0,0,3,0.0,0,0.0,0.38860103626943004,0.15544041450777202,0.07772020725388601,0.0,0.07772020725388601,0.07772020725388601,48.575129533678755,0.07772020725388601,0.6994818652849741,1.0880829015544042,0.9326424870466321,1.632124352331606,5.984455958549224,3.0310880829015545,0.15544041450777202,0.07772020725388601,0.15544041450777202,0.5440414507772021,1.0103626943005182,0.23316062176165803,0.0,0.0,46.829855537720704,40.0,50.649350649350644,50.0,6.4778065630397235
portugal,Primeira Liga,2025,Borja Sainz,24.0,F,Spain,178.0,75.0,30,18,1603.0,5.0,3.0,1.0,0.0,0,0,5,0.0,0,1.2351840299438552,1.965065502183406,1.0667498440424206,0.280723643169058,0.1684341859014348,0.44915782907049284,0.280723643169058,24.029943855271366,0.8983156581409857,1.122894572676232,0.0,0.561447286338116,1.684341859014348,11.060511540860885,4.4354335620711165,2.919525888958203,1.2351840299438552,1.7404865876481599,1.7404865876481599,1.8527760449157828,0.280723643169058,0.0,0.0,15.63231850117096,54.285714285714285,40.10152284263959,42.30769230769231,6.931441048034935
portugal,Primeira Liga,2025,Brandon Aguilera,22.0,M,Costa Rica,179.0,60.0,19,17,1377.0,1.0,0.0,0.0,0.0,0,0,4,0.0,0,0.0,0.7189542483660131,0.32679738562091504,0.06535947712418301,0.0,0.06535947712418301,0.06535947712418301,41.43790849673203,0.9803921568627452,1.0457516339869282,0.0,1.0457516339869282,2.0915032679738563,9.542483660130719,5.294117647058823,1.6339869281045754,0.9150326797385621,0.8496732026143791,2.7450980392156863,1.1111111111111112,0.26143790849673204,0.0,0.0,31.728706624605678,45.45454545454545,55.47945205479452,56.00000000000001,6.878939724037763
portugal,Primeira Liga,2025,Brayan Medina,23.0,D,Colombia,180.0,81.0,25,25,2204.0,0.0,1.0,2.0,3.0,0,0,10,0.0,2,0.04083484573502722,0.40834845735027225,0.16333938294010888,0.0,0.04083484573502722,0.04083484573502722,0.0,34.21960072595281,0.24500907441016334,2.531760435571688,0.6941923774954628,0.9392014519056262,3.470961887477314,9.43284936479129,5.716878402903811,0.4900181488203267,0.20417422867513613,0.367513611615245,0.44918330308529947,1.1433756805807622,0.40834845735027225,0.0,0.08166969147005444,32.83054892601432,40.0,60.60606060606061,41.66666666666667,6.691560798548094
portugal,Primeira Liga,2025,Brenner,23.0,F,Brazil,171.0,,28,12,1215.0,0.0,1.0,1.0,0.0,0,0,2,0.0,0,0.5185185185185186,1.5555555555555554,0.5185185185185186,0.0,0.07407407407407407,0.07407407407407407,0.0,15.407407407407408,1.7037037037037037,0.3703703703703704,0.14814814814814814,0.5185185185185186,0.8888888888888888,10.444444444444445,4.444444444444445,3.259259259259259,1.1851851851851851,0.3703703703703704,2.3703703703703702,1.1851851851851851,0.14814814814814814,0.0,0.0,10.192307692307692,33.33333333333333,42.5531914893617,36.36363636363637,6.694238683127572
portugal,Primeira Liga,2025,Brian Agbor,24.0,D,Cameroon,180.0,65.0,0,0,0.0,0.0,0.0,0.0,0.0,0,0,0,0.0,0,,,,,,,,,,,,,,,,,,,,,,,,,,,,
portugal,Primeira Liga,2025,Brian Mansilla,23.0,F,Uruguay,176.0,75.0,20,1,372.0,0.0,0.0,0.0,0.0,0,0,1,0.0,0,0.24193548387096775,1.2096774193548387,0.24193548387096775,0.0,0.0,0.0,0.0,21.532258064516128,1.4516129032258065,2.4193548387096775,0.0,0.7258064516129032,3.1451612903225805,20.080645161290324,7.258064516129032,7.741935483870968,1.935483870967742,2.4193548387096775,1.4516129032258065,0.967741935483871,0.24193548387096775,0.0,0.0,5.746987951807229,20.0,36.144578313253014,25.0,6.407008086253369
portugal,Primeira Liga,2025,Bright Arrey-Mbi,22.0,D,Germany,187.0,90.0,23,21,1838.0,0.0,0.0,0.0,1.0,0,0,3,0.0,0,0.0,0.0,0.0,0.0,0.0,0.0,0.0,58.6126224156692,0.09793253536452666,1.6648531011969532,0.5875952121871599,0.7834602829162133,2.4483133841131663,5.386289445048966,3.133841131664853,0.44069640914036995,0.34276387377584333,0.29379760609357997,0.24483133841131666,0.8813928182807399,0.14689880304678998,0.0,0.0,56.40852130325815,,58.18181818181818,77.77777777777779,6.7158868335146895
portugal,Primeira Liga,2025,Bruma,31.0,F,Portugal,173.0,70.0,3,0,30.0,0.0,0.0,0.0,0.0,0,0,0,0.0,0,3.0,3.0,0.0,0.0,0.0,0.0,0.0,33.0,0.0,3.0,0.0,0.0,3.0,18.0,9.0,12.0,6.0,0.0,0.0,3.0,0.0,0.0,0.0,3.1818181818181817,0.0,50.0,50.0,6.459999999999999
portugal,Primeira Liga,2025,Bruno Duarte,18.0,F,,,,0,0,0.0,0.0,0.0,0.0,0.0,0,0,0,0.0,0,,,,,,,,,,,,,,,,,,,,,,,,,,,,
portugal,Primeira Liga,2025,Bruno Langa,28.0,D,Mozambique,178.0,70.0,11,11,895.0,0.0,0.0,0.0,0.0,0,0,0,0.0,0,0.0,0.10055865921787709,0.0,0.0,0.0,0.0,0.0,28.35754189944134,0.8044692737430167,1.6089385474860334,0.10055865921787709,1.1061452513966479,2.7150837988826817,7.039106145251397,5.329608938547486,1.5083798882681565,1.4078212290502794,0.0,1.8100558659217876,0.7039106145251397,0.0,0.0,0.0,21.180851063829788,0.0,75.71428571428571,93.33333333333333,6.880000000000001
portugal,Primeira Liga,2025,Bruno Lourenço,27.0,F,Portugal,179.0,67.0,7,2,233.0,0.0,0.0,0.0,1.0,0,0,0,0.0,0,0.0,1.5450643776824033,0.38626609442060084,0.0,0.0,0.0,0.0,32.832618025751074,1.1587982832618027,1.9313304721030042,0.0,0.38626609442060084,2.3175965665236054,13.133047210300429,6.5665236051502145,1.9313304721030042,0.7725321888412017,1.1587982832618027,2.3175965665236054,1.5450643776824033,0.0,0.0,0.0,13.4,25.0,50.0,40.0,6.39656652360515
portugal,Primeira Liga,2025,Bryan Caicedo,19.0,F,Colombia,173.0,68.0,0,0,0.0,0.0,0.0,0.0,0.0,0,0,0,0.0,0,,,,,,,,,,,,,,,,,,,,,,,,,,,,
portugal,Primeira Liga,2025,Caio,35.0,G,Brazil,195.0,95.0,11,11,990.0,0.0,0.0,0.0,1.0,0,0,3,0.0,0,0.0,0.0,0.0,0.0,0.0,0.0,0.0,27.0,0.09090909090909091,0.09090909090909091,0.0,0.0,0.09090909090909091,0.7272727272727273,0.5454545454545454,0.0,0.0,0.09090909090909091,0.2727272727272727,0.09090909090909091,0.2727272727272727,0.0,0.0,19.77104377104377,,75.0,,6.736363636363636
portugal,Primeira Liga,2025,Carlos Eduardo,23.0,F,Brazil,192.0,85.0,15,3,321.0,2.0,0.0,0.0,0.0,0,0,0,0.0,0,1.1214953271028036,1.6822429906542056,0.8411214953271028,0.5607476635514018,0.0,0.5607476635514018,0.5607476635514018,7.289719626168224,0.5607476635514018,1.1214953271028036,0.0,0.5607476635514018,1.6822429906542056,15.140186915887849,5.327102803738318,1.4018691588785046,0.2803738317757009,0.2803738317757009,1.1214953271028036,3.08411214953271,0.0,0.0,0.0,3.5454545454545454,50.0,35.18518518518518,20.0,6.514018691588785
portugal,Primeira Liga,2025,Carlos Ponck,35.0,D,Cape Verde,185.0,78.0,16,9,928.0,0.0,0.0,0.0,1.0,0,0,3,0.0,0,0.0,0.09698275862068965,0.0,0.0,0.0,0.0,0.0,29.288793103448274,0.1939655172413793,1.3577586206896552,0.872844827586207,0.9698275862068966,2.3275862068965516,6.982758620689656,3.685344827586207,0.4849137931034483,0.29094827586206895,0.7758620689655172,0.1939655172413793,1.454741379310345,0.29094827586206895,0.0,0.0,24.692052980132452,0.0,52.77777777777778,60.0,6.352047413793104
portugal,Primeira Liga,2025,Cassiano,36.0,F,Brazil,184.0,87.0,33,24,1965.0,6.0,0.0,1.0,0.0,2,2,5,0.0,1,0.4122137404580153,1.3282442748091603,0.5954198473282443,0.2748091603053435,0.0,0.2748091603053435,0.183206106870229,13.419847328244275,0.45801526717557256,1.0534351145038168,0.13740458015267176,0.13740458015267176,1.1908396946564885,16.671755725190838,7.099236641221374,0.5954198473282443,0.22900763358778628,0.3206106870229008,2.519083969465649,2.4274809160305346,0.22900763358778628,0.0,0.04580152671755725,6.292096219931271,44.827586206896555,42.582417582417584,38.46153846153847,6.571043256997456
portugal,Primeira Liga,2025,Cedric Teguia,24.0,F,Spain,180.0,74.0,21,9,869.0,0.0,0.0,0.0,0.0,0,0,2,0.0,0,0.0,0.621403912543153,0.20713463751438435,0.0,0.0,0.0,0.0,27.03107019562716,1.3463751438434983,1.3463751438434983,0.0,1.139240506329114,2.485615650172612,9.735327963176065,4.556962025316456,1.760644418872267,0.9321058688147296,1.3463751438434983,1.0356731875719218,1.242807825086306,0.20713463751438435,0.0,0.0,15.084615384615384,33.33333333333333,46.808510638297875,52.94117647058824,6.570276497695852
portugal,Primeira Liga,2025,Cezary Miszta,24.0,G,Poland,193.0,80.0,21,21,1890.0,0.0,0.0,0.0,1.0,0,0,6,0.0,0,0.0,0.0,0.0,0.0,0.0,0.0,0.0,34.19047619047619,0.0,0.0,0.0,0.0,0.0,0.5238095238095238,0.33333333333333337,0.0,0.0,0.09523809523809525,0.1904761904761905,0.04761904761904762,0.2857142857142857,0.0,0.0,24.45264623955432,,63.63636363636363,,7.0285714285714285
portugal,Primeira Liga,2025,Charles,31.0,G,Brazil,186.0,82.0,19,19,1715.0,0.0,0.0,0.0,0.0,0,0,2,0.0,0,0.0,0.0,0.0,0.0,0.0,0.0,0.0,29.70262390670554,0.0,0.052478134110787174,0.0,0.0,0.052478134110787174,0.5247813411078717,0.5247813411078717,0.0,0.0,0.0,0.3673469387755102,0.0,0.10495626822157435,0.0,0.0,24.10600706713781,,100.0,,6.7889212827988334
portugal,Primeira Liga,2025,Chiheb Labidi,24.0,M,Tunisia,190.0,82.0,28,18,1628.0,1.0,1.0,0.0,1.0,0,0,8,0.0,1,0.0,0.773955773955774,0.386977886977887,0.05528255528255528,0.05528255528255528,0.11056511056511056,0.05528255528255528,30.23955773955774,0.6633906633906634,2.598280098280098,0.9398034398034397,0.6081081081081081,3.2063882063882065,13.323095823095823,5.362407862407863,1.6031941031941033,0.5528255528255528,1.4373464373464373,0.8845208845208845,2.2665847665847667,0.44226044226044225,0.0,0.05528255528255528,21.926739926739927,50.0,40.24896265560166,34.48275862068966,6.554545454545454
portugal,Primeira Liga,2025,Chiquinho,25.0,F,Portugal,179.0,73.0,20,18,1492.0,2.0,4.0,2.0,1.0,1,0,6,0.0,0,0.06032171581769437,0.9651474530831099,0.36193029490616624,0.12064343163538874,0.24128686327077747,0.36193029490616624,0.06032171581769437,15.140750670241287,1.3270777479892761,1.628686327077748,0.18096514745308312,0.42225201072386054,2.050938337801609,16.528150134048257,8.5656836461126,4.463806970509383,1.9302949061662198,0.48257372654155495,4.524128686327078,1.809651474530831,0.36193029490616624,0.0,0.0,10.536,37.5,51.82481751824818,43.24324324324324,7.145576407506703
portugal,Primeira Liga,2025,Christian Marques,22.0,D,Portugal,188.0,81.0,31,31,2721.0,0.0,0.0,1.0,0.0,0,0,6,0.0,0,0.06615214994487321,0.09922822491730982,0.03307607497243661,0.0,0.0,0.0,0.0,39.55898566703418,0.26460859977949286,1.1576626240352812,0.826901874310915,1.1576626240352812,2.3153252480705624,5.788313120176406,2.811466372657111,0.16538037486218302,0.13230429988974643,0.5953693495038589,0.5292171995589857,1.0253583241455346,0.19845644983461963,0.0,0.0,38.76672240802676,33.33333333333333,48.57142857142857,80.0,6.678390297684675
portugal,Primeira Liga,2025,Cicero,28.0,M,Brazil,178.0,66.0,18,15,1211.0,1.0,1.0,0.0,1.0,0,0,6,0.0,0,0.07431874483897605,0.4459124690338563,0.22295623451692814,0.07431874483897605,0.07431874483897605,0.1486374896779521,0.07431874483897605,40.05780346820809,0.2972749793559042,1.486374896779521,0.2972749793559042,1.6350123864574733,3.1213872832369938,9.066886870355077,4.830718414533443,0.22295623451692814,0.1486374896779521,0.6688687035507844,0.8918249380677126,1.263418662262593,0.4459124690338563,0.0,0.0,32.47680890538033,50.0,53.278688524590166,66.66666666666666,6.779851362510322
portugal,Primeira Liga,2025,Claudio Mendes,25.0,F,Spain,186.0,80.0,13,2,287.0,1.0,0.0,0.0,0.0,0,0,1,0.0,1,2.822299651567944,2.822299651567944,1.254355400696864,0.313588850174216,0.0,0.313588850174216,0.313588850174216,13.797909407665504,0.0,0.313588850174216,0.313588850174216,0.9407665505226481,1.254355400696864,19.75609756097561,6.898954703832752,1.8815331010452963,0.0,0.0,3.449477351916376,4.70383275261324,0.313588850174216,0.0,0.313588850174216,2.4523809523809526,44.44444444444444,34.92063492063492,0.0,6.396853146853147
portugal,Primeira Liga,2025,Clayton,26.0,F,Brazil,184.0,80.0,19,18,1600.0,10.0,4.0,1.0,0.0,2,1,8,0.0,1,1.29375,1.8,1.29375,0.5625,0.225,0.7875000000000001,0.45,12.262500000000001,0.61875,0.16874999999999998,0.28125,0.05625,0.225,12.43125,5.00625,1.6312499999999999,0.33749999999999997,0.45,3.2624999999999997,2.3625,0.45,0.0,0.05625,10.29816513761468,71.875,40.27149321266968,20.689655172413794,7.2215625
portugal,Primeira Liga,2025,Cláudio Ramos,34.0,G,Portugal,183.0,83.0,2,1,135.0,0.0,0.0,0.0,0.0,0,0,0,0.0,0,0.0,0.0,0.0,0.0,0.0,0.0,0.0,25.999999999999996,0.0,0.0,0.0,0.0,0.0,1.3333333333333335,0.6666666666666667,0.0,0.0,0.0,0.6666666666666667,0.0,0.0,0.0,0.0,18.666666666666668,,50.0,,6.633333333333334
portugal,Primeira Liga,2025,Conrad Harder,20.0,F,Denmark,185.0,71.0,4,0,67.0,1.0,0.0,0.0,0.0,0,0,0,0.0,0,0.0,5.3731343283582085,5.3731343283582085,1.3432835820895521,0.0,1.3432835820895521,1.3432835820895521,13.432835820895521,0.0,4.029850746268656,0.0,1.3432835820895521,5.3731343283582085,14.776119402985074,8.059701492537313,0.0,0.0,1.3432835820895521,2.6865671641791042,0.0,0.0,0.0,0.0,2.8,100.0,54.54545454545454,,6.701492537313433
portugal,Primeira Liga,2025,Costinha,33.0,M,Portugal,170.0,66.0,2,1,63.0,0.0,0.0,0.0,0.0,0,0,0,0.0,0,0.0,0.0,0.0,0.0,0.0,0.0,0.0,20.0,0.0,1.4285714285714284,0.0,0.0,1.4285714285714284,10.0,4.285714285714286,0.0,0.0,0.0,1.4285714285714284,1.4285714285714284,0.0,0.0,0.0,6.714285714285714,,42.857142857142854,,6.585714285714285
portugal,Primeira Liga,2025,Cristian Castro,24.0,D,Colombia,192.0,82.0,26,26,2165.0,0.0,0.0,0.0,0.0,0,0,6,0.0,1,0.04157043879907621,0.16628175519630484,0.04157043879907621,0.0,0.0,0.0,0.0,36.37413394919169,0.20785219399538105,0.8729792147806005,0.6651270207852193,1.4549653579676676,2.327944572748268,5.196304849884527,2.909930715935335,0.3325635103926097,0.24942263279445728,0.4157043879907621,0.7066974595842956,0.8314087759815242,0.24942263279445728,0.0,0.04157043879907621,36.42857142857143,25.0,56.00000000000001,75.0,6.585450346420323
portugal,Primeira Liga,2025,Cédric Nuozzi,19.0,F,Belgium,177.0,,25,10,912.0,1.0,0.0,0.0,0.0,0,0,0,0.0,0,0.4934210526315789,1.0855263157894737,0.5921052631578947,0.09868421052631579,0.0,0.09868421052631579,0.09868421052631579,20.230263157894736,0.888157894736842,1.1842105263157894,0.19736842105263158,0.19736842105263158,1.381578947368421,11.94078947368421,5.032894736842105,4.342105263157895,1.381578947368421,0.6907894736842105,1.875,0.4934210526315789,0.0,0.0,0.0,10.719211822660098,54.54545454545454,42.14876033057851,31.818181818181817,6.677631578947368
portugal,Primeira Liga,2025,Dailon Rocha Livramento,24.0,F,Netherlands,185.0,82.0,26,11,1060.0,0.0,1.0,0.0,0.0,0,0,2,0.0,0,0.5943396226415094,1.9528301886792452,0.8490566037735848,0.0,0.08490566037735849,0.08490566037735849,0.0,13.075471698113207,0.9339622641509433,0.4245283018867924,0.0,0.25471698113207547,0.6792452830188679,14.264150943396226,5.518867924528302,1.6981132075471697,0.8490566037735848,0.33962264150943394,0.7641509433962264,1.7830188679245282,0.16981132075471697,0.0,0.0,5.189542483660131,43.47826086956522,38.69047619047619,50.0,6.420566037735849
portugal,Primeira Liga,2025,Daniel Azevedo,27.0,G,Portugal,195.0,90.0,3,2,217.0,0.0,0.0,0.0,0.0,0,0,1,0.0,0,0.0,0.0,0.0,0.0,0.0,0.0,0.0,38.15668202764977,0.0,0.0,0.0,0.0,0.0,0.4147465437788018,0.4147465437788018,0.0,0.0,0.0,0.0,0.0,0.4147465437788018,0.0,0.0,27.869565217391305,,100.0,,6.4926267281106
portugal,Primeira Liga,2025,Daniel Banjaqui,17.0,D,,,,2,2,153.0,0.0,0.0,0.0,0.0,0,0,0,0.0,0,0.0,2.3529411764705883,0.5882352941176471,0.0,0.0,0.0,0.0,44.705882352941174,1.1764705882352942,3.5294117647058822,0.0,0.5882352941176471,4.117647058823529,14.705882352941178,8.823529411764707,3.5294117647058822,2.3529411764705883,1.1764705882352942,1.1764705882352942,1.1764705882352942,0.0,0.0,0.0,29.92105263157895,25.0,60.0,66.66666666666666,7.5588235294117645
portugal,Primeira Liga,2025,Daniel Bragança,26.0,M,Portugal,178.0,71.0,14,5,538.0,6.0,0.0,0.0,0.0,0,0,1,0.0,0,0.16728624535315983,1.8401486988847584,1.5055762081784385,1.003717472118959,0.0,1.003717472118959,1.003717472118959,62.56505576208178,1.3382899628252787,2.007434944237918,0.16728624535315983,1.3382899628252787,3.345724907063197,8.698884758364313,5.018587360594795,0.8364312267657993,0.5018587360594795,0.5018587360594795,1.6728624535315986,1.5055762081784385,0.16728624535315983,0.0,0.0,45.786096256684495,81.81818181818183,57.692307692307686,60.0,7.543122676579926
portugal,Primeira Liga,2025,Daniel Figueira,27.0,G,Portugal,189.0,83.0,10,9,840.0,0.0,0.0,0.0,0.0,0,0,2,0.0,0,0.0,0.0,0.0,0.0,0.0,0.0,0.0,28.392857142857142,0.10714285714285715,0.0,0.0,0.0,0.0,0.3214285714285714,0.3214285714285714,0.0,0.0,0.0,0.2142857142857143,0.0,0.2142857142857143,0.0,0.0,18.50943396226415,,100.0,,6.775
portugal,Primeira Liga,2025,Daniel Júnior,23.0,M,Brazil,,,17,8,753.0,0.0,1.0,0.0,0.0,0,0,3,0.0,0,0.0,1.5537848605577689,1.0756972111553784,0.0,0.1195219123505976,0.1195219123505976,0.0,29.282868525896415,2.151394422310757,1.6733067729083666,0.1195219123505976,1.0756972111553784,2.7490039840637452,12.669322709163348,5.7370517928286855,3.585657370517928,1.6733067729083666,0.9561752988047808,2.151394422310757,1.792828685258964,0.35856573705179284,0.0,0.0,19.84081632653061,69.23076923076923,45.28301886792453,46.666666666666664,6.671143617021277
portugal,Primeira Liga,2025,Danilo,21.0,D,Brazil,,,1,0,22.0,0.0,0.0,0.0,0.0,0,0,0,0.0,0,0.0,0.0,0.0,0.0,0.0,0.0,0.0,73.63636363636364,8.181818181818182,8.181818181818182,0.0,4.090909090909091,12.272727272727272,32.72727272727273,16.363636363636363,4.090909090909091,4.090909090909091,0.0,0.0,0.0,0.0,0.0,0.0,14.0,,50.0,100.0,6.3
portugal,Primeira Liga,2025,Dany Jean,23.0,M,Haiti,175.0,68.0,2,2,174.0,0.0,0.0,0.0,0.0,0,0,0,0.0,0,0.0,2.0689655172413794,0.5172413793103449,0.0,0.0,0.0,0.0,28.448275862068964,1.5517241379310345,0.5172413793103449,0.0,1.0344827586206897,1.5517241379310345,11.896551724137932,6.206896551724138,3.6206896551724137,2.0689655172413794,0.5172413793103449,3.103448275862069,1.5517241379310345,0.0,0.0,0.0,21.2,25.0,52.17391304347826,57.14285714285714,6.844827586206897
portugal,Primeira Liga,2025,Dario Špikić,26.0,F,Croatia,183.0,79.0,30,24,1799.0,2.0,3.0,0.0,0.0,0,0,1,0.0,0,0.05002779321845469,0.9505280711506393,0.500277932184547,0.10005558643690939,0.15008337965536409,0.2501389660922735,0.10005558643690939,21.662034463590885,1.2506948304613674,1.6008893829905502,0.05002779321845469,0.8004446914952751,2.4013340744858254,11.80655919955531,4.602556976097832,2.4013340744858254,1.000555864369094,1.2006670372429127,1.350750416898277,1.8510283490828239,0.05002779321845469,0.0,0.0,13.921478060046189,52.63157894736842,38.983050847457626,41.66666666666667,6.541634241245136
portugal,Primeira Liga,2025,Darlan,27.0,M,Brazil,170.0,66.0,7,0,106.0,0.0,0.0,0.0,0.0,0,0,1,0.0,0,0.0,0.0,0.0,0.0,0.0,0.0,0.0,19.528301886792452,0.8490566037735848,3.3962264150943393,0.0,0.8490566037735848,4.245283018867925,10.18867924528302,3.3962264150943393,0.8490566037735848,0.0,0.0,0.0,3.3962264150943393,0.8490566037735848,0.0,0.0,4.136363636363637,,33.33333333333333,0.0,6.581132075471698
portugal,Primeira Liga,2025,David Bruno,33.0,D,Portugal,176.0,68.0,2,2,158.0,0.0,0.0,0.0,0.0,0,0,0,0.0,0,0.0,0.0,0.0,0.0,0.0,0.0,0.0,39.30379746835443,1.139240506329114,0.0,0.0,1.139240506329114,1.139240506329114,2.278481012658228,0.569620253164557,0.0,0.0,0.569620253164557,0.569620253164557,0.569620253164557,0.0,0.0,0.0,30.47826086956522,,25.0,,6.983544303797469
portugal,Primeira Liga,2025,David Grilo,29.0,G,Portugal,184.0,75.0,1,1,90.0,0.0,0.0,0.0,0.0,0,0,0,0.0,0,0.0,0.0,0.0,0.0,0.0,0.0,0.0,38.0,0.0,0.0,0.0,0.0,0.0,0.0,0.0,0.0,0.0,0.0,0.0,0.0,0.0,0.0,0.0,18.0,,,,6.2
portugal,Primeira Liga,2025,David Moreira,21.0,D,Portugal,171.0,71.0,0,0,0.0,0.0,0.0,0.0,0.0,0,0,0,0.0,0,,,,,,,,,,,,,,,,,,,,,,,,,,,,
portugal,Primeira Liga,2025,David Simão,35.0,M,Portugal,183.0,80.0,12,8,668.0,0.0,0.0,0.0,0.0,0,0,3,0.0,0,0.0,0.40419161676646703,0.1347305389221557,0.0,0.0,0.0,0.0,56.58682634730538,0.9431137724550898,2.155688622754491,0.6736526946107785,1.6167664670658681,3.772455089820359,10.508982035928144,5.254491017964072,0.8083832335329341,0.5389221556886228,1.0778443113772456,1.6167664670658681,2.0209580838323356,0.40419161676646703,0.0,0.0,36.516666666666666,33.33333333333333,50.0,66.66666666666666,6.7729041916167665
portugal,Primeira Liga,2025,David Sousa,24.0,D,Brazil,192.0,79.0,28,27,2445.0,2.0,0.0,0.0,0.0,0,0,13,0.0,0,0.0,0.588957055214724,0.22085889570552147,0.0736196319018405,0.0,0.0736196319018405,0.0736196319018405,35.779141104294474,0.294478527607362,1.8773006134969326,0.588957055214724,1.7668711656441718,3.6441717791411046,8.98159509202454,5.190184049079755,0.25766871165644173,0.147239263803681,0.6257668711656442,0.40490797546012275,1.619631901840491,0.4785276073619632,0.0,0.0,30.254115226337447,37.5,57.786885245901644,57.14285714285714,6.7140695296523525
portugal,Primeira Liga,2025,Davy Gui,19.0,M,Côte d'Ivoire,185.0,,28,2,620.0,1.0,1.0,0.0,0.0,0,0,3,0.0,0,0.0,1.596774193548387,0.43548387096774194,0.14516129032258066,0.14516129032258066,0.2903225806451613,0.14516129032258066,39.91935483870968,0.7258064516129032,3.629032258064516,0.2903225806451613,1.1612903225806452,4.790322580645161,12.919354838709678,6.967741935483871,1.3064516129032258,0.8709677419354839,1.0161290322580645,1.7419354838709677,2.758064516129032,0.43548387096774194,0.0,0.0,17.14181818181818,27.27272727272727,53.93258426966292,66.66666666666666,6.654119547657512
portugal,Primeira Liga,2025,Deivison Souza Brito,19.0,M,Brazil,185.0,78.0,4,1,113.0,0.0,0.0,0.0,0.0,0,0,1,0.0,1,0.0,0.0,0.0,0.0,0.0,0.0,0.0,20.707964601769913,0.0,2.3893805309734515,0.0,0.0,2.3893805309734515,13.53982300884956,7.168141592920354,2.3893805309734515,1.592920353982301,0.7964601769911505,1.592920353982301,1.592920353982301,0.7964601769911505,0.0,0.7964601769911505,7.846153846153846,,52.94117647058824,66.66666666666666,6.069642857142857
portugal,Primeira Liga,2025,Demir Ege Tıknaz,21.0,M,Türkiye,193.0,78.0,10,5,475.0,0.0,1.0,0.0,0.0,0,0,2,0.0,0,0.0,0.37894736842105264,0.37894736842105264,0.0,0.18947368421052632,0.18947368421052632,0.0,65.17894736842106,0.7578947368421053,3.031578947368421,0.37894736842105264,0.7578947368421053,3.789473684210526,10.23157894736842,6.63157894736842,1.5157894736842106,0.9473684210526315,0.5684210526315789,0.5684210526315789,1.3263157894736841,0.37894736842105264,0.0,0.0,46.3343023255814,100.0,64.81481481481481,62.5,6.980212765957447
portugal,Primeira Liga,2025,Deniz Gül,21.0,F,Sweden,190.0,82.0,29,12,1179.0,5.0,1.0,0.0,0.0,1,0,3,0.0,0,0.5343511450381679,1.5267175572519083,0.9923664122137404,0.38167938931297707,0.07633587786259542,0.45801526717557256,0.3053435114503817,12.366412213740459,0.7633587786259541,0.6106870229007634,0.15267175572519084,0.15267175572519084,0.7633587786259541,12.595419847328245,4.122137404580153,1.6030534351145038,0.6106870229007634,0.6106870229007634,0.9160305343511451,2.8244274809160306,0.22900763358778628,0.0,0.0,5.14375,65.0,32.72727272727273,38.095238095238095,6.5569974554707375
portugal,Primeira Liga,2025,Diego Callai,21.0,G,Brazil,190.0,88.0,0,0,0.0,0.0,0.0,0.0,0.0,0,0,0,0.0,0,,,,,,,,,,,,,,,,,,,,,,,,,,,,
portugal,Primeira Liga,2025,Diego Duarte,23.0,F,Paraguay,176.0,78.0,27,13,1303.0,3.0,1.0,0.0,0.0,0,0,0,0.0,0,0.41442824251726784,1.3123561013046814,0.7597851112816577,0.20721412125863392,0.06907137375287797,0.2762854950115119,0.20721412125863392,13.399846508058326,0.8288564850345357,1.7267843438219492,0.13814274750575595,0.2762854950115119,2.003069838833461,10.706062931696087,5.042210283960092,0.7597851112816577,0.34535686876438987,0.6907137375287797,1.3814274750575595,0.9669992325402916,0.0,0.0,0.0,6.704663212435233,57.89473684210527,47.096774193548384,45.45454545454545,6.785330261136712
portugal,Primeira Liga,2025,Diego Rodrigues,20.0,M,Portugal,185.0,74.0,20,8,866.0,1.0,2.0,1.0,0.0,0,0,2,0.0,0,0.0,0.5196304849884527,0.3117782909930716,0.10392609699769052,0.20785219399538105,0.3117782909930716,0.10392609699769052,50.81986143187067,1.9745958429561201,1.766743648960739,0.20785219399538105,0.9353348729792147,2.7020785219399537,8.521939953810623,4.2609699769053115,1.6628175519630484,0.7274826789838338,0.8314087759815242,1.1431870669745958,1.5588914549653579,0.20785219399538105,0.0,0.0,34.77914110429448,60.0,50.0,43.75,6.99907514450867
portugal,Primeira Liga,2025,Diego Tavares,20.0,D,Portugal,185.0,78.0,0,0,0.0,0.0,0.0,0.0,0.0,0,0,0,0.0,0,,,,,,,,,,,,,,,,,,,,,,,,,,,,
portugal,Primeira Liga,2025,Dinis Pinto,25.0,D,Portugal,178.0,73.0,23,23,2013.0,1.0,6.0,0.0,1.0,0,0,8,0.0,0,0.0,0.5365126676602087,0.26825633383010433,0.044709388971684055,0.26825633383010433,0.31296572280178836,0.044709388971684055,36.75111773472429,0.7153502235469449,2.324888226527571,0.5812220566318927,1.0283159463487332,3.353204172876304,11.311475409836065,6.348733233979136,1.6989567809239943,0.6259314456035767,0.760059612518629,2.0566318926974665,1.4307004470938898,0.35767511177347244,0.0,0.0,31.58272506082725,50.0,56.126482213438734,36.84210526315789,6.80173869846001
portugal,Primeira Liga,2025,Diogo Bezerra,23.0,M,Brazil,,,17,14,1265.0,1.0,2.0,0.0,0.0,0,1,3,0.0,0,0.1422924901185771,1.1383399209486167,0.6403162055335968,0.07114624505928854,0.1422924901185771,0.21343873517786563,0.07114624505928854,20.98814229249012,2.205533596837945,0.924901185770751,0.21343873517786563,0.4980237154150198,1.4229249011857708,11.596837944664031,5.122529644268774,4.553359683794467,1.992094861660079,0.7114624505928854,2.134387351778656,0.9960474308300395,0.21343873517786563,0.0,0.0,15.545762711864407,56.25,44.171779141104295,43.75,6.785612648221344
portugal,Primeira Liga,2025,Diogo Brasido,22.0,D,Portugal,179.0,73.0,0,0,0.0,0.0,0.0,0.0,0.0,0,0,0,0.0,0,,,,,,,,,,,,,,,,,,,,,,,,,,,,
portugal,Primeira Liga,2025,Diogo Calila,27.0,D,Portugal,180.0,73.0,23,9,1000.0,1.0,0.0,0.0,1.0,0,0,4,0.0,0,0.09,0.54,0.18,0.09,0.0,0.09,0.09,28.71,0.72,0.99,0.27,0.99,1.98,8.73,4.05,1.6199999999999999,0.45,0.72,1.26,0.99,0.36,0.0,0.0,17.238993710691823,33.33333333333333,46.391752577319586,27.77777777777778,6.625325325325325
portugal,Primeira Liga,2025,Diogo Costa,26.0,G,Portugal,186.0,82.0,33,33,2907.0,0.0,0.0,0.0,0.0,0,0,3,0.0,0,0.0,0.0,0.0,0.0,0.0,0.0,0.0,30.86687306501548,0.0,0.0,0.0,0.0,0.0,0.30959752321981426,0.30959752321981426,0.0,0.0,0.0,0.1238390092879257,0.0,0.09287925696594426,0.0,0.0,25.90270812437312,,100.0,,7.08452012383901
portugal,Primeira Liga,2025,Diogo Dias,22.0,G,Portugal,184.0,77.0,0,0,0.0,0.0,0.0,0.0,0.0,0,0,0,0.0,0,,,,,,,,,,,,,,,,,,,,,,,,,,,,
portugal,Primeira Liga,2025,Diogo Ferreira,18.0,G,Portugal,192.0,84.0,0,0,0.0,0.0,0.0,0.0,0.0,0,0,0,0.0,0,,,,,,,,,,,,,,,,,,,,,,,,,,,,
portugal,Primeira Liga,2025,Diogo Martins,29.0,M,Portugal,174.0,71.0,1,0,8.0,0.0,0.0,0.0,0.0,0,0,0,0.0,0,0.0,11.25,11.25,0.0,0.0,0.0,0.0,56.25,0.0,0.0,0.0,0.0,0.0,0.0,0.0,0.0,0.0,0.0,0.0,0.0,0.0,0.0,0.0,4.0,100.0,,,6.6
portugal,Primeira Liga,2025,Diogo Monteiro,20.0,D,Portugal,184.0,75.0,8,3,315.0,0.0,0.0,0.0,0.0,0,0,1,0.0,0,0.0,0.0,0.0,0.0,0.0,0.0,0.0,30.28571428571429,0.5714285714285714,2.571428571428571,0.5714285714285714,1.4285714285714284,4.0,10.857142857142858,6.857142857142858,2.0,0.8571428571428572,0.8571428571428572,0.5714285714285714,1.1428571428571428,0.2857142857142857,0.0,0.0,16.60952380952381,,63.1578947368421,42.857142857142854,6.647133757961783
portugal,Primeira Liga,2025,Diogo Pereira,22.0,M,Portugal,189.0,71.0,0,0,0.0,0.0,0.0,0.0,0.0,0,0,0,0.0,0,,,,,,,,,,,,,,,,,,,,,,,,,,,,
portugal,Primeira Liga,2025,Diogo Pinto,21.0,G,Portugal,195.0,87.0,0,0,0.0,0.0,0.0,0.0,0.0,0,0,0,0.0,0,,,,,,,,,,,,,,,,,,,,,,,,,,,,
portugal,Primeira Liga,2025,Diogo Prioste,21.0,M,Portugal,178.0,77.0,2,0,25.0,0.0,0.0,0.0,0.0,0,0,0,0.0,0,0.0,0.0,0.0,0.0,0.0,0.0,0.0,82.8,0.0,0.0,0.0,0.0,0.0,7.2,7.2,0.0,0.0,0.0,3.6,0.0,0.0,0.0,0.0,12.565217391304348,,100.0,,6.6
portugal,Primeira Liga,2025,Diogo Sousa,19.0,M,Portugal,176.0,70.0,22,12,1168.0,1.0,1.0,0.0,0.0,0,0,5,0.0,0,0.07705479452054795,1.309931506849315,0.6934931506849314,0.07705479452054795,0.07705479452054795,0.1541095890410959,0.07705479452054795,48.544520547945204,0.6164383561643836,2.4657534246575343,0.07705479452054795,1.1558219178082192,3.6215753424657535,11.789383561643834,6.318493150684931,2.3886986301369864,1.7722602739726026,1.0017123287671232,1.1558219178082192,2.3116438356164384,0.3852739726027397,0.0,0.0,31.033333333333335,52.94117647058824,53.59477124183007,74.19354838709677,6.946147260273973
portugal,Primeira Liga,2025,Diogo Spencer,21.0,D,Portugal,178.0,66.0,20,15,1260.0,1.0,2.0,0.0,0.0,0,0,2,0.0,0,0.07142857142857142,0.2857142857142857,0.14285714285714285,0.07142857142857142,0.14285714285714285,0.2142857142857143,0.07142857142857142,32.857142857142854,1.0714285714285714,1.5,0.2142857142857143,1.0,2.5,9.142857142857142,4.785714285714286,3.357142857142857,2.357142857142857,0.5714285714285714,0.5714285714285714,1.2857142857142856,0.14285714285714285,0.0,0.0,22.355263157894736,50.0,52.34375,70.2127659574468,6.666084193804607
portugal,Primeira Liga,2025,Diogo Travassos,21.0,M,Portugal,176.0,72.0,29,27,2436.0,5.0,3.0,0.0,1.0,0,0,2,0.0,0,0.18472906403940886,0.9236453201970443,0.4433497536945813,0.18472906403940886,0.11083743842364532,0.29556650246305416,0.18472906403940886,33.50985221674877,0.8866995073891626,2.3275862068965516,0.18472906403940886,0.9605911330049262,3.2881773399014778,11.527093596059114,5.874384236453202,2.955665024630542,1.293103448275862,0.8128078817733989,1.7733990147783252,1.6995073891625616,0.07389162561576354,0.0,0.0,29.028665931642777,48.0,50.96153846153846,43.75,6.94404761904762
portugal,Primeira Liga,2025,Dodi Lukebakio,28.0,F,Belgium,187.0,77.0,17,8,745.0,0.0,3.0,1.0,0.0,0,0,1,0.0,0,0.36241610738255037,2.6577181208053693,1.087248322147651,0.0,0.36241610738255037,0.36241610738255037,0.0,32.61744966442953,2.778523489932886,0.8456375838926173,0.0,0.6040268456375839,1.4496644295302015,9.664429530201343,5.557046979865772,4.590604026845638,2.899328859060403,0.12080536912751677,1.3288590604026846,1.087248322147651,0.12080536912751677,0.0,0.0,19.6,40.909090909090914,57.49999999999999,63.1578947368421,7.159597315436241
portugal,Primeira Liga,2025,Domingos Jose Gabriel Bandeira,22.0,D,Angola,192.0,80.0,14,13,1172.0,0.0,0.0,0.0,0.0,0,0,6,0.0,0,0.0,0.15358361774744028,0.07679180887372014,0.0,0.0,0.0,0.0,18.506825938566553,0.0,1.6126279863481228,1.2286689419795223,0.9982935153583617,2.6109215017064846,8.600682593856655,5.298634812286689,0.30716723549488056,0.15358361774744028,0.2303754266211604,1.2286689419795223,0.9215017064846416,0.4607508532423208,0.0,0.0,13.95435684647303,50.0,61.60714285714286,50.0,6.771757679180888
portugal,Primeira Liga,2025,Dominik Prpić,21.0,D,Croatia,,,6,1,180.0,0.0,0.0,0.0,0.0,0,0,2,0.0,1,0.0,0.0,0.0,0.0,0.0,0.0,0.0,85.5,0.5,1.0,0.5,3.5,4.5,9.0,4.0,0.5,0.5,0.0,0.0,2.5,1.0,0.0,0.5,65.32934131736526,,44.44444444444444,100.0,6.616666666666666
portugal,Primeira Liga,2025,Duplexe Tchamba,27.0,D,Cameroon,191.0,78.0,5,5,416.0,1.0,0.0,0.0,0.0,0,0,2,0.0,0,0.0,0.8653846153846154,0.21634615384615385,0.21634615384615385,0.0,0.21634615384615385,0.21634615384615385,52.13942307692308,0.21634615384615385,1.0817307692307694,1.9471153846153846,2.1634615384615388,3.2451923076923075,7.788461538461538,4.759615384615384,0.4326923076923077,0.4326923076923077,0.6490384615384616,1.0817307692307694,0.4326923076923077,0.4326923076923077,0.0,0.0,37.10373443983403,25.0,61.111111111111114,100.0,6.740865384615384
portugal,Primeira Liga,2025,Dylan Nandín,23.0,F,Uruguay,181.0,76.0,21,10,920.0,1.0,2.0,0.0,1.0,0,0,2,0.0,1,0.09782608695652174,1.3695652173913044,0.6847826086956522,0.09782608695652174,0.1956521739130435,0.2934782608695652,0.09782608695652174,14.57608695652174,1.1739130434782608,1.3695652173913044,0.1956521739130435,0.1956521739130435,1.565217391304348,16.532608695652172,6.6521739130434785,1.8586956521739129,0.4891304347826087,0.1956521739130435,2.1521739130434785,2.25,0.1956521739130435,0.0,0.09782608695652174,6.8389261744966445,50.0,40.23668639053255,26.31578947368421,6.471195652173913
portugal,Primeira Liga,2025,Eddy Doue,20.0,M,,,,14,9,811.0,1.0,0.0,0.0,0.0,0,0,4,0.0,0,0.0,0.4438964241676942,0.2219482120838471,0.11097410604192355,0.0,0.11097410604192355,0.11097410604192355,37.39827373612824,0.7768187422934648,1.8865598027127004,0.2219482120838471,1.220715166461159,3.1072749691738593,10.653514180024661,5.437731196054254,2.6633785450061653,1.8865598027127004,0.6658446362515413,0.9987669543773119,1.6646115906288534,0.4438964241676942,0.0,0.0,23.54005934718101,50.0,51.041666666666664,70.83333333333334,6.722318125770654
portugal,Primeira Liga,2025,Edgar Melvin Costa,21.0,F,,,,0,0,0.0,0.0,0.0,0.0,0.0,0,0,0,0.0,0,,,,,,,,,,,,,,,,,,,,,,,,,,,,
portugal,Primeira Liga,2025,Edney Henrique,21.0,M,,,,1,1,45.0,0.0,0.0,0.0,0.0,0,0,0,0.0,0,0.0,0.0,0.0,0.0,0.0,0.0,0.0,28.0,0.0,0.0,0.0,0.0,0.0,10.0,10.0,0.0,0.0,0.0,8.0,0.0,0.0,0.0,0.0,9.0,,100.0,,6.6
portugal,Primeira Liga,2025,Edson Mucuana,22.0,D,Mozambique,167.0,63.0,1,1,81.0,0.0,0.0,0.0,0.0,0,0,0,0.0,0,0.0,0.0,0.0,0.0,0.0,0.0,0.0,37.77777777777778,1.1111111111111112,1.1111111111111112,1.1111111111111112,3.333333333333333,4.444444444444445,7.777777777777778,3.333333333333333,4.444444444444445,2.2222222222222223,1.1111111111111112,0.0,0.0,0.0,0.0,0.0,28.0,,42.857142857142854,50.0,6.5
portugal,Primeira Liga,2025,Eduardo Dos Santos Haesler,26.0,G,Germany,196.0,89.0,0,0,0.0,0.0,0.0,0.0,0.0,0,0,0,0.0,0,,,,,,,,,,,,,,,,,,,,,,,,,,,,
portugal,Primeira Liga,2025,Eduardo Felicíssimo,18.0,M,Portugal,187.0,76.0,1,0,8.0,0.0,0.0,0.0,0.0,0,0,0,0.0,0,0.0,0.0,0.0,0.0,0.0,0.0,0.0,101.25,0.0,0.0,0.0,0.0,0.0,0.0,0.0,0.0,0.0,0.0,0.0,0.0,0.0,0.0,0.0,9.0,,,,6.6
portugal,Primeira Liga,2025,Eduardo Quaresma,23.0,D,Portugal,185.0,76.0,16,13,1186.0,2.0,2.0,0.0,0.0,0,0,2,0.0,0,0.0,0.22765598650927485,0.15177065767284992,0.15177065767284992,0.15177065767284992,0.30354131534569984,0.15177065767284992,82.56323777403036,0.3794266441821248,3.1871838111298487,0.15177065767284992,0.8347386172006745,4.021922428330523,9.713322091062395,6.146711635750421,1.0623946037099494,0.6070826306913997,0.4553119730185497,0.7588532883642496,1.0623946037099494,0.15177065767284992,0.0,0.0,79.97058823529412,66.66666666666666,63.28125,57.14285714285714,7.467763713080168
portugal,Primeira Liga,2025,Ejike Opara,20.0,F,Nigeria,,,1,0,8.0,0.0,0.0,0.0,0.0,0,0,0,0.0,0,0.0,0.0,0.0,0.0,0.0,0.0,0.0,22.5,0.0,22.5,0.0,0.0,22.5,45.0,22.5,0.0,0.0,11.25,0.0,0.0,0.0,0.0,0.0,2.0,,50.0,,6.5
portugal,Primeira Liga,2025,Elias Manoel,24.0,F,Brazil,176.0,75.0,15,0,300.0,3.0,0.0,0.0,0.0,0,0,1,0.0,0,0.0,2.6999999999999997,1.5,0.9,0.0,0.9,0.9,19.200000000000003,0.6000000000000001,0.9,0.0,1.2000000000000002,2.1,11.700000000000001,5.3999999999999995,1.5,0.6000000000000001,0.30000000000000004,2.1,1.2000000000000002,0.30000000000000004,0.0,0.0,4.171875,55.55555555555556,46.15384615384615,40.0,6.802666666666667
portugal,Primeira Liga,2025,Emmanuel Maviram,24.0,D,Nigeria,168.0,64.0,20,17,1465.0,2.0,2.0,0.0,0.0,0,0,4,0.0,0,0.12286689419795221,0.6143344709897611,0.24573378839590443,0.12286689419795221,0.12286689419795221,0.24573378839590443,0.12286689419795221,28.13651877133106,0.8600682593856654,1.0443686006825939,0.18430034129692832,1.5972696245733788,2.641638225255973,6.757679180887372,3.1331058020477816,1.0443686006825939,0.6143344709897611,0.9829351535836177,0.7372013651877133,0.9829351535836177,0.24573378839590443,0.0,0.0,18.347161572052403,40.0,46.36363636363636,58.82352941176471,6.555904436860068
portugal,Primeira Liga,2025,Ennio Van Der Gouw,25.0,G,Netherlands,195.0,76.0,10,10,900.0,0.0,0.0,0.0,0.0,0,0,1,0.0,0,0.0,0.0,0.0,0.0,0.0,0.0,0.0,36.6,0.0,0.0,0.0,0.0,0.0,0.6000000000000001,0.6000000000000001,0.0,0.0,0.0,0.1,0.0,0.1,0.0,0.0,27.363387978142075,,100.0,,6.9
portugal,Primeira Liga,2025,Enzo Barrenechea,24.0,M,Argentina,186.0,81.0,26,21,1806.0,1.0,0.0,0.0,0.0,0,0,7,0.0,0,0.0,0.5980066445182725,0.24916943521594687,0.04983388704318937,0.0,0.04983388704318937,0.04983388704318937,71.36212624584718,0.39867109634551495,2.292358803986711,0.29900332225913623,1.7940199335548173,4.086378737541528,9.916943521594684,5.48172757475083,0.24916943521594687,0.09966777408637874,1.0465116279069768,1.5448504983388704,1.744186046511628,0.3488372093023256,0.0,0.0,67.71648044692738,41.66666666666667,55.27638190954774,40.0,7.193739612188365
portugal,Primeira Liga,2025,Eric da Silva Moreira,19.0,F,Germany,184.0,82.0,3,0,70.0,0.0,0.0,0.0,0.0,0,0,0,0.0,0,0.0,1.2857142857142856,1.2857142857142856,0.0,0.0,0.0,0.0,43.714285714285715,0.0,3.857142857142857,0.0,5.142857142857142,9.0,19.285714285714285,9.0,5.142857142857142,0.0,1.2857142857142856,3.857142857142857,1.2857142857142856,0.0,0.0,0.0,12.088235294117647,100.0,46.666666666666664,0.0,6.515714285714286
portugal,Primeira Liga,2025,Espen Van Ee,22.0,M,Netherlands,179.0,68.0,26,22,1892.0,2.0,1.0,0.0,1.0,0,0,7,0.0,0,0.0,0.6183932346723044,0.2854122621564482,0.09513742071881608,0.04756871035940804,0.1427061310782241,0.09513742071881608,47.188160676532775,0.6183932346723044,2.521141649048626,0.2854122621564482,1.4746300211416492,3.9957716701902752,10.6553911205074,5.422832980972516,0.9513742071881607,0.33298097251585623,1.1892177589852009,1.7124735729386893,1.8551797040169133,0.33298097251585623,0.0,0.0,40.94450050454087,46.15384615384615,50.89285714285714,35.0,6.7869978858350954
portugal,Primeira Liga,2025,Fabiano Souza,25.0,D,Brazil,175.0,70.0,7,6,502.0,0.0,0.0,0.0,0.0,0,0,3,0.0,0,0.0,0.0,0.0,0.0,0.0,0.0,0.0,36.39442231075697,0.35856573705179284,1.6135458167330679,0.0,1.0756972111553784,2.6892430278884465,9.322709163346614,4.48207171314741,0.7171314741035857,0.17928286852589642,0.896414342629482,1.4342629482071714,1.6135458167330679,0.5378486055776892,0.0,0.0,26.20689655172414,,48.07692307692308,25.0,6.485258964143426
portugal,Primeira Liga,2025,Fabio Blanco,21.0,F,Spain,179.0,71.0,15,3,402.0,0.0,0.0,0.0,0.0,0,0,3,0.0,1,0.22388059701492538,1.5671641791044777,0.6716417910447761,0.0,0.0,0.0,0.0,24.402985074626866,1.3432835820895521,1.119402985074627,0.0,0.0,1.119402985074627,13.656716417910449,5.3731343283582085,4.477611940298508,2.238805970149254,2.014925373134328,2.014925373134328,2.238805970149254,0.6716417910447761,0.0,0.22388059701492538,9.880733944954128,42.857142857142854,39.34426229508197,50.0,6.462344139650873
portugal,Primeira Liga,2025,Fabrício Garcia,24.0,F,Cape Verde,172.0,64.0,13,0,278.0,1.0,0.0,0.0,0.0,0,0,1,0.0,0,0.32374100719424465,1.9424460431654678,0.9712230215827339,0.32374100719424465,0.0,0.32374100719424465,0.32374100719424465,22.014388489208635,0.9712230215827339,0.9712230215827339,0.32374100719424465,0.0,0.9712230215827339,11.33093525179856,6.151079136690648,2.9136690647482015,1.618705035971223,0.6474820143884893,2.2661870503597124,0.32374100719424465,0.32374100719424465,0.0,0.0,7.015625,50.0,54.285714285714285,55.55555555555556,6.666304347826087
portugal,Primeira Liga,2025,Facundo Cáseres,24.0,M,Argentina,176.0,68.0,29,27,2206.0,0.0,0.0,0.0,0.0,0,0,8,0.0,0,0.0,0.16319129646418856,0.04079782411604714,0.0,0.0,0.0,0.0,40.96101541251133,0.4487760652765186,2.162284678150499,0.3671804170444243,1.1831368993653673,3.345421577515866,7.914777878513146,4.446962828649139,0.12239347234814144,0.08159564823209428,0.4487760652765186,1.71350861287398,2.1214868540344516,0.3263825929283771,0.0,0.0,34.058764940239044,25.0,56.18556701030928,66.66666666666666,6.877878513145966
portugal,Primeira Liga,2025,Fahem Benaissa-Yahia,23.0,D,France,188.0,80.0,10,6,565.0,0.0,0.0,0.0,0.0,0,0,1,0.0,0,0.0,0.3185840707964602,0.0,0.0,0.0,0.0,0.0,24.212389380530972,0.9557522123893805,2.8672566371681416,0.0,0.6371681415929203,3.504424778761062,10.035398230088495,5.893805309734513,1.592920353982301,0.7964601769911505,0.1592920353982301,0.47787610619469023,1.752212389380531,0.1592920353982301,0.0,0.0,17.282894736842106,0.0,58.730158730158735,50.0,6.660353982300885
portugal,Primeira Liga,2025,Fally Mayulu,23.0,F,France,193.0,,3,0,30.0,0.0,0.0,0.0,0.0,0,0,0,0.0,0,3.0,3.0,0.0,0.0,0.0,0.0,0.0,9.0,0.0,0.0,0.0,0.0,0.0,9.0,6.0,3.0,3.0,3.0,0.0,0.0,0.0,0.0,0.0,1.0,0.0,66.66666666666666,100.0,6.4433333333333325
portugal,Primeira Liga,2025,Felipe Lima,19.0,F,Brazil,182.0,73.0,6,0,61.0,0.0,0.0,0.0,0.0,0,0,0,0.0,0,0.0,1.4754098360655739,0.0,0.0,0.0,0.0,0.0,14.754098360655737,0.0,1.4754098360655739,0.0,0.0,1.4754098360655739,23.60655737704918,5.901639344262295,4.426229508196721,1.4754098360655739,0.0,1.4754098360655739,7.377049180327869,0.0,0.0,0.0,2.125,0.0,25.0,33.33333333333333,6.327118644067797
portugal,Primeira Liga,2025,Felix Bacher,25.0,D,Austria,190.0,82.0,34,34,3060.0,2.0,0.0,0.0,0.0,0,0,4,0.0,0,0.0,0.1764705882352941,0.058823529411764705,0.058823529411764705,0.0,0.058823529411764705,0.058823529411764705,53.029411764705884,0.23529411764705882,1.3823529411764706,0.47058823529411764,1.5,2.88235294117647,8.647058823529413,5.1764705882352935,0.29411764705882354,0.23529411764705882,0.38235294117647056,1.0882352941176472,1.0882352941176472,0.11764705882352941,0.0,0.0,52.341098169717135,33.33333333333333,59.863945578231295,80.0,6.791176470588235
portugal,Primeira Liga,2025,Ferro,28.0,D,Portugal,191.0,78.0,27,17,1634.0,2.0,0.0,0.0,1.0,0,0,4,0.0,0,0.0,0.2753977968176255,0.16523867809057527,0.11015911872705017,0.0,0.11015911872705017,0.11015911872705017,50.673194614443084,0.2753977968176255,2.203182374541004,0.550795593635251,1.9828641370869033,4.186046511627907,9.749082007343942,5.783353733170135,0.4406364749082007,0.3855569155446756,1.3769889840881273,0.33047735618115054,0.9363525091799265,0.22031823745410034,0.0,0.0,40.5804347826087,60.0,59.32203389830508,87.5,6.966564605021433
portugal,Primeira Liga,2025,Figueiredo,24.0,F,Brazil,,,27,24,1886.0,6.0,2.0,0.0,0.0,0,0,3,0.0,0,0.19088016967126195,1.5270413573700956,0.9066808059384942,0.2863202545068929,0.09544008483563098,0.3817603393425239,0.2863202545068929,26.10286320254507,1.3361611876988335,1.1452810180275717,0.09544008483563098,0.47720042417815484,1.6224814422057265,13.695652173913045,6.44220572640509,3.292682926829268,1.5747613997879109,1.0021208907741253,2.481442205726405,1.3361611876988335,0.14316012725344646,0.0,0.0,19.21834862385321,59.375,47.038327526132406,47.82608695652174,7.070360551431602
portugal,Primeira Liga,2025,Filipe Soares,26.0,M,Portugal,180.0,72.0,18,6,765.0,1.0,0.0,0.0,0.0,0,0,3,0.0,0,0.0,0.47058823529411764,0.11764705882352941,0.11764705882352941,0.0,0.11764705882352941,0.11764705882352941,38.23529411764706,0.9411764705882353,1.647058823529412,0.23529411764705882,0.5882352941176471,2.235294117647059,11.058823529411764,4.9411764705882355,2.5882352941176467,0.9411764705882353,0.9411764705882353,1.4117647058823528,1.7647058823529411,0.3529411764705882,0.0,0.0,26.215384615384615,25.0,44.680851063829785,36.36363636363637,6.977254901960785
portugal,Primeira Liga,2025,Flavio Goncalves,18.0,F,Portugal,173.0,65.0,3,0,23.0,0.0,0.0,0.0,0.0,0,0,0,0.0,0,0.0,0.0,0.0,0.0,0.0,0.0,0.0,31.304347826086957,0.0,0.0,0.0,0.0,0.0,15.652173913043478,7.826086956521739,3.9130434782608696,3.9130434782608696,3.9130434782608696,3.9130434782608696,3.9130434782608696,0.0,0.0,0.0,3.25,,50.0,100.0,6.545454545454546
portugal,Primeira Liga,2025,Florentino Luís,26.0,M,Portugal,184.0,74.0,3,0,44.0,0.0,0.0,0.0,0.0,0,0,0,0.0,0,0.0,0.0,0.0,0.0,0.0,0.0,0.0,24.545454545454543,0.0,4.090909090909091,0.0,2.0454545454545454,6.136363636363636,14.318181818181818,6.136363636363636,0.0,0.0,2.0454545454545454,0.0,4.090909090909091,0.0,0.0,0.0,4.909090909090909,,42.857142857142854,,6.568181818181818
portugal,Primeira Liga,2025,Florian Grillitsch,30.0,M,Austria,187.0,77.0,20,12,1129.0,1.0,1.0,1.0,0.0,0,0,3,0.0,0,0.07971656333038087,0.47829937998228517,0.15943312666076173,0.07971656333038087,0.07971656333038087,0.15943312666076173,0.07971656333038087,78.7599645704163,0.6377325066430469,1.6740478299379982,0.31886625332152346,1.5943312666076175,3.2683790965456154,9.406554472984942,5.819309123117804,0.7174490699734278,0.31886625332152346,0.6377325066430469,2.1523472099202836,1.1160318866253323,0.23914968999114258,0.0,0.0,62.85060975609756,33.33333333333333,61.86440677966102,44.44444444444444,7.033746678476528
portugal,Primeira Liga,2025,Fodé Pascoal,20.0,D,,,,1,0,10.0,0.0,0.0,0.0,0.0,0,0,0,0.0,0,0.0,0.0,0.0,0.0,0.0,0.0,0.0,108.0,0.0,0.0,0.0,9.0,9.0,0.0,0.0,0.0,0.0,0.0,0.0,0.0,0.0,0.0,0.0,11.0,,,,6.6
portugal,Primeira Liga,2025,Fotis Ioannidis,25.0,F,Greece,186.0,80.0,13,3,464.0,3.0,0.0,0.0,0.0,0,0,0,0.0,0,0.1939655172413793,1.9396551724137931,1.1637931034482758,0.5818965517241379,0.0,0.5818965517241379,0.5818965517241379,17.650862068965516,1.745689655172414,1.745689655172414,0.1939655172413793,0.0,1.745689655172414,12.607758620689655,6.982758620689656,3.297413793103448,1.745689655172414,0.1939655172413793,1.9396551724137931,0.9698275862068966,0.0,0.0,0.0,11.0,60.0,55.38461538461539,52.94117647058824,6.970043103448275
portugal,Primeira Liga,2025,Fran Navarro,27.0,F,Spain,179.0,74.0,29,14,1296.0,6.0,1.0,0.0,0.0,0,0,2,0.0,0,0.20833333333333331,1.1111111111111112,0.9027777777777777,0.41666666666666663,0.06944444444444445,0.4861111111111111,0.41666666666666663,16.180555555555554,0.3472222222222222,0.6944444444444444,0.1388888888888889,0.1388888888888889,0.8333333333333333,10.555555555555555,3.194444444444444,1.3888888888888888,0.41666666666666663,0.41666666666666663,1.25,1.6666666666666665,0.1388888888888889,0.0,0.0,10.553648068669528,81.25,30.263157894736842,30.0,6.5854938271604935
portugal,Primeira Liga,2025,Francisco Chissumba,20.0,M,Portugal,180.0,74.0,19,17,1523.0,0.0,0.0,0.0,0.0,0,0,3,0.0,0,0.11818778726198292,0.29546946815495734,0.05909389363099146,0.0,0.0,0.0,0.0,33.210768220617204,0.35456336178594877,2.1273801707156927,0.23637557452396585,0.9455022980958634,3.0728824688115566,10.577806959947472,5.082074852265266,2.4819435325016417,0.9455022980958634,0.7091267235718975,1.1818778726198294,1.5364412344057783,0.17728168089297439,0.0,0.0,28.877224199288257,20.0,48.04469273743017,38.095238095238095,6.67596848325673
portugal,Primeira Liga,2025,Francisco Dias,22.0,D,,,,2,2,180.0,0.0,0.0,0.0,0.0,0,0,1,0.0,0,0.0,0.0,0.0,0.0,0.0,0.0,0.0,47.0,0.5,2.5,1.0,0.5,3.0,5.0,4.0,0.5,0.0,0.0,1.5,0.0,0.5,0.0,0.0,40.340425531914896,,80.0,0.0,6.75
portugal,Primeira Liga,2025,Francisco Gonçalves,21.0,D,Portugal,188.0,84.0,10,6,570.0,0.0,0.0,0.0,0.0,0,0,2,0.0,0,0.0,0.15789473684210525,0.0,0.0,0.0,0.0,0.0,48.1578947368421,0.15789473684210525,1.263157894736842,0.631578947368421,0.631578947368421,1.894736842105263,7.578947368421052,3.9473684210526314,0.0,0.0,0.7894736842105263,0.9473684210526315,1.4210526315789473,0.3157894736842105,0.0,0.0,47.25573770491803,0.0,52.083333333333336,,6.652548330404218
portugal,Primeira Liga,2025,Francisco Moura,26.0,D,Portugal,181.0,76.0,21,16,1331.0,2.0,2.0,0.0,1.0,0,0,5,0.0,0,0.067618332081142,0.473328324567994,0.20285499624342598,0.135236664162284,0.135236664162284,0.270473328324568,0.135236664162284,41.72051089406462,0.8114199849737039,1.6228399699474079,0.067618332081142,1.284748309541698,2.907588279489106,7.302779864763336,3.921863260706236,0.879038317054846,0.608564988730278,0.33809166040571,0.473328324567994,1.284748309541698,0.33809166040571,0.0,0.0,32.6969205834684,42.857142857142854,53.70370370370371,69.23076923076923,6.907588279489106
portugal,Primeira Liga,2025,Francisco Petrasso,23.0,D,Argentina,191.0,79.0,23,18,1458.0,0.0,0.0,0.0,1.0,0,0,7,0.0,1,0.12345679012345678,0.12345679012345678,0.06172839506172839,0.0,0.0,0.0,0.0,44.69135802469136,0.12345679012345678,0.9259259259259259,0.6790123456790124,0.49382716049382713,1.419753086419753,5.061728395061729,2.7777777777777777,0.4320987654320988,0.3703703703703704,0.1851851851851852,0.3703703703703704,1.2345679012345678,0.4320987654320988,0.0,0.06172839506172839,37.22099447513812,50.0,54.87804878048781,85.71428571428571,6.681606039807825
portugal,Primeira Liga,2025,Francisco Trincão,26.0,M,Portugal,184.0,76.0,34,32,2850.0,7.0,11.0,3.0,0.0,0,0,1,0.0,0,0.06315789473684211,1.4842105263157894,0.7578947368421053,0.2210526315789474,0.3473684210526316,0.5684210526315789,0.2210526315789474,42.694736842105264,2.6842105263157894,1.105263157894737,0.031578947368421054,0.3157894736842105,1.4210526315789473,7.610526315789474,3.31578947368421,3.2526315789473683,1.2947368421052632,0.4421052631578948,0.6631578947368421,0.6947368421052632,0.031578947368421054,0.0,0.0,38.98594674556213,51.06382978723404,43.56846473029046,39.80582524271845,7.201368421052632
portugal,Primeira Liga,2025,Franjo Ivanović,22.0,F,Croatia,185.0,,25,9,886.0,6.0,1.0,2.0,0.0,1,0,1,0.0,0,0.3047404063205418,2.8442437923250568,1.8284424379232505,0.6094808126410836,0.10158013544018057,0.7110609480812642,0.5079006772009029,22.34762979683973,1.0158013544018059,0.8126410835214446,0.10158013544018057,0.4063205417607223,1.2189616252821671,16.659142212189614,6.704288939051919,3.961625282167043,2.0316027088036117,1.0158013544018059,2.234762979683973,1.930022573363431,0.10158013544018057,0.0,0.0,9.458715596330276,64.28571428571429,40.243902439024396,51.28205128205128,6.672140430351076
portugal,Primeira Liga,2025,Frederico Venâncio,32.0,D,Portugal,186.0,82.0,22,20,1731.0,1.0,1.0,0.0,1.0,0,0,6,0.0,0,0.05199306759098787,0.5199306759098787,0.1559792027729636,0.05199306759098787,0.05199306759098787,0.10398613518197573,0.05199306759098787,50.17331022530329,0.25996533795493937,1.8197573656845756,0.25996533795493937,1.8197573656845756,3.639514731369151,6.603119584055459,4.055459272097054,0.10398613518197573,0.0,0.41594454072790293,0.1559792027729636,0.8838821490467937,0.3119584055459272,0.0,0.0,47.538860103626945,30.0,61.417322834645674,0.0,6.84393063583815
portugal,Primeira Liga,2025,Fredrik Aursnes,30.0,M,Norway,179.0,71.0,28,26,2294.0,3.0,2.0,0.0,1.0,0,0,2,0.0,0,0.07846556233653008,0.8238884045335657,0.31386224934612034,0.11769834350479512,0.07846556233653008,0.19616390584132518,0.11769834350479512,51.19877942458588,2.197035745422842,2.000871839581517,0.2746294681778553,1.059285091543156,3.060156931124673,8.081952920662598,4.1979075850043595,0.980819529206626,0.5492589363557105,0.8238884045335657,0.5100261551874455,0.941586748038361,0.07846556233653008,0.0,0.0,50.05210727969349,38.095238095238095,51.94174757281553,56.00000000000001,7.204620749782041
portugal,Primeira Liga,2025,Fábio Ronaldo,24.0,D,Portugal,178.0,65.0,2,2,128.0,1.0,0.0,0.0,0.0,0,0,0,0.0,0,0.0,0.703125,0.703125,0.703125,0.0,0.703125,0.703125,18.28125,1.40625,1.40625,0.0,0.0,1.40625,11.25,6.328125,2.8125,1.40625,0.0,2.8125,0.703125,0.0,0.0,0.0,8.5,100.0,56.25,50.0,6.53125
portugal,Primeira Liga,2025,Gabri Veiga,23.0,M,Spain,184.0,76.0,31,20,1622.0,3.0,8.0,1.0,1.0,0,0,6,0.0,0,0.16646115906288533,1.7755856966707768,0.721331689272503,0.16646115906288533,0.4438964241676942,0.6103575832305795,0.16646115906288533,36.89889025893958,1.9975339087546238,2.1639950678175093,0.055487053020961775,0.8323057953144267,2.996300863131936,10.04315659679408,4.272503082614056,2.274969173859433,0.7768187422934648,1.498150431565968,1.220715166461159,1.6646115906288534,0.33292231812577067,0.0,0.0,21.50526315789474,40.625,42.5414364640884,34.146341463414636,6.875647348951911
portugal,Primeira Liga,2025,Gabriel Batista,27.0,G,Brazil,190.0,80.0,32,32,2880.0,0.0,1.0,0.0,0.0,0,0,0,0.0,0,0.0,0.03125,0.0,0.0,0.03125,0.03125,0.0,27.625,0.125,0.0,0.0,0.0,0.0,0.5625,0.46875,0.0,0.0,0.0625,0.15625,0.0,0.0,0.0,0.0,18.720588235294116,0.0,83.33333333333334,,6.865625
portugal,Primeira Liga,2025,Gabriel Brás,21.0,D,Portugal,183.0,77.0,0,0,0.0,0.0,0.0,0.0,0.0,0,0,0,0.0,0,,,,,,,,,,,,,,,,,,,,,,,,,,,,
portugal,Primeira Liga,2025,Gabriel Martínez,22.0,F,Spain,185.0,79.0,28,14,1328.0,1.0,2.0,2.0,2.0,0,0,4,0.0,1,0.2033132530120482,1.2876506024096386,0.6099397590361446,0.06777108433734941,0.13554216867469882,0.2033132530120482,0.06777108433734941,39.57831325301205,0.7454819277108434,2.23644578313253,0.0,0.677710843373494,2.914156626506024,14.43524096385542,6.099397590361446,4.879518072289157,1.6942771084337351,1.2198795180722892,1.7620481927710845,1.6265060240963856,0.27108433734939763,0.0,0.06777108433734941,25.51541095890411,47.368421052631575,42.25352112676056,34.72222222222222,6.591114457831325
portugal,Primeira Liga,2025,Gabriel Moscardo,20.0,M,Brazil,185.0,76.0,23,8,960.0,0.0,0.0,0.0,0.0,0,0,4,0.0,0,0.0,0.5625,0.1875,0.0,0.0,0.0,0.0,56.0625,0.375,2.25,0.09375,0.375,2.625,10.5,5.812500000000001,0.84375,0.28125,0.84375,0.84375,1.40625,0.375,0.0,0.0,41.97147651006711,33.33333333333333,55.35714285714286,33.33333333333333,6.668821689259645
portugal,Primeira Liga,2025,Gabriel Silva,23.0,F,Brazil,175.0,71.0,29,26,2245.0,6.0,0.0,1.0,0.0,1,0,4,0.0,0,0.6013363028953229,2.2048997772828507,0.8017817371937639,0.24053452115812918,0.0,0.24053452115812918,0.20044543429844097,19.042316258351892,1.1625835189309577,1.1224944320712695,0.0801781737193764,0.0400890868596882,1.1625835189309577,12.106904231625835,5.732739420935412,2.1648106904231628,1.0022271714922049,0.44097995545657015,2.285077951002227,1.804008908685969,0.1603563474387528,0.0,0.0,14.383157894736842,36.36363636363637,47.35099337748344,46.2962962962963,6.859376391982183
portugal,Primeira Liga,2025,Gabriel Souza,28.0,G,Brazil,193.0,85.0,0,0,0.0,0.0,0.0,0.0,0.0,0,0,0,0.0,0,,,,,,,,,,,,,,,,,,,,,,,,,,,,
portugal,Primeira Liga,2025,Gabriel Veron,23.0,F,Brazil,176.0,75.0,13,11,831.0,1.0,0.0,0.0,0.0,0,0,2,0.0,0,0.0,1.0830324909747293,0.4332129963898917,0.10830324909747292,0.0,0.10830324909747292,0.10830324909747292,21.335740072202164,0.5415162454873647,2.0577617328519855,0.0,0.4332129963898917,2.490974729241877,10.180505415162456,4.223826714801444,1.407942238267148,0.5415162454873647,1.1913357400722022,0.9747292418772563,1.2996389891696751,0.21660649819494585,0.0,0.0,15.51530612244898,40.0,41.48936170212766,38.46153846153847,6.681949458483754
portugal,Primeira Liga,2025,Gaizka Larrazabal,28.0,M,Spain,181.0,73.0,35,35,3029.0,6.0,4.0,0.0,1.0,0,0,6,0.0,0,0.029712776493892375,1.0102344007923407,0.6833938593595246,0.17827665896335426,0.1188511059755695,0.29712776493892373,0.17827665896335426,25.493562231759658,0.9210960713106636,1.5450643776824033,0.2079894354572466,1.1290855067679102,2.6741498844503138,7.784747441399802,3.5655331792670846,1.75305381313965,0.7725321888412017,0.6536810828656322,0.38626609442060084,0.950808847804556,0.17827665896335426,0.0,0.0,19.84032634032634,67.64705882352942,45.80152671755725,44.06779661016949,6.888114889402442
portugal,Primeira Liga,2025,Geny Catamo,24.0,M,Mozambique,173.0,69.0,29,24,1962.0,6.0,2.0,1.0,0.0,0,0,1,0.0,0,0.41284403669724773,1.7431192660550459,1.0091743119266054,0.27522935779816515,0.09174311926605505,0.3669724770642202,0.27522935779816515,38.07339449541284,1.3302752293577982,0.8256880733944955,0.045871559633027525,0.41284403669724773,1.2385321100917432,10.871559633027523,4.908256880733945,4.81651376146789,1.7889908256880733,0.6422018348623854,2.064220183486239,0.8256880733944955,0.045871559633027525,0.0,0.0,28.797590361445785,57.89473684210527,45.14767932489451,37.142857142857146,7.160652395514782
portugal,Primeira Liga,2025,Georgios Liavas,24.0,M,Greece,181.0,,24,6,810.0,0.0,1.0,0.0,0.0,0,0,2,0.0,0,0.0,0.33333333333333337,0.1111111111111111,0.0,0.1111111111111111,0.1111111111111111,0.0,43.77777777777778,0.4444444444444444,2.8888888888888893,0.5555555555555556,1.0,3.888888888888889,8.666666666666666,4.444444444444445,0.7777777777777777,0.5555555555555556,0.8888888888888888,0.33333333333333337,1.3333333333333335,0.2222222222222222,0.0,0.0,25.040816326530614,33.33333333333333,51.28205128205128,71.42857142857143,6.58364312267658
portugal,Primeira Liga,2025,Georgiy Sudakov,23.0,M,Ukraine,177.0,68.0,22,17,1420.0,4.0,1.0,0.0,0.0,0,0,2,0.0,0,0.06338028169014084,1.3943661971830985,0.76056338028169,0.2535211267605634,0.06338028169014084,0.31690140845070425,0.2535211267605634,43.859154929577464,2.2816901408450705,0.823943661971831,0.1267605633802817,0.380281690140845,1.204225352112676,9.190140845070422,4.816901408450704,1.964788732394366,1.3309859154929577,0.5070422535211268,2.091549295774648,0.8873239436619719,0.1267605633802817,0.0,0.0,32.14450867052023,54.54545454545454,52.41379310344828,67.74193548387096,7.155
portugal,Primeira Liga,2025,Geovany Quenda,18.0,M,Guinea-Bissau,172.0,68.0,20,7,876.0,2.0,5.0,0.0,0.0,0,0,0,0.0,0,0.5136986301369862,1.3356164383561644,0.7191780821917808,0.2054794520547945,0.5136986301369862,0.7191780821917808,0.2054794520547945,41.91780821917808,1.9520547945205478,1.5410958904109588,0.0,0.6164383561643836,2.1575342465753424,11.815068493150685,5.445205479452055,3.8013698630136985,1.643835616438356,0.6164383561643836,1.9520547945205478,0.5136986301369862,0.0,0.0,0.0,20.936274509803923,53.84615384615385,46.08695652173913,43.24324324324324,6.96769406392694
portugal,Primeira Liga,2025,Ghislain Konan,30.0,D,Côte d'Ivoire,176.0,77.0,30,30,2661.0,0.0,0.0,0.0,2.0,0,0,5,0.0,0,0.0,0.4735062006764374,0.2029312288613303,0.0,0.0,0.0,0.0,41.53325817361894,0.7102593010146561,1.319052987598647,0.2705749718151071,0.8793686583990981,2.1984216459977453,9.131905298759865,4.768883878241263,3.5174746335963922,1.6234498308906424,0.2705749718151071,0.8793686583990981,0.7779030439684329,0.16910935738444194,0.0,0.0,35.317589576547235,42.857142857142854,52.22222222222223,46.15384615384615,6.73543780533634
portugal,Primeira Liga,2025,Gian Cabezas,22.0,M,Colombia,180.0,76.0,5,0,53.0,0.0,0.0,0.0,0.0,0,0,1,0.0,0,0.0,1.6981132075471697,0.0,0.0,0.0,0.0,0.0,30.566037735849054,0.0,3.3962264150943393,0.0,0.0,3.3962264150943393,13.584905660377357,5.09433962264151,0.0,0.0,0.0,0.0,6.792452830188679,1.6981132075471697,0.0,0.0,6.944444444444445,0.0,37.5,,6.411764705882353
portugal,Primeira Liga,2025,Gianluca Prestianni,19.0,M,Argentina,165.0,63.0,29,17,1559.0,3.0,5.0,1.0,0.0,0,0,7,0.0,1,0.1731879409878127,1.962796664528544,0.9236690186016677,0.1731879409878127,0.28864656831302116,0.46183450930083386,0.1731879409878127,33.19435535599743,2.5978191148171903,1.2700449005772931,0.0,0.46183450930083386,1.731879409878127,14.201411161000642,7.100705580500321,5.8883899935856325,3.0596536241180243,1.0968569595894804,2.2514432328415652,1.0391276459268761,0.40410519563822966,0.0,0.05772931366260423,19.660869565217393,47.05882352941176,50.0,51.9607843137255,7.068377164849262
portugal,Primeira Liga,2025,Gil Dias,29.0,M,Portugal,183.0,75.0,33,30,2506.0,4.0,7.0,1.0,0.0,0,0,8,0.0,0,0.0,1.4006384676775738,0.5746209098164405,0.14365522745411013,0.25139664804469275,0.3950518754988029,0.14365522745411013,29.55706304868316,1.2210694333599361,2.0470869912210694,0.07182761372705507,0.538707102952913,2.5857940941739823,10.845969672785316,5.135674381484438,1.9752593774940144,1.005586592178771,1.3647246608140462,1.544293695131684,1.544293695131684,0.28731045490822027,0.0,0.0,20.240583232077764,41.02564102564102,47.35099337748344,50.90909090909091,7.156703910614525
portugal,Primeira Liga,2025,Gil Martins,19.0,M,Portugal,,,1,0,2.0,0.0,0.0,0.0,0.0,0,0,0,0.0,0,0.0,0.0,0.0,0.0,0.0,0.0,0.0,90.0,0.0,0.0,0.0,0.0,0.0,0.0,0.0,0.0,0.0,0.0,0.0,0.0,0.0,0.0,0.0,2.0,,,,
portugal,Primeira Liga,2025,Gilberto Batista,22.0,D,Portugal,185.0,72.0,28,21,1956.0,0.0,0.0,0.0,1.0,0,0,4,0.0,0,0.04601226993865031,0.18404907975460125,0.13803680981595093,0.0,0.0,0.0,0.0,62.07055214723927,0.09202453987730062,1.0122699386503067,1.0122699386503067,1.334355828220859,2.3466257668711656,5.429447852760736,3.3128834355828225,0.6441717791411044,0.5521472392638037,0.18404907975460125,0.4601226993865031,0.598159509202454,0.18404907975460125,0.0,0.0,59.43736100815419,75.0,61.016949152542374,85.71428571428571,6.7390081799591
portugal,Primeira Liga,2025,Giorgi Kochorashvili,26.0,M,Georgia,178.0,74.0,18,5,616.0,0.0,1.0,0.0,1.0,0,0,0,0.0,0,0.14610389610389612,0.7305194805194805,0.29220779220779225,0.0,0.14610389610389612,0.14610389610389612,0.0,72.61363636363636,0.5844155844155845,2.6298701298701297,0.14610389610389612,1.7532467532467533,4.383116883116883,9.935064935064934,5.698051948051948,0.7305194805194805,0.14610389610389612,1.0227272727272727,2.4837662337662336,1.461038961038961,0.0,0.0,0.0,41.99195171026157,40.0,57.35294117647059,20.0,7.0216260162601625
portugal,Primeira Liga,2025,Giorgos Vagiannidis,24.0,D,Greece,182.0,68.0,22,11,1290.0,0.0,4.0,0.0,0.0,0,0,4,0.0,0,0.27906976744186046,0.4883720930232558,0.27906976744186046,0.0,0.27906976744186046,0.27906976744186046,0.0,48.348837209302324,1.1860465116279069,2.302325581395349,0.06976744186046512,0.627906976744186,2.9302325581395348,9.767441860465116,5.5813953488372094,2.302325581395349,1.3953488372093024,0.5581395348837209,0.6976744186046512,1.744186046511628,0.27906976744186046,0.0,0.0,36.001443001443,57.14285714285714,57.14285714285714,60.60606060606061,6.995581395348837
portugal,Primeira Liga,2025,Gonzalo Calçada,24.0,F,Spain,181.0,,1,0,12.0,0.0,0.0,0.0,0.0,0,0,0,0.0,0,0.0,0.0,0.0,0.0,0.0,0.0,0.0,0.0,0.0,0.0,0.0,0.0,0.0,22.5,0.0,0.0,0.0,0.0,0.0,7.5,0.0,0.0,0.0,,,0.0,,6.2
portugal,Primeira Liga,2025,Gonzalo Pastor,19.0,M,Spain,178.0,68.0,2,0,35.0,0.0,0.0,0.0,0.0,0,0,1,0.0,0,2.571428571428571,0.0,0.0,0.0,0.0,0.0,0.0,33.42857142857143,0.0,0.0,0.0,0.0,0.0,10.285714285714285,5.142857142857142,5.142857142857142,2.571428571428571,0.0,2.571428571428571,5.142857142857142,2.571428571428571,0.0,0.0,5.615384615384615,,50.0,50.0,6.602857142857142
portugal,Primeira Liga,2025,Gonçalo  Maia Pereira,20.0,M,Portugal,173.0,,2,0,11.0,0.0,0.0,0.0,0.0,0,0,1,0.0,0,0.0,0.0,0.0,0.0,0.0,0.0,0.0,8.181818181818182,0.0,0.0,0.0,0.0,0.0,24.545454545454543,0.0,0.0,0.0,0.0,0.0,16.363636363636363,8.181818181818182,0.0,0.0,1.0,,0.0,,6.3
portugal,Primeira Liga,2025,Gonçalo Costa,25.0,D,Portugal,179.0,73.0,16,6,570.0,0.0,1.0,0.0,0.0,0,0,2,0.0,0,0.15789473684210525,0.9473684210526315,0.47368421052631576,0.0,0.15789473684210525,0.15789473684210525,0.0,32.8421052631579,1.105263157894737,1.894736842105263,0.15789473684210525,1.105263157894737,3.0,10.105263157894736,4.105263157894737,1.894736842105263,0.7894736842105263,0.7894736842105263,0.15789473684210525,1.105263157894737,0.3157894736842105,0.0,0.0,11.673076923076923,50.0,40.625,41.66666666666667,6.333859649122807
portugal,Primeira Liga,2025,Gonçalo Esteves,21.0,D,Portugal,176.0,72.0,5,2,173.0,1.0,0.0,0.0,0.0,0,0,1,0.0,0,0.0,1.0404624277456647,0.5202312138728323,0.5202312138728323,0.0,0.5202312138728323,0.5202312138728323,29.13294797687861,0.5202312138728323,1.5606936416184969,0.0,1.0404624277456647,2.601156069364162,8.84393063583815,4.682080924855492,3.1213872832369938,1.0404624277456647,0.5202312138728323,1.5606936416184969,0.0,0.5202312138728323,0.0,0.0,13.321428571428571,50.0,52.94117647058824,33.33333333333333,6.883720930232558
portugal,Primeira Liga,2025,Gonçalo Inácio,24.0,D,Portugal,186.0,78.0,29,29,2505.0,2.0,3.0,1.0,1.0,0,0,4,0.0,1,0.0,0.2155688622754491,0.10778443113772455,0.0718562874251497,0.10778443113772455,0.17964071856287422,0.0718562874251497,89.20958083832335,0.6467065868263473,1.652694610778443,0.5748502994011976,1.0419161676646707,2.694610778443114,7.832335329341317,4.634730538922156,0.2874251497005988,0.2874251497005988,0.4311377245508982,0.8263473053892215,0.7544910179640718,0.1437125748502994,0.0,0.03592814371257485,81.55900120821586,50.0,59.174311926605505,100.0,7.602714570858283
portugal,Primeira Liga,2025,Gonçalo Moreira,19.0,F,Portugal,,,1,0,1.0,0.0,0.0,0.0,0.0,0,0,0,0.0,0,0.0,0.0,0.0,0.0,0.0,0.0,0.0,0.0,0.0,0.0,0.0,0.0,0.0,0.0,0.0,0.0,0.0,0.0,0.0,0.0,0.0,0.0,0.0,,,,,
portugal,Primeira Liga,2025,Gonçalo Nogueira,22.0,M,Portugal,180.0,73.0,23,15,1349.0,0.0,4.0,0.0,0.0,0,0,2,0.0,0,0.0,0.40029651593773163,0.06671608598962193,0.0,0.26686434395848774,0.26686434395848774,0.0,32.49073387694589,1.4677538917716828,2.8020756115641214,0.13343217197924387,0.7338769458858414,3.535952557449963,14.010378057820608,7.53891771682728,1.4677538917716828,0.6671608598962194,0.5337286879169755,2.7353595255745,2.134914751667902,0.13343217197924387,0.0,0.0,24.248459958932237,16.666666666666664,53.80952380952381,45.45454545454545,6.907487027427725
portugal,Primeira Liga,2025,Gonçalo Oliveira,19.0,D,Portugal,184.0,75.0,0,0,0.0,0.0,0.0,0.0,0.0,0,0,0,0.0,0,,,,,,,,,,,,,,,,,,,,,,,,,,,,
portugal,Primeira Liga,2025,Gonçalo Paciência,31.0,F,Portugal,184.0,81.0,12,6,507.0,3.0,0.0,0.0,0.0,0,0,3,0.0,0,0.3550295857988166,2.3076923076923075,1.0650887573964496,0.5325443786982248,0.0,0.5325443786982248,0.5325443786982248,17.75147928994083,0.3550295857988166,1.0650887573964496,0.3550295857988166,0.0,1.0650887573964496,12.958579881656807,4.970414201183432,1.5976331360946745,1.0650887573964496,0.1775147928994083,1.5976331360946745,1.242603550295858,0.5325443786982248,0.0,0.0,8.868686868686869,46.15384615384615,38.35616438356164,66.66666666666666,6.69723865877712
portugal,Primeira Liga,2025,Gui Beleza,19.0,M,Portugal,181.0,70.0,0,0,0.0,0.0,0.0,0.0,0.0,0,0,0,0.0,0,,,,,,,,,,,,,,,,,,,,,,,,,,,,
portugal,Primeira Liga,2025,Guilherme Liberato,24.0,M,Brazil,184.0,78.0,2,2,166.0,0.0,0.0,0.0,0.0,0,0,2,0.0,0,0.5421686746987953,0.5421686746987953,0.0,0.0,0.0,0.0,0.0,42.28915662650603,1.0843373493975905,0.5421686746987953,0.5421686746987953,0.5421686746987953,1.0843373493975905,15.72289156626506,9.759036144578314,1.6265060240963856,1.0843373493975905,1.0843373493975905,4.337349397590362,1.6265060240963856,1.0843373493975905,0.0,0.0,32.73076923076923,0.0,62.06896551724138,66.66666666666666,7.160843373493975
portugal,Primeira Liga,2025,Guilherme Montóia,22.0,D,Portugal,185.0,76.0,11,4,524.0,0.0,0.0,0.0,0.0,0,0,2,0.0,0,0.17175572519083968,0.17175572519083968,0.17175572519083968,0.0,0.0,0.0,0.0,37.958015267175576,0.5152671755725191,3.0916030534351147,0.0,1.202290076335878,4.293893129770993,13.225190839694656,5.49618320610687,2.0610687022900764,0.34351145038167935,1.0305343511450382,1.202290076335878,2.232824427480916,0.34351145038167935,0.0,0.0,24.520361990950228,100.0,41.55844155844156,16.666666666666664,6.409732824427481
portugal,Primeira Liga,2025,Guilherme Neiva,24.0,F,Brazil,177.0,70.0,24,9,932.0,2.0,3.0,1.0,0.0,0,0,2,0.0,0,0.0,1.448497854077253,0.7725321888412017,0.19313304721030042,0.28969957081545067,0.48283261802575106,0.19313304721030042,17.76824034334764,0.8690987124463521,2.510729613733906,0.0,1.1587982832618027,3.669527896995708,15.547210300429184,6.856223175965665,3.186695278969957,1.0622317596566524,1.448497854077253,2.0278969957081547,2.124463519313305,0.19313304721030042,0.0,0.0,6.715846994535519,53.333333333333336,44.099378881987576,33.33333333333333,6.672103004291845
portugal,Primeira Liga,2025,Guilherme Paula,21.0,F,,,,0,0,0.0,0.0,0.0,0.0,0.0,0,0,0,0.0,0,,,,,,,,,,,,,,,,,,,,,,,,,,,,
portugal,Primeira Liga,2025,Guilherme Romão,28.0,D,Brazil,176.0,69.0,12,10,890.0,0.0,1.0,0.0,1.0,0,0,0,0.0,0,0.0,0.20224719101123598,0.10112359550561799,0.0,0.10112359550561799,0.10112359550561799,0.0,35.79775280898876,0.7078651685393259,1.1123595505617978,0.20224719101123598,0.7078651685393259,1.8202247191011234,7.483146067415731,4.348314606741573,0.7078651685393259,0.40449438202247195,0.6067415730337079,1.2134831460674158,0.6067415730337079,0.0,0.0,0.0,27.46045197740113,50.0,58.108108108108105,57.14285714285714,6.688539325842696
portugal,Primeira Liga,2025,Guilherme Schettine,30.0,F,Brazil,180.0,82.0,15,14,995.0,9.0,1.0,0.0,0.0,0,0,0,0.0,0,0.45226130653266333,2.170854271356784,1.5376884422110553,0.8140703517587939,0.09045226130653267,0.9045226130653267,0.8140703517587939,19.537688442211053,0.6331658291457287,0.6331658291457287,0.0,0.18090452261306533,0.8140703517587939,12.844221105527637,5.06532663316583,1.5376884422110553,0.7236180904522613,0.542713567839196,1.7185929648241207,1.9899497487437188,0.0,0.0,0.0,11.518518518518519,70.83333333333334,39.436619718309856,47.05882352941176,7.087336683417085
portugal,Primeira Liga,2025,Guillem Molina,25.0,D,Spain,183.0,71.0,7,3,343.0,0.0,0.0,0.0,0.0,0,0,0,0.0,0,0.0,0.0,0.0,0.0,0.0,0.0,0.0,21.778425655976676,0.5247813411078717,2.361516034985423,0.26239067055393583,1.0495626822157433,3.4110787172011663,8.92128279883382,4.198250728862973,0.7871720116618076,0.5247813411078717,1.0495626822157433,0.5247813411078717,2.0991253644314867,0.0,0.0,0.0,14.597560975609756,,47.05882352941176,66.66666666666666,6.63002915451895
portugal,Primeira Liga,2025,Gustaf Lagerbielke,25.0,D,Sweden,191.0,80.0,28,26,2392.0,2.0,0.0,2.0,1.0,0,0,8,0.0,1,0.03762541806020067,0.45150501672240806,0.1505016722408027,0.07525083612040134,0.0,0.07525083612040134,0.07525083612040134,77.77173913043478,0.3010033444816054,0.9782608695652174,0.338628762541806,0.9782608695652174,1.9565217391304348,9.481605351170568,5.681438127090301,0.37625418060200666,0.2633779264214047,0.56438127090301,0.9406354515050167,1.7307692307692308,0.3010033444816054,0.0,0.03762541806020067,74.3347847121432,33.33333333333333,59.92063492063492,70.0,7.047951505016723
portugal,Primeira Liga,2025,Gustavo Assunção,25.0,M,Brazil,178.0,68.0,10,7,688.0,0.0,0.0,0.0,0.0,0,0,4,0.0,0,0.0,0.2616279069767442,0.1308139534883721,0.0,0.0,0.0,0.0,39.89825581395349,0.2616279069767442,2.2238372093023253,0.39244186046511625,1.4389534883720931,3.662790697674419,9.156976744186046,4.055232558139535,1.177325581395349,0.5232558139534884,1.569767441860465,0.7848837209302325,1.569767441860465,0.5232558139534884,0.0,0.0,32.308196721311475,50.0,44.285714285714285,44.44444444444444,6.7297965116279075
portugal,Primeira Liga,2025,Gustavo García,23.0,D,Brazil,177.0,68.0,12,5,583.0,0.0,0.0,0.0,0.0,0,0,2,0.0,0,0.0,0.30874785591766724,0.15437392795883362,0.0,0.0,0.0,0.0,41.83533447684391,0.6174957118353345,3.2418524871355063,0.0,1.6981132075471697,4.939965694682676,9.41680960548885,6.020583190394511,0.4631217838765009,0.15437392795883362,0.7718696397941681,1.3893653516295026,1.0806174957118353,0.30874785591766724,0.0,0.0,35.074074074074076,50.0,63.934426229508205,33.33333333333333,6.965463917525773
portugal,Primeira Liga,2025,Gustavo Klismahn,26.0,M,Brazil,179.0,73.0,16,15,1109.0,1.0,1.0,0.0,0.0,0,0,2,0.0,0,0.1623083859332732,0.8115419296663661,0.24346257889990985,0.0811541929666366,0.0811541929666366,0.1623083859332732,0.0811541929666366,25.482416591523894,1.460775473399459,1.460775473399459,0.0811541929666366,0.8115419296663661,2.272317403065825,9.332732191163212,4.706943192064923,1.9477006311992788,0.8926961226330027,0.6492335437330928,1.2984670874661857,1.7853922452660054,0.1623083859332732,0.0,0.0,15.251592356687897,30.0,50.43478260869565,45.83333333333333,6.819747520288549
portugal,Primeira Liga,2025,Gustavo Mancha,21.0,D,Brazil,190.0,,14,14,1260.0,0.0,0.0,0.0,0.0,0,0,4,0.0,0,0.14285714285714285,0.07142857142857142,0.0,0.0,0.0,0.0,0.0,58.00000000000001,0.2142857142857143,0.9285714285714286,0.2142857142857143,0.9285714285714286,1.8571428571428572,3.571428571428571,2.142857142857143,0.14285714285714285,0.07142857142857142,0.3571428571428571,0.3571428571428571,0.6428571428571428,0.2857142857142857,0.0,0.0,52.895320197044335,0.0,60.0,50.0,6.7
portugal,Primeira Liga,2025,Gustavo Mendonca,22.0,M,Portugal,178.0,72.0,21,16,1401.0,0.0,0.0,0.0,0.0,0,0,6,0.0,0,0.06423982869379015,0.3854389721627409,0.19271948608137046,0.0,0.0,0.0,0.0,30.70663811563169,1.0278372591006424,2.8265524625267666,0.2569593147751606,0.7066381156316917,3.5331905781584583,10.663811563169165,5.524625267665953,0.8993576017130621,0.5139186295503212,0.8351177730192719,0.8351177730192719,1.8629550321199144,0.3854389721627409,0.0,0.0,18.698744769874477,50.0,51.80722891566265,57.14285714285714,6.762312633832977
portugal,Primeira Liga,2025,Gustavo Silva,26.0,F,Brazil,180.0,75.0,23,18,1466.0,5.0,2.0,1.0,1.0,0,0,3,0.0,0,1.0436562073669848,2.578444747612551,0.9822646657571623,0.30695770804911326,0.12278308321964529,0.4297407912687585,0.30695770804911326,16.452933151432468,1.3506139154160983,1.1050477489768076,0.12278308321964529,1.1050477489768076,2.210095497953615,13.628922237380626,5.954979536152797,1.7803547066848568,0.6753069577080492,0.9822646657571623,1.5961800818553888,1.718963165075034,0.18417462482946792,0.0,0.0,9.809701492537313,38.095238095238095,43.69369369369369,37.93103448275862,6.669645293315144
portugal,Primeira Liga,2025,Gustavo Sá,21.0,M,Portugal,189.0,82.0,32,32,2711.0,4.0,2.0,0.0,0.0,0,0,7,0.0,0,0.09959424566580596,1.0623386204352638,0.46477314644042783,0.13279232755440798,0.06639616377720399,0.19918849133161193,0.13279232755440798,34.06123201770564,1.4275175212098856,1.5603098487642935,0.09959424566580596,0.36517890077462195,1.9254887495389155,12.914053854666173,6.274437476945777,1.3279232755440797,0.49797122832902985,1.0623386204352638,2.3902618959793434,2.4898561416451495,0.23238657322021392,0.0,0.0,26.00487329434698,43.75,48.58611825192802,37.5,6.960383622279601
portugal,Primeira Liga,2025,Gustavo Varela,20.0,F,Portugal,184.0,74.0,32,15,1523.0,6.0,3.0,1.0,0.0,0,1,3,0.0,0,0.35456336178594877,2.304661851608667,1.3591595535128036,0.35456336178594877,0.17728168089297439,0.5318450426789232,0.35456336178594877,12.350623768877215,0.5909389363099147,0.5318450426789232,0.11818778726198292,0.0,0.5318450426789232,12.941562705187131,5.554826001313198,2.0091923834537098,0.5909389363099147,0.29546946815495734,2.4819435325016417,0.9455022980958634,0.17728168089297439,0.0,0.0,7.443902439024391,58.97435897435898,42.922374429223744,29.411764705882355,6.725082074852264
portugal,Primeira Liga,2025,Henrique Araújo,23.0,F,Portugal,182.0,75.0,5,0,29.0,0.0,0.0,0.0,0.0,0,0,0,0.0,0,0.0,3.103448275862069,3.103448275862069,0.0,0.0,0.0,0.0,12.413793103448276,0.0,0.0,0.0,0.0,0.0,12.413793103448276,6.206896551724138,0.0,0.0,0.0,3.103448275862069,3.103448275862069,0.0,0.0,0.0,1.6666666666666667,100.0,50.0,,6.36153846153846
portugal,Primeira Liga,2025,Henrique Pereira,23.0,F,Portugal,178.0,70.0,0,0,0.0,0.0,0.0,0.0,0.0,0,0,0,0.0,0,,,,,,,,,,,,,,,,,,,,,,,,,,,,
portugal,Primeira Liga,2025,Henrique Poniewas,19.0,F,,,,0,0,0.0,0.0,0.0,0.0,0.0,0,0,0,0.0,0,,,,,,,,,,,,,,,,,,,,,,,,,,,,
portugal,Primeira Liga,2025,Henrique Silva,20.0,D,,,,13,12,1031.0,0.0,0.0,0.0,1.0,0,0,5,0.0,0,0.08729388942774007,0.17458777885548013,0.0,0.0,0.0,0.0,0.0,50.45586808923375,0.17458777885548013,1.833171677982541,0.43646944713870034,1.2221144519883609,3.055286129970902,12.308438409311348,6.5470417070805045,0.5237633365664404,0.34917555771096026,0.43646944713870034,1.6585838991270612,2.0950533462657615,0.43646944713870034,0.0,0.0,41.891003460207614,0.0,53.191489361702125,66.66666666666666,6.693889427740058
portugal,Primeira Liga,2025,Hevertton Santos,24.0,D,Brazil,182.0,73.0,24,8,887.0,0.0,1.0,0.0,0.0,0,0,4,0.0,1,0.10146561443066515,0.2029312288613303,0.0,0.0,0.10146561443066515,0.10146561443066515,0.0,29.93235625704622,0.6087936865839909,3.0439684329199546,0.30439684329199546,1.0146561443066515,4.058624577226606,10.552423900789176,5.073280721533258,1.5219842164599773,0.4058624577226606,0.7102593010146561,0.5073280721533258,1.1161217587373167,0.4058624577226606,0.0,0.10146561443066515,17.938983050847458,0.0,48.07692307692308,26.666666666666668,6.5221218961625285
portugal,Primeira Liga,2025,Hidemasa Morita,30.0,M,Japan,177.0,69.0,31,23,1832.0,1.0,4.0,0.0,2.0,0,0,3,0.0,0,0.04912663755458515,0.4912663755458515,0.14737991266375544,0.04912663755458515,0.1965065502183406,0.24563318777292575,0.04912663755458515,58.558951965065496,0.982532751091703,2.259825327510917,0.3930131004366812,0.9334061135371179,3.193231441048035,9.481441048034934,4.568777292576419,1.0316593886462884,0.4421397379912664,1.1299126637554584,0.5403930131004366,2.0141921397379914,0.14737991266375544,0.0,0.0,42.17953020134228,30.0,48.18652849740933,42.857142857142854,7.0437772925764195
portugal,Primeira Liga,2025,Hugo Félix,21.0,M,Portugal,170.0,63.0,26,13,1345.0,0.0,1.0,2.0,1.0,0,1,2,0.0,0,0.06691449814126393,1.204460966542751,0.6022304832713755,0.0,0.06691449814126393,0.06691449814126393,0.0,35.19702602230483,1.8066914498141264,0.6022304832713755,0.20074349442379183,0.6022304832713755,1.204460966542751,8.431226765799257,4.148698884758364,1.4052044609665426,0.46840148698884754,0.8029739776951673,2.8104089219330852,0.8698884758364313,0.13382899628252787,0.0,0.0,20.74144486692015,50.0,49.2063492063492,33.33333333333333,6.65449814126394
portugal,Primeira Liga,2025,Hugo Nunes,23.0,M,Portugal,187.0,79.0,1,0,10.0,0.0,0.0,0.0,0.0,0,0,0,0.0,0,0.0,0.0,0.0,0.0,0.0,0.0,0.0,72.0,0.0,0.0,0.0,9.0,9.0,18.0,0.0,0.0,0.0,0.0,0.0,9.0,0.0,0.0,0.0,6.0,,0.0,,6.2
portugal,Primeira Liga,2025,Hyun-ju Lee,22.0,M,Korea Republic,171.0,68.0,30,24,2068.0,7.0,3.0,1.0,0.0,0,0,9,0.0,2,0.21760154738878146,0.9574468085106382,0.4787234042553191,0.30464216634429403,0.13056092843326886,0.4352030947775629,0.30464216634429403,27.983558994197296,0.5222437137330754,0.4787234042553191,0.13056092843326886,0.30464216634429403,0.7833655705996132,10.401353965183752,4.56963249516441,1.7843326885880075,0.8268858800773695,0.8268858800773695,2.9158607350096712,1.7843326885880075,0.3916827852998066,0.0,0.08704061895551257,22.541213063763607,50.0,43.93305439330544,46.34146341463415,6.681769825918762
portugal,Primeira Liga,2025,Héctor Hernández,30.0,F,Spain,180.0,73.0,9,4,351.0,2.0,1.0,1.0,0.0,0,0,1,0.0,0,0.0,1.794871794871795,1.2820512820512822,0.5128205128205129,0.25641025641025644,0.7692307692307693,0.5128205128205129,18.71794871794872,0.25641025641025644,0.5128205128205129,0.0,0.5128205128205129,1.0256410256410258,11.282051282051283,4.358974358974359,1.0256410256410258,0.7692307692307693,0.7692307692307693,0.5128205128205129,1.794871794871795,0.25641025641025644,0.0,0.0,10.780821917808218,71.42857142857143,38.63636363636363,75.0,6.875783475783476
portugal,Primeira Liga,2025,Hélder Tavares,36.0,M,Cape Verde,180.0,74.0,20,6,602.0,0.0,0.0,0.0,0.0,0,0,1,0.0,1,0.0,0.0,0.0,0.0,0.0,0.0,0.0,28.704318936877076,0.29900332225913623,2.0930232558139537,0.29900332225913623,1.196013289036545,3.289036544850499,9.867109634551495,5.232558139534883,0.14950166112956811,0.0,0.4485049833887043,1.495016611295681,1.9435215946843853,0.14950166112956811,0.0,0.14950166112956811,13.120418848167539,,53.03030303030303,0.0,6.741098169717138
portugal,Primeira Liga,2025,Ianis Stoica,23.0,F,Romania,180.0,68.0,33,20,1682.0,3.0,2.0,1.0,0.0,1,0,4,0.0,0,0.6420927467300832,1.5517241379310345,0.4815695600475624,0.1605231866825208,0.1070154577883472,0.267538644470868,0.1070154577883472,21.563614744351963,1.0166468489892984,1.1236623067776457,0.0535077288941736,0.6956004756242569,1.8192627824019025,8.079667063020214,3.7990487514863256,1.5517241379310345,0.4280618311533888,0.6420927467300832,1.9797859690844233,1.070154577883472,0.2140309155766944,0.0,0.0,11.928039702233251,31.03448275862069,47.019867549668874,27.586206896551722,6.733947681331748
portugal,Primeira Liga,2025,Ibrahima Ba,20.0,D,Senegal,190.0,76.0,21,18,1672.0,1.0,1.0,0.0,0.0,0,0,4,0.0,0,0.10765550239234449,0.48444976076555024,0.21531100478468898,0.053827751196172245,0.053827751196172245,0.10765550239234449,0.053827751196172245,54.41985645933014,0.3229665071770335,1.291866028708134,0.9150717703349281,1.776315789473684,3.068181818181818,7.805023923444976,4.467703349282297,0.26913875598086123,0.21531100478468898,0.21531100478468898,0.5921052631578947,0.9150717703349281,0.21531100478468898,0.0,0.0,49.967359050445104,44.44444444444444,57.24137931034483,80.0,7.119198564593301
portugal,Primeira Liga,2025,Ignacio de Arruabarrena,28.0,G,Uruguay,186.0,83.0,16,16,1440.0,0.0,0.0,0.0,0.0,0,0,5,0.0,0,0.0,0.0,0.0,0.0,0.0,0.0,0.0,34.5625,0.0625,0.0,0.0,0.0,0.0,0.6875,0.4375,0.0,0.0,0.125,0.125,0.0,0.3125,0.0,0.0,26.350813743218808,,63.63636363636363,,6.8375
portugal,Primeira Liga,2025,Ikker dos Santos,20.0,D,,,,2,1,114.0,0.0,0.0,0.0,0.0,0,0,0,0.0,0,0.0,0.0,0.0,0.0,0.0,0.0,0.0,48.1578947368421,0.0,0.0,0.0,0.0,0.0,3.9473684210526314,2.3684210526315788,0.7894736842105263,0.7894736842105263,0.0,1.5789473684210527,0.7894736842105263,0.0,0.0,0.0,50.540983606557376,,60.0,100.0,6.58421052631579
portugal,Primeira Liga,2025,Isaac,21.0,M,Brazil,,,2,0,36.0,0.0,0.0,0.0,0.0,0,0,0,0.0,0,0.0,0.0,0.0,0.0,0.0,0.0,0.0,52.5,0.0,2.5,0.0,2.5,5.0,10.0,5.0,2.5,2.5,0.0,0.0,2.5,0.0,0.0,0.0,9.666666666666666,,50.0,100.0,6.6722222222222225
portugal,Primeira Liga,2025,Isaac James,22.0,M,Nigeria,193.0,84.0,19,15,1320.0,0.0,2.0,0.0,0.0,0,0,3,0.0,0,0.06818181818181818,0.40909090909090906,0.06818181818181818,0.0,0.13636363636363635,0.13636363636363635,0.0,29.18181818181818,0.9545454545454546,2.1136363636363633,0.4772727272727273,1.1590909090909092,3.2727272727272725,8.659090909090908,4.568181818181818,1.3636363636363638,0.75,0.5454545454545454,0.8181818181818181,1.3636363636363638,0.20454545454545453,0.0,0.0,20.154205607476637,16.666666666666664,52.75590551181102,55.00000000000001,6.855951478392722
portugal,Primeira Liga,2025,Ismael Gharbi,21.0,M,Spain,173.0,67.0,1,1,69.0,0.0,0.0,0.0,0.0,0,0,0,0.0,0,0.0,0.0,0.0,0.0,0.0,0.0,0.0,37.826086956521735,0.0,3.9130434782608696,0.0,0.0,3.9130434782608696,16.956521739130434,6.521739130434783,1.3043478260869565,0.0,1.3043478260869565,2.608695652173913,5.217391304347826,0.0,0.0,0.0,22.0,,38.46153846153847,0.0,6.2
portugal,Primeira Liga,2025,Ismaïl Seydi,24.0,F,Austria,181.0,,2,0,34.0,0.0,0.0,0.0,0.0,0,0,0,0.0,0,0.0,0.0,0.0,0.0,0.0,0.0,0.0,45.0,2.6470588235294117,0.0,0.0,0.0,0.0,15.882352941176471,5.294117647058823,7.9411764705882355,2.6470588235294117,0.0,2.6470588235294117,2.6470588235294117,0.0,0.0,0.0,6.0,,33.33333333333333,33.33333333333333,6.3
portugal,Primeira Liga,2025,Issiar Drame,26.0,D,Mali,197.0,82.0,1,0,8.0,0.0,0.0,0.0,0.0,0,0,0,0.0,0,0.0,0.0,0.0,0.0,0.0,0.0,0.0,56.25,0.0,0.0,0.0,0.0,0.0,0.0,0.0,0.0,0.0,0.0,0.0,0.0,0.0,0.0,0.0,5.0,,,,6.6
portugal,Primeira Liga,2025,Ivan Barbero,27.0,F,Spain,186.0,78.0,31,24,1914.0,8.0,2.0,0.0,0.0,1,1,5,0.0,0,0.28213166144200624,1.974921630094044,0.9404388714733543,0.3761755485893417,0.09404388714733543,0.4702194357366771,0.329153605015674,15.423197492163009,0.8934169278996865,1.1755485893416928,0.18808777429467086,0.658307210031348,1.8338557993730407,11.379310344827587,3.8087774294670846,0.7523510971786834,0.14106583072100312,0.28213166144200624,0.7523510971786834,2.445141065830721,0.23510971786833856,0.0,0.0,9.445121951219512,47.61904761904761,33.47107438016529,18.75,6.5610240334378265
portugal,Primeira Liga,2025,Ivan Cavaleiro,32.0,M,Portugal,175.0,72.0,13,9,852.0,2.0,0.0,0.0,0.0,1,0,1,0.0,0,0.1056338028169014,1.4788732394366197,0.4225352112676056,0.2112676056338028,0.0,0.2112676056338028,0.1056338028169014,24.507042253521124,1.795774647887324,0.4225352112676056,0.0,0.31690140845070425,0.7394366197183099,10.140845070422536,3.485915492957746,2.112676056338028,0.8450704225352113,1.4788732394366197,0.9507042253521126,1.1619718309859155,0.1056338028169014,0.0,0.0,16.737068965517242,28.57142857142857,34.375,40.0,6.589671361502347
portugal,Primeira Liga,2025,Ivan Lima,20.0,F,Portugal,174.0,70.0,1,0,13.0,0.0,0.0,0.0,0.0,0,0,0,0.0,0,0.0,0.0,0.0,0.0,0.0,0.0,0.0,27.692307692307693,0.0,0.0,0.0,0.0,0.0,13.846153846153847,6.923076923076923,13.846153846153847,6.923076923076923,0.0,0.0,0.0,0.0,0.0,0.0,3.0,,50.0,50.0,6.299999999999999
portugal,Primeira Liga,2025,Ivan Mandić,22.0,G,Croatia,196.0,,0,0,0.0,0.0,0.0,0.0,0.0,0,0,0,0.0,0,,,,,,,,,,,,,,,,,,,,,,,,,,,,
portugal,Primeira Liga,2025,Ivan Zlobin,28.0,G,Russia,191.0,84.0,0,0,0.0,0.0,0.0,0.0,0.0,0,0,0,0.0,0,,,,,,,,,,,,,,,,,,,,,,,,,,,,
portugal,Primeira Liga,2025,Iván Fresneda,21.0,D,Spain,183.0,74.0,23,21,1613.0,1.0,0.0,0.0,0.0,0,0,6,0.0,0,0.0,0.3905765654060756,0.16738995660260383,0.05579665220086794,0.0,0.05579665220086794,0.05579665220086794,45.92064476131432,0.7253564786112833,1.7296962182269062,0.22318660880347177,0.8369497830130191,2.5666460012399255,8.202107873527588,4.3521388716677,1.5623062616243024,0.3905765654060756,0.5021698698078115,1.004339739615623,1.115933044017359,0.33477991320520767,0.0,0.0,37.28189550425273,42.857142857142854,53.06122448979592,25.0,6.735523868567886
portugal,Primeira Liga,2025,Iyad Mohamed,24.0,M,Comoros,191.0,80.0,24,10,1069.0,1.0,0.0,0.0,1.0,0,0,5,0.0,0,0.0,0.25257249766136575,0.08419083255378859,0.08419083255378859,0.0,0.08419083255378859,0.08419083255378859,32.83442469597755,0.6735266604303087,2.5257249766136574,0.33676333021515437,1.7680074836295603,4.293732460243218,11.113189897100094,4.967259120673527,1.0944808231992516,0.6735266604303087,0.7577174929840974,0.5051449953227315,3.1992516370439663,0.42095416276894293,0.0,0.0,18.625641025641027,33.33333333333333,44.696969696969695,61.53846153846154,6.609550561797753
portugal,Primeira Liga,2025,Jakub Brabec,33.0,D,Czechia,186.0,78.0,25,23,2150.0,1.0,0.0,0.0,0.0,0,0,4,0.0,0,0.04186046511627907,0.16744186046511628,0.04186046511627907,0.04186046511627907,0.0,0.04186046511627907,0.04186046511627907,48.72558139534884,0.12558139534883722,1.213953488372093,1.255813953488372,1.3395348837209302,2.5534883720930233,5.023255813953488,2.8046511627906976,0.12558139534883722,0.08372093023255814,0.37674418604651166,0.16744186046511628,0.4604651162790697,0.16744186046511628,0.0,0.0,47.86168384879725,25.0,55.833333333333336,66.66666666666666,6.825116279069768
portugal,Primeira Liga,2025,Jakub Kiwior,25.0,D,Poland,189.0,75.0,26,26,2217.0,0.0,1.0,0.0,0.0,0,0,3,0.0,0,0.0,0.5277401894451962,0.20297699594046006,0.0,0.04059539918809202,0.04059539918809202,0.0,79.20162381596752,0.5277401894451962,1.9485791610284169,0.6089309878213802,1.5020297699594045,3.450608930987821,7.063599458728011,4.2625169147496615,0.2435723951285521,0.08119079837618404,0.16238159675236807,0.3653585926928281,1.1366711772665765,0.12178619756427606,0.0,0.0,76.50948231676064,38.46153846153847,60.3448275862069,33.33333333333333,7.28254397834912
portugal,Primeira Liga,2025,Jakub Vinarčík,20.0,G,Slovakia,202.0,75.0,1,1,90.0,0.0,0.0,0.0,0.0,0,0,0,0.0,0,0.0,0.0,0.0,0.0,0.0,0.0,0.0,25.999999999999996,0.0,0.0,0.0,0.0,0.0,0.0,0.0,0.0,0.0,0.0,0.0,0.0,0.0,0.0,0.0,16.0,,,,6.2
portugal,Primeira Liga,2025,Jalen Blesa,24.0,F,USA,187.0,,13,12,1077.0,7.0,0.0,0.0,0.0,1,0,1,0.0,0,0.1671309192200557,1.754874651810585,1.1699164345403898,0.5849582172701949,0.0,0.5849582172701949,0.5013927576601671,21.225626740947074,1.0027855153203342,1.1699164345403898,0.08356545961002786,0.5013927576601671,1.671309192200557,11.782729805013927,5.8495821727019495,1.754874651810585,0.7520891364902508,0.41782729805013924,1.3370473537604457,1.1699164345403898,0.08356545961002786,0.0,0.0,16.511811023622048,66.66666666666666,49.645390070921984,42.857142857142854,7.286815227483751
portugal,Primeira Liga,2025,Jan Bednarek,29.0,D,Poland,189.0,84.0,32,31,2690.0,2.0,0.0,0.0,0.0,0,0,8,0.0,0,0.0,0.3680297397769517,0.13382899628252787,0.06691449814126393,0.0,0.06691449814126393,0.06691449814126393,80.1635687732342,0.23420074349442377,0.5018587360594795,0.8029739776951673,1.6059479553903346,2.1078066914498144,8.631970260223047,5.587360594795539,0.03345724907063197,0.0,0.13382899628252787,0.5353159851301115,1.237918215613383,0.26765799256505574,0.0,0.0,80.05884808013356,36.36363636363637,64.72868217054264,0.0,7.416096654275092
portugal,Primeira Liga,2025,Jan Montes,19.0,D,,,,0,0,0.0,0.0,0.0,0.0,0.0,0,0,0,0.0,0,,,,,,,,,,,,,,,,,,,,,,,,,,,,
portugal,Primeira Liga,2025,Jandro Orellana,25.0,M,Spain,177.0,63.0,19,17,1316.0,0.0,1.0,0.0,0.0,0,0,2,0.0,0,0.0,0.2735562310030395,0.13677811550151975,0.0,0.06838905775075987,0.06838905775075987,0.0,49.85562310030396,0.8206686930091185,1.641337386018237,0.06838905775075987,1.7781155015197567,3.419452887537994,8.001519756838906,3.419452887537994,0.547112462006079,0.20516717325227962,1.2993920972644377,0.8206686930091185,1.162613981762918,0.13677811550151975,0.0,0.0,40.05898491083676,50.0,42.73504273504273,37.5,6.618768996960486
portugal,Primeira Liga,2025,Jaume Grau,28.0,M,Spain,182.0,67.0,18,16,1326.0,0.0,0.0,0.0,0.0,0,0,6,0.0,1,0.0,0.3393665158371041,0.06787330316742082,0.0,0.0,0.0,0.0,32.171945701357465,0.20361990950226247,1.9683257918552035,0.20361990950226247,0.8823529411764706,2.850678733031674,9.366515837104073,3.800904977375566,0.8144796380090499,0.13574660633484165,0.8823529411764706,0.8823529411764706,2.4434389140271495,0.40723981900452494,0.0,0.06787330316742082,28.088607594936708,20.0,40.57971014492754,16.666666666666664,6.475414781297134
portugal,Primeira Liga,2025,Javi Sánchez,28.0,D,Spain,186.0,71.0,15,15,1227.0,0.0,1.0,0.0,0.0,0,0,6,0.0,0,0.07334963325183373,0.3667481662591687,0.07334963325183373,0.0,0.07334963325183373,0.07334963325183373,0.0,66.01466992665037,0.4400977995110024,1.1735941320293397,1.3936430317848412,0.8801955990220048,2.053789731051345,5.354523227383863,3.0073349633251834,0.0,0.0,0.3667481662591687,0.3667481662591687,0.7334963325183373,0.4400977995110024,0.0,0.0,59.91888888888889,20.0,56.16438356164384,,6.998125509372453
portugal,Primeira Liga,2025,Javi Vázquez,25.0,D,Spain,178.0,70.0,2,2,180.0,0.0,0.0,0.0,0.0,0,0,0,0.0,0,0.0,1.5,0.5,0.0,0.0,0.0,0.0,41.5,2.5,1.5,0.0,0.0,1.5,5.0,2.5,0.5,0.0,0.5,0.0,0.5,0.0,0.0,0.0,30.289156626506024,33.33333333333333,50.0,0.0,6.75
portugal,Primeira Liga,2025,Jean-Baptiste Gorby,19.0,M,France,181.0,,28,19,1721.0,1.0,0.0,0.0,1.0,0,0,5,0.0,0,0.0,0.3137710633352702,0.20918070889018012,0.05229517722254503,0.0,0.05229517722254503,0.05229517722254503,68.19291109819872,0.3660662405578152,1.4119697850087158,0.20918070889018012,0.9936083672283555,2.4055781522370716,5.961650203370135,2.8762347472399767,0.8367228355607205,0.41836141778036023,0.6275421266705404,0.7321324811156305,0.9413131900058106,0.26147588611272515,0.0,0.0,52.67127496159754,66.66666666666666,48.24561403508772,50.0,6.7558396281231845
portugal,Primeira Liga,2025,Jefferson Encada,27.0,D,Guinea-Bissau,188.0,82.0,26,17,1549.0,0.0,2.0,0.0,2.0,0,0,7,0.0,0,0.05810200129115558,0.17430600387346676,0.11620400258231116,0.0,0.11620400258231116,0.11620400258231116,0.0,34.45448676565526,0.8134280180761783,1.4525500322788898,0.5229180116204002,0.8134280180761783,2.2659780503550677,7.669464170432537,4.0671400903808905,1.9754680438992898,1.2782440284054228,0.2905100064557779,0.8134280180761783,1.5106520335700453,0.40671400903808913,0.0,0.0,24.952782462057336,66.66666666666666,53.03030303030303,64.70588235294117,6.505616526791479
portugal,Primeira Liga,2025,Jesús Ramírez,27.0,F,Venezuela,187.0,83.0,33,33,2892.0,18.0,0.0,2.0,0.0,6,1,6,0.0,0,0.34232365145228216,2.6141078838174274,1.400414937759336,0.5601659751037344,0.0,0.5601659751037344,0.37344398340248963,18.796680497925312,0.7780082987551867,0.43568464730290457,0.18672199170124482,0.12448132780082988,0.5601659751037344,14.844398340248963,6.566390041493777,1.2448132780082988,0.6846473029045643,0.21784232365145229,1.3070539419087137,1.400414937759336,0.18672199170124482,0.0,0.0,13.44205298013245,53.57142857142857,44.23480083857442,55.00000000000001,7.011791147994467
portugal,Primeira Liga,2025,Jimi Gower,21.0,M,England,181.0,74.0,9,1,161.0,0.0,0.0,0.0,0.0,0,0,0,0.0,0,1.1180124223602483,0.5590062111801242,0.0,0.0,0.0,0.0,0.0,40.24844720496895,0.0,1.1180124223602483,0.0,1.1180124223602483,2.2360248447204967,13.975155279503104,5.031055900621118,1.6770186335403727,0.0,0.5590062111801242,2.7950310559006213,1.1180124223602483,0.0,0.0,0.0,18.676056338028168,0.0,36.0,0.0,6.487341772151899
portugal,Primeira Liga,2025,Joao Carvalho,21.0,G,Portugal,192.0,78.0,1,0,10.0,0.0,0.0,0.0,0.0,0,0,0,0.0,0,0.0,0.0,0.0,0.0,0.0,0.0,0.0,54.0,0.0,0.0,0.0,0.0,0.0,18.0,18.0,0.0,0.0,0.0,9.0,0.0,0.0,0.0,0.0,3.0,,100.0,,7.3
portugal,Primeira Liga,2025,Joao Gastao,19.0,F,Angola,180.0,,8,4,282.0,0.0,1.0,0.0,0.0,0,0,2,0.0,0,0.6382978723404256,0.9574468085106382,0.3191489361702128,0.0,0.3191489361702128,0.3191489361702128,0.0,9.25531914893617,1.2765957446808511,0.6382978723404256,0.3191489361702128,0.9574468085106382,1.595744680851064,12.765957446808512,5.1063829787234045,0.6382978723404256,0.0,0.0,1.2765957446808511,1.595744680851064,0.6382978723404256,0.0,0.0,4.0,33.33333333333333,40.0,0.0,6.587588652482269
portugal,Primeira Liga,2025,Joao Marques,23.0,M,Portugal,179.0,74.0,15,7,714.0,1.0,1.0,0.0,0.0,0,0,3,0.0,0,0.25210084033613445,0.37815126050420167,0.12605042016806722,0.12605042016806722,0.12605042016806722,0.25210084033613445,0.12605042016806722,25.588235294117645,1.0084033613445378,1.8907563025210086,0.25210084033613445,0.5042016806722689,2.3949579831932772,14.495798319327733,7.815126050420168,2.0168067226890756,1.0084033613445378,0.5042016806722689,2.8991596638655457,2.142857142857143,0.37815126050420167,0.0,0.0,12.777227722772277,33.33333333333333,53.91304347826087,50.0,6.94467787114846
portugal,Primeira Liga,2025,Joe Hodge,23.0,M,Republic of Ireland,172.0,65.0,26,18,1476.0,1.0,1.0,0.0,2.0,0,1,3,0.0,0,0.06097560975609756,0.8536585365853658,0.3048780487804878,0.06097560975609756,0.06097560975609756,0.12195121951219512,0.06097560975609756,34.75609756097561,1.1585365853658538,2.073170731707317,0.3048780487804878,0.8536585365853658,2.9268292682926833,6.585365853658536,2.9268292682926833,0.6097560975609756,0.3658536585365854,0.4268292682926829,0.3658536585365854,1.4634146341463417,0.1829268292682927,0.0,0.0,23.36315789473684,35.714285714285715,44.44444444444444,60.0,6.556978319783198
portugal,Primeira Liga,2025,Joel Jorquera,25.0,F,Spain,171.0,68.0,4,0,42.0,0.0,0.0,0.0,0.0,0,0,0,0.0,0,0.0,2.142857142857143,0.0,0.0,0.0,0.0,0.0,21.428571428571427,0.0,2.142857142857143,0.0,0.0,2.142857142857143,23.571428571428573,6.428571428571428,2.142857142857143,0.0,0.0,4.285714285714286,2.142857142857143,0.0,0.0,0.0,3.5,0.0,27.27272727272727,0.0,6.292857142857143
portugal,Primeira Liga,2025,Joel Robles,35.0,G,Spain,195.0,78.0,31,31,2790.0,0.0,0.0,0.0,0.0,0,0,3,0.0,0,0.0,0.0,0.0,0.0,0.0,0.0,0.0,24.64516129032258,0.0,0.03225806451612903,0.0,0.0,0.03225806451612903,0.3870967741935484,0.3225806451612903,0.03225806451612903,0.03225806451612903,0.06451612903225806,0.0967741935483871,0.0,0.0967741935483871,0.0,0.0,14.543193717277488,,83.33333333333334,100.0,6.7709677419354835
portugal,Primeira Liga,2025,Joel Silva,22.0,M,Portugal,185.0,78.0,18,4,414.0,0.0,0.0,0.0,0.0,0,0,1,0.0,0,0.0,0.43478260869565216,0.21739130434782608,0.0,0.0,0.0,0.0,27.60869565217391,0.8695652173913043,3.6956521739130435,0.0,1.3043478260869565,5.0,11.956521739130435,5.6521739130434785,1.0869565217391304,0.43478260869565216,2.391304347826087,0.21739130434782608,2.1739130434782608,0.21739130434782608,0.0,0.0,11.0,50.0,47.27272727272727,40.0,6.5859223300970875
portugal,Primeira Liga,2025,Joelson Fernandes,22.0,F,Portugal,170.0,63.0,24,11,1022.0,1.0,3.0,0.0,0.0,0,0,3,0.0,0,0.3522504892367906,0.6164383561643836,0.26418786692759294,0.08806262230919765,0.26418786692759294,0.3522504892367906,0.08806262230919765,18.31702544031311,1.8493150684931505,1.8493150684931505,0.0,0.44031311154598823,2.2896281800391387,12.152641878669275,6.164383561643835,2.8180039138943247,1.1448140900195694,0.7925636007827788,2.8180039138943247,1.6731898238747553,0.26418786692759294,0.0,0.0,9.179611650485437,42.857142857142854,50.72463768115942,40.625,6.652641878669276
portugal,Primeira Liga,2025,Jonathan Buatu,32.0,D,Angola,187.0,87.0,31,31,2745.0,1.0,1.0,2.0,1.0,0,0,4,0.0,0,0.13114754098360656,0.39344262295081966,0.06557377049180328,0.03278688524590164,0.03278688524590164,0.06557377049180328,0.03278688524590164,48.29508196721311,0.13114754098360656,1.0819672131147542,0.45901639344262296,0.7540983606557378,1.8360655737704918,7.245901639344263,4.065573770491803,0.03278688524590164,0.03278688524590164,0.39344262295081966,0.4262295081967213,0.9180327868852459,0.13114754098360656,0.0,0.0,49.68703326544467,16.666666666666664,56.10859728506787,100.0,6.757377049180328
portugal,Primeira Liga,2025,Jonathan Mutombo,23.0,D,France,190.0,76.0,3,1,127.0,0.0,0.0,0.0,0.0,0,0,0,0.0,0,0.0,0.0,0.0,0.0,0.0,0.0,0.0,26.22047244094488,0.0,1.4173228346456692,0.0,0.7086614173228346,2.1259842519685037,7.795275590551181,2.1259842519685037,3.543307086614173,0.0,1.4173228346456692,0.0,0.0,0.0,0.0,0.0,17.594594594594593,,27.27272727272727,0.0,6.248031496062992
portugal,Primeira Liga,2025,Jonathan Panzo,25.0,D,England,188.0,72.0,14,13,1095.0,0.0,0.0,0.0,0.0,0,0,3,0.0,1,0.0,0.24657534246575344,0.0821917808219178,0.0,0.0,0.0,0.0,51.369863013698634,0.0821917808219178,1.5616438356164384,1.3150684931506849,1.5616438356164384,3.1232876712328768,6.575342465753424,3.8630136986301373,0.1643835616438356,0.0821917808219178,0.24657534246575344,0.24657534246575344,1.4794520547945205,0.24657534246575344,0.0,0.0821917808219178,47.024,33.33333333333333,58.75,50.0,6.836164383561644
portugal,Primeira Liga,2025,Jonatás Noro,20.0,D,Portugal,187.0,73.0,1,0,13.0,0.0,0.0,0.0,0.0,0,0,0,0.0,0,0.0,0.0,0.0,0.0,0.0,0.0,0.0,20.76923076923077,0.0,0.0,0.0,6.923076923076923,6.923076923076923,0.0,0.0,0.0,0.0,0.0,0.0,0.0,0.0,0.0,0.0,2.0,,,,6.299999999999999
portugal,Primeira Liga,2025,Jordan Holsgrove,26.0,M,Scotland,180.0,73.0,33,32,2835.0,1.0,7.0,0.0,0.0,0,0,8,0.0,0,0.0,0.761904761904762,0.2222222222222222,0.03174603174603175,0.2222222222222222,0.253968253968254,0.03174603174603175,74.38095238095238,1.650793650793651,1.8095238095238095,0.2222222222222222,0.9523809523809523,2.761904761904762,8.825396825396826,4.571428571428571,1.1111111111111112,0.41269841269841273,1.1746031746031746,1.523809523809524,1.0793650793650793,0.253968253968254,0.0,0.0,66.9257362355954,29.166666666666668,51.798561151079134,37.142857142857146,7.18984126984127
portugal,Primeira Liga,2025,Jordan Siebatcheu,29.0,F,USA,190.0,84.0,22,14,1255.0,1.0,0.0,1.0,0.0,0,1,3,0.0,0,0.8605577689243027,1.5059760956175299,0.6454183266932271,0.07171314741035857,0.0,0.07171314741035857,0.07171314741035857,15.059760956175298,0.5737051792828686,0.35856573705179284,0.07171314741035857,0.21513944223107567,0.5737051792828686,10.111553784860558,4.01593625498008,0.7171314741035857,0.14342629482071714,0.2868525896414343,0.9322709163346614,1.792828685258964,0.21513944223107567,0.0,0.0,10.728571428571428,42.857142857142854,39.71631205673759,20.0,6.36555023923445
portugal,Primeira Liga,2025,Jordi Escobar,23.0,F,Spain,188.0,78.0,5,2,169.0,0.0,0.0,0.0,0.0,0,0,0,0.0,0,0.0,1.0650887573964496,0.5325443786982248,0.0,0.0,0.0,0.0,12.248520710059172,0.5325443786982248,0.5325443786982248,0.0,0.5325443786982248,1.0650887573964496,8.520710059171597,3.7278106508875744,0.0,0.0,1.0650887573964496,2.130177514792899,2.662721893491124,0.0,0.0,0.0,3.608695652173913,50.0,43.75,,6.5094674556213015
portugal,Primeira Liga,2025,Jorge Meireles,21.0,F,Portugal,,,22,7,758.0,0.0,2.0,1.0,0.0,0,0,1,0.0,0,0.11873350923482849,0.8311345646437995,0.3562005277044855,0.0,0.23746701846965698,0.23746701846965698,0.0,31.226912928759894,1.424802110817942,0.9498680738786279,0.23746701846965698,1.187335092348285,2.1372031662269126,12.585751978891821,6.886543535620053,2.37467018469657,1.424802110817942,0.8311345646437995,4.036939313984169,1.662269129287599,0.11873350923482849,0.0,0.0,16.950191570881227,42.857142857142854,54.71698113207547,60.0,6.8214002642007925
portugal,Primeira Liga,2025,Jose Fontán,25.0,D,Spain,183.0,76.0,30,29,2545.0,2.0,3.0,0.0,1.0,0,0,11,0.0,3,0.10609037328094302,0.4243614931237721,0.14145383104125736,0.07072691552062868,0.10609037328094302,0.1768172888015717,0.07072691552062868,66.90766208251473,0.4950884086444008,1.1316306483300589,0.3889980353634578,1.2023575638506876,2.3339882121807465,7.284872298624754,3.9607072691552063,0.3182711198428291,0.21218074656188604,0.3536345776031434,0.6365422396856582,1.3084479371316307,0.3889980353634578,0.0,0.10609037328094302,63.875792811839325,33.33333333333333,54.36893203883495,66.66666666666666,6.6774066797642435
portugal,Primeira Liga,2025,Joshua Wynder,20.0,D,USA,187.0,72.0,0,0,0.0,0.0,0.0,0.0,0.0,0,0,0,0.0,0,,,,,,,,,,,,,,,,,,,,,,,,,,,,
portugal,Primeira Liga,2025,Josue Souza,20.0,M,Brazil,175.0,70.0,0,0,0.0,0.0,0.0,0.0,0.0,0,0,0,0.0,0,,,,,,,,,,,,,,,,,,,,,,,,,,,,
portugal,Primeira Liga,2025,José Fonte,42.0,D,Portugal,187.0,81.0,18,16,1438.0,1.0,0.0,0.0,0.0,0,0,3,0.0,0,0.0,0.4381084840055633,0.18776077885952713,0.06258692628650904,0.0,0.06258692628650904,0.06258692628650904,40.49374130737135,0.18776077885952713,0.5632823365785813,1.0639777468706537,0.7510431154381085,1.3143254520166898,6.070931849791377,4.068150208623088,0.18776077885952713,0.12517385257301808,0.12517385257301808,0.31293463143254524,0.8762169680111266,0.18776077885952713,0.0,0.0,37.78207109737249,42.857142857142854,67.0103092783505,66.66666666666666,6.70946416144746
portugal,Primeira Liga,2025,José Franco,18.0,D,,,,0,0,0.0,0.0,0.0,0.0,0.0,0,0,0,0.0,0,,,,,,,,,,,,,,,,,,,,,,,,,,,,
portugal,Primeira Liga,2025,José Gomes,29.0,D,Portugal,185.0,78.0,27,26,2313.0,1.0,5.0,0.0,1.0,0,0,3,0.0,0,0.1556420233463035,0.5836575875486382,0.23346303501945526,0.038910505836575876,0.19455252918287938,0.23346303501945526,0.038910505836575876,20.85603112840467,0.933852140077821,1.5953307392996108,0.5058365758754864,0.7392996108949417,2.3346303501945527,7.743190661478599,4.2412451361867705,1.5953307392996108,0.7392996108949417,0.4669260700389105,0.7003891050583657,0.933852140077821,0.11673151750972763,0.0,0.0,15.89365671641791,40.0,54.773869346733676,46.34146341463415,6.579031560743623
portugal,Primeira Liga,2025,José Neto,17.0,D,,,,2,1,94.0,0.0,0.0,0.0,0.0,0,0,0,0.0,0,0.9574468085106382,0.9574468085106382,0.0,0.0,0.0,0.0,0.0,59.36170212765957,0.0,0.9574468085106382,0.9574468085106382,0.9574468085106382,1.9148936170212765,7.659574468085106,5.744680851063829,0.9574468085106382,0.0,0.0,2.8723404255319145,0.9574468085106382,0.0,0.0,0.0,48.45161290322581,0.0,75.0,0.0,7.3
portugal,Primeira Liga,2025,José Ribeiro,19.0,G,Portugal,191.0,79.0,0,0,0.0,0.0,0.0,0.0,0.0,0,0,0,0.0,0,,,,,,,,,,,,,,,,,,,,,,,,,,,,
portugal,Primeira Liga,2025,José Silva,20.0,D,Portugal,180.0,69.0,4,0,40.0,0.0,0.0,0.0,0.0,0,0,0,0.0,0,0.0,0.0,0.0,0.0,0.0,0.0,0.0,27.0,2.25,0.0,0.0,0.0,0.0,9.0,0.0,0.0,0.0,2.25,0.0,2.25,0.0,0.0,0.0,2.5833333333333335,,0.0,,6.230769230769231
portugal,Primeira Liga,2025,José Tavares,22.0,M,Cape Verde,178.0,,25,8,972.0,0.0,1.0,0.0,0.0,0,0,8,0.0,0,0.0,0.6481481481481481,0.3703703703703704,0.0,0.0925925925925926,0.0925925925925926,0.0,36.111111111111114,0.7407407407407408,2.8703703703703702,0.0925925925925926,1.1111111111111112,3.9814814814814814,17.037037037037038,9.166666666666666,2.037037037037037,1.0185185185185186,1.2037037037037037,2.8703703703703702,3.1481481481481484,0.7407407407407408,0.0,0.0,20.387179487179488,57.14285714285714,53.80434782608695,50.0,6.709474768280123
portugal,Primeira Liga,2025,Jota,32.0,M,Portugal,176.0,71.0,0,0,0.0,0.0,0.0,0.0,0.0,0,0,0,0.0,0,,,,,,,,,,,,,,,,,,,,,,,,,,,,
portugal,Primeira Liga,2025,Jovane Cabral,27.0,F,Cape Verde,174.0,72.0,27,17,1679.0,7.0,1.0,1.0,0.0,1,0,5,0.0,0,0.16081000595592615,2.251340083382966,1.2328767123287672,0.37522334723049433,0.05360333531864205,0.4288266825491364,0.3216200119118523,33.98451459201906,1.1792733770101251,1.9297200714711138,0.05360333531864205,0.4288266825491364,2.3585467540202503,13.347230494341868,7.290053603335318,2.6265634306134604,1.5544967242406196,0.37522334723049433,3.055390113162597,2.3049434187016082,0.26801667659321027,0.0,0.0,21.178233438485805,54.761904761904766,54.61847389558233,59.183673469387756,7.1037522334723056
portugal,Primeira Liga,2025,João Afonso,18.0,G,Portugal,187.0,67.0,2,2,180.0,0.0,0.0,0.0,0.0,0,0,0,0.0,0,0.0,0.0,0.0,0.0,0.0,0.0,0.0,22.0,0.0,0.0,0.0,0.0,0.0,2.5,2.5,0.0,0.0,0.0,1.0,0.0,0.0,0.0,0.0,15.954545454545455,,100.0,,7.6
portugal,Primeira Liga,2025,João Afonso,35.0,D,Portugal,188.0,84.0,13,6,624.0,0.0,0.0,0.0,0.0,0,0,3,0.0,0,0.14423076923076922,0.14423076923076922,0.0,0.0,0.0,0.0,0.0,38.07692307692307,0.0,1.7307692307692308,1.1538461538461537,2.884615384615384,4.615384615384615,9.375,5.913461538461538,0.14423076923076922,0.14423076923076922,0.8653846153846154,0.5769230769230769,0.721153846153846,0.4326923076923077,0.0,0.0,33.640151515151516,0.0,63.07692307692307,100.0,6.794533762057878
portugal,Primeira Liga,2025,João Aurélio,37.0,D,Portugal,180.0,72.0,21,15,1336.0,0.0,0.0,0.0,1.0,0,0,3,0.0,0,0.0,0.2694610778443114,0.06736526946107785,0.0,0.0,0.0,0.0,26.47455089820359,0.5389221556886228,2.694610778443114,0.4715568862275449,1.4146706586826348,4.109281437125748,9.70059880239521,5.726047904191617,1.1452095808383234,0.5389221556886228,0.9431137724550898,1.4146706586826348,1.279940119760479,0.20209580838323352,0.0,0.0,18.216836734693878,25.0,59.02777777777778,47.05882352941176,6.75483870967742
portugal,Primeira Liga,2025,João Carvalho,28.0,M,Portugal,172.0,66.0,33,32,2798.0,6.0,11.0,1.0,1.0,0,0,8,0.0,0,0.09649749821300929,1.2866333095067906,0.675482487491065,0.19299499642601858,0.3538241601143674,0.546819156540386,0.19299499642601858,41.87991422444603,1.7047891350964974,1.4796283059328093,0.09649749821300929,0.7398141529664046,2.2194424588992137,9.48892065761258,4.08506075768406,2.9270907791279486,1.0293066476054324,1.0293066476054324,1.2544674767691208,1.0293066476054324,0.2573266619013581,0.0,0.0,33.47849462365591,52.5,43.050847457627114,35.16483516483517,7.085704074338813
portugal,Primeira Liga,2025,João Costa,25.0,F,Portugal,185.0,80.0,7,0,81.0,0.0,1.0,0.0,0.0,0,0,0,0.0,0,0.0,1.1111111111111112,1.1111111111111112,0.0,1.1111111111111112,1.1111111111111112,0.0,17.77777777777778,2.2222222222222223,3.333333333333333,0.0,0.0,3.333333333333333,18.88888888888889,11.11111111111111,0.0,0.0,0.0,2.2222222222222223,2.2222222222222223,0.0,0.0,0.0,3.5,100.0,58.82352941176471,,6.788607594936709
portugal,Primeira Liga,2025,João Costa,29.0,G,Portugal,185.0,80.0,1,0,18.0,0.0,0.0,0.0,0.0,0,0,0,0.0,0,0.0,0.0,0.0,0.0,0.0,0.0,0.0,40.0,0.0,0.0,0.0,0.0,0.0,0.0,0.0,0.0,0.0,0.0,0.0,0.0,0.0,0.0,0.0,5.0,,,,6.3
portugal,Primeira Liga,2025,João Gonçalves,25.0,G,Portugal,188.0,82.0,6,6,540.0,0.0,0.0,0.0,0.0,0,0,0,0.0,0,0.0,0.0,0.0,0.0,0.0,0.0,0.0,28.166666666666664,0.0,0.0,0.0,0.0,0.0,0.16666666666666669,0.0,0.0,0.0,0.16666666666666669,0.0,0.0,0.0,0.0,0.0,19.414201183431953,,0.0,,6.7
portugal,Primeira Liga,2025,João Goulart,25.0,D,Portugal,191.0,88.0,27,24,2110.0,1.0,0.0,1.0,2.0,0,0,5,0.0,0,0.0,0.17061611374407584,0.08530805687203792,0.04265402843601896,0.0,0.04265402843601896,0.04265402843601896,27.255924170616115,0.12796208530805686,1.1516587677725119,0.7251184834123223,1.3222748815165877,2.4739336492890995,8.104265402843602,4.350710900473934,0.2132701421800948,0.08530805687203792,0.3412322274881517,0.2985781990521327,1.4075829383886254,0.2132701421800948,0.0,0.0,23.35524256651017,50.0,53.68421052631579,40.0,6.559867172675522
portugal,Primeira Liga,2025,João Graça,30.0,M,Portugal,177.0,69.0,8,0,92.0,0.0,0.0,0.0,0.0,0,0,1,0.0,0,0.0,0.0,0.0,0.0,0.0,0.0,0.0,51.84782608695652,2.934782608695652,0.0,0.0,0.9782608695652174,0.9782608695652174,7.826086956521739,4.891304347826087,3.9130434782608696,2.934782608695652,0.0,0.9782608695652174,0.0,0.9782608695652174,0.0,0.0,8.452830188679245,,62.5,75.0,6.540659340659341
portugal,Primeira Liga,2025,João Mendes,25.0,D,Portugal,179.0,73.0,29,29,2441.0,1.0,1.0,0.0,0.0,1,0,7,0.0,0,0.0,0.737402703809914,0.1843506759524785,0.0368701351904957,0.0368701351904957,0.0737402703809914,0.0,38.529291274068,0.7742728390004097,2.0278574354772636,0.1843506759524785,1.0323637853338796,3.060221220811143,7.521507578861123,3.94510446538304,0.8480131093814011,0.40557148709545265,0.6636624334289225,0.6636624334289225,1.327324866857845,0.2580909463334699,0.0,0.0,30.982775119617227,25.0,52.450980392156865,47.82608695652174,6.6459647685374845
portugal,Primeira Liga,2025,João Moutinho,39.0,M,Portugal,170.0,61.0,31,27,2194.0,1.0,1.0,0.0,0.0,1,0,6,0.0,0,0.0,0.7383773928896992,0.4102096627164995,0.04102096627164995,0.04102096627164995,0.0820419325432999,0.0,88.64630811303554,0.6563354603463992,2.0100273473108476,0.3691886964448496,0.984503190519599,2.9945305378304465,8.61440291704649,3.773928896991796,0.6153144940747494,0.2871467639015497,1.7639015496809483,0.6563354603463992,1.4357338195077483,0.24612579762989975,0.0,0.0,74.04997686256362,55.55555555555556,43.80952380952381,46.666666666666664,6.981221513217867
portugal,Primeira Liga,2025,João Novais,32.0,M,Portugal,183.0,77.0,2,0,45.0,0.0,0.0,0.0,0.0,0,0,1,0.0,0,0.0,4.0,4.0,0.0,0.0,0.0,0.0,44.0,2.0,2.0,0.0,0.0,2.0,22.0,6.0,4.0,2.0,4.0,0.0,4.0,2.0,0.0,0.0,15.818181818181818,100.0,27.27272727272727,50.0,6.237777777777778
portugal,Primeira Liga,2025,João Resende,22.0,F,Portugal,181.0,69.0,2,0,18.0,0.0,0.0,0.0,0.0,0,0,0,0.0,0,0.0,0.0,0.0,0.0,0.0,0.0,0.0,35.0,0.0,0.0,0.0,0.0,0.0,5.0,5.0,0.0,0.0,0.0,0.0,0.0,0.0,0.0,0.0,3.5714285714285716,,100.0,,6.5
portugal,Primeira Liga,2025,João Rêgo,20.0,M,Portugal,183.0,64.0,8,0,78.0,1.0,0.0,1.0,0.0,0,0,0,0.0,0,2.3076923076923075,2.3076923076923075,2.3076923076923075,1.1538461538461537,0.0,1.1538461538461537,1.1538461538461537,24.23076923076923,0.0,1.1538461538461537,0.0,0.0,1.1538461538461537,23.076923076923073,9.23076923076923,3.4615384615384617,0.0,3.4615384615384617,5.769230769230768,2.3076923076923075,0.0,0.0,0.0,4.45,100.0,40.0,0.0,6.81842105263158
portugal,Primeira Liga,2025,João Silva,26.0,D,Portugal,189.0,82.0,12,11,996.0,1.0,0.0,0.0,1.0,0,0,1,0.0,0,0.0,0.27108433734939763,0.09036144578313252,0.09036144578313252,0.0,0.09036144578313252,0.09036144578313252,46.08433734939759,0.0,2.5301204819277108,0.45180722891566266,0.45180722891566266,2.9819277108433737,10.210843373493976,5.602409638554216,0.0,0.0,0.45180722891566266,0.5421686746987953,2.2590361445783134,0.09036144578313252,0.0,0.0,40.44509803921569,33.33333333333333,54.86725663716814,,6.858232931726908
portugal,Primeira Liga,2025,João Simões,18.0,M,Portugal,178.0,71.0,18,9,769.0,0.0,1.0,0.0,0.0,0,0,3,0.0,0,0.11703511053315994,0.7022106631989598,0.2340702210663199,0.0,0.11703511053315994,0.11703511053315994,0.0,47.6332899869961,0.7022106631989598,1.5214564369310795,0.11703511053315994,0.3511053315994799,1.8725617685305591,13.107932379713914,4.915474642392718,2.223667100130039,1.1703511053315994,1.0533159947984396,1.0533159947984396,2.925877763328999,0.3511053315994799,0.0,0.0,31.152334152334152,33.33333333333333,37.5,52.63157894736842,6.5687500000000005
portugal,Primeira Liga,2025,João Tomé,22.0,D,Portugal,185.0,79.0,19,6,669.0,0.0,0.0,0.0,0.0,0,0,2,0.0,0,0.0,0.5381165919282511,0.26905829596412556,0.0,0.0,0.0,0.0,35.7847533632287,0.5381165919282511,1.4798206278026906,0.5381165919282511,1.4798206278026906,2.9596412556053813,12.914798206278027,6.053811659192825,2.0179372197309418,1.0762331838565022,1.3452914798206277,0.9417040358744395,1.6143497757847534,0.26905829596412556,0.0,0.0,20.81954887218045,50.0,46.875,53.333333333333336,6.61664167916042
portugal,Primeira Liga,2025,João Valido,25.0,G,Portugal,185.0,76.0,9,9,810.0,0.0,0.0,0.0,0.0,0,0,0,0.0,0,0.0,0.0,0.0,0.0,0.0,0.0,0.0,32.888888888888886,0.0,0.33333333333333337,0.0,0.0,0.33333333333333337,0.8888888888888888,0.8888888888888888,0.0,0.0,0.0,0.5555555555555556,0.1111111111111111,0.0,0.0,0.0,23.45945945945946,,100.0,,6.5777777777777775
portugal,Primeira Liga,2025,João Vasconcelos,20.0,M,Portugal,180.0,66.0,1,0,42.0,0.0,0.0,0.0,0.0,0,0,0,0.0,0,0.0,0.0,0.0,0.0,0.0,0.0,0.0,23.571428571428573,2.142857142857143,2.142857142857143,0.0,0.0,2.142857142857143,2.142857142857143,2.142857142857143,0.0,0.0,0.0,0.0,0.0,0.0,0.0,0.0,9.0,,100.0,,6.299999999999999
portugal,Primeira Liga,2025,João Veloso,20.0,M,Portugal,186.0,73.0,2,0,2.0,0.0,0.0,0.0,0.0,0,0,0,0.0,0,0.0,0.0,0.0,0.0,0.0,0.0,0.0,180.0,0.0,0.0,0.0,0.0,0.0,0.0,0.0,0.0,0.0,0.0,0.0,0.0,0.0,0.0,0.0,4.0,,,,
portugal,Primeira Liga,2025,João Virgínia,26.0,G,Portugal,193.0,83.0,2,2,180.0,0.0,0.0,0.0,0.0,0,0,0,0.0,0,0.0,0.0,0.0,0.0,0.0,0.0,0.0,22.5,0.0,0.0,0.0,0.0,0.0,0.5,0.5,0.0,0.0,0.0,0.5,0.0,0.0,0.0,0.0,20.977777777777778,,100.0,,6.95
portugal,Primeira Liga,2025,Juan Castillo,22.0,G,Colombia,190.0,76.0,15,15,1350.0,0.0,0.0,0.0,0.0,0,0,1,0.0,0,0.0,0.0,0.0,0.0,0.0,0.0,0.0,24.466666666666665,0.0,0.06666666666666667,0.0,0.0,0.06666666666666667,0.4666666666666667,0.4,0.06666666666666667,0.06666666666666667,0.0,0.06666666666666667,0.0,0.06666666666666667,0.0,0.0,18.90190735694823,,85.71428571428571,100.0,6.986666666666666
portugal,Primeira Liga,2025,Juan Rodríguez,19.0,M,Ecuador,175.0,66.0,29,22,1990.0,0.0,0.0,0.0,0.0,0,0,3,0.0,0,0.04522613065326633,0.271356783919598,0.04522613065326633,0.0,0.0,0.0,0.0,35.321608040201006,0.4974874371859297,1.8542713567839195,0.36180904522613067,0.6783919597989949,2.532663316582915,7.643216080402009,4.160804020100502,0.8592964824120604,0.542713567839196,0.9045226130653267,0.8140703517587939,1.085427135678392,0.135678391959799,0.0,0.0,27.99615877080666,16.666666666666664,54.437869822485204,63.1578947368421,6.72286432160804
portugal,Primeira Liga,2025,Julien Lomboto,23.0,D,France,192.0,85.0,7,3,228.0,0.0,0.0,0.0,0.0,0,0,1,0.0,0,0.0,0.0,0.0,0.0,0.0,0.0,0.0,51.31578947368421,0.39473684210526316,0.7894736842105263,0.7894736842105263,1.1842105263157894,1.9736842105263157,7.105263157894736,3.9473684210526314,0.39473684210526316,0.0,0.0,1.5789473684210527,1.5789473684210527,0.39473684210526316,0.0,0.0,34.23076923076923,,55.55555555555556,0.0,6.4818584070796454
portugal,Primeira Liga,2025,Julián Jose Martinez,22.0,D,Honduras,185.0,63.0,11,6,671.0,0.0,0.0,0.0,0.0,0,0,1,0.0,0,0.0,0.26825633383010433,0.0,0.0,0.0,0.0,0.0,39.970193740685545,0.0,1.8777943368107304,0.8047690014903129,0.5365126676602087,2.414307004470939,6.84053651266766,4.292101341281669,0.0,0.0,0.26825633383010433,1.743666169895678,1.2071535022354696,0.13412816691505217,0.0,0.0,39.144295302013425,0.0,62.745098039215684,,6.60655737704918
portugal,Primeira Liga,2025,Justin De Haas,25.0,D,Netherlands,194.0,87.0,31,31,2790.0,5.0,0.0,0.0,4.0,1,0,7,0.0,0,0.03225806451612903,0.45161290322580644,0.2903225806451613,0.16129032258064516,0.0,0.16129032258064516,0.12903225806451613,64.32258064516128,0.22580645161290322,1.4193548387096775,0.6451612903225806,1.0,2.4193548387096775,6.935483870967742,3.9677419354838706,0.22580645161290322,0.22580645161290322,0.41935483870967744,0.8387096774193549,1.1290322580645162,0.22580645161290322,0.0,0.0,60.41073219658977,64.28571428571429,57.20930232558139,100.0,7.158064516129032
portugal,Primeira Liga,2025,Jérémy Livolant,27.0,F,France,175.0,70.0,35,34,2910.0,3.0,8.0,1.0,0.0,1,0,5,0.0,1,0.3402061855670103,1.0206185567010309,0.4948453608247423,0.09278350515463918,0.24742268041237114,0.3402061855670103,0.061855670103092786,24.649484536082475,1.2989690721649485,1.268041237113402,0.12371134020618557,0.40206185567010305,1.6701030927835052,11.783505154639176,6.494845360824741,2.288659793814433,0.8969072164948453,0.6804123711340206,2.443298969072165,0.8041237113402061,0.15463917525773196,0.0,0.030927835051546393,17.820577164366373,48.484848484848484,55.118110236220474,39.189189189189186,7.024501718213058
portugal,Primeira Liga,2025,Kaiky Naves,23.0,D,Brazil,184.0,77.0,32,32,2835.0,2.0,0.0,0.0,1.0,0,0,9,0.0,1,0.03174603174603175,0.380952380952381,0.126984126984127,0.0634920634920635,0.0,0.0634920634920635,0.0634920634920635,53.61904761904761,0.2222222222222222,2.5396825396825395,1.2063492063492063,1.523809523809524,4.063492063492064,7.396825396825397,4.317460317460317,0.2222222222222222,0.126984126984127,0.5714285714285714,0.2222222222222222,1.015873015873016,0.2857142857142857,0.0,0.03174603174603175,46.76258140911782,33.33333333333333,58.36909871244635,57.14285714285714,7.043068783068782
portugal,Primeira Liga,2025,Kaique,22.0,G,Brazil,190.0,86.0,28,28,2520.0,0.0,0.0,0.0,0.0,0,0,3,0.0,0,0.0,0.0,0.0,0.0,0.0,0.0,0.0,33.464285714285715,0.0,0.0,0.0,0.0,0.0,0.7857142857142857,0.6785714285714286,0.03571428571428571,0.03571428571428571,0.03571428571428571,0.4285714285714286,0.0,0.10714285714285715,0.0,0.0,19.83991462113127,,86.36363636363636,100.0,7.035714285714286
portugal,Primeira Liga,2025,Kaique Rocha,24.0,D,Brazil,197.0,89.0,6,6,497.0,1.0,0.0,0.0,0.0,0,0,0,0.0,0,0.18108651911468815,0.9054325955734407,0.18108651911468815,0.18108651911468815,0.0,0.18108651911468815,0.18108651911468815,42.19315895372234,0.0,1.267605633802817,0.9054325955734407,1.0865191146881288,2.3541247484909458,5.4325955734406435,3.6217303822937628,0.0,0.0,0.18108651911468815,0.5432595573440644,1.0865191146881288,0.0,0.0,0.0,33.21459227467811,20.0,66.66666666666666,,6.514889336016097
portugal,Primeira Liga,2025,Karem Zoabi,19.0,F,Israel,184.0,76.0,5,1,92.0,0.0,0.0,0.0,0.0,0,0,2,0.0,0,0.0,0.9782608695652174,0.0,0.0,0.0,0.0,0.0,18.58695652173913,1.9565217391304348,0.9782608695652174,0.0,0.0,0.9782608695652174,14.673913043478262,3.9130434782608696,0.9782608695652174,0.0,0.9782608695652174,1.9565217391304348,5.869565217391304,1.9565217391304348,0.0,0.0,4.578947368421052,0.0,26.666666666666668,0.0,6.538461538461538
portugal,Primeira Liga,2025,Kauan Gomes,20.0,D,Brazil,,,4,0,36.0,0.0,0.0,0.0,0.0,0,0,0,0.0,0,0.0,2.5,0.0,0.0,0.0,0.0,0.0,35.0,2.5,2.5,0.0,2.5,5.0,17.5,5.0,2.5,2.5,2.5,0.0,5.0,0.0,0.0,0.0,5.071428571428571,0.0,28.57142857142857,100.0,6.3
portugal,Primeira Liga,2025,Kelian Nsona,23.0,F,France,189.0,74.0,10,6,484.0,1.0,1.0,0.0,0.0,0,0,0,0.0,0,0.1859504132231405,0.9297520661157025,0.371900826446281,0.1859504132231405,0.1859504132231405,0.371900826446281,0.1859504132231405,17.107438016528928,0.371900826446281,1.487603305785124,0.1859504132231405,0.1859504132231405,1.6735537190082646,11.34297520661157,4.462809917355372,2.975206611570248,1.3016528925619835,0.9297520661157025,0.743801652892562,1.115702479338843,0.0,0.0,0.0,10.717391304347826,40.0,39.34426229508197,43.75,6.576190476190477
portugal,Primeira Liga,2025,Kerem Aktürkoğlu,27.0,F,Türkiye,173.0,68.0,1,0,24.0,0.0,0.0,0.0,0.0,0,0,0,0.0,0,0.0,3.75,3.75,0.0,0.0,0.0,0.0,26.25,3.75,0.0,0.0,0.0,0.0,3.75,3.75,0.0,0.0,0.0,3.75,0.0,0.0,0.0,0.0,6.0,100.0,100.0,,6.599999999999999
portugal,Primeira Liga,2025,Kevin Chamorro,25.0,G,Costa Rica,187.0,86.0,3,3,270.0,0.0,0.0,0.0,0.0,0,0,0,0.0,0,0.0,0.0,0.0,0.0,0.0,0.0,0.0,26.333333333333332,0.0,0.0,0.0,0.0,0.0,1.0,1.0,0.0,0.0,0.0,0.0,0.0,0.0,0.0,0.0,18.49367088607595,,100.0,,6.333333333333333
portugal,Primeira Liga,2025,Kevin Höög Jansson,25.0,M,Sweden,190.0,77.0,13,10,814.0,0.0,0.0,0.0,2.0,0,0,3,0.0,0,0.0,0.44226044226044225,0.0,0.0,0.0,0.0,0.0,37.37100737100737,0.3316953316953317,1.99017199017199,0.773955773955774,1.547911547911548,3.538083538083538,10.06142506142506,5.749385749385749,0.5528255528255528,0.44226044226044225,0.8845208845208845,0.5528255528255528,1.6584766584766584,0.3316953316953317,0.0,0.0,29.36390532544379,0.0,57.14285714285714,80.0,6.711425061425062
portugal,Primeira Liga,2025,Kevin Pinto,19.0,D,,,,0,0,0.0,0.0,0.0,0.0,0.0,0,0,0,0.0,0,,,,,,,,,,,,,,,,,,,,,,,,,,,,
portugal,Primeira Liga,2025,Kevin Prieto,22.0,F,Uruguay,184.0,80.0,13,4,475.0,0.0,1.0,0.0,0.0,0,0,1,0.0,0,0.0,0.37894736842105264,0.0,0.0,0.18947368421052632,0.18947368421052632,0.0,21.97894736842105,0.5684210526315789,3.789473684210526,0.18947368421052632,1.1368421052631579,4.926315789473684,15.726315789473684,8.905263157894737,2.2736842105263158,1.1368421052631579,2.6526315789473682,3.410526315789474,0.9473684210526315,0.18947368421052632,0.0,0.0,10.405172413793103,0.0,56.62650602409639,50.0,6.909473684210527
portugal,Primeira Liga,2025,Kevyn,20.0,G,Brazil,192.0,80.0,0,0,0.0,0.0,0.0,0.0,0.0,0,0,0,0.0,0,,,,,,,,,,,,,,,,,,,,,,,,,,,,
portugal,Primeira Liga,2025,Kevyn Monteiro,20.0,D,,,,10,3,374.0,0.0,0.0,0.0,0.0,0,0,0,0.0,0,0.0,0.24064171122994651,0.0,0.0,0.0,0.0,0.0,60.88235294117647,0.48128342245989303,1.9251336898395721,1.4438502673796794,2.8877005347593587,4.81283422459893,9.144385026737968,6.737967914438502,0.0,0.0,0.24064171122994651,0.9625668449197861,0.9625668449197861,0.0,0.0,0.0,52.16205533596838,0.0,73.68421052631578,,7.242513368983957
portugal,Primeira Liga,2025,Khayon Edwards,22.0,F,England,180.0,,2,0,11.0,0.0,0.0,0.0,0.0,0,0,0,0.0,0,0.0,0.0,0.0,0.0,0.0,0.0,0.0,16.363636363636363,0.0,0.0,0.0,0.0,0.0,8.181818181818182,0.0,0.0,0.0,0.0,0.0,8.181818181818182,0.0,0.0,0.0,2.0,,0.0,,6.3
portugal,Primeira Liga,2025,Kikas,27.0,F,Portugal,177.0,73.0,17,14,1213.0,6.0,1.0,0.0,0.0,0,1,0,0.0,0,0.6677658697444353,1.8549051937345424,1.1871393239901071,0.4451772464962902,0.0741962077493817,0.5193734542456719,0.4451772464962902,12.168178070898598,0.6677658697444353,0.2225886232481451,0.0,0.1483924154987634,0.37098103874690846,5.638911788953009,1.6323165704863973,0.5193734542456719,0.0741962077493817,0.5935696619950536,0.8161582852431987,1.1871393239901071,0.0,0.0,0.0,9.890243902439025,64.0,28.947368421052634,14.285714285714285,6.740313272877164
portugal,Primeira Liga,2025,Kiki Afonso,31.0,D,Portugal,181.0,76.0,27,17,1551.0,0.0,0.0,0.0,0.0,0,0,2,0.0,0,0.0,0.3481624758220503,0.0,0.0,0.0,0.0,0.0,30.638297872340424,0.8704061895551258,2.147001934235977,0.46421663442940037,1.3346228239845261,3.4816247582205033,9.284332688588007,5.222437137330754,0.5802707930367504,0.3481624758220503,0.7543520309477757,1.0444874274661509,1.9729206963249515,0.11605415860735009,0.0,0.0,19.331439393939394,0.0,56.25,60.0,6.506318504190844
portugal,Primeira Liga,2025,Kiki Silva,27.0,F,Portugal,172.0,65.0,1,0,16.0,0.0,0.0,0.0,0.0,0,0,0,0.0,0,0.0,0.0,0.0,0.0,0.0,0.0,0.0,33.75,0.0,5.625,0.0,0.0,5.625,28.125,11.25,11.25,0.0,0.0,5.625,0.0,0.0,0.0,0.0,2.0,,40.0,0.0,6.7
portugal,Primeira Liga,2025,Kiko,23.0,D,Portugal,180.0,75.0,27,22,1862.0,1.0,0.0,0.0,0.0,0,0,4,0.0,0,0.048335123523093444,0.38668098818474755,0.14500537056928034,0.048335123523093444,0.0,0.048335123523093444,0.048335123523093444,39.63480128893663,0.7733619763694951,2.2234156820622983,0.38668098818474755,1.2083780880773363,3.4317937701396346,9.715359828141784,4.785177228786251,1.5950590762620838,0.7250268528464018,1.1117078410311492,0.9183673469387754,1.5950590762620838,0.19334049409237378,0.0,0.0,30.834146341463416,37.5,49.25373134328358,45.45454545454545,6.730451127819549
portugal,Primeira Liga,2025,Kiko Bondoso,30.0,M,Portugal,169.0,65.0,31,25,2022.0,0.0,4.0,0.0,0.0,0,0,0,0.0,0,0.22255192878338276,0.22255192878338276,0.08902077151335311,0.0,0.17804154302670622,0.17804154302670622,0.0,30.40059347181009,1.201780415430267,1.1572700296735905,0.0,0.35608308605341243,1.513353115727003,7.922848664688427,3.605341246290801,1.4243323442136497,0.35608308605341243,1.0682492581602374,1.6468842729970326,0.5341246290801187,0.0,0.0,0.0,23.559297218155198,40.0,45.50561797752809,25.0,6.740999010880316
portugal,Primeira Liga,2025,Kobamelo Kodisang,26.0,F,South Africa,169.0,66.0,4,1,125.0,0.0,0.0,0.0,0.0,0,0,0,0.0,0,0.0,0.0,0.0,0.0,0.0,0.0,0.0,18.0,2.16,0.72,0.72,0.72,1.44,10.08,3.6,1.44,0.72,2.16,2.16,1.44,0.0,0.0,0.0,7.32,,35.714285714285715,50.0,6.557600000000001
portugal,Primeira Liga,2025,Kévin Boma,23.0,D,France,193.0,73.0,21,19,1722.0,1.0,1.0,0.0,1.0,0,0,5,0.0,0,0.0,0.47038327526132406,0.20905923344947736,0.05226480836236934,0.05226480836236934,0.10452961672473868,0.05226480836236934,44.11149825783972,0.20905923344947736,1.411149825783972,0.8362369337979094,1.358885017421603,2.770034843205575,7.944250871080139,5.278745644599303,0.4181184668989547,0.313588850174216,0.313588850174216,1.0975609756097562,1.0452961672473868,0.2613240418118467,0.0,0.0,41.00947867298578,44.44444444444444,66.44736842105263,75.0,6.756271777003484
portugal,Primeira Liga,2025,Kévin Zohi,29.0,F,Mali,177.0,75.0,2,0,40.0,0.0,0.0,0.0,0.0,0,0,0,0.0,0,0.0,2.25,0.0,0.0,0.0,0.0,0.0,31.499999999999996,0.0,0.0,0.0,0.0,0.0,4.5,0.0,0.0,0.0,0.0,0.0,2.25,0.0,0.0,0.0,9.0,0.0,0.0,,6.335
portugal,Primeira Liga,2025,Landerson,19.0,F,Brazil,167.0,59.0,29,13,1291.0,0.0,2.0,1.0,1.0,0,0,2,0.0,0,0.209140201394268,0.418280402788536,0.069713400464756,0.0,0.139426800929512,0.139426800929512,0.0,25.166537567776917,0.975987606506584,1.2548412083656082,0.069713400464756,0.6274206041828041,1.882261812548412,14.082106893880713,5.646785437645236,4.8799380325329205,1.185127807900852,1.04570100697134,2.927962819519752,1.185127807900852,0.139426800929512,0.0,0.0,15.18836565096953,16.666666666666664,40.099009900990104,24.285714285714285,6.549341595662278
portugal,Primeira Liga,2025,Lawrence Ofori,27.0,M,Ghana,181.0,75.0,18,12,1007.0,1.0,1.0,0.0,0.0,0,0,1,0.0,0,0.08937437934458788,0.5362462760675273,0.26812313803376364,0.08937437934458788,0.08937437934458788,0.17874875868917575,0.08937437934458788,28.063555114200597,0.9831181727904666,1.3406156901688182,0.17874875868917575,0.714995034756703,2.0556107249255215,6.434955312810328,2.859980139026812,0.8937437934458788,0.4468718967229394,0.714995034756703,0.9831181727904666,1.0724925521350546,0.08937437934458788,0.0,0.0,17.808917197452228,50.0,44.44444444444444,50.0,6.7105263157894735
portugal,Primeira Liga,2025,Lazar Carević,26.0,G,Montenegro,195.0,85.0,34,34,3060.0,0.0,0.0,0.0,0.0,0,0,4,0.0,0,0.0,0.0,0.0,0.0,0.0,0.0,0.0,34.44117647058823,0.0,0.029411764705882353,0.0,0.0,0.029411764705882353,0.47058823529411764,0.4411764705882353,0.0,0.0,0.029411764705882353,0.23529411764705882,0.0,0.11764705882352941,0.0,0.0,30.937660119555936,,93.75,,7.123529411764705
portugal,Primeira Liga,2025,Leandro Antonetti,22.0,F,Puerto Rico,189.0,79.0,12,3,335.0,0.0,0.0,0.0,0.0,0,0,0,0.0,0,0.0,1.0746268656716418,0.8059701492537313,0.0,0.0,0.0,0.0,10.746268656716417,0.0,1.0746268656716418,0.26865671641791045,0.0,1.0746268656716418,12.895522388059701,5.3731343283582085,2.1492537313432836,1.0746268656716418,0.5373134328358209,1.8805970149253732,1.8805970149253732,0.0,0.0,0.0,4.615384615384615,75.0,41.66666666666667,50.0,6.422686567164178
portugal,Primeira Liga,2025,Leandro Barreiro,25.0,M,Luxembourg,174.0,67.0,31,18,1767.0,3.0,5.0,0.0,0.0,0,0,1,0.0,0,0.2546689303904923,0.8149405772495756,0.5093378607809846,0.15280135823429541,0.2546689303904923,0.4074702886247878,0.15280135823429541,34.940577249575554,1.0696095076400678,1.7317487266553482,0.2037351443123939,1.0186757215619693,2.7504244482173177,10.69609507640068,5.755517826825128,0.9168081494057726,0.4074702886247878,1.0186757215619693,2.3429541595925296,1.5280135823429541,0.050933786078098474,0.0,0.0,29.188321167883213,62.5,53.80952380952381,44.44444444444444,6.824957555178269
portugal,Primeira Liga,2025,Leandro Santos,20.0,D,Portugal,181.0,68.0,9,2,263.0,0.0,0.0,0.0,0.0,0,0,1,0.0,0,0.0,0.0,0.0,0.0,0.0,0.0,0.0,39.35361216730038,0.34220532319391633,2.7376425855513307,2.3954372623574143,1.0266159695817492,3.7642585551330794,14.03041825095057,7.870722433460076,4.7908745247148286,3.4220532319391634,2.0532319391634983,1.0266159695817492,1.0266159695817492,0.34220532319391633,0.0,0.0,17.234782608695653,,56.09756097560976,71.42857142857143,7.015589353612167
portugal,Primeira Liga,2025,Lenny Vallier,26.0,D,France,178.0,72.0,14,8,755.0,0.0,0.0,0.0,0.0,0,0,5,0.0,0,0.23841059602649006,0.23841059602649006,0.0,0.0,0.0,0.0,0.0,28.37086092715232,1.6688741721854305,1.3112582781456954,0.4768211920529801,0.9536423841059603,2.2649006622516556,8.225165562913908,4.529801324503311,1.3112582781456954,0.8344370860927153,0.5960264900662252,1.5496688741721854,0.8344370860927153,0.5960264900662252,0.0,0.0,23.054621848739497,0.0,55.072463768115945,63.63636363636363,6.762251655629139
portugal,Primeira Liga,2025,Leo Azevedo,21.0,M,Brazil,181.0,69.0,2,2,165.0,0.0,0.0,0.0,0.0,0,0,1,0.0,0,0.0,1.0909090909090908,0.0,0.0,0.0,0.0,0.0,44.72727272727273,1.0909090909090908,1.0909090909090908,0.0,1.0909090909090908,2.1818181818181817,12.545454545454547,6.0,0.0,0.0,1.0909090909090908,2.1818181818181817,1.6363636363636362,0.5454545454545454,0.0,0.0,35.97560975609756,0.0,47.82608695652174,,6.681818181818182
portugal,Primeira Liga,2025,Leonardo Buta,23.0,D,Portugal,182.0,74.0,3,0,28.0,0.0,0.0,0.0,0.0,0,0,0,0.0,0,0.0,0.0,0.0,0.0,0.0,0.0,0.0,16.071428571428573,0.0,3.214285714285714,0.0,0.0,3.214285714285714,28.92857142857143,12.857142857142856,0.0,0.0,9.642857142857142,9.642857142857142,3.214285714285714,0.0,0.0,0.0,1.0,,44.44444444444444,,6.5249999999999995
portugal,Primeira Liga,2025,Leonardo Lelo,25.0,D,Portugal,175.0,69.0,29,20,1844.0,0.0,4.0,1.0,0.0,0,0,2,0.0,0,0.09761388286334056,0.09761388286334056,0.04880694143167028,0.0,0.19522776572668113,0.19522776572668113,0.0,52.27223427331887,1.903470715835141,1.024945770065076,0.14642082429501085,1.0737527114967462,2.098698481561822,6.88177874186551,3.660520607375271,1.5130151843817787,0.7809110629067245,0.39045553145336226,1.4154013015184383,0.6344902386117136,0.09761388286334056,0.0,0.0,44.87675070028011,50.0,53.191489361702125,51.61290322580645,6.8459576776994036
portugal,Primeira Liga,2025,Leonardo Rivas,24.0,D,Paraguay,177.0,77.0,26,17,1534.0,0.0,1.0,0.0,1.0,0,0,6,0.0,0,0.05867014341590612,0.29335071707953064,0.05867014341590612,0.0,0.05867014341590612,0.05867014341590612,0.0,22.998696219035203,0.7627118644067796,2.2294654498044326,0.8213820078226858,1.2320730117340286,3.4615384615384617,7.392438070404172,4.224250325945241,0.5867014341590613,0.3520208604954368,0.8800521512385919,0.469361147327249,0.7627118644067796,0.3520208604954368,0.0,0.0,15.369897959183673,20.0,57.14285714285714,60.0,6.7584093872229465
portugal,Primeira Liga,2025,Lincoln,27.0,M,Brazil,178.0,65.0,30,29,2373.0,2.0,5.0,0.0,0.0,0,2,5,0.0,0,0.18963337547408343,0.8723135271807838,0.45512010113780027,0.07585335018963338,0.18963337547408343,0.2654867256637168,0.07585335018963338,39.32996207332491,1.4791403286978506,2.085967130214918,0.45512010113780027,0.45512010113780027,2.541087231352718,8.60935524652339,5.195954487989886,1.1378002528445006,0.5689001264222503,0.45512010113780027,1.9721871049304678,1.0240202275600505,0.18963337547408343,0.0,0.0,32.42237222757956,52.17391304347826,60.352422907488986,50.0,7.119216182048041
portugal,Primeira Liga,2025,Liziero,27.0,M,Brazil,175.0,74.0,28,27,2340.0,0.0,4.0,0.0,1.0,0,0,6,0.0,0,0.038461538461538464,0.6923076923076923,0.19230769230769232,0.0,0.15384615384615385,0.15384615384615385,0.0,39.30769230769231,1.7692307692307692,2.5769230769230766,0.4230769230769231,0.9230769230769231,3.5,9.615384615384615,5.038461538461538,1.1538461538461537,0.38461538461538464,0.8076923076923076,1.4615384615384617,1.5384615384615385,0.23076923076923078,0.0,0.0,33.136986301369866,27.77777777777778,52.400000000000006,33.33333333333333,6.967991452991453
portugal,Primeira Liga,2025,Longin Bimai,19.0,D,France,196.0,,0,0,0.0,0.0,0.0,0.0,0.0,0,0,0,0.0,0,,,,,,,,,,,,,,,,,,,,,,,,,,,,
portugal,Primeira Liga,2025,Luan Patrick,23.0,D,Brazil,190.0,81.0,31,30,2685.0,0.0,0.0,0.0,1.0,0,0,3,0.0,1,0.0670391061452514,0.0335195530726257,0.0,0.0,0.0,0.0,0.0,51.05027932960894,0.1340782122905028,1.3743016759776536,1.005586592178771,1.1061452513966479,2.4804469273743015,4.793296089385475,2.9497206703910615,0.5027932960893855,0.40223463687150834,0.3016759776536313,0.2681564245810056,0.8715083798882681,0.10055865921787709,0.0,0.0335195530726257,47.038082731451084,0.0,61.53846153846154,80.0,6.829757914338921
portugal,Primeira Liga,2025,Lucas Cañizares,23.0,G,Spain,188.0,81.0,0,0,0.0,0.0,0.0,0.0,0.0,0,0,2,0.0,0,,,,,,,,,,,,,,,,,,,,,,,,,,,,
portugal,Primeira Liga,2025,Lucas França,29.0,G,Brazil,194.0,83.0,6,6,540.0,0.0,0.0,0.0,0.0,0,0,1,0.0,0,0.0,0.0,0.0,0.0,0.0,0.0,0.0,24.833333333333332,0.0,0.0,0.0,0.0,0.0,0.6666666666666667,0.33333333333333337,0.0,0.0,0.16666666666666669,0.16666666666666669,0.0,0.16666666666666669,0.0,0.0,12.087248322147651,,50.0,,6.733333333333333
portugal,Primeira Liga,2025,Lucas João,32.0,F,Angola,193.0,80.0,19,1,299.0,0.0,1.0,0.0,0.0,0,0,1,0.0,0,0.0,2.1070234113712374,0.9030100334448161,0.0,0.3010033444816054,0.3010033444816054,0.0,23.478260869565215,1.2040133779264215,1.8060200668896322,0.3010033444816054,0.6020066889632107,2.408026755852843,16.8561872909699,8.42809364548495,1.2040133779264215,0.9030100334448161,0.3010033444816054,0.9030100334448161,1.8060200668896322,0.3010033444816054,0.0,0.0,5.8076923076923075,42.857142857142854,50.0,75.0,6.495578231292517
portugal,Primeira Liga,2025,Lucas Paes,28.0,G,Brazil,193.0,90.0,2,2,180.0,0.0,0.0,0.0,0.0,0,0,0,0.0,0,0.0,0.0,0.0,0.0,0.0,0.0,0.0,27.0,0.0,0.5,0.0,0.0,0.5,0.5,0.5,0.0,0.0,0.0,0.0,0.0,0.0,0.0,0.0,19.88888888888889,,100.0,,7.05
portugal,Primeira Liga,2025,Lucas Soares,27.0,D,Brazil,174.0,64.0,28,25,2086.0,0.0,0.0,0.0,1.0,0,0,6,0.0,1,0.1725790987535954,0.6471716203259827,0.12943432406519656,0.0,0.0,0.0,0.0,31.19367209971237,0.6471716203259827,1.9415148609779482,0.04314477468839885,0.7766059443911794,2.7181208053691277,10.268456375838927,5.436241610738255,2.4161073825503356,1.5100671140939597,0.5608820709491851,1.2080536912751678,2.027804410354746,0.2588686481303931,0.0,0.04314477468839885,25.179806362378976,20.0,52.94117647058824,62.5,6.664621284755513
portugal,Primeira Liga,2025,Lucão,24.0,G,Brazil,190.0,,8,8,720.0,0.0,0.0,0.0,0.0,0,0,0,0.0,0,0.0,0.0,0.0,0.0,0.0,0.0,0.0,26.75,0.0,0.0,0.0,0.0,0.0,0.5,0.5,0.0,0.0,0.0,0.25,0.0,0.0,0.0,0.0,20.457943925233646,,100.0,,6.6125
portugal,Primeira Liga,2025,Luis Fernando,20.0,F,Brazil,,,11,7,583.0,1.0,2.0,0.0,0.0,0,0,0,0.0,0,0.4631217838765009,1.234991423670669,0.4631217838765009,0.15437392795883362,0.30874785591766724,0.4631217838765009,0.15437392795883362,18.524871355060036,0.7718696397941681,1.234991423670669,0.0,0.15437392795883362,1.3893653516295026,12.81303602058319,5.2487135506003435,3.3962264150943393,1.5437392795883362,0.4631217838765009,1.8524871355060035,1.234991423670669,0.0,0.0,0.0,11.341666666666667,37.5,40.963855421686745,45.45454545454545,6.599656946826758
portugal,Primeira Liga,2025,Luis Gomes,21.0,M,Portugal,172.0,60.0,0,0,0.0,0.0,0.0,0.0,0.0,0,0,0,0.0,0,,,,,,,,,,,,,,,,,,,,,,,,,,,,
portugal,Primeira Liga,2025,Luis Guilherme,19.0,M,Brazil,178.0,74.0,13,7,634.0,1.0,0.0,0.0,0.0,0,0,0,0.0,0,0.14195583596214512,1.135646687697161,0.42586750788643535,0.14195583596214512,0.0,0.14195583596214512,0.14195583596214512,39.46372239747634,2.1293375394321767,0.9936908517350158,0.0,0.42586750788643535,1.419558359621451,9.227129337539433,4.968454258675078,3.2649842271293377,1.8454258675078865,0.9936908517350158,1.8454258675078865,0.5678233438485805,0.0,0.0,0.0,25.758992805755394,37.5,53.84615384615385,56.52173913043478,6.981703470031547
portugal,Primeira Liga,2025,Luis Javier Suárez,28.0,F,Colombia,185.0,74.0,32,31,2697.0,28.0,6.0,1.0,0.0,4,2,7,0.0,0,0.16685205784204674,3.7041156840934373,2.0022246941045605,0.9343715239154616,0.20022246941045607,1.1345939933259177,0.8008898776418243,19.78865406006674,1.5350389321468298,0.5005561735261401,0.06674082313681869,0.06674082313681869,0.5672969966629589,9.477196885428254,4.404894327030034,2.402669632925473,1.2347052280311457,0.33370411568409347,1.768631813125695,1.4349276974416019,0.2335928809788654,0.0,0.0,15.077571669477235,54.054054054054056,46.478873239436616,51.388888888888886,7.428364849833148
portugal,Primeira Liga,2025,Luis Quintero,21.0,M,Colombia,180.0,,2,2,139.0,0.0,0.0,0.0,0.0,0,0,0,0.0,0,0.0,0.6474820143884893,0.0,0.0,0.0,0.0,0.0,19.424460431654676,1.9424460431654678,0.6474820143884893,0.0,0.6474820143884893,1.2949640287769786,8.41726618705036,3.237410071942446,4.532374100719425,2.589928057553957,0.0,0.0,1.2949640287769786,0.0,0.0,0.0,12.0,0.0,38.46153846153847,57.14285714285714,6.857553956834533
portugal,Primeira Liga,2025,Luisinho,19.0,M,,,,3,2,215.0,0.0,1.0,0.0,0.0,0,0,1,0.0,0,0.0,0.41860465116279066,0.0,0.0,0.41860465116279066,0.41860465116279066,0.0,58.6046511627907,0.8372093023255813,2.0930232558139537,0.0,1.255813953488372,3.3488372093023253,15.488372093023257,7.116279069767442,2.0930232558139537,1.255813953488372,0.8372093023255813,2.0930232558139537,3.7674418604651163,0.41860465116279066,0.0,0.0,49.52142857142857,0.0,45.94594594594595,60.0,6.72093023255814
portugal,Primeira Liga,2025,Luiz Otávio Ferreira Viana,18.0,M,,,,0,0,0.0,0.0,0.0,0.0,0.0,0,0,0,0.0,0,,,,,,,,,,,,,,,,,,,,,,,,,,,,
portugal,Primeira Liga,2025,Lukáš Horníček,23.0,G,Czechia,194.0,90.0,33,33,2960.0,0.0,0.0,0.0,0.0,0,0,4,0.0,0,0.0,0.0,0.0,0.0,0.0,0.0,0.0,34.266891891891895,0.0,0.0,0.0,0.0,0.0,0.5472972972972974,0.4864864864864865,0.030405405405405407,0.030405405405405407,0.030405405405405407,0.15202702702702703,0.0,0.12162162162162163,0.0,0.0,27.95119787045253,,88.88888888888889,100.0,6.962837837837838
portugal,Primeira Liga,2025,Luquinhas,29.0,F,Brazil,169.0,60.0,9,2,224.0,0.0,0.0,0.0,0.0,0,0,1,0.0,0,0.0,0.8035714285714285,0.40178571428571425,0.0,0.0,0.0,0.0,24.50892857142857,0.0,2.0089285714285716,0.0,0.8035714285714285,2.8125,12.857142857142856,5.625,0.40178571428571425,0.40178571428571425,1.607142857142857,2.4107142857142856,1.607142857142857,0.40178571428571425,0.0,0.0,10.360655737704919,50.0,43.75,100.0,6.604464285714286
portugal,Primeira Liga,2025,Luuk de Jong,35.0,F,Netherlands,188.0,86.0,5,2,263.0,1.0,0.0,0.0,0.0,0,0,1,0.0,0,1.3688212927756653,1.7110266159695817,1.0266159695817492,0.34220532319391633,0.0,0.34220532319391633,0.34220532319391633,20.874524714828897,1.7110266159695817,1.0266159695817492,0.34220532319391633,0.6844106463878327,1.7110266159695817,9.581749049429657,5.475285171102661,0.34220532319391633,0.34220532319391633,0.34220532319391633,0.6844106463878327,1.0266159695817492,0.34220532319391633,0.0,0.0,11.0,60.0,57.14285714285714,100.0,6.881749049429658
portugal,Primeira Liga,2025,Luís Esteves,27.0,M,Portugal,171.0,63.0,33,33,2770.0,4.0,8.0,1.0,0.0,0,0,3,0.0,1,0.06498194945848375,1.7220216606498195,0.7472924187725631,0.1299638989169675,0.259927797833935,0.3898916967509025,0.1299638989169675,46.81949458483754,1.9494584837545126,1.6895306859205776,0.032490974729241874,0.8772563176895307,2.5667870036101084,9.55234657039711,4.516245487364621,1.1046931407942238,0.45487364620938625,1.1371841155234657,1.7220216606498195,1.1371841155234657,0.09747292418772563,0.0,0.032490974729241874,39.72310895211658,43.39622641509434,47.27891156462585,41.17647058823529,7.04274368231047
portugal,Primeira Liga,2025,Luís Rocha,39.0,D,Portugal,186.0,85.0,13,13,1170.0,0.0,0.0,0.0,1.0,0,0,5,0.0,0,0.15384615384615385,0.15384615384615385,0.0,0.0,0.0,0.0,0.0,54.846153846153854,0.07692307692307693,1.1538461538461537,0.07692307692307693,0.8461538461538461,2.0,7.0,3.2307692307692304,0.15384615384615385,0.07692307692307693,0.9230769230769231,0.46153846153846156,1.5384615384615385,0.38461538461538464,0.0,0.0,55.26647966339411,0.0,46.15384615384615,50.0,6.546153846153846
portugal,Primeira Liga,2025,Luís Semedo,22.0,F,Portugal,192.0,,21,8,989.0,3.0,0.0,0.0,0.0,0,0,0,0.0,0,0.3640040444893832,1.5470171890798785,0.5460060667340748,0.2730030333670374,0.0,0.2730030333670374,0.2730030333670374,17.563195146612742,0.7280080889787665,0.3640040444893832,0.1820020222446916,0.1820020222446916,0.5460060667340748,12.740141557128414,5.460060667340748,1.365015166835187,0.7280080889787665,0.455005055611729,1.911021233569262,1.2740141557128413,0.0,0.0,0.0,9.46524064171123,35.294117647058826,42.857142857142854,53.333333333333336,6.588169868554095
portugal,Primeira Liga,2025,Léo Realpe,24.0,D,Ecuador,184.0,74.0,24,19,1710.0,1.0,1.0,0.0,2.0,0,0,4,0.0,1,0.0,0.2631578947368421,0.15789473684210525,0.052631578947368425,0.052631578947368425,0.10526315789473685,0.052631578947368425,52.89473684210527,0.2105263157894737,1.263157894736842,0.5789473684210527,1.7894736842105265,3.052631578947368,7.473684210526316,4.052631578947368,0.3157894736842105,0.2631578947368421,0.631578947368421,0.6842105263157895,1.0,0.2105263157894737,0.0,0.052631578947368425,47.08075772681954,60.0,54.22535211267606,83.33333333333334,6.927693208430913
portugal,Primeira Liga,2025,Léo Santos,27.0,D,Brazil,186.0,80.0,31,30,2719.0,3.0,2.0,0.0,1.0,0,0,12,0.0,0,0.1986024273630011,0.5627068775285031,0.1986024273630011,0.09930121368150055,0.06620080912100038,0.16550202280250093,0.09930121368150055,41.50790731886723,0.3641044501655021,0.8606105185730047,0.893710923133505,1.092313350496506,1.952923869069511,7.4475910261125415,4.005148951820522,0.529606472968003,0.3972048547260022,0.2648032364840015,0.6951084957705038,1.2578153732990072,0.3972048547260022,0.0,0.0,38.24242424242424,35.294117647058826,53.77777777777778,75.0,6.806178742184627
portugal,Primeira Liga,2025,Makan Aïko,24.0,F,France,180.0,,18,11,1063.0,1.0,2.0,0.0,0.0,0,1,2,0.0,0,0.5079962370649107,1.354656632173095,0.6773283160865475,0.08466603951081844,0.16933207902163688,0.25399811853245535,0.08466603951081844,21.08184383819379,1.1853245531514582,1.4393226716839136,0.08466603951081844,0.5079962370649107,1.947318908748824,10.583254938852305,5.587958607714016,4.402634054562559,2.2013170272812794,0.33866415804327377,1.6933207902163687,0.8466603951081844,0.16933207902163688,0.0,0.0,14.273092369477911,50.0,52.800000000000004,50.0,6.886735653809972
portugal,Primeira Liga,2025,Mamadou Loum,29.0,M,Senegal,193.0,80.0,0,0,0.0,0.0,0.0,0.0,0.0,0,0,0,0.0,0,,,,,,,,,,,,,,,,,,,,,,,,,,,,
portugal,Primeira Liga,2025,Manuel Silva,24.0,M,Portugal,189.0,83.0,9,1,138.0,0.0,0.0,0.0,0.0,0,0,0,0.0,0,0.0,1.3043478260869565,0.0,0.0,0.0,0.0,0.0,48.91304347826087,1.9565217391304348,1.9565217391304348,0.0,1.9565217391304348,3.9130434782608696,13.695652173913045,4.565217391304348,1.9565217391304348,1.3043478260869565,0.6521739130434783,0.0,5.217391304347826,0.0,0.0,0.0,14.878378378378379,0.0,33.33333333333333,66.66666666666666,6.298518518518519
portugal,Primeira Liga,2025,Maracás,31.0,D,Brazil,184.0,71.0,29,29,2594.0,4.0,0.0,0.0,1.0,0,0,11,0.0,2,0.1040863531225906,0.2081727062451812,0.13878180416345412,0.13878180416345412,0.0,0.13878180416345412,0.13878180416345412,59.190439475713184,0.06939090208172706,1.3878180416345414,0.6939090208172707,0.9020817270624518,2.2898997686969933,7.563608326908249,4.441017733230532,0.13878180416345412,0.06939090208172706,0.34695451040863534,0.5204317656129529,1.0408635312259058,0.38164996144949886,0.0,0.06939090208172706,58.45662368112544,66.66666666666666,58.71559633027523,50.0,6.885273708558212
portugal,Primeira Liga,2025,Maranhão,26.0,M,Brazil,172.0,,33,30,2470.0,6.0,2.0,2.0,0.0,2,1,7,0.0,0,0.291497975708502,2.004048582995951,0.8744939271255061,0.21862348178137653,0.0728744939271255,0.291497975708502,0.145748987854251,21.133603238866396,1.1295546558704452,1.4939271255060729,0.10931174089068826,0.6923076923076923,2.1862348178137654,9.983805668016196,4.8825910931174095,1.9311740890688258,0.8016194331983805,0.7651821862348178,2.2591093117408905,1.45748987854251,0.2550607287449393,0.0,0.0,15.73103448275862,43.63636363636363,48.9051094890511,41.509433962264154,6.81668016194332
portugal,Primeira Liga,2025,Marc Gual,29.0,F,Spain,184.0,73.0,10,1,180.0,0.0,0.0,0.0,0.0,0,0,0,0.0,0,0.5,0.5,0.0,0.0,0.0,0.0,0.0,27.0,0.5,1.5,0.0,0.5,2.0,12.5,5.0,2.0,1.0,0.0,2.0,2.0,0.0,0.0,0.0,7.314814814814815,0.0,40.0,50.0,6.342458100558659
portugal,Primeira Liga,2025,Marcelo,36.0,D,Brazil,182.0,71.0,12,11,959.0,1.0,0.0,0.0,2.0,0,0,4,0.0,0,0.0,0.3753910323253389,0.18769551616266944,0.09384775808133472,0.0,0.09384775808133472,0.09384775808133472,53.4932221063608,0.0,1.032325338894682,1.1261730969760166,1.313868613138686,2.346193952033368,8.633993743482794,5.255474452554744,0.0,0.0,0.5630865484880083,1.407716371220021,1.5015641293013555,0.3753910323253389,0.0,0.0,48.0140350877193,50.0,60.86956521739131,,6.8064650677789365
portugal,Primeira Liga,2025,Marcos Peña,20.0,M,Spain,180.0,42.0,16,3,377.0,0.0,0.0,0.0,0.0,0,0,3,0.0,0,0.0,0.47745358090185674,0.0,0.0,0.0,0.0,0.0,43.92572944297082,0.23872679045092837,3.103448275862069,0.23872679045092837,1.4323607427055702,4.535809018567639,11.220159151193634,8.116710875331565,0.47745358090185674,0.23872679045092837,0.7161803713527851,2.6259946949602124,1.193633952254642,0.7161803713527851,0.0,0.0,21.494505494505493,0.0,72.3404255319149,50.0,6.879411764705883
portugal,Primeira Liga,2025,Mario Dorgeles,21.0,M,Côte d'Ivoire,177.0,67.0,20,10,1009.0,2.0,1.0,0.0,0.0,0,0,0,0.0,0,0.44598612487611494,0.624380574826561,0.17839444995044598,0.17839444995044598,0.08919722497522299,0.267591674925669,0.17839444995044598,56.37264618434094,1.6055500495540138,0.9811694747274529,0.0,0.8027750247770069,1.7839444995044598,7.314172447968286,4.013875123885034,2.408325074331021,0.8027750247770069,0.35678889990089196,1.3379583746283448,0.7135777998017839,0.0,0.0,0.0,40.27215189873418,28.57142857142857,54.87804878048781,33.33333333333333,6.889990089197225
portugal,Primeira Liga,2025,Marios Vrousai,27.0,M,Greece,183.0,78.0,31,30,2531.0,1.0,2.0,0.0,0.0,0,0,5,0.0,1,0.07111813512445674,0.9956538917423943,0.6400632161201106,0.03555906756222837,0.07111813512445674,0.10667720268668511,0.03555906756222837,40.3595416831292,0.9600948241801659,2.9158435401027263,0.46226787830896876,1.9913077834847885,4.907151323587515,12.018964836033188,6.75622283682339,2.2757803239826155,1.2801264322402213,1.3156854998024496,1.351244567364678,1.244567364677993,0.17779533781114185,0.0,0.03555906756222837,31.856387665198238,64.28571428571429,56.213017751479285,56.25,6.987949427103912
portugal,Primeira Liga,2025,Marko Milovanović,22.0,F,Serbia,197.0,88.0,31,18,1536.0,9.0,2.0,0.0,0.0,3,0,3,0.0,0,0.29296875,1.81640625,1.23046875,0.52734375,0.1171875,0.64453125,0.3515625,15.1171875,0.41015625,0.3515625,0.234375,0.0,0.3515625,13.30078125,5.5078125,1.5234375,0.41015625,0.29296875,1.58203125,1.875,0.17578125,0.0,0.0,7.573122529644269,67.74193548387096,41.409691629955944,26.923076923076923,6.696484375
portugal,Primeira Liga,2025,Martim Fernandes,19.0,D,Portugal,181.0,69.0,20,12,1119.0,1.0,1.0,0.0,0.0,0,0,4,0.0,1,0.08042895442359249,0.16085790884718498,0.16085790884718498,0.08042895442359249,0.08042895442359249,0.16085790884718498,0.08042895442359249,37.07774798927614,0.7238605898123325,3.2171581769436997,0.08042895442359249,0.8847184986595175,4.101876675603218,9.651474530831099,5.79088471849866,1.3672922252010724,0.5630026809651475,0.5630026809651475,1.2064343163538873,1.126005361930295,0.32171581769436997,0.0,0.08042895442359249,26.54880694143167,100.0,60.0,41.17647058823529,7.046738159070599
portugal,Primeira Liga,2025,Martim Guedes,16.0,M,,,,2,0,40.0,0.0,0.0,0.0,1.0,0,0,1,0.0,0,0.0,4.5,0.0,0.0,0.0,0.0,0.0,36.0,0.0,0.0,0.0,0.0,0.0,13.5,6.75,4.5,2.25,0.0,0.0,2.25,2.25,0.0,0.0,7.25,0.0,50.0,50.0,6.375
portugal,Primeira Liga,2025,Martim Gustavo Watts,20.0,M,Portugal,184.0,76.0,7,0,71.0,0.0,0.0,0.0,0.0,0,0,1,0.0,0,0.0,0.0,0.0,0.0,0.0,0.0,0.0,13.943661971830984,0.0,2.535211267605634,0.0,0.0,2.535211267605634,22.816901408450704,5.070422535211268,1.267605633802817,1.267605633802817,2.535211267605634,0.0,5.070422535211268,1.267605633802817,0.0,0.0,2.2222222222222223,,22.22222222222222,100.0,6.421739130434783
portugal,Primeira Liga,2025,Martin Fernández,22.0,M,Uruguay,168.0,73.0,26,6,712.0,1.0,1.0,0.0,0.0,0,0,2,0.0,1,0.3792134831460674,1.1376404494382022,0.12640449438202248,0.12640449438202248,0.12640449438202248,0.25280898876404495,0.12640449438202248,19.84550561797753,1.5168539325842696,0.7584269662921348,0.12640449438202248,0.6320224719101123,1.3904494382022472,12.514044943820226,5.056179775280898,1.5168539325842696,0.5056179775280899,0.7584269662921348,2.9073033707865172,2.148876404494382,0.25280898876404495,0.0,0.12640449438202248,6.337579617834395,11.11111111111111,40.4040404040404,33.33333333333333,6.599438202247192
portugal,Primeira Liga,2025,Martin Turk,22.0,G,Slovenia,190.0,87.0,3,3,270.0,0.0,0.0,0.0,0.0,0,0,0,0.0,0,0.0,0.0,0.0,0.0,0.0,0.0,0.0,22.0,0.0,0.0,0.0,0.0,0.0,0.33333333333333337,0.33333333333333337,0.0,0.0,0.0,0.0,0.0,0.0,0.0,0.0,16.924242424242426,,100.0,,7.466666666666667
portugal,Primeira Liga,2025,Marvin Elimbi,22.0,D,France,186.0,78.0,28,28,2432.0,0.0,0.0,0.0,1.0,0,0,7,0.0,0,0.07401315789473684,0.2590460526315789,0.07401315789473684,0.0,0.0,0.0,0.0,45.07401315789474,0.2220394736842105,0.962171052631579,0.5921052631578947,0.8511513157894737,1.8133223684210527,6.624177631578947,2.849506578947368,0.1850328947368421,0.11101973684210525,0.2220394736842105,0.29605263157894735,1.2952302631578947,0.2590460526315789,0.0,0.0,42.46223316912972,28.57142857142857,43.01675977653631,60.0,6.657319078947369
portugal,Primeira Liga,2025,Mateja Stjepanović,21.0,M,Serbia,185.0,77.0,32,29,2412.0,1.0,0.0,0.0,1.0,0,0,6,0.0,0,0.0,0.5223880597014925,0.1492537313432836,0.0373134328358209,0.0,0.0373134328358209,0.0373134328358209,43.80597014925373,0.26119402985074625,1.044776119402985,0.22388059701492538,0.8582089552238806,1.9029850746268657,5.447761194029851,2.126865671641791,0.1865671641791045,0.0746268656716418,0.4850746268656716,0.33582089552238803,0.8955223880597015,0.22388059701492538,0.0,0.0,38.040885860306645,28.57142857142857,39.04109589041096,40.0,6.6609452736318415
portugal,Primeira Liga,2025,Mateo Flores,21.0,M,Spain,178.0,70.0,12,0,208.0,0.0,0.0,0.0,0.0,0,0,2,0.0,0,0.0,0.0,0.0,0.0,0.0,0.0,0.0,46.29807692307692,0.4326923076923077,1.2980769230769231,0.0,0.4326923076923077,1.7307692307692308,9.086538461538462,4.3269230769230775,0.4326923076923077,0.4326923076923077,0.4326923076923077,1.7307692307692308,2.1634615384615388,0.8653846153846154,0.0,0.0,11.952380952380953,,47.61904761904761,100.0,6.573076923076924
portugal,Primeira Liga,2025,Mateus Oliveira,23.0,G,Brazil,199.0,89.0,0,0,0.0,0.0,0.0,0.0,0.0,0,0,0,0.0,0,,,,,,,,,,,,,,,,,,,,,,,,,,,,
portugal,Primeira Liga,2025,Mateus Pivô,28.0,D,Brazil,185.0,70.0,14,14,1149.0,0.0,0.0,0.0,0.0,0,0,3,0.0,0,0.0,0.1566579634464752,0.0,0.0,0.0,0.0,0.0,23.42036553524804,0.1566579634464752,2.3498694516971277,0.4699738903394256,1.4882506527415145,3.8381201044386426,8.694516971279374,4.6214099216710185,0.8616187989556136,0.39164490861618795,0.9399477806788512,0.4699738903394256,1.723237597911227,0.2349869451697128,0.0,0.0,18.505016722408026,0.0,53.153153153153156,45.45454545454545,6.642471714534378
portugal,Primeira Liga,2025,Matheus Araújo,24.0,D,Brazil,185.0,75.0,12,7,751.0,1.0,0.0,0.0,0.0,0,0,2,0.0,0,0.0,1.0785619174434087,0.5992010652463382,0.11984021304926765,0.0,0.11984021304926765,0.11984021304926765,55.845539280958725,0.5992010652463382,1.0785619174434087,0.0,1.1984021304926764,2.2769640479360853,7.310252996005326,4.314247669773635,0.8388814913448736,0.7190412782956058,0.4793608521970706,0.8388814913448736,0.7190412782956058,0.2396804260985353,0.0,0.0,42.924731182795696,55.55555555555556,59.01639344262295,85.71428571428571,7.004133333333334
portugal,Primeira Liga,2025,Matheus Dias,23.0,M,Brazil,189.0,75.0,31,30,2493.0,0.0,1.0,0.0,2.0,0,0,7,0.0,1,0.07220216606498195,0.6137184115523465,0.1444043321299639,0.0,0.036101083032490974,0.036101083032490974,0.0,36.60649819494585,0.4693140794223826,1.660649819494585,0.4693140794223826,1.5884476534296028,3.2490974729241877,8.194945848375452,4.223826714801444,0.5054151624548736,0.2527075812274368,0.7942238267148014,0.9747292418772563,1.7328519855595668,0.2527075812274368,0.0,0.036101083032490974,32.67061143984221,23.52941176470588,51.541850220264315,50.0,6.8043722422783794
portugal,Primeira Liga,2025,Matheus Mattara,,D,,,,0,0,0.0,0.0,0.0,0.0,0.0,0,0,0,0.0,0,,,,,,,,,,,,,,,,,,,,,,,,,,,,
portugal,Primeira Liga,2025,Matheus Mattara,19.0,D,,,,0,0,0.0,0.0,0.0,0.0,0.0,0,0,0,0.0,0,,,,,,,,,,,,,,,,,,,,,,,,,,,,
portugal,Primeira Liga,2025,Matheus Mendes,26.0,G,Brazil,190.0,89.0,9,9,810.0,0.0,0.0,0.0,0.0,0,0,1,0.0,0,0.0,0.0,0.0,0.0,0.0,0.0,0.0,23.111111111111114,0.0,0.0,0.0,0.0,0.0,0.8888888888888888,0.8888888888888888,0.0,0.0,0.0,0.5555555555555556,0.0,0.1111111111111111,0.0,0.0,14.33173076923077,,100.0,,7.0777777777777775
portugal,Primeira Liga,2025,Matheus Pereira,25.0,D,Brazil,172.0,68.0,10,8,720.0,0.0,1.0,1.0,0.0,0,0,3,0.0,0,0.5,0.5,0.25,0.0,0.125,0.125,0.0,29.5,1.0,2.25,0.0,1.125,3.375,12.5,6.75,2.375,0.75,0.375,2.0,2.375,0.375,0.0,0.0,22.343220338983052,50.0,54.0,31.57894736842105,6.7756944444444445
portugal,Primeira Liga,2025,Matheus Reis,30.0,D,Brazil,184.0,80.0,9,3,365.0,0.0,2.0,0.0,0.0,0,0,0,0.0,1,0.0,0.4931506849315069,0.0,0.0,0.4931506849315069,0.4931506849315069,0.0,68.7945205479452,1.2328767123287672,2.219178082191781,0.7397260273972602,0.7397260273972602,2.958904109589041,9.616438356164384,4.684931506849315,0.7397260273972602,0.4931506849315069,0.24657534246575344,0.7397260273972602,1.2328767123287672,0.0,0.0,0.24657534246575344,55.510791366906474,0.0,48.717948717948715,66.66666666666666,7.144628099173554
portugal,Primeira Liga,2025,Mathias De Amorim,21.0,M,Portugal,174.0,70.0,30,30,2468.0,4.0,2.0,0.0,1.0,0,0,8,0.0,1,0.1458670988654781,1.0210696920583469,0.32820097244732577,0.1458670988654781,0.07293354943273905,0.2188006482982172,0.1458670988654781,31.288492706645055,0.9116693679092382,2.9538087520259317,0.1458670988654781,0.9481361426256077,3.9019448946515394,14.513776337115072,7.840356564019449,2.735008103727715,1.495137763371151,1.1304700162074555,2.771474878444084,2.2974068071312805,0.2917341977309562,0.0,0.03646677471636953,25.94871794871795,32.142857142857146,54.020100502512555,54.666666666666664,7.029659643435981
portugal,Primeira Liga,2025,Mathis Clairicia,23.0,F,France,188.0,92.0,9,0,136.0,0.0,0.0,0.0,0.0,0,0,0,0.0,0,0.0,1.9852941176470589,1.3235294117647058,0.0,0.0,0.0,0.0,17.205882352941174,0.0,1.3235294117647058,0.0,0.0,1.3235294117647058,16.544117647058826,3.9705882352941178,3.308823529411765,0.6617647058823529,0.6617647058823529,1.3235294117647058,1.3235294117647058,0.0,0.0,0.0,2.1538461538461537,66.66666666666666,24.0,20.0,6.4624999999999995
portugal,Primeira Liga,2025,Matija Mitrović,21.0,M,Serbia,182.0,,18,6,719.0,2.0,0.0,0.0,0.0,0,0,2,0.0,0,0.0,1.251738525730181,0.5006954102920723,0.25034770514603616,0.0,0.25034770514603616,0.25034770514603616,46.56467315716272,1.7524339360222532,1.0013908205841446,0.0,1.251738525730181,2.253129346314325,7.009735744089013,4.0055632823365785,0.37552155771905427,0.25034770514603616,1.376912378303199,2.1279554937413074,0.8762169680111266,0.25034770514603616,0.0,0.0,25.295698924731184,40.0,57.14285714285714,66.66666666666666,6.93769123783032
portugal,Primeira Liga,2025,Matías Rocha,24.0,D,Uruguay,183.0,77.0,11,9,843.0,0.0,0.0,0.0,0.0,0,0,4,0.0,1,0.0,0.32028469750889677,0.0,0.0,0.0,0.0,0.0,60.5338078291815,0.32028469750889677,0.7473309608540925,0.6405693950177935,0.7473309608540925,1.494661921708185,6.08540925266904,3.2028469750889683,0.10676156583629894,0.10676156583629894,0.5338078291814946,0.32028469750889677,1.1743772241992882,0.42704626334519574,0.0,0.10676156583629894,58.354497354497354,0.0,52.63157894736842,100.0,6.804626334519573
portugal,Primeira Liga,2025,Mauro Couto,20.0,F,Portugal,170.0,63.0,0,0,0.0,0.0,0.0,0.0,0.0,0,0,0,0.0,0,,,,,,,,,,,,,,,,,,,,,,,,,,,,
portugal,Primeira Liga,2025,Max Scholze,20.0,D,Germany,192.0,76.0,11,8,737.0,0.0,0.0,0.0,0.0,0,0,2,0.0,0,0.0,0.24423337856173674,0.12211668928086837,0.0,0.0,0.0,0.0,32.60515603799186,0.8548168249660787,3.6635006784260518,0.6105834464043419,0.4884667571234735,4.151967435549525,10.868385345997286,6.960651289009498,1.953867028493894,1.4654002713704206,1.4654002713704206,1.2211668928086838,0.976933514246947,0.24423337856173674,0.0,0.0,25.584269662921347,50.0,64.04494382022472,75.0,6.75685210312076
portugal,Primeira Liga,2025,Max Svensson,24.0,F,Spain,182.0,75.0,6,1,176.0,0.0,0.0,0.0,0.0,0,0,1,0.0,0,0.0,3.068181818181818,1.534090909090909,0.0,0.0,0.0,0.0,23.011363636363637,2.0454545454545454,0.5113636363636364,0.0,0.0,0.5113636363636364,15.34090909090909,3.5795454545454546,1.534090909090909,0.0,2.0454545454545454,1.0227272727272727,4.6022727272727275,0.5113636363636364,0.0,0.0,5.066666666666666,50.0,23.333333333333332,0.0,6.239204545454546
portugal,Primeira Liga,2025,Maximiliano Araújo,25.0,D,Uruguay,179.0,73.0,29,25,2214.0,5.0,4.0,0.0,0.0,0,0,9,0.0,1,0.16260162601626016,1.2195121951219512,0.6504065040650406,0.2032520325203252,0.16260162601626016,0.3658536585365854,0.2032520325203252,39.26829268292683,1.2601626016260161,2.154471544715447,0.16260162601626016,1.0975609756097562,3.252032520325203,11.910569105691058,6.016260162601625,1.8292682926829267,0.7317073170731708,1.0975609756097562,2.3577235772357725,1.8292682926829267,0.3658536585365854,0.0,0.04065040650406504,32.93478260869565,53.333333333333336,50.51194539249146,40.0,6.848057813911472
portugal,Primeira Liga,2025,Michel Augusto,22.0,D,Brazil,188.0,83.0,4,3,301.0,0.0,0.0,0.0,1.0,0,0,1,0.0,0,0.0,0.0,0.0,0.0,0.0,0.0,0.0,67.87375415282392,0.0,0.8970099667774086,0.8970099667774086,1.7940199335548173,2.691029900332226,6.578073089700998,3.8870431893687707,0.0,0.0,0.29900332225913623,0.8970099667774086,0.5980066445182725,0.29900332225913623,0.0,0.0,58.070484581497794,,59.09090909090909,,6.647840531561462
portugal,Primeira Liga,2025,Miguel Baeza,25.0,M,Spain,177.0,67.0,14,11,810.0,1.0,0.0,0.0,0.0,0,0,1,0.0,0,0.1111111111111111,0.8888888888888888,0.2222222222222222,0.1111111111111111,0.0,0.1111111111111111,0.1111111111111111,25.444444444444443,0.7777777777777777,0.6666666666666667,0.1111111111111111,0.4444444444444444,1.1111111111111112,5.333333333333334,2.0,0.4444444444444444,0.1111111111111111,0.4444444444444444,0.5555555555555556,1.4444444444444446,0.1111111111111111,0.0,0.0,17.213973799126638,25.0,37.5,25.0,6.614320987654321
portugal,Primeira Liga,2025,Miguel Figueiredo,17.0,M,,,,0,0,0.0,0.0,0.0,0.0,0.0,0,0,0,0.0,0,,,,,,,,,,,,,,,,,,,,,,,,,,,,
portugal,Primeira Liga,2025,Miguel Maga,23.0,D,Portugal,175.0,68.0,22,20,1581.0,0.0,0.0,0.0,0.0,0,0,5,0.0,0,0.05692599620493359,0.05692599620493359,0.0,0.0,0.0,0.0,0.0,35.180265654648956,0.967741935483871,1.6508538899430738,0.3415559772296015,1.0246679316888045,2.6755218216318783,7.0588235294117645,3.4724857685009485,0.6261859582542695,0.05692599620493359,0.967741935483871,0.9108159392789374,1.081593927893738,0.2846299810246679,0.0,0.0,26.36084142394822,0.0,49.193548387096776,9.090909090909092,6.668690702087287
portugal,Primeira Liga,2025,Miguel Nogueira,20.0,M,Portugal,182.0,68.0,16,11,795.0,1.0,0.0,1.0,0.0,0,0,0,0.0,0,0.33962264150943394,1.1320754716981132,0.5660377358490566,0.11320754716981131,0.0,0.11320754716981131,0.11320754716981131,24.339622641509433,0.6792452830188679,1.811320754716981,0.0,0.45283018867924524,2.2641509433962264,10.30188679245283,5.547169811320755,1.811320754716981,0.7924528301886792,0.6792452830188679,1.5849056603773584,0.5660377358490566,0.0,0.0,0.0,13.700934579439252,50.0,53.84615384615385,43.75,6.7455919395466
portugal,Primeira Liga,2025,Miguel Nóbrega,25.0,D,Portugal,190.0,84.0,13,10,1000.0,1.0,0.0,0.0,0.0,0,0,1,0.0,0,0.09,0.27,0.09,0.09,0.0,0.09,0.09,45.09,0.0,0.45,0.36,0.9,1.3499999999999999,6.03,2.88,0.18,0.18,0.09,0.9,1.17,0.09,0.0,0.0,37.409181636726544,33.33333333333333,47.76119402985074,100.0,6.43043043043043
portugal,Primeira Liga,2025,Miguel Puche,24.0,F,Spain,180.0,77.0,27,5,764.0,1.0,1.0,0.0,0.0,0,0,4,0.0,0,0.47120418848167545,1.6492146596858637,0.8246073298429318,0.11780104712041886,0.11780104712041886,0.23560209424083772,0.11780104712041886,27.68324607329843,1.6492146596858637,1.6492146596858637,0.11780104712041886,0.47120418848167545,2.1204188481675392,13.075916230366492,5.4188481675392675,2.356020942408377,1.0602094240837696,0.8246073298429318,1.413612565445026,2.356020942408377,0.47120418848167545,0.0,0.0,15.642241379310345,50.0,41.44144144144144,45.0,6.485433070866141
portugal,Primeira Liga,2025,Miguel Silva,,M,,,,1,0,8.0,0.0,0.0,0.0,0.0,0,0,1,0.0,0,0.0,0.0,0.0,0.0,0.0,0.0,0.0,67.5,0.0,0.0,11.25,0.0,0.0,11.25,0.0,0.0,0.0,0.0,0.0,11.25,11.25,0.0,0.0,6.0,,0.0,,6.7
portugal,Primeira Liga,2025,Miguel Sousa,27.0,M,Portugal,176.0,69.0,12,3,337.0,0.0,2.0,0.0,0.0,0,0,3,0.0,0,0.0,0.0,0.0,0.0,0.5341246290801187,0.5341246290801187,0.0,30.712166172106826,1.6023738872403561,2.6706231454005938,0.0,0.5341246290801187,3.2047477744807122,15.489614243323443,8.27893175074184,2.136498516320475,1.3353115727002969,1.3353115727002969,4.005934718100891,3.2047477744807122,0.8011869436201781,0.0,0.0,9.867256637168142,,53.44827586206896,62.5,6.6430267062314545
portugal,Primeira Liga,2025,Mika,34.0,G,Portugal,195.0,89.0,1,1,90.0,0.0,0.0,0.0,0.0,0,0,0,0.0,0,0.0,0.0,0.0,0.0,0.0,0.0,0.0,31.0,0.0,0.0,0.0,0.0,0.0,0.0,0.0,0.0,0.0,0.0,0.0,0.0,0.0,0.0,0.0,26.0,,,,6.9
portugal,Primeira Liga,2025,Miro,22.0,F,Angola,184.0,76.0,4,4,282.0,0.0,0.0,0.0,0.0,0,0,1,0.0,0,1.9148936170212765,1.2765957446808511,0.6382978723404256,0.0,0.0,0.0,0.0,13.085106382978722,0.3191489361702128,0.0,0.6382978723404256,0.0,0.0,14.042553191489361,5.425531914893616,1.2765957446808511,0.6382978723404256,0.3191489361702128,1.9148936170212765,2.8723404255319145,0.3191489361702128,0.0,0.0,8.048780487804878,50.0,38.63636363636363,50.0,6.677304964539007
portugal,Primeira Liga,2025,Mohamed Ali Diadié,21.0,D,France,180.0,64.0,2,2,180.0,0.0,0.0,0.0,0.0,0,0,0,0.0,0,0.0,0.5,0.0,0.0,0.0,0.0,0.0,47.5,0.5,0.0,0.0,0.5,0.5,5.0,2.5,0.0,0.0,0.0,0.5,0.5,0.0,0.0,0.0,40.14736842105263,0.0,50.0,,6.9
portugal,Primeira Liga,2025,Mohamed Bamba,21.0,M,Côte d'Ivoire,177.0,65.0,4,1,94.0,0.0,0.0,0.0,0.0,0,0,2,0.0,0,0.0,0.0,0.0,0.0,0.0,0.0,0.0,27.76595744680851,0.9574468085106382,2.8723404255319145,0.9574468085106382,0.0,2.8723404255319145,18.191489361702125,9.574468085106384,0.0,0.0,0.9574468085106382,1.9148936170212765,2.8723404255319145,1.9148936170212765,0.0,0.0,5.758620689655173,,52.63157894736842,,6.6255319148936165
portugal,Primeira Liga,2025,Morten Hjulmand,26.0,M,Denmark,185.0,77.0,27,26,2323.0,3.0,4.0,0.0,1.0,0,0,9,0.0,0,0.07748600947051226,0.7748600947051227,0.27120103314679295,0.11622901420576841,0.15497201894102453,0.27120103314679295,0.11622901420576841,65.12699095996555,1.123547137322428,2.2083512699095995,0.3486870426173052,0.8136030994403788,3.021954369349978,8.01980198019802,5.385277658200603,0.38743004735256137,0.27120103314679295,0.5036590615583297,1.5884631941455014,0.9685751183814034,0.3486870426173052,0.0,0.0,62.296847114812614,35.0,67.14975845410628,70.0,7.319199311235471
portugal,Primeira Liga,2025,Motez Nourani,24.0,F,Tunisia,177.0,72.0,6,2,183.0,0.0,0.0,0.0,0.0,0,0,1,0.0,0,0.4918032786885246,0.4918032786885246,0.0,0.0,0.0,0.0,0.0,17.704918032786885,0.0,2.459016393442623,0.0,1.4754098360655739,3.9344262295081966,10.81967213114754,5.901639344262295,1.4754098360655739,0.0,0.4918032786885246,3.4426229508196724,1.4754098360655739,0.4918032786885246,0.0,0.0,6.944444444444445,0.0,54.54545454545454,0.0,6.59071038251366
portugal,Primeira Liga,2025,Moudja Sie Ouattara,23.0,F,Côte d'Ivoire,167.0,,4,1,116.0,0.0,0.0,0.0,0.0,0,0,0,0.0,0,0.7758620689655172,0.7758620689655172,0.0,0.0,0.0,0.0,0.0,34.91379310344828,2.3275862068965516,0.0,0.0,0.0,0.0,17.068965517241377,7.758620689655173,4.655172413793103,2.3275862068965516,1.5517241379310345,4.655172413793103,3.8793103448275863,0.0,0.0,0.0,14.666666666666666,0.0,45.45454545454545,50.0,6.594827586206897
portugal,Primeira Liga,2025,Moudjatovic,23.0,F,,,,12,6,466.0,0.0,0.0,0.0,0.0,0,0,1,0.0,0,0.7725321888412017,0.5793991416309013,0.0,0.0,0.0,0.0,0.0,18.15450643776824,1.1587982832618027,0.5793991416309013,0.0,0.5793991416309013,1.1587982832618027,12.167381974248928,5.021459227467812,2.510729613733906,0.7725321888412017,0.38626609442060084,2.896995708154506,1.5450643776824033,0.19313304721030042,0.0,0.0,11.436170212765957,0.0,41.269841269841265,30.76923076923077,6.530107526881721
portugal,Primeira Liga,2025,Murilo Souza,31.0,M,Brazil,177.0,68.0,32,30,2590.0,11.0,4.0,0.0,1.0,6,0,3,0.0,0,0.277992277992278,2.0154440154440154,1.111969111969112,0.38223938223938225,0.138996138996139,0.5212355212355212,0.17374517374517376,26.166023166023166,1.38996138996139,1.111969111969112,0.0694980694980695,0.3127413127413127,1.4247104247104245,8.096525096525095,3.6486486486486487,2.640926640926641,1.250965250965251,0.3474903474903475,0.8687258687258687,0.416988416988417,0.10424710424710425,0.0,0.0,20.438247011952193,55.172413793103445,45.06437768240343,47.368421052631575,6.942123552123552
portugal,Primeira Liga,2025,Musa Drammeh,24.0,F,Gambia,188.0,,2,2,180.0,0.0,0.0,0.0,0.0,0,0,1,0.0,0,0.0,0.5,0.5,0.0,0.0,0.0,0.0,12.999999999999998,0.0,0.0,0.0,0.0,0.0,12.5,4.0,0.5,0.0,0.0,1.0,0.5,0.5,0.0,0.0,8.5,100.0,32.0,0.0,6.2
portugal,Primeira Liga,2025,Nabil Touaizi,24.0,M,Morocco,183.0,63.0,33,31,2826.0,1.0,5.0,0.0,0.0,1,0,7,0.0,0,0.09554140127388534,0.6687898089171974,0.3184713375796178,0.03184713375796178,0.1592356687898089,0.19108280254777069,0.0,30.636942675159236,0.9235668789808917,0.8280254777070064,0.28662420382165604,0.89171974522293,1.7197452229299361,8.216560509554139,3.4394904458598723,2.929936305732484,1.178343949044586,0.5732484076433121,0.6687898089171974,0.8280254777070064,0.2229299363057325,0.0,0.0,25.358333333333334,47.61904761904761,41.86046511627907,40.21739130434783,6.702972399150743
portugal,Primeira Liga,2025,Naïs Djouahra,26.0,M,France,171.0,67.0,34,33,2743.0,6.0,3.0,0.0,0.0,0,0,2,0.0,0,0.0984323733138899,1.115566897557419,0.6234050309879694,0.1968647466277798,0.0984323733138899,0.2952971199416697,0.1968647466277798,27.298578199052134,1.017134524243529,0.9843237331388991,0.06562158220925993,0.8858913598250091,1.870215092963908,5.479402114473205,2.231133795114838,2.4936201239518776,1.0499453153481588,0.5249726576740794,0.06562158220925993,0.32810791104629966,0.06562158220925993,0.0,0.0,23.33173076923077,55.88235294117647,40.7185628742515,42.10526315789473,6.831862923806051
portugal,Primeira Liga,2025,Nehuén Pérez,25.0,D,Argentina,185.0,75.0,6,4,373.0,1.0,0.0,0.0,0.0,0,0,0,0.0,0,0.0,0.48257372654155495,0.24128686327077747,0.24128686327077747,0.0,0.24128686327077747,0.24128686327077747,79.14209115281501,0.24128686327077747,1.2064343163538873,0.7238605898123325,1.6890080428954422,2.89544235924933,6.273458445040215,4.101876675603218,0.24128686327077747,0.0,0.24128686327077747,0.0,0.7238605898123325,0.0,0.0,0.0,79.28048780487805,50.0,65.38461538461539,0.0,7.382926829268292
portugal,Primeira Liga,2025,Nelson Abbey,22.0,D,England,187.0,74.0,26,24,2104.0,0.0,1.0,0.0,1.0,0,0,4,0.0,0,0.04277566539923954,0.04277566539923954,0.04277566539923954,0.0,0.04277566539923954,0.04277566539923954,0.0,43.631178707224336,0.34220532319391633,1.8393536121673004,0.5133079847908746,1.1121673003802282,2.9515209125475286,5.475285171102661,3.293726235741445,0.3849809885931559,0.21387832699619772,0.21387832699619772,0.4705323193916349,0.5560836501901141,0.17110266159695817,0.0,0.0,40.77156862745098,100.0,60.15625,55.55555555555556,6.527946768060836
portugal,Primeira Liga,2025,Neneca,22.0,G,Brazil,192.0,86.0,0,0,0.0,0.0,0.0,0.0,0.0,0,0,0,0.0,0,,,,,,,,,,,,,,,,,,,,,,,,,,,,
portugal,Primeira Liga,2025,Nenê,42.0,F,Brazil,183.0,75.0,21,1,397.0,4.0,1.0,2.0,0.0,2,1,2,0.0,0,0.4534005037783375,4.307304785894207,2.2670025188916876,0.906801007556675,0.22670025188916876,1.1335012594458438,0.4534005037783375,19.94962216624685,1.81360201511335,1.3602015113350125,0.0,0.906801007556675,2.2670025188916876,15.869017632241814,7.027707808564232,0.906801007556675,0.4534005037783375,0.6801007556675063,1.1335012594458438,3.1738035264483626,0.4534005037783375,0.0,0.0,4.385542168674699,52.63157894736842,44.285714285714285,50.0,6.707070707070707
portugal,Primeira Liga,2025,Ni,22.0,D,,,,0,0,0.0,0.0,0.0,0.0,0.0,0,0,0,0.0,0,,,,,,,,,,,,,,,,,,,,,,,,,,,,
portugal,Primeira Liga,2025,Ni,22.0,D,,,,0,0,0.0,0.0,0.0,0.0,0.0,0,0,0,0.0,0,,,,,,,,,,,,,,,,,,,,,,,,,,,,
portugal,Primeira Liga,2025,Nico Mantl,25.0,G,Germany,193.0,88.0,8,8,720.0,0.0,0.0,0.0,0.0,0,0,0,0.0,0,0.0,0.0,0.0,0.0,0.0,0.0,0.0,28.375,0.0,0.0,0.0,0.0,0.0,0.25,0.125,0.0,0.0,0.125,0.125,0.125,0.0,0.0,0.0,20.797356828193834,,50.0,,6.7375
portugal,Primeira Liga,2025,Nicolás Otamendi,37.0,D,Argentina,183.0,80.0,30,30,2605.0,2.0,0.0,2.0,0.0,0,0,7,0.0,1,0.0,0.5182341650671786,0.2072936660268714,0.0690978886756238,0.0,0.0690978886756238,0.0690978886756238,66.29942418426103,0.2763915547024952,1.5201535508637236,0.6564299424184261,1.5547024952015356,3.074856046065259,10.157389635316699,7.28982725527831,0.44913627639155473,0.3800383877159309,0.5182341650671786,1.416506717850288,0.7600767754318618,0.2418426103646833,0.0,0.0345489443378119,62.12089630015633,40.0,71.7687074829932,84.61538461538461,7.44126679462572
portugal,Primeira Liga,2025,Nikolaos Athanasiou,24.0,M,Greece,177.0,,17,15,1313.0,0.0,1.0,0.0,0.0,0,0,1,0.0,0,0.06854531607006854,0.20563594821020564,0.0,0.0,0.06854531607006854,0.06854531607006854,0.0,34.82102056359482,1.1652703731911653,1.7821782178217822,0.06854531607006854,0.7539984767707539,2.536176694592536,7.402894135567403,4.592536176694592,1.2338156892612338,0.6169078446306169,0.8910891089108911,1.5765422696115765,0.8910891089108911,0.06854531607006854,0.0,0.0,28.08267716535433,0.0,62.03703703703704,50.0,6.903808073115004
portugal,Primeira Liga,2025,Nile John,22.0,M,England,178.0,70.0,14,5,671.0,0.0,1.0,0.0,0.0,0,0,3,0.0,0,0.13412816691505217,1.3412816691505216,0.8047690014903129,0.0,0.13412816691505217,0.13412816691505217,0.0,24.947839046199704,0.6706408345752608,1.8777943368107304,0.0,0.9388971684053652,2.8166915052160957,9.657228017883757,3.6214605067064083,1.4754098360655739,0.26825633383010433,0.6706408345752608,1.4754098360655739,1.8777943368107304,0.40238450074515647,0.0,0.0,17.349462365591396,60.0,37.5,18.181818181818183,6.5007451564828616
portugal,Primeira Liga,2025,Nilton Varela,24.0,M,Portugal,182.0,76.0,1,1,58.0,0.0,0.0,0.0,0.0,0,0,0,0.0,0,0.0,0.0,0.0,0.0,0.0,0.0,0.0,7.758620689655173,0.0,3.103448275862069,0.0,1.5517241379310345,4.655172413793103,13.965517241379311,6.206896551724138,0.0,0.0,4.655172413793103,3.103448275862069,3.103448275862069,0.0,0.0,0.0,3.0,,44.44444444444444,,6.2
portugal,Primeira Liga,2025,Noah Saviolo,21.0,M,Belgium,180.0,77.0,30,22,1964.0,2.0,4.0,1.0,0.0,0,0,2,0.0,0,0.3665987780040733,1.0997963340122199,0.5498981670061099,0.09164969450101833,0.18329938900203666,0.27494908350305497,0.09164969450101833,18.834012219959266,1.1914460285132382,0.7790224032586558,0.045824847250509164,0.09164969450101833,0.870672097759674,12.922606924643585,5.865580448065173,4.674134419551935,1.8788187372708756,0.45824847250509165,2.703665987780041,1.5122199592668024,0.09164969450101833,0.0,0.0,15.009779951100244,50.0,45.39007092198582,40.19607843137255,6.8170061099796335
portugal,Primeira Liga,2025,Nodar Lominadze,23.0,M,Georgia,194.0,,16,8,644.0,2.0,0.0,0.0,0.0,0,0,4,0.0,0,0.13975155279503104,0.9782608695652174,0.2795031055900621,0.2795031055900621,0.0,0.2795031055900621,0.2795031055900621,35.077639751552795,0.8385093167701864,3.214285714285714,0.13975155279503104,2.2360248447204967,5.450310559006211,16.490683229813666,8.804347826086957,2.0962732919254656,0.9782608695652174,1.5372670807453417,1.2577639751552796,1.3975155279503106,0.5590062111801242,0.0,0.0,14.605577689243027,28.57142857142857,53.38983050847458,46.666666666666664,6.842990654205607
portugal,Primeira Liga,2025,Nuno Matos,21.0,D,France,,,0,0,0.0,0.0,0.0,0.0,0.0,0,0,0,0.0,0,,,,,,,,,,,,,,,,,,,,,,,,,,,,
portugal,Primeira Liga,2025,Nuno Santos,26.0,F,Portugal,179.0,73.0,5,3,223.0,0.0,1.0,0.0,0.0,0,0,0,0.0,0,0.0,1.2107623318385652,0.0,0.0,0.40358744394618834,0.40358744394618834,0.0,33.09417040358745,1.2107623318385652,0.8071748878923767,0.0,0.0,0.8071748878923767,6.860986547085202,2.0179372197309418,0.40358744394618834,0.40358744394618834,0.40358744394618834,0.40358744394618834,1.2107623318385652,0.0,0.0,0.0,17.317073170731707,0.0,29.411764705882355,100.0,6.426457399103138
portugal,Primeira Liga,2025,Nuno Santos,30.0,D,Portugal,177.0,72.0,4,1,69.0,0.0,1.0,0.0,0.0,0,0,0,0.0,0,1.3043478260869565,1.3043478260869565,1.3043478260869565,0.0,1.3043478260869565,1.3043478260869565,0.0,43.04347826086957,3.9130434782608696,1.3043478260869565,0.0,0.0,1.3043478260869565,3.9130434782608696,1.3043478260869565,1.3043478260869565,0.0,1.3043478260869565,0.0,0.0,0.0,0.0,0.0,13.969696969696969,100.0,33.33333333333333,0.0,6.656521739130435
portugal,Primeira Liga,2025,Nélson Oliveira,34.0,F,Portugal,186.0,81.0,26,16,1314.0,3.0,0.0,0.0,0.0,0,1,3,0.0,1,0.3424657534246575,1.643835616438356,0.7534246575342465,0.2054794520547945,0.0,0.2054794520547945,0.2054794520547945,16.164383561643834,0.547945205479452,0.3424657534246575,0.136986301369863,0.136986301369863,0.4794520547945205,10.616438356164384,4.2465753424657535,1.3013698630136985,0.4794520547945205,0.0684931506849315,2.3972602739726026,1.3013698630136985,0.2054794520547945,0.0,0.0684931506849315,9.088983050847459,45.83333333333333,40.0,36.84210526315789,6.547640791476408
portugal,Primeira Liga,2025,Ole Pohlmann,24.0,M,Germany,183.0,80.0,31,20,1731.0,1.0,1.0,1.0,0.0,0,0,2,0.0,0,0.10398613518197573,0.8838821490467937,0.36395147313691506,0.05199306759098787,0.05199306759098787,0.10398613518197573,0.05199306759098787,25.37261698440208,0.779896013864818,1.4038128249566724,0.0,0.46793760831889086,1.8717504332755635,9.618717504332755,4.523396880415945,2.4436741767764296,0.8838821490467937,0.9358752166377817,1.6117850953206239,0.9358752166377817,0.10398613518197573,0.0,0.0,17.545081967213115,41.17647058823529,47.02702702702703,36.17021276595745,6.640381282495667
portugal,Primeira Liga,2025,Oluwakorede Osundina,21.0,F,USA,183.0,75.0,19,7,727.0,2.0,1.0,0.0,1.0,0,0,1,0.0,0,0.24759284731774417,0.7427785419532323,0.37138927097661617,0.24759284731774417,0.12379642365887208,0.37138927097661617,0.24759284731774417,12.998624484181569,0.7427785419532323,1.4855570839064647,0.0,0.24759284731774417,1.7331499312242091,11.389270976616231,4.332874828060523,2.847317744154058,1.1141678129298487,0.6189821182943603,0.8665749656121046,1.361760660247593,0.12379642365887208,0.0,0.0,6.326923076923077,50.0,38.04347826086957,39.130434782608695,6.626409903713892
portugal,Primeira Liga,2025,Omar Fayed,22.0,D,Egypt,198.0,82.0,8,6,558.0,0.0,0.0,0.0,0.0,0,0,4,0.0,0,0.16129032258064516,0.0,0.0,0.0,0.0,0.0,0.0,58.38709677419355,0.0,3.225806451612903,0.967741935483871,1.935483870967742,5.161290322580645,10.161290322580644,6.290322580645161,1.2903225806451613,0.967741935483871,0.0,0.8064516129032258,2.2580645161290325,0.6451612903225806,0.0,0.0,54.84530386740332,,61.904761904761905,75.0,6.831182795698925
portugal,Primeira Liga,2025,Omar Richards,27.0,D,England,174.0,69.0,14,8,702.0,0.0,0.0,0.0,0.0,0,0,2,0.0,0,0.0,0.25641025641025644,0.12820512820512822,0.0,0.0,0.0,0.0,33.205128205128204,0.5128205128205129,1.4102564102564104,0.25641025641025644,1.6666666666666665,3.076923076923077,7.307692307692308,4.487179487179487,0.8974358974358975,0.38461538461538464,0.12820512820512822,1.4102564102564104,0.8974358974358975,0.25641025641025644,0.0,0.0,23.11969111969112,50.0,61.40350877192983,42.857142857142854,6.738888888888889
portugal,Primeira Liga,2025,Or Israelov,21.0,D,Israel,185.0,74.0,1,0,17.0,0.0,0.0,0.0,0.0,0,0,0,0.0,0,0.0,0.0,0.0,0.0,0.0,0.0,0.0,52.94117647058824,0.0,5.294117647058823,0.0,0.0,5.294117647058823,15.882352941176471,5.294117647058823,0.0,0.0,0.0,0.0,5.294117647058823,0.0,0.0,0.0,9.0,,33.33333333333333,,6.6
portugal,Primeira Liga,2025,Orest Lebedenko,27.0,D,Ukraine,174.0,63.0,14,3,472.0,0.0,0.0,0.0,1.0,0,0,1,0.0,0,0.0,0.9533898305084745,0.1906779661016949,0.0,0.0,0.0,0.0,35.27542372881356,0.7627118644067796,2.097457627118644,0.0,0.5720338983050848,2.669491525423729,8.961864406779661,4.194915254237288,1.1440677966101696,0.0,0.3813559322033898,0.1906779661016949,1.7161016949152543,0.1906779661016949,0.0,0.0,17.967567567567567,20.0,46.808510638297875,0.0,6.495966029723991
portugal,Primeira Liga,2025,Oskar Pietuszewski,17.0,F,Poland,179.0,60.0,16,11,819.0,3.0,2.0,2.0,0.0,0,0,2,0.0,0,0.7692307692307693,1.8681318681318682,1.098901098901099,0.32967032967032966,0.21978021978021978,0.5494505494505495,0.32967032967032966,20.21978021978022,1.098901098901099,2.087912087912088,0.0,0.10989010989010989,2.197802197802198,16.703296703296704,8.681318681318682,6.043956043956044,2.8571428571428568,0.43956043956043955,3.076923076923077,1.6483516483516485,0.21978021978021978,0.0,0.0,10.03804347826087,58.82352941176471,51.973684210526315,47.27272727272727,7.1100122100122105
portugal,Primeira Liga,2025,Otar Mamageishvili,22.0,M,Georgia,180.0,69.0,8,1,145.0,0.0,0.0,0.0,0.0,0,0,0,0.0,0,0.0,0.6206896551724138,0.0,0.0,0.0,0.0,0.0,22.96551724137931,0.6206896551724138,1.2413793103448276,0.0,1.2413793103448276,2.4827586206896552,10.551724137931034,3.103448275862069,1.8620689655172413,0.0,0.0,0.6206896551724138,1.2413793103448276,0.0,0.0,0.0,7.5,0.0,29.411764705882355,0.0,6.330344827586207
portugal,Primeira Liga,2025,Otavio,20.0,D,Brazil,,,22,17,1360.0,0.0,1.0,0.0,1.0,0,0,5,0.0,0,0.0,0.0661764705882353,0.0661764705882353,0.0,0.0661764705882353,0.0661764705882353,0.0,38.4485294117647,0.33088235294117646,2.25,0.6617647058823529,2.514705882352941,4.764705882352941,10.919117647058824,5.889705882352941,1.8529411764705883,0.9264705882352942,0.8602941176470589,0.9926470588235294,1.7867647058823528,0.33088235294117646,0.0,0.0,25.60068846815835,100.0,53.939393939393945,50.0,6.438088235294117
portugal,Primeira Liga,2025,Oumar Camara,18.0,F,France,,,30,18,1523.0,5.0,2.0,0.0,0.0,1,0,2,0.0,0,0.23637557452396585,1.1818778726198294,0.5909389363099147,0.29546946815495734,0.11818778726198292,0.41365725541694026,0.23637557452396585,20.860144451739988,0.8273145108338805,0.8273145108338805,0.05909389363099146,0.23637557452396585,1.0636900853578464,7.741300065659882,3.3683519369665134,2.0682862770847015,0.5909389363099147,0.5318450426789232,1.0045961917268549,1.0045961917268549,0.11818778726198292,0.0,0.0,11.733711048158641,50.0,43.51145038167939,28.57142857142857,6.750361129349967
portugal,Primeira Liga,2025,Oumar Ngom,21.0,M,France,184.0,75.0,11,9,835.0,0.0,1.0,0.0,1.0,0,0,3,0.0,0,0.0,0.8622754491017964,0.10778443113772455,0.0,0.10778443113772455,0.10778443113772455,0.0,46.23952095808384,0.5389221556886228,2.910179640718563,0.32335329341317365,1.401197604790419,4.311377245508982,11.532934131736527,7.437125748502995,1.18562874251497,0.6467065868263473,0.32335329341317365,1.7245508982035929,1.0778443113772456,0.32335329341317365,0.0,0.0,38.96270396270396,12.5,64.48598130841121,54.54545454545454,6.657604790419162
portugal,Primeira Liga,2025,Ousmane Diomande,22.0,D,Côte d'Ivoire,190.0,86.0,17,15,1296.0,0.0,1.0,0.0,0.0,0,0,5,0.0,0,0.0,0.4861111111111111,0.1388888888888889,0.0,0.06944444444444445,0.06944444444444445,0.0,73.81944444444444,0.20833333333333331,0.7638888888888888,0.4861111111111111,0.8333333333333333,1.597222222222222,7.5,3.6111111111111107,0.0,0.0,0.3472222222222222,0.5555555555555556,1.9444444444444444,0.3472222222222222,0.0,0.0,70.62182502351834,28.57142857142857,48.148148148148145,,7.125019305019305
portugal,Primeira Liga,2025,Pablo Felipe,21.0,F,Portugal,184.0,74.0,13,12,955.0,10.0,1.0,0.0,0.0,2,1,4,0.0,0,0.47120418848167545,1.6020942408376964,1.2251308900523559,0.9424083769633509,0.0942408376963351,1.0366492146596857,0.7539267015706808,15.361256544502618,1.3193717277486912,1.2251308900523559,0.0942408376963351,0.28272251308900526,1.5078534031413615,16.86910994764398,7.9162303664921465,1.3193717277486912,0.8481675392670157,0.7539267015706808,2.827225130890052,2.261780104712042,0.3769633507853404,0.0,0.0,10.993865030674847,76.47058823529412,46.927374301675975,64.28571428571429,7.256230366492146
portugal,Primeira Liga,2025,Pablo Gozálbez,24.0,M,Spain,170.0,66.0,28,12,1090.0,1.0,2.0,0.0,0.0,0,0,4,0.0,0,0.41284403669724773,1.3211009174311927,0.5779816513761469,0.08256880733944955,0.1651376146788991,0.24770642201834864,0.08256880733944955,24.68807339449541,1.651376146788991,2.146788990825688,0.3302752293577982,0.5779816513761469,2.724770642201835,12.302752293577983,5.862385321100918,1.8165137614678901,0.7431192660550459,1.073394495412844,2.3119266055045875,1.981651376146789,0.3302752293577982,0.0,0.0,14.036912751677852,43.75,47.651006711409394,40.909090909090914,6.6555045871559635
portugal,Primeira Liga,2025,Pablo Rosario,28.0,M,Netherlands,188.0,73.0,22,12,1364.0,2.0,1.0,0.0,0.0,0,0,6,0.0,0,0.06598240469208211,0.593841642228739,0.19794721407624635,0.13196480938416422,0.06598240469208211,0.19794721407624635,0.13196480938416422,56.21700879765396,0.46187683284457476,1.4516129032258065,0.46187683284457476,0.9897360703812317,2.441348973607038,8.44574780058651,4.882697947214076,0.5278592375366569,0.26392961876832843,0.593841642228739,1.4516129032258065,1.4516129032258065,0.3958944281524927,0.0,0.0,46.79694835680751,33.33333333333333,57.8125,50.0,7.1949413489736065
portugal,Primeira Liga,2025,Pablo Ruan,22.0,F,Brazil,181.0,71.0,23,8,873.0,0.0,0.0,1.0,0.0,0,0,4,0.0,1,0.4123711340206186,1.0309278350515463,0.6185567010309279,0.0,0.0,0.0,0.0,18.969072164948454,1.8556701030927836,1.4432989690721647,0.2061855670103093,0.30927835051546393,1.7525773195876289,13.505154639175258,5.979381443298969,1.3402061855670102,0.5154639175257731,1.3402061855670102,1.134020618556701,1.0309278350515463,0.4123711340206186,0.0,0.10309278350515465,9.10989010989011,60.0,44.274809160305345,38.46153846153847,6.626321839080459
portugal,Primeira Liga,2025,Pape Fuhrer,20.0,M,Switzerland,,,0,0,0.0,0.0,0.0,0.0,0.0,0,0,0,0.0,0,,,,,,,,,,,,,,,,,,,,,,,,,,,,
portugal,Primeira Liga,2025,Patrick Sequeira,26.0,G,Costa Rica,190.0,84.0,31,31,2711.0,0.0,0.0,0.0,1.0,0,0,4,0.0,1,0.0,0.0,0.0,0.0,0.0,0.0,0.0,27.421615639985244,0.033198081888601995,0.06639616377720399,0.0,0.0,0.06639616377720399,0.8299520472150498,0.7303578015492439,0.0,0.0,0.0,0.39837698266322386,0.06639616377720399,0.13279232755440798,0.0,0.033198081888601995,15.472154963680387,,88.0,,6.8562154186647
portugal,Primeira Liga,2025,Patrick de Paula,26.0,M,Brazil,178.0,78.0,9,3,408.0,1.0,0.0,0.0,1.0,0,0,4,0.0,0,0.0,1.1029411764705883,0.4411764705882353,0.22058823529411764,0.0,0.22058823529411764,0.22058823529411764,41.69117647058824,0.4411764705882353,2.2058823529411766,0.4411764705882353,1.1029411764705883,3.308823529411765,11.691176470588236,6.176470588235294,0.8823529411764706,0.4411764705882353,1.3235294117647058,2.4264705882352944,2.4264705882352944,0.8823529411764706,0.0,0.0,18.841269841269842,40.0,52.83018867924528,50.0,6.583823529411764
portugal,Primeira Liga,2025,Pau Víctor,24.0,F,Spain,184.0,77.0,32,27,2269.0,10.0,4.0,0.0,0.0,1,0,5,0.0,0,0.3966505068312032,1.4279418245923314,0.9122961657117673,0.3966505068312032,0.15866020273248127,0.5553107095636844,0.35698545614808286,36.05553107095637,0.7933010136624064,1.0312913177611283,0.11899515204936095,0.31732040546496254,1.3486117232260908,9.876597620096959,4.442485676509476,2.6575583957690614,1.4279418245923314,0.7536359629792861,1.2692816218598502,1.2296165711767297,0.1983252534156016,0.0,0.0,31.1001100110011,63.888888888888886,44.97991967871486,53.73134328358209,6.954869986778316
portugal,Primeira Liga,2025,Paulinho Bóia,27.0,F,Brazil,171.0,62.0,33,33,2825.0,4.0,2.0,0.0,0.0,0,0,6,0.0,0,0.3185840707964602,1.529203539823009,0.8283185840707964,0.12743362831858407,0.06371681415929203,0.19115044247787613,0.12743362831858407,20.73982300884956,1.4336283185840708,1.529203539823009,0.03185840707964602,0.3185840707964602,1.847787610619469,12.424778761061948,5.575221238938053,2.9628318584070796,1.2743362831858407,1.3061946902654868,2.2938053097345135,1.2743362831858407,0.19115044247787613,0.0,0.0,16.003072196620582,54.166666666666664,44.871794871794876,43.01075268817204,6.941592920353982
portugal,Primeira Liga,2025,Paulo Moreira,25.0,M,Portugal,182.0,76.0,29,27,2379.0,3.0,2.0,0.0,0.0,0,0,7,0.0,1,0.03783102143757881,0.45397225725094575,0.22698612862547288,0.11349306431273644,0.07566204287515763,0.18915510718789408,0.11349306431273644,31.551071878940732,0.4918032786885246,1.7023959646910465,0.34047919293820933,0.5674653215636822,2.269861286254729,10.479192938209332,4.918032786885246,1.5510718789407314,0.6431273644388399,0.7944514501891552,2.080706179066835,1.4754098360655739,0.2648171500630517,0.0,0.03783102143757881,29.317745803357315,50.0,46.931407942238266,41.46341463414634,6.720807061790668
portugal,Primeira Liga,2025,Paulo Oliveira,33.0,D,Portugal,187.0,81.0,17,8,819.0,0.0,0.0,0.0,0.0,0,0,3,0.0,0,0.0,0.21978021978021978,0.0,0.0,0.0,0.0,0.0,72.3076923076923,0.0,0.7692307692307693,0.5494505494505495,1.5384615384615385,2.3076923076923075,7.362637362637363,3.626373626373627,0.10989010989010989,0.0,0.21978021978021978,0.5494505494505495,1.3186813186813187,0.32967032967032966,0.0,0.0,52.30289193302892,0.0,49.25373134328358,0.0,6.681418092909535
portugal,Primeira Liga,2025,Paulo Victor,24.0,D,Brazil,184.0,66.0,21,16,1366.0,1.0,0.0,0.0,0.0,0,0,4,0.0,1,0.0,0.19765739385065886,0.13177159590043924,0.06588579795021962,0.0,0.06588579795021962,0.06588579795021962,34.85358711566618,0.6588579795021963,2.569546120058565,0.2635431918008785,1.3177159590043925,3.8872620790629577,10.34407027818448,6.390922401171303,1.7130307467057102,1.1200585651537336,1.054172767203514,1.7130307467057102,0.9224011713030746,0.2635431918008785,0.0,0.06588579795021962,23.899810964083176,66.66666666666666,61.78343949044586,65.38461538461539,6.7901903367496335
portugal,Primeira Liga,2025,Paulo Vitor,24.0,D,Brazil,190.0,76.0,18,16,1436.0,0.0,0.0,0.0,0.0,0,0,4,0.0,1,0.12534818941504178,0.1880222841225627,0.06267409470752089,0.0,0.0,0.0,0.0,34.84679665738162,0.1880222841225627,2.13091922005571,0.8774373259052926,0.9401114206128134,3.0710306406685235,6.894150417827298,3.6977715877437323,0.1880222841225627,0.0,0.8774373259052926,0.12534818941504178,1.2534818941504178,0.25069637883008355,0.0,0.06267409470752089,30.60611510791367,33.33333333333333,53.63636363636364,0.0,6.733495821727019
portugal,Primeira Liga,2025,Pedro Amaral,28.0,D,Portugal,178.0,72.0,27,24,1855.0,0.0,2.0,0.0,0.0,0,0,3,0.0,0,0.04851752021563343,0.5822102425876011,0.19407008086253372,0.0,0.09703504043126686,0.09703504043126686,0.0,40.99730458221024,0.6307277628032345,1.1159029649595686,0.09703504043126686,0.5336927223719676,1.6495956873315363,5.579514824797844,2.7169811320754715,0.7277628032345014,0.19407008086253372,0.38814016172506743,0.921832884097035,0.9703504043126685,0.14555256064690028,0.0,0.0,32.16449704142012,33.33333333333333,48.69565217391305,26.666666666666668,6.4459838274932615
portugal,Primeira Liga,2025,Pedro Bondo,21.0,D,Angola,172.0,68.0,17,14,1186.0,0.0,0.0,0.0,0.0,0,0,6,0.0,0,0.07588532883642496,0.6070826306913997,0.07588532883642496,0.0,0.0,0.0,0.0,31.49241146711636,0.4553119730185497,1.669477234401349,0.5311973018549747,0.4553119730185497,2.124789207419899,8.650927487352444,4.856661045531197,1.4418212478920742,0.6070826306913997,0.5311973018549747,2.0489038785834737,1.1382799325463744,0.4553119730185497,0.0,0.0,22.069879518072288,12.5,56.14035087719298,42.10526315789473,6.812225969645868
portugal,Primeira Liga,2025,Pedro Carvalho,22.0,D,Portugal,176.0,70.0,26,13,1248.0,0.0,1.0,0.0,1.0,0,0,5,0.0,0,0.07211538461538461,0.6490384615384616,0.0,0.0,0.07211538461538461,0.07211538461538461,0.0,35.19230769230769,0.5769230769230769,1.5865384615384615,0.0,0.9375,2.5240384615384617,7.644230769230769,3.1009615384615388,1.442307692307692,0.4326923076923077,0.721153846153846,0.721153846153846,1.442307692307692,0.360576923076923,0.0,0.0,21.940573770491802,0.0,40.56603773584906,30.0,6.455128205128205
portugal,Primeira Liga,2025,Pedro Ferreira,27.0,M,Portugal,183.0,81.0,31,24,1969.0,0.0,0.0,0.0,0.0,0,0,4,0.0,0,0.0,0.5485017775520569,0.0914169629253428,0.0,0.0,0.0,0.0,31.4931437277806,0.41137633316404265,2.8796343321482984,0.31995937023869986,1.4169629253428138,4.296597257491112,10.558659217877095,5.8963941086846114,0.7770441848654139,0.31995937023869986,1.005586592178771,0.9598781107160995,1.5083798882681565,0.1828339258506856,0.0,0.0,21.748911465892597,16.666666666666664,55.84415584415584,41.17647058823529,6.811851475076297
portugal,Primeira Liga,2025,Pedro Gonçalves,27.0,M,Portugal,173.0,70.0,27,25,1993.0,13.0,8.0,0.0,0.0,2,0,5,0.0,0,0.1806322127446061,2.890115403913698,1.625689914701455,0.5870546914199699,0.3612644254892122,0.9483191169091822,0.4967385850476668,41.2744606121425,2.4836929252383344,0.6773707977922729,0.09031610637230306,0.3161063723030607,0.9934771700953337,7.044656297039639,3.1159056698444556,2.5740090316106374,1.128951329653788,0.5418966382338184,0.9934771700953337,0.4967385850476668,0.22579026593075766,0.0,0.0,31.203501094091905,56.25,44.230769230769226,43.859649122807014,7.201705970898144
portugal,Primeira Liga,2025,Pedro Lima,22.0,M,Brazil,185.0,79.0,26,21,1898.0,4.0,2.0,0.0,0.0,1,0,4,0.0,0,0.18967334035827185,1.280295047418335,0.5690200210748156,0.18967334035827185,0.09483667017913593,0.2845100105374078,0.1422550052687039,23.80400421496312,1.4225500526870392,2.32349841938883,0.33192834562697576,0.5690200210748156,2.8925184404636464,10.906217070600633,5.405690200210748,2.0389884088514227,0.7586933614330874,0.7112750263435196,1.375131717597471,1.4699683877766068,0.18967334035827185,0.0,0.0,14.233067729083665,44.44444444444444,49.56521739130435,37.2093023255814,6.750842992623815
portugal,Primeira Liga,2025,Pedro Lima,19.0,D,Brazil,174.0,68.0,0,0,0.0,0.0,0.0,0.0,0.0,0,0,0,0.0,0,,,,,,,,,,,,,,,,,,,,,,,,,,,,
portugal,Primeira Liga,2025,Pedro Pacheco,28.0,D,Portugal,187.0,81.0,3,2,195.0,0.0,0.0,0.0,0.0,0,0,0,0.0,0,0.0,0.46153846153846156,0.0,0.0,0.0,0.0,0.0,42.0,0.46153846153846156,0.9230769230769231,0.9230769230769231,1.3846153846153846,2.3076923076923075,8.307692307692308,3.6923076923076925,1.3846153846153846,1.3846153846153846,1.3846153846153846,0.0,1.3846153846153846,0.0,0.0,0.0,33.56043956043956,0.0,44.44444444444444,100.0,7.107692307692307
portugal,Primeira Liga,2025,Pedro Rosas,25.0,M,Portugal,189.0,84.0,10,8,717.0,0.0,0.0,1.0,1.0,0,0,3,0.0,1,0.12552301255230125,0.6276150627615062,0.12552301255230125,0.0,0.0,0.0,0.0,16.569037656903767,0.0,0.6276150627615062,0.0,1.506276150627615,2.1338912133891212,7.02928870292887,3.1380753138075312,1.3807531380753137,0.6276150627615062,0.7531380753138075,0.6276150627615062,2.510460251046025,0.37656903765690375,0.0,0.12552301255230125,12.0,20.0,44.642857142857146,45.45454545454545,6.5900976290097635
portugal,Primeira Liga,2025,Pedro Santos,22.0,F,Portugal,178.0,66.0,22,6,718.0,2.0,3.0,0.0,0.0,0,0,2,0.0,0,0.25069637883008355,0.6267409470752089,0.25069637883008355,0.25069637883008355,0.3760445682451254,0.6267409470752089,0.25069637883008355,22.688022284122564,1.2534818941504178,2.7576601671309193,0.0,0.3760445682451254,3.1337047353760448,12.033426183844012,5.515320334261839,1.6295264623955432,0.7520891364902508,1.128133704735376,1.6295264623955432,1.754874651810585,0.25069637883008355,0.0,0.0,12.726256983240223,40.0,45.83333333333333,46.15384615384615,6.784055944055945
portugal,Primeira Liga,2025,Pedro Santos,25.0,M,Portugal,183.0,75.0,16,8,796.0,0.0,0.0,0.0,0.0,0,0,4,0.0,0,0.11306532663316583,0.22613065326633167,0.0,0.0,0.0,0.0,0.0,66.25628140703517,0.9045226130653267,2.148241206030151,0.0,1.0175879396984926,3.1658291457286434,8.819095477386934,4.748743718592965,0.45226130653266333,0.11306532663316583,1.0175879396984926,1.922110552763819,2.035175879396985,0.45226130653266333,0.0,0.0,56.389078498293514,0.0,53.84615384615385,25.0,6.919597989949748
portugal,Primeira Liga,2025,Pedro Trigueira,37.0,G,Portugal,192.0,88.0,1,0,13.0,0.0,0.0,0.0,0.0,0,0,0,0.0,0,0.0,0.0,0.0,0.0,0.0,0.0,0.0,13.846153846153847,0.0,0.0,0.0,0.0,0.0,0.0,0.0,0.0,0.0,0.0,0.0,0.0,0.0,0.0,0.0,2.0,,,,6.700000000000001
portugal,Primeira Liga,2025,Peixinho,21.0,F,Portugal,185.0,72.0,11,1,210.0,1.0,0.0,0.0,0.0,0,0,1,0.0,0,0.0,2.571428571428571,0.8571428571428572,0.4285714285714286,0.0,0.4285714285714286,0.4285714285714286,37.714285714285715,1.7142857142857144,1.7142857142857144,0.0,0.4285714285714286,2.142857142857143,20.57142857142857,8.142857142857142,6.0,3.428571428571429,2.571428571428571,3.0,3.0,0.4285714285714286,0.0,0.0,8.160919540229886,33.33333333333333,39.58333333333333,57.14285714285714,6.602898550724637
portugal,Primeira Liga,2025,Pepê,28.0,F,Brazil,175.0,69.0,30,30,2243.0,3.0,4.0,0.0,0.0,0,0,2,0.0,0,0.36112349531876947,0.8426214890771289,0.2808738296923763,0.12037449843958983,0.16049933125278645,0.2808738296923763,0.12037449843958983,29.893000445831472,1.9259919750334373,1.4043691484618814,0.04012483281319661,0.521622826571556,1.9259919750334373,10.833704859563085,5.0156041016495765,2.768613464110566,0.7623718234507356,0.8426214890771289,2.1266161390994203,0.8024966562639323,0.08024966562639323,0.0,0.0,20.102013422818793,33.33333333333333,46.2962962962963,27.536231884057973,6.909094962104325
portugal,Primeira Liga,2025,Pité,31.0,M,Portugal,188.0,76.0,0,0,0.0,0.0,0.0,0.0,0.0,0,0,0,0.0,0,,,,,,,,,,,,,,,,,,,,,,,,,,,,
portugal,Primeira Liga,2025,Pizzi,36.0,M,Portugal,177.0,71.0,23,5,655.0,0.0,5.0,0.0,0.0,0,0,0,0.0,0,0.0,0.13740458015267176,0.0,0.0,0.6870229007633587,0.6870229007633587,0.0,61.55725190839695,1.786259541984733,0.549618320610687,0.2748091603053435,0.2748091603053435,0.8244274809160306,6.0458015267175576,2.0610687022900764,1.099236641221374,0.2748091603053435,1.3740458015267174,0.8244274809160306,0.9618320610687023,0.0,0.0,0.0,23.638392857142858,0.0,34.090909090909086,25.0,6.661679389312977
portugal,Primeira Liga,2025,Rafa Silva,32.0,M,Portugal,172.0,62.0,16,11,937.0,5.0,0.0,0.0,0.0,0,0,0,0.0,0,0.288153681963714,2.113127001067236,1.248665955176094,0.48025613660619,0.0,0.48025613660619,0.48025613660619,27.85485592315902,0.96051227321238,1.3447171824973319,0.0,0.096051227321238,1.4407684098185698,9.989327641408751,5.570971184631804,2.2091782283884736,1.3447171824973319,1.152614727854856,2.40128068303095,0.384204909284952,0.0,0.0,0.0,17.896551724137932,59.09090909090909,55.769230769230774,60.86956521739131,6.976093916755603
portugal,Primeira Liga,2025,Rafa Soares,30.0,D,Portugal,177.0,70.0,24,20,1753.0,1.0,3.0,0.0,0.0,0,0,4,0.0,0,0.0,0.20536223616657157,0.10268111808328578,0.05134055904164289,0.1540216771249287,0.20536223616657157,0.05134055904164289,39.12150598973189,1.1294922989161438,1.2835139760410725,0.1540216771249287,0.9754706217912151,2.2589845978322876,4.723331431831147,2.002281802624073,0.2567027952082145,0.1540216771249287,0.6160867084997148,0.1540216771249287,1.1294922989161438,0.20536223616657157,0.0,0.0,30.040682414698164,50.0,42.391304347826086,60.0,6.9675413576725616
portugal,Primeira Liga,2025,Rafael Barbosa,29.0,M,Portugal,174.0,69.0,13,7,648.0,1.0,2.0,0.0,0.0,0,1,2,0.0,0,0.1388888888888889,1.6666666666666665,0.41666666666666663,0.1388888888888889,0.2777777777777778,0.41666666666666663,0.1388888888888889,31.805555555555557,1.9444444444444444,1.5277777777777777,0.1388888888888889,0.6944444444444444,2.2222222222222223,7.638888888888889,2.9166666666666665,1.1111111111111112,0.41666666666666663,0.2777777777777778,0.8333333333333333,1.6666666666666665,0.2777777777777778,0.0,0.0,17.74235807860262,25.0,38.18181818181819,37.5,6.554012345679013
portugal,Primeira Liga,2025,Rafael Brito,23.0,M,Portugal,183.0,74.0,25,18,1527.0,2.0,1.0,0.0,0.0,0,0,5,0.0,0,0.0,0.412573673870334,0.2357563850687623,0.11787819253438114,0.05893909626719057,0.1768172888015717,0.11787819253438114,26.994106090373283,0.412573673870334,1.4145383104125735,0.4715127701375246,1.0609037328094302,2.475442043222004,8.546168958742633,3.831041257367387,0.6483300589390962,0.11787819253438114,0.5304518664047151,0.8840864440078585,1.9449901768172888,0.29469548133595286,0.0,0.0,17.22052401746725,57.14285714285714,44.827586206896555,18.181818181818183,6.730360655737704
portugal,Primeira Liga,2025,Rafael Lobato,19.0,F,Brazil,171.0,71.0,2,0,23.0,0.0,0.0,0.0,0.0,0,0,0,0.0,0,0.0,3.9130434782608696,3.9130434782608696,0.0,0.0,0.0,0.0,11.739130434782608,0.0,0.0,0.0,0.0,0.0,19.565217391304348,7.826086956521739,7.826086956521739,3.9130434782608696,0.0,3.9130434782608696,3.9130434782608696,0.0,0.0,0.0,2.0,100.0,40.0,50.0,6.460869565217393
portugal,Primeira Liga,2025,Rafael Nel,20.0,F,Portugal,182.0,71.0,7,2,180.0,2.0,1.0,0.0,0.0,0,0,0,0.0,0,1.0,3.0,2.0,1.0,0.5,1.5,1.0,15.0,1.0,1.0,0.0,0.0,1.0,12.999999999999998,6.499999999999999,0.0,0.0,0.0,3.5,2.0,0.0,0.0,0.0,8.766666666666667,66.66666666666666,50.0,,7.523595505617976
portugal,Primeira Liga,2025,Rafael Obrador,21.0,D,Spain,181.0,72.0,1,1,68.0,0.0,0.0,0.0,0.0,0,0,0,0.0,0,0.0,0.0,0.0,0.0,0.0,0.0,0.0,34.41176470588235,3.9705882352941178,0.0,0.0,2.6470588235294117,2.6470588235294117,7.9411764705882355,3.9705882352941178,3.9705882352941178,3.9705882352941178,1.3235294117647058,0.0,1.3235294117647058,0.0,0.0,0.0,23.0,,50.0,100.0,6.9
portugal,Primeira Liga,2025,Rafik Guitane,26.0,F,France,170.0,60.0,30,21,1836.0,3.0,5.0,0.0,1.0,0,0,3,0.0,0,0.04901960784313726,1.0784313725490196,0.5392156862745098,0.14705882352941177,0.2450980392156863,0.3921568627450981,0.14705882352941177,36.51960784313725,1.911764705882353,0.8333333333333333,0.0,0.19607843137254904,1.0294117647058822,15.147058823529413,6.96078431372549,8.431372549019608,3.7745098039215685,0.6372549019607843,2.2549019607843137,0.4411764705882353,0.14705882352941177,0.0,0.0,26.594630872483222,50.0,45.9546925566343,44.76744186046512,7.083660130718955
portugal,Primeira Liga,2025,Rayan Lucas,20.0,M,Brazil,185.0,84.0,0,0,0.0,0.0,0.0,0.0,0.0,0,0,0,0.0,0,,,,,,,,,,,,,,,,,,,,,,,,,,,,
portugal,Primeira Liga,2025,Renan Cunha Macedo Santana,20.0,D,Brazil,181.0,75.0,0,0,0.0,0.0,0.0,0.0,0.0,0,0,0,0.0,0,,,,,,,,,,,,,,,,,,,,,,,,,,,,
portugal,Primeira Liga,2025,Renan Ribeiro,35.0,G,Brazil,193.0,87.0,33,33,2970.0,0.0,0.0,0.0,2.0,0,0,5,0.0,0,0.0,0.0,0.0,0.0,0.0,0.0,0.0,27.272727272727273,0.030303030303030304,0.0,0.0,0.0,0.0,0.5757575757575757,0.48484848484848486,0.030303030303030304,0.030303030303030304,0.0,0.2121212121212121,0.06060606060606061,0.15151515151515152,0.0,0.0,17.656666666666666,,84.21052631578947,100.0,6.8545454545454545
portugal,Primeira Liga,2025,Renato Nhaga,18.0,M,Guinea-Bissau,176.0,66.0,18,13,1170.0,2.0,0.0,0.0,0.0,0,0,4,0.0,0,0.0,0.6923076923076923,0.23076923076923078,0.15384615384615385,0.0,0.15384615384615385,0.15384615384615385,31.46153846153846,0.6153846153846154,2.3846153846153846,0.15384615384615385,0.07692307692307693,2.4615384615384617,14.307692307692307,7.384615384615385,1.6153846153846152,1.1538461538461537,1.0,3.3846153846153846,2.3076923076923075,0.3076923076923077,0.0,0.0,19.882640586797066,33.33333333333333,51.61290322580645,71.42857142857143,6.612649572649572
portugal,Primeira Liga,2025,Rhaldney,27.0,M,Brazil,,,14,12,993.0,1.0,0.0,0.0,0.0,0,0,4,0.0,0,0.0,0.36253776435045315,0.18126888217522658,0.09063444108761329,0.0,0.09063444108761329,0.09063444108761329,38.157099697885194,0.36253776435045315,1.7220543806646524,0.0,1.0876132930513596,2.809667673716012,8.429003021148036,3.987915407854985,0.5438066465256798,0.2719033232628399,0.5438066465256798,1.0876132930513596,1.9033232628398793,0.36253776435045315,0.0,0.0,32.79809976247031,50.0,47.31182795698925,50.0,6.740886203423967
portugal,Primeira Liga,2025,Rica Rocha,22.0,M,Portugal,181.0,71.0,2,1,92.0,0.0,0.0,1.0,0.0,0,0,1,0.0,0,0.0,0.9782608695652174,0.0,0.0,0.0,0.0,0.0,50.8695652173913,1.9565217391304348,1.9565217391304348,0.0,1.9565217391304348,3.9130434782608696,10.760869565217392,5.869565217391304,0.0,0.0,0.0,0.9782608695652174,2.934782608695652,0.9782608695652174,0.0,0.0,36.53846153846154,0.0,54.54545454545454,,7.0826086956521745
portugal,Primeira Liga,2025,Ricard Sánchez,25.0,D,Spain,175.0,67.0,26,25,1982.0,2.0,4.0,1.0,0.0,0,0,9,0.0,0,0.18163471241170534,0.8173562058526741,0.3632694248234107,0.09081735620585267,0.18163471241170534,0.272452068617558,0.09081735620585267,32.73965691220989,0.9535822401614531,1.6801210898082746,0.18163471241170534,0.7719475277497476,2.452068617558022,8.80928355196771,4.631685166498487,1.6347124117053482,0.6357214934409687,0.544904137235116,1.6801210898082746,1.6347124117053482,0.40867810292633705,0.0,0.0,25.8502080443828,44.44444444444444,52.57731958762887,38.88888888888889,6.737588294651867
portugal,Primeira Liga,2025,Ricardo Batista,39.0,G,Portugal,192.0,84.0,4,3,316.0,0.0,0.0,0.0,0.0,0,0,0,0.0,0,0.0,0.0,0.0,0.0,0.0,0.0,0.0,33.60759493670886,0.0,0.0,0.0,0.0,0.0,0.569620253164557,0.569620253164557,0.0,0.0,0.0,0.2848101265822785,0.0,0.0,0.0,0.0,20.83050847457627,,100.0,,6.872784810126583
portugal,Primeira Liga,2025,Ricardo Horta,31.0,F,Portugal,173.0,66.0,28,25,2149.0,14.0,4.0,1.0,0.0,3,1,5,0.0,1,0.16751977664029782,2.0939972080037226,1.298278268962308,0.5863192182410424,0.16751977664029782,0.7538389948813401,0.46067938576081896,47.7012563983248,2.0939972080037226,1.3401582131223826,0.08375988832014891,0.41879944160074456,1.758957654723127,5.988832014890646,2.680316426244765,0.9632387156817124,0.37691949744067005,0.5444392740809679,0.7119590507212658,1.0469986040018613,0.20939972080037228,0.0,0.041879944160074456,41.56628621597893,62.0,44.75524475524475,39.130434782608695,7.2949278734295016
portugal,Primeira Liga,2025,Ricardo Mangas,27.0,D,Portugal,181.0,73.0,15,11,875.0,2.0,1.0,0.0,0.0,0,0,3,0.0,0,0.10285714285714287,1.2342857142857142,0.5142857142857142,0.20571428571428574,0.10285714285714287,0.30857142857142855,0.20571428571428574,37.85142857142857,1.0285714285714285,2.16,0.4114285714285715,1.2342857142857142,3.394285714285714,10.697142857142858,5.862857142857143,0.9257142857142857,0.4114285714285715,0.822857142857143,1.645714285714286,1.645714285714286,0.30857142857142855,0.0,0.0,25.660326086956523,41.66666666666667,54.807692307692314,44.44444444444444,7.047482837528604
portugal,Primeira Liga,2025,Richard Ríos,25.0,M,Colombia,185.0,74.0,27,26,2279.0,5.0,4.0,0.0,0.0,0,0,9,0.0,0,0.03949100482667837,1.8165862220272049,0.6318560772268539,0.19745502413339186,0.15796401930671347,0.35541904344010533,0.19745502413339186,45.454146555506796,0.8293111013602457,1.9745502413339182,0.19745502413339186,0.7108380868802107,2.685388328214129,12.676612549363757,7.029398859148749,1.5401491882404565,0.9477841158402809,0.750329091706889,2.606406318560772,1.9745502413339182,0.35541904344010533,0.0,0.0,40.37619461337967,34.78260869565217,55.45171339563863,61.53846153846154,7.134752084247477
portugal,Primeira Liga,2025,Robson Lucas Oliveira Botelho,23.0,M,Brazil,,,23,9,952.0,0.0,1.0,1.0,0.0,0,0,5,0.0,0,0.37815126050420167,0.37815126050420167,0.0,0.0,0.09453781512605042,0.09453781512605042,0.0,40.27310924369748,1.4180672268907561,1.8907563025210086,0.47268907563025214,1.9852941176470589,3.8760504201680672,10.871848739495798,4.915966386554622,1.4180672268907561,0.6617647058823529,1.0399159663865547,1.5126050420168067,1.7962184873949578,0.47268907563025214,0.0,0.0,24.663529411764706,0.0,45.21739130434783,46.666666666666664,6.75031512605042
portugal,Primeira Liga,2025,Rochinha,30.0,F,Portugal,169.0,68.0,1,0,13.0,0.0,0.0,0.0,0.0,0,0,0,0.0,0,0.0,0.0,0.0,0.0,0.0,0.0,0.0,27.692307692307693,20.76923076923077,0.0,0.0,0.0,0.0,20.76923076923077,13.846153846153847,0.0,0.0,6.923076923076923,13.846153846153847,0.0,0.0,0.0,0.0,3.0,,66.66666666666666,,7.200000000000001
portugal,Primeira Liga,2025,Rodrigo Abascal,31.0,D,Uruguay,187.0,88.0,27,26,2279.0,1.0,2.0,0.0,0.0,0,0,6,0.0,0,0.15796401930671347,0.47389205792014044,0.07898200965335674,0.03949100482667837,0.07898200965335674,0.11847301448003511,0.03949100482667837,55.247915752523035,0.5133830627468188,1.3821851689337428,0.750329091706889,1.2637121544537078,2.6458973233874508,5.7656867046950415,3.4752084247476964,0.11847301448003511,0.07898200965335674,0.19745502413339186,0.11847301448003511,1.2242211496270294,0.23694602896007022,0.0,0.0,47.90493209435311,16.666666666666664,60.273972602739725,66.66666666666666,7.020447564721369
portugal,Primeira Liga,2025,Rodrigo Alonso,22.0,M,Spain,172.0,,26,17,1497.0,3.0,3.0,0.0,0.0,0,0,6,0.0,0,0.0,0.4809619238476954,0.30060120240480964,0.18036072144288576,0.18036072144288576,0.3607214428857715,0.18036072144288576,39.679358717434866,0.6613226452905812,1.3226452905811623,0.2404809619238477,0.6012024048096193,1.9238476953907817,8.47695390781563,3.787575150300601,1.3226452905811623,0.5410821643286573,0.6613226452905812,1.442885771543086,1.8637274549098195,0.3607214428857715,0.0,0.0,30.3969696969697,62.5,44.680851063829785,40.909090909090914,6.832307692307693
portugal,Primeira Liga,2025,Rodrigo Conceição,25.0,D,Portugal,173.0,64.0,20,16,1436.0,1.0,0.0,0.0,0.0,0,0,4,0.0,0,0.0,0.3760445682451254,0.31337047353760444,0.06267409470752089,0.0,0.06267409470752089,0.06267409470752089,28.454038997214486,0.8774373259052926,2.945682451253482,0.1880222841225627,1.2534818941504178,4.1991643454039,14.72841225626741,6.204735376044568,3.1337047353760448,1.0027855153203342,2.1935933147632314,1.5668523676880224,1.5041782729805016,0.25069637883008355,0.0,0.0,24.094713656387665,83.33333333333334,42.12765957446808,32.0,6.693941504178273
portugal,Primeira Liga,2025,Rodrigo Dias,20.0,D,Portugal,179.0,74.0,0,0,0.0,0.0,0.0,0.0,0.0,0,0,0,0.0,0,,,,,,,,,,,,,,,,,,,,,,,,,,,,
portugal,Primeira Liga,2025,Rodrigo Duarte,19.0,M,Portugal,177.0,64.0,0,0,0.0,0.0,0.0,0.0,0.0,0,0,0,0.0,0,,,,,,,,,,,,,,,,,,,,,,,,,,,,
portugal,Primeira Liga,2025,Rodrigo Marquês,22.0,F,,,,0,0,0.0,0.0,0.0,0.0,0.0,0,0,0,0.0,0,,,,,,,,,,,,,,,,,,,,,,,,,,,,
portugal,Primeira Liga,2025,Rodrigo Mora,18.0,M,Portugal,168.0,56.0,28,14,1190.0,1.0,1.0,0.0,0.0,0,0,1,0.0,0,0.37815126050420167,2.1176470588235294,0.6050420168067228,0.07563025210084034,0.07563025210084034,0.1512605042016807,0.07563025210084034,31.61344537815126,2.722689075630252,1.6638655462184875,0.1512605042016807,0.45378151260504207,2.1176470588235294,10.210084033613445,4.46218487394958,3.7058823529411766,1.588235294117647,1.134453781512605,0.680672268907563,0.6050420168067228,0.07563025210084034,0.0,0.0,16.20095693779904,28.57142857142857,43.7037037037037,42.857142857142854,6.795626576955425
portugal,Primeira Liga,2025,Rodrigo Nascimento,29.0,G,Brazil,198.0,100.0,0,0,0.0,0.0,0.0,0.0,0.0,0,0,0,0.0,0,,,,,,,,,,,,,,,,,,,,,,,,,,,,
portugal,Primeira Liga,2025,Rodrigo Pinheiro,23.0,D,Portugal,183.0,80.0,29,29,2571.0,3.0,2.0,0.0,0.0,0,0,5,0.0,0,0.10501750291715285,0.3500583430571762,0.2100350058343057,0.10501750291715285,0.07001166861143523,0.1750291715285881,0.10501750291715285,35.21586931155192,0.9801633605600933,2.100350058343057,0.2100350058343057,0.7001166861143524,2.8004667444574096,9.101516919486581,4.900816802800467,0.9101516919486581,0.49008168028004667,0.8401400233372228,1.6102683780630105,1.9603267211201867,0.1750291715285881,0.0,0.0,29.312127236580515,60.0,53.84615384615385,53.84615384615385,7.124115130299494
portugal,Primeira Liga,2025,Rodrigo Pinho,34.0,F,Brazil,185.0,78.0,29,12,1185.0,4.0,1.0,1.0,0.0,1,0,5,0.0,0,0.45569620253164556,2.430379746835443,1.139240506329114,0.3037974683544304,0.0759493670886076,0.37974683544303794,0.22784810126582278,12.835443037974684,0.6075949367088608,0.6835443037974683,0.22784810126582278,0.22784810126582278,0.9113924050632911,9.49367088607595,4.632911392405063,1.139240506329114,0.45569620253164556,0.1518987341772152,1.8227848101265822,1.9746835443037976,0.37974683544303794,0.0,0.0,5.585365853658536,46.875,48.8,40.0,6.829620253164557
portugal,Primeira Liga,2025,Rodrigo Rego,20.0,F,Portugal,173.0,,3,1,112.0,0.0,0.0,0.0,0.0,0,0,0,0.0,0,0.0,1.607142857142857,0.0,0.0,0.0,0.0,0.0,28.92857142857143,1.607142857142857,2.4107142857142856,0.0,0.0,2.4107142857142856,25.71428571428571,11.25,9.642857142857142,7.232142857142858,3.214285714285714,1.607142857142857,4.017857142857143,0.0,0.0,0.0,12.194444444444445,0.0,43.75,75.0,6.692857142857143
portugal,Primeira Liga,2025,Rodrigo Ribeiro,20.0,F,Portugal,185.0,72.0,0,0,0.0,0.0,0.0,0.0,0.0,0,0,0,0.0,0,,,,,,,,,,,,,,,,,,,,,,,,,,,,
portugal,Primeira Liga,2025,Rodrigo Ribeiro,19.0,M,Portugal,175.0,,0,0,0.0,0.0,0.0,0.0,0.0,0,0,0,0.0,0,,,,,,,,,,,,,,,,,,,,,,,,,,,,
portugal,Primeira Liga,2025,Rodrigo Rodrigues,18.0,M,Portugal,175.0,,4,0,47.0,0.0,0.0,0.0,0.0,0,0,2,0.0,0,0.0,1.9148936170212765,1.9148936170212765,0.0,0.0,0.0,0.0,21.06382978723404,0.0,1.9148936170212765,0.0,1.9148936170212765,3.829787234042553,21.06382978723404,9.574468085106384,3.829787234042553,0.0,0.0,5.744680851063829,5.744680851063829,3.829787234042553,0.0,0.0,2.909090909090909,100.0,45.45454545454545,0.0,6.621739130434783
portugal,Primeira Liga,2025,Rodrigo Silva,21.0,F,Portugal,181.0,74.0,1,0,10.0,0.0,0.0,0.0,0.0,0,0,0,0.0,0,0.0,0.0,0.0,0.0,0.0,0.0,0.0,27.0,0.0,0.0,0.0,0.0,0.0,0.0,0.0,0.0,0.0,0.0,0.0,0.0,0.0,0.0,0.0,3.0,,,,6.3
portugal,Primeira Liga,2025,Rodrigo Zalazar,26.0,F,Uruguay,178.0,72.0,28,22,1944.0,16.0,5.0,0.0,0.0,10,0,6,0.0,0,0.3703703703703704,2.314814814814815,1.25,0.7407407407407408,0.23148148148148148,0.9722222222222222,0.2777777777777778,46.2962962962963,1.712962962962963,0.9722222222222222,0.0,0.23148148148148148,1.2037037037037037,15.185185185185187,7.12962962962963,4.953703703703703,2.2685185185185186,0.7407407407407408,2.2685185185185186,0.7870370370370371,0.2777777777777778,0.0,0.0,34.717,54.0,46.95121951219512,45.794392523364486,7.461574074074075
portugal,Primeira Liga,2025,Roger Fernandes,20.0,M,Portugal,166.0,65.0,4,4,327.0,1.0,1.0,1.0,0.0,0,0,1,0.0,0,0.5504587155963303,3.027522935779816,2.2018348623853212,0.27522935779816515,0.27522935779816515,0.5504587155963303,0.27522935779816515,42.38532110091743,0.8256880733944955,1.1009174311926606,0.0,0.0,1.1009174311926606,8.807339449541285,4.678899082568807,3.302752293577982,1.651376146788991,0.27522935779816515,0.8256880733944955,0.8256880733944955,0.27522935779816515,0.0,0.0,32.116883116883116,72.72727272727273,53.125,50.0,7.392660550458716
portugal,Primeira Liga,2025,Romeo Beney,20.0,F,Switzerland,187.0,76.0,14,0,226.0,0.0,0.0,0.0,0.0,0,0,1,0.0,0,0.0,2.3893805309734515,1.991150442477876,0.0,0.0,0.0,0.0,30.66371681415929,1.592920353982301,1.991150442477876,0.0,0.39823008849557523,2.3893805309734515,23.097345132743364,7.56637168141593,9.15929203539823,3.584070796460177,1.1946902654867257,1.592920353982301,4.778761061946903,0.39823008849557523,0.0,0.0,5.116883116883117,83.33333333333334,32.758620689655174,39.130434782608695,6.546017699115045
portugal,Primeira Liga,2025,Romualdas Jansonas,20.0,F,Lithuania,,,2,0,46.0,0.0,0.0,0.0,0.0,0,0,0,0.0,0,0.0,1.9565217391304348,0.0,0.0,0.0,0.0,0.0,17.608695652173914,0.0,0.0,0.0,0.0,0.0,15.652173913043478,5.869565217391304,0.0,0.0,0.0,1.9565217391304348,1.9565217391304348,0.0,0.0,0.0,3.0,0.0,37.5,,6.452173913043478
portugal,Primeira Liga,2025,Romário Cunha,17.0,G,,,,0,0,0.0,0.0,0.0,0.0,0.0,0,0,0,0.0,0,,,,,,,,,,,,,,,,,,,,,,,,,,,,
portugal,Primeira Liga,2025,Roni,26.0,M,Brazil,174.0,,16,16,1317.0,2.0,0.0,0.0,0.0,0,0,3,0.0,0,0.0,0.6150341685649203,0.2733485193621868,0.1366742596810934,0.0,0.1366742596810934,0.1366742596810934,30.205011389521637,0.6150341685649203,2.1184510250569475,0.2733485193621868,1.571753986332574,3.6902050113895215,7.03872437357631,3.6902050113895215,0.9567198177676537,0.5466970387243736,0.9567198177676537,0.47835990888382685,1.2984054669703873,0.20501138952164008,0.0,0.0,24.91628959276018,44.44444444444444,52.42718446601942,57.14285714285714,6.8876993166287015
portugal,Primeira Liga,2025,Rony Lopes,30.0,F,Portugal,174.0,68.0,16,14,1049.0,4.0,2.0,0.0,0.0,0,0,3,0.0,0,0.0,2.1448999046711155,0.8579599618684461,0.34318398474737843,0.17159199237368922,0.5147759771210677,0.34318398474737843,30.62917063870353,1.2869399428026693,1.6301239275500476,0.08579599618684461,0.0,1.6301239275500476,7.893231649189704,3.603431839847474,1.544327931363203,0.9437559580552907,0.5147759771210677,0.8579599618684461,1.11534795042898,0.25738798856053385,0.0,0.0,21.277310924369747,40.0,45.65217391304348,61.111111111111114,7.129170638703527
portugal,Primeira Liga,2025,Rudi Almeida,20.0,F,,,,2,0,14.0,0.0,0.0,0.0,0.0,0,0,0,0.0,0,0.0,0.0,0.0,0.0,0.0,0.0,0.0,25.71428571428571,0.0,0.0,0.0,0.0,0.0,12.857142857142856,6.428571428571428,6.428571428571428,0.0,0.0,0.0,0.0,0.0,0.0,0.0,2.5,,50.0,0.0,6.700000000000001
portugal,Primeira Liga,2025,Rui Silva,31.0,G,Portugal,191.0,91.0,32,32,2879.0,0.0,0.0,0.0,0.0,0,0,4,0.0,0,0.0,0.0,0.0,0.0,0.0,0.0,0.0,23.633205974296633,0.0,0.0,0.0,0.0,0.0,0.12504341785342132,0.12504341785342132,0.0,0.0,0.0,0.03126085446335533,0.0,0.12504341785342132,0.0,0.0,22.16005291005291,,100.0,,7.122091003820771
portugal,Primeira Liga,2025,Ryan,23.0,D,Brazil,172.0,,4,1,152.0,0.0,0.0,0.0,0.0,0,0,0,0.0,0,0.0,0.0,0.0,0.0,0.0,0.0,0.0,39.078947368421055,1.1842105263157894,1.1842105263157894,0.0,1.776315789473684,2.9605263157894735,4.7368421052631575,1.776315789473684,0.0,0.0,1.1842105263157894,0.5921052631578947,1.1842105263157894,0.0,0.0,0.0,15.257575757575758,,37.5,,6.786842105263157
portugal,Primeira Liga,2025,Ryan Guilherme,23.0,M,Brazil,188.0,80.0,12,3,432.0,0.0,0.0,0.0,0.0,0,0,4,0.0,1,0.0,0.625,0.20833333333333331,0.0,0.0,0.0,0.0,44.791666666666664,1.875,2.9166666666666665,0.41666666666666663,1.4583333333333333,4.375,14.791666666666668,7.916666666666667,3.333333333333333,2.083333333333333,2.5,1.25,1.875,0.8333333333333333,0.0,0.20833333333333331,20.93953488372093,33.33333333333333,53.52112676056338,62.5,6.671990740740741
portugal,Primeira Liga,2025,Rémy Vita,24.0,D,Madagascar,170.0,66.0,4,2,227.0,0.0,0.0,0.0,0.0,0,0,2,0.0,0,0.0,1.1894273127753305,0.0,0.0,0.0,0.0,0.0,37.66519823788546,0.0,1.5859030837004406,0.39647577092511016,0.39647577092511016,1.9823788546255507,8.722466960352424,3.5682819383259914,0.0,0.0,1.1894273127753305,1.1894273127753305,3.1718061674008813,0.7929515418502203,0.0,0.0,21.45263157894737,0.0,40.909090909090914,,6.327753303964758
portugal,Primeira Liga,2025,Rômulo,21.0,D,Brazil,183.0,79.0,1,0,14.0,0.0,0.0,0.0,0.0,0,0,1,0.0,0,0.0,0.0,0.0,0.0,0.0,0.0,0.0,6.428571428571428,0.0,0.0,0.0,0.0,0.0,6.428571428571428,6.428571428571428,0.0,0.0,0.0,6.428571428571428,0.0,6.428571428571428,0.0,0.0,,,100.0,,6.2
portugal,Primeira Liga,2025,Rúben Semedo,31.0,D,Portugal,189.0,84.0,9,9,782.0,0.0,0.0,0.0,0.0,0,0,3,0.0,1,0.0,0.23017902813299235,0.23017902813299235,0.0,0.0,0.0,0.0,44.309462915601024,0.5754475703324808,1.0358056265984654,0.0,0.8056265984654731,1.8414322250639388,8.631713554987213,4.4884910485933505,0.11508951406649617,0.11508951406649617,0.5754475703324808,0.8056265984654731,1.4961636828644502,0.3452685421994885,0.0,0.11508951406649617,41.576623376623374,100.0,52.0,100.0,6.057289002557545
portugal,Primeira Liga,2025,Sabit Abdulai,26.0,M,Ghana,187.0,77.0,17,16,1176.0,0.0,1.0,0.0,0.0,0,0,5,0.0,1,0.0,0.6122448979591837,0.22959183673469385,0.0,0.07653061224489796,0.07653061224489796,0.0,33.673469387755105,0.38265306122448983,1.683673469387755,0.30612244897959184,0.8418367346938775,2.5255102040816326,8.571428571428571,3.826530612244898,1.3775510204081631,0.8418367346938775,1.3775510204081631,0.4591836734693877,1.4540816326530612,0.38265306122448983,0.0,0.07653061224489796,26.336363636363636,37.5,44.642857142857146,61.111111111111114,6.520663265306123
portugal,Primeira Liga,2025,Salvador Blopa,18.0,D,Portugal,185.0,69.0,3,0,47.0,0.0,1.0,0.0,0.0,0,0,2,0.0,0,1.9148936170212765,1.9148936170212765,0.0,0.0,1.9148936170212765,1.9148936170212765,0.0,72.7659574468085,1.9148936170212765,5.744680851063829,0.0,1.9148936170212765,7.659574468085106,17.23404255319149,7.659574468085106,3.829787234042553,1.9148936170212765,3.829787234042553,0.0,3.829787234042553,3.829787234042553,0.0,0.0,27.86842105263158,0.0,44.44444444444444,50.0,5.869565217391305
portugal,Primeira Liga,2025,Samu,29.0,M,Portugal,170.0,66.0,29,24,2038.0,7.0,3.0,0.0,0.0,2,1,4,0.0,0,0.2208047105004907,1.633954857703631,0.8390578999018646,0.30912659470068693,0.1324828263002944,0.4416094210009814,0.2208047105004907,33.38567222767419,1.5456329735034346,2.0755642787046122,0.30912659470068693,0.6182531894013739,2.693817468105986,10.554465161923455,4.548577036310108,1.1040235525024533,0.39744847890088325,0.6624141315014721,1.1481844946025515,1.943081452404318,0.17664376840039253,0.0,0.0,23.86904761904762,51.35135135135135,43.09623430962343,36.0,6.782875368007851
portugal,Primeira Liga,2025,Samu Aghehowa,21.0,F,Spain,193.0,90.0,20,19,1414.0,12.0,1.0,1.0,0.0,5,1,2,0.0,0,0.44554455445544555,2.736916548797737,2.036775106082037,0.7637906647807637,0.06364922206506365,0.8274398868458275,0.44554455445544555,15.403111739745404,0.6364922206506365,0.19094766619519093,0.0,0.19094766619519093,0.38189533239038187,10.12022630834512,4.391796322489392,2.736916548797737,1.2093352192362095,0.44554455445544555,1.7185289957567185,1.1456859971711457,0.1272984441301273,0.0,0.0,10.706611570247935,74.4186046511628,43.39622641509434,44.18604651162791,6.873974540311173
portugal,Primeira Liga,2025,Samuel Dahl,22.0,D,Sweden,174.0,68.0,33,32,2863.0,1.0,1.0,0.0,1.0,0,0,3,0.0,0,0.09430667132378624,0.37722668529514497,0.18861334264757249,0.031435557107928745,0.031435557107928745,0.06287111421585749,0.031435557107928745,50.48550471533357,1.131680055885435,2.7977645826056583,0.18861334264757249,0.7544533705902899,3.5522179531959486,8.613342647572477,4.841075794621027,1.131680055885435,0.5972755850506462,1.0373733845616486,0.8801955990220048,0.7544533705902899,0.09430667132378624,0.0,0.0,45.30199252801992,50.0,56.20437956204379,52.77777777777778,7.058505064617534
portugal,Primeira Liga,2025,Samuel Soares,23.0,G,Portugal,190.0,94.0,2,2,180.0,0.0,0.0,0.0,0.0,0,0,1,0.0,0,0.0,0.0,0.0,0.0,0.0,0.0,0.0,18.5,0.0,0.0,0.0,0.0,0.0,1.0,1.0,0.5,0.5,0.0,0.0,0.0,0.5,0.0,0.0,13.972972972972974,,100.0,100.0,7.6
portugal,Primeira Liga,2025,Sandro Lima,35.0,F,Brazil,186.0,82.0,29,16,1427.0,5.0,2.0,1.0,0.0,0,1,2,0.0,1,0.6306937631394534,1.4505956552207429,0.8199018920812895,0.3153468815697267,0.12613875262789068,0.4414856341976174,0.3153468815697267,20.182200420462507,0.7568325157673441,0.6937631394533987,0.18920812894183603,0.18920812894183603,0.8829712683952348,11.793973370707779,5.108619481429573,0.6937631394533987,0.3153468815697267,0.18920812894183603,1.7659425367904695,1.7028731604765242,0.12613875262789068,0.0,0.06306937631394534,10.153125,56.52173913043478,43.31550802139038,45.45454545454545,6.617168885774352
portugal,Primeira Liga,2025,Sandro Vidigal,18.0,F,Portugal,,,4,0,61.0,0.0,0.0,0.0,0.0,0,0,1,0.0,0,1.4754098360655739,1.4754098360655739,0.0,0.0,0.0,0.0,0.0,17.704918032786885,0.0,1.4754098360655739,0.0,0.0,1.4754098360655739,23.60655737704918,13.278688524590164,5.901639344262295,2.9508196721311477,2.9508196721311477,5.901639344262295,2.9508196721311477,1.4754098360655739,0.0,0.0,5.166666666666667,0.0,56.25,50.0,6.527868852459016
portugal,Primeira Liga,2025,Santi García,24.0,M,Spain,184.0,77.0,33,31,2649.0,6.0,3.0,2.0,0.0,0,0,5,0.0,0,0.06795016987542468,1.4609286523216307,0.6455266138165345,0.20385050962627407,0.10192525481313704,0.3057757644394111,0.20385050962627407,29.08267270668177,1.5968289920724803,1.3590033975084939,0.10192525481313704,0.3737259343148358,1.7327293318233297,14.91506228765572,6.896942242355606,2.6500566251415627,1.3250283125707814,0.883352208380521,2.17440543601359,1.7327293318233297,0.16987542468856173,0.0,0.0,22.67873831775701,44.18604651162791,46.24145785876993,50.0,6.923367308418271
portugal,Primeira Liga,2025,Sebastián Pérez,32.0,M,Colombia,175.0,70.0,29,19,1672.0,0.0,0.0,0.0,1.0,0,0,5,0.0,0,0.053827751196172245,0.26913875598086123,0.053827751196172245,0.0,0.0,0.0,0.0,37.57177033492823,0.5382775119617225,2.2069377990430623,0.3229665071770335,0.9150717703349281,3.1220095693779903,8.181818181818182,4.6830143540669855,0.16148325358851676,0.053827751196172245,0.8074162679425837,1.9916267942583732,1.5610047846889952,0.26913875598086123,0.0,0.0,28.162123385939744,20.0,57.23684210526315,33.33333333333333,6.766746411483253
portugal,Primeira Liga,2025,Seko Fofana,30.0,M,Côte d'Ivoire,183.0,74.0,12,1,295.0,3.0,0.0,1.0,0.0,0,0,1,0.0,0,0.0,1.5254237288135593,0.9152542372881355,0.9152542372881355,0.0,0.9152542372881355,0.9152542372881355,39.96610169491525,0.30508474576271183,2.4406779661016946,0.6101694915254237,0.0,2.4406779661016946,12.813559322033898,7.932203389830509,3.9661016949152543,3.0508474576271185,1.2203389830508473,0.9152542372881355,0.6101694915254237,0.30508474576271183,0.0,0.0,14.358778625954198,60.0,61.904761904761905,76.92307692307693,6.876949152542373
portugal,Primeira Liga,2025,Semeu Commey,21.0,D,Ghana,190.0,80.0,0,0,0.0,0.0,0.0,0.0,0.0,0,0,0,0.0,0,,,,,,,,,,,,,,,,,,,,,,,,,,,,
portugal,Primeira Liga,2025,Sergi Gómez,33.0,D,Spain,185.0,80.0,29,28,2484.0,0.0,0.0,0.0,1.0,0,0,1,0.0,0,0.0,0.07246376811594203,0.036231884057971016,0.0,0.0,0.0,0.0,36.268115942028984,0.10869565217391304,1.0507246376811594,0.47101449275362317,0.7608695652173912,1.8115942028985506,3.5144927536231885,2.101449275362319,0.0,0.0,0.10869565217391304,0.18115942028985504,0.5072463768115942,0.036231884057971016,0.0,0.0,35.506493506493506,50.0,59.79381443298969,,6.557890499194847
portugal,Primeira Liga,2025,Serginho,26.0,M,Portugal,181.0,77.0,32,31,2581.0,4.0,3.0,1.0,0.0,4,0,9,0.0,0,0.10461061604029447,0.8368849283223557,0.3487020534676482,0.13948082138705928,0.10461061604029447,0.24409143742735373,0.0,38.60131731886866,1.5342890352576521,1.9876017047655947,0.10461061604029447,0.592793490895002,2.580395195660597,9.589306470360325,4.951569159240604,1.2901975978302984,0.6625339015885315,0.6625339015885315,1.5691592406044168,1.6737698566447115,0.3138318481208834,0.0,0.0,32.9873532068654,41.66666666666667,51.63636363636363,51.35135135135135,6.9337078651685395
portugal,Primeira Liga,2025,Sergio Bermejo,28.0,F,Spain,170.0,68.0,16,4,408.0,0.0,0.0,0.0,0.0,0,0,0,0.0,0,0.0,1.3235294117647058,0.4411764705882353,0.0,0.0,0.0,0.0,23.38235294117647,0.4411764705882353,0.6617647058823529,0.22058823529411764,0.22058823529411764,0.8823529411764706,11.25,4.411764705882353,2.6470588235294117,1.1029411764705883,0.8823529411764706,1.9852941176470589,3.088235294117647,0.0,0.0,0.0,7.481132075471698,33.33333333333333,39.21568627450981,41.66666666666667,6.578217821782178
portugal,Primeira Liga,2025,Sidi Bane,21.0,D,Senegal,184.0,71.0,9,6,588.0,1.0,0.0,0.0,4.0,0,0,1,0.0,0,0.0,0.7653061224489797,0.30612244897959184,0.15306122448979592,0.0,0.15306122448979592,0.15306122448979592,35.357142857142854,0.30612244897959184,0.9183673469387754,0.4591836734693877,0.30612244897959184,1.2244897959183674,7.040816326530613,4.285714285714286,0.6122448979591837,0.4591836734693877,0.15306122448979592,1.2244897959183674,1.989795918367347,0.15306122448979592,0.0,0.0,31.22077922077922,40.0,60.86956521739131,75.0,6.504761904761905
portugal,Primeira Liga,2025,Sidney Lima,28.0,D,Brazil,182.0,76.0,33,33,2933.0,1.0,0.0,0.0,2.0,0,0,9,0.0,1,0.030685305148312306,0.39890896692806,0.09205591544493692,0.030685305148312306,0.0,0.030685305148312306,0.030685305148312306,45.629048755540396,0.4602795772246846,1.0126150698943062,0.79781793385612,1.1046709853392431,2.1172860552335493,6.689396522332084,3.5901807023525403,0.21479713603818618,0.09205591544493692,0.2761677463348108,0.79781793385612,0.9512444595976816,0.2761677463348108,0.0,0.030685305148312306,45.5359784801614,23.076923076923077,53.669724770642205,42.857142857142854,6.815785884759632
portugal,Primeira Liga,2025,Sidny Lopes Cabral,23.0,D,Netherlands,170.0,,23,18,1680.0,6.0,5.0,3.0,0.0,3,0,4,0.0,0,0.10714285714285715,1.7142857142857144,0.8035714285714285,0.3214285714285714,0.26785714285714285,0.5892857142857143,0.1607142857142857,25.660714285714285,2.0892857142857144,1.2321428571428572,0.1607142857142857,0.5892857142857143,1.8214285714285716,10.553571428571429,4.607142857142857,3.375,1.1785714285714286,0.5892857142857143,1.8214285714285716,1.607142857142857,0.2142857142857143,0.0,0.0,22.02087682672234,46.875,43.65482233502538,34.92063492063492,7.317321428571429
portugal,Primeira Liga,2025,Sikou Niakaté,26.0,D,Mali,186.0,76.0,11,11,939.0,0.0,0.0,1.0,0.0,0,0,2,0.0,0,0.09584664536741215,0.8626198083067093,0.09584664536741215,0.0,0.0,0.0,0.0,70.54313099041534,0.4792332268370607,0.9584664536741214,0.4792332268370607,0.670926517571885,1.6293929712460065,8.53035143769968,5.654952076677317,0.670926517571885,0.670926517571885,0.2875399361022364,0.3833865814696486,0.9584664536741214,0.1916932907348243,0.0,0.0,67.61548913043478,11.11111111111111,66.29213483146067,100.0,6.909584664536742
portugal,Primeira Liga,2025,Simon Elisor,26.0,F,France,186.0,75.0,33,24,2053.0,1.0,2.0,0.0,0.0,0,0,3,0.0,0,0.35070628348757915,1.6220165611300534,0.7890891378470531,0.043838285435947394,0.08767657087189479,0.13151485630784218,0.043838285435947394,13.589868485143692,1.00828056502679,0.5260594252313687,0.08767657087189479,0.043838285435947394,0.5698977106673161,10.915733073550902,4.3399902581587915,1.3589868485143692,0.4822211397954213,0.17535314174378958,1.9288845591816852,1.446663419386264,0.13151485630784218,0.0,0.0,9.651612903225807,48.64864864864865,39.75903614457831,35.483870967741936,6.622942036044813
portugal,Primeira Liga,2025,Simão,32.0,G,Brazil,187.0,86.0,12,12,1073.0,0.0,0.0,0.0,0.0,0,0,2,0.0,0,0.0,0.0,0.0,0.0,0.0,0.0,0.0,30.698974836905872,0.08387698042870456,0.0,0.0,0.0,0.0,0.2516309412861137,0.2516309412861137,0.0,0.0,0.0,0.16775396085740912,0.0,0.16775396085740912,0.0,0.0,19.97814207650273,,100.0,,6.562534948741845
portugal,Primeira Liga,2025,Simão Pedro,19.0,F,,,,0,0,0.0,0.0,0.0,0.0,0.0,0,0,0,0.0,0,,,,,,,,,,,,,,,,,,,,,,,,,,,,
portugal,Primeira Liga,2025,Sorriso,24.0,M,Brazil,176.0,72.0,33,33,2799.0,5.0,4.0,0.0,0.0,0,0,7,0.0,0,0.06430868167202572,1.2540192926045017,0.6430868167202572,0.1607717041800643,0.12861736334405144,0.28938906752411575,0.1607717041800643,26.237942122186496,1.3183279742765273,1.4790996784565917,0.06430868167202572,0.6430868167202572,2.122186495176849,12.411575562700964,6.334405144694534,2.090032154340836,0.5787781350482315,0.5787781350482315,2.8617363344051445,1.0932475884244373,0.22508038585209003,0.0,0.0,21.337009803921568,51.28205128205128,51.03626943005182,27.692307692307693,6.883065380493034
portugal,Primeira Liga,2025,Souleymane Faye,22.0,F,Senegal,179.0,70.0,5,0,95.0,0.0,0.0,0.0,0.0,0,0,0,0.0,0,0.0,2.8421052631578947,0.9473684210526315,0.0,0.0,0.0,0.0,29.36842105263158,0.9473684210526315,2.8421052631578947,0.0,0.0,2.8421052631578947,16.105263157894736,6.63157894736842,2.8421052631578947,0.0,2.8421052631578947,2.8421052631578947,0.9473684210526315,0.0,0.0,0.0,6.741935483870968,33.33333333333333,41.17647058823529,0.0,6.407368421052632
portugal,Primeira Liga,2025,Sphephelo Sithole,26.0,M,South Africa,188.0,79.0,26,16,1560.0,1.0,0.0,0.0,0.0,0,0,6,0.0,0,0.0,0.23076923076923078,0.11538461538461539,0.057692307692307696,0.0,0.057692307692307696,0.057692307692307696,38.59615384615385,0.28846153846153844,1.9615384615384615,0.34615384615384615,0.46153846153846156,2.4230769230769234,9.519230769230768,4.096153846153846,0.75,0.23076923076923078,0.75,0.5192307692307693,2.076923076923077,0.34615384615384615,0.0,0.0,25.36322869955157,50.0,43.03030303030303,30.76923076923077,6.665384615384616
portugal,Primeira Liga,2025,Stefan Leković,21.0,D,Serbia,192.0,83.0,9,9,783.0,2.0,0.0,0.0,0.0,0,0,3,0.0,1,0.1149425287356322,0.689655172413793,0.3448275862068965,0.2298850574712644,0.0,0.2298850574712644,0.2298850574712644,45.17241379310345,0.3448275862068965,1.8390804597701151,0.9195402298850576,1.8390804597701151,3.6781609195402303,6.666666666666666,4.3678160919540225,0.3448275862068965,0.1149425287356322,0.3448275862068965,0.574712643678161,0.9195402298850576,0.3448275862068965,0.0,0.1149425287356322,43.39440203562341,50.0,65.51724137931035,33.33333333333333,7.015964240102171
portugal,Primeira Liga,2025,Stephen Eustaquio,29.0,M,Canada,177.0,70.0,8,0,184.0,0.0,0.0,0.0,0.0,0,0,0,0.0,0,0.0,0.9782608695652174,0.4891304347826087,0.0,0.0,0.0,0.0,57.22826086956522,0.9782608695652174,2.934782608695652,0.4891304347826087,0.0,2.934782608695652,13.206521739130435,6.358695652173912,2.4456521739130435,0.4891304347826087,0.0,0.9782608695652174,1.9565217391304348,0.0,0.0,0.0,16.555555555555557,50.0,48.148148148148145,20.0,6.647826086956522
portugal,Primeira Liga,2025,Steven Baseya,20.0,D,France,190.0,74.0,12,5,520.0,0.0,0.0,0.0,0.0,0,0,1,0.0,0,0.0,0.34615384615384615,0.0,0.0,0.0,0.0,0.0,54.0,0.0,0.5192307692307693,0.6923076923076923,0.34615384615384615,0.8653846153846154,5.1923076923076925,3.634615384615385,0.5192307692307693,0.5192307692307693,0.17307692307692307,0.8653846153846154,0.5192307692307693,0.17307692307692307,0.0,0.0,42.50320512820513,0.0,70.0,100.0,6.9414258188824665
portugal,Primeira Liga,2025,Stopira,37.0,D,Cape Verde,180.0,76.0,2,2,180.0,0.0,0.0,0.0,0.0,0,0,0,0.0,0,0.5,1.0,0.0,0.0,0.0,0.0,0.0,40.5,0.0,1.5,0.5,1.0,2.5,14.0,9.0,0.5,0.5,0.5,1.0,1.5,0.0,0.0,0.0,35.0,0.0,64.28571428571429,100.0,6.85
portugal,Primeira Liga,2025,Stéphane Diarra,27.0,F,Côte d'Ivoire,173.0,58.0,2,0,30.0,0.0,0.0,0.0,0.0,0,0,0,0.0,0,0.0,0.0,0.0,0.0,0.0,0.0,0.0,42.0,3.0,0.0,0.0,0.0,0.0,24.0,9.0,6.0,3.0,0.0,3.0,0.0,0.0,0.0,0.0,8.0,,37.5,50.0,6.486666666666666
portugal,Primeira Liga,2025,Sydney van Hooijdonk,25.0,F,Netherlands,190.0,81.0,10,3,356.0,1.0,1.0,0.0,0.0,1,0,2,0.0,0,0.5056179775280899,1.5168539325842696,1.0112359550561798,0.25280898876404495,0.25280898876404495,0.5056179775280899,0.0,12.134831460674157,1.0112359550561798,0.25280898876404495,0.0,0.0,0.25280898876404495,10.870786516853933,5.056179775280898,0.7584269662921348,0.0,0.25280898876404495,1.0112359550561798,2.528089887640449,0.5056179775280899,0.0,0.0,4.729166666666667,66.66666666666666,46.51162790697674,0.0,6.516573033707865
portugal,Primeira Liga,2025,Taichi Fukui,21.0,M,Japan,172.0,67.0,33,29,2548.0,4.0,3.0,0.0,0.0,0,0,2,0.0,1,0.0,0.8124018838304553,0.282574568288854,0.141287284144427,0.10596546310832024,0.24725274725274726,0.141287284144427,44.22291993720565,0.706436420722135,1.8720565149136579,0.24725274725274726,0.989010989010989,2.8610675039246467,7.947409733124019,4.379905808477237,1.0596546310832027,0.6004709576138147,1.1656200941915227,1.41287284144427,0.6711145996860283,0.0706436420722135,0.0,0.03532182103610675,40.7448,34.78260869565217,55.111111111111114,56.666666666666664,6.980886970172684
portugal,Primeira Liga,2025,Talisca,22.0,D,Brazil,188.0,80.0,0,0,0.0,0.0,0.0,0.0,0.0,0,0,0,0.0,0,,,,,,,,,,,,,,,,,,,,,,,,,,,,
portugal,Primeira Liga,2025,Tamblé Monteiro,25.0,F,Portugal,191.0,80.0,13,7,676.0,0.0,1.0,0.0,0.0,0,0,2,0.0,0,0.2662721893491124,1.8639053254437872,0.9319526627218936,0.0,0.1331360946745562,0.1331360946745562,0.0,20.76923076923077,0.665680473372781,0.5325443786982248,0.2662721893491124,0.1331360946745562,0.665680473372781,14.112426035502958,7.189349112426036,1.5976331360946745,0.9319526627218936,0.2662721893491124,2.662721893491124,1.331360946745562,0.2662721893491124,0.0,0.0,11.384615384615385,50.0,50.943396226415096,58.333333333333336,6.618639053254437
portugal,Primeira Liga,2025,Tamás Nikitscher,26.0,M,Hungary,193.0,82.0,27,15,1412.0,1.0,1.0,0.0,0.0,0,0,6,0.0,1,0.06373937677053824,0.4461756373937677,0.1274787535410765,0.06373937677053824,0.06373937677053824,0.1274787535410765,0.06373937677053824,37.73371104815864,0.31869688385269124,2.6133144475920678,0.4461756373937677,2.039660056657224,4.652974504249292,11.090651558073654,6.118980169971672,0.8286118980169971,0.3824362606232295,1.019830028328612,1.274787535410765,2.103399433427762,0.3824362606232295,0.0,0.06373937677053824,28.403716216216218,28.57142857142857,55.172413793103445,46.15384615384615,6.841218130311614
portugal,Primeira Liga,2025,Telmo Arcanjo,24.0,M,Cape Verde,180.0,77.0,29,12,1258.0,1.0,0.0,0.0,1.0,0,0,2,0.0,1,0.0,1.3593004769475359,0.643879173290938,0.07154213036565978,0.0,0.07154213036565978,0.07154213036565978,27.90143084260731,2.0031796502384736,1.3593004769475359,0.0,0.7154213036565977,2.0747217806041336,10.230524642289348,5.9379968203497615,2.503974562798092,1.3593004769475359,0.35771065182829886,2.503974562798092,1.1446740858505564,0.14308426073131955,0.0,0.07154213036565978,13.792307692307693,47.368421052631575,58.04195804195804,54.285714285714285,6.850953895071542
portugal,Primeira Liga,2025,Terem Moffi,26.0,F,Nigeria,188.0,87.0,9,1,250.0,1.0,1.0,0.0,0.0,0,0,2,0.0,0,0.72,1.44,1.08,0.36,0.36,0.72,0.36,10.08,1.8,0.72,0.0,0.0,0.72,8.28,2.16,0.0,0.0,0.0,0.0,2.16,0.72,0.0,0.0,2.259259259259259,75.0,26.08695652173913,,6.474399999999999
portugal,Primeira Liga,2025,Theofanis Bakoulas,20.0,M,Greece,180.0,72.0,3,2,167.0,0.0,0.0,0.0,0.0,0,0,0,0.0,0,0.0,0.0,0.0,0.0,0.0,0.0,0.0,31.796407185628745,1.0778443113772456,2.155688622754491,0.5389221556886228,0.0,2.155688622754491,12.934131736526945,5.389221556886228,1.0778443113772456,0.5389221556886228,0.0,1.6167664670658681,3.772455089820359,0.0,0.0,0.0,27.983050847457626,,41.66666666666667,50.0,6.7155688622754495
portugal,Primeira Liga,2025,Thiago Balieiro,22.0,D,Brazil,185.0,75.0,13,13,1175.0,1.0,0.0,0.0,0.0,0,0,5,0.0,0,0.0,0.6893617021276596,0.30638297872340425,0.07659574468085106,0.0,0.07659574468085106,0.07659574468085106,52.69787234042553,0.15319148936170213,2.1446808510638298,0.6893617021276596,1.1489361702127658,3.293617021276596,10.570212765957447,5.361702127659575,0.30638297872340425,0.07659574468085106,0.6893617021276596,0.30638297872340425,1.5319148936170213,0.3829787234042553,0.0,0.0,47.69476744186046,44.44444444444444,50.72463768115942,25.0,6.601276595744681
portugal,Primeira Liga,2025,Thiago Silva,41.0,D,Brazil,183.0,79.0,8,6,576.0,0.0,0.0,0.0,0.0,0,0,0,0.0,0,0.15625,0.46875,0.3125,0.0,0.0,0.0,0.0,80.625,0.3125,0.625,0.3125,0.9375,1.5625,4.84375,3.75,0.15625,0.15625,0.15625,0.625,0.3125,0.0,0.0,0.0,70.0251937984496,66.66666666666666,77.41935483870968,100.0,7.246354166666666
portugal,Primeira Liga,2025,Tiago Brito,21.0,M,Portugal,190.0,81.0,4,0,73.0,0.0,0.0,0.0,0.0,0,0,1,0.0,0,0.0,0.0,0.0,0.0,0.0,0.0,0.0,77.67123287671232,1.2328767123287672,8.63013698630137,0.0,1.2328767123287672,9.863013698630137,28.35616438356164,14.794520547945204,0.0,0.0,1.2328767123287672,1.2328767123287672,3.698630136986301,1.2328767123287672,0.0,0.0,14.603174603174603,,52.17391304347826,,6.576712328767123
portugal,Primeira Liga,2025,Tiago Duarte,21.0,F,,,,1,0,15.0,0.0,0.0,0.0,0.0,0,0,0,0.0,0,0.0,0.0,0.0,0.0,0.0,0.0,0.0,66.0,6.0,0.0,0.0,0.0,0.0,12.0,6.0,0.0,0.0,6.0,0.0,0.0,0.0,0.0,0.0,9.0,,50.0,,6.6
portugal,Primeira Liga,2025,Tiago Esgaio,30.0,D,Portugal,175.0,68.0,29,27,2466.0,3.0,5.0,0.0,0.0,0,0,10,0.0,0,0.14598540145985403,0.5474452554744526,0.14598540145985403,0.10948905109489052,0.18248175182481752,0.29197080291970806,0.10948905109489052,37.81021897810219,0.9854014598540146,1.2408759124087592,0.6204379562043796,1.021897810218978,2.2627737226277373,8.905109489051094,5.145985401459854,0.18248175182481752,0.14598540145985403,0.4744525547445255,0.8394160583941606,1.4598540145985401,0.36496350364963503,0.0,0.0,28.131274131274132,26.666666666666668,57.786885245901644,80.0,6.76066504460665
portugal,Primeira Liga,2025,Tiago Freitas,23.0,M,Thailand,186.0,73.0,0,0,0.0,0.0,0.0,0.0,0.0,0,0,0,0.0,0,,,,,,,,,,,,,,,,,,,,,,,,,,,,
portugal,Primeira Liga,2025,Tiago Galletto,23.0,M,Uruguay,181.0,78.0,16,3,574.0,0.0,0.0,0.0,0.0,0,0,3,0.0,0,0.313588850174216,0.313588850174216,0.0,0.0,0.0,0.0,0.0,22.73519163763066,0.313588850174216,3.292682926829268,0.156794425087108,0.47038327526132406,3.7630662020905925,12.073170731707318,7.05574912891986,0.0,0.0,0.627177700348432,2.1951219512195124,1.411149825783972,0.47038327526132406,0.0,0.0,18.524475524475523,0.0,58.44155844155844,,6.637456445993031
portugal,Primeira Liga,2025,Tiago Gouveia,24.0,F,Portugal,176.0,70.0,1,0,1.0,0.0,0.0,0.0,0.0,0,0,0,0.0,0,0.0,0.0,0.0,0.0,0.0,0.0,0.0,90.0,0.0,0.0,0.0,0.0,0.0,0.0,0.0,0.0,0.0,0.0,0.0,0.0,0.0,0.0,0.0,,,,,
portugal,Primeira Liga,2025,Tiago Leite,25.0,F,Portugal,185.0,74.0,9,0,133.0,0.0,0.0,0.0,0.0,0,0,0,0.0,0,0.0,5.413533834586466,2.706766917293233,0.0,0.0,0.0,0.0,24.360902255639097,0.6766917293233082,0.6766917293233082,0.0,0.6766917293233082,1.3533834586466165,15.56390977443609,5.413533834586466,0.6766917293233082,0.0,0.0,0.6766917293233082,2.0300751879699246,0.0,0.0,0.0,2.9444444444444446,50.0,34.78260869565217,0.0,6.342105263157895
portugal,Primeira Liga,2025,Tiago Manso,26.0,D,Portugal,174.0,66.0,28,17,1557.0,1.0,1.0,3.0,1.0,1,1,7,0.0,0,0.057803468208092484,0.8092485549132947,0.40462427745664736,0.057803468208092484,0.057803468208092484,0.11560693641618497,0.0,30.404624277456644,0.5202312138728323,2.5433526011560694,0.3468208092485549,1.0404624277456647,3.583815028901734,10.520231213872833,4.971098265895954,1.2716763005780347,0.6936416184971098,1.7341040462427744,1.1560693641618496,1.8497109826589595,0.40462427745664736,0.0,0.0,21.85361216730038,50.0,47.25274725274725,54.54545454545454,6.77931920359666
portugal,Primeira Liga,2025,Tiago Morais,22.0,F,Portugal,168.0,63.0,19,7,682.0,0.0,0.0,0.0,0.0,0,0,2,0.0,0,0.6598240469208212,0.9237536656891495,0.5278592375366569,0.0,0.0,0.0,0.0,23.225806451612904,0.6598240469208212,1.3196480938416424,0.13196480938416422,0.26392961876832843,1.5835777126099708,10.29325513196481,4.090909090909091,2.2434017595307916,0.9237536656891495,1.0557184750733137,1.5835777126099708,1.5835777126099708,0.26392961876832843,0.0,0.0,8.431818181818182,57.14285714285714,39.743589743589745,41.17647058823529,6.556828193832599
portugal,Primeira Liga,2025,Tiago Parente,21.0,D,Portugal,180.0,70.0,14,4,486.0,1.0,0.0,1.0,0.0,0,0,3,0.0,0,0.1851851851851852,0.5555555555555556,0.1851851851851852,0.1851851851851852,0.0,0.1851851851851852,0.1851851851851852,27.59259259259259,0.3703703703703704,2.2222222222222223,0.1851851851851852,1.1111111111111112,3.333333333333333,10.74074074074074,5.0,1.6666666666666665,0.9259259259259259,1.1111111111111112,0.7407407407407408,2.4074074074074074,0.5555555555555556,0.0,0.0,12.295302013422818,33.33333333333333,46.55172413793103,55.55555555555556,6.8695473251028805
portugal,Primeira Liga,2025,Tiago Queiroz,20.0,M,,,,0,0,0.0,0.0,0.0,0.0,0.0,0,0,0,0.0,0,,,,,,,,,,,,,,,,,,,,,,,,,,,,
portugal,Primeira Liga,2025,Tiago Silva,17.0,M,,,,1,0,22.0,0.0,0.0,0.0,0.0,0,0,0,0.0,0,0.0,0.0,0.0,0.0,0.0,0.0,0.0,114.54545454545455,8.181818181818182,4.090909090909091,0.0,0.0,4.090909090909091,4.090909090909091,4.090909090909091,0.0,0.0,0.0,0.0,0.0,0.0,0.0,0.0,26.0,,100.0,,6.6
portugal,Primeira Liga,2025,Tiago Silva,32.0,M,Portugal,172.0,62.0,4,3,287.0,1.0,0.0,1.0,0.0,1,0,3,0.0,0,0.0,1.5679442508710801,0.627177700348432,0.313588850174216,0.0,0.313588850174216,0.0,62.09059233449477,2.822299651567944,0.9407665505226481,0.0,0.627177700348432,1.5679442508710801,7.526132404181185,3.1358885017421603,0.313588850174216,0.0,0.627177700348432,1.8815331010452963,2.822299651567944,0.9407665505226481,0.0,0.0,46.292929292929294,40.0,41.66666666666667,0.0,7.2
portugal,Primeira Liga,2025,Tiago Sá,30.0,G,Portugal,186.0,82.0,1,1,90.0,0.0,0.0,0.0,0.0,0,0,0,0.0,0,0.0,0.0,0.0,0.0,0.0,0.0,0.0,46.0,0.0,0.0,0.0,0.0,0.0,1.0,1.0,0.0,0.0,0.0,0.0,0.0,0.0,0.0,0.0,41.0,,100.0,,6.5
portugal,Primeira Liga,2025,Tidjany Touré,23.0,F,France,181.0,75.0,11,6,521.0,0.0,0.0,0.0,0.0,0,0,0,0.0,0,0.1727447216890595,2.0729366602687143,1.0364683301343571,0.0,0.0,0.0,0.0,23.838771593090215,0.8637236084452974,1.5547024952015356,0.0,0.0,1.5547024952015356,13.30134357005758,6.909788867562379,3.800383877159309,2.0729366602687143,0.5182341650671786,2.5911708253358925,1.2092130518234165,0.0,0.0,0.0,14.094202898550725,50.0,51.94805194805194,54.54545454545454,6.707101727447217
portugal,Primeira Liga,2025,Tobias Medina,21.0,M,Argentina,170.0,68.0,1,0,11.0,0.0,0.0,0.0,0.0,0,0,0,0.0,0,0.0,0.0,0.0,0.0,0.0,0.0,0.0,49.090909090909086,0.0,8.181818181818182,0.0,0.0,8.181818181818182,32.72727272727273,24.545454545454543,0.0,0.0,8.181818181818182,16.363636363636363,0.0,0.0,0.0,0.0,4.0,,75.0,,6.9
portugal,Primeira Liga,2025,Tom Moustier,23.0,M,France,185.0,,10,2,248.0,0.0,0.0,0.0,0.0,0,0,0,0.0,0,0.7258064516129032,1.0887096774193548,0.3629032258064516,0.0,0.0,0.0,0.0,20.32258064516129,1.814516129032258,2.1774193548387095,0.3629032258064516,0.0,2.1774193548387095,10.524193548387096,3.629032258064516,0.7258064516129032,0.0,0.7258064516129032,1.0887096774193548,1.814516129032258,0.0,0.0,0.0,5.589285714285714,33.33333333333333,34.48275862068966,0.0,6.488663967611336
portugal,Primeira Liga,2025,Tom Van De Looi,26.0,M,Netherlands,186.0,80.0,32,31,2753.0,0.0,0.0,0.0,0.0,0,0,9,0.0,0,0.0,0.5557573556120596,0.13076643661460224,0.0,0.0,0.0,0.0,45.31057028695968,0.42499091899745733,1.8961133309117328,0.16345804576825282,0.6538321830730113,2.5499455139847442,7.944061024337087,4.282600799128224,0.06538321830730112,0.06538321830730112,0.6211405739193607,0.7845986196876136,1.4711224119142752,0.2942244823828551,0.0,0.0,40.85281385281385,23.52941176470588,53.90946502057613,100.0,6.989175444969125
portugal,Primeira Liga,2025,Tomané,33.0,F,Portugal,186.0,82.0,29,24,2024.0,4.0,1.0,0.0,0.0,0,0,5,0.0,0,0.44466403162055335,0.9782608695652174,0.44466403162055335,0.17786561264822134,0.044466403162055336,0.22233201581027667,0.17786561264822134,20.365612648221344,0.8448616600790514,0.40019762845849804,0.22233201581027667,0.266798418972332,0.66699604743083,19.698616600790515,9.560276679841897,1.1561264822134387,0.3557312252964427,0.3557312252964427,2.66798418972332,1.3784584980237153,0.22233201581027667,0.0,0.0,10.792122538293217,45.45454545454545,48.53273137697517,30.76923076923077,6.872826086956522
portugal,Primeira Liga,2025,Tomás Araújo,23.0,D,Portugal,187.0,81.0,23,19,1685.0,1.0,2.0,0.0,0.0,0,0,4,0.0,0,0.0,0.6943620178041543,0.21364985163204747,0.05341246290801187,0.10682492581602374,0.1602373887240356,0.05341246290801187,62.06528189910979,0.6409495548961424,1.7091988130563798,0.6409495548961424,1.1750741839762613,2.884272997032641,5.982195845697329,3.4183976261127595,0.3204747774480712,0.1602373887240356,0.4807121661721068,0.05341246290801187,0.4807121661721068,0.21364985163204747,0.0,0.0,54.68760757314974,30.76923076923077,57.14285714285714,50.0,7.12624703087886
portugal,Primeira Liga,2025,Tomás Händel,25.0,M,Portugal,180.0,73.0,3,3,270.0,0.0,1.0,0.0,0.0,0,0,0,0.0,0,0.0,0.6666666666666667,0.0,0.0,0.33333333333333337,0.33333333333333337,0.0,35.66666666666667,0.6666666666666667,2.0,0.33333333333333337,1.6666666666666665,3.666666666666667,6.333333333333334,3.333333333333333,0.0,0.0,0.6666666666666667,1.3333333333333335,1.0,0.0,0.0,0.0,30.037383177570092,0.0,52.63157894736842,,6.666666666666667
portugal,Primeira Liga,2025,Tomás Mendes,21.0,M,Spain,179.0,,5,3,312.0,0.0,1.0,0.0,0.0,0,0,1,0.0,0,0.0,0.28846153846153844,0.0,0.0,0.28846153846153844,0.28846153846153844,0.0,30.0,0.28846153846153844,1.7307692307692308,0.28846153846153844,0.5769230769230769,2.3076923076923075,6.634615384615385,4.615384615384615,0.28846153846153844,0.0,0.0,0.8653846153846154,1.1538461538461537,0.28846153846153844,0.0,0.0,15.596153846153847,0.0,69.56521739130434,0.0,6.575961538461538
portugal,Primeira Liga,2025,Toni Borevković,28.0,D,Croatia,193.0,86.0,1,1,90.0,0.0,0.0,0.0,0.0,0,0,0,0.0,0,1.0,0.0,0.0,0.0,0.0,0.0,0.0,51.0,1.0,0.0,1.0,0.0,0.0,2.0,2.0,0.0,0.0,0.0,1.0,0.0,0.0,0.0,0.0,43.0,,100.0,,5.9
portugal,Primeira Liga,2025,Tony Strata,21.0,D,France,177.0,68.0,21,14,1411.0,1.0,1.0,0.0,0.0,0,0,3,0.0,0,0.0,0.44649184975194894,0.2551381998582566,0.06378454996456415,0.06378454996456415,0.1275690999291283,0.06378454996456415,40.18426647767541,0.9567682494684621,1.9135364989369241,0.1913536498936924,1.4670446491849751,3.3805811481218995,9.69525159461375,5.102763997165131,1.5308291991495393,0.8291991495393338,0.44649184975194894,1.6583982990786676,1.6583982990786676,0.1913536498936924,0.0,0.0,32.282539682539685,57.14285714285714,52.63157894736842,54.166666666666664,6.576187101346563
portugal,Primeira Liga,2025,Ulisses,26.0,D,Brazil,183.0,80.0,5,3,224.0,0.0,0.0,0.0,0.0,0,0,4,0.0,1,0.0,0.40178571428571425,0.40178571428571425,0.0,0.0,0.0,0.0,45.401785714285715,0.0,1.2053571428571428,0.8035714285714285,2.8125,4.017857142857143,10.446428571428571,4.821428571428571,0.40178571428571425,0.40178571428571425,0.8035714285714285,0.8035714285714285,3.616071428571429,1.607142857142857,0.0,0.40178571428571425,30.513274336283185,100.0,46.15384615384615,100.0,6.51875
portugal,Primeira Liga,2025,Umar Abubakar,19.0,F,Nigeria,190.0,,22,3,453.0,3.0,0.0,0.0,0.0,0,0,1,0.0,0,0.9933774834437087,3.377483443708609,1.7880794701986755,0.5960264900662252,0.0,0.5960264900662252,0.5960264900662252,11.721854304635762,0.7947019867549668,0.1986754966887417,0.0,0.0,0.1986754966887417,15.298013245033113,5.76158940397351,1.390728476821192,0.3973509933774834,0.3973509933774834,1.1920529801324504,2.980132450331126,0.1986754966887417,0.0,0.0,3.3958333333333335,52.94117647058824,37.66233766233766,28.57142857142857,6.5969026548672565
portugal,Primeira Liga,2025,Unai Pérez,24.0,G,Spain,,,0,0,0.0,0.0,0.0,0.0,0.0,0,0,0,0.0,0,,,,,,,,,,,,,,,,,,,,,,,,,,,,
portugal,Primeira Liga,2025,Vando Félix,23.0,F,Guinea-Bissau,179.0,64.0,8,3,342.0,0.0,0.0,0.0,0.0,0,0,3,0.0,0,0.2631578947368421,0.2631578947368421,0.0,0.0,0.0,0.0,0.0,28.157894736842106,0.2631578947368421,2.894736842105263,0.0,0.2631578947368421,3.1578947368421053,16.31578947368421,8.157894736842104,1.8421052631578947,0.5263157894736842,1.3157894736842104,3.9473684210526314,2.894736842105263,0.7894736842105263,0.0,0.0,17.55140186915888,0.0,50.0,28.57142857142857,6.548830409356724
portugal,Primeira Liga,2025,Vangelis Pavlidis,27.0,F,Greece,186.0,82.0,33,30,2666.0,23.0,4.0,0.0,0.0,10,1,3,0.0,0,0.6751687921980495,2.633158289572393,1.6204051012753187,0.776444111027757,0.1350337584396099,0.9114778694673668,0.4388597149287322,21.504126031507877,1.1815453863465866,0.6076519129782445,0.03375843960990248,0.06751687921980495,0.6751687921980495,10.937734433608401,4.5573893473368345,1.552888222055514,0.4388597149287322,0.33758439609902474,1.350337584396099,0.5063765941485371,0.10127531882970742,0.0,0.0,15.518053375196232,61.53846153846154,41.66666666666667,28.26086956521739,6.968192048012003
portugal,Primeira Liga,2025,Vasco Moreira,24.0,M,Portugal,180.0,70.0,16,3,451.0,0.0,0.0,0.0,0.0,0,0,1,0.0,0,0.0,0.3991130820399113,0.19955654101995565,0.0,0.0,0.0,0.0,37.51662971175166,1.5964523281596452,2.9933481152993346,0.0,1.1973392461197339,4.1906873614190685,10.57649667405765,6.1862527716186255,1.3968957871396896,0.7982261640798226,0.7982261640798226,1.3968957871396896,1.3968957871396896,0.19955654101995565,0.0,0.0,18.79787234042553,50.0,58.490566037735846,57.14285714285714,6.943946188340807
portugal,Primeira Liga,2025,Vasco Sousa,22.0,M,Portugal,164.0,59.0,9,6,462.0,1.0,0.0,0.0,1.0,0,0,2,0.0,1,0.19480519480519481,1.168831168831169,0.5844155844155845,0.19480519480519481,0.0,0.19480519480519481,0.19480519480519481,36.81818181818182,1.168831168831169,1.3636363636363638,0.5844155844155845,1.3636363636363638,2.7272727272727275,11.298701298701298,5.454545454545455,1.5584415584415585,0.5844155844155845,0.5844155844155845,3.116883116883117,2.922077922077922,0.38961038961038963,0.0,0.19480519480519481,23.772486772486772,50.0,48.275862068965516,37.5,6.5495670995671
portugal,Primeira Liga,2025,Victor Froholdt,19.0,M,Denmark,187.0,73.0,34,32,2875.0,6.0,6.0,1.0,0.0,0,0,2,0.0,0,0.0,0.782608695652174,0.3443478260869565,0.18782608695652173,0.18782608695652173,0.37565217391304345,0.18782608695652173,25.513043478260872,0.9391304347826088,1.533913043478261,0.3443478260869565,1.0330434782608695,2.5669565217391304,10.205217391304348,4.852173913043478,1.8469565217391304,0.9391304347826088,1.0017391304347827,1.44,1.2208695652173913,0.06260869565217392,0.0,0.0,22.803680981595093,44.0,47.54601226993865,50.847457627118644,6.917530434782609
portugal,Primeira Liga,2025,Victor Gómez,25.0,M,Spain,166.0,69.0,32,27,2480.0,1.0,4.0,1.0,0.0,0,0,2,0.0,0,0.036290322580645164,0.43548387096774194,0.2903225806451613,0.036290322580645164,0.14516129032258066,0.1814516129032258,0.036290322580645164,55.850806451612904,1.1612903225806452,1.4153225806451613,0.14516129032258066,0.9435483870967742,2.3588709677419355,5.951612903225807,3.266129032258065,0.4717741935483871,0.14516129032258066,0.9435483870967742,1.342741935483871,0.6169354838709677,0.07258064516129033,0.0,0.0,46.97076023391813,66.66666666666666,54.87804878048781,30.76923076923077,6.798185483870967
portugal,Primeira Liga,2025,Vinícius Lopes,26.0,F,Brazil,180.0,75.0,28,17,1540.0,6.0,1.0,0.0,0.0,0,0,7,0.0,0,0.29220779220779225,2.0454545454545454,0.8766233766233766,0.35064935064935066,0.05844155844155844,0.40909090909090906,0.35064935064935066,21.272727272727273,1.2857142857142856,1.5194805194805194,0.05844155844155844,0.4675324675324675,1.9870129870129871,15.019480519480519,6.720779220779221,4.14935064935065,1.9870129870129871,0.8181818181818181,1.6948051948051948,2.103896103896104,0.40909090909090906,0.0,0.0,13.678571428571429,42.857142857142854,44.74708171206226,47.88732394366197,6.904545454545454
portugal,Primeira Liga,2025,Vital Maia,18.0,F,Portugal,181.0,71.0,0,0,0.0,0.0,0.0,0.0,0.0,0,0,0,0.0,0,,,,,,,,,,,,,,,,,,,,,,,,,,,,
portugal,Primeira Liga,2025,Vladislav Morozov,25.0,F,Belarus,188.0,84.0,0,0,0.0,0.0,0.0,0.0,0.0,0,0,0,0.0,0,,,,,,,,,,,,,,,,,,,,,,,,,,,,
portugal,Primeira Liga,2025,Vojin Serafimović,20.0,D,Serbia,,,0,0,0.0,0.0,0.0,0.0,0.0,0,0,0,0.0,0,,,,,,,,,,,,,,,,,,,,,,,,,,,,
portugal,Primeira Liga,2025,Vítor Carvalho,28.0,D,Brazil,186.0,74.0,15,14,1068.0,2.0,1.0,1.0,1.0,0,0,5,0.0,0,0.0,0.7584269662921348,0.25280898876404495,0.16853932584269662,0.08426966292134831,0.25280898876404495,0.16853932584269662,73.31460674157303,0.4213483146067416,1.0112359550561798,0.7584269662921348,0.5056179775280899,1.5168539325842696,7.331460674157304,4.466292134831461,0.08426966292134831,0.0,0.16853932584269662,1.0112359550561798,1.4325842696629214,0.4213483146067416,0.0,0.0,59.8448275862069,33.33333333333333,60.91954022988506,0.0,7.055992509363296
portugal,Primeira Liga,2025,Welinton,26.0,F,Brazil,183.0,,18,7,684.0,1.0,2.0,0.0,0.0,0,0,1,0.0,0,0.39473684210526316,0.6578947368421052,0.13157894736842105,0.13157894736842105,0.2631578947368421,0.39473684210526316,0.13157894736842105,21.710526315789473,1.9736842105263157,1.8421052631578947,0.13157894736842105,0.39473684210526316,2.236842105263158,10.0,4.605263157894736,1.9736842105263157,0.9210526315789473,0.13157894736842105,0.6578947368421052,1.0526315789473684,0.13157894736842105,0.0,0.0,8.884848484848485,20.0,46.05263157894737,46.666666666666664,6.760964912280702
portugal,Primeira Liga,2025,Wendel Silva,25.0,F,Brazil,180.0,76.0,13,11,917.0,1.0,2.0,0.0,0.0,1,0,2,0.0,0,0.19629225736095965,0.8833151581243185,0.5888767720828789,0.09814612868047982,0.19629225736095965,0.29443838604143946,0.0,15.703380588876772,0.7851690294438386,0.29443838604143946,0.0,0.09814612868047982,0.3925845147219193,7.557251908396947,2.846237731733915,0.6870229007633587,0.09814612868047982,0.09814612868047982,0.9814612868047983,0.6870229007633587,0.19629225736095965,0.0,0.0,10.24375,66.66666666666666,37.66233766233766,14.285714285714285,6.433151581243184
portugal,Primeira Liga,2025,Weverson,25.0,D,Brazil,185.0,77.0,1,0,26.0,0.0,0.0,0.0,0.0,0,0,0,0.0,0,0.0,0.0,0.0,0.0,0.0,0.0,0.0,48.46153846153846,0.0,3.4615384615384617,0.0,0.0,3.4615384615384617,6.923076923076923,3.4615384615384617,0.0,0.0,0.0,0.0,0.0,0.0,0.0,0.0,12.0,,50.0,,6.9
portugal,Primeira Liga,2025,William Gomes,19.0,F,Brazil,172.0,64.0,28,9,1168.0,8.0,1.0,0.0,0.0,1,0,5,0.0,1,0.07705479452054795,2.3116438356164384,1.386986301369863,0.6164383561643836,0.07705479452054795,0.6934931506849314,0.5393835616438356,23.27054794520548,1.0017123287671232,2.0034246575342465,0.07705479452054795,0.3852739726027397,2.3886986301369864,14.717465753424657,5.547945205479452,4.160958904109589,1.5410958904109588,1.6952054794520548,1.6181506849315068,2.3886986301369864,0.3852739726027397,0.0,0.07705479452054795,10.039735099337749,60.0,37.696335078534034,37.03703703703704,7.050042844901457
portugal,Primeira Liga,2025,Witi,29.0,F,Mozambique,173.0,58.0,26,10,949.0,1.0,1.0,0.0,1.0,0,0,3,0.0,0,0.2845100105374078,1.5173867228661748,0.47418335089567965,0.09483667017913593,0.09483667017913593,0.18967334035827185,0.09483667017913593,21.053740779768177,1.5173867228661748,1.2328767123287672,0.18967334035827185,0.3793466807165437,1.612223393045311,9.957850368809272,3.603793466807165,2.3709167544783982,0.7586933614330874,1.0432033719704954,1.1380400421496313,1.1380400421496313,0.2845100105374078,0.0,0.0,7.617117117117117,31.25,36.19047619047619,32.0,6.569020021074816
portugal,Primeira Liga,2025,Xabi Huarte,24.0,M,Spain,172.0,64.0,5,1,134.0,0.0,0.0,0.0,0.0,0,0,0,0.0,0,0.0,2.6865671641791042,1.3432835820895521,0.0,0.0,0.0,0.0,22.83582089552239,0.6716417910447761,3.3582089552238803,0.0,0.0,3.3582089552238803,11.417910447761194,4.701492537313433,2.014925373134328,0.0,1.3432835820895521,0.6716417910447761,0.6716417910447761,0.0,0.0,0.0,8.606060606060606,50.0,41.17647058823529,0.0,6.626315789473685
portugal,Primeira Liga,2025,Xander Severina,24.0,F,Curaçao,185.0,,5,0,103.0,0.0,0.0,0.0,0.0,0,0,1,0.0,0,0.0,0.0,0.0,0.0,0.0,0.0,0.0,20.97087378640777,0.0,1.7475728155339805,0.0,0.0,1.7475728155339805,15.728155339805825,4.368932038834951,3.495145631067961,0.8737864077669902,2.621359223300971,0.8737864077669902,4.368932038834951,0.8737864077669902,0.0,0.0,4.791666666666667,,27.77777777777778,25.0,6.3019417475728154
portugal,Primeira Liga,2025,Xeka,31.0,M,Portugal,185.0,83.0,12,8,662.0,1.0,0.0,0.0,0.0,0,0,1,0.0,0,0.0,0.5438066465256798,0.13595166163141995,0.13595166163141995,0.0,0.13595166163141995,0.13595166163141995,47.85498489425982,0.13595166163141995,2.039274924471299,0.2719033232628399,0.9516616314199396,2.990936555891239,12.235649546827796,5.981873111782478,1.2235649546827794,0.6797583081570997,1.0876132930513596,1.2235649546827794,2.039274924471299,0.13595166163141995,0.0,0.0,31.857954545454547,25.0,48.888888888888886,55.55555555555556,6.553323262839879
portugal,Primeira Liga,2025,Yahya Kalley,24.0,D,Sweden,185.0,63.0,3,0,39.0,0.0,0.0,0.0,0.0,0,0,1,0.0,0,0.0,0.0,0.0,0.0,0.0,0.0,0.0,36.92307692307692,0.0,2.3076923076923075,0.0,0.0,2.3076923076923075,13.846153846153847,4.615384615384615,0.0,0.0,0.0,2.3076923076923075,9.23076923076923,2.3076923076923075,0.0,0.0,9.714285714285714,,33.33333333333333,,6.378947368421053
portugal,Primeira Liga,2025,Yan Maranhão,23.0,F,Brazil,184.0,77.0,21,6,741.0,1.0,1.0,0.0,1.0,0,0,5,0.0,0,0.242914979757085,1.8218623481781377,0.728744939271255,0.1214574898785425,0.1214574898785425,0.242914979757085,0.1214574898785425,18.218623481781375,0.48582995951417,0.8502024291497976,0.6072874493927126,0.1214574898785425,0.97165991902834,16.761133603238868,7.287449392712551,1.0931174089068827,0.3643724696356275,0.8502024291497976,2.672064777327935,3.4008097165991904,0.6072874493927126,0.0,0.0,8.546666666666667,40.0,43.47826086956522,33.33333333333333,6.485695006747638
portugal,Primeira Liga,2025,Yanis Begraoui,24.0,F,Morocco,179.0,72.0,34,31,2725.0,20.0,1.0,0.0,1.0,5,0,1,0.0,0,0.7926605504587156,2.0477064220183485,1.1559633027522938,0.6605504587155964,0.03302752293577982,0.6935779816513762,0.4954128440366973,20.01467889908257,0.6275229357798165,0.3963302752293578,0.06605504587155964,0.26422018348623855,0.6605504587155964,7.860550458715596,2.9394495412844037,2.014678899082569,0.8256880733944955,0.29724770642201837,1.0568807339449542,0.7926605504587156,0.03302752293577982,0.0,0.0,16.292079207920793,56.451612903225815,37.39495798319328,40.98360655737705,6.945577981651376
portugal,Primeira Liga,2025,Yanis da Rocha,21.0,M,Portugal,189.0,82.0,4,1,121.0,0.0,0.0,0.0,0.0,0,0,0,0.0,0,0.0,0.0,0.0,0.0,0.0,0.0,0.0,30.49586776859504,0.0,1.487603305785124,0.0,0.0,1.487603305785124,4.462809917355372,1.487603305785124,0.743801652892562,0.0,0.743801652892562,0.0,0.743801652892562,0.0,0.0,0.0,21.4390243902439,,33.33333333333333,0.0,6.325
portugal,Primeira Liga,2025,Yann Karamoh,27.0,F,France,185.0,77.0,1,0,18.0,0.0,0.0,0.0,0.0,0,0,0,0.0,0,0.0,0.0,0.0,0.0,0.0,0.0,0.0,25.0,0.0,0.0,0.0,0.0,0.0,5.0,0.0,5.0,0.0,0.0,0.0,0.0,0.0,0.0,0.0,3.0,,0.0,0.0,6.2
portugal,Primeira Liga,2025,Yarlen,19.0,F,Brazil,,,11,5,458.0,0.0,0.0,0.0,0.0,0,0,0,0.0,0,0.7860262008733624,0.982532751091703,0.5895196506550218,0.0,0.0,0.0,0.0,14.737991266375545,0.982532751091703,1.3755458515283843,0.0,1.3755458515283843,2.7510917030567685,10.807860262008735,4.716157205240174,4.323144104803493,1.7685589519650655,1.1790393013100435,1.3755458515283843,0.7860262008733624,0.0,0.0,0.0,5.6521739130434785,60.0,43.63636363636363,40.909090909090914,6.511572052401747
portugal,Primeira Liga,2025,Yassin Oukili,24.0,M,Morocco,195.0,88.0,8,6,462.0,0.0,0.0,0.0,0.0,0,0,2,0.0,0,0.0,0.7792207792207793,0.19480519480519481,0.0,0.0,0.0,0.0,20.259740259740262,0.19480519480519481,1.7532467532467533,0.0,0.974025974025974,2.7272727272727275,11.103896103896103,5.259740259740259,0.38961038961038963,0.19480519480519481,0.5844155844155845,1.7532467532467533,2.922077922077922,0.38961038961038963,0.0,0.0,14.432692307692308,25.0,47.368421052631575,50.0,6.6467532467532475
portugal,Primeira Liga,2025,Yassir Zabiri,20.0,F,Morocco,177.0,69.0,12,7,661.0,4.0,0.0,0.0,0.0,0,0,2,0.0,0,0.2723146747352496,3.1316187594553706,2.042360060514372,0.5446293494704992,0.0,0.5446293494704992,0.5446293494704992,13.207261724659606,1.2254160363086233,1.361573373676248,0.2723146747352496,0.4084720121028744,1.7700453857791227,9.258698940998487,3.6762481089258694,0.680786686838124,0.5446293494704992,0.2723146747352496,0.9531013615733737,2.178517397881997,0.2723146747352496,0.0,0.0,7.443298969072165,65.21739130434783,39.705882352941174,80.0,7.107110438729198
portugal,Primeira Liga,2025,Yefrei Rodriguez,,F,,,,1,0,11.0,0.0,0.0,0.0,0.0,0,0,0,0.0,0,0.0,0.0,0.0,0.0,0.0,0.0,0.0,8.181818181818182,0.0,8.181818181818182,0.0,0.0,8.181818181818182,49.090909090909086,16.363636363636363,8.181818181818182,0.0,0.0,0.0,8.181818181818182,0.0,0.0,0.0,1.0,,33.33333333333333,0.0,6.5
portugal,Primeira Liga,2025,Yefrei Rodriguez,20.0,F,Colombia,189.0,80.0,13,1,404.0,1.0,0.0,0.0,0.0,0,0,1,0.0,0,1.3366336633663365,1.7821782178217822,1.113861386138614,0.22277227722772278,0.0,0.22277227722772278,0.22277227722772278,9.57920792079208,0.6683168316831682,1.5594059405940595,0.0,0.0,1.5594059405940595,15.816831683168315,4.900990099009901,2.227722772277228,0.44554455445544555,0.44554455445544555,1.5594059405940595,2.227722772277228,0.22277227722772278,0.0,0.0,4.380952380952381,62.5,30.985915492957744,20.0,6.419059405940595
portugal,Primeira Liga,2025,Yellu Santiago,21.0,M,Spain,192.0,78.0,5,0,38.0,0.0,0.0,0.0,1.0,0,0,0,0.0,0,0.0,0.0,0.0,0.0,0.0,0.0,0.0,40.26315789473684,0.0,4.7368421052631575,0.0,0.0,4.7368421052631575,21.31578947368421,11.842105263157894,0.0,0.0,2.3684210526315788,2.3684210526315788,7.105263157894736,0.0,0.0,0.0,4.764705882352941,,55.55555555555556,,6.383333333333334
portugal,Primeira Liga,2025,Zaidu Sanusi,28.0,D,Nigeria,182.0,76.0,17,11,995.0,1.0,1.0,0.0,0.0,0,0,2,0.0,0,0.0,0.36180904522613067,0.09045226130653267,0.09045226130653267,0.09045226130653267,0.18090452261306533,0.09045226130653267,40.25125628140704,1.5376884422110553,1.6281407035175879,0.271356783919598,0.9949748743718594,2.6231155778894473,7.869346733668342,4.613065326633166,1.4472361809045227,0.6331658291457287,0.36180904522613067,1.1758793969849246,0.7236180904522613,0.18090452261306533,0.0,0.0,27.970786516853934,25.0,58.620689655172406,43.75,6.9771859296482415
portugal,Primeira Liga,2025,Zakaria Kassary,19.0,M,,,,3,0,19.0,0.0,0.0,0.0,0.0,0,0,0,0.0,0,0.0,0.0,0.0,0.0,0.0,0.0,0.0,52.10526315789474,0.0,0.0,0.0,0.0,0.0,9.473684210526315,0.0,0.0,0.0,0.0,0.0,0.0,0.0,0.0,0.0,4.090909090909091,,0.0,,6.7
portugal,Primeira Liga,2025,Ze Vitor,24.0,D,Brazil,189.0,96.0,30,30,2673.0,4.0,1.0,0.0,1.0,0,0,10,0.0,2,0.03367003367003367,0.8754208754208755,0.30303030303030304,0.13468013468013468,0.03367003367003367,0.16835016835016833,0.13468013468013468,43.56902356902357,0.33670033670033667,1.8855218855218854,0.8754208754208755,1.5151515151515151,3.400673400673401,9.595959595959595,5.69023569023569,0.4040404040404041,0.20202020202020204,0.47138047138047134,0.6734006734006733,1.9865319865319866,0.33670033670033667,0.0,0.06734006734006734,39.98299845440494,34.61538461538461,59.29824561403508,50.0,6.979461279461279
portugal,Primeira Liga,2025,Zeno Debast,22.0,D,Belgium,191.0,78.0,17,12,1183.0,0.0,2.0,0.0,0.0,0,0,2,0.0,0,0.0,0.45646661031276414,0.1521555367709214,0.0,0.1521555367709214,0.1521555367709214,0.0,81.17497886728655,0.45646661031276414,1.1411665257819104,0.5325443786982248,0.3803888419273035,1.521555367709214,5.325443786982248,2.738799661876585,0.3043110735418428,0.3043110735418428,0.1521555367709214,0.3803888419273035,1.0650887573964496,0.1521555367709214,0.0,0.0,70.4348641049672,33.33333333333333,51.42857142857142,100.0,7.190109890109889
portugal,Primeira Liga,2025,Zé Carlos,27.0,D,Portugal,177.0,77.0,32,29,2467.0,0.0,0.0,0.0,2.0,0,0,8,0.0,0,0.0729631130928253,0.4742602351033644,0.03648155654641265,0.0,0.0,0.0,0.0,33.01580867450345,0.8025942440210783,1.8240778273206324,0.2188893392784759,1.3133360356708552,3.1374138629914876,8.974462910417511,5.107417916497771,0.8390758005674909,0.3283340089177138,0.8025942440210783,1.3133360356708552,1.4592622618565059,0.2918524523713012,0.0,0.0,24.500552486187846,7.6923076923076925,56.91056910569105,39.130434782608695,6.770166193757601
portugal,Primeira Liga,2025,Zé Carlos,24.0,M,Portugal,172.0,64.0,30,10,1198.0,0.0,0.0,1.0,0.0,0,0,7,0.0,0,0.0,0.15025041736227046,0.0,0.0,0.0,0.0,0.0,47.17863105175292,0.5258764607679466,2.7796327212020033,0.22537562604340566,2.328881469115192,5.108514190317195,9.540901502504175,4.883138564273789,0.3756260434056761,0.15025041736227046,0.9766277128547579,1.0517529215358932,1.5776293823038396,0.5258764607679466,0.0,0.0,24.03343949044586,0.0,51.181102362204726,40.0,6.731969949916527
portugal,Primeira Liga,2025,Zé Pedro,28.0,D,Portugal,187.0,84.0,2,0,30.0,0.0,0.0,0.0,0.0,0,0,0,0.0,0,0.0,0.0,0.0,0.0,0.0,0.0,0.0,48.0,0.0,3.0,0.0,0.0,3.0,9.0,3.0,0.0,0.0,3.0,0.0,3.0,0.0,0.0,0.0,6.0,,33.33333333333333,,6.7
portugal,Primeira Liga,2025,Álvaro Martínez,23.0,D,Spain,181.0,,15,9,819.0,0.0,0.0,0.0,1.0,0,0,1,0.0,1,0.0,0.0,0.0,0.0,0.0,0.0,0.0,54.065934065934066,0.7692307692307693,1.3186813186813187,0.0,0.8791208791208791,2.197802197802198,6.483516483516483,3.1868131868131866,0.989010989010989,0.43956043956043955,0.21978021978021978,1.098901098901099,1.6483516483516485,0.10989010989010989,0.0,0.10989010989010989,40.75406504065041,,49.152542372881356,44.44444444444444,6.551159951159951
portugal,Primeira Liga,2025,Ángel Alarcón,21.0,F,Spain,175.0,,2,0,43.0,0.0,0.0,0.0,0.0,0,0,0,0.0,0,0.0,2.0930232558139537,0.0,0.0,0.0,0.0,0.0,41.860465116279066,0.0,0.0,2.0930232558139537,0.0,0.0,12.55813953488372,2.0930232558139537,2.0930232558139537,0.0,2.0930232558139537,0.0,0.0,0.0,0.0,0.0,8.9,0.0,16.666666666666664,0.0,6.416279069767441
portugal,Primeira Liga,2025,Ángel Alarcón,19.0,F,Spain,,,1,0,14.0,0.0,0.0,0.0,0.0,0,0,0,0.0,0,0.0,0.0,0.0,0.0,0.0,0.0,0.0,64.28571428571429,0.0,0.0,0.0,0.0,0.0,0.0,0.0,0.0,0.0,0.0,0.0,0.0,0.0,0.0,0.0,8.0,,,,6.3
portugal,Primeira Liga,2025,Ángel Algobia,26.0,M,Spain,180.0,78.0,21,15,1087.0,1.0,0.0,1.0,0.0,0,0,0,0.0,0,0.0,0.49678012879484823,0.24839006439742412,0.0827966881324747,0.0,0.0827966881324747,0.0827966881324747,28.73045078196872,0.6623735050597976,2.401103955841766,0.41398344066237347,0.24839006439742412,2.6494940202391906,7.120515179392824,3.8914443422263107,0.49678012879484823,0.41398344066237347,0.49678012879484823,0.3311867525298988,1.1591536338546458,0.0,0.0,0.0,16.904899135446687,50.0,54.65116279069767,83.33333333333334,6.6162211981566825
portugal,Primeira Liga,2025,Óscar Aranda,23.0,F,Spain,181.0,78.0,1,0,16.0,0.0,0.0,0.0,0.0,0,0,0,0.0,0,0.0,5.625,0.0,0.0,0.0,0.0,0.0,33.75,5.625,5.625,0.0,0.0,5.625,16.875,5.625,5.625,0.0,0.0,0.0,5.625,0.0,0.0,0.0,6.0,0.0,33.33333333333333,0.0,6.7
portugal,Primeira Liga,2025,Óscar Perea,20.0,F,Colombia,174.0,75.0,25,14,1257.0,2.0,0.0,0.0,0.0,0,0,0,0.0,0,0.7159904534606205,1.6467780429594274,0.7875894988066825,0.1431980906921241,0.0,0.1431980906921241,0.1431980906921241,14.319809069212411,0.8591885441527447,1.0739856801909307,0.21479713603818618,1.0739856801909307,2.1479713603818613,12.88782816229117,4.6539379474940334,5.656324582338902,1.9331742243436754,1.360381861575179,1.2171837708830548,0.7159904534606205,0.0,0.0,0.0,7.93,47.82608695652174,36.11111111111111,34.177215189873415,6.685441527446301
portugal,Primeira Liga,2025,Óscar Rivas,25.0,D,Spain,193.0,85.0,18,18,1625.0,1.0,0.0,0.0,0.0,0,0,1,0.0,0,0.055384615384615386,0.6646153846153846,0.22153846153846155,0.055384615384615386,0.0,0.055384615384615386,0.055384615384615386,58.26461538461538,0.22153846153846155,0.8861538461538462,0.6646153846153846,1.6615384615384616,2.5476923076923077,7.421538461538462,4.043076923076923,0.27692307692307694,0.16615384615384615,0.27692307692307694,0.72,0.9415384615384615,0.055384615384615386,0.0,0.0,53.39068441064639,33.33333333333333,54.47761194029851,60.0,6.94
