country,league,season,player_name,age,position,nationality,height,weight,appearances,starts,minutes,goals_total,assists,penalty_won,penalty_committed,penalty_scored,penalty_missed,yellow_cards,yellowred_cards,red_cards,offsides_per90,shots_total_per90,shots_on_per90,goals_total_per90,assists_per90,goals_plus_assists_per90,non_penalty_goals_per90,passes_total_per90,passes_key_per90,tackles_total_per90,blocks_per90,interceptions_per90,tackles_plus_interceptions_per90,duels_total_per90,duels_won_per90,dribbles_attempts_per90,dribbles_success_per90,dribbles_past_per90,fouls_drawn_per90,fouls_committed_per90,yellow_cards_per90,yellowred_cards_per90,red_cards_per90,passes_accuracy_pct,shots_on_target_pct,duels_won_pct,dribbles_success_pct,rating_weighted
spain,La Liga,2025,Aaron Mayol,22.0,D,England,181.0,,0,0,0.0,0.0,0.0,0.0,0.0,0,0,0,0.0,0,,,,,,,,,,,,,,,,,,,,,,,,,,,,
spain,La Liga,2025,Aarón Escandell,30.0,G,Spain,185.0,71.0,36,36,3240.0,0.0,1.0,0.0,0.0,0,0,3,0.0,0,0.0,0.0,0.0,0.0,0.027777777777777776,0.027777777777777776,0.0,34.52777777777778,0.05555555555555555,0.0,0.0,0.0,0.0,0.38888888888888884,0.38888888888888884,0.05555555555555555,0.05555555555555555,0.0,0.2222222222222222,0.027777777777777776,0.08333333333333334,0.0,0.0,23.8141592920354,,100.0,100.0,7.277777777777778
spain,La Liga,2025,Abdel Rahim,23.0,D,Niger,184.0,75.0,27,18,1726.0,0.0,0.0,0.0,0.0,0,0,2,0.0,0,0.46929316338354576,0.0,0.0,0.0,0.0,0.0,0.0,37.54345307068366,0.8864426419466975,1.772885283893395,0.3128621089223638,1.668597914252607,3.441483198146002,5.8922363847045185,3.7022016222479723,0.8864426419466975,0.41714947856315177,0.41714947856315177,0.41714947856315177,0.5214368482039398,0.10428736964078794,0.0,0.0,28.095833333333335,,62.83185840707964,47.05882352941176,6.63739837398374
spain,La Liga,2025,Abdelkabir Abqar,26.0,D,Morocco,188.0,80.0,23,17,1440.0,0.0,2.0,0.0,1.0,0,0,10,0.0,1,0.0625,0.375,0.0625,0.0,0.125,0.125,0.0,27.500000000000004,0.25,2.4375,0.5,1.3125,3.75,10.0,6.187500000000001,0.4375,0.125,0.4375,2.25,1.8125000000000002,0.625,0.0,0.0625,17.59318181818182,16.666666666666664,61.875,28.57142857142857,6.782140375260598
spain,La Liga,2025,Abderrahman Rebbach,27.0,F,Algeria,176.0,68.0,30,15,1509.0,1.0,4.0,0.0,0.0,0,0,8,0.0,0,0.2982107355864811,1.4910536779324055,0.7157057654075546,0.05964214711729622,0.23856858846918488,0.2982107355864811,0.05964214711729622,27.375745526838966,1.7892644135188867,2.5049701789264414,0.0,0.8946322067594433,3.3996023856858844,13.479125248508947,5.844930417495029,2.982107355864811,1.0139165009940359,1.4314115308151092,1.7892644135188867,2.3856858846918487,0.47713717693836977,0.0,0.0,17.58169934640523,48.0,43.36283185840708,34.0,6.656962864721486
spain,La Liga,2025,Abdessamad Ezzalzouli,24.0,M,Morocco,177.0,73.0,29,26,2255.0,10.0,8.0,1.0,0.0,0,0,3,0.0,0,0.15964523281596452,2.11529933481153,1.0376940133037693,0.3991130820399113,0.31929046563192903,0.7184035476718403,0.3991130820399113,31.84922394678492,1.2771618625277161,2.11529933481153,0.03991130820399113,0.6385809312638581,2.753880266075388,14.966740576496674,7.742793791574279,3.4323725055432375,1.5565410199556542,0.9977827050997784,2.8337028824833705,1.1175166297117516,0.1197339246119734,0.0,0.0,23.9874686716792,49.056603773584904,51.733333333333334,45.348837209302324,7.3793791574279375
spain,La Liga,2025,Abdul Mumin,27.0,D,Ghana,188.0,79.0,3,1,78.0,0.0,0.0,0.0,0.0,0,0,0,0.0,0,0.0,0.0,0.0,0.0,0.0,0.0,0.0,41.53846153846154,0.0,0.0,2.3076923076923075,2.3076923076923075,2.3076923076923075,3.4615384615384617,1.1538461538461537,0.0,0.0,0.0,1.1538461538461537,2.3076923076923075,0.0,0.0,0.0,19.444444444444443,,33.33333333333333,,6.283333333333333
spain,La Liga,2025,Abdón Prats,33.0,F,Spain,181.0,81.0,15,0,148.0,0.0,0.0,0.0,0.0,0,0,0,0.0,0,0.0,1.2162162162162162,1.2162162162162162,0.0,0.0,0.0,0.0,15.810810810810812,1.2162162162162162,0.0,0.0,0.0,0.0,15.810810810810812,5.472972972972974,1.2162162162162162,0.6081081081081081,2.4324324324324325,1.8243243243243243,1.2162162162162162,0.0,0.0,0.0,1.8,100.0,34.61538461538461,50.0,6.447916666666667
spain,La Liga,2025,Abel Bretones,25.0,D,Spain,188.0,78.0,28,17,1658.0,1.0,2.0,1.0,0.0,0,0,5,0.0,1,0.054282267792521106,0.5428226779252111,0.16284680337756333,0.054282267792521106,0.10856453558504221,0.16284680337756333,0.054282267792521106,27.358262967430637,0.7056694813027744,1.7913148371531966,0.27141133896260555,0.97708082026538,2.768395657418577,7.979493365500604,4.234016887816646,1.5741857659831122,0.7056694813027744,0.9227985524728588,1.031363088057901,0.9227985524728588,0.27141133896260555,0.0,0.054282267792521106,20.438492063492063,30.0,53.06122448979592,44.827586206896555,6.801387213510254
spain,La Liga,2025,Abel Ruíz,25.0,F,Spain,182.0,73.0,9,0,194.0,0.0,0.0,0.0,0.0,0,0,0,0.0,0,0.4639175257731959,0.9278350515463918,0.4639175257731959,0.0,0.0,0.0,0.0,16.701030927835053,0.9278350515463918,0.4639175257731959,0.0,0.4639175257731959,0.9278350515463918,9.278350515463917,3.2474226804123707,0.4639175257731959,0.4639175257731959,0.4639175257731959,0.4639175257731959,0.9278350515463918,0.0,0.0,0.0,7.571428571428571,50.0,35.0,100.0,6.547938144329898
spain,La Liga,2025,Abu Kamara,22.0,F,England,186.0,81.0,12,1,264.0,0.0,0.0,0.0,0.0,0,0,1,0.0,0,0.6818181818181819,1.0227272727272727,0.34090909090909094,0.0,0.0,0.0,0.0,25.90909090909091,1.0227272727272727,1.3636363636363638,0.34090909090909094,0.6818181818181819,2.0454545454545454,12.613636363636363,4.431818181818182,3.068181818181818,0.6818181818181819,1.3636363636363638,1.3636363636363638,0.6818181818181819,0.34090909090909094,0.0,0.0,7.026315789473684,33.33333333333333,35.13513513513514,22.22222222222222,6.42319391634981
spain,La Liga,2025,Adam Boayar,20.0,F,Morocco,178.0,74.0,7,0,106.0,1.0,0.0,0.0,0.0,0,0,0,0.0,0,0.8490566037735848,3.3962264150943393,1.6981132075471697,0.8490566037735848,0.0,0.8490566037735848,0.8490566037735848,33.11320754716981,1.6981132075471697,3.3962264150943393,0.0,0.8490566037735848,4.245283018867925,17.830188679245285,7.641509433962264,3.3962264150943393,0.8490566037735848,2.547169811320755,0.8490566037735848,0.0,0.0,0.0,0.0,9.055555555555555,50.0,42.857142857142854,25.0,6.9423076923076925
spain,La Liga,2025,Adama Boiro,23.0,D,Senegal,183.0,75.0,14,8,819.0,0.0,0.0,0.0,0.0,0,0,1,0.0,0,0.0,0.10989010989010989,0.0,0.0,0.0,0.0,0.0,37.362637362637365,0.32967032967032966,1.978021978021978,0.10989010989010989,1.8681318681318682,3.8461538461538463,8.901098901098901,5.274725274725275,1.7582417582417582,0.8791208791208791,0.5494505494505495,1.208791208791209,0.6593406593406593,0.10989010989010989,0.0,0.0,28.941176470588236,0.0,59.25925925925925,50.0,6.44017094017094
spain,La Liga,2025,Adama Timera,,F,,,,0,0,0.0,0.0,0.0,0.0,0.0,0,0,0,0.0,0,,,,,,,,,,,,,,,,,,,,,,,,,,,,
spain,La Liga,2025,Ademola Lookman,28.0,F,Nigeria,174.0,71.0,12,9,622.0,4.0,0.0,0.0,0.0,1,0,1,0.0,0,1.0128617363344052,2.170418006430868,0.7234726688102894,0.5787781350482315,0.0,0.5787781350482315,0.4340836012861737,26.479099678456592,1.4469453376205788,0.7234726688102894,0.0,0.14469453376205788,0.8681672025723474,8.392282958199356,3.4726688102893895,2.0257234726688105,1.0128617363344052,0.28938906752411575,1.4469453376205788,1.0128617363344052,0.14469453376205788,0.0,0.0,15.617486338797814,33.33333333333333,41.37931034482759,50.0,6.901929260450161
spain,La Liga,2025,Adnan Januzaj,30.0,M,Belgium,186.0,76.0,12,2,320.0,0.0,0.0,0.0,1.0,0,0,1,0.0,0,0.28125,0.5625,0.0,0.0,0.0,0.0,0.0,36.28125,3.0937500000000004,1.40625,0.0,0.28125,1.6875,13.21875,6.468749999999999,5.34375,2.25,0.28125,2.8125,2.25,0.28125,0.0,0.0,14.465116279069768,0.0,48.93617021276596,42.10526315789473,6.899375000000001
spain,La Liga,2025,Adri Fernández,20.0,D,,,,0,0,0.0,0.0,0.0,0.0,0.0,0,0,0,0.0,0,,,,,,,,,,,,,,,,,,,,,,,,,,,,
spain,La Liga,2025,Adrian Liso,20.0,F,Spain,182.0,70.0,28,21,1723.0,3.0,0.0,1.0,0.0,0,0,5,0.0,1,0.8357515960533952,0.8357515960533952,0.522344747533372,0.1567034242600116,0.0,0.1567034242600116,0.1567034242600116,14.260011607661058,0.2089378990133488,1.5147997678467788,0.1044689495066744,0.2089378990133488,1.7237376668601276,16.453859547301217,6.372605919907139,2.4550203134068487,0.783517121300058,0.8879860708067324,2.2460824143935,2.037144515380151,0.261172373766686,0.0,0.0522344747533372,8.426470588235293,62.5,38.730158730158735,31.914893617021278,6.570168311085316
spain,La Liga,2025,Adrià Altimira,24.0,D,Spain,170.0,62.0,1,0,8.0,0.0,0.0,0.0,0.0,0,0,0,0.0,0,0.0,0.0,0.0,0.0,0.0,0.0,0.0,90.0,0.0,11.25,0.0,0.0,11.25,11.25,11.25,0.0,0.0,0.0,0.0,0.0,0.0,0.0,0.0,8.0,,100.0,,7.0
spain,La Liga,2025,Adrià Pedrosa,27.0,D,Spain,176.0,69.0,27,8,1092.0,1.0,1.0,0.0,0.0,0,0,4,0.0,0,0.08241758241758242,0.5769230769230769,0.24725274725274726,0.08241758241758242,0.08241758241758242,0.16483516483516483,0.08241758241758242,34.6978021978022,1.8956043956043958,2.802197802197802,0.16483516483516483,1.2362637362637363,4.038461538461538,10.631868131868131,4.532967032967033,2.3076923076923075,0.4120879120879121,0.989010989010989,0.7417582417582418,1.4835164835164836,0.32967032967032966,0.0,0.0,22.776722090261284,42.857142857142854,42.63565891472868,17.857142857142858,6.432905591200734
spain,La Liga,2025,Adrián,38.0,G,Spain,190.0,80.0,1,1,90.0,0.0,0.0,0.0,0.0,0,0,0,0.0,0,0.0,0.0,0.0,0.0,0.0,0.0,0.0,32.0,0.0,0.0,0.0,0.0,0.0,0.0,0.0,0.0,0.0,0.0,0.0,0.0,0.0,0.0,0.0,26.0,,,,8.2
spain,La Liga,2025,Adrián Molina,20.0,G,Spain,,,0,0,0.0,0.0,0.0,0.0,0.0,0,0,0,0.0,0,,,,,,,,,,,,,,,,,,,,,,,,,,,,
spain,La Liga,2025,Adrián Riquelme,19.0,M,,,,0,0,0.0,0.0,0.0,0.0,0.0,0,0,0,0.0,0,,,,,,,,,,,,,,,,,,,,,,,,,,,,
spain,La Liga,2025,Adrián de la Fuente,26.0,D,Spain,179.0,77.0,33,30,2710.0,3.0,1.0,0.0,2.0,1,2,5,0.0,0,0.033210332103321034,0.6974169741697417,0.2988929889298893,0.0996309963099631,0.033210332103321034,0.13284132841328414,0.06642066420664207,49.450184501845015,0.6309963099630996,1.029520295202952,0.7306273062730627,1.5940959409594095,2.623616236162362,5.911439114391143,3.5202952029520294,0.33210332103321033,0.23247232472324725,0.23247232472324725,0.896678966789668,1.1291512915129152,0.16605166051660517,0.0,0.0,44.35191403626595,42.857142857142854,59.55056179775281,70.0,7.075498154981549
spain,La Liga,2025,Aihen Muñoz,28.0,D,Spain,175.0,68.0,21,9,885.0,1.0,0.0,0.0,0.0,0,0,1,0.0,0,0.0,0.6101694915254237,0.2033898305084746,0.1016949152542373,0.0,0.1016949152542373,0.1016949152542373,31.322033898305083,0.5084745762711864,2.847457627118644,0.1016949152542373,0.5084745762711864,3.355932203389831,8.847457627118644,4.169491525423729,1.3220338983050848,0.4067796610169492,1.728813559322034,0.30508474576271183,0.711864406779661,0.1016949152542373,0.0,0.0,23.12987012987013,33.33333333333333,47.12643678160919,30.76923076923077,6.418418079096045
spain,La Liga,2025,Aimar Blazquez,19.0,F,Spain,,,0,0,0.0,0.0,0.0,0.0,0.0,0,0,0,0.0,0,,,,,,,,,,,,,,,,,,,,,,,,,,,,
spain,La Liga,2025,Aimar Oroz,24.0,M,Spain,177.0,72.0,31,26,2152.0,0.0,2.0,0.0,0.0,0,0,6,0.0,0,0.04182156133828996,0.5855018587360595,0.16728624535315983,0.0,0.08364312267657992,0.08364312267657992,0.0,35.54832713754647,1.5892193308550187,1.5473977695167287,0.04182156133828996,0.41821561338289964,1.9656133828996283,13.382899628252789,6.775092936802975,2.342007434944238,1.212825278810409,0.7109665427509293,2.8020446096654275,1.3801115241635689,0.25092936802973975,0.0,0.0,26.618823529411763,28.57142857142857,50.625,51.78571428571429,6.854553903345725
spain,La Liga,2025,Aitor Fernández,34.0,G,Spain,182.0,78.0,2,1,136.0,0.0,0.0,0.0,0.0,0,0,3,0.0,0,0.0,0.0,0.0,0.0,0.0,0.0,0.0,33.75,0.0,0.0,0.0,0.0,0.0,0.6617647058823529,0.6617647058823529,0.6617647058823529,0.6617647058823529,0.0,0.0,0.0,1.9852941176470589,0.0,0.0,15.705882352941176,,100.0,100.0,7.4411764705882355
spain,La Liga,2025,Aitor Fraga,22.0,G,Spain,194.0,83.0,0,0,0.0,0.0,0.0,0.0,0.0,0,0,0,0.0,0,,,,,,,,,,,,,,,,,,,,,,,,,,,,
spain,La Liga,2025,Aitor Mañas,22.0,F,Spain,185.0,,9,0,134.0,0.0,0.0,0.0,0.0,0,0,0,0.0,0,0.0,1.3432835820895521,0.6716417910447761,0.0,0.0,0.0,0.0,14.104477611940299,1.3432835820895521,2.014925373134328,0.0,0.6716417910447761,2.6865671641791042,19.477611940298505,6.044776119402985,4.701492537313433,1.3432835820895521,1.3432835820895521,0.6716417910447761,1.3432835820895521,0.0,0.0,0.0,3.1,50.0,31.03448275862069,28.57142857142857,6.458646616541353
spain,La Liga,2025,Aitor Paredes,25.0,D,Spain,186.0,76.0,19,18,1629.0,2.0,0.0,0.0,0.0,0,0,4,0.0,0,0.0,0.6077348066298343,0.22099447513812154,0.11049723756906077,0.0,0.11049723756906077,0.11049723756906077,52.04419889502762,0.22099447513812154,1.160220994475138,0.22099447513812154,1.6022099447513811,2.7624309392265194,5.745856353591161,3.3701657458563536,0.16574585635359115,0.16574585635359115,0.27624309392265195,0.3867403314917127,1.0497237569060773,0.22099447513812154,0.0,0.0,51.93099787685775,36.36363636363637,58.65384615384615,100.0,6.761878453038674
spain,La Liga,2025,Aitor Ruibal,29.0,D,Spain,176.0,74.0,27,20,1814.0,4.0,2.0,1.0,3.0,0,0,6,0.0,1,0.04961411245865491,1.091510474090408,0.5953693495038589,0.19845644983461963,0.09922822491730982,0.29768467475192945,0.19845644983461963,34.63065049614112,0.9426681367144432,2.232635060639471,0.14884233737596472,0.992282249173098,3.224917309812569,9.625137816979052,4.465270121278942,1.538037486218302,0.6945975744211687,1.3891951488423373,1.2403528114663727,1.587651598676957,0.29768467475192945,0.0,0.04961411245865491,27.021489971346703,54.54545454545454,46.391752577319586,45.16129032258064,6.879051819184124
spain,La Liga,2025,Akor Adams,25.0,F,Nigeria,190.0,92.0,32,21,2070.0,10.0,3.0,0.0,0.0,3,0,3,0.0,0,1.782608695652174,2.0869565217391304,1.3043478260869565,0.43478260869565216,0.13043478260869565,0.5652173913043478,0.30434782608695654,15.521739130434781,0.5652173913043478,0.34782608695652173,0.17391304347826086,0.043478260869565216,0.391304347826087,10.652173913043478,4.0,1.2173913043478262,0.6956521739130435,0.13043478260869565,0.5217391304347826,1.565217391304348,0.13043478260869565,0.0,0.0,8.551820728291316,62.5,37.55102040816327,57.14285714285714,6.671449275362319
spain,La Liga,2025,Alan Matturro,21.0,D,Uruguay,189.0,74.0,19,10,957.0,1.0,1.0,0.0,0.0,0,0,0,0.0,1,0.0,0.3761755485893417,0.09404388714733543,0.09404388714733543,0.09404388714733543,0.18808777429467086,0.09404388714733543,44.57680250783699,0.3761755485893417,1.974921630094044,0.5642633228840125,0.5642633228840125,2.5391849529780566,7.241379310344827,4.420062695924765,0.28213166144200624,0.0,0.28213166144200624,0.9404388714733543,0.658307210031348,0.0,0.0,0.09404388714733543,35.97251585623679,25.0,61.038961038961034,0.0,6.611912225705329
spain,La Liga,2025,Alassane Diatta,20.0,M,Senegal,190.0,80.0,1,0,24.0,0.0,0.0,0.0,0.0,0,0,0,0.0,0,0.0,0.0,0.0,0.0,0.0,0.0,0.0,78.75,0.0,3.75,0.0,0.0,3.75,11.25,11.25,3.75,3.75,0.0,0.0,0.0,0.0,0.0,0.0,18.0,,100.0,100.0,7.2
spain,La Liga,2025,Albert Niculaesei,17.0,D,Romania,186.0,76.0,0,0,0.0,0.0,0.0,0.0,0.0,0,0,0,0.0,0,,,,,,,,,,,,,,,,,,,,,,,,,,,,
spain,La Liga,2025,Alberto Flores,22.0,G,Spain,186.0,80.0,0,0,0.0,0.0,0.0,0.0,0.0,0,0,0,0.0,0,,,,,,,,,,,,,,,,,,,,,,,,,,,,
spain,La Liga,2025,Alberto Moleiro,22.0,M,Spain,172.0,67.0,37,30,2490.0,10.0,5.0,1.0,0.0,0,0,4,0.0,0,0.10843373493975905,1.4096385542168677,0.7228915662650601,0.36144578313253006,0.18072289156626503,0.5421686746987953,0.36144578313253006,29.421686746987955,1.3373493975903614,1.0843373493975905,0.10843373493975905,0.4337349397590362,1.5180722891566265,9.578313253012048,3.36144578313253,2.4578313253012047,1.1927710843373494,2.1325301204819276,0.9759036144578314,1.1927710843373494,0.14457831325301204,0.0,0.0,20.937346437346438,51.28205128205128,35.094339622641506,48.529411764705884,6.915180722891566
spain,La Liga,2025,Alberto Reina,28.0,M,Spain,179.0,71.0,37,31,2487.0,4.0,1.0,0.0,1.0,0,0,6,0.0,1,0.07237635705669482,0.6875753920386007,0.3980699638118214,0.14475271411338964,0.03618817852834741,0.18094089264173702,0.14475271411338964,37.635705669481304,1.2303980699638117,1.5922798552472857,0.21712907117008443,0.6875753920386007,2.279855247285887,8.504221954161642,4.342581423401689,1.0494571773220749,0.5066344993968637,0.5428226779252111,1.6646562123039808,1.3389626055488542,0.21712907117008443,0.0,0.03618817852834741,29.138461538461538,57.89473684210527,51.06382978723404,48.275862068965516,6.764937675914758
spain,La Liga,2025,Alberto Risco,20.0,M,Spain,157.0,42.0,0,0,0.0,0.0,0.0,0.0,0.0,0,0,0,0.0,0,,,,,,,,,,,,,,,,,,,,,,,,,,,,
spain,La Liga,2025,Alberto Risco,20.0,M,,,,0,0,0.0,0.0,0.0,0.0,0.0,0,0,0,0.0,0,,,,,,,,,,,,,,,,,,,,,,,,,,,,
spain,La Liga,2025,Aleix Febas,29.0,M,Spain,171.0,61.0,36,36,3166.0,2.0,2.0,0.0,1.0,0,0,10,0.0,0,0.02842703727100442,0.3979785217940619,0.22741629816803535,0.05685407454200884,0.05685407454200884,0.11370814908401768,0.05685407454200884,55.68856601389767,0.7675300063171193,2.1888818698673407,0.11370814908401768,0.7675300063171193,2.9564118761844598,11.768793430195831,7.220467466835124,2.615287428932407,1.5350600126342386,0.7959570435881238,3.3259633607075174,0.9665192672141503,0.28427037271004424,0.0,0.0,56.758550280755486,57.14285714285714,61.35265700483091,58.69565217391305,7.173120656980417
spain,La Liga,2025,Alejandro Baena,24.0,M,Spain,175.0,70.0,27,21,1572.0,2.0,3.0,0.0,0.0,0,0,5,0.0,0,0.5152671755725191,1.2595419847328244,0.40076335877862596,0.11450381679389314,0.17175572519083968,0.2862595419847328,0.11450381679389314,41.62213740458015,2.6335877862595423,1.0305343511450382,0.22900763358778628,0.9160305343511451,1.946564885496183,9.67557251908397,3.6641221374045805,2.118320610687023,0.6870229007633587,0.6297709923664122,1.6603053435114503,1.4885496183206106,0.2862595419847328,0.0,0.0,27.694635488308116,31.818181818181817,37.8698224852071,32.432432432432435,6.9842138765117765
spain,La Liga,2025,Alejandro Balde,22.0,D,Spain,177.0,76.0,28,21,1874.0,0.0,2.0,1.0,1.0,0,0,2,0.0,0,0.192102454642476,0.43223052294557096,0.048025613660619,0.0,0.096051227321238,0.096051227321238,0.0,57.34258271077908,1.152614727854856,1.6808964781216649,0.48025613660619,0.240128068303095,1.92102454642476,7.588046958377801,4.466382070437566,1.8729989327641408,1.1045891141942368,0.33617929562433296,1.200640341515475,0.6723585912486659,0.096051227321238,0.0,0.0,50.45393634840871,11.11111111111111,58.86075949367089,58.97435897435898,6.727403846153846
spain,La Liga,2025,Alejandro Catena,31.0,D,Spain,194.0,82.0,35,35,3073.0,3.0,2.0,0.0,2.0,0,0,11,0.0,1,0.0878620240807029,0.41002277904328016,0.11714936544093718,0.0878620240807029,0.05857468272046859,0.1464367068011715,0.0878620240807029,49.64204360559714,0.3514480963228116,1.171493654409372,0.9371949235274974,0.9664822648877318,2.1379759192971037,7.702570777741621,4.100227790432802,0.3221607549625773,0.1757240481614058,0.3221607549625773,0.41002277904328016,1.3472177025707777,0.3221607549625773,0.0,0.029287341360234295,47.83952802359882,28.57142857142857,53.2319391634981,54.54545454545454,6.9164985356329325
spain,La Liga,2025,Alejandro Francés,23.0,D,Spain,181.0,70.0,24,11,1121.0,0.0,2.0,0.0,0.0,0,0,2,0.0,1,0.08028545941123996,0.7225691347011597,0.32114183764495985,0.0,0.16057091882247992,0.16057091882247992,0.0,58.68867082961641,0.8028545941123997,2.007136485280999,0.4817127564674398,1.2042818911685995,3.2114183764495987,8.349687778768956,5.539696699375558,0.8831400535236397,0.5619982158786797,0.5619982158786797,1.8465655664585192,1.2042818911685995,0.16057091882247992,0.0,0.08028545941123996,40.16689466484268,44.44444444444444,66.34615384615384,63.63636363636363,7.0157002676181985
spain,La Liga,2025,Alejandro Iturbe,22.0,G,Spain,186.0,74.0,0,0,0.0,0.0,0.0,0.0,0.0,0,0,0,0.0,0,,,,,,,,,,,,,,,,,,,,,,,,,,,,
spain,La Liga,2025,Alejandro Mestanza,21.0,M,,,,3,1,79.0,0.0,0.0,0.0,0.0,0,0,0,0.0,0,1.139240506329114,1.139240506329114,0.0,0.0,0.0,0.0,0.0,23.92405063291139,0.0,2.278481012658228,0.0,0.0,2.278481012658228,10.253164556962025,6.8354430379746836,2.278481012658228,2.278481012658228,0.0,2.278481012658228,1.139240506329114,0.0,0.0,0.0,9.142857142857142,0.0,66.66666666666666,100.0,6.4113924050632916
spain,La Liga,2025,Alejandro Panach Olmo,19.0,D,,,,0,0,0.0,0.0,0.0,0.0,0.0,0,0,0,0.0,0,,,,,,,,,,,,,,,,,,,,,,,,,,,,
spain,La Liga,2025,Alejandro Primo,21.0,G,Spain,187.0,74.0,0,0,0.0,0.0,0.0,0.0,0.0,0,0,0,0.0,0,,,,,,,,,,,,,,,,,,,,,,,,,,,,
spain,La Liga,2025,Alejandro Rego,22.0,M,Spain,192.0,,29,11,1266.0,1.0,1.0,0.0,1.0,0,0,6,0.0,0,0.0,0.4265402843601896,0.2132701421800948,0.07109004739336493,0.07109004739336493,0.14218009478672985,0.07109004739336493,38.317535545023695,0.7819905213270142,2.9857819905213274,0.3554502369668246,1.7061611374407584,4.691943127962085,10.52132701421801,5.04739336492891,1.3507109004739337,0.6398104265402843,1.066350710900474,0.4265402843601896,2.8436018957345968,0.4265402843601896,0.0,0.0,22.16883116883117,50.0,47.97297297297297,47.368421052631575,6.718483412322275
spain,La Liga,2025,Aleksa Puric,22.0,D,Serbia,185.0,,2,0,46.0,0.0,0.0,0.0,0.0,0,0,0,0.0,0,0.0,0.0,0.0,0.0,0.0,0.0,0.0,31.304347826086957,0.0,1.9565217391304348,0.0,3.9130434782608696,5.869565217391304,11.739130434782608,5.869565217391304,0.0,0.0,1.9565217391304348,1.9565217391304348,1.9565217391304348,0.0,0.0,0.0,14.0,,50.0,,6.2
spain,La Liga,2025,Aleksandar Andreev,19.0,G,Bulgaria,190.0,85.0,0,0,0.0,0.0,0.0,0.0,0.0,0,0,0,0.0,0,,,,,,,,,,,,,,,,,,,,,,,,,,,,
spain,La Liga,2025,Alemão,27.0,F,Brazil,182.0,88.0,26,11,1149.0,4.0,0.0,0.0,0.0,0,0,3,0.0,0,0.3133159268929504,1.5665796344647518,0.9399477806788512,0.3133159268929504,0.0,0.3133159268929504,0.3133159268929504,14.412532637075719,0.5483028720626633,0.4699738903394256,0.1566579634464752,0.0783289817232376,0.5483028720626633,11.592689295039165,4.6214099216710185,1.0182767624020888,0.5483028720626633,0.7049608355091384,2.1148825065274153,1.8015665796344649,0.2349869451697128,0.0,0.0,7.0271739130434785,60.0,39.86486486486486,53.84615384615385,6.567131647776809
spain,La Liga,2025,Alex Almansa,22.0,F,Spain,186.0,76.0,0,0,0.0,0.0,0.0,0.0,0.0,0,0,0,0.0,0,,,,,,,,,,,,,,,,,,,,,,,,,,,,
spain,La Liga,2025,Alex Costa,22.0,F,,,,0,0,0.0,0.0,0.0,0.0,0.0,0,0,0,0.0,0,,,,,,,,,,,,,,,,,,,,,,,,,,,,
spain,La Liga,2025,Alex Costa,22.0,F,Spain,189.0,,0,0,0.0,0.0,0.0,0.0,0.0,0,0,0,0.0,0,,,,,,,,,,,,,,,,,,,,,,,,,,,,
spain,La Liga,2025,Alex Herraiz,,M,,,,0,0,0.0,0.0,0.0,0.0,0.0,0,0,0,0.0,0,,,,,,,,,,,,,,,,,,,,,,,,,,,,
spain,La Liga,2025,Alex Lebarbier,21.0,M,France,,,0,0,0.0,0.0,0.0,0.0,0.0,0,0,0,0.0,0,,,,,,,,,,,,,,,,,,,,,,,,,,,,
spain,La Liga,2025,Alex Marchal,18.0,F,Spain,180.0,70.0,0,0,0.0,0.0,0.0,0.0,0.0,0,0,0,0.0,0,,,,,,,,,,,,,,,,,,,,,,,,,,,,
spain,La Liga,2025,Alex Padilla,22.0,G,Spain,190.0,83.0,1,1,90.0,0.0,0.0,0.0,0.0,0,0,0,0.0,1,0.0,0.0,0.0,0.0,0.0,0.0,0.0,31.0,0.0,0.0,0.0,0.0,0.0,0.0,0.0,0.0,0.0,0.0,0.0,0.0,0.0,0.0,1.0,11.0,,,,5.2
spain,La Liga,2025,Alexander Freeman,21.0,D,USA,188.0,,9,3,356.0,0.0,0.0,0.0,0.0,0,0,0,0.0,0,0.0,0.25280898876404495,0.0,0.0,0.0,0.0,0.0,59.15730337078652,0.25280898876404495,3.286516853932584,0.5056179775280899,1.0112359550561798,4.297752808988764,9.606741573033707,6.320224719101124,1.5168539325842696,0.7584269662921348,1.2640449438202246,0.7584269662921348,0.5056179775280899,0.0,0.0,0.0,45.26609442060086,0.0,65.78947368421053,50.0,7.1199438202247185
spain,La Liga,2025,Alexander Sørloth,30.0,F,Norway,196.0,90.0,35,20,1981.0,13.0,0.0,0.0,1.0,0,0,4,0.0,1,0.49974760222110043,2.498738011105502,1.5901060070671378,0.5906108026249369,0.0,0.5906108026249369,0.5906108026249369,19.262998485613327,0.4543160020191822,0.6360424028268551,0.09086320040383644,0.0,0.6360424028268551,12.857142857142856,6.133266027258959,1.2720848056537102,0.49974760222110043,0.2725896012115093,0.7269056032306915,1.3629480060575467,0.18172640080767288,0.0,0.04543160020191822,11.29245283018868,63.63636363636363,47.70318021201413,39.285714285714285,6.984048460373549
spain,La Liga,2025,Alexis Sánchez,37.0,F,Chile,169.0,62.0,28,11,1305.0,4.0,2.0,0.0,0.0,1,0,3,0.0,0,0.896551724137931,1.3103448275862069,0.6206896551724138,0.27586206896551724,0.13793103448275862,0.41379310344827586,0.20689655172413793,30.620689655172413,1.793103448275862,1.5172413793103448,0.0,0.48275862068965514,2.0,10.344827586206897,4.827586206896552,1.5172413793103448,0.5517241379310345,1.103448275862069,1.793103448275862,1.103448275862069,0.20689655172413793,0.0,0.0,15.277027027027026,47.368421052631575,46.666666666666664,36.36363636363637,6.682222222222221
spain,La Liga,2025,Alfon González,26.0,F,Spain,172.0,60.0,20,7,655.0,2.0,0.0,0.0,0.0,0,0,0,0.0,0,0.13740458015267176,1.5114503816793894,1.3740458015267174,0.2748091603053435,0.0,0.2748091603053435,0.2748091603053435,18.137404580152673,1.2366412213740459,0.4122137404580153,0.0,0.2748091603053435,0.6870229007633587,10.305343511450381,2.6106870229007635,3.1603053435114505,0.8244274809160306,0.6870229007633587,1.099236641221374,1.3740458015267174,0.0,0.0,0.0,8.340909090909092,90.9090909090909,25.333333333333336,26.08695652173913,6.625648854961832
spain,La Liga,2025,Alfonso Espino,33.0,D,Uruguay,172.0,71.0,30,15,1493.0,2.0,0.0,1.0,1.0,0,0,3,0.0,0,0.6028131279303416,0.9042196918955124,0.5425318151373074,0.12056262558606831,0.0,0.12056262558606831,0.12056262558606831,35.50569323509712,1.145344943067649,3.1346282652377764,0.3014065639651708,0.9042196918955124,4.038847957133289,12.839919624916277,7.052913596784996,1.7481580709979907,1.0247823174815807,2.0495646349631613,1.8084393837910249,1.4467515070328196,0.18084393837910245,0.0,0.0,23.408163265306122,60.0,54.929577464788736,58.620689655172406,6.901408450704225
spain,La Liga,2025,Alfonso Pedraza,29.0,D,Spain,184.0,73.0,27,19,1690.0,1.0,3.0,0.0,1.0,0,0,8,0.0,0,0.21301775147928995,0.4260355029585799,0.15976331360946744,0.05325443786982249,0.15976331360946744,0.21301775147928995,0.05325443786982249,32.16568047337278,1.1183431952662721,2.183431952662722,0.3195266272189349,1.544378698224852,3.7278106508875744,8.733727810650889,4.633136094674557,1.7573964497041419,1.0650887573964496,0.7988165680473372,1.2248520710059172,1.4378698224852071,0.4260355029585799,0.0,0.0,25.076285240464344,37.5,53.04878048780488,60.60606060606061,6.786974541148609
spain,La Liga,2025,Ali Houary,20.0,F,Morocco,178.0,74.0,2,2,125.0,0.0,0.0,0.0,0.0,0,0,0,0.0,0,0.0,0.72,0.0,0.0,0.0,0.0,0.0,38.16,0.0,2.88,0.0,0.72,3.6,15.84,5.04,2.16,0.72,1.44,1.44,5.04,0.0,0.0,0.0,29.867924528301888,0.0,31.818181818181817,33.33333333333333,6.404
spain,La Liga,2025,Allan Nyom,37.0,D,Cameroon,188.0,78.0,15,7,524.0,0.0,1.0,0.0,0.0,0,0,6,0.0,1,0.17175572519083968,0.34351145038167935,0.17175572519083968,0.0,0.17175572519083968,0.17175572519083968,0.0,30.744274809160306,1.0305343511450382,1.8893129770992367,0.0,0.17175572519083968,2.0610687022900764,11.16412213740458,6.354961832061069,0.5152671755725191,0.17175572519083968,0.5152671755725191,1.3740458015267174,2.232824427480916,1.0305343511450382,0.0,0.17175572519083968,16.46629213483146,50.0,56.92307692307692,33.33333333333333,6.944615384615385
spain,La Liga,2025,Alvaro Leiva,21.0,F,Spain,173.0,77.0,1,0,3.0,0.0,0.0,0.0,0.0,0,0,0,0.0,0,0.0,0.0,0.0,0.0,0.0,0.0,0.0,60.0,0.0,0.0,0.0,0.0,0.0,0.0,0.0,0.0,0.0,0.0,0.0,0.0,0.0,0.0,0.0,1.0,,,,
spain,La Liga,2025,Alvaro Núñez,25.0,D,Spain,174.0,60.0,25,24,1984.0,0.0,2.0,0.0,1.0,0,0,2,0.0,0,0.0907258064516129,0.0907258064516129,0.04536290322580645,0.0,0.0907258064516129,0.0907258064516129,0.0,55.342741935483865,0.997983870967742,1.315524193548387,0.3629032258064516,0.7258064516129032,2.0413306451612905,6.39616935483871,3.492943548387097,1.0433467741935485,0.6804435483870968,0.5897177419354839,0.997983870967742,0.6350806451612903,0.0907258064516129,0.0,0.0,50.43688524590164,50.0,54.60992907801418,65.21739130434783,6.93608870967742
spain,La Liga,2025,Ander Barrenetxea,24.0,M,Spain,175.0,74.0,30,22,1769.0,3.0,5.0,0.0,0.0,0,0,5,0.0,0,0.25438100621820237,1.4754098360655739,0.5596382136800452,0.15262860373092144,0.25438100621820237,0.4070096099491238,0.15262860373092144,36.93612210288298,2.2385528547201807,1.5262860373092142,0.2035048049745619,0.7631430186546071,2.2894290559638213,14.499717354437536,6.308648954211419,5.901639344262295,2.798191068400226,0.8140192198982475,1.5262860373092142,1.8824194460146975,0.25438100621820237,0.0,0.0,25.65564738292011,37.93103448275862,43.50877192982456,47.41379310344828,6.8524024872809495
spain,La Liga,2025,Ander Guevara,28.0,M,Spain,180.0,73.0,25,2,681.0,1.0,1.0,0.0,0.0,0,0,4,0.0,1,0.0,0.5286343612334802,0.13215859030837004,0.13215859030837004,0.13215859030837004,0.2643171806167401,0.13215859030837004,60.264317180616736,0.7929515418502203,1.5859030837004406,0.2643171806167401,0.9251101321585903,2.511013215859031,11.629955947136564,4.889867841409692,1.3215859030837005,0.6607929515418502,1.5859030837004406,0.6607929515418502,1.4537444933920705,0.5286343612334802,0.0,0.13215859030837004,22.458333333333332,25.0,42.04545454545455,50.0,6.71071953010279
spain,La Liga,2025,Andoni Gorosabel,29.0,D,Spain,174.0,70.0,24,15,1359.0,0.0,1.0,0.0,0.0,0,0,3,0.0,0,0.0,0.33112582781456956,0.06622516556291391,0.0,0.06622516556291391,0.06622516556291391,0.0,36.75496688741722,1.0596026490066226,2.4503311258278146,0.13245033112582782,1.0596026490066226,3.5099337748344372,8.80794701986755,4.900662251655629,1.3245033112582782,0.7947019867549668,1.0596026490066226,0.7947019867549668,0.8609271523178809,0.1986754966887417,0.0,0.0,27.234234234234233,20.0,55.639097744360896,60.0,6.5727005150846205
spain,La Liga,2025,Andreas Christensen,29.0,D,Denmark,189.0,84.0,13,3,435.0,0.0,0.0,0.0,0.0,0,0,2,0.0,0,0.0,0.41379310344827586,0.41379310344827586,0.0,0.0,0.0,0.0,74.48275862068965,0.20689655172413793,1.0344827586206897,0.6206896551724138,0.41379310344827586,1.4482758620689655,7.655172413793103,4.551724137931035,0.0,0.0,0.6206896551724138,0.8275862068965517,1.2413793103448276,0.41379310344827586,0.0,0.0,58.18055555555556,100.0,59.45945945945946,,6.824305555555555
spain,La Liga,2025,Andrei Rațiu,27.0,D,Romania,183.0,75.0,35,31,2810.0,0.0,4.0,0.0,1.0,0,0,9,0.0,0,0.12811387900355872,0.8327402135231317,0.28825622775800713,0.0,0.12811387900355872,0.12811387900355872,0.0,42.245551601423486,1.3772241992882561,2.2419928825622777,0.22419928825622776,1.217081850533808,3.4590747330960854,11.177935943060497,5.572953736654805,3.7473309608540926,2.01779359430605,0.6725978647686832,0.6725978647686832,0.704626334519573,0.28825622775800713,0.0,0.0,35.711902956785444,34.61538461538461,49.8567335243553,53.84615384615385,6.978718861209964
spain,La Liga,2025,Andres Castrin,22.0,D,Spain,188.0,83.0,19,13,1281.0,1.0,0.0,0.0,0.0,0,0,4,0.0,0,0.0702576112412178,0.6323185011709602,0.2107728337236534,0.0702576112412178,0.0,0.0702576112412178,0.0702576112412178,52.62295081967213,0.1405152224824356,1.826697892271663,0.9836065573770492,1.405152224824356,3.2318501170960188,8.501170960187354,5.269320843091335,0.7728337236533959,0.6323185011709602,0.5620608899297423,0.9133489461358315,0.9133489461358315,0.2810304449648712,0.0,0.0,45.58210947930574,33.33333333333333,61.98347107438017,81.81818181818183,7.086260733801717
spain,La Liga,2025,Andriy Lunin,26.0,G,Ukraine,191.0,80.0,6,6,540.0,0.0,0.0,0.0,0.0,0,0,0,0.0,1,0.0,0.0,0.0,0.0,0.0,0.0,0.0,34.83333333333333,0.0,0.16666666666666669,0.0,0.0,0.16666666666666669,0.33333333333333337,0.33333333333333337,0.0,0.0,0.0,0.0,0.0,0.0,0.0,0.16666666666666669,30.74641148325359,,100.0,,7.133333333333334
spain,La Liga,2025,André Almeida,25.0,M,Portugal,176.0,62.0,22,11,1035.0,0.0,2.0,1.0,0.0,0,0,0,0.0,0,0.0,0.5217391304347826,0.2608695652173913,0.0,0.17391304347826086,0.17391304347826086,0.0,49.39130434782609,1.565217391304348,2.0,0.08695652173913043,0.8695652173913043,2.869565217391304,10.08695652173913,5.391304347826087,2.5217391304347827,1.2173913043478262,0.6086956521739131,1.9130434782608696,0.9565217391304348,0.0,0.0,0.0,35.75880281690141,50.0,53.44827586206896,48.275862068965516,6.96656976744186
spain,La Liga,2025,André Silva,30.0,F,Portugal,185.0,84.0,31,22,1859.0,10.0,0.0,1.0,0.0,3,0,3,0.0,0,0.29047875201721357,2.033351264120495,1.4039806347498656,0.48413125336202256,0.0,0.48413125336202256,0.3388918773534158,24.01291016675632,1.0650887573964496,0.6777837547068316,0.048413125336202255,0.24206562668101128,0.9198493813878429,10.989779451317913,4.2119419042495965,1.6460462614308766,0.6777837547068316,0.7746100053792361,1.6460462614308766,1.1619150080688543,0.14523937600860679,0.0,0.0,16.590631364562118,69.04761904761905,38.32599118942731,41.17647058823529,6.840527448869753
spain,La Liga,2025,Andrés Antañón,18.0,M,Spain,,,2,1,62.0,0.0,0.0,0.0,0.0,0,0,0,0.0,0,0.0,2.903225806451613,2.903225806451613,0.0,0.0,0.0,0.0,26.12903225806452,0.0,0.0,0.0,0.0,0.0,13.06451612903226,1.4516129032258065,1.4516129032258065,0.0,7.258064516129032,0.0,1.4516129032258065,0.0,0.0,0.0,6.222222222222222,100.0,11.11111111111111,0.0,6.22741935483871
spain,La Liga,2025,Angel Arcos,19.0,F,,,,0,0,0.0,0.0,0.0,0.0,0.0,0,0,0,0.0,0,,,,,,,,,,,,,,,,,,,,,,,,,,,,
spain,La Liga,2025,Angel Fortuno,24.0,G,Spain,183.0,77.0,1,1,90.0,0.0,0.0,0.0,0.0,0,0,0,0.0,0,0.0,0.0,0.0,0.0,0.0,0.0,0.0,23.0,0.0,0.0,0.0,0.0,0.0,2.0,2.0,0.0,0.0,0.0,0.0,0.0,0.0,0.0,0.0,21.0,,100.0,,7.9
spain,La Liga,2025,Angel Ortiz,21.0,D,Spain,167.0,60.0,13,7,582.0,0.0,0.0,0.0,0.0,0,0,1,0.0,0,0.0,0.0,0.0,0.0,0.0,0.0,0.0,38.65979381443299,0.9278350515463918,4.175257731958763,0.6185567010309279,0.4639175257731959,4.639175257731958,12.68041237113402,6.958762886597938,2.783505154639175,1.2371134020618557,1.2371134020618557,1.3917525773195876,1.3917525773195876,0.15463917525773196,0.0,0.0,24.204,,54.87804878048781,44.44444444444444,6.636379310344828
spain,La Liga,2025,Ante Budimir,34.0,F,Croatia,190.0,75.0,37,35,2953.0,17.0,0.0,2.0,0.0,6,2,3,0.0,0,0.6705045716220792,2.682018286488317,1.2495767016593295,0.5181171689806976,0.0,0.5181171689806976,0.3352522858110396,11.94717236708432,0.4876396884524213,0.640027091093803,0.18286488316965796,0.18286488316965796,0.8228919742634608,11.79478496444294,5.485946495089739,0.5485946495089739,0.09143244158482898,0.12190992211310532,1.127666779546224,1.5848289874703692,0.09143244158482898,0.0,0.0,7.790816326530612,46.590909090909086,46.51162790697674,16.666666666666664,6.840128682695564
spain,La Liga,2025,Antoine Griezmann,34.0,F,France,176.0,73.0,34,13,1476.0,7.0,4.0,0.0,0.0,0,0,1,0.0,0,0.9146341463414633,2.74390243902439,1.5243902439024388,0.4268292682926829,0.24390243902439024,0.6707317073170731,0.4268292682926829,44.451219512195124,1.951219512195122,0.8536585365853658,0.12195121951219512,0.4878048780487805,1.3414634146341462,6.402439024390244,2.6829268292682924,1.5853658536585364,0.5487804878048781,0.6707317073170731,0.6097560975609756,0.24390243902439024,0.06097560975609756,0.0,0.0,24.102880658436213,55.55555555555556,41.904761904761905,34.61538461538461,6.921476964769648
spain,La Liga,2025,Antonio Blanco,25.0,M,Spain,176.0,70.0,36,36,3116.0,2.0,3.0,0.0,0.0,0,0,9,0.0,0,0.05776636713735558,0.693196405648267,0.3754813863928113,0.05776636713735558,0.08664955070603338,0.14441591784338897,0.05776636713735558,53.00064184852375,0.6354300385109114,2.6861360718870344,0.3177150192554557,1.530808729139923,4.2169448010269575,11.726572528883183,5.545571245186136,0.8953786906290117,0.6643132220795892,1.8774069319640565,1.241976893453145,2.0507060333761236,0.25994865211810014,0.0,0.0,47.8566757493188,54.166666666666664,47.29064039408867,74.19354838709677,6.903818998716303
spain,La Liga,2025,Antonio Martínez,19.0,M,Spain,,,0,0,0.0,0.0,0.0,0.0,0.0,0,0,0,0.0,0,,,,,,,,,,,,,,,,,,,,,,,,,,,,
spain,La Liga,2025,Antonio Raíllo,34.0,D,Spain,187.0,80.0,24,23,2070.0,0.0,1.0,0.0,3.0,0,0,4,0.0,0,0.043478260869565216,0.5217391304347826,0.043478260869565216,0.0,0.043478260869565216,0.043478260869565216,0.0,49.65217391304348,0.30434782608695654,1.0869565217391304,1.4782608695652175,0.6956521739130435,1.782608695652174,7.913043478260869,5.0,0.0,0.0,0.13043478260869565,0.6521739130434783,1.0,0.17391304347826086,0.0,0.0,48.42556917688266,8.333333333333332,63.18681318681318,,6.958840579710144
spain,La Liga,2025,Antonio Rüdiger,32.0,D,Germany,190.0,85.0,18,16,1492.0,1.0,0.0,0.0,0.0,0,0,0,0.0,0,0.12064343163538874,0.6032171581769437,0.06032171581769437,0.06032171581769437,0.0,0.06032171581769437,0.06032171581769437,70.6970509383378,0.18096514745308312,0.8445040214477211,0.24128686327077747,0.24128686327077747,1.0857908847184985,4.343163538873994,2.774798927613941,0.06032171581769437,0.0,0.06032171581769437,0.12064343163538874,0.6635388739946381,0.0,0.0,0.0,65.7363481228669,10.0,63.888888888888886,0.0,6.908914209115282
spain,La Liga,2025,Antonio Salguero,20.0,D,Spain,,,0,0,0.0,0.0,0.0,0.0,0.0,0,0,0,0.0,0,,,,,,,,,,,,,,,,,,,,,,,,,,,,
spain,La Liga,2025,Antonio Sivera,29.0,G,Spain,184.0,75.0,38,38,3420.0,0.0,0.0,0.0,1.0,0,0,3,0.0,0,0.0,0.0,0.0,0.0,0.0,0.0,0.0,27.263157894736842,0.0,0.052631578947368425,0.0,0.0,0.052631578947368425,0.44736842105263164,0.368421052631579,0.0,0.0,0.026315789473684213,0.026315789473684213,0.026315789473684213,0.07894736842105263,0.0,0.0,14.25965250965251,,82.35294117647058,,6.928947368421053
spain,La Liga,2025,Antonio Sánchez,28.0,M,Spain,179.0,78.0,30,9,1088.0,0.0,0.0,0.0,0.0,0,0,5,0.0,1,0.08272058823529412,0.4963235294117647,0.24816176470588236,0.0,0.0,0.0,0.0,31.268382352941174,0.9926470588235294,1.6544117647058825,0.24816176470588236,1.2408088235294117,2.895220588235294,8.685661764705882,3.308823529411765,0.9926470588235294,0.4136029411764706,1.40625,0.8272058823529412,1.3235294117647058,0.4136029411764706,0.0,0.08272058823529412,14.203703703703704,50.0,38.095238095238095,41.66666666666667,6.603584558823529
spain,La Liga,2025,Antoniu Roca,23.0,F,Spain,180.0,65.0,13,3,298.0,0.0,0.0,0.0,0.0,0,0,2,0.0,0,0.0,0.6040268456375839,0.30201342281879195,0.0,0.0,0.0,0.0,16.91275167785235,1.2080536912751678,2.1140939597315436,0.0,0.6040268456375839,2.7181208053691277,19.026845637583893,8.154362416107382,6.040268456375839,3.0201342281879193,1.2080536912751678,2.4161073825503356,3.0201342281879193,0.6040268456375839,0.0,0.0,3.9642857142857144,50.0,42.857142857142854,50.0,6.44228187919463
spain,La Liga,2025,Antony,25.0,M,Brazil,174.0,63.0,32,30,2459.0,8.0,6.0,0.0,0.0,0,0,6,0.0,1,0.07320048800325335,2.4522163481089874,1.2444082960553071,0.2928019520130134,0.21960146400976005,0.5124034160227735,0.2928019520130134,43.81049206994713,2.049613664091094,1.464009760065067,0.036600244001626675,0.8418056120374136,2.3058153721024808,8.344855632370882,4.3188287921919475,2.1228141520943473,0.9882065880439203,0.9150061000406668,1.6104107360715736,0.7320048800325335,0.21960146400976005,0.0,0.036600244001626675,34.61737677527151,50.74626865671642,51.75438596491229,46.55172413793103,7.250427002846686
spain,La Liga,2025,Arda Güler,20.0,M,Türkiye,176.0,67.0,33,25,2026.0,4.0,9.0,0.0,1.0,0,0,1,0.0,0,0.1332675222112537,1.554787759131293,0.8440276406712734,0.17769002961500494,0.39980256663376107,0.577492596248766,0.17769002961500494,59.748272458045406,3.109575518262586,2.043435340572557,0.08884501480750247,0.39980256663376107,2.443237907206318,8.440276406712734,4.842053307008885,1.9101678183613031,1.1994076999012833,0.8884501480750246,1.4215202369200395,0.9328726554787758,0.044422507403751234,0.0,0.0,42.704089219330854,54.285714285714285,57.36842105263158,62.7906976744186,7.206465942744323
spain,La Liga,2025,Aritz Elustondo,31.0,D,Spain,180.0,71.0,16,8,725.0,0.0,1.0,0.0,1.0,0,0,0,0.0,0,0.0,0.49655172413793097,0.24827586206896549,0.0,0.12413793103448274,0.12413793103448274,0.0,46.92413793103448,0.12413793103448274,1.7379310344827588,0.3724137931034483,1.2413793103448276,2.9793103448275864,11.420689655172415,5.337931034482759,0.7448275862068966,0.0,1.7379310344827588,1.3655172413793104,2.110344827586207,0.0,0.0,0.0,29.854497354497354,50.0,46.73913043478261,0.0,6.343370165745857
spain,La Liga,2025,Arkaitz Mariezkurrena,20.0,F,Spain,181.0,68.0,1,0,1.0,0.0,0.0,0.0,1.0,0,0,0,0.0,0,0.0,0.0,0.0,0.0,0.0,0.0,0.0,0.0,0.0,0.0,0.0,0.0,0.0,180.0,0.0,0.0,0.0,0.0,0.0,180.0,0.0,0.0,0.0,,,0.0,,
spain,La Liga,2025,Arnau Martínez,22.0,D,Spain,182.0,72.0,35,33,2678.0,2.0,3.0,0.0,0.0,0,0,6,0.0,0,0.10082150858849888,0.4705003734129948,0.13442867811799852,0.06721433905899926,0.10082150858849888,0.16803584764749813,0.06721433905899926,47.95743091859596,0.806572068707991,2.2180731889469754,0.4368932038834951,1.3778939507094847,3.59596713965646,8.670649738610903,4.805825242718447,0.8737864077669902,0.4368932038834951,0.90739357729649,1.0082150858849888,0.806572068707991,0.20164301717699776,0.0,0.0,41.75893482831114,28.57142857142857,55.42635658914728,50.0,6.833233756534728
spain,La Liga,2025,Arnau Tenas,24.0,G,Spain,185.0,85.0,10,10,900.0,0.0,0.0,0.0,0.0,0,0,0,0.0,0,0.0,0.0,0.0,0.0,0.0,0.0,0.0,28.4,0.0,0.1,0.0,0.0,0.1,0.2,0.2,0.0,0.0,0.0,0.1,0.0,0.0,0.0,0.0,18.27112676056338,,100.0,,6.87
spain,La Liga,2025,Arnaut Danjuma,28.0,F,Netherlands,178.0,74.0,30,18,1627.0,3.0,2.0,1.0,0.0,0,1,0,0.0,0,0.27658266748617083,1.548862937922557,0.7744314689612785,0.16594960049170251,0.11063306699446834,0.27658266748617083,0.16594960049170251,21.628764597418563,0.9403810694529808,0.7191149354640444,0.05531653349723417,0.11063306699446834,0.8297480024585127,8.740012292563,3.816840811309158,3.540258143822987,1.4935464044253228,0.33189920098340503,1.2169637369391517,1.1616472034419176,0.0,0.0,0.0,12.647058823529411,50.0,43.67088607594937,42.1875,6.7779963122310996
spain,La Liga,2025,Arsen Zakharyan,22.0,M,Russia,182.0,73.0,17,3,448.0,0.0,0.0,0.0,0.0,0,0,2,0.0,0,0.8035714285714285,1.607142857142857,0.6026785714285714,0.0,0.0,0.0,0.0,43.392857142857146,2.0089285714285716,2.0089285714285716,0.0,0.40178571428571425,2.4107142857142856,9.441964285714286,3.013392857142857,2.4107142857142856,0.20089285714285712,1.0044642857142858,0.40178571428571425,1.8080357142857144,0.40178571428571425,0.0,0.0,13.986046511627906,37.5,31.914893617021278,8.333333333333332,6.509395973154363
spain,La Liga,2025,Asier Hierro,20.0,F,,,,1,0,33.0,0.0,0.0,0.0,0.0,0,0,0,0.0,0,0.0,2.7272727272727275,0.0,0.0,0.0,0.0,0.0,24.545454545454543,2.7272727272727275,0.0,0.0,0.0,0.0,8.181818181818182,2.7272727272727275,0.0,0.0,0.0,0.0,0.0,0.0,0.0,0.0,6.0,0.0,33.33333333333333,,6.5
spain,La Liga,2025,Asier Osambela,21.0,M,Spain,186.0,75.0,17,2,372.0,1.0,0.0,0.0,0.0,0,0,1,0.0,1,0.0,1.4516129032258065,0.7258064516129032,0.24193548387096775,0.0,0.24193548387096775,0.24193548387096775,40.16129032258065,0.7258064516129032,1.4516129032258065,0.967741935483871,0.967741935483871,2.4193548387096775,13.790322580645162,5.806451612903226,0.4838709677419355,0.0,0.7258064516129032,0.24193548387096775,3.629032258064516,0.24193548387096775,0.0,0.24193548387096775,22.72289156626506,50.0,42.10526315789473,0.0,6.484010840108401
spain,La Liga,2025,Augusto Batalla,29.0,G,Argentina,186.0,87.0,34,34,3060.0,0.0,0.0,0.0,1.0,0,0,6,0.0,0,0.0,0.0,0.0,0.0,0.0,0.0,0.0,37.0,0.058823529411764705,0.029411764705882353,0.0,0.0,0.029411764705882353,0.7647058823529411,0.5294117647058824,0.1764705882352941,0.14705882352941177,0.11764705882352941,0.11764705882352941,0.029411764705882353,0.1764705882352941,0.0,0.0,24.435612082670907,,69.23076923076923,83.33333333333334,7.008823529411765
spain,La Liga,2025,Aurélien Tchouaméni,25.0,M,France,187.0,81.0,33,31,2622.0,1.0,0.0,0.0,0.0,0,0,8,0.0,0,0.0,1.0297482837528604,0.2402745995423341,0.034324942791762014,0.0,0.034324942791762014,0.034324942791762014,65.66361556064074,0.8237986270022883,2.334096109839817,0.44622425629290613,1.6132723112128147,3.9473684210526314,8.581235697940503,5.835240274599542,0.34324942791762014,0.10297482837528604,0.5491990846681922,0.9267734553775744,1.0640732265446224,0.2745995423340961,0.0,0.0,59.626764244641926,23.333333333333332,68.0,30.0,7.2654462242562925
spain,La Liga,2025,Axel Witsel,36.0,M,Belgium,186.0,81.0,32,30,2533.0,1.0,2.0,0.0,0.0,0,0,3,0.0,1,0.035530990919857876,0.568495854717726,0.17765495459928937,0.035530990919857876,0.07106198183971575,0.10659297275957363,0.035530990919857876,52.123963679431505,0.6040268456375839,1.2791156731148836,0.39084090011843664,1.0659297275957362,2.34504540071062,8.598499802605605,4.583497828661666,0.4974338728780102,0.35530990919857874,1.0659297275957362,1.3146466640347414,1.2080536912751678,0.10659297275957363,0.0,0.035530990919857876,46.71506475800955,31.25,53.30578512396694,71.42857142857143,6.93020134228188
spain,La Liga,2025,Aymeric Laporte,31.0,D,Spain,189.0,86.0,25,24,2060.0,0.0,1.0,1.0,0.0,0,0,4,0.0,0,0.043689320388349516,0.3932038834951456,0.21844660194174756,0.0,0.043689320388349516,0.043689320388349516,0.0,54.0,0.3058252427184466,1.179611650485437,0.5679611650485437,1.0922330097087378,2.2718446601941746,6.5533980582524265,4.456310679611651,0.08737864077669903,0.08737864077669903,0.3932038834951456,0.5679611650485437,0.3932038834951456,0.17475728155339806,0.0,0.0,53.506472491909385,55.55555555555556,68.0,100.0,6.8728155339805825
spain,La Liga,2025,Ayoze Pérez,32.0,F,Spain,178.0,66.0,25,12,1127.0,5.0,4.0,0.0,0.0,1,0,4,0.0,0,0.3992901508429459,1.3575865128660158,0.878438331854481,0.3992901508429459,0.3194321206743567,0.7187222715173025,0.3194321206743567,20.44365572315883,1.277728482697427,1.756876663708962,0.0,0.3194321206743567,2.076308784383319,14.29458740017746,5.74977817213842,3.1144631765749775,1.0381543921916594,0.6388642413487134,1.8367346938775508,1.3575865128660158,0.3194321206743567,0.0,0.0,11.10546875,64.70588235294117,40.22346368715084,33.33333333333333,6.881987577639752
spain,La Liga,2025,Azzedine Ounahi,25.0,M,Morocco,182.0,62.0,24,20,1766.0,5.0,2.0,1.0,0.0,1,0,7,0.0,0,0.05096262740656852,1.783691959229898,0.9682899207248018,0.2548131370328426,0.10192525481313704,0.3567383918459796,0.20385050962627407,46.22310305775765,1.8346545866364665,1.1721404303510758,0.05096262740656852,0.8154020385050963,1.987542468856172,15.79841449603624,8.103057757644393,6.727066817667044,3.5164212910532275,1.1721404303510758,3.2106455266138165,0.9173272933182333,0.3567383918459796,0.0,0.0,36.54024255788313,54.285714285714285,51.29032258064517,52.27272727272727,7.261608154020385
spain,La Liga,2025,Bambo Diaby,28.0,D,Spain,186.0,81.0,4,1,107.0,0.0,0.0,0.0,0.0,0,0,1,0.0,0,0.0,0.0,0.0,0.0,0.0,0.0,0.0,52.14953271028037,0.0,0.0,0.0,0.8411214953271028,0.8411214953271028,12.616822429906541,4.205607476635514,0.0,0.0,2.5233644859813085,2.5233644859813085,2.5233644859813085,0.8411214953271028,0.0,0.0,24.758064516129032,,33.33333333333333,,6.15981308411215
spain,La Liga,2025,Baptiste Santamaria,30.0,M,France,183.0,81.0,19,7,775.0,1.0,1.0,0.0,0.0,0,0,2,0.0,0,0.11612903225806452,0.4645161290322581,0.23225806451612904,0.11612903225806452,0.11612903225806452,0.23225806451612904,0.11612903225806452,46.91612903225806,0.4645161290322581,1.3935483870967742,0.23225806451612904,0.8129032258064517,2.206451612903226,9.638709677419355,5.341935483870968,1.3935483870967742,0.6967741935483871,0.6967741935483871,1.1612903225806452,1.5096774193548386,0.23225806451612904,0.0,0.0,32.19602977667494,50.0,55.42168674698795,50.0,6.960723514211887
spain,La Liga,2025,Batista Mendy,26.0,M,France,191.0,82.0,27,19,1624.0,1.0,0.0,0.0,0.0,0,0,6,0.0,0,0.0,0.5541871921182266,0.2770935960591133,0.05541871921182266,0.0,0.05541871921182266,0.05541871921182266,36.1884236453202,0.49876847290640397,1.9396551724137931,0.2770935960591133,0.9975369458128079,2.937192118226601,9.698275862068964,4.821428571428571,0.9421182266009852,0.5541871921182266,0.83128078817734,1.496305418719212,2.0504926108374386,0.33251231527093594,0.0,0.0,30.46707503828484,50.0,49.714285714285715,58.82352941176471,6.69987669543773
spain,La Liga,2025,Bema Sina,22.0,D,Ghana,,,0,0,0.0,0.0,0.0,0.0,0.0,0,0,0,0.0,0,,,,,,,,,,,,,,,,,,,,,,,,,,,,
spain,La Liga,2025,Beñat Prados,24.0,M,Spain,180.0,72.0,2,1,85.0,0.0,0.0,0.0,0.0,0,0,1,0.0,0,0.0,1.0588235294117647,0.0,0.0,0.0,0.0,0.0,51.882352941176464,2.1176470588235294,3.176470588235294,0.0,2.1176470588235294,5.294117647058823,14.823529411764707,6.352941176470588,2.1176470588235294,1.0588235294117647,1.0588235294117647,0.0,5.294117647058823,1.0588235294117647,0.0,0.0,23.346938775510203,0.0,42.857142857142854,50.0,6.591764705882352
spain,La Liga,2025,Beñat Turrientes,23.0,M,Spain,181.0,70.0,27,16,1367.0,0.0,3.0,0.0,0.0,0,0,7,0.0,0,0.0,0.9875640087783467,0.3950256035113387,0.0,0.19751280175566935,0.19751280175566935,0.0,45.757132406730065,0.7900512070226774,2.6335040234089244,0.3950256035113387,0.592538405267008,3.2260424286759326,11.587417702999268,6.188734455010973,2.1068032187271397,1.3167520117044622,0.9875640087783467,1.5142648134601315,1.8434528163862474,0.46086320409656184,0.0,0.0,33.066378066378064,40.0,53.40909090909091,62.5,6.786978785662033
spain,La Liga,2025,Bojan Miovski,26.0,F,North Macedonia,189.0,76.0,1,1,44.0,0.0,0.0,0.0,0.0,0,0,0,0.0,0,0.0,0.0,0.0,0.0,0.0,0.0,0.0,6.136363636363636,0.0,0.0,0.0,0.0,0.0,2.0454545454545454,0.0,2.0454545454545454,0.0,0.0,0.0,0.0,0.0,0.0,0.0,2.0,,0.0,0.0,6.5
spain,La Liga,2025,Borja Iglesias,32.0,F,Spain,187.0,86.0,35,21,1903.0,14.0,2.0,3.0,0.0,4,0,7,0.0,0,1.0404624277456647,1.7971623751970571,1.229637414608513,0.6621124540199685,0.09458749343142406,0.7566999474513925,0.4729374671571203,21.660535995796113,0.8039936941671046,0.37834997372569623,0.23646873357856016,0.04729374671571203,0.42564372044140836,8.512874408828166,3.2632685233841308,1.0404624277456647,0.5675249605885444,0.42564372044140836,1.4188124014713608,1.7971623751970571,0.33105622700998427,0.0,0.0,12.29475982532751,68.42105263157895,38.333333333333336,54.54545454545454,6.79311613242249
spain,La Liga,2025,Borja Mayoral,28.0,F,Spain,182.0,68.0,16,12,1067.0,4.0,1.0,0.0,0.0,0,1,0,0.0,0,0.9278350515463918,0.8434864104967197,0.5904404873477038,0.3373945641986879,0.08434864104967198,0.42174320524835984,0.3373945641986879,22.2680412371134,0.42174320524835984,0.42174320524835984,0.16869728209934395,0.42174320524835984,0.8434864104967197,8.013120899718839,2.783505154639175,0.7591377694470478,0.5060918462980318,0.3373945641986879,0.5904404873477038,0.5060918462980318,0.0,0.0,0.0,16.977272727272727,70.0,34.73684210526316,66.66666666666666,6.734020618556701
spain,La Liga,2025,Borja Sánchez,29.0,M,Spain,185.0,80.0,1,0,13.0,0.0,0.0,0.0,0.0,0,0,0,0.0,0,0.0,0.0,0.0,0.0,0.0,0.0,0.0,83.07692307692308,0.0,0.0,0.0,0.0,0.0,0.0,0.0,0.0,0.0,0.0,0.0,0.0,0.0,0.0,0.0,10.0,,,,6.700000000000001
spain,La Liga,2025,Brahim Díaz,26.0,M,Morocco,171.0,59.0,30,13,1284.0,1.0,6.0,2.0,0.0,0,0,2,0.0,0,0.2102803738317757,0.8411214953271028,0.49065420560747663,0.07009345794392523,0.4205607476635514,0.49065420560747663,0.07009345794392523,37.2196261682243,2.102803738317757,1.0514018691588785,0.0,0.14018691588785046,1.191588785046729,11.144859813084112,5.537383177570093,3.08411214953271,1.7523364485981308,0.14018691588785046,2.5934579439252334,1.3317757009345794,0.14018691588785046,0.0,0.0,23.839924670433145,58.333333333333336,49.685534591194966,56.81818181818182,6.728660436137072
spain,La Liga,2025,Brais Méndez,28.0,M,Spain,187.0,76.0,29,21,1672.0,6.0,2.0,0.0,0.0,1,1,5,0.0,1,0.37679425837320574,1.3456937799043063,0.8612440191387559,0.3229665071770335,0.10765550239234449,0.43062200956937796,0.26913875598086123,47.26076555023924,1.3456937799043063,1.9916267942583732,0.16148325358851676,0.37679425837320574,2.3684210526315788,12.70334928229665,6.5131578947368425,2.63755980861244,1.1303827751196172,0.43062200956937796,1.883971291866029,2.3145933014354068,0.26913875598086123,0.0,0.053827751196172245,32.815489749430526,64.0,51.271186440677965,42.857142857142854,6.957296650717703
spain,La Liga,2025,Brandon Domingues,25.0,M,France,172.0,63.0,0,0,0.0,0.0,0.0,0.0,0.0,0,0,0,0.0,0,,,,,,,,,,,,,,,,,,,,,,,,,,,,
spain,La Liga,2025,Bryan Gil,24.0,M,Spain,175.0,60.0,29,20,1597.0,0.0,3.0,0.0,0.0,0,0,6,0.0,0,0.33813400125234816,0.8453350031308703,0.3944896681277395,0.0,0.16906700062617408,0.16906700062617408,0.0,29.135879774577333,1.1834690043832186,1.747025673137132,0.056355666875391355,0.5072010018785222,2.254226675015654,14.08891671884784,5.917345021916093,4.5648090169067,1.8597370068879149,1.0144020037570445,2.0851596743894802,1.127113337507827,0.33813400125234816,0.0,0.0,19.831721470019342,46.666666666666664,42.0,40.74074074074074,6.512085159674389
spain,La Liga,2025,Bryan Zaragoza,24.0,F,Spain,164.0,61.0,19,13,1135.0,1.0,1.0,1.0,0.0,1,0,1,0.0,0,0.47577092511013214,1.5859030837004406,0.9515418502202643,0.07929515418502203,0.07929515418502203,0.15859030837004406,0.0,26.484581497797354,1.4273127753303965,0.7929515418502203,0.0,0.15859030837004406,0.9515418502202643,10.229074889867842,4.361233480176212,5.5506607929515415,2.140969162995595,0.9515418502202643,1.3480176211453743,0.5550660792951542,0.07929515418502203,0.0,0.0,17.39039039039039,60.0,42.63565891472868,38.57142857142858,6.951322751322752
spain,La Liga,2025,Buba Sangare,18.0,D,Spain,183.0,75.0,12,8,557.0,0.0,0.0,0.0,0.0,0,0,3,0.0,0,0.0,0.16157989228007183,0.0,0.0,0.0,0.0,0.0,39.42549371633752,0.16157989228007183,3.393177737881508,0.16157989228007183,1.2926391382405746,4.685816876122082,14.057450628366249,6.4631956912028725,2.7468581687612206,0.6463195691202873,0.16157989228007183,1.1310592459605027,3.716337522441652,0.48473967684021546,0.0,0.0,32.96311475409836,0.0,45.97701149425287,23.52941176470588,6.470197486535009
spain,La Liga,2025,Calebe Gonçalves,25.0,M,Brazil,173.0,67.0,19,13,765.0,0.0,0.0,0.0,0.0,0,0,2,0.0,0,0.0,0.23529411764705882,0.11764705882352941,0.0,0.0,0.0,0.0,36.8235294117647,1.4117647058823528,2.9411764705882355,0.11764705882352941,1.0588235294117647,4.0,13.764705882352942,7.294117647058824,4.588235294117647,1.8823529411764706,0.5882352941176471,2.235294117647059,2.1176470588235294,0.23529411764705882,0.0,0.0,19.21474358974359,50.0,52.991452991452995,41.02564102564102,6.69516339869281
spain,La Liga,2025,Carl Starfelt,30.0,D,Sweden,187.0,83.0,19,17,1493.0,0.0,0.0,0.0,0.0,0,0,3,0.0,1,0.0,0.24112525117213662,0.060281312793034156,0.0,0.0,0.0,0.0,61.185532484929674,0.060281312793034156,1.3864701942397857,0.7836570663094441,1.0247823174815807,2.4112525117213663,6.329537843268587,3.7374413931681176,0.12056262558606831,0.060281312793034156,0.060281312793034156,0.48225050234427325,1.145344943067649,0.18084393837910245,0.0,0.060281312793034156,58.92118226600985,25.0,59.04761904761905,50.0,6.893034159410583
spain,La Liga,2025,Carles Aleñá,27.0,M,Spain,180.0,70.0,34,23,1995.0,0.0,4.0,0.0,0.0,0,0,5,0.0,0,0.045112781954887216,0.81203007518797,0.22556390977443608,0.0,0.18045112781954886,0.18045112781954886,0.0,38.34586466165413,1.7142857142857144,1.669172932330827,0.09022556390977443,0.45112781954887216,2.1203007518796992,10.285714285714285,4.466165413533835,1.218045112781955,0.5413533834586467,1.0827067669172934,1.62406015037594,1.7142857142857144,0.22556390977443608,0.0,0.0,27.65529411764706,27.77777777777778,43.42105263157895,44.44444444444444,6.6133834586466165
spain,La Liga,2025,Carlos Ballestero,21.0,D,Spain,178.0,,1,0,9.0,0.0,0.0,0.0,0.0,0,0,0,0.0,0,0.0,0.0,0.0,0.0,0.0,0.0,0.0,0.0,0.0,0.0,0.0,0.0,0.0,10.0,0.0,0.0,0.0,10.0,0.0,0.0,0.0,0.0,0.0,,,0.0,,6.3
spain,La Liga,2025,Carlos Benavídez,27.0,M,Uruguay,185.0,76.0,13,3,338.0,0.0,0.0,0.0,0.0,0,0,2,0.0,1,0.0,0.5325443786982248,0.5325443786982248,0.0,0.0,0.0,0.0,36.4792899408284,0.7988165680473372,2.9289940828402368,1.331360946745562,0.5325443786982248,3.4615384615384617,9.85207100591716,5.059171597633136,0.5325443786982248,0.0,0.2662721893491124,0.5325443786982248,2.130177514792899,0.5325443786982248,0.0,0.2662721893491124,18.26277372262774,100.0,51.35135135135135,0.0,6.61923076923077
spain,La Liga,2025,Carlos De Roa,18.0,D,,,,0,0,0.0,0.0,0.0,0.0,0.0,0,0,0,0.0,0,,,,,,,,,,,,,,,,,,,,,,,,,,,,
spain,La Liga,2025,Carlos Domínguez,24.0,D,Spain,187.0,81.0,8,6,610.0,0.0,0.0,0.0,1.0,0,0,1,0.0,0,0.0,0.29508196721311475,0.14754098360655737,0.0,0.0,0.0,0.0,65.21311475409836,0.14754098360655737,1.9180327868852458,0.7377049180327869,0.7377049180327869,2.655737704918033,6.78688524590164,4.131147540983607,0.29508196721311475,0.0,0.29508196721311475,0.14754098360655737,0.8852459016393444,0.14754098360655737,0.0,0.0,64.20135746606334,50.0,60.86956521739131,0.0,6.671311475409836
spain,La Liga,2025,Carlos Espí,20.0,F,Spain,185.0,90.0,25,13,1351.0,11.0,0.0,0.0,0.0,0,0,3,0.0,0,0.5995558845299778,3.1976313841598816,1.5988156920799408,0.7327905255366395,0.0,0.7327905255366395,0.7327905255366395,14.122871946706143,0.5995558845299778,0.8660251665433013,0.06661732050333086,0.5995558845299778,1.465581051073279,13.190229459659513,6.395262768319763,1.5988156920799408,0.7994078460399704,0.5995558845299778,1.6654330125832717,2.065136935603257,0.1998519615099926,0.0,0.0,7.79047619047619,50.0,48.484848484848484,50.0,6.996965210954848
spain,La Liga,2025,Carlos Macia,17.0,M,,,,5,0,78.0,0.0,0.0,0.0,0.0,0,0,1,0.0,0,0.0,1.1538461538461537,0.0,0.0,0.0,0.0,0.0,45.0,0.0,5.769230769230768,0.0,2.3076923076923075,8.076923076923077,9.23076923076923,6.923076923076923,1.1538461538461537,1.1538461538461537,1.1538461538461537,0.0,1.1538461538461537,1.1538461538461537,0.0,0.0,20.473684210526315,0.0,75.0,100.0,6.510389610389611
spain,La Liga,2025,Carlos Martín,23.0,F,Spain,184.0,73.0,11,7,467.0,0.0,0.0,0.0,0.0,0,0,1,0.0,0,0.0,1.1563169164882228,0.7708779443254818,0.0,0.0,0.0,0.0,21.19914346895075,0.5781584582441114,2.119914346895075,0.3854389721627409,0.0,2.119914346895075,12.526766595289079,4.817987152034261,0.9635974304068522,0.7708779443254818,2.6980728051391862,0.9635974304068522,2.119914346895075,0.19271948608137046,0.0,0.0,12.486238532110091,66.66666666666666,38.46153846153847,80.0,6.372961373390559
spain,La Liga,2025,Carlos Romero,24.0,D,Spain,180.0,73.0,36,36,3195.0,6.0,3.0,0.0,1.0,0,0,4,0.0,0,0.02816901408450704,0.7323943661971831,0.3380281690140845,0.16901408450704225,0.08450704225352113,0.2535211267605634,0.16901408450704225,28.47887323943662,0.76056338028169,2.732394366197183,0.45070422535211263,1.1267605633802817,3.859154929577465,9.211267605633802,5.014084507042254,2.3661971830985915,1.380281690140845,0.9014084507042253,0.5352112676056338,1.1267605633802817,0.11267605633802816,0.0,0.0,24.042532146389714,46.15384615384615,54.43425076452599,58.333333333333336,7.050547730829421
spain,La Liga,2025,Carlos Soler,28.0,M,Spain,180.0,76.0,33,26,2332.0,4.0,3.0,0.0,0.0,0,0,3,0.0,1,0.0,1.1192109777015438,0.7332761578044596,0.15437392795883362,0.11578044596912522,0.2701543739279588,0.15437392795883362,46.11921097770155,1.7753001715265866,1.4665523156089193,0.38593481989708406,0.5789022298456261,2.0454545454545454,6.252144082332762,3.048885077186964,0.7718696397941681,0.5017152658662093,0.6946826758147513,0.7718696397941681,1.0806174957118353,0.11578044596912522,0.0,0.038593481989708404,38.09539748953975,65.51724137931035,48.76543209876543,65.0,7.012349914236707
spain,La Liga,2025,Carlos Vicente,26.0,F,Spain,179.0,72.0,21,11,1256.0,5.0,0.0,1.0,0.0,3,0,1,0.0,0,0.7165605095541401,0.7165605095541401,0.42993630573248404,0.35828025477707004,0.0,0.35828025477707004,0.14331210191082802,33.89331210191083,1.9347133757961783,2.006369426751592,0.14331210191082802,0.501592356687898,2.5079617834394905,12.038216560509554,6.592356687898089,2.6512738853503186,0.7882165605095541,1.4331210191082802,3.0095541401273884,0.8598726114649681,0.07165605095541401,0.0,0.0,24.04862579281184,60.0,54.761904761904766,29.72972972972973,6.98765923566879
spain,La Liga,2025,Carlos Álvarez,22.0,M,Spain,167.0,75.0,30,23,1908.0,3.0,1.0,1.0,0.0,0,0,3,0.0,0,0.09433962264150944,0.8962264150943396,0.5188679245283019,0.14150943396226415,0.04716981132075472,0.18867924528301888,0.14150943396226415,30.943396226415093,1.8867924528301887,1.0377358490566038,0.04716981132075472,0.6132075471698113,1.650943396226415,10.518867924528301,4.386792452830189,2.688679245283019,0.8962264150943396,0.990566037735849,2.311320754716981,1.0377358490566038,0.14150943396226415,0.0,0.0,22.73780487804878,57.89473684210527,41.70403587443946,33.33333333333333,6.913155136268343
spain,La Liga,2025,Cayetano,20.0,G,Spain,188.0,,0,0,0.0,0.0,0.0,0.0,0.0,0,0,0,0.0,0,,,,,,,,,,,,,,,,,,,,,,,,,,,,
spain,La Liga,2025,Cesc Riba,19.0,M,,,,0,0,0.0,0.0,0.0,0.0,0.0,0,0,0,0.0,0,,,,,,,,,,,,,,,,,,,,,,,,,,,,
spain,La Liga,2025,Charles Pickel,28.0,M,Switzerland,187.0,76.0,24,4,712.0,1.0,0.0,0.0,0.0,0,0,4,0.0,2,0.0,0.7584269662921348,0.5056179775280899,0.12640449438202248,0.0,0.12640449438202248,0.12640449438202248,31.60112359550562,0.25280898876404495,1.643258426966292,0.3792134831460674,0.7584269662921348,2.401685393258427,10.997191011235955,4.929775280898877,0.7584269662921348,0.6320224719101123,0.7584269662921348,0.25280898876404495,1.896067415730337,0.5056179775280899,0.0,0.25280898876404495,11.664,66.66666666666666,44.827586206896555,83.33333333333334,6.510548523206751
spain,La Liga,2025,Cheli,20.0,M,Spain,,,0,0,0.0,0.0,0.0,0.0,0.0,0,0,0,0.0,0,,,,,,,,,,,,,,,,,,,,,,,,,,,,
spain,La Liga,2025,Chidera Ejuke,27.0,F,Nigeria,176.0,72.0,27,6,954.0,1.0,1.0,0.0,0.0,0,0,0,0.0,0,0.18867924528301888,1.1320754716981132,0.2830188679245283,0.09433962264150944,0.09433962264150944,0.18867924528301888,0.09433962264150944,33.9622641509434,1.2264150943396226,1.7924528301886793,0.09433962264150944,0.5660377358490566,2.3584905660377355,15.849056603773583,9.150943396226415,8.679245283018869,5.377358490566038,0.09433962264150944,1.509433962264151,0.4716981132075472,0.0,0.0,0.0,16.480555555555554,25.0,57.738095238095234,61.95652173913043,6.835744234800838
spain,La Liga,2025,Chimy Ávila,31.0,F,Argentina,172.0,81.0,16,3,394.0,1.0,0.0,0.0,0.0,1,0,4,0.0,0,0.45685279187817257,0.9137055837563451,0.45685279187817257,0.22842639593908629,0.0,0.22842639593908629,0.0,24.44162436548223,2.0558375634517767,0.9137055837563451,0.0,1.1421319796954315,2.0558375634517767,10.279187817258883,4.568527918781726,0.45685279187817257,0.0,0.9137055837563451,1.8274111675126903,1.3705583756345179,0.9137055837563451,0.0,0.0,9.271028037383177,50.0,44.44444444444444,0.0,6.764030612244898
spain,La Liga,2025,Christantus Uche,22.0,F,Spain,190.0,84.0,3,3,270.0,1.0,1.0,0.0,0.0,0,0,1,0.0,0,0.33333333333333337,1.3333333333333335,0.33333333333333337,0.33333333333333337,0.33333333333333337,0.6666666666666667,0.33333333333333337,14.333333333333334,1.3333333333333335,0.6666666666666667,0.0,0.0,0.6666666666666667,19.666666666666668,8.333333333333332,5.333333333333334,2.3333333333333335,0.0,2.666666666666667,3.333333333333333,0.33333333333333337,0.0,0.0,10.0,25.0,42.3728813559322,43.75,7.166666666666667
spain,La Liga,2025,Claudio Echeverri,19.0,M,Argentina,171.0,62.0,17,5,618.0,1.0,1.0,0.0,0.0,0,0,4,0.0,0,0.14563106796116507,2.0388349514563107,1.0194174757281553,0.14563106796116507,0.14563106796116507,0.29126213592233013,0.14563106796116507,32.76699029126214,1.1650485436893205,0.8737864077669902,0.0,0.14563106796116507,1.0194174757281553,10.194174757281553,5.388349514563107,3.640776699029126,2.330097087378641,0.14563106796116507,2.0388349514563107,1.1650485436893205,0.5825242718446603,0.0,0.0,12.973333333333333,50.0,52.85714285714286,64.0,6.685436893203884
spain,La Liga,2025,Clemens Riedel,22.0,D,Germany,186.0,83.0,20,16,1402.0,0.0,1.0,0.0,0.0,0,0,5,0.0,0,0.12838801711840228,0.12838801711840228,0.06419400855920114,0.0,0.06419400855920114,0.06419400855920114,0.0,51.99714693295292,0.25677603423680456,1.7974322396576319,0.44935805991440797,0.7061340941512125,2.5035663338088447,8.345221112696148,4.49358059914408,0.06419400855920114,0.06419400855920114,0.38516405135520687,0.44935805991440797,1.4764621968616263,0.3209700427960057,0.0,0.0,51.51728395061728,50.0,53.84615384615385,100.0,6.909486447931527
spain,La Liga,2025,Clément Lenglet,30.0,D,France,186.0,81.0,19,17,1393.0,0.0,1.0,0.0,0.0,0,0,6,0.0,1,0.0,0.25843503230437903,0.0,0.0,0.06460875807609476,0.06460875807609476,0.0,59.63388370423546,0.25843503230437903,1.3567839195979898,0.38765254845656855,1.4213926776740846,2.7781765972720747,7.365398420674802,3.876525484565686,0.19382627422828427,0.19382627422828427,0.5814788226848528,0.45226130653266333,1.4213926776740846,0.38765254845656855,0.0,0.06460875807609476,50.26110509209101,0.0,52.63157894736842,100.0,6.848815506101938
spain,La Liga,2025,Coba da Costa,23.0,F,Spain,182.0,73.0,14,2,361.0,0.0,0.0,0.0,0.0,0,0,1,0.0,0,0.4986149584487535,0.997229916897507,0.24930747922437674,0.0,0.0,0.0,0.0,32.90858725761773,0.997229916897507,2.493074792243767,0.0,0.24930747922437674,2.742382271468144,20.69252077562327,10.969529085872576,4.986149584487534,2.493074792243767,1.4958448753462605,1.4958448753462605,1.994459833795014,0.24930747922437674,0.0,0.0,10.287878787878787,25.0,53.01204819277109,50.0,6.635
spain,La Liga,2025,Conor Gallagher,25.0,M,England,183.0,77.0,19,4,666.0,2.0,0.0,0.0,0.0,0,0,2,0.0,0,0.2702702702702703,1.6216216216216217,0.6756756756756757,0.2702702702702703,0.0,0.2702702702702703,0.2702702702702703,48.513513513513516,0.5405405405405406,2.2972972972972974,0.40540540540540543,1.4864864864864864,3.783783783783784,12.702702702702704,5.27027027027027,2.1621621621621623,0.40540540540540543,1.3513513513513513,1.2162162162162162,2.4324324324324325,0.2702702702702703,0.0,0.0,26.105849582172702,41.66666666666667,41.48936170212766,18.75,6.6117117117117115
spain,La Liga,2025,Cristhian Stuani,39.0,F,Uruguay,186.0,76.0,21,1,430.0,5.0,0.0,2.0,0.0,3,1,4,0.0,0,1.255813953488372,3.3488372093023253,2.511627906976744,1.0465116279069768,0.0,1.0465116279069768,0.41860465116279066,13.395348837209301,0.41860465116279066,1.0465116279069768,0.0,0.20930232558139533,1.255813953488372,14.651162790697676,7.534883720930233,0.41860465116279066,0.41860465116279066,0.627906976744186,2.302325581395349,2.511627906976744,0.8372093023255813,0.0,0.0,3.015625,75.0,51.42857142857142,100.0,6.704662004662005
spain,La Liga,2025,Cristian Rivero,27.0,G,Spain,188.0,75.0,0,0,0.0,0.0,0.0,0.0,0.0,0,0,0,0.0,1,,,,,,,,,,,,,,,,,,,,,,,,,,,,
spain,La Liga,2025,Cucho Hernández,26.0,F,Colombia,175.0,73.0,32,30,2592.0,11.0,3.0,0.0,0.0,1,0,5,0.0,0,0.5902777777777778,2.326388888888889,0.9375,0.3819444444444444,0.10416666666666666,0.4861111111111111,0.3472222222222222,22.8125,1.1805555555555556,0.9722222222222222,0.06944444444444445,0.3125,1.284722222222222,10.104166666666666,4.513888888888889,1.736111111111111,0.9375,0.3472222222222222,1.3194444444444444,0.7638888888888888,0.1736111111111111,0.0,0.0,15.955859969558599,40.298507462686565,44.67353951890035,54.0,6.912191358024692
spain,La Liga,2025,Cyril Ngonge,25.0,M,Belgium,179.0,73.0,9,6,426.0,0.0,2.0,0.0,0.0,0,0,4,0.0,0,1.056338028169014,2.323943661971831,0.8450704225352113,0.0,0.4225352112676056,0.4225352112676056,0.0,25.774647887323948,1.6901408450704225,1.4788732394366197,0.0,0.8450704225352113,2.323943661971831,14.154929577464788,6.76056338028169,4.014084507042253,1.056338028169014,0.4225352112676056,2.535211267605634,1.9014084507042253,0.8450704225352113,0.0,0.0,12.204918032786885,36.36363636363637,47.76119402985074,26.31578947368421,6.64131455399061
spain,La Liga,2025,Cédric Bakambu,34.0,F,Congo DR,182.0,73.0,18,5,593.0,3.0,1.0,0.0,0.0,0,0,1,0.0,0,1.5177065767284992,2.8836424957841484,1.3659359190556493,0.4553119730185497,0.15177065767284992,0.6070826306913997,0.4553119730185497,13.355817875210793,0.6070826306913997,0.30354131534569984,0.0,0.30354131534569984,0.6070826306913997,9.106239460370995,3.1871838111298487,0.6070826306913997,0.15177065767284992,0.30354131534569984,1.3659359190556493,1.669477234401349,0.15177065767284992,0.0,0.0,6.2988505747126435,47.368421052631575,35.0,25.0,6.799325463743676
spain,La Liga,2025,César Azpilicueta,36.0,D,Spain,178.0,76.0,17,17,1218.0,0.0,1.0,0.0,0.0,0,0,4,0.0,0,0.07389162561576354,0.07389162561576354,0.0,0.0,0.07389162561576354,0.07389162561576354,0.0,51.87192118226601,0.22167487684729065,1.9950738916256159,0.6650246305418719,1.6256157635467978,3.6206896551724137,8.12807881773399,4.35960591133005,0.3694581280788177,0.14778325123152708,0.8128078817733989,0.6650246305418719,1.7733990147783252,0.29556650246305416,0.0,0.0,48.01709401709402,0.0,53.63636363636364,40.0,6.819341563786009
spain,La Liga,2025,César Palacios,21.0,M,Spain,182.0,68.0,5,0,87.0,0.0,0.0,0.0,0.0,0,0,0,0.0,0,0.0,1.0344827586206897,0.0,0.0,0.0,0.0,0.0,54.827586206896555,1.0344827586206897,3.103448275862069,0.0,3.103448275862069,6.206896551724138,16.551724137931036,8.275862068965518,3.103448275862069,2.0689655172413794,2.0689655172413794,3.103448275862069,4.137931034482759,0.0,0.0,0.0,10.867924528301886,0.0,50.0,66.66666666666666,6.5
spain,La Liga,2025,César Tárrega,23.0,D,Spain,194.0,78.0,32,29,2597.0,0.0,0.0,0.0,1.0,0,0,8,0.0,0,0.0,0.3118983442433577,0.0346553715825953,0.0,0.0,0.0,0.0,45.7450904890258,0.0693107431651906,1.4555256064690028,0.6584520600693108,1.0050057758952637,2.4605313823642665,7.901424720831729,4.366576819407008,0.4505198305737389,0.346553715825953,0.3118983442433577,0.4505198305737389,1.386214863303812,0.2772429726607624,0.0,0.0,45.49848484848485,11.11111111111111,55.26315789473685,76.92307692307693,6.638814016172507
spain,La Liga,2025,Daley Blind,35.0,D,Netherlands,180.0,72.0,31,30,2610.0,0.0,0.0,0.0,3.0,0,0,1,0.0,0,0.0,0.06896551724137931,0.034482758620689655,0.0,0.0,0.0,0.0,72.6551724137931,0.3793103448275862,1.896551724137931,0.689655172413793,1.3448275862068966,3.2413793103448274,7.0344827586206895,4.137931034482759,0.5172413793103449,0.41379310344827586,0.5517241379310345,0.689655172413793,0.6551724137931034,0.034482758620689655,0.0,0.0,67.18414807783579,50.0,58.82352941176471,80.0,6.960344827586207
spain,La Liga,2025,Damián Cáceres,22.0,M,,,,3,2,151.0,0.0,0.0,0.0,0.0,0,0,0,0.0,0,0.0,0.0,0.0,0.0,0.0,0.0,0.0,28.013245033112582,0.0,2.980132450331126,1.7880794701986755,1.7880794701986755,4.768211920529802,10.728476821192054,4.768211920529802,1.1920529801324504,0.0,0.5960264900662252,0.0,2.384105960264901,0.0,0.0,0.0,13.106382978723405,,44.44444444444444,0.0,6.575496688741722
spain,La Liga,2025,Damián Rodríguez,22.0,M,Spain,180.0,75.0,2,2,151.0,0.0,0.0,0.0,0.0,0,0,1,0.0,0,0.0,1.7880794701986755,0.0,0.0,0.0,0.0,0.0,67.94701986754967,1.1920529801324504,0.0,0.0,0.5960264900662252,0.5960264900662252,2.980132450331126,0.0,0.5960264900662252,0.0,0.5960264900662252,0.0,1.7880794701986755,0.5960264900662252,0.0,0.0,69.84210526315789,0.0,0.0,0.0,6.438410596026491
spain,La Liga,2025,Dani Calvo,31.0,D,Spain,190.0,82.0,20,17,1617.0,0.0,0.0,0.0,1.0,0,0,3,0.0,0,0.05565862708719852,0.16697588126159554,0.0,0.0,0.0,0.0,0.0,43.80333951762523,0.11131725417439704,1.50278293135436,1.50278293135436,0.6122448979591837,2.1150278293135436,6.233766233766234,4.230055658627087,0.11131725417439704,0.05565862708719852,0.11131725417439704,0.3339517625231911,0.6122448979591837,0.16697588126159554,0.0,0.0,44.21728081321474,0.0,67.85714285714286,50.0,7.033642547928262
spain,La Liga,2025,Dani Ceballos,29.0,M,Spain,179.0,70.0,16,4,498.0,0.0,0.0,0.0,0.0,0,0,1,0.0,0,0.0,0.5421686746987953,0.0,0.0,0.0,0.0,0.0,81.32530120481928,1.6265060240963856,3.253012048192771,0.7228915662650601,1.2650602409638554,4.518072289156627,11.927710843373495,6.686746987951807,2.3493975903614457,0.5421686746987953,1.4457831325301203,2.710843373493976,1.0843373493975905,0.18072289156626503,0.0,0.0,45.92888888888889,0.0,56.060606060606055,23.076923076923077,7.268686868686869
spain,La Liga,2025,Dani Cervera,22.0,M,Spain,,,0,0,0.0,0.0,0.0,0.0,0.0,0,0,0,0.0,0,,,,,,,,,,,,,,,,,,,,,,,,,,,,
spain,La Liga,2025,Dani Cárdenas,28.0,G,Spain,186.0,80.0,4,4,360.0,0.0,0.0,0.0,0.0,0,0,0,0.0,0,0.0,0.0,0.0,0.0,0.0,0.0,0.0,30.75,0.0,0.25,0.0,0.0,0.25,0.25,0.25,0.0,0.0,0.0,0.0,0.0,0.0,0.0,0.0,21.8130081300813,,100.0,,7.75
spain,La Liga,2025,Dani Díaz,19.0,F,Spain,167.0,,1,0,17.0,0.0,0.0,0.0,0.0,0,0,0,0.0,0,0.0,0.0,0.0,0.0,0.0,0.0,0.0,21.176470588235293,0.0,0.0,0.0,0.0,0.0,5.294117647058823,0.0,5.294117647058823,0.0,0.0,0.0,0.0,0.0,0.0,0.0,3.0,,0.0,0.0,6.5
spain,La Liga,2025,Dani Martinez,21.0,D,Spain,,,1,1,90.0,0.0,0.0,0.0,1.0,0,0,0,0.0,0,0.0,0.0,0.0,0.0,0.0,0.0,0.0,86.0,0.0,1.0,1.0,1.0,2.0,3.0,1.0,0.0,0.0,0.0,0.0,1.0,0.0,0.0,0.0,77.0,,33.33333333333333,,6.5
spain,La Liga,2025,Dani Meso,,M,,,,0,0,0.0,0.0,0.0,0.0,0.0,0,0,0,0.0,0,,,,,,,,,,,,,,,,,,,,,,,,,,,,
spain,La Liga,2025,Dani Olmo,27.0,M,Spain,182.0,73.0,33,24,2077.0,7.0,8.0,2.0,0.0,0,0,1,0.0,0,0.2599903707270101,2.209918151179586,0.9099662975445354,0.3033220991815118,0.3466538276360135,0.6499759268175253,0.3033220991815118,52.69138180067405,2.1232546942705826,1.4732787674530574,0.043331728454501686,0.6066441983630236,2.0799229658160807,9.359653346172363,4.853153586904189,1.8632643235435724,0.693307655272027,0.6499759268175253,1.8199325950890708,1.1699566682715454,0.043331728454501686,0.0,0.0,38.37088815789474,41.17647058823529,51.85185185185185,37.2093023255814,7.084689455946076
spain,La Liga,2025,Dani Parejo,36.0,M,Spain,182.0,74.0,32,16,1398.0,1.0,0.0,0.0,0.0,1,0,3,0.0,0,0.0,0.12875536480686695,0.06437768240343347,0.06437768240343347,0.0,0.06437768240343347,0.0,58.00429184549356,1.6738197424892705,2.703862660944206,0.45064377682403434,0.7725321888412017,3.4763948497854082,8.304721030042918,5.472103004291846,1.0300429184549356,0.5150214592274678,0.7081545064377682,1.7381974248927041,1.0300429184549356,0.19313304721030042,0.0,0.0,35.711431742508324,50.0,65.89147286821705,50.0,7.113743736578382
spain,La Liga,2025,Dani Pérez,20.0,M,Spain,173.0,64.0,1,0,1.0,0.0,0.0,0.0,0.0,0,0,0,0.0,0,0.0,0.0,0.0,0.0,0.0,0.0,0.0,90.0,0.0,0.0,0.0,0.0,0.0,270.0,180.0,180.0,90.0,0.0,90.0,0.0,0.0,0.0,0.0,1.0,,66.66666666666666,50.0,
spain,La Liga,2025,Dani Raba,30.0,F,Spain,184.0,76.0,13,3,291.0,0.0,1.0,0.0,0.0,0,0,0,0.0,0,0.0,1.2371134020618557,0.30927835051546393,0.0,0.30927835051546393,0.30927835051546393,0.0,37.7319587628866,0.6185567010309279,2.1649484536082477,0.0,1.2371134020618557,3.402061855670103,10.515463917525773,3.711340206185567,3.0927835051546393,0.9278350515463918,0.30927835051546393,0.6185567010309279,1.8556701030927836,0.0,0.0,0.0,10.442622950819672,25.0,35.294117647058826,30.0,6.611724137931034
spain,La Liga,2025,Dani Rodríguez,37.0,M,Spain,178.0,71.0,2,0,68.0,0.0,0.0,0.0,0.0,0,0,0,0.0,0,0.0,0.0,0.0,0.0,0.0,0.0,0.0,23.823529411764707,1.3235294117647058,2.6470588235294117,0.0,0.0,2.6470588235294117,19.852941176470587,9.26470588235294,1.3235294117647058,1.3235294117647058,0.0,3.9705882352941178,0.0,0.0,0.0,0.0,5.888888888888889,,46.666666666666664,100.0,6.56764705882353
spain,La Liga,2025,Daniel Carvajal,33.0,D,Spain,173.0,73.0,17,10,976.0,0.0,1.0,0.0,1.0,0,0,0,0.0,0,0.0,0.36885245901639346,0.09221311475409837,0.0,0.09221311475409837,0.09221311475409837,0.0,48.78073770491804,1.014344262295082,1.290983606557377,0.6454918032786885,0.5532786885245902,1.8442622950819672,5.625,2.7663934426229506,0.36885245901639346,0.18442622950819673,1.1987704918032787,0.8299180327868853,0.6454918032786885,0.0,0.0,0.0,38.16068052930057,25.0,49.18032786885246,50.0,6.827868852459017
spain,La Liga,2025,Daniel Luna,22.0,M,Colombia,179.0,66.0,0,0,0.0,0.0,0.0,0.0,0.0,0,0,0,0.0,0,,,,,,,,,,,,,,,,,,,,,,,,,,,,
spain,La Liga,2025,Daniel Vivian,26.0,D,Spain,183.0,78.0,31,28,2563.0,1.0,0.0,0.0,1.0,0,0,8,0.0,1,0.035115099492781895,0.45649629340616465,0.21069059695669137,0.035115099492781895,0.0,0.035115099492781895,0.035115099492781895,47.37026921576278,0.21069059695669137,1.9313304721030042,0.45649629340616465,1.1236831837690207,3.055013655872025,7.725321888412017,3.757315645727663,0.21069059695669137,0.17557549746390946,0.8076472883339836,0.5969566913772922,1.334373780725712,0.28092079594225516,0.0,0.035115099492781895,43.38353115727003,46.15384615384615,48.63636363636364,83.33333333333334,6.6630511119781515
spain,La Liga,2025,Daniel Yañez,18.0,F,Spain,177.0,73.0,2,0,45.0,0.0,1.0,0.0,0.0,0,0,0,0.0,0,0.0,0.0,0.0,0.0,2.0,2.0,0.0,40.0,4.0,2.0,0.0,0.0,2.0,20.0,12.0,2.0,0.0,2.0,8.0,0.0,0.0,0.0,0.0,10.2,,60.0,0.0,6.913333333333334
spain,La Liga,2025,Darling Bladi,21.0,D,France,164.0,,0,0,0.0,0.0,0.0,0.0,0.0,0,0,0,0.0,0,,,,,,,,,,,,,,,,,,,,,,,,,,,,
spain,La Liga,2025,David Affengruber,24.0,D,Austria,185.0,79.0,36,33,2953.0,1.0,1.0,1.0,1.0,0,0,7,0.0,1,0.06095496105655266,0.3962072468675923,0.12190992211310532,0.03047748052827633,0.03047748052827633,0.06095496105655266,0.03047748052827633,63.210294615645104,0.24381984422621064,2.255333559092448,0.7924144937351846,1.5543515069420928,3.8096850660345414,8.838469353200136,5.638333897731121,0.5181171689806976,0.3657297663393159,0.5790721300372502,1.0667118184896716,1.0362343379613952,0.2133423636979343,0.0,0.03047748052827633,60.349566055930566,30.76923076923077,63.793103448275865,70.58823529411765,6.959024720623095
spain,La Liga,2025,David Alaba,33.0,D,Austria,180.0,78.0,11,5,428.0,0.0,0.0,0.0,0.0,0,0,1,0.0,0,0.0,0.6308411214953271,0.2102803738317757,0.0,0.0,0.0,0.0,81.58878504672897,0.0,1.0514018691588785,1.0514018691588785,0.0,1.0514018691588785,4.415887850467289,2.5233644859813085,0.0,0.0,0.4205607476635514,0.0,0.2102803738317757,0.2102803738317757,0.0,0.0,56.684754521963825,33.33333333333333,57.14285714285714,,6.944028103044496
spain,La Liga,2025,David Carmo,26.0,D,Portugal,196.0,84.0,22,20,1787.0,1.0,0.0,0.0,1.0,0,0,8,0.0,1,0.0,0.4029099048684947,0.1510912143256855,0.05036373810856184,0.0,0.05036373810856184,0.05036373810856184,51.21992165640739,0.35254616675993283,1.7123670956911026,0.906547285954113,1.0576385002797986,2.770005595970901,8.20928931169558,5.086737548964746,0.1510912143256855,0.10072747621712368,0.604364857302742,0.20145495243424735,1.0072747621712366,0.4029099048684947,0.0,0.05036373810856184,46.703048180924284,37.5,61.963190184049076,66.66666666666666,6.822104085058758
spain,La Liga,2025,David Costas,30.0,D,Spain,184.0,71.0,25,22,2075.0,1.0,0.0,0.0,0.0,0,0,3,0.0,0,0.13012048192771083,0.2168674698795181,0.043373493975903614,0.043373493975903614,0.0,0.043373493975903614,0.043373493975903614,44.4578313253012,0.2168674698795181,1.127710843373494,0.7807228915662651,1.1710843373493975,2.2987951807228915,6.332530120481927,3.9036144578313254,0.39036144578313253,0.3036144578313253,0.39036144578313253,0.4337349397590362,0.6939759036144578,0.13012048192771083,0.0,0.0,44.50731707317073,20.0,61.64383561643836,77.77777777777779,6.807036144578314
spain,La Liga,2025,David Delgado,17.0,D,,,,0,0,0.0,0.0,0.0,0.0,0.0,0,0,0,0.0,0,,,,,,,,,,,,,,,,,,,,,,,,,,,,
spain,La Liga,2025,David Jiménez,21.0,D,Spain,170.0,63.0,2,1,77.0,0.0,0.0,0.0,0.0,0,0,0,0.0,0,0.0,1.168831168831169,1.168831168831169,0.0,0.0,0.0,0.0,40.90909090909091,0.0,1.168831168831169,0.0,0.0,1.168831168831169,2.337662337662338,1.168831168831169,0.0,0.0,0.0,0.0,0.0,0.0,0.0,0.0,34.0,100.0,50.0,,6.6
spain,La Liga,2025,David López,36.0,D,Spain,185.0,81.0,6,3,293.0,0.0,0.0,0.0,0.0,0,0,0,0.0,0,0.30716723549488056,0.30716723549488056,0.30716723549488056,0.0,0.0,0.0,0.0,69.419795221843,0.0,1.2286689419795223,0.30716723549488056,0.0,1.2286689419795223,6.450511945392491,3.6860068259385663,0.30716723549488056,0.30716723549488056,0.0,0.6143344709897611,0.6143344709897611,0.0,0.0,0.0,49.76548672566372,100.0,57.14285714285714,100.0,6.366438356164384
spain,La Liga,2025,David López,22.0,D,Spain,195.0,87.0,14,9,833.0,0.0,0.0,0.0,0.0,0,0,2,0.0,0,0.0,0.3241296518607443,0.0,0.0,0.0,0.0,0.0,49.375750300120046,0.0,1.1884753901560625,1.5126050420168067,1.0804321728691477,2.26890756302521,7.887154861944778,4.645858343337335,0.2160864345738295,0.2160864345738295,0.2160864345738295,0.432172869147659,1.4045618247298919,0.2160864345738295,0.0,0.0,49.5711159737418,0.0,58.9041095890411,100.0,6.622448979591836
spain,La Liga,2025,David Otorbi,18.0,F,Spain,180.0,82.0,0,0,0.0,0.0,0.0,0.0,0.0,0,0,0,0.0,0,,,,,,,,,,,,,,,,,,,,,,,,,,,,
spain,La Liga,2025,David Soria,32.0,G,Spain,192.0,83.0,38,38,3420.0,0.0,0.0,0.0,0.0,0,0,2,0.0,0,0.0,0.0,0.0,0.0,0.0,0.0,0.0,29.5,0.026315789473684213,0.0,0.0,0.0,0.0,0.15789473684210525,0.13157894736842105,0.0,0.0,0.0,0.07894736842105263,0.0,0.052631578947368425,0.0,0.0,13.737734165923284,,83.33333333333334,,7.1947368421052635
spain,La Liga,2025,Davinchi,18.0,D,Spain,182.0,,14,7,698.0,0.0,0.0,0.0,0.0,0,0,2,0.0,0,0.0,0.3868194842406877,0.25787965616045844,0.0,0.0,0.0,0.0,27.335243553008596,0.3868194842406877,3.35243553008596,0.12893982808022922,0.7736389684813754,4.126074498567335,13.667621776504298,6.060171919770774,2.4498567335243555,1.2893982808022924,0.7736389684813754,0.25787965616045844,3.481375358166189,0.25787965616045844,0.0,0.0,11.933649289099526,66.66666666666666,44.339622641509436,52.63157894736842,6.303586800573888
spain,La Liga,2025,Dawda Camara,23.0,F,Mauritania,178.0,74.0,2,1,71.0,0.0,0.0,0.0,0.0,0,0,0,0.0,0,0.0,1.267605633802817,1.267605633802817,0.0,0.0,0.0,0.0,12.67605633802817,2.535211267605634,1.267605633802817,0.0,1.267605633802817,2.535211267605634,10.140845070422536,2.535211267605634,0.0,0.0,0.0,0.0,2.535211267605634,0.0,0.0,0.0,3.5,100.0,25.0,,6.5
spain,La Liga,2025,Dean Huijsen,20.0,D,Netherlands,195.0,87.0,28,24,2037.0,2.0,2.0,0.0,1.0,0,0,7,0.0,1,0.04418262150220913,0.706921944035346,0.22091310751104565,0.08836524300441825,0.08836524300441825,0.1767304860088365,0.08836524300441825,73.38733431516937,0.4418262150220913,1.369661266568483,0.7511045655375552,0.8394698085419735,2.2091310751104567,6.848306332842415,4.241531664212077,0.08836524300441825,0.08836524300441825,0.2650957290132548,0.5743740795287187,0.9278350515463918,0.30927835051546393,0.0,0.04418262150220913,63.08729680915111,31.25,61.935483870967744,100.0,7.434756995581738
spain,La Liga,2025,Denis Suárez,31.0,M,Spain,176.0,69.0,30,15,1432.0,1.0,2.0,0.0,0.0,0,0,6,0.0,0,0.0,0.3770949720670391,0.25139664804469275,0.06284916201117319,0.12569832402234637,0.18854748603351956,0.06284916201117319,50.090782122905026,1.38268156424581,1.38268156424581,0.18854748603351956,0.4399441340782123,1.8226256983240223,11.752793296089385,4.839385474860335,3.393854748603352,1.5712290502793296,1.6340782122905029,1.6340782122905029,1.2569832402234635,0.3770949720670391,0.0,0.0,31.287688442211056,66.66666666666666,41.17647058823529,46.2962962962963,6.737360335195531
spain,La Liga,2025,Diego Aguado,18.0,D,Spain,180.0,70.0,1,0,29.0,0.0,0.0,0.0,0.0,0,0,0,0.0,0,0.0,0.0,0.0,0.0,0.0,0.0,0.0,52.75862068965517,0.0,6.206896551724138,3.103448275862069,0.0,6.206896551724138,15.517241379310345,6.206896551724138,0.0,0.0,3.103448275862069,0.0,0.0,0.0,0.0,0.0,14.0,,40.0,,6.3
spain,La Liga,2025,Diego Conde,27.0,G,Spain,188.0,78.0,0,0,0.0,0.0,0.0,0.0,0.0,0,0,0,0.0,0,,,,,,,,,,,,,,,,,,,,,,,,,,,,
spain,La Liga,2025,Diego Espinosa,21.0,D,,,,0,0,0.0,0.0,0.0,0.0,0.0,0,0,0,0.0,0,,,,,,,,,,,,,,,,,,,,,,,,,,,,
spain,La Liga,2025,Diego Ferrer,18.0,G,Spain,185.0,76.0,0,0,0.0,0.0,0.0,0.0,0.0,0,0,0,0.0,0,,,,,,,,,,,,,,,,,,,,,,,,,,,,
spain,La Liga,2025,Diego Kochen,19.0,G,USA,189.0,83.0,0,0,0.0,0.0,0.0,0.0,0.0,0,0,0,0.0,0,,,,,,,,,,,,,,,,,,,,,,,,,,,,
spain,La Liga,2025,Diego Llorente,32.0,D,Spain,186.0,75.0,18,14,1226.0,1.0,0.0,0.0,0.0,0,0,5,0.0,0,0.0,0.2936378466557912,0.22022838499184338,0.0734094616639478,0.0,0.0734094616639478,0.0734094616639478,53.58890701468189,0.0734094616639478,2.0554649265905383,0.734094616639478,1.9820554649265905,4.037520391517129,8.588907014681892,5.285481239804241,0.1468189233278956,0.0734094616639478,0.367047308319739,0.9543230016313214,0.9543230016313214,0.367047308319739,0.0,0.0,50.0,75.0,61.53846153846154,50.0,7.071616078753076
spain,La Liga,2025,Diego López,23.0,F,Spain,172.0,62.0,34,20,1777.0,4.0,1.0,0.0,0.0,0,0,2,0.0,0,0.15194147439504782,0.911648846370287,0.4051772650534609,0.20258863252673046,0.050647158131682614,0.25323579065841306,0.20258863252673046,26.083286437816543,0.8610016882386043,1.1142374788970175,0.10129431626336523,0.5064715813168261,1.6207090602138436,10.939786156443445,4.6595385481148,1.7726505346088912,0.6584130557118739,0.8610016882386043,1.6713562183455264,1.0129431626336522,0.10129431626336523,0.0,0.0,15.73009708737864,44.44444444444444,42.592592592592595,37.142857142857146,6.787450759707371
spain,La Liga,2025,Diego Menendez,20.0,M,,,,0,0,0.0,0.0,0.0,0.0,0.0,0,0,0,0.0,0,,,,,,,,,,,,,,,,,,,,,,,,,,,,
spain,La Liga,2025,Diego Morcillo,22.0,F,,,,1,0,9.0,0.0,0.0,0.0,0.0,0,0,0,0.0,0,0.0,10.0,0.0,0.0,0.0,0.0,0.0,40.0,0.0,0.0,0.0,0.0,0.0,20.0,10.0,0.0,0.0,0.0,10.0,10.0,0.0,0.0,0.0,2.0,0.0,50.0,,6.2
spain,La Liga,2025,Diego Pampín,25.0,D,Spain,173.0,65.0,8,6,535.0,0.0,0.0,0.0,0.0,0,0,3,0.0,0,0.0,0.16822429906542058,0.0,0.0,0.0,0.0,0.0,45.420560747663544,0.5046728971962616,1.8504672897196262,0.0,1.0093457943925233,2.8598130841121496,9.420560747663552,4.878504672897196,1.177570093457944,1.0093457943925233,1.514018691588785,1.177570093457944,1.3457943925233646,0.5046728971962616,0.0,0.0,38.13703703703704,0.0,51.78571428571429,85.71428571428571,6.33981308411215
spain,La Liga,2025,Diego Rico,32.0,D,Spain,183.0,76.0,28,18,1767.0,0.0,0.0,0.0,0.0,0,0,4,0.0,0,0.050933786078098474,0.4074702886247878,0.050933786078098474,0.0,0.0,0.0,0.0,29.9490662139219,0.5602716468590832,2.3429541595925296,0.15280135823429541,1.5280135823429541,3.870967741935484,10.084889643463498,5.551782682512734,0.7640067911714771,0.30560271646859083,1.2733446519524618,1.7826825127334465,1.1205432937181663,0.2037351443123939,0.0,0.0,19.79655172413793,12.5,55.05050505050505,40.0,6.6551528878822195
spain,La Liga,2025,Dimitri Foulquier,32.0,D,Guadeloupe,183.0,72.0,15,12,1157.0,0.0,0.0,0.0,1.0,0,0,1,0.0,0,0.0,0.3889369057908384,0.07778738115816768,0.0,0.0,0.0,0.0,40.37165082108902,0.46672428694900603,1.166810717372515,0.07778738115816768,0.6222990492653414,1.7891097666378564,7.078651685393258,3.34485738980121,1.5557476231633536,0.7778738115816768,0.23336214347450301,0.5445116681071738,1.2445980985306828,0.07778738115816768,0.0,0.0,35.94026974951831,20.0,47.25274725274725,50.0,6.3629213483146065
spain,La Liga,2025,Dimitrios Stamatakis,22.0,G,Greece,191.0,83.0,0,0,0.0,0.0,0.0,0.0,0.0,0,0,0,0.0,0,,,,,,,,,,,,,,,,,,,,,,,,,,,,
spain,La Liga,2025,Djené,34.0,D,Togo,178.0,71.0,34,32,2585.0,0.0,0.0,1.0,0.0,0,0,10,0.0,2,0.0,0.06963249516441006,0.0,0.0,0.0,0.0,0.0,27.678916827852998,0.06963249516441006,1.2185686653771761,0.3481624758220503,1.288201160541586,2.506769825918762,6.858800773694391,3.8994197292069632,0.31334622823984526,0.27852998065764023,0.3481624758220503,0.9052224371373307,1.2185686653771761,0.3481624758220503,0.0,0.06963249516441006,22.40503144654088,0.0,56.852791878172596,88.88888888888889,6.698104448742746
spain,La Liga,2025,Djibril Sow,28.0,M,Switzerland,183.0,76.0,33,27,2195.0,5.0,4.0,0.0,1.0,0,0,6,0.0,0,0.12300683371298406,0.6150341685649203,0.32801822323462415,0.20501138952164008,0.16400911161731208,0.3690205011389522,0.20501138952164008,38.95216400911162,0.9840546697038725,1.8451025056947608,0.08200455580865604,0.9020501138952164,2.747152619589977,7.708428246013668,3.93621867881549,0.5740318906605922,0.2870159453302961,0.32801822323462415,1.1890660592255125,1.7220956719817768,0.2460136674259681,0.0,0.0,33.625263157894736,53.333333333333336,51.06382978723404,50.0,6.8047380410022775
spain,La Liga,2025,Dodi Lukebakio,28.0,M,Belgium,187.0,77.0,2,2,180.0,1.0,0.0,0.0,0.0,0,0,0,0.0,0,0.0,1.0,0.5,0.5,0.0,0.5,0.5,36.0,4.5,0.0,0.0,0.5,0.5,5.5,2.0,1.5,0.5,0.5,1.5,1.5,0.0,0.0,0.0,31.055555555555557,50.0,36.36363636363637,33.33333333333333,7.3
spain,La Liga,2025,Domingos Duarte,30.0,D,Portugal,192.0,80.0,34,34,2928.0,1.0,1.0,0.0,2.0,0,0,12,0.0,0,0.09221311475409837,0.36885245901639346,0.12295081967213115,0.030737704918032786,0.030737704918032786,0.06147540983606557,0.030737704918032786,27.66393442622951,0.06147540983606557,1.014344262295082,0.4918032786885246,1.0450819672131149,2.0594262295081966,7.284836065573771,4.118852459016393,0.030737704918032786,0.0,0.2766393442622951,0.7377049180327869,0.9836065573770492,0.36885245901639346,0.0,0.0,23.366666666666667,33.33333333333333,56.540084388185655,0.0,6.663900273224044
spain,La Liga,2025,Dominik Livaković,31.0,G,Croatia,188.0,79.0,0,0,0.0,0.0,0.0,0.0,0.0,0,0,0,0.0,0,,,,,,,,,,,,,,,,,,,,,,,,,,,,
spain,La Liga,2025,Donny van de Beek,28.0,M,Netherlands,184.0,76.0,2,1,41.0,0.0,0.0,0.0,0.0,0,0,0,0.0,0,2.1951219512195124,4.390243902439025,2.1951219512195124,0.0,0.0,0.0,0.0,28.536585365853657,0.0,0.0,2.1951219512195124,0.0,0.0,0.0,0.0,0.0,0.0,0.0,0.0,0.0,0.0,0.0,0.0,6.230769230769231,50.0,,,6.699999999999999
spain,La Liga,2025,Dro Fernández,17.0,M,Spain,182.0,68.0,4,1,90.0,0.0,0.0,0.0,0.0,0,0,0,0.0,0,1.0,0.0,0.0,0.0,0.0,0.0,0.0,47.0,2.0,1.0,0.0,0.0,1.0,12.999999999999998,8.0,4.0,4.0,1.0,1.0,1.0,0.0,0.0,0.0,15.106382978723405,,61.53846153846154,100.0,6.6215909090909095
spain,La Liga,2025,Duje Ćaleta-Car,29.0,D,Croatia,192.0,89.0,27,24,2152.0,1.0,0.0,0.0,0.0,0,0,6,0.0,1,0.04182156133828996,0.37639405204460963,0.12546468401486988,0.04182156133828996,0.0,0.04182156133828996,0.04182156133828996,56.835501858736066,0.12546468401486988,1.003717472118959,1.0873605947955391,1.129182156133829,2.132899628252788,8.280669144981413,4.767657992565056,0.0,0.0,0.16728624535315983,0.33457249070631967,1.2546468401486988,0.25092936802973975,0.0,0.04182156133828996,53.74981604120677,33.33333333333333,57.57575757575758,,6.8114776951672855
spain,La Liga,2025,Dávid Hancko,28.0,D,Slovakia,188.0,82.0,30,27,2434.0,0.0,2.0,0.0,1.0,0,0,2,0.0,0,0.07395234182415776,0.6655710764174199,0.18488085456039444,0.0,0.07395234182415776,0.07395234182415776,0.0,53.57847165160231,0.48069022185702553,1.589975349219392,0.4067378800328677,0.7025472473294988,2.2925225965488907,6.61873459326212,3.5866885784716516,0.5546425636811833,0.29580936729663104,0.7395234182415777,0.14790468364831552,0.5546425636811833,0.07395234182415776,0.0,0.0,49.62594893029676,27.77777777777778,54.18994413407822,53.333333333333336,6.844293366295838
spain,La Liga,2025,Eder Aller,18.0,G,,,,0,0,0.0,0.0,0.0,0.0,0.0,0,0,0,0.0,0,,,,,,,,,,,,,,,,,,,,,,,,,,,,
spain,La Liga,2025,Eder Garcia,21.0,M,,,,2,0,36.0,0.0,0.0,0.0,0.0,0,0,1,0.0,0,0.0,0.0,0.0,0.0,0.0,0.0,0.0,57.49999999999999,0.0,0.0,0.0,0.0,0.0,10.0,2.5,0.0,0.0,0.0,0.0,5.0,2.5,0.0,0.0,8.434782608695652,,25.0,,6.388888888888889
spain,La Liga,2025,Edu Altozano,19.0,M,Spain,,,0,0,0.0,0.0,0.0,0.0,0.0,0,0,0,0.0,0,,,,,,,,,,,,,,,,,,,,,,,,,,,,
spain,La Liga,2025,Edu Expósito,29.0,M,Spain,178.0,68.0,36,32,2542.0,1.0,6.0,0.0,0.0,0,0,9,0.0,0,0.07081038552321008,1.1329661683713612,0.4602675059008655,0.03540519276160504,0.21243115656963021,0.24783634933123525,0.03540519276160504,35.93627065302911,2.9386309992132182,1.911880409126672,0.07081038552321008,0.8143194335169158,2.726199842643588,9.63021243115657,5.2399685287175455,1.5932336742722266,1.2037765538945713,0.8143194335169158,1.5224232887490163,0.991345397324941,0.31864673485444533,0.0,0.0,26.803940886699507,40.625,54.41176470588235,75.55555555555556,7.103855232100708
spain,La Liga,2025,Eduardo Camavinga,23.0,M,France,182.0,68.0,29,16,1532.0,1.0,0.0,0.0,0.0,0,0,2,0.0,0,0.1174934725848564,0.5874673629242819,0.1174934725848564,0.0587467362924282,0.0,0.0587467362924282,0.0587467362924282,63.79895561357703,0.881201044386423,3.8185378590078325,0.6462140992167102,0.8224543080939948,4.640992167101828,11.10313315926893,6.990861618798956,1.1749347258485638,0.7637075718015667,0.8224543080939948,1.821148825065274,1.9973890339425586,0.1174934725848564,0.0,0.0,45.28360957642725,20.0,62.96296296296296,65.0,7.165055519268453
spain,La Liga,2025,Egoitz Muñoz,21.0,D,Spain,179.0,73.0,0,0,0.0,0.0,0.0,0.0,0.0,0,0,0,0.0,0,,,,,,,,,,,,,,,,,,,,,,,,,,,,
spain,La Liga,2025,Elijah Gift,19.0,F,,,,0,0,0.0,0.0,0.0,0.0,0.0,0,0,0,0.0,0,,,,,,,,,,,,,,,,,,,,,,,,,,,,
spain,La Liga,2025,Endika Buján,22.0,F,Spain,170.0,72.0,0,0,0.0,0.0,0.0,0.0,0.0,0,0,0,0.0,0,,,,,,,,,,,,,,,,,,,,,,,,,,,,
spain,La Liga,2025,Endrick,19.0,F,Brazil,173.0,66.0,1,0,11.0,0.0,0.0,0.0,0.0,0,0,0,0.0,1,0.0,0.0,0.0,0.0,0.0,0.0,0.0,0.0,0.0,0.0,0.0,0.0,0.0,16.363636363636363,16.363636363636363,8.181818181818182,8.181818181818182,0.0,8.181818181818182,0.0,0.0,0.0,8.181818181818182,,,100.0,100.0,6.6
spain,La Liga,2025,Eray Cömert,27.0,D,Switzerland,183.0,80.0,17,15,1339.0,2.0,1.0,0.0,0.0,0,0,3,0.0,1,0.06721433905899926,0.5377147124719941,0.20164301717699776,0.13442867811799852,0.06721433905899926,0.20164301717699776,0.13442867811799852,53.63704256908141,0.4032860343539955,1.6803584764749813,0.4032860343539955,1.344286781179985,3.0246452576549663,5.847647498132935,3.696788648244959,0.0,0.0,0.5377147124719941,0.8737864077669902,0.6049290515309933,0.20164301717699776,0.0,0.06721433905899926,47.08771929824562,37.5,63.2183908045977,,6.801045556385363
spain,La Liga,2025,Eric Bailly,31.0,D,Côte d'Ivoire,187.0,77.0,15,15,1236.0,1.0,0.0,0.0,0.0,0,0,3,0.0,0,0.0,0.29126213592233013,0.07281553398058253,0.07281553398058253,0.0,0.07281553398058253,0.07281553398058253,40.922330097087375,0.21844660194174756,0.8737864077669902,1.383495145631068,1.2378640776699028,2.111650485436893,7.572815533980583,4.733009708737864,0.5097087378640777,0.36407766990291257,0.14563106796116507,0.5097087378640777,0.9466019417475728,0.21844660194174756,0.0,0.0,40.08540925266904,25.0,62.5,71.42857142857143,6.969902912621358
spain,La Liga,2025,Eric García,24.0,D,Spain,180.0,77.0,34,32,2730.0,1.0,2.0,0.0,1.0,0,0,6,0.0,0,0.03296703296703297,0.5604395604395604,0.23076923076923078,0.03296703296703297,0.06593406593406594,0.0989010989010989,0.03296703296703297,77.43956043956044,1.021978021978022,2.4065934065934065,0.23076923076923078,1.5824175824175823,3.989010989010989,8.208791208791208,4.714285714285714,0.2967032967032967,0.0989010989010989,0.7582417582417582,0.7912087912087912,1.087912087912088,0.1978021978021978,0.0,0.0,71.17113665389527,41.17647058823529,57.42971887550201,33.33333333333333,7.112417582417583
spain,La Liga,2025,Etta Eyong,22.0,F,Cameroon,181.0,75.0,33,18,1703.0,7.0,4.0,0.0,0.0,0,1,3,0.0,0,0.369935408103347,2.3253082795067526,1.268349970640047,0.369935408103347,0.21139166177334115,0.5813270698766881,0.369935408103347,14.955960070463888,0.7927187316500293,1.4268937169700529,0.05284791544333529,0.31708749266001174,1.7439812096300646,13.159130945390487,5.549031121550206,1.479741632413388,0.5284791544333529,0.21139166177334115,1.7968291250733999,1.6911332941867292,0.15854374633000587,0.0,0.0,8.579505300353357,54.54545454545454,42.168674698795186,35.714285714285715,6.731238990017616
spain,La Liga,2025,Facundo Garcés,26.0,D,Argentina,191.0,82.0,10,8,792.0,0.0,0.0,0.0,0.0,0,0,3,0.0,0,0.2272727272727273,0.7954545454545454,0.4545454545454546,0.0,0.0,0.0,0.0,40.22727272727273,0.0,1.4772727272727275,1.0227272727272727,0.7954545454545454,2.2727272727272725,8.40909090909091,4.431818181818182,0.0,0.0,0.34090909090909094,0.34090909090909094,1.4772727272727275,0.34090909090909094,0.0,0.0,40.79661016949152,57.14285714285714,52.702702702702695,,6.6715909090909085
spain,La Liga,2025,Federico Gattoni,26.0,D,Argentina,183.0,79.0,1,0,9.0,0.0,0.0,0.0,0.0,0,0,0,0.0,0,0.0,0.0,0.0,0.0,0.0,0.0,0.0,10.0,0.0,0.0,0.0,0.0,0.0,10.0,10.0,0.0,0.0,0.0,0.0,0.0,0.0,0.0,0.0,1.0,,100.0,,6.6
spain,La Liga,2025,Federico Redondo,22.0,M,Argentina,188.0,78.0,11,1,217.0,0.0,0.0,0.0,0.0,0,0,0,0.0,0,0.0,0.4147465437788018,0.0,0.0,0.0,0.0,0.0,55.576036866359445,0.4147465437788018,2.4884792626728114,0.0,2.0737327188940093,4.56221198156682,10.783410138248847,5.3917050691244235,0.8294930875576036,0.0,0.4147465437788018,2.0737327188940093,3.3179723502304146,0.0,0.0,0.0,28.30597014925373,0.0,50.0,0.0,6.654377880184332
spain,La Liga,2025,Federico Valverde,27.0,M,Uruguay,182.0,78.0,33,31,2746.0,5.0,8.0,0.0,0.0,0,0,3,0.0,1,0.03277494537509104,1.3437727603787328,0.721048798252003,0.1638747268754552,0.26219956300072833,0.42607428987618357,0.1638747268754552,62.40349599417335,1.4093226511289147,1.3437727603787328,0.26219956300072833,0.786598689002185,2.1303714493809176,5.34231609613984,3.2774945375091042,1.1798980335032776,0.7538237436270939,0.3605243991260015,0.4588492352512745,0.5899490167516388,0.09832483612527312,0.0,0.03277494537509104,58.65021008403362,53.65853658536586,61.34969325153374,63.888888888888886,7.352476329206119
spain,La Liga,2025,Federico Viñas,27.0,F,Uruguay,180.0,81.0,33,28,2451.0,9.0,1.0,1.0,0.0,2,0,7,0.0,3,0.4773561811505508,1.7625458996328027,0.7711138310893512,0.33047735618115054,0.03671970624235006,0.36719706242350064,0.25703794369645044,18.98408812729498,0.9914320685434517,1.835985312117503,0.14687882496940025,0.5140758873929009,2.350061199510404,18.13953488372093,9.547123623011016,2.6438188494492043,1.7992656058751528,0.4039167686658507,2.533659730722154,1.689106487148103,0.25703794369645044,0.0,0.11015911872705017,13.802707930367506,43.75,52.63157894736842,68.05555555555556,7.056017951856385
spain,La Liga,2025,Fer López,21.0,M,Spain,188.0,76.0,17,13,1174.0,1.0,1.0,0.0,0.0,0,0,3,0.0,0,0.07666098807495741,0.6899488926746167,0.383304940374787,0.07666098807495741,0.07666098807495741,0.15332197614991483,0.07666098807495741,44.54003407155025,0.9965928449744463,1.533219761499148,0.15332197614991483,0.6132879045996593,2.1465076660988074,10.732538330494037,4.9063032367972745,2.836456558773424,1.6098807495741057,0.9199318568994889,1.3798977853492334,1.8398637137989777,0.22998296422487222,0.0,0.0,37.24268502581756,55.55555555555556,45.714285714285715,56.75675675675676,6.831686541737649
spain,La Liga,2025,Ferland Mendy,30.0,D,France,180.0,73.0,5,3,206.0,0.0,0.0,0.0,0.0,0,0,0,0.0,0,0.0,0.0,0.0,0.0,0.0,0.0,0.0,69.02912621359224,0.0,0.4368932038834951,0.0,0.8737864077669902,1.3106796116504855,4.805825242718447,2.621359223300971,1.3106796116504855,0.8737864077669902,0.0,0.4368932038834951,0.8737864077669902,0.0,0.0,0.0,55.43037974683544,,54.54545454545454,66.66666666666666,6.46829268292683
spain,La Liga,2025,Fermín López,22.0,M,Spain,176.0,73.0,30,19,1797.0,6.0,9.0,0.0,0.0,0,0,3,0.0,0,0.25041736227045075,2.7545909849749584,1.2520868113522536,0.3005008347245409,0.4507512520868113,0.7512520868113522,0.3005008347245409,44.524207011686144,1.702838063439065,2.4040066777963274,0.0,0.35058430717863104,2.7545909849749584,12.220367278797998,6.010016694490818,3.956594323873122,2.2036727879799667,1.0517529215358932,1.001669449081803,1.702838063439065,0.15025041736227046,0.0,0.0,31.208098987626546,45.45454545454545,49.18032786885246,55.69620253164557,7.160656649972176
spain,La Liga,2025,Fernando Calero,30.0,D,Spain,183.0,71.0,28,24,2150.0,0.0,0.0,0.0,0.0,0,0,5,0.0,0,0.0,0.4604651162790697,0.04186046511627907,0.0,0.0,0.0,0.0,51.15348837209303,0.12558139534883722,1.213953488372093,1.2976744186046512,1.213953488372093,2.427906976744186,6.27906976744186,3.1813953488372095,0.2930232558139535,0.08372093023255814,0.2930232558139535,0.37674418604651166,0.627906976744186,0.20930232558139533,0.0,0.0,51.303600654664486,9.090909090909092,50.66666666666667,28.57142857142857,6.870976744186047
spain,La Liga,2025,Ferran Gomez,19.0,M,,,,0,0,0.0,0.0,0.0,0.0,0.0,0,0,0,0.0,0,,,,,,,,,,,,,,,,,,,,,,,,,,,,
spain,La Liga,2025,Ferran Jutglà,26.0,F,Spain,176.0,75.0,30,21,1669.0,9.0,3.0,0.0,0.0,0,0,4,0.0,0,0.5392450569203115,2.2109047333732774,1.40203714799281,0.4853205512282804,0.16177351707609347,0.6470940683043739,0.4853205512282804,22.594367884961056,0.8627920910724985,0.6470940683043739,0.05392450569203116,0.4313960455362493,1.078490113840623,10.299580587177951,4.313960455362492,2.9119233073696824,1.1324146195326543,0.21569802276812464,1.6177351707609346,1.2941881366087478,0.21569802276812464,0.0,0.0,13.456937799043063,63.41463414634146,41.8848167539267,38.88888888888889,7.084901138406232
spain,La Liga,2025,Ferran Torres,25.0,F,Spain,182.0,80.0,33,23,1984.0,16.0,2.0,0.0,0.0,0,0,2,0.0,0,0.5443548387096774,2.631048387096774,1.6784274193548387,0.7258064516129032,0.0907258064516129,0.8165322580645162,0.7258064516129032,21.36592741935484,1.0433467741935485,0.31754032258064513,0.04536290322580645,0.1814516129032258,0.498991935483871,6.214717741935483,2.7671370967741935,1.2247983870967742,0.4536290322580645,0.3629032258064516,0.907258064516129,0.5897177419354839,0.0907258064516129,0.0,0.0,14.893842887473461,63.793103448275865,44.52554744525548,37.03703703703704,6.9125
spain,La Liga,2025,Filip Ugrinić,26.0,M,Switzerland,184.0,88.0,27,17,1513.0,0.0,3.0,0.0,0.0,0,0,3,0.0,0,0.356906807666887,0.713813615333774,0.1784534038334435,0.0,0.1784534038334435,0.1784534038334435,0.0,38.90284203569068,1.368142762723067,1.4871116986120292,0.23793787177792464,0.6543291473892928,2.1414408460013217,7.732980832782552,4.2233972240581625,1.5465961665565104,1.0112359550561798,0.5948446794448117,0.7732980832782552,1.0112359550561798,0.1784534038334435,0.0,0.0,27.87308868501529,25.0,54.61538461538461,65.38461538461539,6.778916060806345
spain,La Liga,2025,Flavien Boyomo,24.0,D,Cameroon,180.0,70.0,30,29,2545.0,1.0,2.0,0.0,2.0,0,0,7,0.0,0,0.0,0.3182711198428291,0.14145383104125736,0.03536345776031434,0.07072691552062868,0.10609037328094302,0.03536345776031434,46.43222003929274,0.3182711198428291,2.051080550098232,0.45972495088408644,0.6365422396856582,2.68762278978389,6.825147347740668,3.6070726915520632,0.2829076620825147,0.10609037328094302,0.2475442043222004,0.1768172888015717,1.1669941060903732,0.2475442043222004,0.0,0.0,46.754760091393756,44.44444444444444,52.84974093264248,37.5,6.764125736738704
spain,La Liga,2025,Florian Lejeune,34.0,D,France,189.0,89.0,36,36,3231.0,2.0,1.0,0.0,0.0,0,0,7,0.0,0,0.027855153203342618,1.1977715877437327,0.5013927576601671,0.055710306406685235,0.027855153203342618,0.08356545961002786,0.055710306406685235,59.30362116991643,0.47353760445682447,1.8662952646239552,0.7520891364902508,1.3370473537604457,3.203342618384401,7.910863509749304,4.7075208913649025,0.2785515320334262,0.22284122562674094,0.6128133704735376,0.38997214484679665,1.309192200557103,0.19498607242339833,0.0,0.0,56.06716768435886,41.86046511627907,59.50704225352113,80.0,7.076044568245125
spain,La Liga,2025,Fran Beltrán,26.0,M,Spain,170.0,66.0,27,18,1562.0,1.0,0.0,0.0,0.0,0,0,3,0.0,0,0.0,0.5185659411011524,0.23047375160051214,0.057618437900128036,0.0,0.057618437900128036,0.057618437900128036,60.787451984635084,0.7490396927016646,1.9590268886043534,0.34571062740076824,0.9795134443021767,2.93854033290653,7.893725992317542,3.5723431498079385,0.5761843790012804,0.34571062740076824,0.8642765685019206,0.6914212548015365,1.1523687580025608,0.17285531370038412,0.0,0.0,46.738388625592414,44.44444444444444,45.25547445255474,60.0,6.8391165172855315
spain,La Liga,2025,Fran García,26.0,D,Spain,169.0,63.0,13,10,933.0,1.0,1.0,0.0,0.0,0,0,2,0.0,1,0.09646302250803858,0.48231511254019294,0.19292604501607716,0.09646302250803858,0.09646302250803858,0.19292604501607716,0.09646302250803858,42.829581993569136,0.48231511254019294,1.832797427652733,0.3858520900321543,0.6752411575562701,2.5080385852090035,7.813504823151126,4.147909967845659,0.8681672025723474,0.28938906752411575,0.48231511254019294,1.3504823151125402,0.6752411575562701,0.19292604501607716,0.0,0.09646302250803858,39.20316027088036,40.0,53.086419753086425,33.33333333333333,6.592711682743837
spain,La Liga,2025,Fran González,20.0,G,Spain,199.0,72.0,0,0,0.0,0.0,0.0,0.0,0.0,0,0,0,0.0,0,,,,,,,,,,,,,,,,,,,,,,,,,,,,
spain,La Liga,2025,Fran Pérez,23.0,M,Spain,175.0,68.0,29,12,1250.0,2.0,1.0,0.0,0.0,0,0,4,0.0,0,0.43199999999999994,1.008,0.5760000000000001,0.14400000000000002,0.07200000000000001,0.21599999999999997,0.14400000000000002,21.888,0.9359999999999999,1.08,0.14400000000000002,0.14400000000000002,1.224,9.216000000000001,3.2399999999999998,2.16,1.008,1.008,1.08,1.296,0.28800000000000003,0.0,0.0,10.471947194719473,57.14285714285714,35.15625,46.666666666666664,6.5208
spain,La Liga,2025,Franco Cervi,31.0,M,Argentina,166.0,67.0,0,0,0.0,0.0,0.0,0.0,0.0,0,0,0,0.0,0,,,,,,,,,,,,,,,,,,,,,,,,,,,,
spain,La Liga,2025,Franco Mastantuono,18.0,F,Argentina,178.0,73.0,23,11,1049.0,1.0,0.0,0.0,0.0,0,0,5,0.0,1,0.08579599618684461,2.059103908484271,0.6005719733079123,0.08579599618684461,0.0,0.08579599618684461,0.08579599618684461,42.21163012392755,1.3727359389895137,1.7159199237368923,0.0,0.25738798856053385,1.973307912297426,15.185891325071497,6.863679694947569,4.6329837940896095,2.1448999046711155,1.4585319351763584,2.5738798856053386,1.544327931363203,0.42897998093422307,0.0,0.08579599618684461,28.479674796747968,29.166666666666668,45.19774011299435,46.2962962962963,6.768922783603432
spain,La Liga,2025,Frenkie de Jong,28.0,M,Netherlands,182.0,75.0,25,16,1637.0,1.0,5.0,0.0,0.0,0,0,6,0.0,1,0.10995723885155773,0.2748930971288943,0.10995723885155773,0.05497861942577886,0.2748930971288943,0.3298717165546732,0.05497861942577886,82.52290775809408,1.9242516799022602,2.474037874160049,0.21991447770311545,0.9346365302382408,3.4086744043982895,6.982284667073915,4.673182651191203,0.38485033598045204,0.2748930971288943,0.5497861942577886,1.484422724496029,0.5497861942577886,0.3298717165546732,0.0,0.05497861942577886,75.49700199866756,40.0,66.92913385826772,71.42857142857143,7.433842394624313
spain,La Liga,2025,Fábio Cardoso,31.0,D,Portugal,187.0,82.0,4,4,298.0,0.0,0.0,0.0,1.0,0,0,0,0.0,0,0.0,0.0,0.0,0.0,0.0,0.0,0.0,42.58389261744966,0.0,1.5100671140939597,0.30201342281879195,0.9060402684563758,2.4161073825503356,8.758389261744966,3.926174496644295,0.0,0.0,0.30201342281879195,0.30201342281879195,2.7181208053691277,0.0,0.0,0.0,44.148936170212764,,44.827586206896555,,6.704026845637584
spain,La Liga,2025,Gabriel Suazo,28.0,D,Chile,178.0,72.0,29,25,2096.0,0.0,1.0,0.0,1.0,0,0,7,0.0,0,0.08587786259541984,0.17175572519083968,0.08587786259541984,0.0,0.04293893129770992,0.04293893129770992,0.0,44.05534351145038,1.5458015267175573,3.6927480916030535,0.21469465648854963,1.2881679389312977,4.980916030534352,10.133587786259541,5.49618320610687,1.116412213740458,0.6440839694656488,1.202290076335878,0.6440839694656488,1.4169847328244274,0.3005725190839695,0.0,0.0,38.19590643274854,50.0,54.23728813559322,57.692307692307686,6.773651551312649
spain,La Liga,2025,Georges Mikautadze,25.0,F,Georgia,176.0,71.0,32,23,2117.0,13.0,6.0,0.0,0.0,0,0,1,0.0,0,0.12753897024090696,2.295701464336325,1.360415682569674,0.55266887104393,0.2550779404818139,0.807746811525744,0.55266887104393,16.962683042040624,1.1903637222484649,0.2550779404818139,0.042512990080302314,0.21256495040151158,0.46764289088332545,8.672649976381672,3.9962210675484173,2.8908833254605573,1.4029286726499763,0.17005196032120926,1.913084553613604,0.55266887104393,0.042512990080302314,0.0,0.0,11.06516290726817,59.25925925925925,46.07843137254902,48.529411764705884,7.005007085498347
spain,La Liga,2025,Gerard Gumbau,31.0,M,Spain,187.0,77.0,28,14,1197.0,0.0,3.0,0.0,1.0,0,0,4,0.0,0,0.0,0.9022556390977443,0.37593984962406013,0.0,0.22556390977443608,0.22556390977443608,0.0,36.46616541353383,1.7293233082706765,2.180451127819549,0.45112781954887216,0.7518796992481203,2.932330827067669,9.022556390977442,3.9849624060150375,0.6766917293233082,0.45112781954887216,0.37593984962406013,0.37593984962406013,2.8571428571428568,0.3007518796992481,0.0,0.0,25.757763975155278,41.66666666666667,44.166666666666664,66.66666666666666,6.755685618729097
spain,La Liga,2025,Gerard Martín,23.0,D,Spain,186.0,82.0,32,26,2140.0,0.0,0.0,0.0,0.0,0,0,6,0.0,0,0.0,0.2102803738317757,0.16822429906542058,0.0,0.0,0.0,0.0,81.88317757009347,0.5467289719626168,1.6822429906542056,0.33644859813084116,1.177570093457944,2.8598130841121496,6.140186915887851,4.079439252336448,0.37850467289719625,0.2523364485981308,0.4205607476635514,0.294392523364486,0.6728971962616823,0.2523364485981308,0.0,0.0,72.19578622816033,80.0,66.43835616438356,66.66666666666666,7.127582982702197
spain,La Liga,2025,Gerard Moreno,33.0,F,Spain,180.0,77.0,22,16,1350.0,10.0,0.0,1.0,0.0,3,0,0,0.0,0,0.4,1.8,1.0666666666666667,0.6666666666666667,0.0,0.6666666666666667,0.4666666666666667,37.8,1.5333333333333334,1.0,0.06666666666666667,0.26666666666666666,1.2666666666666666,9.799999999999999,4.4,2.0,1.0666666666666667,1.2000000000000002,1.0666666666666667,0.9333333333333333,0.0,0.0,0.0,24.881834215167547,59.25925925925925,44.89795918367347,53.333333333333336,7.26911111111111
spain,La Liga,2025,Germán García,21.0,G,Spain,185.0,75.0,0,0,0.0,0.0,0.0,0.0,0.0,0,0,0,0.0,0,,,,,,,,,,,,,,,,,,,,,,,,,,,,
spain,La Liga,2025,Germán Valera,23.0,M,Spain,170.0,68.0,36,33,2874.0,4.0,5.0,1.0,0.0,0,0,4,0.0,1,0.12526096033402923,0.6576200417536534,0.25052192066805845,0.12526096033402923,0.15657620041753653,0.2818371607515658,0.12526096033402923,36.10647181628392,1.4405010438413361,1.7223382045929017,0.25052192066805845,0.7202505219206681,2.44258872651357,9.801670146137788,5.511482254697286,2.4739039665970775,1.1899791231732777,0.407098121085595,2.223382045929019,1.2526096033402923,0.12526096033402923,0.0,0.031315240083507306,33.54119687771032,38.095238095238095,56.23003194888179,48.10126582278481,6.979471120389701
spain,La Liga,2025,Geronimo Spina,20.0,D,Argentina,187.0,77.0,0,0,0.0,0.0,0.0,0.0,0.0,0,0,0,0.0,0,,,,,,,,,,,,,,,,,,,,,,,,,,,,
spain,La Liga,2025,Giacomo Raspadori,25.0,F,Italy,172.0,69.0,12,1,251.0,0.0,1.0,0.0,0.0,0,0,1,0.0,0,0.7171314741035857,2.151394422310757,1.0756972111553784,0.0,0.35856573705179284,0.35856573705179284,0.0,32.62948207171315,1.4342629482071714,0.7171314741035857,0.0,0.0,0.7171314741035857,11.115537848605578,4.661354581673307,1.4342629482071714,0.35856573705179284,0.7171314741035857,2.50996015936255,1.0756972111553784,0.35856573705179284,0.0,0.0,10.538461538461538,50.0,41.935483870967744,25.0,6.384063745019921
spain,La Liga,2025,Gibert Jordana,18.0,D,Spain,,,0,0,0.0,0.0,0.0,0.0,0.0,0,0,0,0.0,0,,,,,,,,,,,,,,,,,,,,,,,,,,,,
spain,La Liga,2025,Giovani Lo Celso,29.0,M,Argentina,177.0,68.0,24,15,1396.0,2.0,3.0,0.0,1.0,0,0,4,0.0,0,0.25787965616045844,1.2893982808022924,0.7091690544412608,0.12893982808022922,0.19340974212034384,0.3223495702005731,0.12893982808022922,55.76647564469914,2.1275071633237825,1.2249283667621778,0.0,0.3868194842406877,1.6117478510028653,9.863896848137536,5.608882521489972,2.1275071633237825,1.0315186246418337,0.7736389684813754,2.7077363896848134,0.5802292263610316,0.25787965616045844,0.0,0.0,38.95838150289018,55.00000000000001,56.86274509803921,48.484848484848484,7.14297994269341
spain,La Liga,2025,Giuliano Simeone,23.0,M,Argentina,174.0,75.0,31,25,2109.0,4.0,6.0,0.0,0.0,0,0,2,0.0,0,0.29871977240398295,1.2802275960170697,0.5974395448079659,0.17069701280227595,0.25604551920341395,0.42674253200568996,0.17069701280227595,40.36984352773827,1.3229018492176385,1.8776671408250356,0.12802275960170698,0.7681365576102419,2.645803698435277,11.906116642958748,5.93172119487909,2.7738264580369845,1.2375533428165006,1.7069701280227598,1.7069701280227598,0.8961593172119487,0.08534850640113797,0.0,0.0,28.717758985200845,46.666666666666664,49.82078853046595,44.61538461538462,6.943290659080133
spain,La Liga,2025,Goduine Koyalipou,25.0,F,France,184.0,82.0,11,2,239.0,1.0,0.0,0.0,0.0,0,0,1,0.0,0,1.1297071129707112,1.8828451882845187,1.506276150627615,0.37656903765690375,0.0,0.37656903765690375,0.37656903765690375,20.334728033472803,0.37656903765690375,1.506276150627615,0.0,0.37656903765690375,1.8828451882845187,18.451882845188287,7.907949790794978,5.648535564853557,3.389121338912134,0.37656903765690375,0.37656903765690375,0.7531380753138075,0.37656903765690375,0.0,0.0,4.830188679245283,80.0,42.857142857142854,60.0,6.588135593220339
spain,La Liga,2025,Gonzalo García,21.0,F,Spain,182.0,74.0,30,9,988.0,6.0,1.0,0.0,0.0,0,0,2,0.0,0,0.0,1.7307692307692308,1.0020242914979756,0.5465587044534413,0.09109311740890688,0.6376518218623481,0.5465587044534413,21.953441295546558,1.1842105263157894,1.0020242914979756,0.0,0.2732793522267207,1.2753036437246963,8.380566801619434,3.6437246963562755,1.3663967611336032,0.2732793522267207,0.5465587044534413,0.5465587044534413,0.8198380566801619,0.18218623481781376,0.0,0.0,12.87551867219917,57.89473684210527,43.47826086956522,20.0,6.938336713995943
spain,La Liga,2025,Gonzalo Villar,27.0,M,Spain,181.0,73.0,12,8,718.0,1.0,0.0,0.0,0.0,0,0,3,0.0,0,0.0,0.25069637883008355,0.12534818941504178,0.12534818941504178,0.0,0.12534818941504178,0.12534818941504178,49.5125348189415,0.25069637883008355,1.6295264623955432,0.25069637883008355,0.25069637883008355,1.8802228412256268,12.284122562674094,7.270194986072424,1.754874651810585,1.128133704735376,0.8774373259052926,3.1337047353760448,1.3788300835654597,0.3760445682451254,0.0,0.0,45.31898734177215,50.0,59.183673469387756,64.28571428571429,7.155988857938719
spain,La Liga,2025,Gonçalo Guedes,29.0,M,Portugal,179.0,68.0,32,22,1839.0,8.0,4.0,0.0,0.0,0,0,3,0.0,0,0.636215334420881,1.4192495921696573,0.8809135399673735,0.3915171288743882,0.1957585644371941,0.5872756933115824,0.3915171288743882,27.601957585644374,1.2234910277324633,1.2234910277324633,0.0,0.1957585644371941,1.4192495921696573,9.445350734094617,4.257748776508972,1.9086460032626429,0.8809135399673735,1.1745513866231647,1.6150081566068515,0.8809135399673735,0.1468189233278956,0.0,0.0,16.73049645390071,62.06896551724138,45.07772020725388,46.15384615384615,6.970309951060359
spain,La Liga,2025,Gorka  Carrera Zarranz,20.0,F,Spain,,,3,0,59.0,0.0,0.0,0.0,0.0,0,0,1,0.0,0,0.0,1.5254237288135593,1.5254237288135593,0.0,0.0,0.0,0.0,18.305084745762713,0.0,0.0,0.0,1.5254237288135593,1.5254237288135593,12.203389830508474,4.576271186440678,0.0,0.0,1.5254237288135593,3.0508474576271185,3.0508474576271185,1.5254237288135593,0.0,0.0,6.416666666666667,100.0,37.5,,6.389830508474576
spain,La Liga,2025,Gorka Guruzeta,29.0,F,Spain,188.0,77.0,35,28,2371.0,10.0,3.0,0.0,0.0,1,0,6,0.0,1,0.4175453395191902,2.467313369886124,1.2146773513285534,0.3795866722901729,0.11387600168705188,0.49346267397722476,0.3416280050611556,19.814424293547027,0.9869253479544495,0.7212146773513286,0.07591733445803459,0.4555040067482075,1.176718684099536,13.32349219738507,5.086461408688318,1.290594685786588,0.26571067060312104,0.6832560101223112,1.1387600168705188,1.8599746942218474,0.22775200337410376,0.0,0.03795866722901729,11.883141762452107,49.23076923076923,38.17663817663818,20.588235294117645,6.573133698861239
spain,La Liga,2025,Grady Diangana,27.0,F,England,180.0,73.0,20,13,929.0,1.0,0.0,0.0,1.0,0,0,3,0.0,0,0.48439181916038754,0.6781485468245425,0.193756727664155,0.0968783638320775,0.0,0.0968783638320775,0.0968783638320775,28.482238966630785,0.9687836383207751,1.356297093649085,0.2906350914962325,0.38751345532831,1.743810548977395,11.722282023681379,4.747039827771798,3.10010764262648,0.9687836383207751,0.581270182992465,1.8406889128094726,1.4531754574811624,0.2906350914962325,0.0,0.0,17.156462585034014,28.57142857142857,40.49586776859504,31.25,6.435844994617869
spain,La Liga,2025,Grégoire Swiderski,20.0,G,France,187.0,72.0,0,0,0.0,0.0,0.0,0.0,0.0,0,0,0,0.0,0,,,,,,,,,,,,,,,,,,,,,,,,,,,,
spain,La Liga,2025,Guido Rodríguez,31.0,M,Argentina,185.0,80.0,16,14,1308.0,4.0,0.0,0.0,1.0,0,0,4,0.0,0,0.0,0.8944954128440367,0.3440366972477064,0.27522935779816515,0.0,0.27522935779816515,0.27522935779816515,48.57798165137615,0.481651376146789,2.8211009174311923,0.481651376146789,0.6880733944954128,3.5091743119266057,12.247706422018348,6.743119266055046,1.3073394495412844,0.6880733944954128,1.3761467889908257,1.926605504587156,1.444954128440367,0.27522935779816515,0.0,0.0,43.03116147308782,38.46153846153847,55.0561797752809,52.63157894736842,7.2738532110091745
spain,La Liga,2025,Guillermo Fernández,17.0,M,Spain,179.0,76.0,0,0,0.0,0.0,0.0,0.0,0.0,0,0,0,0.0,0,,,,,,,,,,,,,,,,,,,,,,,,,,,,
spain,La Liga,2025,Haissem Hassan,23.0,F,France,178.0,71.0,37,20,1943.0,0.0,3.0,0.0,0.0,0,0,1,0.0,0,0.13896037056098817,1.1116829644879054,0.3705609881626351,0.0,0.13896037056098817,0.13896037056098817,0.0,23.021101389603704,0.9264024704065877,1.806484817292846,0.0,0.27792074112197634,2.0844055584148227,11.857951621204323,5.836335563561502,5.743695316520844,2.779207411219763,1.5285640761708699,1.1580030880082348,0.5558414822439527,0.04632012352032939,0.0,0.0,13.57344064386318,33.33333333333333,49.21875,48.38709677419355,6.849562532166753
spain,La Liga,2025,Hamari Traoré,33.0,D,Mali,175.0,64.0,0,0,0.0,0.0,0.0,0.0,0.0,0,0,0,0.0,0,,,,,,,,,,,,,,,,,,,,,,,,,,,,
spain,La Liga,2025,Hector Fort,19.0,D,Spain,185.0,78.0,14,7,500.0,2.0,2.0,0.0,0.0,0,0,0,0.0,0,0.36,1.26,0.9,0.36,0.36,0.72,0.36,29.16,0.72,2.16,0.18,1.08,3.2399999999999998,10.62,4.86,3.42,1.44,0.54,0.18,0.9,0.0,0.0,0.0,17.45679012345679,71.42857142857143,45.76271186440678,42.10526315789473,6.607
spain,La Liga,2025,Horațiu Moldovan,27.0,G,Romania,189.0,72.0,2,2,180.0,0.0,0.0,0.0,0.0,0,0,0,0.0,0,0.0,0.0,0.0,0.0,0.0,0.0,0.0,40.0,0.0,0.0,0.0,0.0,0.0,0.0,0.0,0.0,0.0,0.0,0.0,0.0,0.0,0.0,0.0,26.625,,,,6.7
spain,La Liga,2025,Hugo Burcio,18.0,M,,,,1,0,12.0,0.0,0.0,0.0,0.0,0,0,0,0.0,0,0.0,0.0,0.0,0.0,0.0,0.0,0.0,37.5,0.0,7.5,0.0,0.0,7.5,7.5,7.5,0.0,0.0,0.0,0.0,0.0,0.0,0.0,0.0,5.0,,100.0,,6.599999999999999
spain,La Liga,2025,Hugo Duro,26.0,F,Spain,177.0,70.0,36,22,1989.0,10.0,0.0,1.0,0.0,1,1,5,0.0,0,0.2714932126696833,1.3574660633484164,0.6334841628959276,0.4524886877828055,0.0,0.4524886877828055,0.40723981900452494,17.737556561085974,0.7692307692307693,0.7692307692307693,0.2714932126696833,0.18099547511312214,0.9502262443438915,11.855203619909503,4.660633484162896,0.7692307692307693,0.13574660633484165,0.6787330316742082,1.7194570135746607,0.995475113122172,0.22624434389140274,0.0,0.0,10.922279792746114,46.666666666666664,39.31297709923664,17.647058823529413,6.692357968828557
spain,La Liga,2025,Hugo González,22.0,F,Spain,184.0,,1,0,12.0,0.0,0.0,0.0,0.0,0,0,0,0.0,0,0.0,0.0,0.0,0.0,0.0,0.0,0.0,15.0,0.0,7.5,0.0,0.0,7.5,15.0,7.5,7.5,0.0,0.0,0.0,0.0,0.0,0.0,0.0,1.0,,50.0,0.0,6.3
spain,La Liga,2025,Hugo Lopez,18.0,F,Spain,,,2,1,55.0,0.0,0.0,0.0,0.0,0,0,0,0.0,0,0.0,0.0,0.0,0.0,0.0,0.0,0.0,8.181818181818182,0.0,1.6363636363636362,0.0,1.6363636363636362,3.2727272727272725,9.818181818181818,1.6363636363636362,1.6363636363636362,0.0,0.0,0.0,3.2727272727272725,0.0,0.0,0.0,3.4,,16.666666666666664,0.0,6.336363636363636
spain,La Liga,2025,Hugo Rincón,22.0,D,Spain,183.0,75.0,33,16,1758.0,1.0,1.0,1.0,1.0,0,0,4,0.0,0,0.051194539249146756,0.30716723549488056,0.10238907849829351,0.051194539249146756,0.051194539249146756,0.10238907849829351,0.051194539249146756,39.62457337883959,0.5119453924914675,2.4061433447098977,0.4607508532423208,0.25597269624573377,2.6621160409556315,11.416382252559726,6.604095563139931,0.870307167235495,0.4607508532423208,0.6655290102389079,2.7133105802047783,1.6382252559726962,0.20477815699658702,0.0,0.0,25.6937984496124,33.33333333333333,57.847533632286996,52.94117647058824,6.729067121729238
spain,La Liga,2025,Hugo Solozábal,22.0,M,Spain,178.0,74.0,1,0,10.0,0.0,0.0,0.0,0.0,0,0,0,0.0,0,0.0,0.0,0.0,0.0,0.0,0.0,0.0,45.0,0.0,0.0,0.0,0.0,0.0,18.0,0.0,0.0,0.0,9.0,0.0,0.0,0.0,0.0,0.0,5.0,,0.0,,6.3
spain,La Liga,2025,Hugo Sotelo,22.0,M,Spain,180.0,75.0,20,16,1342.0,0.0,2.0,0.0,0.0,0,0,3,0.0,0,0.0,0.13412816691505217,0.06706408345752608,0.0,0.13412816691505217,0.13412816691505217,0.0,66.72876304023845,1.743666169895678,2.0119225037257826,0.6035767511177348,0.871833084947839,2.8837555886736217,6.773472429210134,3.2190760059612518,0.26825633383010433,0.13412816691505217,0.7377049180327869,0.871833084947839,1.8107302533532041,0.20119225037257824,0.0,0.0,57.448241206030154,50.0,47.524752475247524,50.0,7.108941877794337
spain,La Liga,2025,Hugo Álvarez,22.0,M,Spain,176.0,72.0,28,15,1343.0,4.0,2.0,0.0,0.0,0,0,2,0.0,0,0.1340282948622487,0.7371556217423678,0.5361131794489948,0.2680565897244974,0.1340282948622487,0.40208488458674607,0.2680565897244974,40.945644080416976,1.6753536857781086,1.0052122114668653,0.0,0.6701414743112435,1.6753536857781086,8.108711839166046,3.283693224125093,2.8816083395383467,1.0722263588979897,0.6701414743112435,1.139240506329114,1.0722263588979897,0.1340282948622487,0.0,0.0,25.752864157119475,72.72727272727273,40.49586776859504,37.2093023255814,6.83566641846612
spain,La Liga,2025,Huseini Nakoha,,D,,,,0,0,0.0,0.0,0.0,0.0,0.0,0,0,0,0.0,0,,,,,,,,,,,,,,,,,,,,,,,,,,,,
spain,La Liga,2025,Héctor Bellerín,30.0,D,Spain,178.0,74.0,27,20,1840.0,2.0,3.0,0.0,0.0,0,0,2,0.0,0,0.09782608695652174,0.24456521739130435,0.24456521739130435,0.09782608695652174,0.1467391304347826,0.24456521739130435,0.09782608695652174,50.28260869565217,1.1739130434782608,1.467391304347826,0.1956521739130435,0.6847826086956522,2.1521739130434785,5.771739130434783,2.8369565217391304,0.6358695652173914,0.3423913043478261,0.9293478260869564,0.1956521739130435,0.733695652173913,0.09782608695652174,0.0,0.0,42.61284046692607,100.0,49.152542372881356,53.84615384615385,6.799728260869565
spain,La Liga,2025,Iago Aspas,38.0,F,Spain,176.0,67.0,32,11,1155.0,5.0,3.0,1.0,0.0,2,0,4,0.0,0,0.0,1.7922077922077924,0.935064935064935,0.38961038961038963,0.23376623376623376,0.6233766233766234,0.23376623376623376,49.48051948051948,2.4155844155844157,1.168831168831169,0.0,0.935064935064935,2.103896103896104,7.558441558441558,3.662337662337662,1.5584415584415585,0.935064935064935,0.935064935064935,1.3246753246753247,0.38961038961038963,0.3116883116883117,0.0,0.0,22.4251968503937,52.17391304347826,48.45360824742268,60.0,6.832523850823938
spain,La Liga,2025,Ibai Aguirre,18.0,M,Spain,,,1,0,10.0,0.0,0.0,0.0,0.0,0,0,0,0.0,0,0.0,0.0,0.0,0.0,0.0,0.0,0.0,36.0,0.0,0.0,0.0,0.0,0.0,27.0,9.0,0.0,0.0,0.0,0.0,9.0,0.0,0.0,0.0,1.0,,33.33333333333333,,6.3
spain,La Liga,2025,Ibon Sánchez,21.0,M,Spain,,,0,0,0.0,0.0,0.0,0.0,0.0,0,0,0,0.0,0,,,,,,,,,,,,,,,,,,,,,,,,,,,,
spain,La Liga,2025,Ibrahim Diabaté,26.0,F,Côte d'Ivoire,185.0,,10,6,587.0,2.0,0.0,0.0,0.0,0,0,1,0.0,0,0.45996592844974443,1.686541737649063,0.766609880749574,0.30664395229982966,0.0,0.30664395229982966,0.30664395229982966,13.798977853492335,0.30664395229982966,0.6132879045996593,0.0,0.30664395229982966,0.9199318568994889,9.659284497444634,3.526405451448041,0.30664395229982966,0.15332197614991483,0.30664395229982966,0.766609880749574,0.9199318568994889,0.15332197614991483,0.0,0.0,6.866666666666666,45.45454545454545,36.507936507936506,50.0,6.553151618398637
spain,La Liga,2025,Igor Zubeldia,28.0,D,Spain,181.0,73.0,25,23,2088.0,0.0,1.0,0.0,0.0,0,0,9,0.0,0,0.0,0.17241379310344826,0.043103448275862065,0.0,0.043103448275862065,0.043103448275862065,0.0,49.69827586206897,0.21551724137931033,1.5948275862068966,0.5603448275862069,0.9482758620689655,2.543103448275862,8.275862068965518,3.793103448275862,0.17241379310344826,0.043103448275862065,0.3017241379310345,0.21551724137931033,1.6379310344827587,0.3879310344827586,0.0,0.0,48.37987857762359,25.0,45.83333333333333,25.0,6.6387931034482754
spain,La Liga,2025,Iker Benito,23.0,F,Spain,176.0,71.0,6,1,171.0,1.0,0.0,0.0,0.0,0,0,1,0.0,0,0.0,1.0526315789473684,0.5263157894736842,0.5263157894736842,0.0,0.5263157894736842,0.5263157894736842,39.473684210526315,1.0526315789473684,0.5263157894736842,0.5263157894736842,1.0526315789473684,1.5789473684210527,9.473684210526315,3.1578947368421053,1.5789473684210527,0.5263157894736842,1.5789473684210527,1.5789473684210527,1.5789473684210527,0.5263157894736842,0.0,0.0,18.04,50.0,33.33333333333333,33.33333333333333,7.249122807017543
spain,La Liga,2025,Iker Losada,24.0,F,Spain,175.0,70.0,23,10,909.0,3.0,1.0,0.0,0.0,0,0,1,0.0,0,0.297029702970297,1.089108910891089,0.396039603960396,0.297029702970297,0.099009900990099,0.396039603960396,0.297029702970297,22.574257425742573,1.089108910891089,1.2871287128712872,0.198019801980198,1.089108910891089,2.376237623762376,6.9306930693069315,2.871287128712871,1.485148514851485,0.594059405940594,0.792079207920792,0.693069306930693,0.594059405940594,0.099009900990099,0.0,0.0,9.969162995594713,36.36363636363637,41.42857142857143,40.0,6.7273927392739274
spain,La Liga,2025,Iker Luque,20.0,F,,,,1,0,27.0,1.0,0.0,0.0,0.0,0,0,0,0.0,0,0.0,10.0,6.666666666666666,3.333333333333333,0.0,3.333333333333333,3.333333333333333,23.333333333333332,0.0,3.333333333333333,0.0,0.0,3.333333333333333,20.0,6.666666666666666,0.0,0.0,0.0,0.0,6.666666666666666,0.0,0.0,0.0,6.0,66.66666666666666,33.33333333333333,,7.3
spain,La Liga,2025,Iker Monreal Agundez,20.0,D,Spain,,,0,0,0.0,0.0,0.0,0.0,0.0,0,0,0,0.0,0,,,,,,,,,,,,,,,,,,,,,,,,,,,,
spain,La Liga,2025,Iker Muñoz,21.0,D,,,,0,0,0.0,0.0,0.0,0.0,0.0,0,0,0,0.0,0,,,,,,,,,,,,,,,,,,,,,,,,,,,,
spain,La Liga,2025,Iker Muñoz,23.0,M,Spain,180.0,69.0,19,8,953.0,0.0,0.0,0.0,0.0,0,0,5,0.0,0,0.0944386149003148,0.7555089192025184,0.3777544596012592,0.0,0.0,0.0,0.0,42.40293809024134,0.47219307450157394,1.1332633788037776,0.1888772298006296,1.1332633788037776,2.266526757607555,10.671563483735572,4.816369359916055,1.0388247639034627,0.3777544596012592,1.4165792235047219,1.983210912906611,1.6998950682056664,0.47219307450157394,0.0,0.0,29.39149888143177,50.0,45.13274336283185,36.36363636363637,6.75183630640084
spain,La Liga,2025,Ilaix Moriba,22.0,M,Guinea,165.0,73.0,36,26,2495.0,2.0,3.0,1.0,0.0,0,0,8,0.0,0,0.0,0.5050100200400801,0.18036072144288576,0.07214428857715431,0.10821643286573146,0.18036072144288576,0.07214428857715431,37.62324649298597,0.6132264529058117,3.1382765531062127,0.25250501002004005,0.9018036072144289,4.040080160320641,11.03807615230461,6.240480961923847,1.0100200400801602,0.468937875751503,0.8296593186372745,2.092184368737475,1.442885771543086,0.28857715430861725,0.0,0.0,31.645254074784276,35.714285714285715,56.5359477124183,46.42857142857143,6.861523046092184
spain,La Liga,2025,Ilias Akhomach,21.0,F,Morocco,175.0,70.0,20,9,897.0,0.0,1.0,0.0,0.0,0,0,3,0.0,0,0.10033444816053512,1.8060200668896322,0.802675585284281,0.0,0.10033444816053512,0.10033444816053512,0.0,25.886287625418056,1.3043478260869565,2.408026755852843,0.20066889632107024,0.20066889632107024,2.608695652173913,15.752508361204015,7.424749163879598,4.31438127090301,1.3043478260869565,0.20066889632107024,3.6120401337792645,1.8060200668896322,0.3010033444816054,0.0,0.0,15.317829457364342,44.44444444444444,47.13375796178344,30.23255813953488,6.756075808249721
spain,La Liga,2025,Ilias Kostis,22.0,D,Cyprus,188.0,81.0,0,0,0.0,0.0,0.0,0.0,0.0,0,0,0,0.0,0,,,,,,,,,,,,,,,,,,,,,,,,,,,,
spain,La Liga,2025,Iliesse Salhi,18.0,D,France,172.0,57.0,0,0,0.0,0.0,0.0,0.0,0.0,0,0,0,0.0,0,,,,,,,,,,,,,,,,,,,,,,,,,,,,
spain,La Liga,2025,Ilyas Chaira,24.0,M,Morocco,179.0,,36,30,2458.0,6.0,2.0,1.0,0.0,0,0,2,0.0,1,0.6590724165988608,2.270138323840521,1.2815296989422293,0.21969080553295361,0.07323026851098453,0.29292107404393813,0.21969080553295361,24.275834011391375,0.6590724165988608,1.7941415785191213,0.18307567127746135,0.18307567127746135,1.9772172497965828,13.291293734743695,5.199349064279902,3.8445890968266885,1.1350691619202604,1.0252237591537836,1.5012205044751832,1.9406021155410904,0.07323026851098453,0.0,0.03661513425549227,17.858220211161388,56.451612903225815,39.11845730027548,29.523809523809526,6.623270951993491
spain,La Liga,2025,Ionuț Radu,28.0,G,Romania,188.0,70.0,38,38,3420.0,0.0,0.0,0.0,0.0,0,0,2,0.0,0,0.0,0.0,0.0,0.0,0.0,0.0,0.0,25.5,0.026315789473684213,0.0,0.0,0.026315789473684213,0.026315789473684213,0.34210526315789475,0.3157894736842105,0.026315789473684213,0.026315789473684213,0.026315789473684213,0.2105263157894737,0.0,0.052631578947368425,0.0,0.0,18.377708978328172,,92.3076923076923,100.0,6.992105263157895
spain,La Liga,2025,Isaac Romero,25.0,F,Spain,184.0,70.0,29,18,1498.0,4.0,0.0,2.0,0.0,0,1,6,0.0,1,0.30040053404539385,1.9826435246995995,0.8411214953271028,0.24032042723631508,0.0,0.24032042723631508,0.24032042723631508,20.186915887850468,0.8411214953271028,0.9612817089452603,0.06008010680907877,0.3604806408544727,1.3217623497997328,12.496662216288385,4.325767690253672,2.6435246995994657,0.6008010680907877,0.48064085447263016,1.4419225634178907,1.7423230974632844,0.3604806408544727,0.0,0.06008010680907877,10.693452380952381,42.42424242424242,34.61538461538461,22.727272727272727,6.481041388518024
spain,La Liga,2025,Isco,33.0,M,Spain,176.0,79.0,8,1,228.0,1.0,1.0,1.0,0.0,1,0,0,0.0,0,0.0,0.7894736842105263,0.39473684210526316,0.39473684210526316,0.39473684210526316,0.7894736842105263,0.0,66.71052631578947,1.9736842105263157,1.1842105263157894,0.0,0.7894736842105263,1.9736842105263157,11.447368421052632,5.526315789473684,0.7894736842105263,0.39473684210526316,1.5789473684210527,3.552631578947368,1.5789473684210527,0.0,0.0,0.0,25.39644970414201,50.0,48.275862068965516,50.0,6.821052631578947
spain,La Liga,2025,Isi Palazón,31.0,M,Spain,169.0,71.0,31,27,2262.0,3.0,3.0,0.0,0.0,2,1,10,0.0,1,0.23872679045092837,1.4721485411140585,0.636604774535809,0.11936339522546419,0.11936339522546419,0.23872679045092837,0.03978779840848806,34.6551724137931,1.5517241379310345,1.1538461538461537,0.23872679045092837,0.11936339522546419,1.273209549071618,10.862068965517242,4.893899204244032,1.909814323607427,0.9151193633952255,0.9151193633952255,2.029177718832891,1.4323607427055702,0.3978779840848807,0.0,0.03978779840848806,26.022962112514353,43.24324324324324,45.05494505494506,47.91666666666667,6.733244916003537
spain,La Liga,2025,Ismael Bekhoucha,21.0,D,Morocco,176.0,69.0,4,1,120.0,0.0,1.0,0.0,0.0,0,0,2,0.0,0,0.0,0.0,0.0,0.0,0.75,0.75,0.0,14.25,0.75,4.5,0.0,1.5,6.0,20.25,8.25,2.25,1.5,2.25,2.25,5.25,1.5,0.0,0.0,7.7368421052631575,,40.74074074074074,66.66666666666666,6.905042016806723
spain,La Liga,2025,Ismael Sierra Arnal,22.0,D,Spain,192.0,83.0,0,0,0.0,0.0,0.0,0.0,0.0,0,0,0,0.0,0,,,,,,,,,,,,,,,,,,,,,,,,,,,,
spain,La Liga,2025,Ivan Corralejo,18.0,M,Spain,,,1,0,14.0,0.0,0.0,0.0,0.0,0,0,0,0.0,0,0.0,0.0,0.0,0.0,0.0,0.0,0.0,45.0,0.0,0.0,0.0,0.0,0.0,32.142857142857146,6.428571428571428,0.0,0.0,12.857142857142856,6.428571428571428,6.428571428571428,0.0,0.0,0.0,7.0,,20.0,,6.3
spain,La Liga,2025,Iván Balliu,33.0,D,Albania,172.0,63.0,14,6,594.0,0.0,0.0,0.0,0.0,0,0,2,0.0,0,0.0,0.4545454545454546,0.0,0.0,0.0,0.0,0.0,40.151515151515156,0.4545454545454546,2.2727272727272725,0.4545454545454546,1.3636363636363638,3.6363636363636367,8.333333333333332,4.696969696969697,1.5151515151515151,1.0606060606060606,0.30303030303030304,0.7575757575757576,1.3636363636363638,0.30303030303030304,0.0,0.0,22.483018867924528,0.0,56.36363636363636,70.0,6.80625
spain,La Liga,2025,Iván Cuéllar,41.0,G,Spain,187.0,76.0,0,0,0.0,0.0,0.0,0.0,0.0,0,0,0,0.0,0,,,,,,,,,,,,,,,,,,,,,,,,,,,,
spain,La Liga,2025,Iván Martín,26.0,M,Spain,178.0,70.0,35,29,2538.0,0.0,1.0,1.0,0.0,0,0,5,0.0,1,0.10638297872340426,0.3191489361702128,0.17730496453900707,0.0,0.03546099290780142,0.03546099290780142,0.0,49.89361702127659,0.8865248226950355,2.1631205673758864,0.14184397163120568,0.5673758865248227,2.730496453900709,9.50354609929078,5.070921985815603,1.7375886524822695,1.0638297872340425,0.673758865248227,1.099290780141844,1.0638297872340425,0.17730496453900707,0.0,0.03546099290780142,42.73773987206823,55.55555555555556,53.35820895522389,61.224489795918366,6.920173364854216
spain,La Liga,2025,Iván Romero,24.0,F,Spain,172.0,72.0,32,28,2287.0,7.0,1.0,1.0,0.0,0,1,5,0.0,0,0.2754700480979449,1.5741145605596851,0.7083515522518583,0.2754700480979449,0.03935286401399213,0.314822912111937,0.2754700480979449,21.05378224748579,0.9838216003498033,1.2986445124617403,0.07870572802798426,0.4722343681679056,1.7708788806296458,14.363795365107128,6.926104066462615,2.9514648010494096,1.4167031045037166,0.8264101442938347,3.030170529077394,1.5741145605596851,0.19676432006996064,0.0,0.0,14.320825515947467,45.0,48.21917808219178,48.0,6.896152164407521
spain,La Liga,2025,Iván Villar,28.0,G,Spain,186.0,76.0,0,0,0.0,0.0,0.0,0.0,0.0,0,0,0,0.0,0,,,,,,,,,,,,,,,,,,,,,,,,,,,,
spain,La Liga,2025,Izei Hernandez,,F,,,,0,0,0.0,0.0,0.0,0.0,0.0,0,0,0,0.0,0,,,,,,,,,,,,,,,,,,,,,,,,,,,,
spain,La Liga,2025,Iñaki Peña,26.0,G,Spain,184.0,78.0,16,16,1440.0,0.0,0.0,0.0,0.0,0,0,0,0.0,0,0.0,0.0,0.0,0.0,0.0,0.0,0.0,55.5625,0.1875,0.0,0.0,0.0,0.0,0.5,0.1875,0.0,0.0,0.3125,0.0625,0.0,0.0,0.0,0.0,43.544431946006746,,37.5,,7.2
spain,La Liga,2025,Iñaki Rupérez,22.0,D,Spain,166.0,60.0,1,0,1.0,0.0,0.0,0.0,0.0,0,0,0,0.0,0,0.0,0.0,0.0,0.0,0.0,0.0,0.0,180.0,0.0,0.0,0.0,0.0,0.0,0.0,0.0,0.0,0.0,0.0,0.0,0.0,0.0,0.0,0.0,2.0,,,,
spain,La Liga,2025,Iñaki Williams,31.0,M,Ghana,186.0,81.0,30,25,2168.0,3.0,6.0,2.0,0.0,1,0,2,0.0,0,0.4151291512915129,1.6190036900369003,0.8302583025830258,0.12453874538745387,0.24907749077490773,0.3736162361623616,0.08302583025830258,20.59040590405904,1.0793357933579337,0.49815498154981547,0.08302583025830258,0.33210332103321033,0.8302583025830258,9.381918819188192,3.1964944649446494,2.283210332103321,0.49815498154981547,0.49815498154981547,0.9547970479704797,1.1623616236162362,0.08302583025830258,0.0,0.0,13.808467741935484,51.28205128205128,34.070796460176986,21.818181818181817,6.618311808118081
spain,La Liga,2025,Iñigo Arguibide,20.0,D,Spain,178.0,70.0,6,2,196.0,0.0,0.0,0.0,0.0,0,0,0,0.0,1,0.0,0.0,0.0,0.0,0.0,0.0,0.0,17.448979591836736,0.4591836734693877,1.3775510204081631,0.4591836734693877,0.9183673469387754,2.295918367346939,5.969387755102042,1.3775510204081631,0.9183673469387754,0.0,0.4591836734693877,0.0,1.3775510204081631,0.0,0.0,0.4591836734693877,7.947368421052632,,23.076923076923077,0.0,6.830612244897959
spain,La Liga,2025,Iñigo Ruiz de Galarreta,32.0,M,Spain,175.0,69.0,34,30,2231.0,1.0,2.0,0.0,0.0,0,0,10,0.0,0,0.0,0.4034065441506051,0.08068130883012102,0.04034065441506051,0.08068130883012102,0.12102196324518152,0.04034065441506051,49.98207082025997,1.250560286866876,2.4204392649036306,0.20170327207530256,0.9278350515463918,3.3482743164500226,11.940833706857912,6.454504706409682,2.0170327207530256,1.3715822501120574,0.9681757059614522,1.6539668310174809,2.1783953384132677,0.4034065441506051,0.0,0.0,34.93543179983858,20.0,54.054054054054056,68.0,7.006409681757059
spain,La Liga,2025,Jairo Izquierdo,32.0,D,Spain,165.0,64.0,1,0,25.0,0.0,0.0,0.0,0.0,0,0,0,0.0,0,0.0,0.0,0.0,0.0,0.0,0.0,0.0,46.800000000000004,0.0,0.0,0.0,0.0,0.0,3.6,0.0,0.0,0.0,0.0,0.0,0.0,0.0,0.0,0.0,11.0,,0.0,,6.7
spain,La Liga,2025,Jan Oblak,32.0,G,Slovenia,188.0,87.0,30,30,2700.0,0.0,0.0,0.0,0.0,0,0,0,0.0,0,0.0,0.0,0.0,0.0,0.0,0.0,0.0,29.5,0.0,0.0,0.0,0.0,0.0,0.33333333333333337,0.23333333333333334,0.0,0.0,0.06666666666666667,0.13333333333333333,0.0,0.0,0.0,0.0,22.694915254237287,,70.0,,7.09
spain,La Liga,2025,Jan Salas,20.0,M,Spain,182.0,67.0,2,0,17.0,0.0,0.0,0.0,0.0,0,0,0,0.0,0,0.0,0.0,0.0,0.0,0.0,0.0,0.0,52.94117647058824,0.0,0.0,0.0,0.0,0.0,21.176470588235293,15.882352941176471,5.294117647058823,5.294117647058823,0.0,5.294117647058823,0.0,0.0,0.0,0.0,3.8,,75.0,100.0,6.758823529411765
spain,La Liga,2025,Jan Virgili,19.0,M,Spain,,,31,19,1804.0,2.0,4.0,2.0,1.0,0,0,0,0.0,1,0.09977827050997783,1.0476718403547671,0.7982261640798226,0.09977827050997783,0.19955654101995565,0.29933481152993346,0.09977827050997783,20.304878048780488,1.4966740576496673,0.7483370288248337,0.09977827050997783,0.3492239467849224,1.0975609756097562,12.87139689578714,5.188470066518847,5.637472283813747,2.5443458980044347,0.7483370288248337,1.1973392461197339,1.0975609756097562,0.0,0.0,0.04988913525498891,13.987714987714988,76.19047619047619,40.310077519379846,45.13274336283185,6.633314855875832
spain,La Liga,2025,Jandro García,19.0,M,,,,0,0,0.0,0.0,0.0,0.0,0.0,0,0,0,0.0,0,,,,,,,,,,,,,,,,,,,,,,,,,,,,
spain,La Liga,2025,Jano Monserrate,19.0,M,Spain,177.0,,2,0,28.0,0.0,0.0,0.0,0.0,0,0,0,0.0,0,0.0,3.214285714285714,3.214285714285714,0.0,0.0,0.0,0.0,45.0,0.0,6.428571428571428,0.0,0.0,6.428571428571428,32.142857142857146,16.071428571428573,6.428571428571428,3.214285714285714,6.428571428571428,3.214285714285714,6.428571428571428,0.0,0.0,0.0,6.714285714285714,100.0,50.0,50.0,6.482142857142857
spain,La Liga,2025,Javi Galán,31.0,D,Spain,170.0,70.0,25,20,1821.0,0.0,1.0,0.0,2.0,0,0,3,0.0,0,0.09884678747940692,0.2471169686985173,0.04942339373970346,0.0,0.04942339373970346,0.04942339373970346,0.0,44.77759472817133,1.4332784184514005,2.372322899505766,0.2471169686985173,1.4332784184514005,3.8056013179571666,11.911037891268535,6.820428336079077,3.014827018121911,1.828665568369028,0.5930807248764415,1.9769357495881383,1.5815485996705108,0.14827018121911037,0.0,0.0,38.29359823399559,20.0,57.26141078838174,60.65573770491803,6.845030203185063
spain,La Liga,2025,Javi Llabrés,23.0,F,Spain,174.0,67.0,16,1,224.0,0.0,0.0,0.0,0.0,0,0,0,0.0,0,0.0,2.0089285714285716,0.8035714285714285,0.0,0.0,0.0,0.0,24.91071428571429,0.40178571428571425,2.0089285714285716,0.0,0.0,2.0089285714285716,10.044642857142858,4.017857142857143,2.0089285714285716,0.40178571428571425,0.40178571428571425,1.2053571428571428,1.607142857142857,0.0,0.0,0.0,4.5,40.0,40.0,20.0,6.457918552036199
spain,La Liga,2025,Javi López,23.0,D,Spain,184.0,80.0,25,20,1726.0,0.0,1.0,0.0,0.0,0,0,3,0.0,1,0.10428736964078794,0.1564310544611819,0.05214368482039397,0.0,0.05214368482039397,0.05214368482039397,0.0,38.74275782155272,0.9907300115874855,2.242178447276941,0.10428736964078794,1.0428736964078795,3.2850521436848203,10.585168018539978,5.162224797219003,2.085747392815759,0.9385863267670915,0.6778679026651216,1.3557358053302433,1.981460023174971,0.1564310544611819,0.0,0.05214368482039397,30.347240915208612,33.33333333333333,48.76847290640394,45.0,6.565990730011587
spain,La Liga,2025,Javi Morcillo,19.0,M,,,,5,1,169.0,0.0,0.0,0.0,0.0,0,0,2,0.0,0,0.0,1.0650887573964496,0.0,0.0,0.0,0.0,0.0,37.27810650887574,0.5325443786982248,2.662721893491124,0.5325443786982248,1.0650887573964496,3.7278106508875744,12.248520710059172,4.792899408284024,0.0,0.0,3.7278106508875744,1.0650887573964496,3.195266272189349,1.0650887573964496,0.0,0.0,16.814285714285713,0.0,39.130434782608695,,6.683431952662722
spain,La Liga,2025,Javi Puado,27.0,M,Spain,177.0,69.0,10,8,678.0,2.0,0.0,0.0,0.0,1,1,2,0.0,0,0.0,1.991150442477876,1.1946902654867257,0.2654867256637168,0.0,0.2654867256637168,0.1327433628318584,26.41592920353982,1.3274336283185841,0.5309734513274336,0.1327433628318584,0.39823008849557523,0.9292035398230089,7.433628318584071,2.256637168141593,1.8584070796460177,0.6637168141592921,0.6637168141592921,0.7964601769911505,1.4601769911504425,0.2654867256637168,0.0,0.0,23.35175879396985,60.0,30.357142857142854,35.714285714285715,6.575074183976262
spain,La Liga,2025,Javi Rodríguez,22.0,D,Spain,178.0,70.0,33,28,2562.0,0.0,1.0,0.0,1.0,0,0,5,0.0,0,0.0351288056206089,0.351288056206089,0.0702576112412178,0.0,0.0351288056206089,0.0351288056206089,0.0,64.7072599531616,0.351288056206089,1.3348946135831383,0.6323185011709602,0.9133489461358315,2.2482435597189694,7.201405152224825,3.6885245901639343,0.5620608899297423,0.2810304449648712,0.6674473067915692,1.1592505854800936,1.1592505854800936,0.1756440281030445,0.0,0.0,61.02497285559175,20.0,51.21951219512195,50.0,6.792505854800937
spain,La Liga,2025,Javi Serrano,22.0,M,Spain,178.0,75.0,0,0,0.0,0.0,0.0,0.0,0.0,0,0,0,0.0,0,,,,,,,,,,,,,,,,,,,,,,,,,,,,
spain,La Liga,2025,Javier Boñar,20.0,D,Spain,180.0,,4,3,298.0,1.0,0.0,0.0,0.0,0,0,0,0.0,0,0.0,0.6040268456375839,0.30201342281879195,0.30201342281879195,0.0,0.30201342281879195,0.30201342281879195,40.77181208053691,0.6040268456375839,1.5100671140939597,0.30201342281879195,0.0,1.5100671140939597,8.456375838926174,3.322147651006712,2.1140939597315436,0.30201342281879195,0.9060402684563758,0.6040268456375839,0.6040268456375839,0.0,0.0,0.0,35.49629629629629,50.0,39.285714285714285,14.285714285714285,6.75
spain,La Liga,2025,Javier Guerra,22.0,M,Spain,187.0,77.0,36,25,2086.0,4.0,6.0,0.0,0.0,0,0,3,0.0,0,0.0862895493767977,0.9491850431447747,0.5177372962607862,0.1725790987535954,0.2588686481303931,0.4314477468839885,0.1725790987535954,42.36816874400767,1.3806327900287632,1.2511984659635667,0.2588686481303931,1.0354745925215725,2.286673058485139,9.707574304889741,3.8398849472674974,2.6749760306807286,1.1217641418983701,1.0786193672099713,0.862895493767977,1.2080536912751678,0.12943432406519656,0.0,0.0,33.15274949083503,54.54545454545454,39.55555555555556,41.935483870967744,6.920067210753721
spain,La Liga,2025,Javier Hernandez,21.0,M,Spain,182.0,72.0,0,0,0.0,0.0,0.0,0.0,0.0,0,0,0,0.0,0,,,,,,,,,,,,,,,,,,,,,,,,,,,,
spain,La Liga,2025,Javier Muñoz,30.0,M,Spain,175.0,69.0,17,4,560.0,0.0,0.0,0.0,0.0,0,0,0,0.0,0,0.0,2.0892857142857144,0.9642857142857143,0.0,0.0,0.0,0.0,30.053571428571427,1.125,1.2857142857142856,0.1607142857142857,1.125,2.4107142857142856,7.071428571428571,2.732142857142857,1.125,0.6428571428571428,0.3214285714285714,0.3214285714285714,1.4464285714285712,0.0,0.0,0.0,12.737967914438503,46.15384615384615,38.63636363636363,57.14285714285714,6.571198568872988
spain,La Liga,2025,Javier Navarro,21.0,M,Spain,,,0,0,0.0,0.0,0.0,0.0,0.0,0,0,0,0.0,0,,,,,,,,,,,,,,,,,,,,,,,,,,,,
spain,La Liga,2025,Javier Navarro Jimenez,18.0,G,,,,0,0,0.0,0.0,0.0,0.0,0.0,0,0,0,0.0,0,,,,,,,,,,,,,,,,,,,,,,,,,,,,
spain,La Liga,2025,Javier Olaizola,18.0,D,,,,2,0,54.0,0.0,0.0,0.0,0.0,0,0,0,0.0,0,0.0,0.0,0.0,0.0,0.0,0.0,0.0,83.33333333333333,0.0,3.333333333333333,0.0,0.0,3.333333333333333,8.333333333333332,8.333333333333332,0.0,0.0,0.0,1.6666666666666665,0.0,0.0,0.0,0.0,37.88,,100.0,,7.15
spain,La Liga,2025,Javier Rueda,23.0,D,Spain,177.0,74.0,26,16,1410.0,2.0,6.0,1.0,0.0,0,0,6,0.0,0,0.19148936170212766,0.5744680851063829,0.19148936170212766,0.12765957446808512,0.3829787234042553,0.5106382978723405,0.12765957446808512,33.95744680851064,0.8936170212765958,1.2127659574468086,0.3829787234042553,1.3404255319148937,2.5531914893617023,9.446808510638299,4.404255319148937,2.617021276595745,1.3404255319148937,0.5744680851063829,1.3404255319148937,1.595744680851064,0.3829787234042553,0.0,0.0,22.862781954887218,33.33333333333333,46.62162162162162,51.21951219512195,6.775815602836879
spain,La Liga,2025,Javier Sarasa,20.0,F,,,,0,0,0.0,0.0,0.0,0.0,0.0,0,0,0,0.0,0,,,,,,,,,,,,,,,,,,,,,,,,,,,,
spain,La Liga,2025,Jean Ives Valou,20.0,D,Côte d'Ivoire,188.0,98.0,0,0,0.0,0.0,0.0,0.0,0.0,0,0,0,0.0,0,,,,,,,,,,,,,,,,,,,,,,,,,,,,
spain,La Liga,2025,Jeremy Toljan,31.0,D,Germany,182.0,74.0,37,37,3173.0,1.0,4.0,0.0,1.0,0,0,8,0.0,0,0.05672864796722344,0.1418216199180586,0.02836432398361172,0.02836432398361172,0.11345729593444688,0.1418216199180586,0.02836432398361172,32.08005042546486,0.7942010715411283,1.8720453829183739,0.4538291837377875,0.907658367475575,2.7797037503939492,6.069965332492909,2.978254018279231,0.5389221556886228,0.17018594390167033,0.624015127639458,0.5389221556886228,0.9360226914591869,0.22691459186889376,0.0,0.0,28.69319186560566,20.0,49.06542056074766,31.57894736842105,6.53217774976363
spain,La Liga,2025,Jesús Areso,26.0,D,Spain,182.0,81.0,26,14,1513.0,0.0,1.0,0.0,0.0,0,0,3,0.0,0,0.05948446794448116,0.05948446794448116,0.0,0.0,0.05948446794448116,0.05948446794448116,0.0,34.560475875743556,1.368142762723067,1.3086582947785856,0.4758757435558493,1.0707204230006608,2.3793787177792467,7.495042961004627,4.461335095836087,1.4871116986120292,0.8327825512227364,0.356906807666887,0.4163912756113682,1.130204890945142,0.1784534038334435,0.0,0.0,24.203098106712563,0.0,59.523809523809526,56.00000000000001,6.7208195637805686
spain,La Liga,2025,Jesús Fortea,18.0,D,Spain,174.0,62.0,0,0,0.0,0.0,0.0,0.0,0.0,0,0,0,0.0,0,,,,,,,,,,,,,,,,,,,,,,,,,,,,
spain,La Liga,2025,Jesús Vázquez,22.0,D,Spain,182.0,76.0,24,7,970.0,0.0,0.0,0.0,0.0,0,0,2,0.0,0,0.18556701030927836,0.4639175257731959,0.18556701030927836,0.0,0.0,0.0,0.0,31.45360824742268,1.2989690721649485,2.2268041237113403,0.3711340206185567,0.3711340206185567,2.597938144329897,12.34020618556701,5.938144329896907,3.3402061855670104,1.9484536082474226,1.577319587628866,0.7422680412371134,1.4845360824742269,0.18556701030927836,0.0,0.0,21.973214285714285,40.0,48.1203007518797,58.333333333333336,6.694938016528925
spain,La Liga,2025,Jhon Solís,21.0,M,Colombia,189.0,80.0,12,3,384.0,0.0,0.0,0.0,0.0,0,0,0,0.0,0,0.0,0.703125,0.46875,0.0,0.0,0.0,0.0,38.4375,0.234375,0.703125,0.234375,0.9375,1.640625,9.609375,3.515625,2.578125,0.703125,1.640625,1.640625,0.46875,0.0,0.0,0.0,25.141104294478527,66.66666666666666,36.58536585365854,27.27272727272727,6.367624020887729
spain,La Liga,2025,Jiří Letáček,26.0,G,Czechia,196.0,77.0,0,0,0.0,0.0,0.0,0.0,0.0,0,0,0,0.0,0,,,,,,,,,,,,,,,,,,,,,,,,,,,,
spain,La Liga,2025,Joan García,24.0,G,Spain,193.0,85.0,30,30,2700.0,0.0,0.0,0.0,0.0,0,0,1,0.0,0,0.0,0.0,0.0,0.0,0.0,0.0,0.0,28.533333333333335,0.0,0.16666666666666669,0.0,0.1,0.26666666666666666,0.6333333333333333,0.6000000000000001,0.03333333333333333,0.03333333333333333,0.0,0.13333333333333333,0.0,0.03333333333333333,0.0,0.0,27.86214953271028,,94.73684210526315,100.0,7.346666666666667
spain,La Liga,2025,Joan Jordán,31.0,M,Spain,184.0,74.0,3,0,22.0,0.0,0.0,0.0,0.0,0,0,1,0.0,1,0.0,0.0,0.0,0.0,0.0,0.0,0.0,110.45454545454545,0.0,0.0,0.0,0.0,0.0,28.636363636363637,0.0,0.0,0.0,4.090909090909091,0.0,16.363636363636363,4.090909090909091,0.0,4.090909090909091,7.888888888888889,,0.0,,6.3500000000000005
spain,La Liga,2025,Joan Martínez,18.0,D,,,,0,0,0.0,0.0,0.0,0.0,0.0,0,0,0,0.0,0,,,,,,,,,,,,,,,,,,,,,,,,,,,,
spain,La Liga,2025,Joan Ruiz,22.0,M,Spain,,,0,0,0.0,0.0,0.0,0.0,0.0,0,0,0,0.0,0,,,,,,,,,,,,,,,,,,,,,,,,,,,,
spain,La Liga,2025,Job Ochieng,22.0,F,Kenya,185.0,,2,1,93.0,0.0,0.0,0.0,0.0,0,0,0,0.0,0,0.967741935483871,0.967741935483871,0.0,0.0,0.0,0.0,0.0,24.193548387096772,1.935483870967742,2.903225806451613,0.0,0.967741935483871,3.870967741935484,11.612903225806452,4.838709677419355,6.774193548387097,1.935483870967742,0.0,0.0,0.967741935483871,0.0,0.0,0.0,10.04,0.0,41.66666666666667,28.57142857142857,6.526881720430108
spain,La Liga,2025,Joel Fontanet,19.0,D,,,,0,0,0.0,0.0,0.0,0.0,0.0,0,0,0,0.0,0,,,,,,,,,,,,,,,,,,,,,,,,,,,,
spain,La Liga,2025,Joel Roca,20.0,M,Spain,176.0,72.0,32,16,1482.0,3.0,1.0,1.0,0.0,0,0,4,0.0,1,0.242914979757085,1.8825910931174088,0.97165991902834,0.18218623481781376,0.06072874493927125,0.242914979757085,0.18218623481781376,23.137651821862345,0.97165991902834,1.3967611336032388,0.06072874493927125,0.1214574898785425,1.5182186234817814,14.453441295546558,6.680161943319838,5.4048582995951415,2.246963562753036,0.9109311740890689,2.7327935222672064,0.7894736842105263,0.242914979757085,0.0,0.06072874493927125,14.131578947368421,51.61290322580645,46.21848739495798,41.57303370786517,6.721997300944669
spain,La Liga,2025,Jofre Carreras,24.0,F,Spain,175.0,68.0,26,9,921.0,1.0,0.0,0.0,0.0,0,0,1,0.0,0,0.19543973941368079,1.4657980456026058,0.6840390879478827,0.09771986970684039,0.0,0.09771986970684039,0.09771986970684039,21.107491856677523,1.4657980456026058,0.8794788273615635,0.0,0.5863192182410424,1.4657980456026058,11.433224755700326,5.374592833876221,4.201954397394137,1.5635179153094463,0.8794788273615635,2.6384364820846904,1.270358306188925,0.09771986970684039,0.0,0.0,10.551401869158878,46.666666666666664,47.008547008547005,37.2093023255814,6.605646036916395
spain,La Liga,2025,Jofre Torrents ,18.0,D,Spain,185.0,75.0,3,0,47.0,0.0,0.0,0.0,0.0,0,0,0,0.0,0,0.0,0.0,0.0,0.0,0.0,0.0,0.0,65.1063829787234,0.0,3.829787234042553,0.0,0.0,3.829787234042553,15.319148936170212,5.744680851063829,1.9148936170212765,0.0,0.0,0.0,0.0,0.0,0.0,0.0,11.176470588235293,,37.5,0.0,6.529787234042553
spain,La Liga,2025,Johan Mojica,33.0,D,Colombia,185.0,66.0,35,30,2737.0,0.0,4.0,0.0,0.0,0,0,6,0.0,1,0.06576543660942638,0.4603580562659847,0.06576543660942638,0.0,0.13153087321885276,0.13153087321885276,0.0,39.853854585312384,1.1837778589696748,1.7099013518450858,0.19729630982827914,0.7891852393131166,2.4990865911582025,7.497259773474608,3.9130434782608696,1.3481914504932409,0.49324077457069787,0.3288271830471319,0.9864815491413957,0.9535988308366825,0.19729630982827914,0.0,0.03288271830471319,34.585808580858085,14.285714285714285,52.19298245614035,36.58536585365854,6.680708805261235
spain,La Liga,2025,John Nwankwo,25.0,D,Spain,182.0,78.0,21,6,683.0,1.0,0.0,0.0,0.0,0,0,3,0.0,0,0.0,0.6588579795021963,0.2635431918008785,0.13177159590043924,0.0,0.13177159590043924,0.13177159590043924,38.34553440702782,0.13177159590043924,2.108345534407028,0.13177159590043924,0.9224011713030746,3.0307467057101025,10.54172767203514,5.0073206442166915,0.7906295754026355,0.2635431918008785,0.527086383601757,0.7906295754026355,2.3718887262079065,0.3953147877013177,0.0,0.0,30.536082474226806,40.0,47.5,33.33333333333333,6.637243401759531
spain,La Liga,2025,Johnny Cardoso,24.0,M,USA,186.0,78.0,15,12,892.0,0.0,0.0,0.0,0.0,0,0,5,0.0,0,0.0,0.10089686098654709,0.0,0.0,0.0,0.0,0.0,50.347533632286996,0.3026905829596413,3.834080717488789,0.6053811659192826,1.6143497757847534,5.448430493273543,13.923766816143498,6.961883408071749,1.0089686098654709,0.5044843049327354,1.0089686098654709,1.4125560538116593,2.320627802690583,0.5044843049327354,0.0,0.0,36.6933867735471,0.0,50.0,50.0,6.857847533632286
spain,La Liga,2025,Jon Ander Olasagasti,25.0,M,Spain,176.0,74.0,33,18,1748.0,1.0,5.0,0.0,0.0,0,0,3,0.0,1,0.0,0.9267734553775744,0.4633867276887872,0.05148741418764302,0.2574370709382151,0.30892448512585813,0.05148741418764302,34.3421052631579,1.8535469107551488,1.4416475972540046,0.41189931350114417,0.6693363844393593,2.110983981693364,9.988558352402746,5.251716247139588,1.2871853546910756,0.6178489702517163,0.9782608695652174,1.6990846681922198,1.0297482837528604,0.15446224256292906,0.0,0.05148741418764302,21.499250374812593,50.0,52.57731958762887,48.0,6.894050343249427
spain,La Liga,2025,Jon Aramburu,23.0,D,Venezuela,176.0,71.0,35,31,2788.0,1.0,0.0,0.0,2.0,0,0,11,0.0,0,0.09684361549497847,0.5487804878048781,0.16140602582496413,0.032281205164992825,0.0,0.032281205164992825,0.032281205164992825,41.48134863701578,0.3550932568149211,3.3895265423242464,0.29053084648493543,1.5172166427546627,4.90674318507891,11.87948350071736,6.682209469153515,0.6456241032998565,0.29053084648493543,1.48493543758967,1.4526542324246772,2.227403156384505,0.3550932568149211,0.0,0.0,33.771206225680935,29.411764705882355,56.25,45.0,6.633895265423242
spain,La Liga,2025,Jon Gorrotxategi,23.0,M,Spain,177.0,,30,26,2215.0,1.0,3.0,0.0,0.0,0,0,6,0.0,0,0.0,0.28442437923250563,0.040632054176072234,0.040632054176072234,0.1218961625282167,0.16252821670428894,0.040632054176072234,53.10609480812641,0.7313769751693002,1.8690744920993227,0.528216704288939,1.381489841986456,3.2505643340857784,9.345372460496614,4.632054176072234,0.690744920993228,0.4063205417607223,0.9751693002257336,1.0970654627539502,1.3002257336343115,0.2437923250564334,0.0,0.0,47.17291507268554,14.285714285714285,49.56521739130435,58.82352941176471,6.793092550790068
spain,La Liga,2025,Jon Guridi,30.0,M,Spain,179.0,64.0,28,15,1259.0,0.0,0.0,1.0,0.0,0,0,1,0.0,0,0.14297061159650515,0.7863383637807784,0.2859412231930103,0.0,0.0,0.0,0.0,31.667990468625895,0.7863383637807784,2.073073868149325,0.14297061159650515,0.7148530579825257,2.787926926131851,10.222398729150118,4.646544876886418,1.3582208101667992,0.5718824463860206,1.215250198570294,0.5718824463860206,1.0722795869737887,0.07148530579825257,0.0,0.0,18.869074492099323,36.36363636363637,45.45454545454545,42.10526315789473,6.58329355608592
spain,La Liga,2025,Jon Karrikaburu,23.0,F,Spain,183.0,82.0,7,0,136.0,0.0,0.0,0.0,0.0,0,0,0,0.0,0,1.3235294117647058,3.308823529411765,1.3235294117647058,0.0,0.0,0.0,0.0,10.588235294117647,0.6617647058823529,1.3235294117647058,0.0,0.0,1.3235294117647058,15.220588235294118,5.955882352941177,0.6617647058823529,0.0,0.6617647058823529,2.6470588235294117,1.9852941176470589,0.0,0.0,0.0,3.5714285714285716,40.0,39.130434782608695,0.0,6.436029411764705
spain,La Liga,2025,Jon Martin,19.0,D,Spain,185.0,83.0,25,25,2250.0,2.0,0.0,0.0,1.0,0,0,6,0.0,0,0.04,0.48,0.2,0.08,0.0,0.08,0.08,54.24,0.08,1.24,0.96,1.36,2.6,8.24,5.3999999999999995,0.48,0.32,0.12,0.48,0.72,0.24,0.0,0.0,56.39159292035398,41.66666666666667,65.53398058252428,66.66666666666666,6.836
spain,La Liga,2025,Jon Moncayola,27.0,M,Spain,189.0,86.0,36,35,3028.0,0.0,4.0,0.0,0.0,0,0,9,0.0,0,0.0,0.32694848084544254,0.14861294583883752,0.0,0.11889035667107001,0.11889035667107001,0.0,41.22523117569353,1.1591809775429325,1.605019815059445,0.178335535006605,0.6836195508586526,2.288639365918098,6.42007926023778,2.883091149273448,0.6241743725231176,0.38639365918097757,1.3375165125495376,0.38639365918097757,1.2186261558784677,0.2675033025099075,0.0,0.0,34.45421773612112,45.45454545454545,44.907407407407405,61.904761904761905,6.838177014531044
spain,La Liga,2025,Jon Pacheco,24.0,D,Spain,184.0,77.0,22,20,1734.0,0.0,0.0,0.0,2.0,0,0,6,0.0,1,0.051903114186851215,0.20761245674740486,0.051903114186851215,0.0,0.0,0.0,0.0,48.68512110726643,0.2595155709342561,1.9204152249134947,1.0899653979238755,0.5709342560553633,2.491349480968858,7.474048442906574,4.619377162629758,0.20761245674740486,0.15570934256055363,0.5709342560553633,0.36332179930795844,0.7266435986159169,0.31141868512110726,0.0,0.051903114186851215,46.97867803837953,25.0,61.80555555555556,75.0,6.765051903114187
spain,La Liga,2025,Jon de Luis,22.0,D,Spain,183.0,,0,0,0.0,0.0,0.0,0.0,0.0,0,0,0,0.0,0,,,,,,,,,,,,,,,,,,,,,,,,,,,,
spain,La Liga,2025,Jones El-Abdellaoui,19.0,F,Norway,184.0,72.0,22,4,683.0,2.0,0.0,0.0,0.0,0,0,0,0.0,0,0.2635431918008785,1.4494875549048316,0.527086383601757,0.2635431918008785,0.0,0.2635431918008785,0.2635431918008785,18.843338213762813,1.1859443631039532,0.6588579795021963,0.0,0.3953147877013177,1.054172767203514,9.751098096632504,3.294289897510981,3.5578330893118597,1.4494875549048316,0.7906295754026355,0.3953147877013177,0.9224011713030746,0.0,0.0,0.0,11.041958041958042,36.36363636363637,33.78378378378378,40.74074074074074,6.639970717423134
spain,La Liga,2025,Jonny Otto,31.0,D,Spain,175.0,70.0,34,34,2998.0,0.0,0.0,0.0,0.0,0,0,7,0.0,0,0.03002001334222815,0.2401601067378252,0.09006004002668447,0.0,0.0,0.0,0.0,52.805203468979315,0.5103402268178786,2.0113408939292863,0.42028018679119417,1.200800533689126,3.2121414276184126,8.28552368245497,4.472981987991995,1.0507004669779854,0.7805203468979319,0.9606404269513008,0.9006004002668445,1.1107404936624417,0.21014009339559708,0.0,0.0,47.696418419556565,37.5,53.985507246376805,74.28571428571429,6.685690460306872
spain,La Liga,2025,Jorge Benito,19.0,G,Spain,182.0,76.0,0,0,0.0,0.0,0.0,0.0,0.0,0,0,0,0.0,0,,,,,,,,,,,,,,,,,,,,,,,,,,,,
spain,La Liga,2025,Jorge Cabello,21.0,D,Spain,180.0,71.0,5,4,364.0,0.0,0.0,0.0,0.0,0,0,1,0.0,0,0.0,0.0,0.0,0.0,0.0,0.0,0.0,30.412087912087912,0.0,1.7307692307692308,0.989010989010989,0.0,1.7307692307692308,7.417582417582418,4.450549450549451,0.4945054945054945,0.4945054945054945,0.24725274725274726,0.7417582417582418,0.7417582417582418,0.24725274725274726,0.0,0.0,27.723577235772357,,60.0,100.0,6.266483516483516
spain,La Liga,2025,Jorge Cestero,19.0,M,,,,2,0,12.0,0.0,0.0,0.0,0.0,0,0,0,0.0,0,0.0,0.0,0.0,0.0,0.0,0.0,0.0,45.0,0.0,7.5,0.0,0.0,7.5,22.5,7.5,0.0,0.0,15.0,0.0,0.0,0.0,0.0,0.0,4.0,,33.33333333333333,,6.7
spain,La Liga,2025,Jorge Herrando,24.0,D,Spain,190.0,78.0,28,17,1608.0,0.0,1.0,1.0,0.0,0,0,3,0.0,0,0.0,0.055970149253731345,0.0,0.0,0.055970149253731345,0.055970149253731345,0.0,39.34701492537313,0.11194029850746269,1.8470149253731343,0.6156716417910448,1.119402985074627,2.9664179104477615,7.052238805970149,3.9738805970149254,0.16791044776119401,0.16791044776119401,0.503731343283582,0.44776119402985076,1.3432835820895521,0.16791044776119401,0.0,0.0,37.60881934566145,0.0,56.34920634920635,100.0,6.71437461107654
spain,La Liga,2025,Jorge Montes,21.0,D,,,,1,0,26.0,0.0,0.0,0.0,0.0,0,0,0,0.0,0,0.0,0.0,0.0,0.0,0.0,0.0,0.0,31.153846153846153,3.4615384615384617,10.384615384615385,0.0,0.0,10.384615384615385,31.153846153846153,17.30769230769231,6.923076923076923,6.923076923076923,0.0,0.0,3.4615384615384617,0.0,0.0,0.0,8.0,,55.55555555555556,100.0,6.5
spain,La Liga,2025,Jorge de Frutos,28.0,F,Spain,173.0,72.0,36,31,2483.0,10.0,1.0,3.0,0.0,1,0,3,0.0,0,0.6524365686669351,1.8485702778896496,1.0149013290374547,0.36246476037051956,0.03624647603705195,0.3987112364075715,0.32621828433346756,14.426097462746677,1.1236407571486104,1.1236407571486104,0.0,0.3987112364075715,1.522351993556182,9.677809101892871,4.204591220298027,2.138542086186065,1.0149013290374547,0.761175996778091,1.413612565445026,1.2323801852597664,0.10873942811115586,0.0,0.0,10.236180904522612,54.90196078431373,43.445692883895134,47.45762711864407,6.997180829641563
spain,La Liga,2025,Josan,36.0,M,Spain,175.0,68.0,19,4,572.0,0.0,3.0,0.0,0.0,0,0,2,0.0,0,0.15734265734265734,0.3146853146853147,0.15734265734265734,0.0,0.47202797202797203,0.47202797202797203,0.0,38.86363636363637,3.304195804195804,1.8881118881118881,0.15734265734265734,0.7867132867132868,2.674825174825175,7.2377622377622375,4.090909090909091,2.0454545454545454,1.1013986013986015,0.3146853146853147,0.9440559440559441,0.7867132867132868,0.3146853146853147,0.0,0.0,17.870445344129553,50.0,56.52173913043478,53.84615384615385,6.963572679509633
spain,La Liga,2025,Jose Salinas,25.0,D,Spain,179.0,69.0,11,2,268.0,0.0,0.0,0.0,0.0,0,0,2,0.0,0,0.0,0.0,0.0,0.0,0.0,0.0,0.0,37.61194029850746,1.6791044776119401,0.6716417910447761,0.6716417910447761,1.007462686567164,1.6791044776119401,10.074626865671641,4.029850746268656,1.3432835820895521,1.007462686567164,0.6716417910447761,1.3432835820895521,2.6865671641791042,0.6716417910447761,0.0,0.0,39.27272727272727,,40.0,75.0,6.208239700374532
spain,La Liga,2025,Joselillo,18.0,F,,,,0,0,0.0,0.0,0.0,0.0,0.0,0,0,0,0.0,0,,,,,,,,,,,,,,,,,,,,,,,,,,,,
spain,La Liga,2025,Josep Chavarría,27.0,D,Spain,174.0,72.0,33,29,2681.0,1.0,2.0,0.0,2.0,0,0,6,0.0,1,0.10070869078701976,0.3692651995524058,0.10070869078701976,0.03356956359567326,0.06713912719134651,0.10070869078701976,0.03356956359567326,42.90190227527042,0.9063782170831779,1.8127564341663558,0.4699738903394256,1.040656471465871,2.8534129056322266,8.325251771726968,4.296904140246177,1.477060798209623,0.5706825811264453,0.5371130175307721,1.1749347258485638,1.1077955986572174,0.20141738157403952,0.0,0.03356956359567326,37.129107981220656,27.27272727272727,51.61290322580645,38.63636363636363,6.80130548302872
spain,La Liga,2025,Joseph Aidoo,30.0,D,Ghana,184.0,80.0,8,7,639.0,0.0,0.0,0.0,2.0,0,0,0,0.0,0,0.0,0.28169014084507044,0.0,0.0,0.0,0.0,0.0,55.070422535211264,0.0,0.9859154929577465,0.28169014084507044,1.267605633802817,2.2535211267605635,5.492957746478873,2.9577464788732395,0.14084507042253522,0.14084507042253522,0.14084507042253522,0.14084507042253522,0.7042253521126761,0.0,0.0,0.0,54.0230179028133,0.0,53.84615384615385,100.0,6.329733959311424
spain,La Liga,2025,Josip Brekalo,27.0,F,Croatia,175.0,70.0,14,6,483.0,0.0,0.0,0.0,1.0,0,0,1,0.0,0,0.0,1.4906832298136647,0.5590062111801242,0.0,0.0,0.0,0.0,38.94409937888199,2.049689440993789,2.2360248447204967,0.0,0.5590062111801242,2.7950310559006213,8.944099378881987,4.099378881987578,2.049689440993789,0.7453416149068324,1.1180124223602483,1.1180124223602483,1.3043478260869565,0.1863354037267081,0.0,0.0,15.54326923076923,37.5,45.83333333333333,36.36363636363637,6.732298136645962
spain,La Liga,2025,José Copete,26.0,D,Spain,192.0,73.0,21,19,1768.0,0.0,0.0,0.0,2.0,0,0,5,0.0,0,0.10180995475113123,0.5599547511312217,0.0,0.0,0.0,0.0,0.0,51.05769230769231,0.25452488687782804,1.2726244343891402,0.8144796380090499,1.1199095022624435,2.3925339366515836,6.973981900452489,3.9705882352941178,0.45814479638009054,0.35633484162895923,0.40723981900452494,0.5599547511312217,1.0180995475113122,0.25452488687782804,0.0,0.0,48.59322033898305,0.0,56.934306569343065,77.77777777777779,6.653619909502263
spain,La Liga,2025,José Luis Gayà,30.0,D,Spain,172.0,66.0,32,31,2461.0,1.0,2.0,0.0,0.0,0,0,6,0.0,1,0.10971149939049167,0.329134498171475,0.10971149939049167,0.03657049979683055,0.0731409995936611,0.10971149939049167,0.03657049979683055,33.7545713124746,0.9142624949207638,2.5233644859813085,0.2559934985778139,0.8411214953271028,3.364485981308411,7.606663957740755,4.4981714750101585,0.8776919951239334,0.40227549776513616,0.6948394961397806,0.7314099959366112,1.1336854937017473,0.21942299878098334,0.0,0.03657049979683055,28.309859154929576,33.33333333333333,59.13461538461539,45.83333333333333,6.731856968711905
spain,La Liga,2025,José Luis Morales,38.0,F,Spain,180.0,70.0,20,1,383.0,1.0,1.0,0.0,0.0,1,0,1,0.0,0,0.9399477806788512,1.6449086161879896,0.9399477806788512,0.2349869451697128,0.2349869451697128,0.4699738903394256,0.0,29.60835509138381,1.6449086161879896,2.3498694516971277,0.4699738903394256,0.7049608355091384,3.0548302872062667,10.809399477806789,5.87467362924282,3.9947780678851172,2.1148825065274153,0.2349869451697128,0.9399477806788512,0.7049608355091384,0.2349869451697128,0.0,0.0,6.991803278688525,57.14285714285714,54.347826086956516,52.94117647058824,6.794255874673628
spain,La Liga,2025,José Luis Pérez,21.0,F,Spain,,,2,0,20.0,0.0,0.0,0.0,0.0,0,0,0,0.0,0,0.0,4.5,0.0,0.0,0.0,0.0,0.0,18.0,0.0,0.0,0.0,0.0,0.0,36.0,18.0,0.0,0.0,0.0,9.0,4.5,0.0,0.0,0.0,1.0,0.0,50.0,,6.660000000000001
spain,La Liga,2025,José María Giménez,30.0,D,Uruguay,186.0,77.0,16,13,1177.0,0.0,1.0,1.0,0.0,0,0,3,0.0,0,0.07646559048428207,0.9175870858113849,0.22939677145284623,0.0,0.07646559048428207,0.07646559048428207,0.0,61.32540356839423,0.07646559048428207,1.9116397621070518,0.9175870858113849,1.2234494477485132,3.135089209855565,10.858113848768054,5.658453695836873,0.22939677145284623,0.15293118096856415,0.7646559048428208,0.7646559048428208,1.5293118096856415,0.22939677145284623,0.0,0.0,57.33832709113608,25.0,52.112676056338024,66.66666666666666,7.054599659284498
spain,La Liga,2025,José Ángel Carmona,23.0,D,Spain,184.0,80.0,35,29,2564.0,1.0,3.0,0.0,2.0,0,0,13,0.0,0,0.10530421216848675,0.45631825273010923,0.10530421216848675,0.035101404056162244,0.10530421216848675,0.14040561622464898,0.035101404056162244,40.858034321372855,0.7722308892355695,2.281591263650546,0.31591263650546025,1.3689547581903276,3.650546021840874,11.162246489859594,6.037441497659906,1.4742589703588145,0.6669266770670828,1.579563182527301,1.544461778471139,1.71996879875195,0.45631825273010923,0.0,0.0,33.945017182130584,23.076923076923077,54.088050314465406,45.23809523809524,6.770748829953199
spain,La Liga,2025,Jozhua Vertrouwd,21.0,D,Netherlands,188.0,73.0,9,3,441.0,0.0,0.0,0.0,0.0,0,0,0,0.0,0,0.0,0.20408163265306123,0.0,0.0,0.0,0.0,0.0,40.40816326530612,0.40816326530612246,1.4285714285714284,0.6122448979591837,0.8163265306122449,2.2448979591836737,5.7142857142857135,3.2653061224489797,0.20408163265306123,0.0,0.0,0.6122448979591837,1.2244897959183674,0.0,0.0,0.0,29.272727272727273,0.0,57.14285714285714,0.0,6.640589569160998
spain,La Liga,2025,João Cancelo,31.0,D,Portugal,182.0,74.0,16,11,962.0,2.0,2.0,1.0,0.0,0,0,1,0.0,0,0.37422037422037424,0.7484407484407485,0.37422037422037424,0.18711018711018712,0.18711018711018712,0.37422037422037424,0.18711018711018712,50.987525987525984,1.4033264033264035,2.4324324324324325,0.18711018711018712,0.9355509355509356,3.367983367983368,12.34927234927235,6.82952182952183,4.397089397089397,2.4324324324324325,1.4033264033264035,1.30977130977131,1.0291060291060292,0.09355509355509356,0.0,0.0,40.72293577981652,50.0,55.3030303030303,55.319148936170215,7.324636174636175
spain,La Liga,2025,Juan Arango,17.0,F,,,,2,0,19.0,0.0,0.0,0.0,0.0,0,0,1,0.0,0,0.0,0.0,0.0,0.0,0.0,0.0,0.0,14.210526315789473,0.0,0.0,0.0,0.0,0.0,18.94736842105263,9.473684210526315,9.473684210526315,9.473684210526315,0.0,0.0,4.7368421052631575,4.7368421052631575,0.0,0.0,3.0,,50.0,100.0,6.436842105263159
spain,La Liga,2025,Juan Carlos,37.0,G,Spain,186.0,85.0,0,0,0.0,0.0,0.0,0.0,0.0,0,0,0,0.0,0,,,,,,,,,,,,,,,,,,,,,,,,,,,,
spain,La Liga,2025,Juan Cruz,33.0,D,Spain,180.0,79.0,15,7,660.0,0.0,0.0,0.0,1.0,0,0,2,0.0,0,0.0,0.13636363636363635,0.0,0.0,0.0,0.0,0.0,32.31818181818181,0.2727272727272727,0.5454545454545454,0.8181818181818181,0.5454545454545454,1.0909090909090908,3.545454545454545,1.7727272727272725,0.40909090909090906,0.2727272727272727,0.2727272727272727,0.2727272727272727,0.5454545454545454,0.2727272727272727,0.0,0.0,23.0126582278481,0.0,50.0,66.66666666666666,6.63030303030303
spain,La Liga,2025,Juan Foyth,27.0,D,Argentina,187.0,83.0,13,12,936.0,0.0,0.0,0.0,0.0,0,0,2,0.0,0,0.0,0.09615384615384616,0.0,0.0,0.0,0.0,0.0,54.42307692307692,0.0,1.9230769230769231,0.9615384615384616,1.5384615384615385,3.4615384615384617,4.903846153846154,3.173076923076923,0.38461538461538464,0.28846153846153844,0.09615384615384616,0.09615384615384616,0.7692307692307693,0.19230769230769232,0.0,0.0,47.20494699646643,0.0,64.70588235294117,75.0,7.255876068376068
spain,La Liga,2025,Juan Hernández,18.0,M,,,,0,0,0.0,0.0,0.0,0.0,0.0,0,0,0,0.0,0,,,,,,,,,,,,,,,,,,,,,,,,,,,,
spain,La Liga,2025,Juan Iglesias,27.0,D,Spain,187.0,77.0,37,36,3189.0,1.0,2.0,0.0,0.0,0,0,4,0.0,0,0.02822201317027281,0.33866415804327377,0.14111006585136407,0.02822201317027281,0.05644402634054562,0.08466603951081844,0.02822201317027281,24.355597365945435,0.5079962370649107,3.160865475070555,0.33866415804327377,0.7337723424270931,3.894637817497648,12.33301975540922,6.9143932267168395,1.636876763875823,0.8466603951081844,1.382878645343368,1.975540921919097,1.7779868297271872,0.11288805268109124,0.0,0.0,17.358053302433373,41.66666666666667,56.06407322654462,51.724137931034484,6.873628096582
spain,La Liga,2025,Juan Musso,31.0,G,Argentina,193.0,93.0,8,8,720.0,0.0,0.0,0.0,1.0,0,0,2,0.0,0,0.0,0.0,0.0,0.0,0.0,0.0,0.0,27.249999999999996,0.0,0.0,0.0,0.0,0.0,0.875,0.75,0.0,0.0,0.0,0.375,0.125,0.25,0.0,0.0,21.78440366972477,,85.71428571428571,,6.8375
spain,La Liga,2025,Juan Piera,20.0,F,,,,0,0,0.0,0.0,0.0,0.0,0.0,0,0,0,0.0,0,,,,,,,,,,,,,,,,,,,,,,,,,,,,
spain,La Liga,2025,Juanlu Sánchez,22.0,M,Spain,183.0,68.0,32,23,2002.0,0.0,3.0,1.0,2.0,0,0,6,0.0,1,0.1798201798201798,0.3146853146853147,0.04495504495504495,0.0,0.13486513486513488,0.13486513486513488,0.0,34.3006993006993,0.989010989010989,2.877122877122877,0.0,0.5394605394605395,3.4165834165834164,12.092907092907094,6.788211788211788,2.2927072927072927,1.2137862137862137,1.3936063936063936,1.8881118881118881,1.033966033966034,0.26973026973026976,0.0,0.04495504495504495,26.0,14.285714285714285,56.13382899628253,52.94117647058824,6.7508991008991
spain,La Liga,2025,Juanmi,32.0,F,Spain,172.0,69.0,8,0,176.0,1.0,0.0,0.0,0.0,0,0,0,0.0,0,1.534090909090909,1.0227272727272727,0.5113636363636364,0.5113636363636364,0.0,0.5113636363636364,0.5113636363636364,18.920454545454547,1.534090909090909,1.0227272727272727,0.0,0.0,1.0227272727272727,13.295454545454547,4.6022727272727275,1.0227272727272727,0.5113636363636364,1.534090909090909,0.5113636363636364,1.0227272727272727,0.0,0.0,0.0,3.3783783783783785,50.0,34.61538461538461,50.0,6.681818181818182
spain,La Liga,2025,Juanpe,24.0,G,Spain,185.0,74.0,0,0,0.0,0.0,0.0,0.0,0.0,0,0,0,0.0,0,,,,,,,,,,,,,,,,,,,,,,,,,,,,
spain,La Liga,2025,Jude Bellingham,22.0,M,England,186.0,75.0,28,22,1917.0,6.0,4.0,0.0,0.0,0,0,3,0.0,0,0.18779342723004694,1.5023474178403755,1.220657276995305,0.28169014084507044,0.18779342723004694,0.46948356807511743,0.28169014084507044,55.25821596244132,1.6901408450704225,2.3943661971830985,0.09389671361502347,0.6572769953051643,3.051643192488263,14.413145539906102,8.309859154929578,3.1455399061032865,1.7370892018779343,0.6103286384976525,2.5821596244131455,1.5492957746478873,0.14084507042253522,0.0,0.0,48.938827527612574,81.25,57.65472312703584,55.223880597014926,7.338413361169102
spain,La Liga,2025,Julen Agirrezabala,25.0,G,Spain,187.0,80.0,18,18,1620.0,0.0,0.0,0.0,0.0,0,0,1,0.0,0,0.0,0.0,0.0,0.0,0.0,0.0,0.0,27.38888888888889,0.05555555555555555,0.1111111111111111,0.0,0.0,0.1111111111111111,0.6666666666666667,0.5555555555555556,0.0,0.0,0.1111111111111111,0.05555555555555555,0.0,0.05555555555555555,0.0,0.0,19.748478701825558,,83.33333333333334,,6.933333333333334
spain,La Liga,2025,Jules Koundé,27.0,D,France,181.0,84.0,30,24,2269.0,1.0,3.0,0.0,1.0,0,0,6,0.0,0,0.07933010136624064,0.4363155575143235,0.15866020273248127,0.03966505068312032,0.11899515204936095,0.15866020273248127,0.03966505068312032,76.23622741295725,0.9122961657117673,1.864257382106655,0.5156456588805641,1.150286469810489,3.0145438519171446,9.202291758483913,5.03746143675628,1.388276773909211,0.8329660643455267,0.8329660643455267,0.9519612163948876,0.9122961657117673,0.2379903040987219,0.0,0.0,68.34183142559833,36.36363636363637,54.741379310344826,60.0,6.952181577787572
spain,La Liga,2025,Julio Díaz,20.0,M,Spain,174.0,,4,4,311.0,0.0,1.0,0.0,0.0,0,0,2,0.0,0,0.28938906752411575,0.0,0.0,0.0,0.28938906752411575,0.28938906752411575,0.0,40.22508038585209,1.7363344051446947,1.7363344051446947,0.0,1.157556270096463,2.8938906752411575,9.839228295819936,5.209003215434083,2.8938906752411575,2.0257234726688105,1.4469453376205788,0.8681672025723474,1.157556270096463,0.5787781350482315,0.0,0.0,37.81294964028777,,52.94117647058824,70.0,6.671061093247588
spain,La Liga,2025,Julián Alvarez,25.0,F,Argentina,170.0,71.0,29,22,1902.0,8.0,4.0,0.0,0.0,2,1,2,0.0,0,0.0946372239747634,2.082018927444795,1.2302839116719242,0.3785488958990536,0.1892744479495268,0.5678233438485805,0.28391167192429023,32.602523659305994,2.22397476340694,0.9936908517350158,0.0,0.14195583596214512,1.135646687697161,8.233438485804417,3.2649842271293377,2.4605678233438484,1.1829652996845426,0.7097791798107255,0.8517350157728707,0.6624605678233438,0.0946372239747634,0.0,0.0,24.16255442670537,59.09090909090909,39.6551724137931,48.07692307692308,7.052944269190326
spain,La Liga,2025,Junior Firpo,29.0,D,Spain,184.0,78.0,12,10,832.0,0.0,1.0,0.0,0.0,0,0,2,0.0,0,0.10817307692307693,0.3245192307692308,0.0,0.0,0.10817307692307693,0.10817307692307693,0.0,41.43028846153846,0.8653846153846154,2.5961538461538463,0.10817307692307693,1.0817307692307694,3.6778846153846154,9.194711538461538,5.408653846153847,0.8653846153846154,0.4326923076923077,0.8653846153846154,0.8653846153846154,1.189903846153846,0.21634615384615385,0.0,0.0,31.407310704960835,0.0,58.82352941176471,50.0,6.583173076923076
spain,La Liga,2025,Justin-Noel Kalumba,21.0,F,France,180.0,75.0,3,1,91.0,0.0,0.0,0.0,0.0,0,0,0,0.0,0,0.0,0.989010989010989,0.0,0.0,0.0,0.0,0.0,26.703296703296704,0.0,0.989010989010989,0.0,0.0,0.989010989010989,16.813186813186814,5.934065934065934,3.956043956043956,0.989010989010989,1.978021978021978,3.956043956043956,1.978021978021978,0.0,0.0,0.0,10.222222222222221,0.0,35.294117647058826,25.0,6.372527472527472
spain,La Liga,2025,Kareem Tunde,,M,,,,21,17,1151.0,0.0,1.0,0.0,0.0,0,0,3,0.0,0,0.07819287576020852,1.1728931364031276,0.23457862728062556,0.0,0.07819287576020852,0.07819287576020852,0.0,17.593397046046917,0.4691572545612511,1.7984361424847959,0.0,1.0947002606429193,2.893136403127715,11.49435273675065,5.708079930495222,2.5021720243266725,1.1728931364031276,0.4691572545612511,1.7984361424847959,1.2510860121633363,0.23457862728062556,0.0,0.0,11.644444444444444,20.0,49.65986394557823,46.875,6.501739130434783
spain,La Liga,2025,Kazunari Kita,20.0,D,Japan,187.0,78.0,0,0,0.0,0.0,0.0,0.0,0.0,0,0,0,0.0,0,,,,,,,,,,,,,,,,,,,,,,,,,,,,
spain,La Liga,2025,Kervin Arriaga,27.0,M,Honduras,191.0,77.0,27,16,1544.0,3.0,3.0,0.0,0.0,0,0,8,0.0,1,0.11658031088082901,0.6994818652849741,0.34974093264248707,0.17487046632124353,0.17487046632124353,0.34974093264248707,0.17487046632124353,41.67746113989637,0.4080310880829015,2.389896373056995,0.816062176165803,0.816062176165803,3.205958549222798,11.89119170984456,6.761658031088083,1.1075129533678756,0.46632124352331605,0.582901554404145,1.2823834196891193,1.2823834196891193,0.46632124352331605,0.0,0.05829015544041451,30.128671328671327,50.0,56.86274509803921,42.10526315789473,7.06068652849741
spain,La Liga,2025,Kike Barja,28.0,F,Spain,178.0,69.0,27,2,484.0,2.0,2.0,0.0,0.0,0,0,3,0.0,0,0.1859504132231405,1.3016528925619835,0.743801652892562,0.371900826446281,0.371900826446281,0.743801652892562,0.371900826446281,22.87190082644628,2.0454545454545454,0.9297520661157025,0.1859504132231405,0.371900826446281,1.3016528925619835,13.760330578512395,5.392561983471075,3.5330578512396693,1.115702479338843,0.743801652892562,2.0454545454545454,2.0454545454545454,0.5578512396694215,0.0,0.0,6.375,57.14285714285714,39.189189189189186,31.57894736842105,6.760330578512397
spain,La Liga,2025,Kike García,36.0,F,Spain,186.0,79.0,37,17,1749.0,8.0,1.0,0.0,0.0,1,1,3,0.0,0,1.3379073756432247,2.5728987993138936,1.3893653516295026,0.411663807890223,0.051457975986277875,0.4631217838765009,0.3602058319039452,19.965694682675817,1.0291595197255574,0.6689536878216124,0.051457975986277875,0.30874785591766724,0.9777015437392796,16.312178387650086,7.821612349914237,1.183533447684391,0.411663807890223,0.5660377358490566,2.2641509433962264,1.6981132075471697,0.15437392795883362,0.0,0.0,9.767441860465116,54.0,47.94952681388013,34.78260869565217,6.644311034877072
spain,La Liga,2025,Kike Salas,23.0,D,Spain,188.0,80.0,26,24,2208.0,2.0,0.0,1.0,0.0,0,0,1,0.0,0,0.08152173913043478,0.529891304347826,0.32608695652173914,0.08152173913043478,0.0,0.08152173913043478,0.08152173913043478,55.8016304347826,0.28532608695652173,2.404891304347826,0.733695652173913,1.5081521739130437,3.9130434782608696,11.290760869565217,7.214673913043478,0.529891304347826,0.32608695652173914,0.6521739130434783,0.8152173913043479,1.263586956521739,0.04076086956521739,0.0,0.0,50.39590942293645,61.53846153846154,63.898916967509024,61.53846153846154,7.021784420289856
spain,La Liga,2025,Kiko Femenía,34.0,D,Spain,176.0,61.0,28,25,2020.0,1.0,1.0,0.0,0.0,0,0,6,0.0,0,0.22277227722772278,0.3118811881188119,0.13366336633663367,0.04455445544554455,0.04455445544554455,0.0891089108910891,0.04455445544554455,26.777227722772277,0.7574257425742574,1.7376237623762376,0.0891089108910891,1.5148514851485149,3.2524752475247523,6.727722772277227,3.297029702970297,0.8465346534653465,0.26732673267326734,0.6683168316831682,0.4900990099009901,0.9356435643564357,0.26732673267326734,0.0,0.0,19.171381031613976,42.857142857142854,49.00662251655629,31.57894736842105,6.615198019801981
spain,La Liga,2025,Koke,33.0,M,Spain,176.0,77.0,34,24,2236.0,2.0,2.0,0.0,0.0,0,0,6,0.0,0,0.0,0.36225402504472276,0.16100178890876565,0.08050089445438283,0.08050089445438283,0.16100178890876565,0.08050089445438283,76.79785330948123,1.4087656529516994,2.012522361359571,0.2817531305903399,0.7245080500894455,2.737030411449016,7.204830053667263,3.5420393559928445,0.36225402504472276,0.12075134168157423,1.2075134168157424,0.8855098389982111,0.8452593917710197,0.24150268336314845,0.0,0.0,62.482180293501045,44.44444444444444,49.162011173184354,33.33333333333333,7.213237924865832
spain,La Liga,2025,Kwasi Sibo,27.0,M,Ghana,182.0,72.0,26,21,1689.0,0.0,0.0,0.0,0.0,0,0,3,0.0,1,0.0,0.3197158081705151,0.10657193605683836,0.0,0.0,0.0,0.0,36.181172291296626,0.15985790408525755,1.8650088809946714,0.3197158081705151,0.7992895204262876,2.664298401420959,7.24689165186501,3.0905861456483126,0.2664298401420959,0.21314387211367672,0.7992895204262876,0.21314387211367672,1.5985790408525753,0.15985790408525755,0.0,0.05328596802841918,25.871870397643594,33.33333333333333,42.64705882352941,80.0,6.602072232089994
spain,La Liga,2025,Kylian Mbappé,27.0,F,France,178.0,75.0,31,29,2604.0,25.0,5.0,4.0,0.0,8,1,4,0.0,0,1.3479262672811059,3.8018433179723505,2.1774193548387095,0.8640552995391706,0.1728110599078341,1.0368663594470047,0.5875576036866359,34.49308755760369,2.2465437788018434,0.1382488479262673,0.0,0.06912442396313365,0.2073732718894009,8.882488479262673,4.320276497695852,5.11520737327189,2.6958525345622117,0.2764976958525346,1.2442396313364057,0.44930875576036866,0.1382488479262673,0.0,0.0,32.254509018036075,57.27272727272727,48.63813229571984,52.702702702702695,7.55384024577573
spain,La Liga,2025,Ladislav Krejčí,26.0,D,Czechia,191.0,87.0,2,2,180.0,0.0,0.0,0.0,0.0,0,0,1,0.0,0,0.0,0.5,0.0,0.0,0.0,0.0,0.0,51.99999999999999,0.0,1.0,0.5,0.5,1.5,5.5,2.5,0.0,0.0,0.5,0.0,1.0,0.5,0.0,0.0,47.73076923076923,0.0,45.45454545454545,,5.6
spain,La Liga,2025,Lamine Gueye,21.0,F,Senegal,,,0,0,0.0,0.0,0.0,0.0,0.0,0,0,0,0.0,0,,,,,,,,,,,,,,,,,,,,,,,,,,,,
spain,La Liga,2025,Lamine Yamal,18.0,M,Spain,179.0,72.0,28,26,2268.0,16.0,11.0,2.0,0.0,3,1,1,0.0,0,0.5555555555555556,3.373015873015873,1.4682539682539681,0.6349206349206349,0.4365079365079365,1.0714285714285714,0.5158730158730158,53.53174603174603,2.8571428571428568,1.4285714285714284,0.0,0.3571428571428571,1.7857142857142856,16.587301587301585,8.849206349206348,9.682539682539682,5.357142857142857,0.4365079365079365,2.0634920634920633,1.1111111111111112,0.03968253968253968,0.0,0.0,45.412157153447,43.529411764705884,53.34928229665071,55.32786885245902,7.985978835978837
spain,La Liga,2025,Lamini Fati,19.0,D,,,,0,0,0.0,0.0,0.0,0.0,0.0,0,0,0,0.0,0,,,,,,,,,,,,,,,,,,,,,,,,,,,,
spain,La Liga,2025,Lancinet Kourouma,21.0,M,Guinea,180.0,,5,0,64.0,0.0,0.0,0.0,0.0,0,0,0,0.0,1,0.0,0.0,0.0,0.0,0.0,0.0,0.0,18.28125,0.0,0.0,0.0,1.40625,1.40625,9.84375,1.40625,0.0,0.0,2.8125,1.40625,2.8125,0.0,0.0,1.40625,5.166666666666667,,14.285714285714285,,6.284375
spain,La Liga,2025,Lander Astiazaran,19.0,M,Spain,,,1,0,1.0,0.0,0.0,0.0,0.0,0,0,0,0.0,0,0.0,90.0,0.0,0.0,0.0,0.0,0.0,270.0,0.0,0.0,0.0,0.0,0.0,90.0,0.0,0.0,0.0,0.0,0.0,0.0,0.0,0.0,0.0,,0.0,0.0,,
spain,La Liga,2025,Lander Pinillos,22.0,M,Spain,,,1,0,2.0,0.0,0.0,0.0,0.0,0,0,0,0.0,0,0.0,0.0,0.0,0.0,0.0,0.0,0.0,45.0,0.0,0.0,0.0,0.0,0.0,45.0,0.0,0.0,0.0,0.0,0.0,0.0,0.0,0.0,0.0,1.0,,0.0,,
spain,La Liga,2025,Largie Ramazani,24.0,F,Belgium,167.0,55.0,27,11,1250.0,6.0,1.0,0.0,1.0,3,0,4,0.0,0,0.14400000000000002,2.448,1.368,0.43199999999999994,0.07200000000000001,0.504,0.21599999999999997,22.752000000000002,1.1520000000000001,1.008,0.0,1.008,2.016,11.808000000000002,4.248,3.96,1.584,0.9359999999999999,1.44,1.224,0.28800000000000003,0.0,0.0,14.29746835443038,55.88235294117647,35.97560975609756,40.0,6.884639999999999
spain,La Liga,2025,Leander Dendoncker,30.0,M,Belgium,188.0,83.0,19,15,1339.0,1.0,0.0,0.0,1.0,0,0,2,0.0,0,0.06721433905899926,0.4705003734129948,0.26885735623599705,0.06721433905899926,0.0,0.06721433905899926,0.06721433905899926,37.236743838685584,0.4032860343539955,2.419716206123973,0.4705003734129948,0.806572068707991,3.226288274831964,8.267363704256908,4.436146377893951,0.5377147124719941,0.26885735623599705,1.1426437640029874,0.20164301717699776,0.806572068707991,0.13442867811799852,0.0,0.0,35.53345388788427,57.14285714285714,53.65853658536586,50.0,6.808832335329342
spain,La Liga,2025,Leandro Cabrera,34.0,D,Uruguay,190.0,80.0,37,37,3330.0,3.0,0.0,1.0,0.0,0,0,4,0.0,0,0.027027027027027025,0.7567567567567568,0.32432432432432434,0.08108108108108109,0.0,0.08108108108108109,0.08108108108108109,40.89189189189189,0.29729729729729726,0.972972972972973,0.7567567567567568,0.7027027027027026,1.6756756756756757,7.351351351351351,4.216216216216217,0.2162162162162162,0.16216216216216217,0.5405405405405406,0.24324324324324326,1.0,0.1081081081081081,0.0,0.0,39.140779907468605,42.857142857142854,57.35294117647059,75.0,6.783783783783784
spain,La Liga,2025,Leo Román,25.0,G,Spain,189.0,83.0,33,33,2970.0,0.0,0.0,0.0,1.0,0,0,4,0.0,0,0.0,0.0,0.0,0.0,0.0,0.0,0.0,34.75757575757576,0.0,0.030303030303030304,0.0,0.030303030303030304,0.06060606060606061,0.30303030303030304,0.2121212121212121,0.030303030303030304,0.030303030303030304,0.030303030303030304,0.06060606060606061,0.030303030303030304,0.12121212121212122,0.0,0.0,26.850043591979077,,70.0,100.0,7.0212121212121215
spain,La Liga,2025,Leo Sánchez,19.0,M,,,,0,0,0.0,0.0,0.0,0.0,0.0,0,0,0,0.0,0,,,,,,,,,,,,,,,,,,,,,,,,,,,,
spain,La Liga,2025,Llorenç Serred,20.0,G,Spain,186.0,76.0,0,0,0.0,0.0,0.0,0.0,0.0,0,0,0,0.0,0,,,,,,,,,,,,,,,,,,,,,,,,,,,,
spain,La Liga,2025,Lluc Castell,19.0,F,,,,1,0,18.0,0.0,0.0,0.0,0.0,0,0,0,0.0,0,0.0,0.0,0.0,0.0,0.0,0.0,0.0,10.0,0.0,0.0,0.0,0.0,0.0,20.0,5.0,0.0,0.0,0.0,5.0,5.0,0.0,0.0,0.0,1.0,,25.0,,6.5
spain,La Liga,2025,Logan Costa,24.0,D,Cape Verde,190.0,91.0,2,0,28.0,0.0,0.0,0.0,0.0,0,0,0,0.0,0,0.0,0.0,0.0,0.0,0.0,0.0,0.0,83.57142857142857,3.214285714285714,3.214285714285714,0.0,0.0,3.214285714285714,6.428571428571428,3.214285714285714,0.0,0.0,0.0,0.0,3.214285714285714,0.0,0.0,0.0,12.538461538461538,,50.0,,6.8999999999999995
spain,La Liga,2025,Lorenzo Luchino,19.0,G,,,,0,0,0.0,0.0,0.0,0.0,0.0,0,0,0,0.0,0,,,,,,,,,,,,,,,,,,,,,,,,,,,,
spain,La Liga,2025,Luca Koleosho,21.0,F,Italy,175.0,68.0,3,0,60.0,0.0,0.0,0.0,0.0,0,0,0,0.0,0,0.0,0.0,0.0,0.0,0.0,0.0,0.0,36.0,1.5,1.5,0.0,1.5,3.0,19.5,7.5,10.5,6.0,0.0,0.0,4.5,0.0,0.0,0.0,9.333333333333334,,38.46153846153847,57.14285714285714,6.681666666666667
spain,La Liga,2025,Lucas Ahijado,30.0,D,Spain,173.0,67.0,20,11,1100.0,0.0,1.0,0.0,1.0,0,0,3,0.0,0,0.16363636363636364,0.49090909090909096,0.16363636363636364,0.0,0.08181818181818182,0.08181818181818182,0.0,34.93636363636364,0.7363636363636364,3.7636363636363637,0.32727272727272727,1.3909090909090909,5.154545454545454,9.327272727272728,5.8909090909090915,2.209090909090909,1.309090909090909,0.8181818181818181,0.24545454545454548,1.1454545454545455,0.24545454545454548,0.0,0.0,28.526932084309134,33.33333333333333,63.1578947368421,59.25925925925925,6.749545454545455
spain,La Liga,2025,Lucas Beltrán,24.0,F,Argentina,174.0,75.0,27,16,1366.0,1.0,2.0,1.0,0.0,0,0,1,0.0,0,0.2635431918008785,1.4494875549048316,0.5929721815519766,0.06588579795021962,0.13177159590043924,0.19765739385065886,0.06588579795021962,25.76134699853587,0.8565153733528551,1.4494875549048316,0.06588579795021962,0.2635431918008785,1.7130307467057102,14.890190336749635,6.720351390922401,1.910688140556369,1.054172767203514,0.527086383601757,2.569546120058565,1.7130307467057102,0.06588579795021962,0.0,0.0,14.9846547314578,40.909090909090914,45.13274336283185,55.172413793103445,6.594948755490484
spain,La Liga,2025,Lucas Bergström,23.0,G,Finland,205.0,82.0,5,5,450.0,0.0,0.0,0.0,0.0,0,0,1,0.0,0,0.0,0.0,0.0,0.0,0.0,0.0,0.0,29.000000000000004,0.0,0.0,0.0,0.0,0.0,1.2000000000000002,1.0,0.0,0.0,0.2,0.0,0.0,0.2,0.0,0.0,15.903448275862068,,83.33333333333334,,7.1
spain,La Liga,2025,Lucas Boyé,29.0,F,Argentina,179.0,81.0,29,22,1959.0,11.0,1.0,0.0,0.0,3,0,4,0.0,1,0.4594180704441041,2.1592649310872893,0.9647779479326186,0.5053598774885145,0.045941807044410414,0.5513016845329249,0.3675344563552833,19.249617151607964,1.2863705972434916,1.6079632465543645,0.27565084226646247,0.3215926493108729,1.9295558958652372,17.77947932618683,6.569678407350689,3.3996937212863703,1.6998468606431851,0.7350689127105666,1.791730474732006,2.6186830015313936,0.18376722817764166,0.0,0.045941807044410414,14.004773269689737,44.680851063829785,36.95090439276486,50.0,6.756777493606138
spain,La Liga,2025,Lucas Cepeda,23.0,F,Chile,177.0,66.0,10,4,405.0,1.0,0.0,0.0,0.0,0,0,1,0.0,0,0.2222222222222222,2.2222222222222223,1.1111111111111112,0.2222222222222222,0.0,0.2222222222222222,0.2222222222222222,34.88888888888889,1.3333333333333335,2.0,0.2222222222222222,0.2222222222222222,2.2222222222222223,11.777777777777779,5.555555555555555,2.8888888888888893,1.1111111111111112,1.1111111111111112,2.2222222222222223,1.5555555555555554,0.2222222222222222,0.0,0.0,23.280254777070063,50.0,47.16981132075472,38.46153846153847,6.824691358024691
spain,La Liga,2025,Lucas Laso,22.0,D,,,,0,0,0.0,0.0,0.0,0.0,0.0,0,0,0,0.0,0,,,,,,,,,,,,,,,,,,,,,,,,,,,,
spain,La Liga,2025,Lucas Núñez,19.0,M,Spain,183.0,,0,0,0.0,0.0,0.0,0.0,0.0,0,0,0,0.0,0,,,,,,,,,,,,,,,,,,,,,,,,,,,,
spain,La Liga,2025,Lucas Torró,31.0,M,Spain,190.0,77.0,34,31,2307.0,0.0,1.0,0.0,0.0,0,0,6,0.0,0,0.0,0.975292587776333,0.3120936280884265,0.0,0.03901170351105331,0.03901170351105331,0.0,38.738621586475944,0.5851755526657997,1.482444733420026,0.3120936280884265,1.131339401820546,2.6137841352405724,11.157347204161248,7.0221066319895975,0.5071521456436932,0.3511053315994799,0.42912873862158646,1.092327698309493,1.5604681404421326,0.2340702210663199,0.0,0.0,28.002014098690836,32.0,62.93706293706294,69.23076923076923,6.769544468546638
spain,La Liga,2025,Lucien Agoumé,23.0,M,France,185.0,72.0,34,31,2693.0,1.0,3.0,0.0,0.0,0,0,11,0.0,0,0.2673598217601188,0.30077979948013367,0.0668399554400297,0.03341997772001485,0.10025993316004456,0.1336799108800594,0.03341997772001485,43.51281099145934,0.9691793538804306,2.3393984404010397,0.16709988860007427,1.604158930560713,3.943557370961753,9.959153360564425,5.046416635722243,0.7352395098403267,0.36761975492016336,0.6015595989602673,0.5347196435202376,1.9383587077608613,0.36761975492016336,0.0,0.0,35.36943164362519,22.22222222222222,50.671140939597315,50.0,6.834274043817304
spain,La Liga,2025,Luis Milla,31.0,M,Spain,175.0,67.0,37,37,3273.0,1.0,10.0,0.0,0.0,0,0,4,0.0,1,0.054995417048579284,0.41246562786434465,0.10999083409715857,0.027497708524289642,0.27497708524289644,0.3024747937671861,0.027497708524289642,38.02933088909258,2.1998166819431715,1.622364802933089,0.1924839596700275,1.154903758020165,2.777268560953254,8.826764436296974,4.757103574702108,1.0724106324472962,0.5774518790100825,1.0174152153987168,1.1824014665444547,0.8799266727772685,0.10999083409715857,0.0,0.027497708524289642,31.111352133044107,26.666666666666668,53.89408099688473,53.84615384615385,7.052581729300336
spain,La Liga,2025,Luis Orejuela,18.0,D,,,,1,1,90.0,0.0,0.0,0.0,0.0,0,0,0,0.0,0,0.0,1.0,0.0,0.0,0.0,0.0,0.0,32.0,0.0,0.0,0.0,1.0,1.0,12.999999999999998,6.0,1.0,1.0,0.0,4.0,1.0,0.0,0.0,0.0,30.0,0.0,46.15384615384615,100.0,6.2
spain,La Liga,2025,Luis Rioja,32.0,M,Spain,175.0,68.0,37,31,2636.0,3.0,6.0,0.0,0.0,0,0,1,0.0,0,0.30728376327769347,0.6145675265553869,0.17071320182094082,0.10242792109256449,0.20485584218512898,0.30728376327769347,0.10242792109256449,28.64567526555387,1.3315629742033384,1.2291350531107739,0.0,0.6145675265553869,1.843702579666161,7.716236722306525,3.584977238239757,2.1509863429438543,1.2291350531107739,1.1608497723823976,0.9901365705614568,0.4438543247344461,0.03414264036418817,0.0,0.0,21.048867699642432,27.77777777777778,46.46017699115044,57.14285714285714,6.804438543247344
spain,La Liga,2025,Luis Vázquez,24.0,F,Argentina,190.0,82.0,17,14,1204.0,3.0,1.0,2.0,0.0,0,0,2,0.0,0,1.2707641196013288,1.495016611295681,0.6727574750830565,0.22425249169435216,0.07475083056478406,0.29900332225913623,0.22425249169435216,15.398671096345517,0.29900332225913623,0.37375415282392027,0.07475083056478406,0.29900332225913623,0.6727574750830565,14.127906976744185,6.353820598006645,1.0465116279069768,0.29900332225913623,0.22425249169435216,2.39202657807309,1.569767441860465,0.14950166112956811,0.0,0.0,8.228155339805825,45.0,44.97354497354497,28.57142857142857,6.647342192691029
spain,La Liga,2025,Luiz Felipe,28.0,D,Italy,187.0,80.0,10,7,491.0,0.0,0.0,0.0,0.0,0,0,1,0.0,0,0.0,0.3665987780040733,0.18329938900203666,0.0,0.0,0.0,0.0,46.55804480651731,0.18329938900203666,2.3828920570264764,0.5498981670061099,1.4663951120162932,3.84928716904277,6.965376782077392,3.84928716904277,0.0,0.0,0.5498981670061099,0.18329938900203666,0.9164969450101833,0.18329938900203666,0.0,0.0,35.05905511811024,50.0,55.26315789473685,,6.79938900203666
spain,La Liga,2025,Luiz Júnior,24.0,G,Brazil,194.0,88.0,28,28,2520.0,0.0,0.0,0.0,2.0,0,0,3,0.0,0,0.0,0.0,0.0,0.0,0.0,0.0,0.0,22.17857142857143,0.0,0.0,0.0,0.03571428571428571,0.03571428571428571,0.5357142857142857,0.39285714285714285,0.0,0.0,0.03571428571428571,0.14285714285714285,0.07142857142857142,0.10714285714285715,0.0,0.0,16.714975845410628,,73.33333333333333,,7.014285714285714
spain,La Liga,2025,Luka Ilić,26.0,M,Serbia,182.0,73.0,19,8,756.0,1.0,0.0,0.0,0.0,0,0,4,0.0,1,0.23809523809523808,1.0714285714285714,0.5952380952380952,0.11904761904761904,0.0,0.11904761904761904,0.11904761904761904,27.857142857142858,0.3571428571428571,1.3095238095238095,0.47619047619047616,0.7142857142857142,2.0238095238095237,10.238095238095237,3.333333333333333,1.5476190476190474,0.47619047619047616,1.7857142857142856,0.8333333333333333,1.9047619047619047,0.47619047619047616,0.0,0.11904761904761904,14.456896551724139,55.55555555555556,32.55813953488372,30.76923076923077,6.4529100529100525
spain,La Liga,2025,Luka Sučić,23.0,M,Croatia,185.0,78.0,22,10,1018.0,3.0,1.0,0.0,0.0,0,0,1,0.0,0,0.08840864440078584,1.4145383104125735,0.618860510805501,0.26522593320235754,0.08840864440078584,0.3536345776031434,0.26522593320235754,40.93320235756385,0.7956777996070726,1.6797642436149314,0.08840864440078584,0.44204322200392926,2.1218074656188604,10.609037328094303,4.862475442043222,2.2102161100196462,1.237721021611002,0.7956777996070726,0.5304518664047151,0.9724950884086444,0.08840864440078584,0.0,0.0,22.682505399568033,43.75,45.83333333333333,56.00000000000001,6.815127701375245
spain,La Liga,2025,Luken Beitia,21.0,D,Spain,191.0,77.0,2,1,104.0,0.0,0.0,0.0,0.0,0,0,0,0.0,0,0.0,0.0,0.0,0.0,0.0,0.0,0.0,38.07692307692307,0.0,0.0,0.0,0.8653846153846154,0.8653846153846154,8.653846153846155,3.4615384615384617,0.8653846153846154,0.8653846153846154,0.8653846153846154,0.8653846153846154,2.5961538461538463,0.0,0.0,0.0,36.31818181818182,,40.0,100.0,6.632692307692308
spain,La Liga,2025,Léo Pétrot,28.0,D,France,188.0,80.0,32,18,1615.0,0.0,0.0,0.0,0.0,0,0,2,0.0,1,0.11145510835913314,0.22291021671826627,0.0,0.0,0.0,0.0,0.0,52.94117647058824,0.11145510835913314,2.0619195046439627,0.8359133126934984,0.8359133126934984,2.897832817337461,7.46749226006192,4.458204334365325,0.39009287925696595,0.16718266253869968,0.44582043343653255,0.33436532507739936,1.0588235294117647,0.11145510835913314,0.0,0.05572755417956657,43.85473684210526,0.0,59.70149253731343,42.857142857142854,6.681474597273853
spain,La Liga,2025,Mahamoud Barry,19.0,F,Mali,178.0,61.0,0,0,0.0,0.0,0.0,0.0,0.0,0,0,0,0.0,0,,,,,,,,,,,,,,,,,,,,,,,,,,,,
spain,La Liga,2025,Manor Solomon,26.0,F,Israel,170.0,66.0,6,1,153.0,1.0,1.0,0.0,0.0,0,0,0,0.0,0,0.5882352941176471,0.5882352941176471,0.5882352941176471,0.5882352941176471,0.5882352941176471,1.1764705882352942,0.5882352941176471,28.823529411764703,1.1764705882352942,0.5882352941176471,0.0,0.0,0.5882352941176471,11.176470588235293,5.294117647058823,6.470588235294117,3.5294117647058822,1.1764705882352942,1.1764705882352942,0.0,0.0,0.0,0.0,9.833333333333334,100.0,47.368421052631575,54.54545454545454,6.631372549019607
spain,La Liga,2025,Manu Bueno,21.0,M,Spain,178.0,73.0,8,2,279.0,0.0,0.0,0.0,0.0,0,0,2,0.0,0,0.0,0.6451612903225806,0.0,0.0,0.0,0.0,0.0,34.83870967741935,0.6451612903225806,0.967741935483871,0.0,0.0,0.967741935483871,5.483870967741935,2.5806451612903225,0.3225806451612903,0.3225806451612903,0.6451612903225806,0.967741935483871,1.2903225806451613,0.6451612903225806,0.0,0.0,20.037037037037038,0.0,47.05882352941176,100.0,6.554838709677419
spain,La Liga,2025,Manu Fernández,24.0,D,Spain,,,14,9,765.0,0.0,0.0,0.0,2.0,0,0,2,0.0,0,0.0,0.23529411764705882,0.0,0.0,0.0,0.0,0.0,59.294117647058826,0.3529411764705882,1.5294117647058822,0.3529411764705882,0.9411764705882353,2.4705882352941178,5.411764705882353,3.294117647058824,0.23529411764705882,0.11764705882352941,0.0,0.823529411764706,0.9411764705882353,0.23529411764705882,0.0,0.0,47.779761904761905,0.0,60.86956521739131,50.0,6.701699346405229
spain,La Liga,2025,Manu González,18.0,G,Spain,189.0,81.0,0,0,0.0,0.0,0.0,0.0,0.0,0,0,0,0.0,0,,,,,,,,,,,,,,,,,,,,,,,,,,,,
spain,La Liga,2025,Manu Morlanes,26.0,M,Spain,178.0,75.0,32,22,1789.0,3.0,0.0,0.0,0.0,0,0,5,0.0,1,0.0,0.45276690888764676,0.20122973728339855,0.1509223029625489,0.0,0.1509223029625489,0.1509223029625489,47.69144773616546,0.8552263834544439,2.8172163219675794,0.05030743432084964,0.955841252096143,3.773057574063723,8.753493571827837,4.427054220234768,0.6036892118501956,0.4024594745667971,1.2576858580212409,0.6036892118501956,1.4086081609837897,0.25153717160424816,0.0,0.05030743432084964,36.16033755274262,44.44444444444444,50.57471264367817,66.66666666666666,6.907769703745109
spain,La Liga,2025,Manuel Serrano Salazar,21.0,D,,,,1,0,8.0,0.0,0.0,0.0,0.0,0,0,0,0.0,0,0.0,0.0,0.0,0.0,0.0,0.0,0.0,90.0,0.0,0.0,0.0,0.0,0.0,0.0,0.0,0.0,0.0,0.0,0.0,0.0,0.0,0.0,0.0,8.0,,,,6.2
spain,La Liga,2025,Manuel Sánchez,25.0,D,Spain,171.0,70.0,33,31,2818.0,1.0,2.0,0.0,0.0,0,0,8,0.0,0,0.063875088715401,0.3193754435770049,0.127750177430802,0.0319375443577005,0.063875088715401,0.09581263307310149,0.0319375443577005,29.190915542938257,0.5429382540809085,2.58694109297374,0.15968772178850246,1.022001419446416,3.6089425124201564,8.463449254790632,4.279630943931866,1.022001419446416,0.35131298793470545,1.0539389638041163,0.6706884315117104,1.1178140525195175,0.255500354861604,0.0,0.0,26.770240700218817,40.0,50.56603773584906,34.375,6.577111426543648
spain,La Liga,2025,Manuel Ángel Morán,21.0,M,Spain,170.0,60.0,4,1,95.0,0.0,0.0,0.0,0.0,0,0,0,0.0,0,0.0,0.9473684210526315,0.9473684210526315,0.0,0.0,0.0,0.0,65.36842105263159,0.0,3.789473684210526,0.0,0.0,3.789473684210526,14.210526315789473,8.526315789473685,1.894736842105263,0.9473684210526315,1.894736842105263,3.789473684210526,1.894736842105263,0.0,0.0,0.0,23.115942028985508,100.0,60.0,50.0,6.6372340425531915
spain,La Liga,2025,Marash Kumbulla,25.0,D,Albania,191.0,78.0,8,5,438.0,0.0,0.0,0.0,0.0,0,0,1,0.0,0,0.2054794520547945,0.6164383561643836,0.0,0.0,0.0,0.0,0.0,60.205479452054796,0.2054794520547945,0.6164383561643836,0.410958904109589,0.410958904109589,1.0273972602739725,5.9589041095890405,4.10958904109589,0.2054794520547945,0.2054794520547945,0.2054794520547945,1.0273972602739725,0.410958904109589,0.2054794520547945,0.0,0.0,40.846416382252556,0.0,68.96551724137932,100.0,6.53972602739726
spain,La Liga,2025,Marc Aguado,25.0,M,Spain,178.0,68.0,35,30,2522.0,1.0,2.0,0.0,0.0,0,0,3,0.0,0,0.0,0.07137192704203013,0.07137192704203013,0.035685963521015066,0.07137192704203013,0.1070578905630452,0.035685963521015066,47.28390166534496,0.39254559873116573,1.7129262490087231,0.7494052339413164,1.5344964314036478,3.2474226804123707,4.888977002379065,2.81919111816019,0.035685963521015066,0.0,0.3211736716891356,0.8207771609833466,0.8921490880253766,0.1070578905630452,0.0,0.0,41.14339622641509,100.0,57.66423357664233,0.0,6.838342585249801
spain,La Liga,2025,Marc Bartra,35.0,D,Spain,184.0,70.0,25,21,1984.0,1.0,0.0,0.0,1.0,0,0,3,0.0,0,0.0,0.6350806451612903,0.22681451612903225,0.04536290322580645,0.0,0.04536290322580645,0.04536290322580645,52.802419354838705,0.22681451612903225,2.0413306451612905,1.1340725806451613,1.2247983870967742,3.266129032258065,7.983870967741936,4.808467741935484,0.3629032258064516,0.2721774193548387,1.0433467741935485,0.498991935483871,0.6804435483870968,0.13608870967741934,0.0,0.0,51.15649183147033,35.714285714285715,60.22727272727273,75.0,7.003427419354838
spain,La Liga,2025,Marc Bernal,18.0,M,Spain,193.0,87.0,22,9,795.0,2.0,1.0,0.0,0.0,0,0,5,0.0,0,0.0,0.45283018867924524,0.22641509433962262,0.22641509433962262,0.11320754716981131,0.33962264150943394,0.22641509433962262,66.90566037735849,0.5660377358490566,3.0566037735849054,0.22641509433962262,1.3584905660377358,4.415094339622642,13.132075471698112,7.3584905660377355,1.5849056603773584,1.2452830188679245,1.0188679245283019,1.2452830188679245,1.811320754716981,0.5660377358490566,0.0,0.0,38.055837563451774,50.0,56.03448275862068,78.57142857142857,6.965699873896596
spain,La Liga,2025,Marc Casadó,22.0,M,Spain,171.0,65.0,24,10,999.0,0.0,1.0,0.0,0.0,0,0,1,0.0,0,0.0,0.18018018018018017,0.0,0.0,0.09009009009009009,0.09009009009009009,0.0,80.9009009009009,1.2612612612612613,1.6216216216216217,0.2702702702702703,0.6306306306306306,2.2522522522522523,8.468468468468469,4.2342342342342345,0.5405405405405406,0.18018018018018017,0.7207207207207207,1.8018018018018018,2.2522522522522523,0.09009009009009009,0.0,0.0,54.55902004454343,0.0,50.0,33.33333333333333,6.7635814889336014
spain,La Liga,2025,Marc Domenech,19.0,F,Spain,182.0,70.0,7,2,218.0,0.0,1.0,0.0,0.0,0,0,0,0.0,0,0.0,0.41284403669724773,0.0,0.0,0.41284403669724773,0.41284403669724773,0.0,13.211009174311927,0.8256880733944955,1.2385321100917432,0.0,0.0,1.2385321100917432,8.256880733944955,3.7155963302752295,1.651376146788991,0.41284403669724773,0.0,1.2385321100917432,1.2385321100917432,0.0,0.0,0.0,4.516129032258065,0.0,45.0,25.0,6.542201834862386
spain,La Liga,2025,Marc Pubill,22.0,D,Spain,190.0,86.0,19,15,1382.0,1.0,1.0,0.0,0.0,0,0,2,0.0,0,0.06512301013024602,0.6512301013024602,0.26049204052098407,0.06512301013024602,0.06512301013024602,0.13024602026049203,0.06512301013024602,59.52243125904486,0.19536903039073808,1.6280752532561504,0.9768451519536903,1.3024602026049203,2.9305354558610706,9.312590448625182,6.642547033285094,0.3256150506512301,0.26049204052098407,0.19536903039073808,0.9117221418234442,1.0419681620839363,0.13024602026049203,0.0,0.0,54.3129102844639,40.0,71.32867132867133,80.0,7.188929088277859
spain,La Liga,2025,Marc Roca,29.0,M,Spain,184.0,77.0,29,23,2025.0,1.0,1.0,0.0,0.0,0,0,1,0.0,0,0.0,0.5777777777777777,0.3111111111111111,0.044444444444444446,0.044444444444444446,0.08888888888888889,0.044444444444444446,47.733333333333334,0.8444444444444444,1.6888888888888889,0.4,1.0222222222222221,2.7111111111111112,7.911111111111111,3.6,0.6222222222222222,0.4888888888888889,0.9777777777777777,1.0222222222222221,1.8666666666666667,0.044444444444444446,0.0,0.0,40.059590316573555,53.84615384615385,45.50561797752809,78.57142857142857,6.847506172839506
spain,La Liga,2025,Marc Vilaplana,22.0,D,Spain,188.0,,0,0,0.0,0.0,0.0,0.0,0.0,0,0,0,0.0,0,,,,,,,,,,,,,,,,,,,,,,,,,,,,
spain,La Liga,2025,Marc-André Ter Stegen,33.0,G,Germany,187.0,88.0,2,2,180.0,0.0,0.0,0.0,0.0,0,0,0,0.0,0,0.0,0.0,0.0,0.0,0.0,0.0,0.0,37.5,0.0,0.0,0.0,0.0,0.0,0.0,0.0,0.0,0.0,0.0,0.0,0.0,0.0,0.0,0.0,36.0,,,,6.6
spain,La Liga,2025,Marco Esteban,19.0,D,Spain,183.0,75.0,1,0,45.0,0.0,0.0,0.0,0.0,0,0,0,0.0,0,0.0,0.0,0.0,0.0,0.0,0.0,0.0,25.999999999999996,0.0,0.0,0.0,0.0,0.0,0.0,0.0,0.0,0.0,0.0,0.0,0.0,0.0,0.0,0.0,11.0,,,,6.3
spain,La Liga,2025,Marco de las Sias,20.0,D,Spain,180.0,74.0,0,0,0.0,0.0,0.0,0.0,0.0,0,0,0,0.0,0,,,,,,,,,,,,,,,,,,,,,,,,,,,,
spain,La Liga,2025,Marcos Alonso,35.0,D,Spain,188.0,84.0,32,31,2770.0,1.0,0.0,0.0,2.0,1,0,5,0.0,0,0.0,0.4223826714801444,0.09747292418772563,0.032490974729241874,0.0,0.032490974729241874,0.0,77.29602888086643,0.4223826714801444,1.332129963898917,0.5523465703971119,0.9422382671480144,2.2743682310469313,7.050541516245488,4.093862815884477,0.7472924187725631,0.5523465703971119,0.5848375451263538,0.6498194945848376,0.7472924187725631,0.1624548736462094,0.0,0.0,73.32997057587221,23.076923076923077,58.06451612903226,73.91304347826086,7.05884476534296
spain,La Liga,2025,Marcos Llorente,30.0,D,Spain,183.0,74.0,29,25,2184.0,0.0,4.0,0.0,0.0,0,0,7,0.0,1,0.16483516483516483,0.45329670329670335,0.24725274725274726,0.0,0.16483516483516483,0.16483516483516483,0.0,59.010989010989015,0.8241758241758242,2.4313186813186816,0.08241758241758242,0.4945054945054945,2.925824175824176,7.17032967032967,3.8324175824175826,0.989010989010989,0.5357142857142857,0.8653846153846154,0.45329670329670335,1.1538461538461537,0.28846153846153844,0.0,0.04120879120879121,54.01466480446928,54.54545454545454,53.44827586206896,54.166666666666664,6.9626831501831505
spain,La Liga,2025,Marcos Navarro,21.0,D,Spain,172.0,68.0,0,0,0.0,0.0,0.0,0.0,0.0,0,0,0,0.0,0,,,,,,,,,,,,,,,,,,,,,,,,,,,,
spain,La Liga,2025,Marcus Rashford,28.0,F,England,188.0,80.0,32,18,1761.0,8.0,7.0,0.0,0.0,0,0,3,0.0,0,0.5110732538330494,2.504258943781942,1.482112436115843,0.4088586030664395,0.3577512776831345,0.766609880749574,0.4088586030664395,39.40374787052811,2.3509369676320273,0.4088586030664395,0.15332197614991483,0.10221465076660988,0.5110732538330494,8.739352640545146,3.4241908006814312,4.4463373083475295,1.533219761499148,0.2555366269165247,1.2776831345826236,0.5110732538330494,0.15332197614991483,0.0,0.0,27.38651102464332,59.183673469387756,39.1812865497076,34.48275862068966,6.8098239636570135
spain,La Liga,2025,Marcão,29.0,D,Brazil,185.0,80.0,13,11,943.0,0.0,0.0,0.0,1.0,0,0,4,0.0,1,0.09544008483563098,0.5726405090137858,0.19088016967126195,0.0,0.0,0.0,0.0,44.47507953340403,0.0,1.2407211028632026,0.47720042417815484,0.47720042417815484,1.7179215270413575,10.593849416755036,5.91728525980912,0.09544008483563098,0.09544008483563098,0.47720042417815484,2.0042417815482505,2.0996818663838814,0.3817603393425239,0.0,0.09544008483563098,38.68884120171674,33.33333333333333,55.85585585585585,100.0,6.618981972428419
spain,La Liga,2025,Mariano Díaz,32.0,F,Dominican Republic,180.0,76.0,10,3,296.0,0.0,0.0,0.0,0.0,0,0,1,0.0,0,1.8243243243243243,1.5202702702702704,0.9121621621621622,0.0,0.0,0.0,0.0,13.074324324324323,0.6081081081081081,1.2162162162162162,0.30405405405405406,0.0,1.2162162162162162,17.33108108108108,5.168918918918919,0.6081081081081081,0.30405405405405406,0.0,0.0,3.952702702702703,0.30405405405405406,0.0,0.0,3.8333333333333335,60.0,29.82456140350877,50.0,6.45945945945946
spain,La Liga,2025,Mario Martín,21.0,M,Spain,178.0,74.0,35,26,2135.0,2.0,1.0,0.0,0.0,0,0,11,0.0,0,0.1686182669789227,0.6323185011709602,0.2529274004683841,0.08430913348946135,0.04215456674473068,0.12646370023419204,0.08430913348946135,23.985948477751755,0.3372365339578454,2.360655737704918,0.2107728337236534,0.6744730679156908,3.0351288056206087,18.716627634660423,7.461358313817331,1.4754098360655739,0.5480093676814989,1.3067915690866512,1.4332552693208434,3.0351288056206087,0.4637002341920375,0.0,0.0,15.12829525483304,40.0,39.86486486486486,37.142857142857146,6.441826697892271
spain,La Liga,2025,Mario de Luis,23.0,G,Spain,185.0,75.0,0,0,0.0,0.0,0.0,0.0,0.0,0,0,0,0.0,0,,,,,,,,,,,,,,,,,,,,,,,,,,,,
spain,La Liga,2025,Marko Dmitrović,33.0,G,Serbia,194.0,91.0,37,37,3330.0,0.0,0.0,0.0,0.0,0,0,0,0.0,0,0.0,0.0,0.0,0.0,0.0,0.0,0.0,26.7027027027027,0.027027027027027025,0.08108108108108109,0.0,0.0,0.08108108108108109,0.45945945945945943,0.40540540540540543,0.0,0.0,0.05405405405405405,0.13513513513513514,0.0,0.0,0.0,0.0,14.834008097165992,,88.23529411764706,,7.151351351351352
spain,La Liga,2025,Maroan Sannadi,24.0,F,Spain,192.0,78.0,10,2,281.0,1.0,0.0,0.0,0.0,0,0,1,0.0,0,0.9608540925266904,1.9217081850533808,1.281138790035587,0.32028469750889677,0.0,0.32028469750889677,0.32028469750889677,22.419928825622776,0.9608540925266904,0.32028469750889677,0.0,0.32028469750889677,0.6405693950177935,13.451957295373665,5.765124555160143,1.6014234875444842,0.32028469750889677,0.6405693950177935,1.6014234875444842,2.562277580071174,0.32028469750889677,0.0,0.0,7.142857142857143,66.66666666666666,42.857142857142854,20.0,6.483629893238435
spain,La Liga,2025,Martim Neto,22.0,M,Portugal,185.0,82.0,25,15,1353.0,2.0,5.0,0.0,0.0,0,0,3,0.0,0,0.0,0.6651884700665188,0.2660753880266075,0.13303769401330376,0.3325942350332594,0.4656319290465632,0.13303769401330376,40.310421286031044,1.7294900221729492,1.3968957871396896,0.06651884700665188,0.13303769401330376,1.5299334811529932,8.048780487804878,3.8580931263858096,2.0620842572062084,1.3968957871396896,0.7317073170731708,0.7317073170731708,1.2638580931263859,0.19955654101995565,0.0,0.0,26.056105610561055,40.0,47.93388429752066,67.74193548387096,6.91359940872136
spain,La Liga,2025,Martin Pedroarena,22.0,F,Spain,,,0,0,0.0,0.0,0.0,0.0,0.0,0,0,0,0.0,0,,,,,,,,,,,,,,,,,,,,,,,,,,,,
spain,La Liga,2025,Martin Valjent,30.0,D,Slovakia,187.0,70.0,37,37,3309.0,0.0,0.0,0.0,2.0,0,0,6,0.0,0,0.0,0.3263825929283771,0.21758839528558477,0.0,0.0,0.0,0.0,48.4950135992747,0.08159564823209428,1.3599274705349047,0.40797824116047143,0.6527651858567542,2.012692656391659,5.793291024478695,3.3182230281051677,0.16319129646418856,0.10879419764279238,0.271985494106981,0.2991840435176791,0.9791477787851315,0.16319129646418856,0.0,0.0,49.53337072349972,66.66666666666666,57.27699530516433,66.66666666666666,6.657116953762467
spain,La Liga,2025,Martín Krug,19.0,D,Panama,192.0,,0,0,0.0,0.0,0.0,0.0,0.0,0,0,0,0.0,0,,,,,,,,,,,,,,,,,,,,,,,,,,,,
spain,La Liga,2025,Martín Satriano,24.0,F,Uruguay,187.0,75.0,18,18,1604.0,6.0,1.0,0.0,0.0,0,0,5,0.0,0,0.22443890274314213,1.5149625935162094,0.7855361596009974,0.33665835411471323,0.05610972568578553,0.3927680798004987,0.33665835411471323,20.648379052369076,0.8416458852867831,1.2344139650872816,0.11221945137157106,0.5049875311720698,1.7394014962593516,16.32793017456359,6.5648379052369075,3.4226932668329173,1.346633416458853,0.44887780548628425,1.7394014962593516,1.1783042394014962,0.2805486284289277,0.0,0.0,14.233695652173912,51.85185185185185,40.20618556701031,39.34426229508197,6.846882793017456
spain,La Liga,2025,Mateo Joseph,22.0,F,England,185.0,74.0,29,19,1710.0,2.0,3.0,1.0,0.0,0,0,2,0.0,0,0.2105263157894737,1.473684210526316,0.736842105263158,0.10526315789473685,0.15789473684210525,0.2631578947368421,0.10526315789473685,15.894736842105264,0.6842105263157895,1.526315789473684,0.2105263157894737,0.631578947368421,2.1578947368421053,11.526315789473685,4.631578947368421,2.0,0.9473684210526315,0.7894736842105263,1.631578947368421,1.0,0.10526315789473685,0.0,0.0,11.125827814569536,50.0,40.182648401826484,47.368421052631575,6.601988304093567
spain,La Liga,2025,Mateu Morey,25.0,D,Spain,173.0,67.0,18,9,736.0,1.0,0.0,0.0,1.0,0,0,2,0.0,0,0.12228260869565218,0.3668478260869565,0.24456521739130435,0.12228260869565218,0.0,0.12228260869565218,0.12228260869565218,29.347826086956523,0.3668478260869565,2.323369565217391,0.3668478260869565,0.8559782608695653,3.179347826086956,10.271739130434781,4.769021739130435,0.733695652173913,0.4891304347826087,1.7119565217391306,1.2228260869565217,1.8342391304347827,0.24456521739130435,0.0,0.0,19.025210084033613,66.66666666666666,46.42857142857143,66.66666666666666,6.522282608695652
spain,La Liga,2025,Mathew Ryan,33.0,G,Australia,184.0,83.0,36,36,3240.0,0.0,0.0,0.0,0.0,0,0,4,0.0,0,0.0,0.027777777777777776,0.0,0.0,0.0,0.0,0.0,31.666666666666668,0.0,0.05555555555555555,0.0,0.027777777777777776,0.08333333333333334,0.638888888888889,0.5833333333333334,0.0,0.0,0.027777777777777776,0.027777777777777776,0.0,0.1111111111111111,0.0,0.0,24.016666666666666,0.0,91.30434782608695,,7.238888888888889
spain,La Liga,2025,Matias Moreno,22.0,D,Argentina,193.0,81.0,28,27,2266.0,0.0,0.0,0.0,0.0,0,0,8,0.0,0,0.0794351279788173,0.19858781994704322,0.0,0.0,0.0,0.0,0.0,43.25242718446602,0.3177405119152692,1.2709620476610768,0.7546337157987643,1.5092674315975285,2.7802294792586055,7.268314210061782,4.329214474845543,0.3177405119152692,0.1588702559576346,0.2780229479258606,0.913503971756399,0.913503971756399,0.3177405119152692,0.0,0.0,41.18181818181818,0.0,59.56284153005464,50.0,6.838437775816416
spain,La Liga,2025,Matteo Ruggeri,23.0,D,Italy,187.0,69.0,26,20,1775.0,0.0,3.0,0.0,0.0,0,0,4,0.0,0,0.05070422535211268,0.2028169014084507,0.10140845070422536,0.0,0.15211267605633805,0.15211267605633805,0.0,45.177464788732394,1.3183098591549296,1.8253521126760563,0.15211267605633805,1.0140845070422535,2.8394366197183096,7.909859154929578,3.4985915492957744,0.9126760563380282,0.2535211267605634,1.2169014084507044,0.10140845070422536,1.4197183098591548,0.2028169014084507,0.0,0.0,35.370370370370374,50.0,44.230769230769226,27.77777777777778,6.8481126760563376
spain,La Liga,2025,Matías Dituro,38.0,G,Argentina,191.0,86.0,22,22,1980.0,0.0,0.0,0.0,0.0,0,0,1,0.0,0,0.0,0.0,0.0,0.0,0.0,0.0,0.0,53.63636363636363,0.13636363636363635,0.0,0.0,0.045454545454545456,0.045454545454545456,1.0454545454545454,0.8181818181818181,0.0,0.0,0.2272727272727273,0.3181818181818182,0.0,0.045454545454545456,0.0,0.0,41.94322033898305,,78.26086956521739,,7.386363636363637
spain,La Liga,2025,Matías Vecino,34.0,M,Uruguay,187.0,81.0,6,2,143.0,0.0,0.0,0.0,0.0,0,0,0,0.0,0,0.0,0.6293706293706294,0.0,0.0,0.0,0.0,0.0,59.16083916083915,0.0,5.034965034965035,0.0,1.8881118881118881,6.923076923076923,13.846153846153847,7.5524475524475525,0.6293706293706294,0.6293706293706294,1.2587412587412588,0.0,2.5174825174825175,0.0,0.0,0.0,23.20212765957447,0.0,54.54545454545454,100.0,6.813475177304965
spain,La Liga,2025,Mauro Arambarri,30.0,M,Uruguay,175.0,71.0,37,37,3255.0,6.0,2.0,0.0,0.0,2,1,6,0.0,0,0.1382488479262673,1.2442396313364057,0.5253456221198156,0.16589861751152074,0.05529953917050691,0.22119815668202764,0.11059907834101382,22.119815668202765,0.6082949308755761,1.880184331797235,0.16589861751152074,0.6082949308755761,2.4884792626728114,12.55299539170507,6.110599078341013,1.7142857142857144,0.8294930875576036,1.023041474654378,1.8525345622119815,1.6589861751152073,0.16589861751152074,0.0,0.0,18.76875,42.22222222222222,48.6784140969163,48.38709677419355,6.7411674347158215
spain,La Liga,2025,Mauro Echegoyen,20.0,M,Spain,,,0,0,0.0,0.0,0.0,0.0,0.0,0,0,0,0.0,0,,,,,,,,,,,,,,,,,,,,,,,,,,,,
spain,La Liga,2025,Mawuli Mensah,18.0,M,Germany,188.0,,0,0,0.0,0.0,0.0,0.0,0.0,0,0,0,0.0,0,,,,,,,,,,,,,,,,,,,,,,,,,,,,
spain,La Liga,2025,Miguel Calatayud,,D,,,,2,0,41.0,0.0,0.0,0.0,0.0,0,0,0,0.0,0,0.0,2.1951219512195124,0.0,0.0,0.0,0.0,0.0,68.04878048780488,0.0,4.390243902439025,2.1951219512195124,0.0,4.390243902439025,10.97560975609756,8.78048780487805,2.1951219512195124,2.1951219512195124,0.0,0.0,4.390243902439025,0.0,0.0,0.0,14.67741935483871,0.0,80.0,100.0,6.446341463414633
spain,La Liga,2025,Miguel Cubo,17.0,F,,,,2,0,48.0,1.0,0.0,0.0,0.0,0,0,0,0.0,0,0.0,5.625,3.75,1.875,0.0,1.875,1.875,5.625,0.0,3.75,0.0,0.0,3.75,24.375,13.125,3.75,1.875,0.0,5.625,1.875,0.0,0.0,0.0,1.0,66.66666666666666,53.84615384615385,50.0,6.98125
spain,La Liga,2025,Miguel Londoño,,M,,,,0,0,0.0,0.0,0.0,0.0,0.0,0,0,0,0.0,0,,,,,,,,,,,,,,,,,,,,,,,,,,,,
spain,La Liga,2025,Miguel Narvaez,23.0,G,Spain,188.0,,0,0,0.0,0.0,0.0,0.0,0.0,0,0,0,0.0,0,,,,,,,,,,,,,,,,,,,,,,,,,,,,
spain,La Liga,2025,Miguel Román,23.0,M,Spain,178.0,70.0,19,14,1310.0,1.0,0.0,0.0,0.0,0,0,3,0.0,0,0.0,0.34351145038167935,0.06870229007633588,0.06870229007633588,0.0,0.06870229007633588,0.06870229007633588,51.38931297709924,1.16793893129771,1.786259541984733,0.48091603053435117,0.8244274809160306,2.6106870229007635,7.282442748091603,3.435114503816794,0.8244274809160306,0.20610687022900764,1.0305343511450382,0.7557251908396947,1.3740458015267174,0.20610687022900764,0.0,0.0,43.413101604278076,20.0,47.16981132075472,25.0,6.988091603053435
spain,La Liga,2025,Miguel Rubio,27.0,D,Spain,191.0,86.0,12,1,226.0,1.0,0.0,0.0,0.0,0,0,0,0.0,0,0.0,0.7964601769911505,0.39823008849557523,0.39823008849557523,0.0,0.39823008849557523,0.39823008849557523,29.070796460176993,0.0,1.592920353982301,1.991150442477876,0.39823008849557523,1.991150442477876,11.548672566371682,7.964601769911504,0.39823008849557523,0.39823008849557523,0.0,0.39823008849557523,0.39823008849557523,0.0,0.0,0.0,14.397260273972602,50.0,68.96551724137932,100.0,6.619642857142857
spain,La Liga,2025,Miguel Sierra,21.0,F,,,,4,0,63.0,0.0,0.0,0.0,0.0,0,0,0,0.0,0,0.0,5.7142857142857135,1.4285714285714284,0.0,0.0,0.0,0.0,34.285714285714285,0.0,5.7142857142857135,0.0,0.0,5.7142857142857135,18.57142857142857,12.857142857142856,2.8571428571428568,2.8571428571428568,0.0,4.285714285714286,1.4285714285714284,0.0,0.0,0.0,5.166666666666667,25.0,69.23076923076923,100.0,6.566666666666666
spain,La Liga,2025,Miguel Sierra,21.0,F,Spain,181.0,,0,0,0.0,0.0,0.0,0.0,0.0,0,0,0,0.0,0,,,,,,,,,,,,,,,,,,,,,,,,,,,,
spain,La Liga,2025,Mihailo Ristić,30.0,D,Serbia,180.0,75.0,5,4,256.0,0.0,0.0,0.0,0.0,0,0,0,0.0,0,0.0,0.0,0.0,0.0,0.0,0.0,0.0,51.328125,0.703125,0.3515625,0.703125,0.703125,1.0546875,6.6796875,3.515625,3.1640625,2.109375,1.0546875,0.703125,0.0,0.0,0.0,0.0,30.123287671232877,,52.63157894736842,66.66666666666666,6.723529411764706
spain,La Liga,2025,Mikel Goti,23.0,M,Spain,185.0,75.0,4,1,81.0,0.0,0.0,0.0,0.0,0,0,0,0.0,0,0.0,1.1111111111111112,0.0,0.0,0.0,0.0,0.0,32.22222222222222,0.0,0.0,1.1111111111111112,0.0,0.0,23.333333333333332,5.555555555555555,3.333333333333333,2.2222222222222223,0.0,0.0,6.666666666666666,0.0,0.0,0.0,7.896551724137931,0.0,23.809523809523807,66.66666666666666,5.834615384615385
spain,La Liga,2025,Mikel Jauregizar,22.0,M,Spain,177.0,74.0,36,34,2843.0,2.0,0.0,0.0,0.0,0,0,6,0.0,1,0.0,0.6331340133661625,0.34822370735138936,0.06331340133661625,0.0,0.06331340133661625,0.06331340133661625,42.54660569820612,0.8863876187126275,2.1526556454449524,0.09497010200492438,1.4562082307421738,3.6088638761871263,10.699964825888145,5.0017587055926835,0.9180443193809356,0.31656700668308124,1.5511783327470983,1.0763278227224762,1.5511783327470983,0.18994020400984876,0.0,0.03165670066830813,36.04613095238095,55.00000000000001,46.74556213017752,34.48275862068966,6.769046781568766
spain,La Liga,2025,Mikel Oyarzabal,28.0,F,Spain,181.0,79.0,34,30,2714.0,15.0,4.0,0.0,0.0,7,0,3,0.0,0,0.4310980103168755,2.056005895357406,1.193809874723655,0.49742078113485627,0.13264554163596168,0.630066322770818,0.26529108327192336,25.766396462785554,1.3927781871775977,0.9616801768607222,0.09948415622697127,0.13264554163596168,1.094325718496684,10.876934414148858,4.808400884303611,2.0228445099484156,1.193809874723655,0.5637435519528372,1.3927781871775977,0.9285187914517317,0.09948415622697127,0.0,0.0,19.427284427284427,58.06451612903226,44.207317073170735,59.01639344262295,7.088872512896095
spain,La Liga,2025,Mikel Santos,21.0,G,Spain,182.0,,0,0,0.0,0.0,0.0,0.0,0.0,0,0,0,0.0,0,,,,,,,,,,,,,,,,,,,,,,,,,,,,
spain,La Liga,2025,Mikel Serrano,22.0,D,Spain,187.0,,0,0,0.0,0.0,0.0,0.0,0.0,0,0,0,0.0,0,,,,,,,,,,,,,,,,,,,,,,,,,,,,
spain,La Liga,2025,Mikel Vesga,32.0,M,Spain,191.0,83.0,23,1,459.0,0.0,0.0,0.0,0.0,0,0,0,0.0,0,0.0,0.5882352941176471,0.0,0.0,0.0,0.0,0.0,55.49019607843137,0.7843137254901962,3.5294117647058822,0.0,1.7647058823529411,5.294117647058823,16.470588235294116,9.019607843137255,1.7647058823529411,1.3725490196078431,2.3529411764705883,1.3725490196078431,1.5686274509803924,0.0,0.0,0.0,13.252669039145907,0.0,54.761904761904766,77.77777777777779,6.5841163310961965
spain,La Liga,2025,Moi Gómez,31.0,F,Spain,176.0,71.0,26,12,1218.0,0.0,2.0,0.0,1.0,0,0,3,0.0,0,0.0,0.4433497536945813,0.14778325123152708,0.0,0.14778325123152708,0.14778325123152708,0.0,64.13793103448276,1.1083743842364533,1.477832512315271,0.07389162561576354,0.8128078817733989,2.29064039408867,8.7192118226601,4.80295566502463,1.6256157635467978,0.8866995073891626,0.8128078817733989,1.5517241379310345,1.477832512315271,0.22167487684729065,0.0,0.0,42.800461361014996,33.33333333333333,55.08474576271186,54.54545454545454,6.998357963875205
spain,La Liga,2025,Mouctar Diakhaby,29.0,D,Guinea,189.0,78.0,8,7,544.0,1.0,0.0,1.0,0.0,0,0,3,0.0,0,0.16544117647058823,0.6617647058823529,0.4963235294117647,0.16544117647058823,0.0,0.16544117647058823,0.16544117647058823,52.94117647058824,0.16544117647058823,1.3235294117647058,0.33088235294117646,1.6544117647058825,2.9779411764705883,7.1139705882352935,4.63235294117647,0.4963235294117647,0.16544117647058823,0.16544117647058823,0.4963235294117647,1.1580882352941175,0.4963235294117647,0.0,0.0,49.525,75.0,65.11627906976744,33.33333333333333,6.848141263940521
spain,La Liga,2025,Mourad El Ghezouani,27.0,F,Spain,189.0,85.0,2,0,50.0,0.0,0.0,0.0,0.0,0,0,0,0.0,0,0.0,0.0,0.0,0.0,0.0,0.0,0.0,27.0,1.8,7.2,0.0,0.0,7.2,16.2,12.600000000000001,0.0,0.0,0.0,1.8,1.8,0.0,0.0,0.0,5.6,,77.77777777777779,,6.65
spain,La Liga,2025,Moussa Diarra,25.0,D,Mali,185.0,73.0,3,3,219.0,0.0,0.0,0.0,0.0,0,0,1,0.0,0,0.0,0.0,0.0,0.0,0.0,0.0,0.0,26.301369863013697,0.410958904109589,2.4657534246575343,0.0,0.410958904109589,2.8767123287671232,11.095890410958903,5.342465753424658,1.2328767123287672,0.410958904109589,1.643835616438356,0.410958904109589,1.643835616438356,0.410958904109589,0.0,0.0,13.75,,48.148148148148145,33.33333333333333,6.505022831050228
spain,La Liga,2025,Mykyta Aleksandrov,21.0,F,,,,0,0,0.0,0.0,0.0,0.0,0.0,0,0,0,0.0,0,,,,,,,,,,,,,,,,,,,,,,,,,,,,
spain,La Liga,2025,Nacho Pérez,17.0,D,Spain,,,3,1,147.0,0.0,0.0,0.0,0.0,0,0,1,0.0,0,0.0,0.0,0.0,0.0,0.0,0.0,0.0,30.0,1.2244897959183674,2.4489795918367347,0.0,1.2244897959183674,3.6734693877551017,6.122448979591837,3.0612244897959187,0.0,0.0,0.6122448979591837,0.6122448979591837,0.6122448979591837,0.6122448979591837,0.0,0.0,24.510204081632654,,50.0,,6.577241379310345
spain,La Liga,2025,Nacho Vidal,30.0,D,Spain,180.0,75.0,29,27,2277.0,0.0,0.0,0.0,0.0,0,0,4,0.0,0,0.039525691699604744,0.43478260869565216,0.11857707509881424,0.0,0.0,0.0,0.0,36.24505928853755,0.2766798418972332,1.7391304347826086,0.2766798418972332,1.225296442687747,2.964426877470356,7.747035573122529,4.150197628458498,1.225296442687747,0.5533596837944664,0.8300395256916996,1.067193675889328,0.9486166007905139,0.15810276679841898,0.0,0.0,31.872410032715376,27.27272727272727,53.57142857142857,45.16129032258064,6.6227492314448835
spain,La Liga,2025,Nahuel Molina,27.0,D,Argentina,179.0,70.0,26,13,1332.0,2.0,2.0,0.0,0.0,0,0,4,0.0,0,0.33783783783783783,0.7432432432432432,0.2702702702702703,0.13513513513513514,0.13513513513513514,0.2702702702702703,0.13513513513513514,47.229729729729726,1.4189189189189189,2.7027027027027026,0.33783783783783783,0.8783783783783784,3.581081081081081,9.18918918918919,4.527027027027027,1.8243243243243243,1.0135135135135134,1.4864864864864864,0.33783783783783783,0.945945945945946,0.2702702702702703,0.0,0.0,33.197424892703864,36.36363636363637,49.26470588235294,55.55555555555556,6.846581517655897
spain,La Liga,2025,Nahuel Tenaglia,29.0,D,Argentina,180.0,73.0,36,36,3239.0,2.0,0.0,1.0,1.0,0,0,3,0.0,0,0.1389317690645261,0.5279407224451991,0.22229083050324175,0.05557270762581044,0.0,0.05557270762581044,0.05557270762581044,37.98394566224143,0.19450447669033652,1.8338993516517443,0.8335906143871565,1.27817227539364,3.1120716270453843,7.752392713800556,4.556962025316456,0.5835134300710095,0.25007718431614695,0.41679530719357827,1.167026860142019,0.8613769682000617,0.08335906143871565,0.0,0.0,36.92977322604243,42.10526315789473,58.78136200716846,42.857142857142854,6.824976844705155
spain,La Liga,2025,Natan,24.0,D,Brazil,188.0,92.0,33,32,2810.0,0.0,0.0,0.0,0.0,0,0,8,0.0,0,0.0,0.22419928825622776,0.03202846975088968,0.0,0.0,0.0,0.0,45.864768683274015,0.22419928825622776,0.9928825622775801,0.7366548042704627,1.1850533807829182,2.1779359430604983,6.725978647686833,3.5231316725978647,0.12811387900355872,0.09608540925266905,0.28825622775800713,0.3523131672597865,0.896797153024911,0.25622775800711745,0.0,0.0,41.84497206703911,14.285714285714285,52.38095238095239,75.0,6.717864768683274
spain,La Liga,2025,Neal Maupay,29.0,F,France,173.0,69.0,12,10,870.0,2.0,1.0,0.0,0.0,0,0,2,0.0,0,0.3103448275862069,1.2413793103448276,0.7241379310344828,0.20689655172413793,0.10344827586206896,0.3103448275862069,0.20689655172413793,20.586206896551726,1.4482758620689655,0.41379310344827586,0.10344827586206896,0.10344827586206896,0.5172413793103449,9.724137931034482,3.413793103448276,1.1379310344827587,0.41379310344827586,0.3103448275862069,1.6551724137931034,1.5517241379310345,0.20689655172413793,0.0,0.0,15.396984924623116,58.333333333333336,35.1063829787234,36.36363636363637,6.670114942528736
spain,La Liga,2025,Nelson Deossa,25.0,M,Colombia,185.0,71.0,20,8,736.0,0.0,0.0,0.0,0.0,0,0,3,0.0,0,0.12228260869565218,1.467391304347826,0.0,0.0,0.0,0.0,0.0,39.130434782608695,0.9782608695652174,1.7119565217391306,0.0,0.6114130434782609,2.323369565217391,18.953804347826086,11.372282608695652,4.4021739130434785,3.423913043478261,0.9782608695652174,2.934782608695652,2.2010869565217392,0.3668478260869565,0.0,0.0,21.4625,0.0,60.0,77.77777777777779,6.941632653061225
spain,La Liga,2025,Nemanja Gudelj,34.0,M,Serbia,187.0,79.0,34,26,2370.0,2.0,0.0,0.0,0.0,0,0,9,0.0,0,0.0,0.9493670886075949,0.34177215189873417,0.0759493670886076,0.0,0.0759493670886076,0.0759493670886076,42.0,0.26582278481012656,1.3291139240506329,0.6835443037974683,0.9493670886075949,2.278481012658228,7.063291139240507,3.569620253164557,0.4177215189873418,0.18987341772151897,0.6455696202531646,0.4177215189873418,1.5189873417721518,0.34177215189873417,0.0,0.0,43.609403254972875,36.0,50.53763440860215,45.45454545454545,6.727552742616034
spain,La Liga,2025,Nico Guillén,17.0,M,,,,0,0,0.0,0.0,0.0,0.0,0.0,0,0,0,0.0,0,,,,,,,,,,,,,,,,,,,,,,,,,,,,
spain,La Liga,2025,Nico Salvador,19.0,D,,,,0,0,0.0,0.0,0.0,0.0,0.0,0,0,0,0.0,0,,,,,,,,,,,,,,,,,,,,,,,,,,,,
spain,La Liga,2025,Nico Serrano,22.0,F,Spain,181.0,72.0,16,4,365.0,1.0,0.0,0.0,0.0,0,0,0,0.0,0,0.0,1.9726027397260275,0.9863013698630138,0.24657534246575344,0.0,0.24657534246575344,0.24657534246575344,30.328767123287673,2.4657534246575343,1.4794520547945205,0.0,0.4931506849315069,1.9726027397260275,15.04109589041096,5.671232876712329,4.684931506849315,1.726027397260274,2.219178082191781,1.9726027397260275,2.4657534246575343,0.0,0.0,0.0,12.833333333333334,50.0,37.704918032786885,36.84210526315789,6.895027624309392
spain,La Liga,2025,Nico Williams,23.0,M,Spain,181.0,67.0,25,20,1687.0,6.0,3.0,1.0,0.0,1,1,2,0.0,0,0.37344398340248963,1.8138707765263784,0.8535862477771191,0.32009484291641965,0.16004742145820983,0.48014226437462953,0.26674570243034973,30.248962655601662,1.8138707765263784,0.8002371072910491,0.0,0.37344398340248963,1.1736810906935389,15.044457617071725,6.348547717842323,7.735625370480142,3.574392412566686,1.013633669235329,1.5471250740960285,1.3870776526378186,0.10669828097213989,0.0,0.0,19.832451499118164,47.05882352941176,42.198581560283685,46.206896551724135,7.08298755186722
spain,La Liga,2025,Nicolas Fonseca,27.0,M,Italy,181.0,76.0,19,12,1019.0,0.0,0.0,0.0,0.0,0,0,6,0.0,0,0.0,0.4416094210009814,0.08832188420019627,0.0,0.0,0.0,0.0,49.9018645731109,0.2649656526005888,3.532875368007851,0.4416094210009814,1.5014720314033365,5.034347399411187,10.86359175662414,5.21099116781158,0.2649656526005888,0.17664376840039253,1.943081452404318,1.0598626104023552,2.384690873405299,0.5299313052011776,0.0,0.0,35.580530973451324,20.0,47.96747967479675,66.66666666666666,6.823748773307163
spain,La Liga,2025,Nicolas Pépé,30.0,F,Côte d'Ivoire,183.0,73.0,36,26,2396.0,8.0,8.0,3.0,0.0,1,0,4,0.0,0,0.5258764607679466,1.6151919866444076,0.9390651085141903,0.3005008347245409,0.3005008347245409,0.6010016694490818,0.2629382303839733,33.0550918196995,2.1410684474123536,1.164440734557596,0.037562604340567615,0.6010016694490818,1.7654424040066778,12.207846410684475,5.634390651085142,4.582637729549249,2.216193656093489,0.8263772954924875,1.6151919866444076,0.8639398998330551,0.15025041736227046,0.0,0.0,25.869318181818183,58.139534883720934,46.15384615384615,48.36065573770492,7.3946577629382295
spain,La Liga,2025,Nicolás González,27.0,M,Argentina,180.0,72.0,24,18,1460.0,5.0,0.0,1.0,0.0,0,0,4,0.0,1,0.12328767123287672,2.280821917808219,1.2328767123287672,0.3082191780821918,0.0,0.3082191780821918,0.3082191780821918,32.917808219178085,0.7397260273972602,1.4794520547945205,0.18493150684931506,0.7397260273972602,2.219178082191781,14.60958904109589,7.582191780821918,2.8972602739726026,1.4794520547945205,0.9863013698630138,1.5410958904109588,1.726027397260274,0.24657534246575344,0.0,0.06164383561643836,22.243445692883896,54.054054054054056,51.89873417721519,51.06382978723404,6.966849315068494
spain,La Liga,2025,Nikola Maraš,30.0,D,Serbia,189.0,79.0,0,0,0.0,0.0,0.0,0.0,0.0,0,0,0,0.0,0,,,,,,,,,,,,,,,,,,,,,,,,,,,,
spain,La Liga,2025,Nil Torreguitart,24.0,G,Spain,,,0,0,0.0,0.0,0.0,0.0,0.0,0,0,0,0.0,0,,,,,,,,,,,,,,,,,,,,,,,,,,,,
spain,La Liga,2025,Nobel Mendy,21.0,D,France,187.0,78.0,24,22,1811.0,2.0,0.0,0.0,1.0,0,0,9,0.0,2,0.04969630038652679,0.4969630038652678,0.14908890115958034,0.09939260077305358,0.0,0.09939260077305358,0.09939260077305358,47.857537272225294,0.14908890115958034,1.4411927112092766,1.1927112092766428,1.0436223081170624,2.484815019326339,7.10657095527333,3.7272225289895085,0.19878520154610715,0.14908890115958034,0.3975704030922143,0.5963556046383214,1.5902816123688572,0.44726670347874103,0.0,0.09939260077305358,39.020768431983385,30.0,52.44755244755245,75.0,6.775317504141358
spain,La Liga,2025,Obed Vargas,20.0,M,USA,175.0,68.0,12,8,739.0,0.0,1.0,0.0,0.0,0,0,2,0.0,0,0.12178619756427606,0.4871447902571042,0.0,0.0,0.12178619756427606,0.12178619756427606,0.0,38.48443843031123,0.4871447902571042,3.1664411366711773,0.7307171853856562,0.8525033829499323,4.018944519621109,8.28146143437077,5.723951285520974,1.8267929634641409,1.2178619756427604,0.8525033829499323,1.0960757780784844,0.4871447902571042,0.2435723951285521,0.0,0.0,27.430379746835442,0.0,69.11764705882352,66.66666666666666,7.0208389715832205
spain,La Liga,2025,Odysseas Vlachodimos,31.0,G,Greece,188.0,78.0,33,33,2970.0,0.0,0.0,0.0,0.0,0,0,2,0.0,0,0.0,0.0,0.0,0.0,0.0,0.0,0.0,29.363636363636363,0.0,0.0,0.0,0.030303030303030304,0.030303030303030304,0.24242424242424243,0.2121212121212121,0.030303030303030304,0.030303030303030304,0.0,0.06060606060606061,0.0,0.06060606060606061,0.0,0.0,19.314757481940145,,87.5,100.0,7.0
spain,La Liga,2025,Oier Luengo,28.0,D,Spain,183.0,82.0,3,3,225.0,0.0,1.0,0.0,0.0,0,0,1,0.0,0,0.0,0.4,0.0,0.0,0.4,0.4,0.0,35.2,0.4,2.4000000000000004,0.8,0.8,3.2,6.4,3.6,0.0,0.0,0.0,0.4,0.8,0.4,0.0,0.0,27.96590909090909,0.0,56.25,,6.38
spain,La Liga,2025,Oihan Sancet,25.0,M,Spain,188.0,73.0,28,22,1803.0,4.0,0.0,1.0,0.0,2,0,4,0.0,1,0.0,1.8469217970049916,0.7487520798668885,0.19966722129783696,0.0,0.19966722129783696,0.09983361064891848,29.750415973377702,1.3477537437603995,1.2479201331114809,0.09983361064891848,0.19966722129783696,1.4475873544093179,9.933444259567388,4.392678868552412,1.497504159733777,0.7986688851913478,0.3993344425956739,1.3976705490848587,1.3976705490848587,0.19966722129783696,0.0,0.04991680532445924,21.360738255033556,40.54054054054054,44.221105527638194,53.333333333333336,6.561231281198003
spain,La Liga,2025,Omar El Hilali,22.0,D,Morocco,183.0,75.0,36,32,2828.0,0.0,2.0,0.0,1.0,0,0,9,0.0,0,0.09547383309759547,0.03182461103253183,0.0,0.0,0.06364922206506365,0.06364922206506365,0.0,39.526166902404526,0.541018387553041,2.323196605374823,0.47736916548797736,1.272984441301273,3.596181046676096,7.574257425742575,4.1690240452616685,0.31824611032531824,0.22277227722772278,0.7637906647807637,0.7637906647807637,1.4002828854314002,0.28642149929278643,0.0,0.0,34.989533011272144,0.0,55.04201680672269,70.0,6.719589816124469
spain,La Liga,2025,Omar Falah,22.0,D,Spain,,,1,0,13.0,0.0,0.0,0.0,0.0,0,0,0,0.0,0,0.0,0.0,0.0,0.0,0.0,0.0,0.0,48.46153846153846,0.0,0.0,0.0,0.0,0.0,6.923076923076923,0.0,6.923076923076923,0.0,0.0,0.0,0.0,0.0,0.0,0.0,6.0,,0.0,0.0,6.6
spain,La Liga,2025,Omar Mascarell,32.0,M,Spain,181.0,76.0,30,26,2245.0,2.0,2.0,0.0,0.0,0,0,5,0.0,0,0.0,0.20044543429844097,0.12026726057906459,0.0801781737193764,0.0801781737193764,0.1603563474387528,0.0801781737193764,43.456570155902,0.3207126948775056,1.9242761692650334,0.6815144766146993,1.3630289532293987,3.2873051224944323,7.897550111358575,3.888641425389755,0.36080178173719374,0.24053452115812918,0.7216035634743875,0.5211581291759465,1.5233853006681515,0.20044543429844097,0.0,0.0,35.71863468634686,60.0,49.23857868020304,66.66666666666666,6.8924721603563475
spain,La Liga,2025,Oriol Rey,27.0,M,Spain,177.0,71.0,20,14,1327.0,0.0,1.0,0.0,0.0,0,0,4,0.0,0,0.0,0.33911077618688773,0.06782215523737754,0.0,0.06782215523737754,0.06782215523737754,0.0,39.065561416729466,0.6782215523737755,1.356443104747551,0.33911077618688773,0.6782215523737755,2.0346646571213265,7.189148455162019,3.3232856066314995,0.1356443104747551,0.06782215523737754,1.1529766390354181,0.9495101733232856,1.5599095704596835,0.2712886209495102,0.0,0.0,35.48090277777778,20.0,46.22641509433962,50.0,6.710474755086661
spain,La Liga,2025,Orri Steinn Óskarsson,21.0,F,Iceland,186.0,76.0,20,8,842.0,9.0,0.0,0.0,0.0,0,0,5,0.0,0,1.496437054631829,2.7790973871733966,2.030878859857482,0.9619952494061756,0.0,0.9619952494061756,0.9619952494061756,13.254156769596198,0.5344418052256532,0.7482185273159145,0.10688836104513065,0.10688836104513065,0.8551068883610452,8.33729216152019,3.527315914489311,0.4275534441805226,0.32066508313539194,0.32066508313539194,0.7482185273159145,1.6033254156769596,0.5344418052256532,0.0,0.0,5.363636363636363,73.07692307692307,42.30769230769231,75.0,7.015119047619048
spain,La Liga,2025,Oso,22.0,D,Spain,183.0,,21,14,1409.0,2.0,3.0,0.0,1.0,0,0,1,0.0,0,0.255500354861604,0.830376153300213,0.511000709723208,0.127750177430802,0.19162526614620298,0.3193754435770049,0.127750177430802,28.168914123491838,1.3413768630234209,1.7246273953158269,0.19162526614620298,0.44712562100780695,2.171753016323634,9.198012775017743,4.790631653655074,1.9801277501774308,1.085876508161817,0.9581263307310149,1.022001419446416,0.7665010645848119,0.063875088715401,0.0,0.0,19.857142857142858,61.53846153846154,52.083333333333336,54.83870967741935,6.823366477272727
spain,La Liga,2025,Ovie Ejaria,28.0,F,England,183.0,75.0,8,2,196.0,0.0,0.0,0.0,0.0,0,0,1,0.0,0,0.4591836734693877,0.9183673469387754,0.4591836734693877,0.0,0.0,0.0,0.0,49.59183673469387,0.4591836734693877,1.8367346938775508,0.0,1.3775510204081631,3.214285714285714,17.448979591836736,8.724489795918368,2.7551020408163263,1.8367346938775508,1.8367346938775508,2.295918367346939,1.3775510204081631,0.4591836734693877,0.0,0.0,12.175925925925926,50.0,50.0,66.66666666666666,6.601530612244899
spain,La Liga,2025,Pablo Agudín,17.0,M,,,,7,0,93.0,0.0,0.0,0.0,1.0,0,0,0,0.0,0,0.0,0.967741935483871,0.0,0.0,0.0,0.0,0.0,19.35483870967742,0.0,0.967741935483871,0.0,0.0,0.967741935483871,14.516129032258064,4.838709677419355,0.967741935483871,0.967741935483871,1.935483870967742,0.967741935483871,3.870967741935484,0.0,0.0,0.0,1.55,0.0,33.33333333333333,100.0,6.253260869565218
spain,La Liga,2025,Pablo Barrios,22.0,M,Spain,183.0,75.0,23,20,1666.0,1.0,1.0,0.0,1.0,0,0,0,0.0,0,0.0,0.7022809123649459,0.3241296518607443,0.054021608643457376,0.054021608643457376,0.10804321728691475,0.054021608643457376,56.83073229291717,1.0804321728691477,1.6206482593037215,0.10804321728691475,1.4585834333733494,3.079231692677071,10.210084033613445,5.6182472989195675,2.917166866746699,1.7827130852340936,0.7022809123649459,1.2424969987995198,0.6482593037214885,0.0,0.0,0.0,46.60266159695818,46.15384615384615,55.026455026455025,61.111111111111114,7.065366146458583
spain,La Liga,2025,Pablo Busto,20.0,D,Spain,180.0,69.0,0,0,0.0,0.0,0.0,0.0,0.0,0,0,0,0.0,0,,,,,,,,,,,,,,,,,,,,,,,,,,,,
spain,La Liga,2025,Pablo Cuñat,23.0,G,Spain,188.0,78.0,2,2,180.0,0.0,0.0,0.0,0.0,0,0,0,0.0,0,0.0,0.0,0.0,0.0,0.0,0.0,0.0,28.5,0.0,0.0,0.0,0.0,0.0,1.0,1.0,0.0,0.0,0.0,0.0,0.0,0.0,0.0,0.0,15.982456140350877,,100.0,,7.75
spain,La Liga,2025,Pablo Durán,24.0,F,Spain,176.0,72.0,30,17,1432.0,2.0,2.0,0.0,0.0,0,0,1,0.0,0,1.1941340782122905,1.5712290502793296,0.9427374301675977,0.12569832402234637,0.12569832402234637,0.25139664804469275,0.12569832402234637,22.751396648044697,0.6284916201117318,1.005586592178771,0.18854748603351956,0.4399441340782123,1.4455307262569832,7.856145251396648,3.016759776536313,1.8854748603351954,0.4399441340782123,0.5656424581005587,0.7541899441340782,0.9427374301675977,0.06284916201117319,0.0,0.0,10.806094182825484,60.0,38.4,23.333333333333332,6.6122206703910615
spain,La Liga,2025,Pablo Felipe,20.0,D,,,,0,0,0.0,0.0,0.0,0.0,0.0,0,0,0,0.0,0,,,,,,,,,,,,,,,,,,,,,,,,,,,,
spain,La Liga,2025,Pablo Fornals,29.0,M,Spain,178.0,67.0,37,34,2865.0,9.0,6.0,0.0,0.0,0,0,2,0.0,0,0.4083769633507854,0.8795811518324608,0.5654450261780105,0.28272251308900526,0.1884816753926702,0.47120418848167545,0.28272251308900526,56.481675392670155,2.701570680628272,1.256544502617801,0.0942408376963351,1.068062827225131,2.324607329842932,8.356020942408376,3.2984293193717273,1.4764397905759163,0.7853403141361257,1.162303664921466,0.8167539267015708,1.0052356020942408,0.06282722513089005,0.0,0.0,46.76307007786429,64.28571428571429,39.473684210526315,53.191489361702125,7.15176265270506
spain,La Liga,2025,Pablo García,19.0,F,Spain,175.0,67.0,15,2,389.0,0.0,0.0,0.0,0.0,0,0,1,0.0,0,0.6940874035989717,2.544987146529563,0.9254498714652956,0.0,0.0,0.0,0.0,22.210796915167094,0.4627249357326478,2.3136246786632393,0.0,0.9254498714652956,3.2390745501285347,13.65038560411311,5.552699228791774,3.9331619537275064,1.1568123393316196,1.3881748071979434,2.082262210796915,1.1568123393316196,0.2313624678663239,0.0,0.0,8.25,36.36363636363637,40.67796610169492,29.411764705882355,6.412919896640827
spain,La Liga,2025,Pablo Gavi,21.0,M,Spain,174.0,69.0,11,7,574.0,0.0,1.0,0.0,1.0,0,0,3,0.0,0,0.0,0.0,0.0,0.0,0.156794425087108,0.156794425087108,0.0,63.81533101045296,1.254355400696864,2.6655052264808363,0.313588850174216,0.47038327526132406,3.1358885017421603,11.916376306620208,6.585365853658536,1.254355400696864,0.156794425087108,1.254355400696864,2.1951219512195124,1.724738675958188,0.47038327526132406,0.0,0.0,42.25061425061425,,55.26315789473685,12.5,6.858188153310105
spain,La Liga,2025,Pablo Ibáñez,27.0,M,Spain,179.0,74.0,37,28,2253.0,1.0,1.0,0.0,0.0,0,0,7,0.0,0,0.11984021304926765,1.2782956058588548,0.5193075898801598,0.03994673768308921,0.03994673768308921,0.07989347536617843,0.03994673768308921,40.306258322237014,0.7589880159786951,2.316910785619174,0.3994673768308922,0.8788282290279628,3.1957390146471374,14.420772303595207,7.230359520639148,2.8362183754993344,1.2383488681757657,1.118508655126498,2.6364846870838883,1.5179760319573903,0.2796271637816245,0.0,0.0,28.75222993062438,40.625,50.13850415512465,43.66197183098591,6.716333777185974
spain,La Liga,2025,Pablo López Gómez,19.0,F,,,,0,0,0.0,0.0,0.0,0.0,0.0,0,0,0,0.0,0,,,,,,,,,,,,,,,,,,,,,,,,,,,,
spain,La Liga,2025,Pablo López Gómez,19.0,F,Spain,175.0,65.0,0,0,0.0,0.0,0.0,0.0,0.0,0,0,0,0.0,0,,,,,,,,,,,,,,,,,,,,,,,,,,,,
spain,La Liga,2025,Pablo Maffeo,28.0,D,Spain,172.0,70.0,31,30,2672.0,1.0,2.0,0.0,0.0,0,0,11,0.0,0,0.0,0.16841317365269462,0.033682634730538924,0.033682634730538924,0.06736526946107785,0.10104790419161676,0.033682634730538924,31.392215568862277,0.6736526946107785,2.2567365269461077,0.7410179640718564,1.1452095808383234,3.4019461077844313,8.656437125748504,5.220808383233533,1.8188622754491017,1.1452095808383234,0.6399700598802395,0.7747005988023953,0.875748502994012,0.3705089820359282,0.0,0.0,25.818669527896997,20.0,60.311284046692606,62.96296296296296,6.89434880239521
spain,La Liga,2025,Pablo Martínez,27.0,M,Spain,182.0,74.0,27,21,1865.0,1.0,5.0,0.0,0.0,0,0,3,0.0,0,0.193029490616622,0.868632707774799,0.193029490616622,0.0482573726541555,0.24128686327077747,0.28954423592493295,0.0482573726541555,33.24932975871314,1.737265415549598,0.868632707774799,0.5790884718498659,0.9168900804289544,1.7855227882037534,6.900804289544236,2.7506702412868633,1.5924932975871315,0.675603217158177,0.6273458445040214,0.5790884718498659,1.4959785522788203,0.14477211796246647,0.0,0.0,24.41654571843251,22.22222222222222,39.86013986013986,42.42424242424242,6.9016621983914215
spain,La Liga,2025,Pablo Marín,22.0,M,Spain,178.0,71.0,34,15,1511.0,0.0,1.0,1.0,0.0,0,0,2,0.0,0,0.29781601588352086,0.4169424222369292,0.23825281270681667,0.0,0.05956320317670417,0.05956320317670417,0.0,22.27663798808736,0.7743216412971543,1.1317008603573793,0.05956320317670417,0.47650562541363334,1.6082064857710126,9.887491727332892,3.9311714096624755,2.382528127068167,1.0125744540039707,0.6551952349437459,1.369953673064196,1.3103904698874917,0.11912640635340833,0.0,0.0,13.273458445040214,57.14285714285714,39.75903614457831,42.5,6.456452680344143
spain,La Liga,2025,Pablo Ramón,24.0,D,Spain,186.0,76.0,0,0,0.0,0.0,0.0,0.0,0.0,0,0,0,0.0,0,,,,,,,,,,,,,,,,,,,,,,,,,,,,
spain,La Liga,2025,Pablo Torre,22.0,M,Spain,173.0,65.0,35,19,1637.0,4.0,4.0,0.0,0.0,0,0,4,0.0,0,0.05497861942577886,1.0445937690897984,0.6597434331093464,0.21991447770311545,0.21991447770311545,0.4398289554062309,0.21991447770311545,44.14783139890043,1.8692730604764816,1.2645082467929138,0.10995723885155773,0.49480757483200977,1.7593158216249236,10.445937690897985,4.508246792913867,1.9242516799022602,0.8796579108124618,0.9896151496640195,1.979230299328039,1.594379963347587,0.21991447770311545,0.0,0.0,26.7920298879203,63.1578947368421,43.15789473684211,45.714285714285715,6.911850946854002
spain,La Liga,2025,Paco Cortés,18.0,F,Spain,,,12,4,476.0,0.0,0.0,0.0,0.0,0,0,2,0.0,0,0.18907563025210083,0.9453781512605043,0.7563025210084033,0.0,0.0,0.0,0.0,19.66386554621849,1.134453781512605,0.7563025210084033,0.18907563025210083,0.37815126050420167,1.134453781512605,10.021008403361344,3.781512605042017,4.34873949579832,1.7016806722689075,0.5672268907563025,1.134453781512605,1.134453781512605,0.37815126050420167,0.0,0.0,12.514563106796116,80.0,37.735849056603776,39.130434782608695,6.696210526315789
spain,La Liga,2025,Paco Sanz,21.0,D,Spain,188.0,85.0,0,0,0.0,0.0,0.0,0.0,0.0,0,0,0,0.0,0,,,,,,,,,,,,,,,,,,,,,,,,,,,,
spain,La Liga,2025,Papa Ba,21.0,F,Senegal,180.0,75.0,0,0,0.0,0.0,0.0,0.0,0.0,0,0,0,0.0,0,,,,,,,,,,,,,,,,,,,,,,,,,,,,
spain,La Liga,2025,Pape Gueye,26.0,M,Senegal,189.0,79.0,30,26,2143.0,5.0,2.0,0.0,1.0,1,0,8,0.0,0,0.08399440037330845,1.5538964069062062,0.5459636024265049,0.2099860009332711,0.08399440037330845,0.29398040130657954,0.1679888007466169,45.314979001399905,1.0499300046663556,1.6798880074661688,0.377974801679888,1.4279048063462436,3.1077928138124125,9.575361642557162,5.585627624825012,1.2179188054129724,0.6299580027998134,0.3359776014932338,2.267848810079328,1.4699020065328978,0.3359776014932338,0.0,0.0,34.74142724745134,35.13513513513514,58.333333333333336,51.724137931034484,7.1727951469902
spain,La Liga,2025,Pathé Ismaël Ciss,31.0,M,Senegal,186.0,71.0,29,20,2003.0,2.0,1.0,0.0,0.0,0,0,9,0.0,2,0.08986520219670495,0.8087868197703445,0.3594608087868198,0.08986520219670495,0.044932601098352475,0.13479780329505742,0.08986520219670495,53.55966050923614,0.5391912131802297,2.381427858212681,0.7189216175736396,1.617573639540689,3.99900149775337,8.627059410883675,4.807788317523714,0.5841238142785821,0.40439340988517225,0.5391912131802297,0.5841238142785821,1.3479780329505742,0.40439340988517225,0.0,0.08986520219670495,47.294463087248324,44.44444444444444,55.729166666666664,69.23076923076923,7.0786819770344485
spain,La Liga,2025,Pau Cabanes,20.0,F,Spain,179.0,72.0,1,0,15.0,0.0,0.0,0.0,0.0,0,0,0,0.0,0,0.0,0.0,0.0,0.0,0.0,0.0,0.0,30.0,0.0,0.0,0.0,0.0,0.0,6.0,0.0,0.0,0.0,0.0,0.0,0.0,0.0,0.0,0.0,4.0,,0.0,,6.5
spain,La Liga,2025,Pau Cubarsí,18.0,D,Spain,183.0,79.0,31,31,2708.0,1.0,0.0,0.0,0.0,0,0,3,0.0,0,0.0,0.2326440177252585,0.06646971935007386,0.03323485967503693,0.0,0.03323485967503693,0.03323485967503693,92.09379615952733,0.16617429837518463,1.3626292466765142,0.39881831610044316,0.9970457902511077,2.3596750369276216,6.480797636632201,3.8884785819793204,0.03323485967503693,0.03323485967503693,0.4320531757754801,0.29911373707533234,0.8308714918759232,0.09970457902511079,0.0,0.0,89.55575604474919,28.57142857142857,60.0,100.0,7.211225997045791
spain,La Liga,2025,Pau López,31.0,G,Spain,189.0,77.0,9,9,810.0,0.0,0.0,0.0,0.0,0,0,1,0.0,0,0.0,0.0,0.0,0.0,0.0,0.0,0.0,27.111111111111114,0.0,0.1111111111111111,0.0,0.0,0.1111111111111111,0.6666666666666667,0.5555555555555556,0.0,0.0,0.1111111111111111,0.2222222222222222,0.0,0.1111111111111111,0.0,0.0,21.459016393442624,,83.33333333333334,,7.122222222222222
spain,La Liga,2025,Pau Navarro,20.0,D,Spain,185.0,72.0,23,23,1924.0,0.0,0.0,0.0,0.0,0,0,4,0.0,0,0.04677754677754678,0.09355509355509356,0.09355509355509356,0.0,0.0,0.0,0.0,45.51455301455301,0.18711018711018712,3.040540540540541,0.7484407484407485,0.841995841995842,3.8825363825363826,9.776507276507276,5.098752598752599,0.5145530145530146,0.3274428274428275,1.496881496881497,0.5145530145530146,1.5904365904365905,0.18711018711018712,0.0,0.0,43.49743062692703,100.0,52.15311004784689,63.63636363636363,6.721153846153846
spain,La Liga,2025,Paulo Gazzaniga,33.0,G,Argentina,195.0,90.0,35,35,3103.0,0.0,0.0,0.0,1.0,0,0,4,0.0,1,0.0,0.0,0.0,0.0,0.0,0.0,0.0,33.00676764421527,0.0,0.02900418949403803,0.0,0.0,0.02900418949403803,0.4350628424105704,0.34805027392845633,0.02900418949403803,0.0,0.02900418949403803,0.14502094747019015,0.02900418949403803,0.11601675797615212,0.0,0.02900418949403803,23.443760984182777,,80.0,0.0,7.091717692555591
spain,La Liga,2025,Pedri,23.0,M,Spain,174.0,68.0,29,23,2107.0,2.0,9.0,0.0,0.0,0,0,2,0.0,1,0.04271476032273375,0.68343616516374,0.4271476032273374,0.0854295206454675,0.3844328429046037,0.4698623635500712,0.0854295206454675,87.77883246321784,2.73374466065496,2.135738016136687,0.0854295206454675,1.02515424774561,3.1608922638822974,9.781680113906027,5.980066445182724,2.349311817750356,1.5804461319411487,1.324157570004746,1.8367346938775508,0.3844328429046037,0.0854295206454675,0.0,0.04271476032273375,75.92262773722628,62.5,61.135371179039296,67.27272727272727,7.604746084480304
spain,La Liga,2025,Pedro Bigas,35.0,D,Spain,181.0,83.0,28,25,2068.0,1.0,3.0,0.0,2.0,0,0,5,0.0,1,0.0,0.3481624758220503,0.13056092843326886,0.043520309477756286,0.13056092843326886,0.17408123791102514,0.043520309477756286,65.4110251450677,0.6528046421663443,1.4796905222437136,0.8268858800773695,1.3056092843326885,2.7852998065764023,7.8771760154738875,4.613152804642167,0.3481624758220503,0.17408123791102514,0.7833655705996132,0.8268858800773695,1.0444874274661509,0.21760154738878146,0.0,0.043520309477756286,60.616766467065865,37.5,58.5635359116022,50.0,6.969729206963249
spain,La Liga,2025,Pedro Díaz,27.0,M,Spain,180.0,75.0,34,21,1881.0,0.0,1.0,0.0,0.0,0,0,3,0.0,0,0.0,1.38755980861244,0.28708133971291866,0.0,0.04784688995215312,0.04784688995215312,0.0,36.74641148325359,1.1004784688995215,1.8181818181818183,0.04784688995215312,0.38277511961722493,2.200956937799043,8.421052631578947,3.7799043062200957,1.4354066985645932,0.7177033492822966,1.38755980861244,0.6220095693779905,0.9569377990430622,0.14354066985645933,0.0,0.0,27.623697916666668,20.689655172413794,44.88636363636363,50.0,6.508665603402445
spain,La Liga,2025,Pelayo Fernández,22.0,D,Spain,190.0,83.0,1,0,45.0,0.0,0.0,0.0,0.0,0,0,0,0.0,0,0.0,2.0,0.0,0.0,0.0,0.0,0.0,70.0,0.0,2.0,0.0,0.0,2.0,16.0,8.0,0.0,0.0,2.0,0.0,2.0,0.0,0.0,0.0,30.0,0.0,50.0,,6.5
spain,La Liga,2025,Pepelu,27.0,M,Spain,185.0,73.0,31,26,2232.0,2.0,0.0,0.0,0.0,1,2,4,0.0,0,0.04032258064516129,0.5645161290322581,0.12096774193548387,0.08064516129032258,0.0,0.08064516129032258,0.04032258064516129,55.68548387096774,0.8467741935483871,2.4193548387096775,0.4032258064516129,0.8064516129032258,3.225806451612903,7.903225806451612,4.516129032258065,0.4032258064516129,0.3225806451612903,0.6854838709677419,0.5645161290322581,1.2096774193548387,0.16129032258064516,0.0,0.0,47.24112961622013,21.428571428571427,57.14285714285714,80.0,7.040475123263111
spain,La Liga,2025,Peque Fernández,23.0,F,Spain,172.0,66.0,26,12,1012.0,2.0,1.0,0.0,0.0,0,0,7,0.0,0,0.08893280632411067,0.9782608695652174,0.533596837944664,0.17786561264822134,0.08893280632411067,0.266798418972332,0.17786561264822134,32.37154150197628,1.33399209486166,1.1561264822134387,0.08893280632411067,0.08893280632411067,1.2450592885375493,15.563241106719367,8.537549407114623,3.9130434782608696,1.6007905138339922,0.8893280632411067,4.268774703557312,1.33399209486166,0.6225296442687747,0.0,0.0,18.931129476584022,54.54545454545454,54.85714285714286,40.909090909090914,6.924752475247525
spain,La Liga,2025,Pere García,23.0,G,Spain,193.0,82.0,0,0,0.0,0.0,0.0,0.0,0.0,0,0,0,0.0,0,,,,,,,,,,,,,,,,,,,,,,,,,,,,
spain,La Liga,2025,Pere Milla,33.0,M,Spain,184.0,72.0,33,24,1989.0,7.0,1.0,0.0,0.0,0,0,6,0.0,1,0.4524886877828055,2.1719457013574663,0.9502262443438915,0.3167420814479638,0.045248868778280535,0.3619909502262443,0.3167420814479638,24.20814479638009,1.5384615384615385,1.6742081447963801,0.13574660633484165,0.8144796380090499,2.48868778280543,10.85972850678733,4.796380090497737,1.0859728506787332,0.497737556561086,1.6742081447963801,1.7194570135746607,1.0859728506787332,0.2714932126696833,0.0,0.045248868778280535,13.79626168224299,43.75,44.166666666666664,45.83333333333333,6.6986928104575165
spain,La Liga,2025,Peter González,23.0,F,Spain,180.0,68.0,0,0,0.0,0.0,0.0,0.0,0.0,0,0,0,0.0,0,,,,,,,,,,,,,,,,,,,,,,,,,,,,
spain,La Liga,2025,Piri,22.0,F,Spain,176.0,71.0,0,0,0.0,0.0,0.0,0.0,0.0,0,0,0,0.0,0,,,,,,,,,,,,,,,,,,,,,,,,,,,,
spain,La Liga,2025,Pol Arnau,21.0,D,Spain,,,0,0,0.0,0.0,0.0,0.0,0.0,0,0,0,0.0,0,,,,,,,,,,,,,,,,,,,,,,,,,,,,
spain,La Liga,2025,Pol Lozano,26.0,M,Spain,177.0,62.0,33,28,2182.0,2.0,1.0,0.0,1.0,0,0,12,0.0,1,0.0,0.37121906507791014,0.20623281393217233,0.08249312557286893,0.04124656278643447,0.12373968835930338,0.08249312557286893,38.97800183318057,0.9486709440879926,1.5673693858845095,0.24747937671860676,0.9074243813015582,2.4747937671860676,8.86801099908341,3.382218148487626,0.4537121906507791,0.12373968835930338,1.2786434463794685,1.2373968835930338,2.639780018331806,0.4949587534372135,0.0,0.04124656278643447,31.84232804232804,55.55555555555556,38.139534883720934,27.27272727272727,6.749450045829514
spain,La Liga,2025,Pol Tristan Jimenez,23.0,G,Spain,188.0,73.0,0,0,0.0,0.0,0.0,0.0,0.0,0,0,0,0.0,0,,,,,,,,,,,,,,,,,,,,,,,,,,,,
spain,La Liga,2025,Portu,33.0,F,Spain,167.0,66.0,10,4,473.0,0.0,0.0,0.0,0.0,0,0,1,0.0,0,0.5708245243128964,1.1416490486257929,0.9513742071881607,0.0,0.0,0.0,0.0,14.841437632135307,0.5708245243128964,0.7610993657505286,0.19027484143763215,0.3805496828752643,1.1416490486257929,7.040169133192389,2.2832980972515857,0.5708245243128964,0.0,0.3805496828752643,0.7610993657505286,1.1416490486257929,0.19027484143763215,0.0,0.0,6.653846153846154,83.33333333333334,32.432432432432435,0.0,6.561310782241015
spain,La Liga,2025,Rafa Fernandez,21.0,G,,,,0,0,0.0,0.0,0.0,0.0,0.0,0,0,0,0.0,0,,,,,,,,,,,,,,,,,,,,,,,,,,,,
spain,La Liga,2025,Rafa Marín,23.0,D,Spain,191.0,83.0,23,21,1980.0,1.0,0.0,0.0,1.0,0,0,1,0.0,0,0.13636363636363635,0.2272727272727273,0.045454545454545456,0.045454545454545456,0.0,0.045454545454545456,0.045454545454545456,49.22727272727273,0.3181818181818182,1.6818181818181817,0.7272727272727273,0.8636363636363635,2.5454545454545454,6.636363636363637,4.0,0.09090909090909091,0.09090909090909091,0.4545454545454546,0.36363636363636365,0.7272727272727273,0.045454545454545456,0.0,0.0,51.7848568790397,20.0,60.273972602739725,100.0,7.025555555555556
spain,La Liga,2025,Rafa Mir,28.0,F,Spain,191.0,86.0,27,21,1815.0,8.0,0.0,0.0,0.0,1,1,4,0.0,0,0.34710743801652894,3.0743801652892566,1.7851239669421488,0.396694214876033,0.0,0.396694214876033,0.34710743801652894,20.677685950413224,0.4462809917355372,0.793388429752066,0.04958677685950413,0.24793388429752067,1.0413223140495866,8.479338842975206,2.7272727272727275,0.9917355371900827,0.24793388429752067,0.396694214876033,0.793388429752066,1.9338842975206612,0.1983471074380165,0.0,0.0,15.990407673860911,58.06451612903226,32.16374269005848,25.0,6.742369146005509
spain,La Liga,2025,Rafael Bauza,20.0,M,Spain,183.0,74.0,0,0,0.0,0.0,0.0,0.0,0.0,0,0,0,0.0,0,,,,,,,,,,,,,,,,,,,,,,,,,,,,
spain,La Liga,2025,Rafael Romero,22.0,G,Spain,192.0,75.0,0,0,0.0,0.0,0.0,0.0,0.0,0,0,0,0.0,0,,,,,,,,,,,,,,,,,,,,,,,,,,,,
spain,La Liga,2025,Ramón Martínez,23.0,D,Spain,185.0,71.0,2,0,100.0,0.0,0.0,0.0,0.0,0,0,0,0.0,0,0.0,0.0,0.0,0.0,0.0,0.0,0.0,57.6,0.0,0.0,0.0,0.9,0.9,5.3999999999999995,1.8,0.0,0.0,0.9,0.9,0.9,0.0,0.0,0.0,49.171875,,33.33333333333333,,6.077999999999999
spain,La Liga,2025,Ramón Terrats,25.0,M,Spain,181.0,71.0,29,12,1062.0,1.0,2.0,0.0,0.0,0,0,0,0.0,0,0.0847457627118644,1.0169491525423728,0.2542372881355932,0.0847457627118644,0.1694915254237288,0.2542372881355932,0.0847457627118644,21.610169491525426,1.3559322033898304,1.9491525423728815,0.423728813559322,0.9322033898305085,2.88135593220339,12.966101694915254,5.338983050847458,2.3728813559322033,0.7627118644067796,0.847457627118644,1.864406779661017,1.271186440677966,0.0,0.0,0.0,10.857142857142858,25.0,41.17647058823529,32.142857142857146,6.613031161473088
spain,La Liga,2025,Randy Nteka,28.0,M,France,189.0,75.0,13,3,381.0,3.0,0.0,0.0,0.0,0,1,3,0.0,0,1.1811023622047243,2.3622047244094486,1.4173228346456692,0.7086614173228346,0.0,0.7086614173228346,0.7086614173228346,21.496062992125985,0.9448818897637795,0.9448818897637795,0.7086614173228346,0.0,0.9448818897637795,17.244094488188978,8.26771653543307,1.6535433070866141,0.9448818897637795,0.7086614173228346,1.6535433070866141,2.5984251968503935,0.7086614173228346,0.0,0.0,11.131868131868131,60.0,47.94520547945205,57.14285714285714,6.747244094488188
spain,La Liga,2025,Raphinha,29.0,F,Brazil,176.0,72.0,22,18,1388.0,13.0,3.0,1.0,0.0,3,0,5,0.0,0,0.25936599423631124,3.177233429394813,1.5561959654178676,0.8429394812680114,0.19452449567723346,1.037463976945245,0.648414985590778,41.433717579250725,2.7881844380403455,0.9726224783861672,0.06484149855907781,0.324207492795389,1.296829971181556,7.067723342939481,3.177233429394813,2.65850144092219,1.361671469740634,0.9077809798270894,0.648414985590778,0.648414985590778,0.324207492795389,0.0,0.0,29.83411580594679,48.97959183673469,44.95412844036697,51.21951219512195,7.706340057636887
spain,La Liga,2025,Rareș Vlad,20.0,G,,,,0,0,0.0,0.0,0.0,0.0,0.0,0,0,0,0.0,0,,,,,,,,,,,,,,,,,,,,,,,,,,,,
spain,La Liga,2025,Rayane Belaid,20.0,F,Spain,172.0,63.0,2,2,134.0,0.0,0.0,0.0,0.0,0,0,0,0.0,0,0.6716417910447761,2.014925373134328,0.0,0.0,0.0,0.0,0.0,20.149253731343283,1.3432835820895521,1.3432835820895521,0.0,0.0,1.3432835820895521,15.44776119402985,4.029850746268656,4.701492537313433,1.3432835820895521,2.6865671641791042,0.6716417910447761,0.6716417910447761,0.0,0.0,0.0,13.5,0.0,26.08695652173913,28.57142857142857,6.1589552238805965
spain,La Liga,2025,Raúl Asencio,22.0,D,Spain,184.0,79.0,23,18,1706.0,2.0,0.0,0.0,0.0,0,0,4,0.0,0,0.0,0.6330597889800704,0.21101992966002342,0.10550996483001171,0.0,0.10550996483001171,0.10550996483001171,62.51465416178194,0.2637749120750293,0.8968347010550997,0.6858147713950762,0.5275498241500586,1.4243845252051581,5.539273153575615,3.270808909730363,0.10550996483001171,0.052754982415005855,0.3692848769050411,1.2133645955451349,0.8968347010550997,0.21101992966002342,0.0,0.0,59.44135021097046,33.33333333333333,59.04761904761905,50.0,6.980890973036342
spain,La Liga,2025,Raúl Chasco,22.0,D,Spain,179.0,68.0,0,0,0.0,0.0,0.0,0.0,0.0,0,0,0,0.0,0,,,,,,,,,,,,,,,,,,,,,,,,,,,,
spain,La Liga,2025,Raúl Fernández,37.0,G,Spain,195.0,92.0,0,0,0.0,0.0,0.0,0.0,0.0,0,0,0,0.0,0,,,,,,,,,,,,,,,,,,,,,,,,,,,,
spain,La Liga,2025,Raúl García de Haro,25.0,F,Spain,192.0,70.0,36,6,1042.0,7.0,1.0,0.0,0.0,0,0,2,0.0,1,0.6046065259117083,2.8502879078694816,1.986564299424184,0.6046065259117083,0.08637236084452975,0.690978886756238,0.6046065259117083,20.21113243761996,1.0364683301343571,1.2955854126679462,0.1727447216890595,0.6046065259117083,1.9001919385796544,14.683301343570058,7.341650671785029,2.677543186180422,1.2955854126679462,0.2591170825335893,1.2955854126679462,1.0364683301343571,0.1727447216890595,0.0,0.08637236084452975,7.807860262008734,69.6969696969697,50.0,48.38709677419355,6.61679462571977
spain,La Liga,2025,Raúl Moro,23.0,F,Spain,169.0,68.0,14,7,629.0,0.0,2.0,0.0,0.0,0,0,0,0.0,0,0.7154213036565977,0.2861685214626391,0.0,0.0,0.2861685214626391,0.2861685214626391,0.0,23.465818759936408,1.573926868044515,0.2861685214626391,0.0,0.14308426073131955,0.4292527821939586,6.5818759936407,3.0047694753577106,3.577106518282989,1.7170111287758345,0.14308426073131955,0.8585055643879173,0.14308426073131955,0.0,0.0,0.0,12.542682926829269,0.0,45.65217391304348,48.0,6.681875993640699
spain,La Liga,2025,Renato Veiga,22.0,D,Portugal,190.0,88.0,32,27,2485.0,0.0,0.0,0.0,1.0,0,0,5,0.0,1,0.10865191146881288,0.21730382293762576,0.10865191146881288,0.0,0.0,0.0,0.0,55.883299798792756,0.10865191146881288,0.6881287726358148,1.0865191146881288,0.869215291750503,1.557344064386318,5.070422535211268,2.6800804828973845,0.1448692152917505,0.0,0.4346076458752515,0.21730382293762576,0.869215291750503,0.18108651911468815,0.0,0.03621730382293763,52.47893713545042,50.0,52.85714285714286,0.0,6.80112676056338
spain,La Liga,2025,Renzo Saravia,32.0,D,Argentina,176.0,75.0,5,4,353.0,0.0,0.0,0.0,1.0,0,0,2,0.0,0,0.0,0.254957507082153,0.0,0.0,0.0,0.0,0.0,37.98866855524079,0.254957507082153,2.039660056657224,0.0,1.7847025495750708,3.824362606232295,11.21813031161473,5.864022662889519,1.274787535410765,0.509915014164306,1.529745042492918,2.54957507082153,1.019830028328612,0.509915014164306,0.0,0.0,28.409395973154364,0.0,52.27272727272727,40.0,6.545325779036827
spain,La Liga,2025,Ricard Artero,22.0,M,Spain,181.0,75.0,0,0,0.0,0.0,0.0,0.0,0.0,0,0,0,0.0,0,,,,,,,,,,,,,,,,,,,,,,,,,,,,
spain,La Liga,2025,Ricardo Rodríguez,33.0,D,Switzerland,182.0,83.0,23,18,1561.0,0.0,1.0,0.0,0.0,0,0,0,0.0,0,0.0,0.11531069827033952,0.0,0.0,0.05765534913516976,0.05765534913516976,0.0,36.6111467008328,0.40358744394618834,1.3837283792440744,0.1729660474055093,0.46124279308135807,1.8449711723254323,5.131326073030109,2.652146060217809,0.11531069827033952,0.05765534913516976,0.6918641896220372,0.2882767456758488,0.6342088404868673,0.0,0.0,0.0,32.70504731861199,0.0,51.68539325842697,50.0,6.659358974358975
spain,La Liga,2025,Robert Lewandowski,37.0,F,Poland,186.0,81.0,31,17,1657.0,14.0,2.0,0.0,0.0,1,2,2,0.0,0,0.9233554616777309,2.6614363307181654,1.5751357875678937,0.7604103802051901,0.10863005431502716,0.8690404345202173,0.7060953530476766,18.249849124924562,0.7604103802051901,0.27157513578756787,0.0,0.16294508147254072,0.43452021726010864,7.495473747736874,3.1502715751357875,0.9776704888352444,0.4888352444176222,0.4888352444176222,1.1406155703077852,0.7060953530476766,0.10863005431502716,0.0,0.0,11.651785714285714,59.183673469387756,42.028985507246375,50.0,6.784308992154497
spain,La Liga,2025,Robert Navarro,23.0,M,Spain,178.0,65.0,32,10,1311.0,6.0,1.0,0.0,0.0,0,0,1,0.0,0,0.2745995423340961,1.2356979405034325,0.6178489702517163,0.41189931350114417,0.06864988558352403,0.4805491990846682,0.41189931350114417,28.558352402745992,1.6475972540045767,1.0983981693363845,0.06864988558352403,0.4805491990846682,1.5789473684210527,12.562929061784896,4.393592677345538,3.7070938215102975,1.5789473684210527,0.2745995423340961,1.0983981693363845,1.2356979405034325,0.06864988558352403,0.0,0.0,13.865384615384615,50.0,34.97267759562842,42.592592592592595,6.670480549199085
spain,La Liga,2025,Roberto Fernández,23.0,F,Spain,186.0,78.0,38,25,2387.0,7.0,3.0,1.0,0.0,1,0,3,0.0,0,0.33933808127356513,1.7343946376204442,0.8671973188102221,0.26392961876832843,0.11311269375785504,0.3770423125261835,0.22622538751571009,13.72434017595308,0.6786761625471303,0.45245077503142017,0.18852115626309174,0.22622538751571009,0.6786761625471303,12.668621700879767,4.56221198156682,0.8671973188102221,0.33933808127356513,0.5278592375366569,1.7343946376204442,1.508169250104734,0.11311269375785504,0.0,0.0,8.203296703296703,50.0,36.01190476190476,39.130434782608695,6.60728948470884
spain,La Liga,2025,Robin Le Normand,29.0,D,Spain,187.0,80.0,28,17,1789.0,1.0,1.0,0.0,0.0,0,0,5,0.0,0,0.05030743432084964,0.20122973728339855,0.05030743432084964,0.05030743432084964,0.05030743432084964,0.10061486864169927,0.05030743432084964,52.67188373392957,0.10061486864169927,1.7607602012297374,0.35215204024594743,1.0061486864169926,2.76690888764673,7.948574622694243,4.980435997764114,0.20122973728339855,0.05030743432084964,0.4024594745667971,0.7043040804918949,1.106763555058692,0.25153717160424816,0.0,0.0,46.32378223495702,25.0,62.65822784810127,25.0,6.923085522638345
spain,La Liga,2025,Rodrigo Marina,19.0,F,,,,0,0,0.0,0.0,0.0,0.0,0.0,0,0,0,0.0,0,,,,,,,,,,,,,,,,,,,,,,,,,,,,
spain,La Liga,2025,Rodrigo Mendoza,20.0,M,Spain,182.0,72.0,24,14,1231.0,1.0,1.0,0.0,0.0,0,0,6,0.0,0,0.1462225832656377,0.7311129163281884,0.2924451665312754,0.07311129163281885,0.07311129163281885,0.1462225832656377,0.07311129163281885,46.937449228269706,1.0966693744922826,1.1697806661251016,0.1462225832656377,0.2924451665312754,1.4622258326563768,11.770917952883835,4.679122664500406,2.5588952071486597,1.3160032493907392,0.5848903330625508,1.6815597075548334,2.1933387489845653,0.4386677497969131,0.0,0.0,31.03271028037383,40.0,39.75155279503105,51.42857142857142,6.652152721364744
spain,La Liga,2025,Rodrigo Riquelme,25.0,M,Spain,173.0,66.0,25,7,838.0,1.0,1.0,0.0,0.0,0,0,2,0.0,0,0.10739856801909309,1.7183770883054894,0.7517899761336515,0.10739856801909309,0.10739856801909309,0.21479713603818618,0.10739856801909309,32.97136038186157,1.503579952267303,1.7183770883054894,0.0,0.5369928400954653,2.2553699284009547,12.56563245823389,4.5107398568019095,4.1885441527446305,1.1813842482100239,1.7183770883054894,1.1813842482100239,0.8591885441527447,0.21479713603818618,0.0,0.0,15.96742671009772,43.75,35.8974358974359,28.205128205128204,6.627565632458233
spain,La Liga,2025,Rodrygo,24.0,F,Brazil,174.0,64.0,19,6,680.0,1.0,3.0,1.0,0.0,0,0,3,0.0,0,0.0,2.514705882352941,1.4558823529411766,0.1323529411764706,0.39705882352941174,0.5294117647058824,0.1323529411764706,42.88235294117647,2.25,1.7205882352941178,0.0,0.39705882352941174,2.1176470588235294,13.5,7.147058823529411,5.029411764705882,2.3823529411764706,0.7941176470588235,3.0441176470588234,0.6617647058823529,0.39705882352941174,0.0,0.0,26.160493827160494,57.89473684210527,52.94117647058824,47.368421052631575,7.331176470588235
spain,La Liga,2025,Roger Brugué,29.0,M,Spain,173.0,68.0,19,10,1007.0,1.0,1.0,0.0,0.0,0,0,1,0.0,1,0.5362462760675273,2.0556107249255215,0.804369414101291,0.08937437934458788,0.08937437934458788,0.17874875868917575,0.08937437934458788,21.807348560079443,0.714995034756703,0.9831181727904666,0.08937437934458788,0.4468718967229394,1.429990069513406,10.367428003972194,3.664349553128103,2.144985104270109,0.804369414101291,0.8937437934458788,0.714995034756703,0.9831181727904666,0.08937437934458788,0.0,0.08937437934458788,17.868852459016395,39.130434782608695,35.3448275862069,37.5,6.405461767626614
spain,La Liga,2025,Roger Hinojo,20.0,D,Spain,180.0,70.0,0,0,0.0,0.0,0.0,0.0,0.0,0,0,0,0.0,0,,,,,,,,,,,,,,,,,,,,,,,,,,,,
spain,La Liga,2025,Ronald Araújo,26.0,D,Uruguay,191.0,96.0,24,11,1072.0,3.0,0.0,0.0,1.0,0,0,2,0.0,0,0.0,0.9235074626865671,0.41977611940298504,0.251865671641791,0.0,0.251865671641791,0.251865671641791,70.1865671641791,0.251865671641791,1.7630597014925373,0.41977611940298504,0.8395522388059701,2.6026119402985075,8.395522388059701,5.289179104477612,0.0,0.0,0.08395522388059701,0.251865671641791,1.4272388059701493,0.16791044776119401,0.0,0.0,48.514354066985646,45.45454545454545,63.0,,7.081028037383177
spain,La Liga,2025,Roony Bardghji,20.0,F,Sweden,173.0,73.0,21,7,661.0,1.0,1.0,0.0,0.0,0,0,0,0.0,0,0.0,2.4508320726172466,1.6338880484114977,0.1361573373676248,0.1361573373676248,0.2723146747352496,0.1361573373676248,45.748865355521936,1.9062027231467473,0.8169440242057489,0.0,0.2723146747352496,1.0892586989409985,10.48411497730711,5.0378214826021175,5.582450832072618,2.995461422087746,0.1361573373676248,1.0892586989409985,0.9531013615733737,0.0,0.0,0.0,21.732142857142858,66.66666666666666,48.05194805194805,53.65853658536586,6.695267175572519
spain,La Liga,2025,Ruben Montero,20.0,G,,,,0,0,0.0,0.0,0.0,0.0,0.0,0,0,0,0.0,0,,,,,,,,,,,,,,,,,,,,,,,,,,,,
spain,La Liga,2025,Ruben Montero,20.0,G,Spain,183.0,,0,0,0.0,0.0,0.0,0.0,0.0,0,0,0,0.0,0,,,,,,,,,,,,,,,,,,,,,,,,,,,,
spain,La Liga,2025,Ruben Vargas,27.0,M,Switzerland,177.0,77.0,24,20,1608.0,3.0,6.0,0.0,0.0,1,0,2,0.0,0,0.3917910447761194,1.3432835820895521,0.44776119402985076,0.16791044776119401,0.33582089552238803,0.503731343283582,0.11194029850746269,31.399253731343283,1.5671641791044777,1.0634328358208955,0.055970149253731345,0.3917910447761194,1.4552238805970148,8.787313432835822,4.309701492537314,2.6865671641791042,1.1753731343283582,0.5597014925373135,0.9514925373134329,0.7276119402985074,0.11194029850746269,0.0,0.0,19.352941176470587,33.33333333333333,49.044585987261144,43.75,6.770957711442787
spain,La Liga,2025,Rubi,,D,,,,0,0,0.0,0.0,0.0,0.0,0.0,0,0,0,0.0,0,,,,,,,,,,,,,,,,,,,,,,,,,,,,
spain,La Liga,2025,Rubén Blanco,30.0,G,Spain,188.0,70.0,0,0,0.0,0.0,0.0,0.0,0.0,0,0,0,0.0,0,,,,,,,,,,,,,,,,,,,,,,,,,,,,
spain,La Liga,2025,Rubén García,32.0,M,Spain,171.0,72.0,35,28,2247.0,2.0,5.0,0.0,0.0,0,0,6,0.0,0,0.04005340453938585,0.8811748998664887,0.40053404539385845,0.0801068090787717,0.20026702269692923,0.2803738317757009,0.0801068090787717,33.16421895861148,1.7623497997329773,2.0026702269692924,0.0801068090787717,0.6809078771695595,2.683578104138852,10.774365821094793,4.686248331108144,1.4819759679572764,0.7209612817089454,1.2817089452603472,1.081441922563418,1.4419225634178907,0.24032042723631508,0.0,0.0,21.31280193236715,45.45454545454545,43.49442379182156,48.64864864864865,6.841291759465479
spain,La Liga,2025,Rubén Gómez,23.0,G,Spain,185.0,73.0,0,0,0.0,0.0,0.0,0.0,0.0,0,0,0,0.0,0,,,,,,,,,,,,,,,,,,,,,,,,,,,,
spain,La Liga,2025,Rubén Iranzo,22.0,D,Spain,182.0,63.0,1,0,12.0,0.0,0.0,0.0,0.0,0,0,0,0.0,0,0.0,0.0,0.0,0.0,0.0,0.0,0.0,15.0,0.0,7.5,0.0,0.0,7.5,22.5,7.5,0.0,0.0,0.0,0.0,7.5,0.0,0.0,0.0,2.0,,33.33333333333333,,6.599999999999999
spain,La Liga,2025,Rubén Sánchez,24.0,D,Spain,185.0,73.0,21,8,830.0,0.0,1.0,0.0,2.0,0,0,2,0.0,0,0.2168674698795181,0.8674698795180724,0.10843373493975905,0.0,0.10843373493975905,0.10843373493975905,0.0,35.13253012048193,0.9759036144578314,1.3012048192771084,0.6506024096385542,1.0843373493975905,2.3855421686746987,11.060240963855422,5.530120481927711,2.8192771084337354,1.6265060240963856,1.1927710843373494,1.3012048192771084,1.1927710843373494,0.2168674698795181,0.0,0.0,23.461300309597522,12.5,50.0,57.692307692307686,6.741927710843374
spain,La Liga,2025,Salomón Rondón,36.0,F,Venezuela,186.0,86.0,16,13,1037.0,2.0,0.0,0.0,0.0,0,1,2,0.0,0,1.0414657666345228,1.7357762777242045,0.4339440694310511,0.17357762777242045,0.0,0.17357762777242045,0.17357762777242045,17.878495660559306,0.4339440694310511,0.2603664416586307,0.08678881388621022,0.08678881388621022,0.3471552555448409,13.886210221793636,6.682738669238187,1.6489874638379944,0.781099324975892,0.17357762777242045,1.8225650916104146,0.9546769527483124,0.17357762777242045,0.0,0.0,12.24757281553398,25.0,48.125,47.368421052631575,6.57907425265188
spain,La Liga,2025,Salvador Esquivel,20.0,G,Spain,190.0,85.0,0,0,0.0,0.0,0.0,0.0,0.0,0,0,0,0.0,0,,,,,,,,,,,,,,,,,,,,,,,,,,,,
spain,La Liga,2025,Samu Becerra,19.0,M,Spain,,,3,0,11.0,0.0,0.0,0.0,0.0,0,0,0,0.0,0,0.0,0.0,0.0,0.0,0.0,0.0,0.0,98.18181818181817,8.181818181818182,0.0,0.0,0.0,0.0,8.181818181818182,0.0,0.0,0.0,0.0,0.0,8.181818181818182,0.0,0.0,0.0,3.6666666666666665,,0.0,,6.6
spain,La Liga,2025,Samú Costa,25.0,M,Portugal,183.0,75.0,34,31,2705.0,7.0,2.0,0.0,0.0,0,0,11,0.0,0,0.199630314232902,1.0314232902033271,0.532347504621072,0.23290203327171904,0.066543438077634,0.29944547134935307,0.23290203327171904,42.18853974121996,0.565619223659889,2.162661737523105,0.4325323475046211,0.8650646950092422,3.0277264325323476,14.00739371534196,7.2199630314232905,1.6303142329020335,0.4658040665434381,1.1977818853974123,2.262476894639556,2.129390018484288,0.36598890942698703,0.0,0.0,33.3801261829653,51.61290322580645,51.543942992874115,28.57142857142857,7.037042513863216
spain,La Liga,2025,Santi Cazorla,41.0,M,Spain,168.0,65.0,28,6,940.0,0.0,1.0,0.0,0.0,0,0,2,0.0,1,0.0,0.5744680851063829,0.09574468085106383,0.0,0.09574468085106383,0.09574468085106383,0.0,51.8936170212766,2.5851063829787235,1.7234042553191489,0.28723404255319146,0.3829787234042553,2.106382978723404,9.095744680851062,5.361702127659575,2.0106382978723407,1.2446808510638296,1.053191489361702,1.819148936170213,0.5744680851063829,0.19148936170212766,0.0,0.09574468085106383,25.911439114391143,16.666666666666664,58.94736842105262,61.904761904761905,6.849520766773162
spain,La Liga,2025,Santi Comesaña,29.0,M,Spain,188.0,75.0,34,28,2413.0,3.0,6.0,0.0,1.0,0,0,5,0.0,1,0.03729796933278077,0.7832573559883962,0.2610857853294654,0.11189390799834231,0.22378781599668462,0.33568172399502694,0.11189390799834231,45.055946953999175,1.0070451719850808,1.7157065893079153,0.5594695399917116,1.1189390799834231,2.8346456692913384,9.622876087857438,4.4757563199336925,0.7832573559883962,0.41027766266058846,0.9324492333195193,1.0443431413178617,1.6038126813095732,0.18648984666390386,0.0,0.03729796933278077,36.11092715231788,33.33333333333333,46.51162790697674,52.38095238095239,6.956734355573974
spain,La Liga,2025,Santiago Colombatto,28.0,M,Argentina,180.0,71.0,32,23,2069.0,0.0,1.0,0.0,0.0,0,0,6,0.0,0,0.04349927501208313,0.47849202513291444,0.08699855002416626,0.0,0.04349927501208313,0.04349927501208313,0.0,44.28226196230063,1.043982600289995,1.8704688255195745,0.26099565007249875,0.6089898501691638,2.4794586756887385,8.04736587723538,4.349927501208313,0.3044949250845819,0.21749637506041564,0.7394876752054133,1.7834702754954086,1.9139681005316578,0.26099565007249875,0.0,0.0,35.25638506876228,18.181818181818183,54.054054054054056,71.42857142857143,6.801595744680851
spain,La Liga,2025,Santiago Mouriño,23.0,D,Uruguay,186.0,76.0,28,27,2384.0,1.0,2.0,0.0,0.0,0,0,11,0.0,1,0.037751677852348994,0.415268456375839,0.11325503355704697,0.037751677852348994,0.07550335570469799,0.11325503355704697,0.037751677852348994,46.69882550335571,0.33976510067114096,3.8884228187919465,0.33976510067114096,1.1325503355704698,5.020973154362417,12.835570469798657,7.210570469798658,0.9060402684563758,0.5285234899328859,2.1140939597315436,1.3590604026845639,2.0385906040268456,0.415268456375839,0.0,0.037751677852348994,42.90299110751819,27.27272727272727,56.1764705882353,58.333333333333336,7.006879194630873
spain,La Liga,2025,Sebastián Boselli,22.0,D,Uruguay,183.0,80.0,11,4,406.0,0.0,0.0,0.0,0.0,0,0,4,0.0,0,0.0,0.6650246305418719,0.22167487684729065,0.0,0.0,0.0,0.0,18.620689655172413,0.22167487684729065,3.768472906403941,0.22167487684729065,0.22167487684729065,3.9901477832512318,11.305418719211824,5.763546798029557,0.4433497536945813,0.4433497536945813,2.8817733990147785,0.0,1.3300492610837438,0.8866995073891626,0.0,0.0,8.120481927710843,33.33333333333333,50.98039215686274,100.0,6.781728395061728
spain,La Liga,2025,Selton Sanchez,18.0,M,,,,7,2,199.0,0.0,1.0,0.0,0.0,0,0,0,0.0,0,0.45226130653266333,1.8090452261306533,0.45226130653266333,0.0,0.45226130653266333,0.45226130653266333,0.0,28.492462311557787,1.8090452261306533,1.3567839195979898,0.0,0.45226130653266333,1.8090452261306533,12.663316582914574,4.522613065326634,2.7135678391959797,0.45226130653266333,1.3567839195979898,2.261306532663317,2.261306532663317,0.0,0.0,0.0,9.095238095238095,25.0,35.714285714285715,16.666666666666664,6.503517587939699
spain,La Liga,2025,Sergi Altimira,24.0,M,Spain,188.0,80.0,24,13,1198.0,1.0,2.0,0.0,0.0,0,0,3,0.0,0,0.0,0.3756260434056761,0.22537562604340566,0.07512520868113523,0.15025041736227046,0.22537562604340566,0.07512520868113523,57.69616026711185,0.8263772954924875,3.8313856427378967,0.3005008347245409,1.5776293823038396,5.409015025041737,10.818030050083474,6.986644407345575,0.5258764607679466,0.3005008347245409,1.3522537562604342,1.652754590984975,1.0517529215358932,0.22537562604340566,0.0,0.0,43.118489583333336,60.0,64.58333333333334,57.14285714285714,7.091736227045075
spain,La Liga,2025,Sergi Cardona,26.0,D,Spain,185.0,77.0,31,20,1969.0,1.0,4.0,0.0,0.0,0,0,4,0.0,0,0.0457084814626714,0.7313357034027425,0.22854240731335704,0.0457084814626714,0.1828339258506856,0.22854240731335704,0.0457084814626714,33.77856780091417,0.9598781107160995,2.148298628745556,0.41137633316404265,1.6455053326561706,3.7938039614017267,8.410360589131539,4.2051802945657695,0.6399187404773997,0.1828339258506856,1.2798374809547994,1.0512950736414424,1.2798374809547994,0.1828339258506856,0.0,0.0,27.29634641407307,31.25,50.0,28.57142857142857,6.808989334687658
spain,La Liga,2025,Sergi Darder,32.0,M,Spain,180.0,71.0,38,30,2688.0,1.0,5.0,0.0,0.0,0,0,3,0.0,0,0.06696428571428571,0.9375,0.43526785714285715,0.033482142857142856,0.16741071428571427,0.20089285714285712,0.033482142857142856,38.80580357142857,1.9754464285714284,0.9375,0.234375,0.8370535714285714,1.7745535714285714,6.194196428571429,3.314732142857143,2.0089285714285716,1.1383928571428572,0.46875,0.9709821428571428,0.703125,0.10044642857142856,0.0,0.0,31.995685936151855,46.42857142857143,53.51351351351351,56.666666666666664,6.98046875
spain,La Liga,2025,Sergio Camello,24.0,F,Spain,177.0,69.0,22,8,830.0,5.0,1.0,0.0,0.0,0,0,3,0.0,1,0.2168674698795181,2.3855421686746987,1.5180722891566265,0.5421686746987953,0.10843373493975905,0.6506024096385542,0.5421686746987953,23.746987951807228,1.8433734939759037,1.3012048192771084,0.0,0.3253012048192771,1.6265060240963856,11.277108433734941,4.771084337349397,3.36144578313253,1.6265060240963856,0.5421686746987953,1.5180722891566265,0.8674698795180724,0.3253012048192771,0.0,0.10843373493975905,13.730593607305936,63.63636363636363,42.30769230769231,48.38709677419355,6.989987937273824
spain,La Liga,2025,Sergio Carreira,25.0,M,Spain,170.0,70.0,34,29,2693.0,2.0,1.0,0.0,1.0,0,0,2,0.0,0,0.0668399554400297,0.36761975492016336,0.23393984404010398,0.0668399554400297,0.03341997772001485,0.10025993316004456,0.0668399554400297,50.49758633494244,0.6349795766802823,1.0694392870404752,0.10025993316004456,0.8020794652803565,1.8715187523208319,6.750835499443,3.475677682881545,1.804678796880802,0.8689194207203863,0.43445971036019315,1.2031191979205347,0.6683995544002971,0.0668399554400297,0.0,0.0,44.034414295168766,63.63636363636363,51.48514851485149,48.148148148148145,6.835475482912332
spain,La Liga,2025,Sergio Esteban,17.0,F,,,,0,0,0.0,0.0,0.0,0.0,0.0,0,0,0,0.0,0,,,,,,,,,,,,,,,,,,,,,,,,,,,,
spain,La Liga,2025,Sergio Gómez,25.0,D,Spain,173.0,71.0,35,30,2705.0,0.0,6.0,0.0,0.0,0,0,5,0.0,1,0.133086876155268,0.266173752310536,0.0,0.0,0.199630314232902,0.199630314232902,0.0,50.240295748613676,1.497227356746765,2.9279112754158962,0.199630314232902,1.097966728280961,4.0258780036968576,8.284658040665434,4.55822550831793,0.8317929759704252,0.4325323475046211,1.3308687615526802,0.49907578558225507,1.497227356746765,0.16635859519408502,0.0,0.033271719038817,44.657615894039736,0.0,55.020080321285135,52.0,6.874528650646949
spain,La Liga,2025,Sergio Herrera,32.0,G,Spain,192.0,82.0,37,37,3285.0,0.0,0.0,0.0,1.0,0,0,3,0.0,1,0.0,0.0,0.0,0.0,0.0,0.0,0.0,28.54794520547945,0.0,0.0,0.0,0.0,0.0,0.4383561643835617,0.35616438356164387,0.0,0.0,0.027397260273972605,0.136986301369863,0.0821917808219178,0.0821917808219178,0.0,0.027397260273972605,20.820537428023034,,81.25,,7.00958904109589
spain,La Liga,2025,Sergio Lozano,26.0,M,Spain,175.0,70.0,1,0,11.0,0.0,0.0,0.0,0.0,0,0,0,0.0,0,0.0,0.0,0.0,0.0,0.0,0.0,0.0,57.27272727272727,0.0,16.363636363636363,0.0,0.0,16.363636363636363,40.90909090909091,16.363636363636363,16.363636363636363,0.0,0.0,0.0,0.0,0.0,0.0,0.0,7.0,,40.0,0.0,6.5
spain,La Liga,2025,Sergio Mestre,20.0,G,Spain,193.0,80.0,0,0,0.0,0.0,0.0,0.0,0.0,0,0,0,0.0,0,,,,,,,,,,,,,,,,,,,,,,,,,,,,
spain,La Liga,2025,Sheraldo Becker,30.0,F,Suriname,180.0,77.0,9,0,171.0,0.0,0.0,0.0,0.0,0,0,0,0.0,0,0.5263157894736842,0.5263157894736842,0.0,0.0,0.0,0.0,0.0,23.684210526315788,1.0526315789473684,1.0526315789473684,0.0,1.5789473684210527,2.631578947368421,8.421052631578947,1.5789473684210527,1.0526315789473684,0.0,0.0,0.5263157894736842,2.1052631578947367,0.0,0.0,0.0,5.146341463414634,0.0,18.75,0.0,6.6
spain,La Liga,2025,Sofyan Amrabat,29.0,M,Morocco,183.0,82.0,17,14,1296.0,0.0,0.0,0.0,0.0,0,0,4,0.0,0,0.0,0.3472222222222222,0.06944444444444445,0.0,0.0,0.0,0.0,62.29166666666667,0.4861111111111111,1.736111111111111,0.2777777777777778,0.7638888888888888,2.5,7.083333333333334,3.75,0.5555555555555556,0.41666666666666663,1.0416666666666665,1.3194444444444444,1.5277777777777777,0.2777777777777778,0.0,0.0,55.365663322185064,20.0,52.94117647058824,75.0,7.024305555555555
spain,La Liga,2025,Stanis Idumbo Muzambo,20.0,M,Belgium,170.0,60.0,1,1,45.0,0.0,0.0,0.0,0.0,0,0,0,0.0,0,0.0,0.0,0.0,0.0,0.0,0.0,0.0,22.0,2.0,2.0,0.0,0.0,2.0,8.0,2.0,2.0,0.0,2.0,0.0,0.0,0.0,0.0,0.0,7.0,,25.0,0.0,6.5
spain,La Liga,2025,Stole Dimitrievski,32.0,G,North Macedonia,188.0,84.0,20,20,1800.0,0.0,0.0,0.0,0.0,0,0,1,0.0,0,0.0,0.0,0.0,0.0,0.0,0.0,0.0,32.75,0.0,0.05,0.0,0.05,0.1,0.6000000000000001,0.55,0.0,0.0,0.05,0.2,0.0,0.05,0.0,0.0,20.642748091603053,,91.66666666666666,,7.09
spain,La Liga,2025,Tai Abed Kassus,21.0,F,Israel,176.0,63.0,7,0,110.0,0.0,0.0,0.0,0.0,0,0,0,0.0,0,0.0,1.6363636363636362,0.8181818181818181,0.0,0.0,0.0,0.0,16.363636363636363,0.8181818181818181,0.8181818181818181,0.0,0.8181818181818181,1.6363636363636362,11.454545454545453,4.090909090909091,3.2727272727272725,1.6363636363636362,0.8181818181818181,1.6363636363636362,1.6363636363636362,0.0,0.0,0.0,4.15,50.0,35.714285714285715,50.0,6.320183486238532
spain,La Liga,2025,Tajon Buchanan,26.0,M,Canada,183.0,68.0,34,21,1835.0,7.0,1.0,0.0,0.0,0,0,8,0.0,0,0.3923705722070845,1.0299727520435968,0.5395095367847411,0.34332425068119893,0.04904632152588556,0.3923705722070845,0.34332425068119893,22.7574931880109,0.784741144414169,1.4223433242506813,0.09809264305177112,1.0299727520435968,2.4523160762942777,10.103542234332426,4.3651226158038146,3.2370572207084467,1.0299727520435968,0.784741144414169,1.7656675749318802,0.8828337874659401,0.3923705722070845,0.0,0.0,15.049891540130151,52.38095238095239,43.203883495145625,31.818181818181817,6.91558583106267
spain,La Liga,2025,Takefusa Kubo,24.0,M,Japan,173.0,64.0,24,17,1508.0,2.0,4.0,0.0,0.0,0,0,2,0.0,0,0.7161803713527851,1.0742705570291777,0.7161803713527851,0.11936339522546419,0.23872679045092837,0.35809018567639256,0.11936339522546419,29.184350132625994,1.969496021220159,1.7904509283819627,0.0,0.6564986737400531,2.446949602122016,12.592838196286472,7.340848806366048,4.237400530503979,2.1485411140583555,0.8952254641909814,2.984084880636605,0.5371352785145889,0.11936339522546419,0.0,0.0,20.42331288343558,66.66666666666666,58.29383886255924,50.70422535211267,7.14263925729443
spain,La Liga,2025,Takuma Asano,31.0,F,Japan,173.0,71.0,20,8,681.0,1.0,0.0,0.0,0.0,0,0,2,0.0,0,1.0572687224669604,1.9823788546255507,0.2643171806167401,0.13215859030837004,0.0,0.13215859030837004,0.13215859030837004,15.726872246696034,0.39647577092511016,1.8502202643171806,0.0,0.13215859030837004,1.9823788546255507,11.365638766519824,4.493392070484582,1.4537444933920705,0.2643171806167401,0.39647577092511016,1.3215859030837005,1.1894273127753305,0.2643171806167401,0.0,0.0,7.8,13.333333333333334,39.53488372093023,18.181818181818183,6.549339207048459
spain,La Liga,2025,Tanguy Nianzou,23.0,D,France,187.0,83.0,12,8,648.0,0.0,0.0,0.0,1.0,0,0,5,0.0,1,0.0,0.8333333333333333,0.0,0.0,0.0,0.0,0.0,44.30555555555556,0.2777777777777778,1.9444444444444444,0.1388888888888889,0.5555555555555556,2.5,10.416666666666666,6.25,0.6944444444444444,0.2777777777777778,0.2777777777777778,0.8333333333333333,2.083333333333333,0.6944444444444444,0.0,0.1388888888888889,32.93730407523511,0.0,60.0,40.0,6.574228395061729
spain,La Liga,2025,Tani Oluwaseyi,25.0,F,Nigeria,191.0,80.0,27,9,922.0,2.0,2.0,0.0,0.0,0,0,1,0.0,0,0.9761388286334056,1.2689804772234272,0.6832971800433839,0.19522776572668113,0.19522776572668113,0.39045553145336226,0.19522776572668113,10.932754880694143,0.5856832971800434,0.6832971800433839,0.2928416485900217,0.09761388286334056,0.7809110629067245,12.494577006507592,4.490238611713666,2.1475054229934925,0.8785249457700651,0.5856832971800434,0.7809110629067245,1.0737527114967462,0.09761388286334056,0.0,0.0,4.388888888888889,53.84615384615385,35.9375,40.909090909090914,6.452608695652174
spain,La Liga,2025,Taufik Seidu,17.0,M,,,,1,0,22.0,0.0,0.0,0.0,0.0,0,0,1,0.0,0,0.0,0.0,0.0,0.0,0.0,0.0,0.0,16.363636363636363,0.0,0.0,0.0,0.0,0.0,8.181818181818182,0.0,0.0,0.0,0.0,0.0,8.181818181818182,4.090909090909091,0.0,0.0,2.0,,0.0,,6.2
spain,La Liga,2025,Tete Morente,29.0,M,Spain,180.0,76.0,13,11,933.0,1.0,1.0,0.0,0.0,0,0,1,0.0,0,0.19292604501607716,0.48231511254019294,0.09646302250803858,0.09646302250803858,0.09646302250803858,0.19292604501607716,0.09646302250803858,29.90353697749196,1.157556270096463,2.122186495176849,0.48231511254019294,0.9646302250803859,3.0868167202572345,11.961414790996784,5.112540192926045,2.8938906752411575,0.8681672025723474,0.6752411575562701,0.9646302250803859,1.9292604501607717,0.09646302250803858,0.0,0.0,20.79032258064516,20.0,42.74193548387097,30.0,6.703751339764202
spain,La Liga,2025,Theo Folgado,20.0,G,Spain,,,0,0,0.0,0.0,0.0,0.0,0.0,0,0,0,0.0,0,,,,,,,,,,,,,,,,,,,,,,,,,,,,
spain,La Liga,2025,Thiago Almada,24.0,M,Argentina,171.0,63.0,27,16,1312.0,3.0,1.0,0.0,1.0,0,0,2,0.0,1,0.13719512195121952,1.1661585365853657,0.6859756097560975,0.20579268292682926,0.06859756097560976,0.27439024390243905,0.20579268292682926,47.19512195121951,1.9207317073170733,1.9893292682926829,0.13719512195121952,0.6173780487804879,2.606707317073171,10.564024390243901,4.870426829268292,2.606707317073171,1.440548780487805,1.5091463414634148,1.0975609756097562,0.8917682926829268,0.13719512195121952,0.0,0.06859756097560976,30.02761627906977,58.82352941176471,46.103896103896105,55.26315789473685,6.82484756097561
spain,La Liga,2025,Thiago Borbas,23.0,F,Uruguay,181.0,69.0,12,0,191.0,0.0,0.0,0.0,0.0,0,0,1,0.0,0,1.8848167539267018,1.8848167539267018,0.9424083769633509,0.0,0.0,0.0,0.0,18.848167539267017,0.0,1.8848167539267018,0.0,0.0,1.8848167539267018,20.26178010471204,7.539267015706807,0.0,0.0,0.47120418848167545,1.413612565445026,3.2984293193717273,0.47120418848167545,0.0,0.0,2.769230769230769,50.0,37.2093023255814,,6.408421052631579
spain,La Liga,2025,Thiago Fernández,21.0,F,Argentina,175.0,68.0,16,9,822.0,0.0,4.0,0.0,0.0,0,0,4,0.0,0,0.21897810218978103,1.094890510948905,0.5474452554744526,0.0,0.43795620437956206,0.43795620437956206,0.0,27.700729927007302,1.094890510948905,1.4233576642335768,0.0,0.5474452554744526,1.9708029197080292,14.014598540145986,5.145985401459854,5.474452554744525,2.2992700729927007,0.9854014598540146,1.2043795620437956,0.7664233576642335,0.43795620437956206,0.0,0.0,17.624505928853754,50.0,36.71875,42.0,6.654379562043795
spain,La Liga,2025,Thiago Pitarch,18.0,M,Spain,,,10,8,596.0,0.0,2.0,0.0,0.0,0,0,2,0.0,0,0.4530201342281879,0.6040268456375839,0.30201342281879195,0.0,0.30201342281879195,0.30201342281879195,0.0,61.45973154362416,0.9060402684563758,1.8120805369127515,0.0,1.0570469798657718,2.8691275167785237,12.38255033557047,4.228187919463087,1.9630872483221475,1.0570469798657718,3.322147651006712,1.0570469798657718,1.8120805369127515,0.30201342281879195,0.0,0.0,48.08845208845209,50.0,34.146341463414636,53.84615384615385,6.450671140939598
spain,La Liga,2025,Thibaut Courtois,33.0,G,Belgium,200.0,96.0,32,32,2880.0,0.0,0.0,0.0,1.0,0,0,1,0.0,0,0.0,0.0,0.0,0.0,0.0,0.0,0.0,31.562499999999996,0.0,0.03125,0.0,0.0,0.03125,0.40624999999999994,0.25,0.0,0.0,0.09375,0.0625,0.03125,0.03125,0.0,0.0,28.596039603960396,,61.53846153846154,,6.928125
spain,La Liga,2025,Thierry Correia,26.0,D,Portugal,176.0,69.0,24,17,1394.0,0.0,2.0,0.0,1.0,0,0,5,0.0,0,0.2582496413199426,0.1291248206599713,0.06456241032998565,0.0,0.1291248206599713,0.1291248206599713,0.0,41.8364418938307,0.8393113342898134,2.0014347202295553,0.0,1.0975609756097562,3.098995695839311,9.81348637015782,5.035868005738881,1.0329985652797704,0.5164992826398852,0.3873744619799139,1.6140602582496413,1.8077474892395982,0.32281205164992827,0.0,0.0,32.93518518518518,50.0,51.31578947368421,50.0,6.560688665710186
spain,La Liga,2025,Thomas Lemar,30.0,M,France,171.0,63.0,27,14,1273.0,3.0,1.0,0.0,0.0,0,0,4,0.0,0,0.0,0.7776904948939513,0.565593087195601,0.21209740769835037,0.07069913589945012,0.2827965435978005,0.21209740769835037,46.520031421838176,1.4139827179890023,1.908876669285153,0.14139827179890024,0.3534956794972506,2.262372348782404,10.816967792615868,4.878240377062058,2.4037706205813043,1.4139827179890023,1.131186174391202,1.4139827179890023,1.3432835820895521,0.2827965435978005,0.0,0.0,26.522796352583587,72.72727272727273,45.09803921568628,58.82352941176471,6.721995286724273
spain,La Liga,2025,Thomas Partey,32.0,M,Ghana,185.0,77.0,25,8,930.0,0.0,0.0,0.0,1.0,0,0,1,0.0,0,0.0,0.7741935483870968,0.1935483870967742,0.0,0.0,0.0,0.0,52.93548387096774,0.7741935483870968,1.7419354838709677,0.3870967741935484,1.3548387096774195,3.096774193548387,8.612903225806452,4.451612903225806,0.967741935483871,0.7741935483870968,0.8709677419354839,0.5806451612903226,1.064516129032258,0.0967741935483871,0.0,0.0,28.716636197440586,25.0,51.68539325842697,80.0,6.654094827586207
spain,La Liga,2025,Tomy Carbonell,20.0,M,Spain,,,0,0,0.0,0.0,0.0,0.0,0.0,0,0,0,0.0,0,,,,,,,,,,,,,,,,,,,,,,,,,,,,
spain,La Liga,2025,Tomás Marqués,19.0,M,Spain,,,2,0,12.0,0.0,0.0,0.0,0.0,0,0,0,0.0,0,0.0,0.0,0.0,0.0,0.0,0.0,0.0,90.0,0.0,0.0,0.0,0.0,0.0,22.5,0.0,7.5,0.0,0.0,0.0,7.5,0.0,0.0,0.0,5.0,,0.0,0.0,6.3
spain,La Liga,2025,Toni Fernández,17.0,F,Spain,174.0,73.0,1,1,45.0,0.0,0.0,0.0,0.0,0,0,0,0.0,0,0.0,0.0,0.0,0.0,0.0,0.0,0.0,18.0,2.0,0.0,0.0,0.0,0.0,0.0,0.0,0.0,0.0,0.0,0.0,0.0,0.0,0.0,0.0,7.0,,,,6.5
spain,La Liga,2025,Toni Lato,28.0,D,Spain,171.0,64.0,12,7,599.0,0.0,1.0,0.0,0.0,0,0,3,0.0,0,0.0,0.0,0.0,0.0,0.15025041736227046,0.15025041736227046,0.0,33.0550918196995,0.6010016694490818,1.5025041736227045,0.4507512520868113,0.9015025041736227,2.4040066777963274,8.564273789649414,3.7562604340567614,1.3522537562604342,1.0517529215358932,0.9015025041736227,0.4507512520868113,1.0517529215358932,0.4507512520868113,0.0,0.0,24.41552511415525,,43.859649122807014,77.77777777777779,6.522742474916388
spain,La Liga,2025,Toni Martínez,28.0,F,Spain,187.0,83.0,37,32,2725.0,14.0,3.0,2.0,0.0,1,0,2,0.0,0,0.42935779816513764,2.510091743119266,1.1889908256880735,0.4623853211009174,0.09908256880733946,0.5614678899082568,0.42935779816513764,22.029357798165137,0.7926605504587156,0.9247706422018348,0.06605504587155964,0.13211009174311927,1.0568807339449542,16.711926605504587,8.521100917431193,1.2880733944954128,0.5614678899082568,0.2311926605504587,1.2220183486238532,1.5192660550458714,0.06605504587155964,0.0,0.0,12.134932533733133,47.368421052631575,50.988142292490124,43.58974358974359,7.035596330275229
spain,La Liga,2025,Trent Alexander-Arnold,27.0,D,England,175.0,67.0,21,14,1169.0,0.0,4.0,0.0,0.0,0,0,4,0.0,0,0.0,0.6159110350727117,0.15397775876817793,0.0,0.30795551753635586,0.30795551753635586,0.0,63.207869974337044,2.23267750213858,1.0778443113772456,0.2309666381522669,1.0778443113772456,2.155688622754491,4.850299401197605,2.23267750213858,0.9238665526090676,0.3849443969204448,0.7698887938408896,0.3849443969204448,0.7698887938408896,0.30795551753635586,0.0,0.0,49.58830694275274,25.0,46.03174603174603,41.66666666666667,6.890394511149228
spain,La Liga,2025,Tyrhys Dolan,24.0,M,England,170.0,,36,28,2431.0,2.0,5.0,2.0,0.0,0,0,7,0.0,1,0.1851090086384204,0.8144796380090499,0.444261620732209,0.07404360345536816,0.1851090086384204,0.2591526120937886,0.07404360345536816,20.547099958864667,1.1846976552858905,2.1102426984779923,0.07404360345536816,0.6293706293706294,2.739613327848622,11.365693130399013,5.479226655697244,3.146853146853147,1.2957630604689427,0.8144796380090499,1.7030028794734677,1.369806663924311,0.2591526120937886,0.0,0.03702180172768408,15.324324324324325,54.54545454545454,48.20846905537459,41.17647058823529,6.800123406005758
spain,La Liga,2025,Ugo Raghouber,22.0,M,France,180.0,62.0,16,8,721.0,0.0,0.0,0.0,0.0,0,0,1,0.0,0,0.12482662968099861,0.24965325936199723,0.0,0.0,0.0,0.0,0.0,41.94174757281554,0.49930651872399445,2.7461858529819696,0.0,1.8723994452149793,4.618585298196948,13.106796116504853,8.238557558945908,1.4979195561719834,1.1234396671289875,1.3730929264909848,1.7475728155339805,1.2482662968099862,0.12482662968099861,0.0,0.0,27.267857142857142,0.0,62.857142857142854,75.0,6.96005547850208
spain,La Liga,2025,Umar Sadiq,28.0,F,Nigeria,192.0,85.0,25,10,1061.0,4.0,2.0,3.0,0.0,0,0,4,0.0,0,1.2723845428840717,1.950989632422243,0.8482563619227144,0.3393025447690858,0.1696512723845429,0.5089538171536286,0.3393025447690858,15.183788878416587,0.8482563619227144,0.6786050895381716,0.1696512723845429,0.08482563619227144,0.7634307257304429,17.47408105560792,5.85296889726673,2.9688972667295004,1.2723845428840717,0.3393025447690858,1.7813383600377004,2.7144203581526862,0.3393025447690858,0.0,0.0,6.944134078212291,43.47826086956522,33.49514563106796,42.857142857142854,6.708765315739868
spain,La Liga,2025,Unai Eguíluz,23.0,D,Spain,186.0,78.0,0,0,0.0,0.0,0.0,0.0,0.0,0,0,0,0.0,0,,,,,,,,,,,,,,,,,,,,,,,,,,,,
spain,La Liga,2025,Unai Elgezabal,32.0,D,Spain,185.0,74.0,12,11,958.0,1.0,0.0,0.0,1.0,0,0,2,0.0,0,0.0,0.2818371607515658,0.0939457202505219,0.0939457202505219,0.0,0.0939457202505219,0.0939457202505219,38.42379958246347,0.1878914405010438,0.7515657620041752,1.5031315240083505,0.2818371607515658,1.033402922755741,7.045929018789144,4.227557411273486,0.0,0.0,0.6576200417536534,0.5636743215031316,1.033402922755741,0.1878914405010438,0.0,0.0,39.64303178484108,33.33333333333333,60.0,,6.582254697286013
spain,La Liga,2025,Unai Gómez,22.0,M,Spain,183.0,75.0,26,12,949.0,1.0,1.0,0.0,0.0,0,0,1,0.0,0,0.3793466807165437,1.7070600632244468,0.6638566912539515,0.09483667017913593,0.09483667017913593,0.18967334035827185,0.09483667017913593,21.053740779768177,0.7586933614330874,1.327713382507903,0.09483667017913593,0.09483667017913593,1.4225500526870392,10.432033719704952,3.9831401475237094,1.4225500526870392,0.5690200210748156,0.6638566912539515,0.5690200210748156,1.1380400421496313,0.09483667017913593,0.0,0.0,9.927927927927929,38.88888888888889,38.18181818181819,40.0,6.489029535864979
spain,La Liga,2025,Unai López,30.0,M,Spain,170.0,68.0,28,19,1623.0,0.0,4.0,0.0,0.0,0,0,8,0.0,1,0.05545286506469501,0.55452865064695,0.22181146025878004,0.0,0.22181146025878004,0.22181146025878004,0.0,59.001848428835494,1.9963031423290203,1.7190388170055453,0.16635859519408502,1.2199630314232903,2.939001848428836,8.539741219963032,3.826247689463955,1.2199630314232903,0.7208872458410351,0.9426987060998152,0.7763401109057301,2.051756007393715,0.4436229205175601,0.0,0.05545286506469501,43.76221804511278,40.0,44.8051948051948,59.09090909090909,6.877743526510481
spain,La Liga,2025,Unai Marrero,24.0,G,Spain,189.0,82.0,1,1,90.0,0.0,0.0,0.0,0.0,0,0,1,0.0,0,0.0,0.0,0.0,0.0,0.0,0.0,0.0,38.0,0.0,0.0,0.0,0.0,0.0,0.0,0.0,0.0,0.0,0.0,0.0,0.0,1.0,0.0,0.0,21.0,,,,7.6
spain,La Liga,2025,Unai Núñez,28.0,D,Spain,186.0,80.0,13,10,921.0,0.0,0.0,0.0,0.0,0,0,3,0.0,0,0.0,0.6840390879478827,0.09771986970684039,0.0,0.0,0.0,0.0,42.80130293159609,0.19543973941368079,2.3452768729641695,0.48859934853420195,1.0749185667752443,3.420195439739414,7.719869706840391,4.299674267100977,0.19543973941368079,0.0,0.5863192182410424,0.6840390879478827,1.1726384364820848,0.2931596091205212,0.0,0.0,37.34018264840183,14.285714285714285,55.69620253164557,0.0,6.728121606948969
spain,La Liga,2025,Unai Simón,28.0,G,Spain,190.0,88.0,37,37,3330.0,0.0,0.0,0.0,0.0,0,0,1,0.0,0,0.0,0.0,0.0,0.0,0.0,0.0,0.0,30.378378378378375,0.027027027027027025,0.027027027027027025,0.0,0.0,0.027027027027027025,0.45945945945945943,0.45945945945945943,0.0,0.0,0.0,0.2162162162162162,0.0,0.027027027027027025,0.0,0.0,18.249110320284696,,100.0,,6.878378378378378
spain,La Liga,2025,Unai Vencedor,25.0,M,Spain,176.0,71.0,16,11,818.0,0.0,0.0,0.0,0.0,0,0,3,0.0,1,0.0,0.0,0.0,0.0,0.0,0.0,0.0,45.770171149144254,1.3202933985330074,2.4205378973105134,0.5501222493887531,0.6601466992665037,3.080684596577017,11.992665036674817,5.28117359413203,0.7701711491442542,0.4400977995110024,1.9804400977995111,0.8801955990220048,2.640586797066015,0.33007334963325186,0.0,0.1100244498777506,29.153846153846153,,44.03669724770643,57.14285714285714,6.804034229828852
spain,La Liga,2025,Urko González,24.0,M,Spain,189.0,83.0,36,28,2629.0,0.0,1.0,0.0,0.0,0,0,7,0.0,0,0.034233548877900345,0.4108025865348041,0.034233548877900345,0.0,0.034233548877900345,0.034233548877900345,0.0,33.68581209585394,0.37656903765690375,1.8486116394066185,0.37656903765690375,1.095473564092811,2.944085203499429,9.482693039178395,4.553062000760746,0.7873716241917079,0.5135032331685051,1.4720426017497146,1.4378090528718144,1.4378090528718144,0.23963484214530237,0.0,0.0,28.583333333333332,8.333333333333332,48.014440433213,65.21739130434783,6.666945606694561
spain,La Liga,2025,Urko Izeta,26.0,F,Spain,175.0,70.0,13,1,189.0,1.0,0.0,0.0,0.0,0,0,2,0.0,0,0.0,4.285714285714286,2.380952380952381,0.47619047619047616,0.0,0.47619047619047616,0.47619047619047616,28.57142857142857,0.9523809523809523,0.9523809523809523,0.0,0.0,0.9523809523809523,12.38095238095238,3.333333333333333,1.4285714285714284,0.47619047619047616,1.9047619047619047,0.47619047619047616,2.380952380952381,0.9523809523809523,0.0,0.0,5.175438596491228,55.55555555555556,26.923076923076923,33.33333333333333,6.422994652406417
spain,La Liga,2025,Valentin Rosier,29.0,D,France,175.0,71.0,31,30,2554.0,1.0,1.0,0.0,0.0,0,0,6,0.0,1,0.10571652310101802,0.4228660924040721,0.10571652310101802,0.03523884103367267,0.03523884103367267,0.07047768206734534,0.03523884103367267,37.03602192638998,0.5638214565387627,1.726703210649961,0.10571652310101802,1.5505090054815975,3.277212216131558,7.92873923257635,4.08770555990603,1.5857478465152701,0.9866875489428347,0.6695379796397807,0.7047768206734535,1.1981205951448708,0.21143304620203604,0.0,0.03523884103367267,31.434823977164605,25.0,51.55555555555556,62.22222222222222,6.722670321064997
spain,La Liga,2025,Valentín Gómez,22.0,D,Argentina,180.0,76.0,28,19,1881.0,1.0,0.0,0.0,2.0,0,0,5,0.0,0,0.04784688995215312,0.5263157894736842,0.23923444976076555,0.04784688995215312,0.0,0.04784688995215312,0.04784688995215312,45.88516746411483,0.4784688995215311,2.15311004784689,0.6220095693779905,1.1483253588516746,3.3014354066985647,9.330143540669857,5.263157894736842,0.6698564593301435,0.6220095693779905,1.0526315789473684,0.5263157894736842,1.244019138755981,0.23923444976076555,0.0,0.0,41.88842544316997,45.45454545454545,56.41025641025641,92.85714285714286,6.702606382978723
spain,La Liga,2025,Vedat Muriqi,31.0,F,Kosovo,194.0,92.0,37,36,3134.0,23.0,1.0,1.0,0.0,5,2,4,0.0,1,0.43075941289087427,2.6707083599234207,1.4358647096362476,0.6604977664326739,0.028717294192724955,0.6892150606253988,0.5169112954690491,20.274409700063813,0.6892150606253988,0.22973835354179964,0.14358647096362476,0.08615188257817485,0.31589023611997447,12.63560944479898,6.547543075941289,0.7753669432035737,0.4594767070835993,0.20102105934907466,1.8379068283343971,1.206126356094448,0.11486917677089982,0.0,0.028717294192724955,13.412181303116148,53.76344086021505,51.81818181818182,59.25925925925925,7.156062539885132
spain,La Liga,2025,Veljko Birmančević,27.0,M,Serbia,179.0,67.0,6,1,144.0,0.0,0.0,0.0,0.0,0,0,0,0.0,0,1.875,0.625,0.625,0.0,0.0,0.0,0.0,23.124999999999996,1.25,0.0,0.625,1.25,1.25,15.0,3.75,2.5,1.25,1.875,1.875,1.875,0.0,0.0,0.0,4.4324324324324325,100.0,25.0,50.0,6.513194444444444
spain,La Liga,2025,Vicent Abril,20.0,G,Spain,187.0,78.0,0,0,0.0,0.0,0.0,0.0,0.0,0,0,0,0.0,0,,,,,,,,,,,,,,,,,,,,,,,,,,,,
spain,La Liga,2025,Victor Muñoz,22.0,M,Spain,173.0,70.0,34,31,2668.0,6.0,2.0,1.0,0.0,0,0,3,0.0,0,0.1686656671664168,1.8890554722638682,1.0457271364317842,0.20239880059970014,0.06746626686656672,0.2698650674662669,0.20239880059970014,21.015742128935532,0.9107946026986506,0.7421289355322339,0.0,0.30359820089955025,1.0457271364317842,13.628185907046475,5.633433283358321,6.004497751124437,2.529985007496252,0.6071964017991005,1.8215892053973013,1.0794602698650675,0.10119940029985007,0.0,0.0,18.767255216693417,55.35714285714286,41.336633663366335,42.13483146067416,6.905659670164917
spain,La Liga,2025,Victor Parada,23.0,D,Spain,185.0,76.0,30,25,2165.0,0.0,3.0,0.0,1.0,0,0,9,0.0,1,0.16628175519630484,0.4157043879907621,0.08314087759815242,0.0,0.12471131639722864,0.12471131639722864,0.0,31.759815242494227,0.581986143187067,1.371824480369515,0.4572748267898384,0.4157043879907621,1.7875288683602772,7.35796766743649,3.658198614318707,0.5404157043879908,0.3325635103926097,0.49884526558891457,0.6235565819861432,1.2055427251732103,0.37413394919168597,0.0,0.04157043879907621,28.546526867627787,20.0,49.717514124293785,61.53846153846154,6.4828096118299445
spain,La Liga,2025,Viktor Tsygankov,28.0,M,Ukraine,178.0,73.0,32,31,2641.0,6.0,5.0,0.0,0.0,0,0,3,0.0,0,0.17039000378644453,1.3290420295342673,0.715638015903067,0.20446800454373346,0.17039000378644453,0.3748580083301779,0.20446800454373346,34.18023475956077,1.9083680424081788,1.0564180234759561,0.1363120030291556,0.6815600151457781,1.7379780386217343,8.553578190079515,4.191594093146536,1.8402120408936007,0.8860280196895115,0.5452480121166224,1.1927300265051117,0.7497160166603558,0.10223400227186673,0.0,0.0,28.320039880358923,53.84615384615385,49.00398406374502,48.148148148148145,6.871677394926164
spain,La Liga,2025,Ville Koski,23.0,D,Finland,,,5,3,281.0,0.0,0.0,0.0,0.0,0,0,0,0.0,0,0.0,0.32028469750889677,0.32028469750889677,0.0,0.0,0.0,0.0,20.498220640569393,0.32028469750889677,1.9217081850533808,0.9608540925266904,1.281138790035587,3.2028469750889683,6.405693950177937,4.1637010676156585,0.0,0.0,0.0,0.0,0.6405693950177935,0.0,0.0,0.0,21.6984126984127,100.0,65.0,,7.110714285714286
spain,La Liga,2025,Vinícius Júnior,25.0,F,Brazil,176.0,73.0,36,32,2825.0,16.0,5.0,4.0,0.0,4,1,8,0.0,0,0.4141592920353982,2.3893805309734515,1.4654867256637167,0.5097345132743363,0.1592920353982301,0.6690265486725664,0.38230088495575226,35.968141592920354,2.230088495575221,0.9238938053097345,0.0,0.06371681415929203,0.9876106194690265,12.838938053097346,6.276106194690266,6.212389380530974,2.7716814159292036,0.4141592920353982,2.5805309734513275,1.2106194690265486,0.25486725663716814,0.0,0.0,32.24180690876882,61.33333333333333,48.883374689826304,44.61538461538462,7.558938053097346
spain,La Liga,2025,Vitor Reis,19.0,D,Brazil,186.0,67.0,36,35,3138.0,1.0,1.0,0.0,0.0,0,0,8,0.0,1,0.028680688336520075,0.43021032504780116,0.1147227533460803,0.028680688336520075,0.028680688336520075,0.05736137667304015,0.028680688336520075,55.18164435946463,0.25812619502868067,1.4053537284894837,1.147227533460803,0.9751434034416825,2.3804971319311665,8.460803059273422,4.818355640535374,0.31548757170172087,0.2294455066921606,0.31548757170172087,0.6883365200764818,1.147227533460803,0.2294455066921606,0.0,0.028680688336520075,52.556133056133056,26.666666666666668,56.949152542372886,72.72727272727273,6.9181007010834925
spain,La Liga,2025,Vladyslav Krapyvtsov,20.0,G,Ukraine,188.0,70.0,2,1,136.0,0.0,0.0,0.0,0.0,0,0,0,0.0,0,0.0,0.0,0.0,0.0,0.0,0.0,0.0,25.808823529411764,0.0,0.0,0.0,0.0,0.0,0.6617647058823529,0.6617647058823529,0.0,0.0,0.0,0.6617647058823529,0.0,0.0,0.0,0.0,11.871794871794872,,100.0,,7.102941176470588
spain,La Liga,2025,Vladyslav Vanat,24.0,F,Ukraine,182.0,69.0,27,27,1960.0,9.0,1.0,1.0,0.0,3,0,4,0.0,0,0.9183673469387754,1.010204081632653,0.826530612244898,0.413265306122449,0.04591836734693878,0.4591836734693877,0.2755102040816326,12.489795918367347,0.5510204081632653,0.22959183673469385,0.04591836734693878,0.1377551020408163,0.3673469387755102,6.198979591836734,2.204081632653061,0.8724489795918368,0.413265306122449,0.1836734693877551,0.7806122448979592,1.2857142857142856,0.1836734693877551,0.0,0.0,9.492647058823529,81.81818181818183,35.55555555555556,47.368421052631575,6.654489795918367
spain,La Liga,2025,Víctor Chust,25.0,D,Spain,182.0,77.0,31,22,2165.0,1.0,0.0,0.0,0.0,0,0,9,0.0,1,0.04157043879907621,0.37413394919168597,0.12471131639722864,0.04157043879907621,0.0,0.04157043879907621,0.04157043879907621,63.14549653579677,0.20785219399538105,2.618937644341801,0.7482678983833719,0.8314087759815242,3.4503464203233256,8.729792147806005,4.572748267898383,0.49884526558891457,0.3325635103926097,0.9145496535796768,0.4157043879907621,1.579676674364896,0.37413394919168597,0.0,0.04157043879907621,55.32784726793943,33.33333333333333,52.38095238095239,66.66666666666666,6.939399538106235
spain,La Liga,2025,Víctor García,28.0,D,Spain,180.0,79.0,21,12,1056.0,2.0,1.0,0.0,0.0,0,0,1,0.0,0,0.2556818181818182,1.2784090909090908,0.6818181818181819,0.17045454545454547,0.08522727272727273,0.2556818181818182,0.17045454545454547,24.97159090909091,1.1931818181818181,1.960227272727273,0.34090909090909094,0.7670454545454545,2.7272727272727275,10.142045454545455,5.113636363636363,2.5568181818181817,1.1079545454545454,0.5965909090909091,0.9375,1.1079545454545454,0.08522727272727273,0.0,0.0,14.290102389078498,53.333333333333336,50.42016806722689,43.333333333333336,6.8017045454545455
spain,La Liga,2025,Víctor Valdepeñas,19.0,D,Spain,188.0,75.0,1,1,78.0,0.0,0.0,0.0,0.0,0,0,0,0.0,0,0.0,0.0,0.0,0.0,0.0,0.0,0.0,39.23076923076923,1.1538461538461537,5.769230769230768,0.0,0.0,5.769230769230768,13.846153846153847,8.076923076923077,1.1538461538461537,1.1538461538461537,1.1538461538461537,1.1538461538461537,3.4615384615384617,0.0,0.0,0.0,32.0,,58.333333333333336,100.0,6.6
spain,La Liga,2025,Wesley,20.0,F,Brazil,181.0,82.0,5,1,91.0,0.0,0.0,0.0,0.0,0,0,0,0.0,0,0.0,0.0,0.0,0.0,0.0,0.0,0.0,29.67032967032967,0.0,0.0,0.0,0.0,0.0,15.824175824175825,5.934065934065934,4.945054945054945,2.967032967032967,0.0,0.989010989010989,2.967032967032967,0.0,0.0,0.0,4.966666666666667,,37.5,60.0,6.2846153846153845
spain,La Liga,2025,Williot Swedberg,21.0,M,Sweden,187.0,78.0,29,13,1268.0,5.0,5.0,0.0,0.0,0,0,2,0.0,0,0.42586750788643535,1.2066246056782335,0.8517350157728707,0.35488958990536273,0.35488958990536273,0.7097791798107255,0.35488958990536273,20.86750788643533,0.7097791798107255,1.9873817034700316,0.14195583596214512,0.28391167192429023,2.271293375394322,11.995268138801261,5.252365930599369,1.9164037854889588,0.7097791798107255,1.2066246056782335,2.413249211356467,2.1293375394321767,0.14195583596214512,0.0,0.0,10.474048442906575,70.58823529411765,43.786982248520715,37.03703703703704,6.827760252365931
spain,La Liga,2025,Willy Kambwala,21.0,D,France,192.0,85.0,2,1,86.0,0.0,0.0,0.0,0.0,0,0,0,0.0,0,0.0,0.0,0.0,0.0,0.0,0.0,0.0,45.0,0.0,0.0,1.0465116279069768,0.0,0.0,2.0930232558139537,1.0465116279069768,0.0,0.0,0.0,0.0,0.0,0.0,0.0,0.0,25.906976744186046,,50.0,,6.273255813953488
spain,La Liga,2025,Wojciech Szczęsny,35.0,G,Poland,195.0,96.0,8,8,720.0,0.0,0.0,0.0,0.0,0,0,0,0.0,0,0.0,0.0,0.0,0.0,0.0,0.0,0.0,29.375,0.0,0.0,0.0,0.0,0.0,0.125,0.125,0.0,0.0,0.0,0.0,0.0,0.0,0.0,0.0,25.73191489361702,,100.0,,6.9875
spain,La Liga,2025,Xanet Olaiz,,D,,,,0,0,0.0,0.0,0.0,0.0,0.0,0,0,0,0.0,0,,,,,,,,,,,,,,,,,,,,,,,,,,,,
spain,La Liga,2025,Xavi Espart,18.0,D,,,,4,1,164.0,0.0,0.0,0.0,0.0,0,0,0,0.0,0,0.0,0.5487804878048781,0.0,0.0,0.0,0.0,0.0,71.34146341463415,0.0,2.74390243902439,0.0,2.74390243902439,5.48780487804878,13.170731707317072,8.78048780487805,1.646341463414634,1.646341463414634,1.0975609756097562,2.1951219512195124,0.0,0.0,0.0,0.0,39.73076923076923,0.0,66.66666666666666,100.0,6.471779141104295
spain,La Liga,2025,Yago Santiago,22.0,F,Spain,180.0,73.0,9,3,289.0,0.0,0.0,0.0,0.0,0,0,1,0.0,0,0.31141868512110726,0.0,0.0,0.0,0.0,0.0,0.0,32.38754325259516,0.6228373702422145,0.6228373702422145,0.0,0.31141868512110726,0.9342560553633218,9.342560553633218,3.114186851211073,3.114186851211073,1.245674740484429,0.9342560553633218,0.6228373702422145,0.9342560553633218,0.31141868512110726,0.0,0.0,16.615384615384617,,33.33333333333333,40.0,6.2861591695501735
spain,La Liga,2025,Yangel Herrera,27.0,M,Venezuela,184.0,78.0,14,8,642.0,0.0,0.0,1.0,0.0,0,0,2,0.0,0,0.2803738317757009,0.5607476635514018,0.14018691588785046,0.0,0.0,0.0,0.0,39.25233644859813,0.2803738317757009,1.6822429906542056,0.7009345794392523,0.2803738317757009,1.9626168224299065,15.841121495327101,8.831775700934578,1.2616822429906542,0.7009345794392523,1.1214953271028036,2.9439252336448596,1.9626168224299065,0.2803738317757009,0.0,0.0,23.82857142857143,25.0,55.75221238938053,55.55555555555556,6.722798742138364
spain,La Liga,2025,Yassin Tallal,20.0,F,Morocco,,,0,0,0.0,0.0,0.0,0.0,0.0,0,0,0,0.0,0,,,,,,,,,,,,,,,,,,,,,,,,,,,,
spain,La Liga,2025,Yeray Álvarez,30.0,D,Spain,182.0,78.0,7,6,514.0,0.0,0.0,0.0,1.0,0,0,0,0.0,0,0.0,0.17509727626459143,0.0,0.0,0.0,0.0,0.0,49.902723735408564,0.5252918287937743,0.17509727626459143,0.35019455252918286,2.2762645914396886,2.4513618677042803,4.902723735408561,2.2762645914396886,0.17509727626459143,0.0,0.0,0.8754863813229572,0.5252918287937743,0.0,0.0,0.0,43.36842105263158,0.0,46.42857142857143,0.0,6.6898832684824905
spain,La Liga,2025,Yoel Lago,21.0,D,Spain,185.0,70.0,12,11,947.0,0.0,0.0,0.0,2.0,0,0,4,0.0,0,0.09503695881731784,0.09503695881731784,0.0,0.0,0.0,0.0,0.0,51.31995776135164,0.1900739176346357,1.8057022175290391,0.9503695881731785,0.6652587117212249,2.4709609292502637,7.222808870116157,4.276663146779303,0.1900739176346357,0.1900739176346357,0.3801478352692714,1.3305174234424497,1.6156282998944034,0.3801478352692714,0.0,0.0,50.861111111111114,0.0,59.210526315789465,100.0,6.825554382259768
spain,La Liga,2025,Youssef Enriquez Lekhedim,20.0,D,Morocco,175.0,68.0,25,13,1347.0,0.0,1.0,0.0,0.0,0,0,7,0.0,0,0.0,0.46770601336302897,0.20044543429844097,0.0,0.06681514476614699,0.06681514476614699,0.0,35.74610244988864,1.135857461024499,1.135857461024499,0.06681514476614699,0.6681514476614699,1.804008908685969,7.817371937639198,3.608017817371938,1.5367483296213809,0.5345211581291759,0.734966592427617,0.8685968819599108,1.6035634743875278,0.46770601336302897,0.0,0.0,26.176029962546817,42.857142857142854,46.15384615384615,34.78260869565217,6.6136059479553895
spain,La Liga,2025,Yuri Berchiche,35.0,D,Spain,181.0,79.0,32,31,2709.0,0.0,6.0,0.0,2.0,0,0,5,0.0,0,0.09966777408637874,0.6312292358803987,0.16611295681063123,0.0,0.19933554817275748,0.19933554817275748,0.0,49.00332225913621,0.9966777408637875,1.4285714285714284,0.09966777408637874,1.1627906976744184,2.5913621262458473,7.906976744186046,4.78405315614618,0.6976744186046512,0.33222591362126247,0.4318936877076412,1.1295681063122924,0.8637873754152824,0.16611295681063123,0.0,0.0,45.21084745762712,26.31578947368421,60.50420168067227,47.61904761904761,7.057918050941307
spain,La Liga,2025,Yvan Neyou,28.0,D,Cameroon,180.0,63.0,5,0,73.0,0.0,0.0,0.0,0.0,0,0,2,0.0,0,0.0,0.0,0.0,0.0,0.0,0.0,0.0,22.191780821917806,0.0,0.0,0.0,0.0,0.0,12.32876712328767,2.4657534246575343,1.2328767123287672,0.0,1.2328767123287672,2.4657534246575343,4.931506849315069,2.4657534246575343,0.0,0.0,4.294117647058823,,20.0,0.0,6.373239436619718
spain,La Liga,2025,Yáser Asprilla,22.0,M,Colombia,185.0,75.0,15,6,605.0,0.0,0.0,1.0,0.0,0,0,0,0.0,0,0.743801652892562,1.487603305785124,0.743801652892562,0.0,0.0,0.0,0.0,22.462809917355372,1.7851239669421488,1.1900826446280992,0.1487603305785124,0.743801652892562,1.9338842975206612,10.115702479338843,4.6115702479338845,3.2727272727272725,1.9338842975206612,0.2975206611570248,1.1900826446280992,1.6363636363636362,0.0,0.0,0.0,14.43046357615894,50.0,45.588235294117645,59.09090909090909,6.838181818181819
spain,La Liga,2025,Yéremy Pino,23.0,M,Spain,172.0,65.0,2,2,160.0,0.0,1.0,0.0,0.0,0,0,0,0.0,0,0.0,1.125,0.5625,0.0,0.5625,0.5625,0.0,49.50000000000001,3.9374999999999996,1.125,0.5625,1.125,2.25,5.625,1.125,1.6875,0.0,1.125,0.0,1.125,0.0,0.0,0.0,40.15909090909091,50.0,20.0,0.0,7.2
spain,La Liga,2025,Zaid Romero,26.0,D,Argentina,193.0,85.0,15,15,1350.0,1.0,0.0,0.0,1.0,0,0,5,0.0,1,0.0,0.4666666666666667,0.13333333333333333,0.06666666666666667,0.0,0.06666666666666667,0.06666666666666667,28.4,0.06666666666666667,2.1333333333333333,0.2,1.8666666666666667,4.0,9.4,5.8,1.5333333333333334,1.0666666666666667,0.33333333333333337,0.8,0.7333333333333333,0.33333333333333337,0.0,0.06666666666666667,21.215962441314552,28.57142857142857,61.702127659574465,69.56521739130434,7.006666666666667
spain,La Liga,2025,Zito Luvumbo,23.0,F,Angola,171.0,65.0,10,6,519.0,0.0,2.0,0.0,0.0,0,0,2,0.0,0,1.0404624277456647,1.5606936416184969,1.2138728323699421,0.0,0.3468208092485549,0.3468208092485549,0.0,10.057803468208093,1.5606936416184969,0.17341040462427745,0.0,0.0,0.17341040462427745,13.526011560693643,5.5491329479768785,3.9884393063583814,1.5606936416184969,0.5202312138728323,3.6416184971098264,2.254335260115607,0.3468208092485549,0.0,0.0,5.896551724137931,77.77777777777779,41.02564102564102,39.130434782608695,6.813872832369943
spain,La Liga,2025,Álex Berenguer,30.0,M,Spain,175.0,73.0,31,25,2164.0,2.0,3.0,0.0,0.0,0,0,4,0.0,0,0.24953789279112754,1.3308687615526802,0.8317929759704252,0.08317929759704251,0.12476894639556377,0.2079482439926063,0.08317929759704251,31.940850277264325,2.0378927911275415,1.1645101663585953,0.041589648798521256,0.5406654343807763,1.7051756007393715,12.643253234750462,4.94916820702403,2.4537892791127542,0.9565619223659888,0.9149722735674677,1.5804066543438078,1.1645101663585953,0.16635859519408502,0.0,0.0,22.192708333333332,62.5,39.14473684210527,38.983050847457626,6.65822550831793
spain,La Liga,2025,Álex Cardero,22.0,M,Spain,175.0,68.0,0,0,0.0,0.0,0.0,0.0,0.0,0,0,0,0.0,0,,,,,,,,,,,,,,,,,,,,,,,,,,,,
spain,La Liga,2025,Álex Forés,24.0,F,Spain,179.0,67.0,18,3,382.0,0.0,1.0,0.0,0.0,0,0,0,0.0,0,0.23560209424083772,1.1780104712041886,0.47120418848167545,0.0,0.23560209424083772,0.23560209424083772,0.0,14.842931937172775,0.23560209424083772,0.47120418848167545,0.0,0.23560209424083772,0.706806282722513,8.952879581151832,3.5340314136125652,1.6492146596858637,0.706806282722513,0.706806282722513,1.413612565445026,0.706806282722513,0.0,0.0,0.0,6.245901639344262,40.0,39.473684210526315,42.857142857142854,6.416797900262468
spain,La Liga,2025,Álex Moreno,32.0,D,Spain,179.0,68.0,31,28,2562.0,0.0,3.0,0.0,1.0,0,0,5,0.0,0,0.3161592505854801,0.4215456674473068,0.1756440281030445,0.0,0.1053864168618267,0.1053864168618267,0.0,37.02576112412178,0.5620608899297423,1.5105386416861828,0.351288056206089,1.053864168618267,2.5644028103044496,8.430913348946136,4.145199063231851,2.529274004683841,1.2295081967213115,1.1241217798594847,0.702576112412178,1.1241217798594847,0.1756440281030445,0.0,0.0,32.55313092979127,41.66666666666667,49.166666666666664,48.61111111111111,6.680640124902419
spain,La Liga,2025,Álex Remiro,30.0,G,Spain,192.0,79.0,37,37,3330.0,0.0,0.0,0.0,0.0,0,0,1,0.0,0,0.0,0.0,0.0,0.0,0.0,0.0,0.0,37.13513513513514,0.1081081081081081,0.027027027027027025,0.0,0.027027027027027025,0.05405405405405405,0.5135135135135135,0.45945945945945943,0.027027027027027025,0.027027027027027025,0.05405405405405405,0.1891891891891892,0.0,0.027027027027027025,0.0,0.0,27.465065502183407,,89.47368421052632,100.0,6.916216216216216
spain,La Liga,2025,Álex Sancris,28.0,F,Spain,177.0,72.0,18,5,710.0,0.0,1.0,0.0,0.0,0,0,4,0.0,1,1.0140845070422535,1.1408450704225352,0.6338028169014085,0.0,0.1267605633802817,0.1267605633802817,0.0,24.464788732394368,1.0140845070422535,1.267605633802817,0.0,0.2535211267605634,1.52112676056338,11.661971830985914,3.929577464788732,1.267605633802817,0.6338028169014085,1.3943661971830985,1.52112676056338,2.028169014084507,0.5070422535211268,0.0,0.1267605633802817,9.760416666666666,55.55555555555556,33.69565217391305,50.0,6.456558533145275
spain,La Liga,2025,Álex Sola,26.0,M,Spain,178.0,75.0,1,0,12.0,0.0,0.0,0.0,0.0,0,0,0,0.0,0,0.0,0.0,0.0,0.0,0.0,0.0,0.0,0.0,0.0,0.0,0.0,0.0,0.0,37.5,15.0,15.0,0.0,0.0,15.0,0.0,0.0,0.0,0.0,,,40.0,0.0,6.7
spain,La Liga,2025,Álex Sánchez,19.0,F,,,,1,0,14.0,0.0,1.0,0.0,0.0,0,0,0,0.0,0,0.0,0.0,0.0,0.0,6.428571428571428,6.428571428571428,0.0,38.57142857142857,6.428571428571428,6.428571428571428,0.0,0.0,6.428571428571428,19.285714285714285,6.428571428571428,12.857142857142856,0.0,0.0,0.0,0.0,0.0,0.0,0.0,4.0,,33.33333333333333,0.0,6.7
spain,La Liga,2025,Álvaro Carreras,22.0,D,Spain,186.0,78.0,28,26,2340.0,2.0,3.0,1.0,0.0,0,0,5,0.0,1,0.19230769230769232,0.23076923076923078,0.11538461538461539,0.07692307692307693,0.11538461538461539,0.19230769230769232,0.07692307692307693,66.26923076923077,1.1538461538461537,1.5769230769230769,0.2692307692307693,1.5,3.076923076923077,8.846153846153847,4.769230769230769,1.3846153846153846,0.7307692307692308,0.7692307692307693,1.2692307692307692,0.8461538461538461,0.19230769230769232,0.0,0.038461538461538464,64.35171213000581,50.0,53.91304347826087,52.77777777777778,7.0631466438649
spain,La Liga,2025,Álvaro Cortés,20.0,D,Spain,189.0,82.0,1,1,90.0,0.0,0.0,0.0,0.0,0,0,0,0.0,0,0.0,0.0,0.0,0.0,0.0,0.0,0.0,93.00000000000001,0.0,1.0,1.0,1.0,2.0,12.999999999999998,8.0,1.0,1.0,0.0,1.0,0.0,0.0,0.0,0.0,88.0,,61.53846153846154,100.0,7.7
spain,La Liga,2025,Álvaro Fidalgo,28.0,M,Spain,174.0,68.0,9,8,547.0,1.0,0.0,0.0,0.0,0,0,0,0.0,0,0.16453382084095064,0.6581352833638026,0.3290676416819013,0.16453382084095064,0.0,0.16453382084095064,0.16453382084095064,51.49908592321755,0.6581352833638026,1.9744058500914077,0.0,0.4936014625228519,2.4680073126142594,7.897623400365631,3.619744058500914,0.8226691042047533,0.4936014625228519,1.809872029250457,0.9872029250457038,0.3290676416819013,0.0,0.0,0.0,36.64536741214057,50.0,45.83333333333333,60.0,6.786288848263254
spain,La Liga,2025,Álvaro García,33.0,M,Spain,167.0,61.0,32,23,2105.0,4.0,5.0,1.0,0.0,0,0,3,0.0,0,0.6413301662707839,1.496437054631829,0.8123515439429929,0.171021377672209,0.2137767220902613,0.38479809976247026,0.171021377672209,22.275534441805227,1.7957244655581945,1.154394299287411,0.0855106888361045,0.5558194774346793,1.7102137767220904,6.07125890736342,2.351543942992874,0.684085510688836,0.171021377672209,0.684085510688836,0.5130641330166271,0.8123515439429929,0.12826603325415678,0.0,0.0,13.259117082533589,54.285714285714285,38.732394366197184,25.0,6.738622327790973
spain,La Liga,2025,Álvaro González,,G,,,,0,0,0.0,0.0,0.0,0.0,0.0,0,0,0,0.0,0,,,,,,,,,,,,,,,,,,,,,,,,,,,,
spain,La Liga,2025,Álvaro Moreno,19.0,G,,,,0,0,0.0,0.0,0.0,0.0,0.0,0,0,0,0.0,0,,,,,,,,,,,,,,,,,,,,,,,,,,,,
spain,La Liga,2025,Álvaro Odriozola,30.0,D,Spain,176.0,66.0,5,2,202.0,1.0,0.0,1.0,0.0,0,0,0,0.0,0,0.0,0.44554455445544555,0.44554455445544555,0.44554455445544555,0.0,0.44554455445544555,0.44554455445544555,12.475247524752476,1.3366336633663365,2.227722772277228,0.8910891089108911,0.44554455445544555,2.673267326732673,6.683168316831683,4.00990099009901,0.8910891089108911,0.0,0.44554455445544555,1.3366336633663365,0.44554455445544555,0.0,0.0,0.0,7.428571428571429,100.0,60.0,0.0,7.140201005025126
spain,La Liga,2025,Álvaro Rodriguez,21.0,F,Uruguay,192.0,81.0,34,24,2200.0,7.0,5.0,0.0,1.0,0,0,2,0.0,0,0.7363636363636364,2.618181818181818,0.9818181818181819,0.2863636363636364,0.20454545454545453,0.49090909090909096,0.2863636363636364,21.886363636363637,1.3499999999999999,0.9818181818181819,0.04090909090909091,0.12272727272727274,1.1045454545454545,19.30909090909091,9.9,3.231818181818182,1.5545454545454547,0.3681818181818182,2.004545454545455,1.4727272727272729,0.08181818181818182,0.0,0.0,12.353271028037383,37.5,51.271186440677965,48.10126582278481,7.0034090909090905
spain,La Liga,2025,Álvaro Valles,28.0,G,Spain,190.0,78.0,28,28,2520.0,0.0,0.0,0.0,0.0,0,0,1,0.0,0,0.0,0.0,0.0,0.0,0.0,0.0,0.0,30.714285714285715,0.0,0.0,0.0,0.03571428571428571,0.03571428571428571,0.5357142857142857,0.39285714285714285,0.03571428571428571,0.03571428571428571,0.14285714285714285,0.14285714285714285,0.0,0.03571428571428571,0.0,0.0,24.094186046511627,,73.33333333333333,100.0,6.996428571428571
spain,La Liga,2025,Ángel Pérez,23.0,D,Spain,183.0,,16,14,1290.0,1.0,3.0,0.0,0.0,0,0,4,0.0,0,0.41860465116279066,0.41860465116279066,0.27906976744186046,0.06976744186046512,0.20930232558139533,0.27906976744186046,0.06976744186046512,32.86046511627907,1.6744186046511627,1.0465116279069768,0.06976744186046512,0.627906976744186,1.6744186046511627,8.651162790697674,3.697674418604651,3.2790697674418605,1.3953488372093024,0.9069767441860465,1.1860465116279069,1.1162790697674418,0.27906976744186046,0.0,0.0,24.148619957537154,66.66666666666666,42.74193548387097,42.5531914893617,6.732093023255814
spain,La Liga,2025,Éder Militão,27.0,D,Brazil,186.0,78.0,16,14,1141.0,2.0,1.0,0.0,0.0,0,0,2,0.0,0,0.0,1.4198071866783522,0.7099035933391761,0.15775635407537247,0.07887817703768624,0.23663453111305874,0.15775635407537247,60.49956178790534,0.6310254163014899,1.8141980718667834,0.946538124452235,0.8676599474145485,2.681858019281332,8.361086765994742,5.1270815074496054,0.4732690622261175,0.23663453111305874,0.23663453111305874,1.0254163014899211,1.1831726555652935,0.15775635407537247,0.0,0.0,55.66101694915254,50.0,61.32075471698113,50.0,7.352760736196319
spain,La Liga,2025,Íñigo Lekue,32.0,D,Spain,180.0,70.0,11,8,600.0,0.0,0.0,0.0,1.0,0,0,2,0.0,2,0.0,0.15000000000000002,0.15000000000000002,0.0,0.0,0.0,0.0,37.65,0.15000000000000002,2.25,0.0,0.6000000000000001,2.85,10.049999999999999,3.3,2.55,0.9,0.75,0.0,1.8,0.30000000000000004,0.0,0.30000000000000004,28.45816733067729,100.0,32.83582089552239,35.294117647058826,6.228380634390652
spain,La Liga,2025,Óscar Mingueza,26.0,D,Spain,184.0,75.0,34,21,1967.0,1.0,4.0,0.0,0.0,0,0,4,0.0,0,0.045754956786985254,0.4575495678698525,0.22877478393492626,0.045754956786985254,0.18301982714794102,0.22877478393492626,0.045754956786985254,56.55312658871378,1.4641586171835281,1.9217081850533808,0.22877478393492626,0.41179461108286736,2.333502796136248,8.464667005592272,4.529740721911541,1.3268937468225726,0.6863243518047788,1.5556685307574987,1.281138790035587,0.6863243518047788,0.18301982714794102,0.0,0.0,39.616504854368934,50.0,53.51351351351351,51.724137931034484,7.020142421159715
spain,La Liga,2025,Óscar Trejo,37.0,M,Argentina,180.0,79.0,7,1,139.0,0.0,1.0,0.0,0.0,0,0,2,0.0,0,0.0,0.6474820143884893,0.6474820143884893,0.0,0.6474820143884893,0.6474820143884893,0.0,68.63309352517986,4.532374100719425,3.8848920863309355,0.0,0.0,3.8848920863309355,16.18705035971223,8.41726618705036,1.2949640287769786,0.6474820143884893,2.589928057553957,3.237410071942446,1.9424460431654678,1.2949640287769786,0.0,0.0,21.830188679245282,100.0,52.0,50.0,7.207913669064748
spain,La Liga,2025,Óscar Valentín,31.0,M,Spain,177.0,72.0,33,26,2113.0,1.0,0.0,0.0,1.0,0,0,3,0.0,1,0.0,0.4259346900141978,0.17037387600567913,0.04259346900141978,0.0,0.04259346900141978,0.04259346900141978,37.86559394226219,0.4259346900141978,3.109323237103644,0.6389020350212967,1.1926171320397538,4.301940369143399,10.648367250354946,5.409370563180312,0.5537150970184571,0.2555608140085187,1.4481779460482727,0.9370563180312352,1.3203975390440132,0.12778040700425936,0.0,0.04259346900141978,30.58605174353206,40.0,50.8,46.15384615384615,6.95250946969697
spain,La Liga,2025,Ørjan Nyland,35.0,G,Norway,192.0,90.0,5,5,450.0,0.0,0.0,0.0,0.0,0,0,1,0.0,0,0.0,0.0,0.0,0.0,0.0,0.0,0.0,27.8,0.0,0.0,0.0,0.0,0.0,0.4,0.2,0.0,0.0,0.0,0.0,0.0,0.2,0.0,0.0,19.949640287769785,,50.0,,6.6
