country,league,season,player_name,age,position,nationality,height,weight,appearances,starts,minutes,goals_total,assists,penalty_won,penalty_committed,penalty_scored,penalty_missed,yellow_cards,yellowred_cards,red_cards,offsides_per90,shots_total_per90,shots_on_per90,goals_total_per90,assists_per90,goals_plus_assists_per90,non_penalty_goals_per90,passes_total_per90,passes_key_per90,tackles_total_per90,blocks_per90,interceptions_per90,tackles_plus_interceptions_per90,duels_total_per90,duels_won_per90,dribbles_attempts_per90,dribbles_success_per90,dribbles_past_per90,fouls_drawn_per90,fouls_committed_per90,yellow_cards_per90,yellowred_cards_per90,red_cards_per90,passes_accuracy_pct,shots_on_target_pct,duels_won_pct,dribbles_success_pct,rating_weighted
turkey,Super Lig,2025,Aaron Appindangoyé,33.0,D,Gabon,185.0,85.0,4,4,315.0,0.0,0.0,0.0,0.0,0,0,0,0.0,0,0.2857142857142857,0.2857142857142857,0.2857142857142857,0.0,0.0,0.0,0.0,39.714285714285715,0.0,0.2857142857142857,1.7142857142857144,1.7142857142857144,2.0,8.571428571428571,2.8571428571428568,0.0,0.0,0.0,0.2857142857142857,1.4285714285714284,0.0,0.0,0.0,29.359712230215827,100.0,33.33333333333333,,6.285714285714286
turkey,Super Lig,2025,Aaron Opoku,26.0,D,Germany,185.0,71.0,19,14,1235.0,0.0,2.0,0.0,0.0,0,0,3,0.0,0,0.145748987854251,0.5101214574898786,0.21862348178137653,0.0,0.145748987854251,0.145748987854251,0.0,23.246963562753038,1.603238866396761,1.0202429149797572,0.0728744939271255,0.5101214574898786,1.5303643724696356,9.255060728744938,3.57085020242915,2.1862348178137654,1.165991902834008,1.165991902834008,0.5101214574898786,1.165991902834008,0.21862348178137653,0.0,0.0,15.852664576802507,42.857142857142854,38.582677165354326,53.333333333333336,6.515546558704453
turkey,Super Lig,2025,Abbosbek Fayzullaev,22.0,M,Uzbekistan,167.0,57.0,20,14,1117.0,3.0,3.0,1.0,0.0,0,0,4,0.0,0,0.24171888988361684,1.8531781557743958,0.9668755595344674,0.24171888988361684,0.24171888988361684,0.4834377797672337,0.24171888988361684,27.878245299910475,1.6114592658907787,2.1754700089525514,0.0,0.4834377797672337,2.658907788719785,11.199641897940914,5.720680393912265,1.9337511190689347,1.0474485228290062,1.1280214861235451,1.5308863025962398,1.6920322291853178,0.3222918531781558,0.0,0.0,16.034682080924856,52.17391304347826,51.07913669064749,54.166666666666664,7.053178155774395
turkey,Super Lig,2025,Abdou Sy,,F,,,,3,0,26.0,0.0,0.0,0.0,0.0,0,0,0,0.0,0,0.0,0.0,0.0,0.0,0.0,0.0,0.0,17.30769230769231,0.0,6.923076923076923,0.0,0.0,6.923076923076923,24.23076923076923,17.30769230769231,3.4615384615384617,3.4615384615384617,0.0,6.923076923076923,3.4615384615384617,0.0,0.0,0.0,3.0,,71.42857142857143,100.0,6.443999999999999
turkey,Super Lig,2025,Abdul Kader Moussa Kone,18.0,F,Ivory Coast,,,4,0,44.0,0.0,0.0,0.0,0.0,0,0,0,0.0,0,4.090909090909091,2.0454545454545454,2.0454545454545454,0.0,0.0,0.0,0.0,14.318181818181818,2.0454545454545454,0.0,0.0,0.0,0.0,18.40909090909091,2.0454545454545454,2.0454545454545454,0.0,0.0,0.0,10.227272727272727,0.0,0.0,0.0,1.4285714285714286,100.0,11.11111111111111,0.0,6.343181818181819
turkey,Super Lig,2025,Abdullah Yiğiter,25.0,G,Türkiye,189.0,79.0,14,14,1260.0,0.0,0.0,0.0,0.0,0,0,3,0.0,0,0.0,0.0,0.0,0.0,0.0,0.0,0.0,33.5,0.0,0.0,0.0,0.0,0.0,0.5714285714285714,0.4285714285714286,0.14285714285714285,0.14285714285714285,0.0,0.07142857142857142,0.0,0.2142857142857143,0.0,0.0,20.884861407249467,,75.0,100.0,6.5285714285714285
turkey,Super Lig,2025,Abdulsamet Burak,29.0,D,Netherlands,183.0,75.0,8,5,384.0,0.0,0.0,0.0,0.0,0,0,3,0.0,0,0.234375,0.0,0.0,0.0,0.0,0.0,0.0,37.734375,0.46875,1.171875,0.46875,1.40625,2.578125,8.4375,4.453125,0.703125,0.234375,0.234375,1.875,1.640625,0.703125,0.0,0.0,24.440993788819874,,52.77777777777778,33.33333333333333,6.470052083333333
turkey,Super Lig,2025,Abdurrahim Dursun,27.0,D,Türkiye,176.0,70.0,17,7,684.0,0.0,1.0,0.0,0.0,0,0,2,0.0,0,0.13157894736842105,0.6578947368421052,0.13157894736842105,0.0,0.13157894736842105,0.13157894736842105,0.0,33.81578947368421,1.3157894736842104,2.894736842105263,0.0,0.9210526315789473,3.81578947368421,9.605263157894736,5.13157894736842,1.0526315789473684,0.5263157894736842,0.9210526315789473,0.5263157894736842,1.0526315789473684,0.2631578947368421,0.0,0.0,18.762645914396888,20.0,53.42465753424658,50.0,6.6381578947368425
turkey,Super Lig,2025,Abdülkadir Ömür,26.0,M,Türkiye,168.0,62.0,25,17,1323.0,0.0,1.0,0.0,0.0,0,0,2,0.0,0,0.0,1.0204081632653061,0.6802721088435374,0.0,0.06802721088435375,0.06802721088435375,0.0,28.027210884353742,1.08843537414966,2.2448979591836737,0.1360544217687075,0.6802721088435374,2.925170068027211,8.775510204081634,4.081632653061225,0.8843537414965987,0.40816326530612246,1.2925170068027212,0.6802721088435374,1.0204081632653061,0.1360544217687075,0.0,0.0,17.6919315403423,66.66666666666666,46.51162790697674,46.15384615384615,6.60755857898715
turkey,Super Lig,2025,Abdülkerim Bardakcı,31.0,D,Türkiye,185.0,81.0,30,30,2546.0,0.0,1.0,0.0,0.0,0,0,6,0.0,1,0.07069913589945012,0.6716417910447761,0.1767478397486253,0.0,0.03534956794972506,0.03534956794972506,0.0,64.37156323644933,0.565593087195601,1.4139827179890023,0.565593087195601,0.9544383346425765,2.3684210526315788,7.1759622937941865,4.454045561665358,0.38884524744697563,0.2474469756480754,0.4595443833464258,0.7069913589945012,0.6716417910447761,0.21209740769835037,0.0,0.03534956794972506,60.444261394838,26.31578947368421,62.06896551724138,63.63636363636363,7.152749410840535
turkey,Super Lig,2025,Ada Yüzgeç,16.0,F,Turkey,,,1,0,1.0,0.0,0.0,0.0,0.0,0,0,0,0.0,0,0.0,0.0,0.0,0.0,0.0,0.0,0.0,180.0,0.0,0.0,0.0,0.0,0.0,90.0,0.0,0.0,0.0,0.0,0.0,0.0,0.0,0.0,0.0,2.0,,0.0,,
turkey,Super Lig,2025,Adama Malouda Traoré,30.0,M,Mali,177.0,74.0,16,11,1073.0,2.0,1.0,0.0,0.0,0,0,4,0.0,0,0.5032618825722274,1.4259086672879777,0.5032618825722274,0.16775396085740912,0.08387698042870456,0.2516309412861137,0.16775396085740912,22.814538676607643,1.0065237651444547,0.8387698042870456,0.08387698042870456,0.33550792171481825,1.174277726001864,10.149114631873253,4.026095060577819,1.4259086672879777,0.754892823858341,0.4193849021435228,1.174277726001864,1.342031686859273,0.33550792171481825,0.0,0.0,14.433823529411764,35.294117647058826,39.66942148760331,52.94117647058824,6.64641192917055
turkey,Super Lig,2025,Adamo Nagalo,23.0,D,Burkina Faso,185.0,75.0,8,6,606.0,0.0,0.0,0.0,1.0,0,0,4,0.0,1,0.1485148514851485,0.1485148514851485,0.0,0.0,0.0,0.0,0.0,48.11881188118812,0.44554455445544555,1.0396039603960396,0.7425742574257425,0.8910891089108911,1.9306930693069306,5.94059405940594,4.158415841584159,0.594059405940594,0.594059405940594,0.1485148514851485,1.0396039603960396,0.8910891089108911,0.594059405940594,0.0,0.1485148514851485,44.882716049382715,0.0,70.0,100.0,7.214851485148515
turkey,Super Lig,2025,Adedire Mebude,21.0,F,Scotland,189.0,78.0,13,8,750.0,2.0,3.0,1.0,0.0,0,0,0,0.0,0,0.24,1.44,1.08,0.24,0.36,0.6000000000000001,0.24,28.200000000000003,1.08,0.6000000000000001,0.0,1.32,1.92,7.5600000000000005,4.800000000000001,3.1199999999999997,1.5599999999999998,0.48,2.16,0.24,0.0,0.0,0.0,20.961702127659574,75.0,63.49206349206349,50.0,7.055199999999999
turkey,Super Lig,2025,Adem Arous,21.0,D,Tunisia,,,21,19,1672.0,1.0,0.0,1.0,0.0,0,0,2,0.0,0,0.0,0.16148325358851676,0.053827751196172245,0.053827751196172245,0.0,0.053827751196172245,0.053827751196172245,40.74760765550239,0.16148325358851676,1.8301435406698563,0.37679425837320574,1.291866028708134,3.1220095693779903,6.782296650717703,4.7368421052631575,0.21531100478468898,0.21531100478468898,0.0,0.645933014354067,0.645933014354067,0.10765550239234449,0.0,0.0,35.91677675033025,33.33333333333333,69.84126984126983,100.0,6.841232794733693
turkey,Super Lig,2025,Adil Demirbağ,28.0,D,Türkiye,185.0,78.0,24,24,2088.0,2.0,2.0,0.0,1.0,0,0,10,0.0,0,0.0,0.43103448275862066,0.08620689655172413,0.08620689655172413,0.08620689655172413,0.17241379310344826,0.08620689655172413,50.21551724137931,0.25862068965517243,1.1206896551724137,1.206896551724138,1.5086206896551724,2.6293103448275863,8.275862068965518,3.96551724137931,0.3017241379310345,0.17241379310344826,0.3448275862068965,0.646551724137931,2.0258620689655173,0.43103448275862066,0.0,0.0,51.878969957081544,20.0,47.91666666666667,57.14285714285714,6.982758620689655
turkey,Super Lig,2025,Adnan Aktaş,19.0,D,Turkey,182.0,70.0,0,0,0.0,0.0,0.0,0.0,0.0,0,0,0,0.0,0,,,,,,,,,,,,,,,,,,,,,,,,,,,,
turkey,Super Lig,2025,Adnan Efe Fettahoğlu,,F,,,,0,0,0.0,0.0,0.0,0.0,0.0,0,0,0,0.0,0,,,,,,,,,,,,,,,,,,,,,,,,,,,,
turkey,Super Lig,2025,Adrian Benedyczak,25.0,F,Poland,191.0,78.0,14,14,1165.0,10.0,1.0,2.0,0.0,3,0,1,0.0,0,0.07725321888412016,2.0858369098712446,1.390557939914163,0.7725321888412017,0.07725321888412016,0.8497854077253219,0.5407725321888412,13.98283261802575,0.7725321888412017,0.8497854077253219,0.07725321888412016,0.30901287553648066,1.1587982832618027,9.811158798283262,3.553648068669528,0.46351931330472107,0.23175965665236054,0.23175965665236054,0.8497854077253219,2.008583690987124,0.07725321888412016,0.0,0.0,8.88950276243094,66.66666666666666,36.22047244094488,50.0,7.124978540772532
turkey,Super Lig,2025,Afonso Sousa,25.0,M,Portugal,174.0,64.0,8,1,173.0,1.0,1.0,0.0,0.0,0,0,1,0.0,0,0.0,2.601156069364162,1.5606936416184969,0.5202312138728323,0.5202312138728323,1.0404624277456647,0.5202312138728323,57.225433526011564,2.0809248554913293,2.0809248554913293,0.0,0.5202312138728323,2.601156069364162,9.364161849710984,6.2427745664739875,3.1213872832369938,2.0809248554913293,1.0404624277456647,1.5606936416184969,0.0,0.5202312138728323,0.0,0.0,16.827272727272728,60.0,66.66666666666666,66.66666666666666,6.869186046511628
turkey,Super Lig,2025,Ahmed Ildız,29.0,M,Türkiye,181.0,70.0,7,0,64.0,0.0,0.0,0.0,0.0,0,0,1,0.0,0,0.0,0.0,0.0,0.0,0.0,0.0,0.0,18.28125,0.0,2.8125,1.40625,1.40625,4.21875,14.0625,7.03125,2.8125,1.40625,0.0,1.40625,2.8125,1.40625,0.0,0.0,4.153846153846154,,50.0,50.0,6.683333333333334
turkey,Super Lig,2025,Ahmed Kutucu,25.0,F,Türkiye,181.0,76.0,10,0,116.0,0.0,1.0,0.0,0.0,0,0,0,0.0,0,0.0,4.655172413793103,0.7758620689655172,0.0,0.7758620689655172,0.7758620689655172,0.0,27.931034482758623,1.5517241379310345,2.3275862068965516,0.0,2.3275862068965516,4.655172413793103,15.517241379310345,4.655172413793103,1.5517241379310345,0.7758620689655172,1.5517241379310345,0.0,3.8793103448275863,0.0,0.0,0.0,4.083333333333333,16.666666666666664,30.0,50.0,6.475438596491228
turkey,Super Lig,2025,Ahmed Traore,18.0,F,Ivory Coast,,,14,4,393.0,1.0,0.0,0.0,0.0,0,0,1,0.0,0,0.9160305343511451,2.0610687022900764,0.9160305343511451,0.22900763358778628,0.0,0.22900763358778628,0.22900763358778628,22.21374045801527,0.6870229007633587,1.8320610687022902,0.0,0.45801526717557256,2.2900763358778624,14.885496183206108,5.49618320610687,3.6641221374045805,0.6870229007633587,0.9160305343511451,1.6030534351145038,2.2900763358778624,0.22900763358778628,0.0,0.0,7.144329896907217,44.44444444444444,36.92307692307693,18.75,6.431297709923665
turkey,Super Lig,2025,Ahmet Dagdevir,19.0,M,,,,1,0,24.0,0.0,0.0,0.0,0.0,0,0,0,0.0,0,0.0,3.75,0.0,0.0,0.0,0.0,0.0,37.5,0.0,0.0,0.0,3.75,3.75,0.0,0.0,0.0,0.0,0.0,0.0,0.0,0.0,0.0,0.0,7.0,0.0,,,6.5
turkey,Super Lig,2025,Ahmet Doğan Yıldırım,19.0,G,Türkiye,194.0,81.0,1,0,83.0,0.0,0.0,0.0,1.0,0,0,1,0.0,0,0.0,0.0,0.0,0.0,0.0,0.0,0.0,37.95180722891566,0.0,0.0,0.0,0.0,0.0,1.0843373493975905,0.0,0.0,0.0,0.0,0.0,1.0843373493975905,1.0843373493975905,0.0,0.0,15.0,,0.0,,6.2
turkey,Super Lig,2025,Ahmet Oğuz,33.0,D,Türkiye,176.0,83.0,28,25,2153.0,0.0,2.0,0.0,0.0,0,0,10,0.0,0,0.0,0.3344170924291686,0.08360427310729215,0.0,0.08360427310729215,0.08360427310729215,0.0,41.76033441709243,1.2122619600557363,2.675336739433349,0.1672085462145843,1.7556897352531353,4.431026474686484,10.450534138411518,5.392475615420344,0.7106363214119833,0.1672085462145843,1.2122619600557363,1.4630747793776124,1.9228982814677194,0.4180213655364608,0.0,0.0,32.571571571571575,25.0,51.6,23.52941176470588,7.027542963307013
turkey,Super Lig,2025,Ahmet Sami Bircan,18.0,F,Turkey,,,0,0,0.0,0.0,0.0,0.0,0.0,0,0,0,0.0,0,,,,,,,,,,,,,,,,,,,,,,,,,,,,
turkey,Super Lig,2025,Ahmet Sağat,29.0,F,Germany,187.0,,2,0,2.0,0.0,0.0,0.0,0.0,0,0,0,0.0,0,0.0,0.0,0.0,0.0,0.0,0.0,0.0,45.0,0.0,0.0,0.0,0.0,0.0,90.0,45.0,0.0,0.0,0.0,0.0,0.0,0.0,0.0,0.0,1.0,,50.0,,
turkey,Super Lig,2025,Ahmet Sivri,26.0,F,Türkiye,185.0,75.0,9,3,302.0,0.0,0.0,0.0,0.0,0,0,0,0.0,0,0.0,2.6821192052980134,0.8940397350993378,0.0,0.0,0.0,0.0,26.225165562913908,0.2980132450331126,2.980132450331126,0.2980132450331126,1.1920529801324504,4.172185430463577,17.284768211920532,5.364238410596027,5.662251655629139,0.5960264900662252,0.8940397350993378,0.8940397350993378,4.172185430463577,0.0,0.0,0.0,13.386363636363637,33.33333333333333,31.03448275862069,10.526315789473683,6.078145695364238
turkey,Super Lig,2025,Ahmet Taha Dağbaşı,21.0,D,,,,0,0,0.0,0.0,0.0,0.0,0.0,0,0,0,0.0,0,,,,,,,,,,,,,,,,,,,,,,,,,,,,
turkey,Super Lig,2025,Ahmet Tirpanci,18.0,D,,,,1,0,1.0,0.0,0.0,0.0,0.0,0,0,0,0.0,0,0.0,0.0,0.0,0.0,0.0,0.0,0.0,0.0,0.0,0.0,0.0,90.0,90.0,0.0,0.0,0.0,0.0,0.0,0.0,0.0,0.0,0.0,0.0,,,,,
turkey,Super Lig,2025,Alaettin Ekici,17.0,F,Turkey,,,0,0,0.0,0.0,0.0,0.0,0.0,0,0,0,0.0,0,,,,,,,,,,,,,,,,,,,,,,,,,,,,
turkey,Super Lig,2025,Alassane Ndao,29.0,F,Senegal,176.0,70.0,11,11,798.0,2.0,3.0,0.0,0.0,0,0,0,0.0,0,0.45112781954887216,1.0150375939849623,0.45112781954887216,0.22556390977443608,0.3383458646616541,0.5639097744360901,0.22556390977443608,29.32330827067669,1.5789473684210527,1.1278195488721803,0.0,0.5639097744360901,1.6917293233082706,6.315789473684211,2.932330827067669,1.4661654135338344,0.6766917293233082,0.11278195488721804,0.9022556390977443,0.22556390977443608,0.0,0.0,0.0,22.03846153846154,44.44444444444444,46.42857142857143,46.15384615384615,7.03421052631579
turkey,Super Lig,2025,Albert Posiadała,22.0,G,Poland,193.0,78.0,0,0,0.0,0.0,0.0,0.0,0.0,0,0,0,0.0,0,,,,,,,,,,,,,,,,,,,,,,,,,,,,
turkey,Super Lig,2025,Aleksandar Jovanović,33.0,G,Serbia,192.0,86.0,18,18,1575.0,0.0,0.0,0.0,0.0,0,0,2,0.0,0,0.0,0.0,0.0,0.0,0.0,0.0,0.0,30.28571428571429,0.0,0.0,0.0,0.0,0.0,0.4,0.34285714285714286,0.0,0.0,0.05714285714285714,0.17142857142857143,0.0,0.11428571428571428,0.0,0.0,20.264150943396228,,85.71428571428571,,6.7628571428571425
turkey,Super Lig,2025,Alexander Djiku,31.0,D,Ghana,182.0,81.0,1,0,1.0,0.0,0.0,0.0,0.0,0,0,0,0.0,0,0.0,0.0,0.0,0.0,0.0,0.0,0.0,90.0,0.0,90.0,0.0,90.0,180.0,90.0,90.0,0.0,0.0,0.0,0.0,0.0,0.0,0.0,0.0,,,100.0,,
turkey,Super Lig,2025,Alexandru Maxim,35.0,M,Romania,179.0,73.0,33,32,2693.0,5.0,7.0,0.0,1.0,4,0,7,0.0,0,0.0668399554400297,1.0694392870404752,0.5012996658002228,0.16709988860007427,0.23393984404010398,0.4010397326401782,0.03341997772001485,51.399925733382844,3.275157816561456,0.9691793538804306,0.1336799108800594,0.6015595989602673,1.570738952840698,7.686594875603416,3.709617526921649,1.3033791310805791,0.6683995544002971,0.7352395098403267,1.7378388414407726,1.136279242480505,0.23393984404010398,0.0,0.0,47.63263979193758,46.875,48.26086956521739,51.28205128205128,7.1915336056442625
turkey,Super Lig,2025,Alexis Antunes,25.0,F,Switzerland,181.0,73.0,13,8,695.0,1.0,1.0,0.0,1.0,0,0,2,0.0,0,0.776978417266187,1.683453237410072,1.0359712230215827,0.12949640287769784,0.12949640287769784,0.2589928057553957,0.12949640287769784,21.107913669064747,2.330935251798561,1.683453237410072,0.2589928057553957,0.9064748201438848,2.589928057553957,13.467625899280575,5.309352517985611,1.553956834532374,0.6474820143884893,0.6474820143884893,2.330935251798561,2.7194244604316546,0.2589928057553957,0.0,0.0,11.797546012269938,61.53846153846154,39.42307692307692,41.66666666666667,6.687769784172662
turkey,Super Lig,2025,Ali Demirbilek,17.0,M,Türkiye,,,1,0,1.0,0.0,0.0,0.0,0.0,0,0,0,0.0,0,0.0,0.0,0.0,0.0,0.0,0.0,0.0,450.0,0.0,0.0,0.0,0.0,0.0,0.0,0.0,0.0,0.0,0.0,0.0,0.0,0.0,0.0,0.0,4.0,,,,
turkey,Super Lig,2025,Ali Diabaté,19.0,D,Ivory Coast,,,6,3,222.0,0.0,1.0,0.0,0.0,0,0,2,0.0,0,0.0,0.8108108108108109,0.40540540540540543,0.0,0.40540540540540543,0.40540540540540543,0.0,55.54054054054054,1.2162162162162162,3.2432432432432434,0.40540540540540543,3.6486486486486487,6.891891891891891,9.324324324324325,6.486486486486487,0.0,0.0,0.40540540540540543,1.2162162162162162,2.0270270270270268,0.8108108108108109,0.0,0.0,34.613138686131386,50.0,69.56521739130434,,7.3104545454545455
turkey,Super Lig,2025,Ali Emre Yanar,27.0,G,Türkiye,190.0,87.0,1,1,90.0,0.0,0.0,0.0,0.0,0,0,0,0.0,0,0.0,0.0,0.0,0.0,0.0,0.0,0.0,29.000000000000004,0.0,0.0,0.0,0.0,0.0,1.0,1.0,0.0,0.0,0.0,0.0,0.0,0.0,0.0,0.0,18.0,,100.0,,7.5
turkey,Super Lig,2025,Ali Karimi,31.0,M,Iran,186.0,78.0,2,0,41.0,0.0,0.0,0.0,0.0,0,0,0,0.0,0,0.0,0.0,0.0,0.0,0.0,0.0,0.0,28.536585365853657,0.0,4.390243902439025,0.0,0.0,4.390243902439025,8.78048780487805,4.390243902439025,0.0,0.0,0.0,0.0,0.0,0.0,0.0,0.0,5.230769230769231,,50.0,,6.431707317073171
turkey,Super Lig,2025,Ali Mevran Ablak,22.0,F,Türkiye,179.0,67.0,0,0,0.0,0.0,0.0,0.0,0.0,0,0,0,0.0,0,,,,,,,,,,,,,,,,,,,,,,,,,,,,
turkey,Super Lig,2025,Ali Osman Kalın,17.0,F,Türkiye,,,1,0,35.0,0.0,0.0,0.0,0.0,0,0,0,0.0,0,0.0,0.0,0.0,0.0,0.0,0.0,0.0,30.857142857142858,0.0,2.571428571428571,0.0,5.142857142857142,7.714285714285714,20.57142857142857,10.285714285714285,5.142857142857142,0.0,5.142857142857142,2.571428571428571,0.0,0.0,0.0,0.0,11.0,,50.0,0.0,6.9
turkey,Super Lig,2025,Ali Osman Kalın,17.0,F,Turkey,,,2,0,11.0,0.0,0.0,0.0,0.0,0,0,0,0.0,0,0.0,0.0,0.0,0.0,0.0,0.0,0.0,32.72727272727273,0.0,8.181818181818182,0.0,0.0,8.181818181818182,32.72727272727273,16.363636363636363,8.181818181818182,0.0,0.0,0.0,8.181818181818182,0.0,0.0,0.0,3.0,,50.0,0.0,6.3
turkey,Super Lig,2025,Ali Pağda,17.0,F,Turkey,,,0,0,0.0,0.0,0.0,0.0,0.0,0,0,0,0.0,0,,,,,,,,,,,,,,,,,,,,,,,,,,,,
turkey,Super Lig,2025,Ali Sowe,31.0,F,Gambia,191.0,84.0,32,26,2289.0,8.0,4.0,0.0,0.0,0,0,3,0.0,0,0.3145478374836173,1.690694626474443,0.6684141546526867,0.3145478374836173,0.15727391874180865,0.47182175622542594,0.3145478374836173,16.67103538663172,0.9436435124508519,0.3931847968545216,0.11795543905635648,0.11795543905635648,0.5111402359108781,12.070773263433813,4.482306684141546,1.5727391874180865,0.7077326343381388,0.3931847968545216,1.5334207077326345,1.494102228047182,0.11795543905635648,0.0,0.0,12.459905660377359,39.53488372093023,37.13355048859935,45.0,6.635474006116208
turkey,Super Lig,2025,Ali Yavuz Kol,25.0,F,Türkiye,175.0,70.0,24,5,744.0,0.0,0.0,0.0,0.0,0,0,3,0.0,0,0.12096774193548387,1.935483870967742,0.3629032258064516,0.0,0.0,0.0,0.0,30.604838709677416,1.2096774193548387,2.4193548387096775,0.12096774193548387,0.7258064516129032,3.1451612903225805,18.266129032258064,5.927419354838709,4.959677419354839,1.935483870967742,2.6612903225806455,0.6048387096774194,3.266129032258065,0.3629032258064516,0.0,0.0,15.592,18.75,32.450331125827816,39.02439024390244,6.4881953867028495
turkey,Super Lig,2025,Allan,32.0,D,Brazil,187.0,81.0,27,20,1877.0,0.0,2.0,0.0,0.0,0,0,2,0.0,0,0.0,0.28769312733084706,0.09589770911028236,0.0,0.09589770911028236,0.09589770911028236,0.0,21.624933404368672,0.33564198188598826,1.6782099094299414,0.5753862546616941,1.6302610548748002,3.308470964304741,9.493873201917953,6.137453383058071,0.47948854555141185,0.23974427277570592,0.28769312733084706,1.4384656366542354,0.9589770911028237,0.09589770911028236,0.0,0.0,16.929046563192905,33.33333333333333,64.64646464646465,50.0,6.8915733333333336
turkey,Super Lig,2025,Alp Abay,19.0,D,Turkey,,,0,0,0.0,0.0,0.0,0.0,0.0,0,0,0,0.0,0,,,,,,,,,,,,,,,,,,,,,,,,,,,,
turkey,Super Lig,2025,Alper Demirol,23.0,M,Sweden,184.0,,3,1,82.0,0.0,0.0,0.0,0.0,0,0,0,0.0,0,0.0,0.0,0.0,0.0,0.0,0.0,0.0,39.51219512195122,1.0975609756097562,1.0975609756097562,0.0,0.0,1.0975609756097562,6.585365853658536,5.48780487804878,2.1951219512195124,2.1951219512195124,0.0,2.1951219512195124,0.0,0.0,0.0,0.0,19.5,,83.33333333333334,100.0,6.700000000000001
turkey,Super Lig,2025,Altin Zeqiri,25.0,M,Kosovo,185.0,79.0,23,5,721.0,1.0,0.0,0.0,0.0,0,0,3,0.0,0,0.12482662968099861,1.1234396671289875,0.7489597780859917,0.12482662968099861,0.0,0.12482662968099861,0.12482662968099861,27.212205270457694,0.9986130374479889,1.7475728155339805,0.12482662968099861,0.24965325936199723,1.9972260748959778,10.485436893203884,4.993065187239945,2.621359223300971,1.622746185852982,0.8737864077669902,0.7489597780859917,1.1234396671289875,0.37447988904299584,0.0,0.0,12.064220183486238,66.66666666666666,47.61904761904761,61.904761904761905,6.6502080443828016
turkey,Super Lig,2025,Amine Cherni,24.0,M,Tunisia,181.0,77.0,34,34,3002.0,0.0,4.0,0.0,0.0,0,0,1,0.0,0,0.08994003997335111,0.5396402398401066,0.17988007994670221,0.0,0.11992005329780146,0.11992005329780146,0.0,22.12524983344437,1.5289806795469687,1.5589606928714193,0.08994003997335111,0.6295802798134578,2.188540972684877,7.734843437708195,3.5976015989340437,1.1092604930046635,0.35976015989340443,0.6295802798134578,0.44970019986675547,1.319120586275816,0.029980013324450366,0.0,0.0,17.212737127371273,33.33333333333333,46.51162790697674,32.432432432432435,6.7719187208527645
turkey,Super Lig,2025,Amine Harit,28.0,M,Morocco,180.0,67.0,24,20,1566.0,2.0,3.0,1.0,0.0,0,0,3,0.0,0,0.1149425287356322,1.206896551724138,0.3448275862068965,0.1149425287356322,0.17241379310344826,0.2873563218390805,0.1149425287356322,39.54022988505747,2.1839080459770113,0.9770114942528736,0.0574712643678161,0.9195402298850576,1.896551724137931,12.011494252873563,6.206896551724138,4.42528735632184,2.873563218390805,0.8045977011494253,2.126436781609195,1.206896551724138,0.17241379310344826,0.0,0.0,30.575581395348838,28.57142857142857,51.674641148325364,64.93506493506493,7.046424010217114
turkey,Super Lig,2025,Amir Hadžiahmetović,28.0,M,Bosnia and Herzegovina,179.0,71.0,0,0,0.0,0.0,0.0,0.0,0.0,0,0,0,0.0,0,,,,,,,,,,,,,,,,,,,,,,,,,,,,
turkey,Super Lig,2025,Amir Murillo,29.0,D,Panama,184.0,75.0,12,11,957.0,1.0,1.0,0.0,1.0,0,0,4,0.0,0,0.18808777429467086,0.658307210031348,0.3761755485893417,0.09404388714733543,0.09404388714733543,0.18808777429467086,0.09404388714733543,33.10344827586207,1.2225705329153604,1.128526645768025,0.3761755485893417,0.5642633228840125,1.6927899686520378,8.087774294670847,4.043887147335424,1.6927899686520378,0.8463949843260189,0.3761755485893417,1.316614420062696,1.316614420062696,0.3761755485893417,0.0,0.0,27.431818181818183,57.14285714285714,50.0,50.0,6.641379310344828
turkey,Super Lig,2025,Anderson Talisca,32.0,M,Brazil,191.0,80.0,30,24,1957.0,19.0,4.0,1.0,0.0,5,3,2,0.0,0,0.36791006642820645,3.5871231476750127,2.2074603985692387,0.8737864077669902,0.18395503321410323,1.0577414409810935,0.6438426162493612,24.971895758814515,0.9657639243740419,0.41389882473173223,0.18395503321410323,0.36791006642820645,0.7818088911599387,8.507920286152274,4.001021972406745,1.195707715891671,0.6438426162493612,0.6438426162493612,1.5176290240163517,0.9657639243740419,0.09197751660705161,0.0,0.0,19.25414364640884,61.53846153846154,47.02702702702703,53.84615384615385,7.328410832907512
turkey,Super Lig,2025,Andraž Šporar,31.0,F,Slovenia,186.0,82.0,2,2,165.0,0.0,0.0,0.0,0.0,0,0,0,0.0,0,0.0,2.1818181818181817,0.5454545454545454,0.0,0.0,0.0,0.0,18.0,0.5454545454545454,0.5454545454545454,0.0,0.0,0.5454545454545454,13.09090909090909,6.545454545454545,0.5454545454545454,0.0,0.5454545454545454,2.1818181818181817,2.1818181818181817,0.0,0.0,0.0,15.0,25.0,50.0,0.0,6.581818181818182
turkey,Super Lig,2025,Andre Gray,34.0,F,Jamaica,178.0,83.0,12,6,538.0,0.0,0.0,0.0,0.0,0,0,0,0.0,0,0.8364312267657993,0.8364312267657993,0.33457249070631967,0.0,0.0,0.0,0.0,16.394052044609666,0.8364312267657993,0.33457249070631967,0.0,0.0,0.33457249070631967,3.8475836431226766,1.3382899628252787,1.003717472118959,0.16728624535315983,0.0,0.6691449814126393,1.3382899628252787,0.0,0.0,0.0,10.153061224489797,40.0,34.78260869565217,16.666666666666664,6.495724907063197
turkey,Super Lig,2025,Andreas Gianniotis,33.0,G,Greece,190.0,78.0,33,33,2970.0,1.0,0.0,0.0,0.0,0,0,4,0.0,0,0.0,0.030303030303030304,0.030303030303030304,0.030303030303030304,0.0,0.030303030303030304,0.030303030303030304,33.24242424242424,0.030303030303030304,0.030303030303030304,0.0,0.030303030303030304,0.06060606060606061,0.4242424242424242,0.30303030303030304,0.06060606060606061,0.06060606060606061,0.09090909090909091,0.09090909090909091,0.0,0.12121212121212122,0.0,0.0,22.6253418413856,100.0,71.42857142857143,100.0,6.881818181818182
turkey,Super Lig,2025,Andri Baldursson,24.0,M,Iceland,187.0,77.0,31,31,2720.0,0.0,1.0,0.0,0.0,0,0,8,0.0,0,0.03308823529411765,0.5294117647058824,0.0661764705882353,0.0,0.03308823529411765,0.03308823529411765,0.0,30.07720588235294,0.43014705882352944,2.316176470588235,0.33088235294117646,1.290441176470588,3.606617647058824,10.025735294117649,5.0625,0.39705882352941174,0.19852941176470587,1.1580882352941175,1.125,2.2830882352941178,0.2647058823529412,0.0,0.0,25.12761276127613,12.5,50.495049504950494,50.0,6.761213235294117
turkey,Super Lig,2025,André Onana,29.0,G,Cameroon,190.0,93.0,29,29,2527.0,0.0,1.0,0.0,0.0,0,0,3,0.0,0,0.0,0.0,0.0,0.0,0.03561535417491096,0.03561535417491096,0.0,34.97427779976256,0.14246141669964385,0.0,0.0,0.03561535417491096,0.03561535417491096,0.42738425009893155,0.3561535417491096,0.10684606252473289,0.10684606252473289,0.03561535417491096,0.10684606252473289,0.0,0.10684606252473289,0.0,0.0,28.220977596741346,,83.33333333333334,100.0,7.075
turkey,Super Lig,2025,Anfernee Dijksteel,29.0,D,Suriname,183.0,72.0,32,28,2687.0,0.0,0.0,0.0,0.0,0,0,2,0.0,0,0.033494603647190174,0.0,0.0,0.0,0.0,0.0,0.0,44.74879047264607,0.16747301823595087,1.507257164123558,0.33494603647190174,0.9043542984741347,2.4116114625976923,7.335318198734647,4.153330852251582,0.8708596948269445,0.6029028656494231,0.30145143282471154,1.172311127651656,0.7368812802381839,0.06698920729438035,0.0,0.0,45.7814371257485,,56.62100456621004,69.23076923076923,6.717938221064384
turkey,Super Lig,2025,Anthony Junior Dennis,21.0,M,Nigeria,179.0,75.0,31,29,2472.0,3.0,0.0,1.0,1.0,0,0,9,0.0,0,0.0,0.5825242718446603,0.21844660194174756,0.10922330097087378,0.0,0.10922330097087378,0.10922330097087378,30.036407766990294,0.4733009708737864,1.8932038834951457,0.3276699029126214,1.2742718446601942,3.1674757281553396,11.21359223300971,5.133495145631068,1.6383495145631066,0.8009708737864077,0.40048543689320387,1.2378640776699028,2.4029126213592233,0.3276699029126214,0.0,0.0,21.972121212121213,37.5,45.77922077922078,48.888888888888886,6.76614077669903
turkey,Super Lig,2025,Anthony Musaba,25.0,M,Netherlands,182.0,72.0,32,24,2031.0,5.0,5.0,0.0,0.0,0,0,4,0.0,0,0.22156573116691286,1.7282127031019203,0.620384047267356,0.22156573116691286,0.22156573116691286,0.4431314623338257,0.22156573116691286,23.397341211225996,1.240768094534712,1.1078286558345642,0.044313146233382575,0.08862629246676515,1.1964549483013294,11.565731166912851,4.741506646971935,5.273264401772526,1.9940915805022155,0.4431314623338257,1.240768094534712,0.7976366322008863,0.1772525849335303,0.0,0.0,15.922348484848484,35.8974358974359,40.99616858237548,37.81512605042017,6.860364352535696
turkey,Super Lig,2025,Anthony Nwakaeme,36.0,F,Nigeria,185.0,80.0,15,7,650.0,0.0,2.0,0.0,0.0,0,0,1,0.0,0,0.0,1.1076923076923078,0.13846153846153847,0.0,0.27692307692307694,0.27692307692307694,0.0,41.12307692307692,2.769230769230769,0.6923076923076923,0.0,0.4153846153846154,1.1076923076923078,8.446153846153846,3.6,2.2153846153846155,0.9692307692307692,0.0,0.6923076923076923,1.2461538461538462,0.13846153846153847,0.0,0.0,27.511784511784512,12.5,42.62295081967213,43.75,6.757407407407408
turkey,Super Lig,2025,Antoine Makoumbou,27.0,M,Congo,183.0,73.0,32,23,2247.0,1.0,1.0,0.0,0.0,0,0,8,0.0,0,0.0,0.3204272363150868,0.1602136181575434,0.04005340453938585,0.04005340453938585,0.0801068090787717,0.04005340453938585,54.71295060080107,1.041388518024032,1.1615487316421895,0.40053404539385845,0.6408544726301736,1.8024032042723632,6.769025367156209,3.2843791722296394,0.8010680907877169,0.40053404539385845,0.2803738317757009,1.4018691588785046,1.6822429906542056,0.3204272363150868,0.0,0.0,47.643484626647144,50.0,48.5207100591716,50.0,7.0431180400890865
turkey,Super Lig,2025,Anıl Yiğit Çınar,22.0,D,Türkiye,193.0,,16,11,1112.0,2.0,0.0,0.0,0.0,0,0,4,0.0,0,0.0,0.40467625899280574,0.16187050359712232,0.16187050359712232,0.0,0.16187050359712232,0.16187050359712232,43.86690647482015,0.0,1.052158273381295,0.7284172661870504,1.1330935251798562,2.185251798561151,8.983812949640289,5.746402877697842,0.16187050359712232,0.16187050359712232,0.24280575539568347,1.2140287769784173,1.4568345323741008,0.32374100719424465,0.0,0.0,44.166044776119406,40.0,63.96396396396396,100.0,6.659802158273381
turkey,Super Lig,2025,Arbnor Muja,27.0,F,Albania,179.0,69.0,2,0,49.0,0.0,0.0,0.0,0.0,0,0,0,0.0,0,1.8367346938775508,1.8367346938775508,0.0,0.0,0.0,0.0,0.0,34.89795918367347,0.0,3.6734693877551017,0.0,0.0,3.6734693877551017,11.020408163265305,7.346938775510203,3.6734693877551017,1.8367346938775508,0.0,1.8367346938775508,1.8367346938775508,0.0,0.0,0.0,8.157894736842104,0.0,66.66666666666666,50.0,6.810204081632654
turkey,Super Lig,2025,Archie Brown,23.0,D,England,190.0,86.0,25,17,1555.0,3.0,2.0,0.0,0.0,0,0,5,0.0,0,0.0,1.157556270096463,0.40514469453376206,0.17363344051446944,0.11575562700964631,0.28938906752411575,0.17363344051446944,38.19935691318328,0.9839228295819935,2.0836012861736335,0.28938906752411575,0.40514469453376206,2.4887459807073955,12.09646302250804,6.308681672025723,2.720257234726688,1.0418006430868167,0.6366559485530547,1.852090032154341,1.967845659163987,0.28938906752411575,0.0,0.0,30.919696969696968,35.0,52.15311004784689,38.297872340425535,7.032926045016078
turkey,Super Lig,2025,Arda Cagan Celik,20.0,M,Türkiye,184.0,71.0,0,0,0.0,0.0,0.0,0.0,0.0,0,0,0,0.0,0,,,,,,,,,,,,,,,,,,,,,,,,,,,,
turkey,Super Lig,2025,Arda Kabukci,17.0,F,Turkey,,,0,0,0.0,0.0,0.0,0.0,0.0,0,0,0,0.0,0,,,,,,,,,,,,,,,,,,,,,,,,,,,,
turkey,Super Lig,2025,Arda Kaya,19.0,F,Turkey,,,0,0,0.0,0.0,0.0,0.0,0.0,0,0,0,0.0,0,,,,,,,,,,,,,,,,,,,,,,,,,,,,
turkey,Super Lig,2025,Arda Kaya,19.0,F,Türkiye,183.0,74.0,0,0,0.0,0.0,0.0,0.0,0.0,0,0,0,0.0,0,,,,,,,,,,,,,,,,,,,,,,,,,,,,
turkey,Super Lig,2025,Arda Kurtulan,23.0,M,North Macedonia,183.0,79.0,31,27,2437.0,4.0,2.0,0.0,0.0,0,0,7,0.0,0,0.0,0.7016823963890029,0.2215839146491588,0.14772260976610585,0.07386130488305293,0.2215839146491588,0.14772260976610585,15.917111202297907,0.9971276159212146,2.215839146491588,0.25851456709068527,1.6988100123102174,3.9146491588018058,11.70701682396389,5.5026672137874435,2.4374230611407466,1.0709889208042676,0.9601969634796881,0.9601969634796881,1.8465326220763234,0.25851456709068527,0.0,0.0,10.830626450116009,31.57894736842105,47.003154574132495,43.93939393939394,7.031896551724138
turkey,Super Lig,2025,Arda Kızıldağ,27.0,D,Türkiye,187.0,78.0,25,22,1778.0,1.0,0.0,0.0,1.0,0,0,8,0.0,0,0.0,0.5568053993250843,0.20247469066366705,0.05061867266591676,0.0,0.05061867266591676,0.05061867266591676,46.87289088863892,0.3543307086614173,1.467941507311586,1.1136107986501687,1.4173228346456692,2.8852643419572552,8.149606299212598,4.302587176602925,0.10123734533183353,0.05061867266591676,0.6074240719910011,0.7592800899887514,1.3160854893138358,0.4049493813273341,0.0,0.0,41.442764578833696,36.36363636363637,52.79503105590062,50.0,6.595556805399325
turkey,Super Lig,2025,Arda Usluoğlu,19.0,F,Türkiye,189.0,73.0,0,0,0.0,0.0,0.0,0.0,0.0,0,0,0,0.0,0,,,,,,,,,,,,,,,,,,,,,,,,,,,,
turkey,Super Lig,2025,Arda Yavuz,19.0,D,Bulgaria,180.0,71.0,2,1,68.0,0.0,0.0,0.0,0.0,0,0,0,0.0,0,0.0,0.0,0.0,0.0,0.0,0.0,0.0,23.823529411764707,0.0,3.9705882352941178,0.0,1.3235294117647058,5.294117647058823,10.588235294117647,5.294117647058823,0.0,0.0,1.3235294117647058,0.0,1.3235294117647058,0.0,0.0,0.0,11.0,,50.0,,7.2
turkey,Super Lig,2025,Arda Yılmaz,17.0,G,Turkey,,,0,0,0.0,0.0,0.0,0.0,0.0,0,0,0,0.0,0,,,,,,,,,,,,,,,,,,,,,,,,,,,,
turkey,Super Lig,2025,Arda Özyar,18.0,F,Turkey,,,1,0,20.0,0.0,0.0,0.0,0.0,0,0,0,0.0,0,0.0,0.0,0.0,0.0,0.0,0.0,0.0,22.5,0.0,0.0,0.0,0.0,0.0,18.0,4.5,4.5,0.0,0.0,4.5,4.5,0.0,0.0,0.0,3.0,,25.0,0.0,6.2
turkey,Super Lig,2025,Arda Ünyay,19.0,D,Türkiye,187.0,75.0,8,1,209.0,0.0,0.0,0.0,0.0,0,0,0,0.0,0,0.0,0.8612440191387559,0.43062200956937796,0.0,0.0,0.0,0.0,59.42583732057416,0.0,1.291866028708134,1.291866028708134,2.15311004784689,3.4449760765550237,9.043062200956937,5.167464114832536,0.0,0.0,0.0,0.8612440191387559,0.8612440191387559,0.0,0.0,0.0,44.64492753623188,50.0,57.14285714285714,,6.630622009569379
turkey,Super Lig,2025,Arif Boşluk,22.0,D,Türkiye,183.0,75.0,25,11,1180.0,0.0,0.0,0.0,0.0,0,0,3,0.0,0,0.0,0.30508474576271183,0.0,0.0,0.0,0.0,0.0,30.508474576271183,0.9152542372881355,3.889830508474576,0.30508474576271183,1.0677966101694916,4.9576271186440675,12.661016949152543,7.169491525423728,2.364406779661017,1.6779661016949154,0.7627118644067796,0.3813559322033898,1.830508474576271,0.22881355932203387,0.0,0.0,21.3734335839599,0.0,56.62650602409639,70.96774193548387,6.534915254237288
turkey,Super Lig,2025,Arif Kocaman,22.0,D,Türkiye,184.0,74.0,5,3,228.0,0.0,0.0,0.0,0.0,0,0,0,0.0,0,0.0,0.39473684210526316,0.39473684210526316,0.0,0.0,0.0,0.0,47.76315789473684,0.0,1.1842105263157894,0.39473684210526316,0.7894736842105263,1.9736842105263157,5.13157894736842,2.3684210526315788,0.0,0.0,0.39473684210526316,0.0,0.7894736842105263,0.0,0.0,0.0,31.892561983471076,100.0,46.15384615384615,,5.898678414096916
turkey,Super Lig,2025,Arseniy Batagov,23.0,D,Ukraine,185.0,75.0,24,24,2115.0,0.0,2.0,0.0,0.0,0,0,1,0.0,0,0.0,0.2978723404255319,0.12765957446808512,0.0,0.0851063829787234,0.0851063829787234,0.0,64.63829787234043,0.5957446808510638,1.7872340425531916,0.7234042553191489,1.2340425531914894,3.021276595744681,6.170212765957447,3.659574468085107,0.3829787234042553,0.2978723404255319,0.3404255319148936,0.4680851063829787,0.5957446808510638,0.0425531914893617,0.0,0.0,62.2073732718894,42.857142857142854,59.310344827586206,77.77777777777779,7.25531914893617
turkey,Super Lig,2025,Ata Yanık,16.0,D,,,,1,1,90.0,0.0,0.0,0.0,0.0,0,0,0,0.0,0,0.0,0.0,0.0,0.0,0.0,0.0,0.0,51.99999999999999,0.0,1.0,0.0,0.0,1.0,8.0,4.0,3.0,2.0,1.0,1.0,2.0,0.0,0.0,0.0,44.0,,50.0,66.66666666666666,6.2
turkey,Super Lig,2025,Ataberk Dadakdeniz,26.0,G,Türkiye,186.0,75.0,0,0,0.0,0.0,0.0,0.0,0.0,0,0,0,0.0,0,,,,,,,,,,,,,,,,,,,,,,,,,,,,
turkey,Super Lig,2025,Atakan Mujde,22.0,M,Türkiye,182.0,68.0,6,2,168.0,0.0,1.0,0.0,0.0,0,0,3,0.0,0,0.0,0.0,0.0,0.0,0.5357142857142857,0.5357142857142857,0.0,24.107142857142858,1.607142857142857,2.6785714285714284,2.142857142857143,2.142857142857143,4.821428571428571,16.607142857142858,9.642857142857142,2.6785714285714284,1.607142857142857,0.5357142857142857,2.6785714285714284,3.75,1.607142857142857,0.0,0.0,9.0,,58.06451612903226,60.0,6.930952380952381
turkey,Super Lig,2025,Atakan Çankaya,27.0,D,Türkiye,180.0,70.0,17,17,1530.0,1.0,1.0,1.0,1.0,0,0,3,0.0,0,0.058823529411764705,0.5882352941176471,0.1764705882352941,0.058823529411764705,0.058823529411764705,0.11764705882352941,0.058823529411764705,36.470588235294116,0.29411764705882354,1.823529411764706,0.3529411764705882,1.5294117647058822,3.3529411764705883,11.470588235294116,6.588235294117648,1.5294117647058822,0.7058823529411764,0.8823529411764706,2.5882352941176467,1.2941176470588234,0.1764705882352941,0.0,0.0,37.46612903225807,30.0,57.43589743589743,46.15384615384615,6.6117647058823525
turkey,Super Lig,2025,Attila Mocsi,25.0,D,Hungary,183.0,74.0,25,19,1754.0,2.0,0.0,0.0,0.0,0,0,3,0.0,0,0.0,0.20524515393386544,0.10262257696693272,0.10262257696693272,0.0,0.10262257696693272,0.10262257696693272,50.54161915621437,0.10262257696693272,1.6932725199543899,0.7696693272519954,0.4104903078677309,2.1037628278221208,7.234891676168758,4.002280501710376,0.15393386545039908,0.15393386545039908,0.7183580387685291,0.4618015963511973,1.1801596351197263,0.15393386545039908,0.0,0.0,44.74010152284264,50.0,55.319148936170215,100.0,6.701315037164094
turkey,Super Lig,2025,Attila Szalai,28.0,D,Hungary,192.0,83.0,15,14,1168.0,0.0,1.0,0.0,0.0,0,0,1,0.0,0,0.0,0.5393835616438356,0.3082191780821918,0.0,0.07705479452054795,0.07705479452054795,0.0,47.311643835616444,0.5393835616438356,1.6181506849315068,0.6164383561643836,1.1558219178082192,2.773972602739726,6.087328767123288,3.6215753424657535,0.07705479452054795,0.07705479452054795,0.3852739726027397,0.3082191780821918,1.0787671232876712,0.07705479452054795,0.0,0.0,42.09461663947798,57.14285714285714,59.49367088607595,100.0,6.648030821917808
turkey,Super Lig,2025,Ayaz Özcan,,F,,,,0,0,0.0,0.0,0.0,0.0,0.0,0,0,0,0.0,0,,,,,,,,,,,,,,,,,,,,,,,,,,,,
turkey,Super Lig,2025,Bachir Gueye,22.0,F,Senegal,,,2,1,90.0,2.0,0.0,0.0,0.0,0,0,1,0.0,0,0.0,3.0,3.0,2.0,0.0,2.0,2.0,14.0,0.0,2.0,0.0,0.0,2.0,17.0,6.0,2.0,1.0,0.0,3.0,4.0,1.0,0.0,0.0,4.285714285714286,100.0,35.294117647058826,50.0,7.75
turkey,Super Lig,2025,Badou Ndiaye,35.0,M,Senegal,180.0,74.0,12,3,430.0,0.0,1.0,0.0,0.0,0,0,4,0.0,0,0.0,0.627906976744186,0.20930232558139533,0.0,0.20930232558139533,0.20930232558139533,0.0,43.53488372093023,1.255813953488372,1.8837209302325582,0.20930232558139533,0.20930232558139533,2.0930232558139537,10.674418604651164,5.8604651162790695,1.0465116279069768,0.627906976744186,0.627906976744186,2.511627906976744,1.8837209302325582,0.8372093023255813,0.0,0.0,22.52403846153846,33.33333333333333,54.90196078431373,60.0,6.776511627906977
turkey,Super Lig,2025,Bahadır Han Güngördü,30.0,G,Türkiye,190.0,75.0,22,22,1980.0,0.0,0.0,0.0,1.0,0,0,3,0.0,0,0.0,0.0,0.0,0.0,0.0,0.0,0.0,30.909090909090907,0.045454545454545456,0.0,0.0,0.045454545454545456,0.045454545454545456,0.6818181818181819,0.5454545454545454,0.045454545454545456,0.045454545454545456,0.09090909090909091,0.18181818181818182,0.045454545454545456,0.13636363636363635,0.0,0.0,20.991176470588236,,80.0,100.0,6.927272727272728
turkey,Super Lig,2025,Bahadır Öztürk,30.0,D,Türkiye,185.0,75.0,9,4,355.0,0.0,0.0,0.0,0.0,0,0,2,0.0,0,0.0,0.2535211267605634,0.2535211267605634,0.0,0.0,0.0,0.0,37.774647887323944,0.0,1.0140845070422535,0.0,0.76056338028169,1.7746478873239437,10.901408450704226,7.859154929577464,0.2535211267605634,0.0,0.0,2.2816901408450705,0.76056338028169,0.5070422535211268,0.0,0.0,33.46938775510204,100.0,72.09302325581395,0.0,7.039265536723164
turkey,Super Lig,2025,Baran Ali Gezek,20.0,M,Türkiye,182.0,73.0,17,15,1387.0,0.0,0.0,0.0,0.0,0,0,1,0.0,0,0.0,0.2595529920692141,0.12977649603460706,0.0,0.0,0.0,0.0,36.07786589762076,0.2595529920692141,2.335976928622927,0.8435472242249459,1.6870944484498918,4.023071377072819,7.591925018024513,4.282624369142033,0.6488824801730353,0.3893294881038212,1.1679884643114635,0.7786589762076424,0.9733237202595529,0.06488824801730353,0.0,0.0,34.39568345323741,50.0,56.41025641025641,60.0,6.981326604181687
turkey,Super Lig,2025,Baran Mogultay,21.0,D,Germany,181.0,70.0,4,1,103.0,0.0,0.0,0.0,0.0,0,0,0,0.0,0,0.0,0.0,0.0,0.0,0.0,0.0,0.0,39.32038834951456,1.7475728155339805,0.0,1.7475728155339805,0.0,0.0,6.990291262135922,3.495145631067961,1.7475728155339805,0.8737864077669902,0.0,0.0,0.8737864077669902,0.0,0.0,0.0,15.222222222222221,,50.0,50.0,7.056435643564357
turkey,Super Lig,2025,Baris Kalayci,20.0,F,Germany,175.0,,29,15,1322.0,1.0,3.0,0.0,0.0,0,0,4,0.0,0,0.340393343419062,1.4296520423600605,0.680786686838124,0.0680786686838124,0.2042360060514372,0.2723146747352496,0.0680786686838124,24.98487140695915,1.2934947049924357,1.2254160363086233,0.2042360060514372,0.8169440242057489,2.042360060514372,10.552193645990922,4.2208774583963695,1.361573373676248,0.340393343419062,0.7488653555219364,2.042360060514372,0.9531013615733737,0.2723146747352496,0.0,0.0,16.373297002724797,47.61904761904761,40.0,25.0,6.582424242424242
turkey,Super Lig,2025,Bartuğ Elmaz,22.0,M,Türkiye,179.0,72.0,21,11,1142.0,1.0,0.0,0.0,0.0,0,0,2,0.0,0,0.0,1.1033274956217163,0.47285464098073554,0.0788091068301226,0.0,0.0788091068301226,0.0788091068301226,63.047285464098074,0.7092819614711033,1.8126094570928197,0.39404553415061294,0.7880910683012259,2.6007005253940454,6.619964973730298,3.8616462346760065,0.39404553415061294,0.23642732049036777,1.1033274956217163,0.9457092819614711,1.2609457092819616,0.1576182136602452,0.0,0.0,47.02,42.857142857142854,58.333333333333336,60.0,7.005521472392638
turkey,Super Lig,2025,Barış Alper Yılmaz,25.0,M,Türkiye,186.0,80.0,30,27,2318.0,8.0,11.0,1.0,0.0,3,0,7,0.0,0,0.1553062985332183,1.7471958584987057,0.9318377911993097,0.3106125970664366,0.4270923209663503,0.7377049180327869,0.19413287316652286,24.26660914581536,2.2131147540983607,0.8930112165660051,0.0,0.1164797238999137,1.009490940465919,12.618636755823985,5.901639344262295,3.3002588438308886,1.5142364106988784,0.6600517687661778,1.9413287316652288,1.8636755823986193,0.271786022433132,0.0,0.0,18.712,53.333333333333336,46.76923076923077,45.88235294117647,7.101898188093184
turkey,Super Lig,2025,Batista Mendy,26.0,M,France,191.0,82.0,2,0,56.0,0.0,0.0,0.0,0.0,0,0,0,0.0,0,0.0,1.607142857142857,0.0,0.0,0.0,0.0,0.0,35.357142857142854,1.607142857142857,1.607142857142857,0.0,0.0,1.607142857142857,14.464285714285715,6.428571428571428,0.0,0.0,0.0,4.821428571428571,6.428571428571428,0.0,0.0,0.0,14.954545454545455,0.0,44.44444444444444,,6.3
turkey,Super Lig,2025,Batuhan Yavuz,20.0,D,Turkey,177.0,73.0,1,0,1.0,0.0,0.0,0.0,0.0,0,0,0,0.0,0,0.0,0.0,0.0,0.0,0.0,0.0,0.0,0.0,0.0,0.0,0.0,0.0,0.0,0.0,0.0,0.0,0.0,0.0,0.0,0.0,0.0,0.0,0.0,,,,,
turkey,Super Lig,2025,Batuhan Şen,27.0,G,Türkiye,194.0,78.0,2,0,69.0,0.0,0.0,0.0,0.0,0,0,0,0.0,0,0.0,0.0,0.0,0.0,0.0,0.0,0.0,36.52173913043478,0.0,0.0,0.0,0.0,0.0,0.0,0.0,0.0,0.0,0.0,0.0,0.0,0.0,0.0,0.0,11.0,,,,7.147826086956521
turkey,Super Lig,2025,Bayram Berk Çapoğlu,17.0,M,Türkiye,,,0,0,0.0,0.0,0.0,0.0,0.0,0,0,0,0.0,0,,,,,,,,,,,,,,,,,,,,,,,,,,,,
turkey,Super Lig,2025,Bayram Berk Çapoğlu,17.0,M,Turkey,,,0,0,0.0,0.0,0.0,0.0,0.0,0,0,0,0.0,0,,,,,,,,,,,,,,,,,,,,,,,,,,,,
turkey,Super Lig,2025,Bedirhan Çetin,19.0,D,Türkiye,182.0,70.0,0,0,0.0,0.0,0.0,0.0,0.0,0,0,0,0.0,0,,,,,,,,,,,,,,,,,,,,,,,,,,,,
turkey,Super Lig,2025,Bedirhan Özyurt,22.0,D,Türkiye,195.0,90.0,12,11,908.0,0.0,1.0,0.0,0.0,0,0,2,0.0,2,0.0,0.19823788546255508,0.0,0.0,0.09911894273127754,0.09911894273127754,0.0,49.559471365638764,0.29735682819383263,0.9911894273127754,0.4955947136563877,1.685022026431718,2.6762114537444934,8.02863436123348,4.559471365638767,0.19823788546255508,0.09911894273127754,0.29735682819383263,0.39647577092511016,1.486784140969163,0.19823788546255508,0.0,0.19823788546255508,49.812,0.0,56.79012345679012,50.0,6.835242290748898
turkey,Super Lig,2025,Benjamin Bouchouari,24.0,M,Morocco,165.0,65.0,17,6,627.0,0.0,0.0,0.0,0.0,0,0,1,0.0,1,0.0,0.7177033492822966,0.43062200956937796,0.0,0.0,0.0,0.0,51.67464114832536,1.0047846889952152,2.15311004784689,0.43062200956937796,0.5741626794258373,2.7272727272727275,9.904306220095695,5.167464114832536,1.4354066985645932,0.7177033492822966,1.1483253588516746,1.8660287081339713,1.4354066985645932,0.14354066985645933,0.0,0.14354066985645933,32.78055555555556,60.0,52.17391304347826,50.0,6.661341853035144
turkey,Super Lig,2025,Berat Ayberk Özdemir,27.0,M,Türkiye,187.0,84.0,17,10,925.0,0.0,0.0,0.0,0.0,0,0,2,0.0,0,0.0,0.3891891891891892,0.0972972972972973,0.0,0.0,0.0,0.0,66.16216216216216,0.4864864864864865,1.1675675675675674,0.972972972972973,1.3621621621621622,2.5297297297297296,5.643243243243243,3.016216216216216,0.29189189189189185,0.0972972972972973,0.6810810810810811,0.972972972972973,0.6810810810810811,0.1945945945945946,0.0,0.0,50.35294117647059,25.0,53.44827586206896,33.33333333333333,7.096969696969698
turkey,Super Lig,2025,Berhan Satli,20.0,D,Turkey,,,0,0,0.0,0.0,0.0,0.0,0.0,0,0,0,0.0,0,,,,,,,,,,,,,,,,,,,,,,,,,,,,
turkey,Super Lig,2025,Berk Can Yildizli,20.0,F,Turkey,178.0,70.0,1,0,11.0,0.0,0.0,0.0,0.0,0,0,0,0.0,0,0.0,0.0,0.0,0.0,0.0,0.0,0.0,8.181818181818182,0.0,0.0,0.0,0.0,0.0,24.545454545454543,0.0,0.0,0.0,0.0,0.0,0.0,0.0,0.0,0.0,,,0.0,,6.2
turkey,Super Lig,2025,Berkan Kutlu,28.0,M,Türkiye,186.0,75.0,20,12,1144.0,2.0,1.0,0.0,0.0,0,0,4,0.0,0,0.0,0.7867132867132868,0.5506993006993007,0.15734265734265734,0.07867132867132867,0.23601398601398602,0.15734265734265734,43.11188811188811,1.1013986013986015,1.5734265734265735,0.07867132867132867,1.4160839160839163,2.9895104895104896,7.788461538461538,3.854895104895105,1.2587412587412588,0.47202797202797203,0.8653846153846154,1.1013986013986015,0.9440559440559441,0.3146853146853147,0.0,0.0,31.835766423357665,70.0,49.494949494949495,37.5,6.9648293963254595
turkey,Super Lig,2025,Berkay Aslan,19.0,F,Germany,179.0,,0,0,0.0,0.0,0.0,0.0,0.0,0,0,0,0.0,0,,,,,,,,,,,,,,,,,,,,,,,,,,,,
turkey,Super Lig,2025,Berkay Muratoğlu,18.0,D,Türkiye,183.0,,0,0,0.0,0.0,0.0,0.0,0.0,0,0,0,0.0,0,,,,,,,,,,,,,,,,,,,,,,,,,,,,
turkey,Super Lig,2025,Berkay Topdemir,19.0,M,Turkey,,,0,0,0.0,0.0,0.0,0.0,0.0,0,0,0,0.0,0,,,,,,,,,,,,,,,,,,,,,,,,,,,,
turkey,Super Lig,2025,Berkay Topdemir,18.0,M,Türkiye,179.0,,0,0,0.0,0.0,0.0,0.0,0.0,0,0,0,0.0,0,,,,,,,,,,,,,,,,,,,,,,,,,,,,
turkey,Super Lig,2025,Berkay Özcan,27.0,M,Türkiye,180.0,79.0,33,26,2376.0,0.0,1.0,0.0,0.0,0,0,1,0.0,0,0.03787878787878788,0.7575757575757576,0.15151515151515152,0.0,0.03787878787878788,0.03787878787878788,0.0,35.79545454545455,0.9090909090909092,1.0984848484848484,0.1893939393939394,0.6060606060606061,1.7045454545454546,8.106060606060607,3.8636363636363633,1.5909090909090908,0.7954545454545454,0.41666666666666663,1.25,0.8712121212121211,0.03787878787878788,0.0,0.0,29.789417989417988,20.0,47.66355140186916,50.0,6.613131313131313
turkey,Super Lig,2025,Berke Can Evli,16.0,G,Turkey,,,0,0,0.0,0.0,0.0,0.0,0.0,0,0,0,0.0,0,,,,,,,,,,,,,,,,,,,,,,,,,,,,
turkey,Super Lig,2025,Berke Özer,25.0,G,Türkiye,190.0,73.0,1,1,90.0,0.0,0.0,0.0,0.0,0,0,0,0.0,0,0.0,0.0,0.0,0.0,0.0,0.0,0.0,35.0,0.0,0.0,0.0,0.0,0.0,0.0,0.0,0.0,0.0,0.0,0.0,0.0,0.0,0.0,0.0,30.0,,,,6.7
turkey,Super Lig,2025,Bertuğ Yıldırım,23.0,F,Türkiye,191.0,83.0,19,5,553.0,7.0,1.0,1.0,0.0,0,0,2,0.0,0,0.81374321880651,2.603978300180832,1.62748643761302,1.139240506329114,0.162748643761302,1.301989150090416,1.139240506329114,13.99638336347197,0.162748643761302,0.976491862567812,0.0,0.488245931283906,1.464737793851718,17.414104882459313,9.602169981916816,0.81374321880651,0.650994575045208,0.162748643761302,1.952983725135624,3.25497287522604,0.325497287522604,0.0,0.0,3.8518518518518516,62.5,55.140186915887845,80.0,7.013200723327306
turkey,Super Lig,2025,Bilal Bayazit,26.0,G,Netherlands,185.0,73.0,28,28,2520.0,0.0,0.0,0.0,2.0,0,0,5,0.0,0,0.0,0.0,0.0,0.0,0.0,0.0,0.0,31.46428571428571,0.0,0.03571428571428571,0.0,0.0,0.03571428571428571,0.3214285714285714,0.2142857142857143,0.03571428571428571,0.03571428571428571,0.0,0.10714285714285715,0.07142857142857142,0.17857142857142855,0.0,0.0,21.250851305334848,,66.66666666666666,100.0,7.046428571428572
turkey,Super Lig,2025,Blaž Kramer,29.0,F,Slovenia,191.0,87.0,11,7,660.0,5.0,0.0,0.0,0.0,0,0,4,0.0,0,0.2727272727272727,1.9090909090909092,1.6363636363636362,0.6818181818181819,0.0,0.6818181818181819,0.6818181818181819,17.863636363636363,0.6818181818181819,0.5454545454545454,0.2727272727272727,0.13636363636363635,0.6818181818181819,12.545454545454547,4.7727272727272725,1.3636363636363638,0.6818181818181819,0.2727272727272727,1.0909090909090908,2.7272727272727275,0.5454545454545454,0.0,0.0,10.106870229007633,85.71428571428571,38.04347826086957,50.0,6.568181818181818
turkey,Super Lig,2025,Boran Baskan,19.0,M,Türkiye,175.0,70.0,3,1,92.0,0.0,0.0,0.0,0.0,0,0,0,0.0,0,0.0,0.9782608695652174,0.0,0.0,0.0,0.0,0.0,69.45652173913044,0.9782608695652174,1.9565217391304348,0.0,0.9782608695652174,2.934782608695652,13.695652173913045,5.869565217391304,0.9782608695652174,0.9782608695652174,0.9782608695652174,0.9782608695652174,2.934782608695652,0.0,0.0,0.0,53.267605633802816,0.0,42.857142857142854,100.0,5.9
turkey,Super Lig,2025,Botond Balogh,23.0,D,Hungary,189.0,83.0,21,18,1657.0,0.0,0.0,0.0,2.0,0,0,6,0.0,0,0.05431502715751358,0.21726010863005432,0.0,0.0,0.0,0.0,0.0,46.87386843693422,0.32589016294508144,1.5208207604103803,1.3035606517803258,1.2492456246228123,2.7700663850331924,8.364514182257091,4.996982498491249,0.16294508147254072,0.0,0.38020519010259507,1.031985515992758,0.9233554616777309,0.32589016294508144,0.0,0.0,40.027809965237545,0.0,59.74025974025974,0.0,6.929450814725407
turkey,Super Lig,2025,Bruno Petković,31.0,F,Croatia,193.0,88.0,18,15,1337.0,7.0,0.0,0.0,0.0,2,0,2,0.0,0,0.5385190725504861,1.3462976813762153,0.8077786088257293,0.47120418848167545,0.0,0.47120418848167545,0.3365744203440538,22.887060583395662,1.144353029169783,0.8077786088257293,0.26925953627524307,0.06731488406881077,0.87509349289454,18.646222887060585,8.010471204188482,1.8848167539267018,0.40388930441286464,0.5385190725504861,2.8945400149588636,1.5482423335826476,0.13462976813762154,0.0,0.0,13.894117647058824,60.0,42.96028880866426,21.428571428571427,6.912864622288706
turkey,Super Lig,2025,Bruno Viana,30.0,D,Brazil,182.0,83.0,6,4,389.0,0.0,0.0,0.0,0.0,0,0,1,0.0,0,0.0,0.2313624678663239,0.0,0.0,0.0,0.0,0.0,54.13881748071979,0.0,2.082262210796915,0.6940874035989717,0.9254498714652956,3.0077120822622105,7.4035989717223645,4.858611825192802,0.0,0.0,0.2313624678663239,0.2313624678663239,1.1568123393316196,0.2313624678663239,0.0,0.0,37.914529914529915,0.0,65.625,,6.943958868894601
turkey,Super Lig,2025,Buluthan Bulut,23.0,M,Türkiye,171.0,58.0,0,0,0.0,0.0,0.0,0.0,0.0,0,0,0,0.0,0,,,,,,,,,,,,,,,,,,,,,,,,,,,,
turkey,Super Lig,2025,Bunyamin Dalkilic,19.0,F,Türkiye,,,0,0,0.0,0.0,0.0,0.0,0.0,0,0,0,0.0,0,,,,,,,,,,,,,,,,,,,,,,,,,,,,
turkey,Super Lig,2025,Burak Gültekin,19.0,M,,,,0,0,0.0,0.0,0.0,0.0,0.0,0,0,0,0.0,0,,,,,,,,,,,,,,,,,,,,,,,,,,,,
turkey,Super Lig,2025,Burak Kapacak,26.0,M,Türkiye,180.0,71.0,12,1,356.0,0.0,1.0,0.0,1.0,0,0,1,0.0,0,0.0,0.5056179775280899,0.5056179775280899,0.0,0.25280898876404495,0.25280898876404495,0.0,27.303370786516854,0.5056179775280899,4.044943820224719,0.0,2.0224719101123596,6.067415730337078,15.421348314606742,7.078651685393258,2.0224719101123596,0.25280898876404495,3.539325842696629,1.2640449438202246,1.5168539325842696,0.25280898876404495,0.0,0.0,8.601851851851851,100.0,45.90163934426229,12.5,6.6138028169014085
turkey,Super Lig,2025,Burhan Ersoy,22.0,M,Türkiye,187.0,80.0,0,0,0.0,0.0,0.0,0.0,0.0,0,0,0,0.0,0,,,,,,,,,,,,,,,,,,,,,,,,,,,,
turkey,Super Lig,2025,Burhan Ersoy,22.0,M,Turkey,,,1,0,8.0,0.0,0.0,0.0,0.0,0,0,0,0.0,0,0.0,0.0,0.0,0.0,0.0,0.0,0.0,78.75,0.0,0.0,0.0,0.0,0.0,0.0,0.0,0.0,0.0,0.0,0.0,0.0,0.0,0.0,0.0,6.0,,,,6.5
turkey,Super Lig,2025,Bünyamin Balcı,25.0,D,Türkiye,173.0,69.0,33,25,2352.0,0.0,4.0,0.0,0.0,0,0,5,0.0,0,0.11479591836734693,0.30612244897959184,0.07653061224489796,0.0,0.15306122448979592,0.15306122448979592,0.0,35.31887755102041,0.6887755102040816,2.5255102040816326,0.3443877551020408,1.0714285714285714,3.5969387755102042,7.844387755102041,4.936224489795919,0.6887755102040816,0.30612244897959184,0.9183673469387754,1.3392857142857142,0.7653061224489797,0.19132653061224492,0.0,0.0,25.51462621885157,25.0,62.926829268292686,44.44444444444444,6.820365646258503
turkey,Super Lig,2025,Cafú,32.0,M,Portugal,185.0,82.0,25,15,1324.0,0.0,1.0,0.0,0.0,0,0,6,0.0,2,0.13595166163141995,0.5438066465256798,0.20392749244712993,0.0,0.06797583081570997,0.06797583081570997,0.0,40.853474320241695,1.0876132930513596,0.6117824773413897,0.33987915407854985,0.6797583081570997,1.2915407854984895,6.457703927492447,3.5347432024169185,1.0196374622356494,0.4758308157099698,0.13595166163141995,1.7673716012084593,1.0876132930513596,0.40785498489425986,0.0,0.13595166163141995,31.056572379367722,37.5,54.736842105263165,46.666666666666664,6.6626888217522655
turkey,Super Lig,2025,Calegari,23.0,D,Brazil,170.0,70.0,22,19,1628.0,1.0,2.0,1.0,0.0,0,0,1,0.0,0,0.0,0.386977886977887,0.22113022113022113,0.05528255528255528,0.11056511056511056,0.16584766584766586,0.05528255528255528,30.902948402948404,0.9398034398034397,1.99017199017199,0.44226044226044225,0.8845208845208845,2.8746928746928746,7.96068796068796,4.92014742014742,1.4373464373464373,0.773955773955774,0.6081081081081081,1.713759213759214,0.995085995085995,0.05528255528255528,0.0,0.0,26.898032200357783,57.14285714285714,61.80555555555556,53.84615384615385,6.944963144963145
turkey,Super Lig,2025,Can Armando Güner,17.0,F,,,,1,0,1.0,0.0,0.0,0.0,0.0,0,0,0,0.0,0,0.0,0.0,0.0,0.0,0.0,0.0,0.0,0.0,0.0,0.0,0.0,0.0,0.0,0.0,0.0,0.0,0.0,0.0,0.0,0.0,0.0,0.0,0.0,,,,,
turkey,Super Lig,2025,Can Keleş,24.0,F,Austria,180.0,77.0,24,9,866.0,0.0,1.0,0.0,0.0,0,0,2,0.0,1,0.3117782909930716,1.3510392609699768,0.4157043879907621,0.0,0.10392609699769052,0.10392609699769052,0.0,17.5635103926097,0.7274826789838338,1.0392609699769053,0.0,0.8314087759815242,1.8706697459584294,10.392609699769054,4.2609699769053115,3.0138568129330254,1.1431870669745958,0.3117782909930716,1.3510392609699768,1.3510392609699768,0.20785219399538105,0.0,0.10392609699769052,10.410714285714286,30.76923076923077,41.0,37.93103448275862,6.513179190751445
turkey,Super Lig,2025,Carlo Holse,26.0,M,Denmark,177.0,69.0,31,29,2608.0,8.0,3.0,0.0,0.0,0,0,1,0.0,0,0.1035276073619632,1.414877300613497,0.75920245398773,0.27607361963190186,0.1035276073619632,0.379601226993865,0.27607361963190186,37.78757668711656,1.276840490797546,2.0360429447852764,0.1035276073619632,0.7246932515337423,2.7607361963190185,9.351993865030675,4.589723926380368,1.0007668711656441,0.6211656441717791,1.3458588957055215,1.0697852760736197,1.1042944785276074,0.03450920245398773,0.0,0.0,31.689497716894977,53.65853658536586,49.07749077490775,62.06896551724138,6.88976226993865
turkey,Super Lig,2025,Carlos Mané,31.0,M,Portugal,173.0,63.0,22,12,1051.0,0.0,1.0,0.0,0.0,0,0,2,0.0,0,0.42816365366317793,0.42816365366317793,0.42816365366317793,0.0,0.0856327307326356,0.0856327307326356,0.0,24.148430066603236,0.6850618458610848,1.9695528068506185,0.0856327307326356,0.8563273073263559,2.8258801141769747,10.27592768791627,4.6241674595623214,2.483349191246432,0.9419600380589914,1.1132254995242625,0.9419600380589914,1.3701236917221695,0.1712654614652712,0.0,0.0,11.336879432624114,100.0,45.0,37.93103448275862,6.511893434823977
turkey,Super Lig,2025,Casper Højer,31.0,D,Denmark,184.0,80.0,32,32,2715.0,0.0,1.0,0.0,1.0,0,0,6,0.0,0,0.03314917127071823,0.36464088397790057,0.0994475138121547,0.0,0.03314917127071823,0.03314917127071823,0.0,42.033149171270715,1.0939226519337018,1.3922651933701657,0.43093922651933697,1.0939226519337018,2.4861878453038675,6.795580110497237,3.5138121546961325,0.8287292817679559,0.49723756906077343,0.8287292817679559,0.6629834254143646,1.3259668508287292,0.1988950276243094,0.0,0.0,35.624605678233436,27.27272727272727,51.707317073170735,60.0,6.742357274401473
turkey,Super Lig,2025,Celil Yüksel,28.0,M,Türkiye,171.0,63.0,20,14,1154.0,0.0,1.0,0.0,0.0,0,0,2,0.0,0,0.0,0.7019064124783362,0.1559792027729636,0.0,0.0779896013864818,0.0779896013864818,0.0,42.66031195840554,1.4038128249566724,3.431542461005199,0.3119584055459272,1.3258232235701908,4.75736568457539,13.882149046793762,6.863084922010398,1.559792027729636,0.8578856152512998,1.559792027729636,1.7937608318890814,2.027729636048527,0.1559792027729636,0.0,0.0,33.12797074954296,22.22222222222222,49.43820224719101,55.00000000000001,6.854939341421145
turkey,Super Lig,2025,Cem Üstündag,25.0,M,Austria,172.0,,18,9,950.0,0.0,0.0,0.0,0.0,0,0,2,0.0,0,0.0,0.37894736842105264,0.0,0.0,0.0,0.0,0.0,26.336842105263155,0.28421052631578947,2.557894736842105,0.09473684210526316,0.6631578947368421,3.221052631578947,10.515789473684212,5.11578947368421,0.9473684210526315,0.28421052631578947,1.231578947368421,1.3263157894736841,1.894736842105263,0.18947368421052632,0.0,0.0,19.28880866425993,0.0,48.64864864864865,30.0,6.598105263157895
turkey,Super Lig,2025,Cemilhan Aslan,17.0,G,Turkey,,,0,0,0.0,0.0,0.0,0.0,0.0,0,0,0,0.0,0,,,,,,,,,,,,,,,,,,,,,,,,,,,,
turkey,Super Lig,2025,Cengiz Alp Köseer,23.0,G,Türkiye,185.0,80.0,0,0,0.0,0.0,0.0,0.0,0.0,0,0,0,0.0,0,,,,,,,,,,,,,,,,,,,,,,,,,,,,
turkey,Super Lig,2025,Cengiz Ünder,28.0,F,Türkiye,173.0,66.0,27,14,1183.0,5.0,3.0,0.0,0.0,1,1,3,0.0,0,0.3043110735418428,2.20625528317836,1.3693998309382924,0.3803888419273035,0.22823330515638207,0.6086221470836856,0.3043110735418428,31.72442941673711,1.978021978021978,1.0650887573964496,0.1521555367709214,0.5325443786982248,1.5976331360946745,6.999154691462384,3.5756551141166524,1.521555367709214,0.760777683854607,0.3043110735418428,1.3693998309382924,0.9129332206255283,0.22823330515638207,0.0,0.0,17.563549160671464,62.06896551724138,51.08695652173913,50.0,6.884446322907862
turkey,Super Lig,2025,Cenk Tosun,34.0,F,Türkiye,183.0,75.0,16,4,468.0,1.0,1.0,1.0,0.0,0,0,4,0.0,0,1.1538461538461537,0.7692307692307693,0.19230769230769232,0.19230769230769232,0.19230769230769232,0.38461538461538464,0.19230769230769232,14.807692307692308,0.38461538461538464,0.19230769230769232,0.19230769230769232,0.19230769230769232,0.38461538461538464,12.5,5.576923076923077,0.5769230769230769,0.19230769230769232,0.0,1.1538461538461537,1.9230769230769231,0.7692307692307693,0.0,0.0,5.8933333333333335,25.0,44.61538461538462,33.33333333333333,6.5042918454935625
turkey,Super Lig,2025,Charles-Andre Raux Yao,24.0,M,France,,,15,5,513.0,2.0,0.0,0.0,0.0,0,0,3,0.0,0,0.0,1.4035087719298245,0.7017543859649122,0.3508771929824561,0.0,0.3508771929824561,0.3508771929824561,33.859649122807014,1.0526315789473684,1.5789473684210527,0.0,0.5263157894736842,2.1052631578947367,20.52631578947368,10.175438596491228,4.7368421052631575,1.7543859649122806,0.8771929824561403,5.614035087719298,2.1052631578947367,0.5263157894736842,0.0,0.0,14.124352331606218,50.0,49.572649572649574,37.03703703703704,6.8990234375
turkey,Super Lig,2025,Cherif Ndiaye,30.0,F,Senegal,190.0,83.0,23,16,1433.0,7.0,1.0,1.0,0.0,0,0,4,0.0,1,0.8792742498255408,1.5073272854152129,0.7536636427076064,0.4396371249127704,0.0628053035589672,0.5024424284717376,0.4396371249127704,18.15073272854152,1.1933007676203768,0.7536636427076064,0.0,0.0,0.7536636427076064,12.686671318911376,6.0293091416608515,1.3189113747383112,0.5652477320307049,0.314026517794836,3.1402651779483604,2.1981856245638522,0.2512212142358688,0.0,0.0628053035589672,13.494809688581315,50.0,47.524752475247524,42.857142857142854,6.861200279134683
turkey,Super Lig,2025,Chibuike Nwaiwu,22.0,D,Nigeria,193.0,,16,15,1310.0,3.0,1.0,0.0,1.0,0,0,0,0.0,0,0.06870229007633588,0.8244274809160306,0.34351145038167935,0.20610687022900764,0.06870229007633588,0.2748091603053435,0.20610687022900764,62.38167938931298,0.34351145038167935,2.4732824427480917,1.3053435114503817,1.4427480916030535,3.9160305343511452,11.473282442748092,7.282442748091603,0.4122137404580153,0.2748091603053435,0.8931297709923665,1.717557251908397,1.0305343511450382,0.0,0.0,0.0,61.970264317180614,41.66666666666667,63.47305389221557,66.66666666666666,7.489381207028266
turkey,Super Lig,2025,Christ Inao Oulaï,19.0,M,Côte d'Ivoire,173.0,,25,24,2078.0,2.0,4.0,0.0,0.0,0,0,9,0.0,0,0.0,0.7795957651588065,0.30317613089509143,0.08662175168431184,0.17324350336862368,0.2598652550529355,0.08662175168431184,53.09913378248315,1.7324350336862366,2.078922040423484,0.08662175168431184,0.9528392685274302,3.0317613089509146,10.957651588065447,5.976900866217518,2.3387872954764193,1.5158806544754573,0.996150144369586,2.12223291626564,1.689124157844081,0.38979788257940323,0.0,0.0,53.249592169657426,38.88888888888889,54.54545454545454,64.81481481481481,7.0784889316650625
turkey,Super Lig,2025,Christ Sadia,18.0,M,Ivory Coast,,,3,0,22.0,0.0,0.0,0.0,0.0,0,0,0,0.0,0,4.090909090909091,0.0,0.0,0.0,0.0,0.0,0.0,12.272727272727272,0.0,0.0,0.0,0.0,0.0,16.363636363636363,8.181818181818182,8.181818181818182,4.090909090909091,0.0,4.090909090909091,0.0,0.0,0.0,0.0,2.0,,50.0,50.0,6.538095238095239
turkey,Super Lig,2025,Christophe Lungoyi,25.0,F,Switzerland,182.0,74.0,29,20,1814.0,3.0,2.0,1.0,0.0,0,0,7,0.0,0,0.3472987872105843,1.538037486218302,0.8434399117971334,0.14884233737596472,0.09922822491730982,0.2480705622932745,0.14884233737596472,20.39140022050717,0.992282249173098,1.1411245865490627,0.04961411245865491,0.2480705622932745,1.3891951488423373,15.231532524807058,7.491730981256891,4.961411245865491,2.232635060639471,0.496141124586549,3.621830209481808,2.1334068357221607,0.3472987872105843,0.0,0.0,14.498783454987835,54.83870967741935,49.185667752442995,45.0,6.952317880794702
turkey,Super Lig,2025,Christopher Operi,28.0,D,Côte d'Ivoire,183.0,73.0,22,22,1824.0,0.0,4.0,0.0,0.0,0,0,3,0.0,0,0.0,0.34539473684210525,0.09868421052631579,0.0,0.19736842105263158,0.19736842105263158,0.0,44.753289473684205,0.7401315789473684,1.282894736842105,0.39473684210526316,1.0855263157894737,2.3684210526315788,8.289473684210526,4.6381578947368425,0.9868421052631579,0.6414473684210525,0.6414473684210525,1.282894736842105,1.0361842105263157,0.14802631578947367,0.0,0.0,37.432194046306506,28.57142857142857,55.952380952380956,65.0,6.9660087719298245
turkey,Super Lig,2025,Cihan Akgün,16.0,M,Turkey,,,0,0,0.0,0.0,0.0,0.0,0.0,0,0,0,0.0,0,,,,,,,,,,,,,,,,,,,,,,,,,,,,
turkey,Super Lig,2025,Cihan Çanak,21.0,F,Belgium,175.0,65.0,18,2,489.0,0.0,0.0,0.0,0.0,0,0,0,0.0,0,0.18404907975460125,0.18404907975460125,0.18404907975460125,0.0,0.0,0.0,0.0,32.94478527607362,0.9202453987730062,1.8404907975460123,0.0,0.736196319018405,2.5766871165644174,13.61963190184049,6.257668711656442,3.4969325153374236,2.0245398773006134,0.9202453987730062,1.47239263803681,1.2883435582822087,0.0,0.0,0.0,13.134078212290502,100.0,45.94594594594595,57.89473684210527,6.6381147540983605
turkey,Super Lig,2025,Cihat Çelik,30.0,M,Netherlands,184.0,72.0,2,0,19.0,0.0,0.0,0.0,0.0,0,0,0,0.0,0,0.0,4.7368421052631575,0.0,0.0,0.0,0.0,0.0,56.84210526315789,0.0,0.0,0.0,0.0,0.0,9.473684210526315,0.0,0.0,0.0,4.7368421052631575,0.0,4.7368421052631575,0.0,0.0,0.0,10.166666666666666,0.0,0.0,,6.531578947368421
turkey,Super Lig,2025,Cláudio Winck,31.0,D,Brazil,184.0,77.0,27,26,2301.0,3.0,1.0,0.0,0.0,0,0,6,0.0,0,0.11734028683181225,0.7822685788787483,0.31290743155149936,0.11734028683181225,0.03911342894393742,0.15645371577574968,0.11734028683181225,28.279009126466754,0.5867014341590613,2.0338983050847457,0.19556714471968709,0.8604954367666231,2.8943937418513688,10.873533246414603,5.90612777053455,1.1734028683181226,0.5084745762711864,0.938722294654498,1.4471968709256844,1.5254237288135593,0.2346805736636245,0.0,0.0,21.698478561549102,40.0,54.31654676258992,43.333333333333336,6.778487614080834
turkey,Super Lig,2025,Dal Varešanović,24.0,M,Bosnia and Herzegovina,177.0,67.0,14,3,340.0,1.0,0.0,0.0,0.0,0,0,0,0.0,0,0.5294117647058824,1.0588235294117647,0.2647058823529412,0.2647058823529412,0.0,0.2647058823529412,0.2647058823529412,20.11764705882353,0.5294117647058824,1.588235294117647,0.2647058823529412,0.5294117647058824,2.1176470588235294,13.23529411764706,4.5,3.4411764705882355,0.7941176470588235,1.0588235294117647,1.8529411764705883,2.1176470588235294,0.0,0.0,0.0,6.105263157894737,25.0,34.0,23.076923076923077,6.468358208955224
turkey,Super Lig,2025,Daniel Agyei,28.0,F,England,183.0,77.0,31,23,2140.0,5.0,0.0,0.0,0.0,0,0,1,0.0,0,0.294392523364486,1.6822429906542056,0.7149532710280374,0.2102803738317757,0.0,0.2102803738317757,0.2102803738317757,15.644859813084112,0.4205607476635514,0.33644859813084116,0.0,0.16822429906542058,0.5046728971962616,12.028037383177569,4.415887850467289,2.985981308411215,1.0934579439252337,0.37850467289719625,1.177570093457944,1.177570093457944,0.042056074766355145,0.0,0.0,12.190860215053764,42.5,36.71328671328671,36.61971830985916,6.6143457943925235
turkey,Super Lig,2025,Daniel Johnson,33.0,M,Jamaica,174.0,67.0,17,11,1017.0,1.0,3.0,0.0,0.0,0,0,3,0.0,0,0.2654867256637168,0.2654867256637168,0.17699115044247787,0.08849557522123894,0.2654867256637168,0.35398230088495575,0.08849557522123894,42.65486725663717,1.68141592920354,0.5309734513274336,0.2654867256637168,0.7079646017699115,1.238938053097345,5.84070796460177,2.2123893805309733,0.9734513274336284,0.44247787610619466,0.6194690265486725,0.7964601769911505,1.3274336283185841,0.2654867256637168,0.0,0.0,35.51244813278009,66.66666666666666,37.878787878787875,45.45454545454545,6.704621435594888
turkey,Super Lig,2025,Daniel Popa,30.0,F,Romania,186.0,80.0,1,1,68.0,0.0,0.0,0.0,0.0,0,0,0,0.0,0,1.3235294117647058,0.0,0.0,0.0,0.0,0.0,0.0,15.882352941176471,1.3235294117647058,1.3235294117647058,0.0,0.0,1.3235294117647058,7.9411764705882355,2.6470588235294117,0.0,0.0,0.0,0.0,2.6470588235294117,0.0,0.0,0.0,10.0,,33.33333333333333,,6.5
turkey,Super Lig,2025,Daniele Verde,29.0,M,Italy,168.0,64.0,8,6,492.0,1.0,4.0,0.0,0.0,0,0,0,0.0,0,0.0,2.378048780487805,1.8292682926829267,0.1829268292682927,0.7317073170731708,0.9146341463414633,0.1829268292682927,28.71951219512195,1.646341463414634,0.0,0.0,1.2804878048780488,1.2804878048780488,4.573170731707317,2.1951219512195124,1.646341463414634,0.9146341463414633,0.3658536585365854,1.2804878048780488,0.3658536585365854,0.0,0.0,0.0,17.802547770700638,76.92307692307693,48.0,55.55555555555556,6.966666666666667
turkey,Super Lig,2025,Danijel Aleksić,34.0,M,Serbia,182.0,75.0,3,3,198.0,1.0,0.0,0.0,0.0,0,0,0,0.0,0,0.0,1.3636363636363638,0.9090909090909092,0.4545454545454546,0.0,0.4545454545454546,0.4545454545454546,35.0,0.9090909090909092,1.8181818181818183,0.0,0.4545454545454546,2.2727272727272725,10.90909090909091,4.545454545454545,0.0,0.0,2.2727272727272725,0.4545454545454546,0.4545454545454546,0.0,0.0,0.0,22.5974025974026,66.66666666666666,41.66666666666667,,6.861616161616161
turkey,Super Lig,2025,Danylo Sikan,24.0,F,Ukraine,187.0,79.0,13,1,252.0,1.0,0.0,1.0,0.0,0,0,2,0.0,0,0.0,2.142857142857143,0.7142857142857142,0.3571428571428571,0.0,0.3571428571428571,0.3571428571428571,27.857142857142858,1.4285714285714284,1.7857142857142856,0.0,0.3571428571428571,2.142857142857143,16.071428571428573,6.785714285714286,1.4285714285714284,0.7142857142857142,0.0,2.5,4.285714285714286,0.7142857142857142,0.0,0.0,9.805194805194805,33.33333333333333,42.22222222222222,50.0,6.373493975903615
turkey,Super Lig,2025,Dario Šarić,28.0,M,Bosnia and Herzegovina,180.0,74.0,24,16,1404.0,1.0,1.0,0.0,0.0,0,0,2,0.0,0,0.19230769230769232,0.6410256410256411,0.32051282051282054,0.06410256410256411,0.06410256410256411,0.12820512820512822,0.06410256410256411,26.666666666666664,0.5128205128205129,2.1794871794871793,0.12820512820512822,0.7051282051282052,2.884615384615384,13.205128205128204,7.435897435897435,2.2435897435897436,0.6410256410256411,0.9615384615384616,3.5256410256410255,1.2179487179487178,0.12820512820512822,0.0,0.0,17.88701923076923,50.0,56.310679611650485,28.57142857142857,6.8128917378917375
turkey,Super Lig,2025,Darko Churlinov,25.0,F,North Macedonia,180.0,73.0,26,12,1060.0,0.0,3.0,0.0,0.0,0,0,2,0.0,0,0.5943396226415094,0.9339622641509433,0.33962264150943394,0.0,0.25471698113207547,0.25471698113207547,0.0,23.264150943396228,0.8490566037735848,1.1037735849056605,0.08490566037735849,0.4245283018867924,1.5283018867924527,10.443396226415095,4.754716981132075,3.5660377358490565,2.207547169811321,0.33962264150943394,1.0188679245283019,0.6792452830188679,0.16981132075471697,0.0,0.0,12.633699633699633,36.36363636363637,45.52845528455284,61.904761904761905,6.550802644003777
turkey,Super Lig,2025,David Datro Fofana,23.0,F,Côte d'Ivoire,181.0,76.0,13,10,983.0,6.0,0.0,0.0,0.0,0,1,0,0.0,0,0.6408952187182095,1.281790437436419,0.7324516785350966,0.5493387589013224,0.0,0.5493387589013224,0.5493387589013224,19.226856561546285,0.8240081383519837,0.4577822990844354,0.0,0.18311291963377416,0.6408952187182095,14.191251271617498,5.127161749745676,4.760935910478128,2.105798575788403,0.18311291963377416,1.281790437436419,1.4649033570701933,0.0,0.0,0.0,13.385714285714286,57.14285714285714,36.12903225806451,44.230769230769226,6.828179043743642
turkey,Super Lig,2025,David Jurásek,25.0,D,Czechia,183.0,76.0,10,7,637.0,0.0,0.0,0.0,0.0,0,0,0,0.0,0,0.42386185243328095,0.141287284144427,0.0,0.0,0.0,0.0,0.0,36.734693877551024,1.130298273155416,1.6954474097331238,0.141287284144427,0.8477237048665619,2.5431711145996863,4.945054945054945,3.3908948194662476,1.130298273155416,0.8477237048665619,0.565149136577708,0.42386185243328095,0.141287284144427,0.0,0.0,0.0,30.73076923076923,0.0,68.57142857142857,75.0,6.918553459119496
turkey,Super Lig,2025,Davide Biraschi,31.0,D,Italy,182.0,73.0,14,14,1145.0,0.0,0.0,0.0,0.0,0,0,1,0.0,0,0.0,0.1572052401746725,0.07860262008733625,0.0,0.0,0.0,0.0,33.48471615720524,0.07860262008733625,0.7860262008733624,0.23580786026200873,1.4934497816593886,2.279475982532751,6.995633187772926,3.930131004366812,0.314410480349345,0.23580786026200873,0.5502183406113537,1.5720524017467248,0.7074235807860262,0.07860262008733625,0.0,0.0,26.835680751173708,50.0,56.17977528089888,75.0,6.690655021834061
turkey,Super Lig,2025,Davie Selke,31.0,F,Germany,195.0,85.0,24,15,1205.0,10.0,0.0,2.0,0.0,2,0,5,0.0,1,0.22406639004149376,2.3900414937759336,1.3443983402489628,0.7468879668049793,0.0,0.7468879668049793,0.5975103734439834,13.892116182572614,0.6721991701244814,0.14937759336099585,0.14937759336099585,0.14937759336099585,0.2987551867219917,12.248962655601659,6.199170124481328,0.2987551867219917,0.14937759336099585,0.4481327800829875,1.79253112033195,1.8672199170124482,0.37344398340248963,0.0,0.07468879668049792,6.967741935483871,56.25,50.609756097560975,50.0,6.850788381742739
turkey,Super Lig,2025,Davinson Sánchez,29.0,D,Colombia,187.0,81.0,30,29,2424.0,1.0,0.0,0.0,1.0,0,0,6,0.0,1,0.03712871287128713,0.37128712871287123,0.11138613861386139,0.03712871287128713,0.0,0.03712871287128713,0.03712871287128713,67.87128712871286,0.48267326732673266,1.8193069306930691,0.7797029702970297,0.8539603960396039,2.673267326732673,8.873762376237623,5.123762376237624,0.556930693069307,0.22277227722772278,0.594059405940594,1.0767326732673268,1.4108910891089108,0.22277227722772278,0.0,0.03712871287128713,60.36870897155361,30.0,57.74058577405857,40.0,7.151938943894389
turkey,Super Lig,2025,Deian Sorescu,28.0,F,Romania,175.0,72.0,25,16,1561.0,3.0,2.0,2.0,0.0,1,1,4,0.0,0,0.3459320948110186,1.6143497757847534,0.5765534913516976,0.1729660474055093,0.11531069827033952,0.2882767456758488,0.11531069827033952,33.32479180012812,1.4413837283792441,1.2684176809737346,0.0,0.7495195387572069,2.0179372197309418,7.552850736707239,3.8052530429212044,1.0954516335682254,0.6342088404868673,0.5765534913516976,1.5566944266495837,1.2684176809737346,0.23062139654067904,0.0,0.0,24.541522491349482,35.714285714285715,50.38167938931297,57.89473684210527,6.824919923126202
turkey,Super Lig,2025,Demir Ege Tıknaz,21.0,M,Türkiye,193.0,78.0,10,2,322.0,0.0,1.0,0.0,0.0,0,0,2,0.0,0,0.0,0.8385093167701864,0.2795031055900621,0.0,0.2795031055900621,0.2795031055900621,0.0,62.608695652173914,0.8385093167701864,3.3540372670807455,0.8385093167701864,0.2795031055900621,3.6335403726708075,14.53416149068323,8.105590062111801,3.0745341614906834,1.6770186335403727,1.3975155279503106,1.1180124223602483,3.3540372670807455,0.5590062111801242,0.0,0.0,34.70982142857143,33.33333333333333,55.769230769230774,54.54545454545454,7.086292834890966
turkey,Super Lig,2025,Denis Drăguş,26.0,F,Romania,185.0,73.0,23,13,1223.0,0.0,1.0,0.0,0.0,0,0,3,0.0,0,0.44153720359771054,1.9869174161896974,0.6623058053965658,0.0,0.07358953393295176,0.07358953393295176,0.0,21.635322976287817,0.7358953393295176,1.9869174161896974,0.0,0.588716271463614,2.5756336876533115,19.501226492232217,8.389206868356501,6.917416189697465,3.2379394930498777,1.3982011447260834,2.5020441537203597,2.2076860179885527,0.22076860179885527,0.0,0.0,13.860544217687075,33.33333333333333,43.0188679245283,46.808510638297875,6.5496320523303355
turkey,Super Lig,2025,Denis Makarov,27.0,M,Russia,182.0,76.0,13,7,647.0,0.0,0.0,1.0,0.0,0,0,3,0.0,0,0.6955177743431221,2.7820710973724885,1.669242658423493,0.0,0.0,0.0,0.0,18.2225656877898,1.5301391035548686,1.1128284389489953,0.2782071097372488,0.2782071097372488,1.3910355486862442,14.46676970633694,5.842349304482226,3.060278207109737,1.5301391035548686,2.7820710973724885,2.2256568778979906,2.3647604327666154,0.41731066460587324,0.0,0.0,7.900763358778626,60.0,40.38461538461539,50.0,6.582998454404946
turkey,Super Lig,2025,Denis Radu,22.0,D,Romania,,,15,7,676.0,0.0,2.0,0.0,0.0,0,0,2,0.0,1,0.1331360946745562,0.3994082840236686,0.0,0.0,0.2662721893491124,0.2662721893491124,0.0,24.497041420118343,1.198224852071006,0.5325443786982248,0.3994082840236686,1.0650887573964496,1.5976331360946745,5.99112426035503,2.396449704142012,1.0650887573964496,0.5325443786982248,0.2662721893491124,0.9319526627218936,1.198224852071006,0.2662721893491124,0.0,0.1331360946745562,14.342391304347826,0.0,40.0,50.0,6.551851851851852
turkey,Super Lig,2025,Deniz Aydogdu,17.0,M,Turkey,,,0,0,0.0,0.0,0.0,0.0,0.0,0,0,0,0.0,0,,,,,,,,,,,,,,,,,,,,,,,,,,,,
turkey,Super Lig,2025,Deniz Ceylan,17.0,D,,,,0,0,0.0,0.0,0.0,0.0,0.0,0,0,0,0.0,0,,,,,,,,,,,,,,,,,,,,,,,,,,,,
turkey,Super Lig,2025,Deniz Dilmen,20.0,G,Türkiye,200.0,84.0,1,1,90.0,0.0,0.0,0.0,0.0,0,0,0,0.0,0,0.0,0.0,0.0,0.0,0.0,0.0,0.0,35.0,0.0,0.0,0.0,0.0,0.0,0.0,0.0,0.0,0.0,0.0,0.0,0.0,0.0,0.0,0.0,25.0,,,,7.5
turkey,Super Lig,2025,Deniz Eren Donmezer,17.0,G,Türkiye,190.0,78.0,2,2,180.0,0.0,0.0,0.0,0.0,0,0,0,0.0,0,0.0,0.0,0.0,0.0,0.0,0.0,0.0,24.499999999999996,0.0,0.0,0.0,0.0,0.0,0.5,0.5,0.0,0.0,0.0,0.5,0.0,0.0,0.0,0.0,18.285714285714285,,100.0,,6.75
turkey,Super Lig,2025,Deniz Ertaş,20.0,G,Türkiye,193.0,77.0,12,12,1075.0,0.0,1.0,0.0,0.0,0,0,2,0.0,0,0.0,0.0,0.0,0.0,0.08372093023255814,0.08372093023255814,0.0,31.47906976744186,0.16744186046511628,0.0,0.0,0.0,0.0,0.08372093023255814,0.0,0.0,0.0,0.08372093023255814,0.0,0.0,0.16744186046511628,0.0,0.0,20.65159574468085,,0.0,,6.848372093023256
turkey,Super Lig,2025,Deniz Türüç,33.0,M,Türkiye,177.0,72.0,25,18,1518.0,1.0,2.0,0.0,0.0,0,0,11,0.0,0,0.17786561264822134,0.8300395256916996,0.4150197628458498,0.05928853754940712,0.11857707509881424,0.17786561264822134,0.05928853754940712,38.359683794466406,1.4229249011857708,1.4229249011857708,0.3557312252964427,0.4150197628458498,1.8379446640316204,9.426877470355732,4.387351778656127,1.4229249011857708,0.7707509881422925,0.8893280632411067,1.1857707509881423,1.2450592885375493,0.6521739130434783,0.0,0.0,25.986089644513136,50.0,46.540880503144656,54.166666666666664,7.076350461133069
turkey,Super Lig,2025,Deniz Yasar,19.0,F,Türkiye,,,0,0,0.0,0.0,0.0,0.0,0.0,0,0,0,0.0,0,,,,,,,,,,,,,,,,,,,,,,,,,,,,
turkey,Super Lig,2025,Devis Vásquez,27.0,G,Colombia,195.0,93.0,1,1,90.0,0.0,0.0,0.0,0.0,0,0,0,0.0,0,0.0,0.0,0.0,0.0,0.0,0.0,0.0,35.0,0.0,0.0,0.0,0.0,0.0,0.0,0.0,0.0,0.0,0.0,0.0,0.0,0.0,0.0,0.0,29.0,,,,7.9
turkey,Super Lig,2025,Devrim Sahin,18.0,F,Türkiye,,,4,2,164.0,0.0,0.0,0.0,0.0,0,0,0,0.0,0,0.0,1.646341463414634,0.5487804878048781,0.0,0.0,0.0,0.0,20.304878048780488,0.5487804878048781,1.0975609756097562,0.0,0.5487804878048781,1.646341463414634,14.268292682926829,7.134146341463414,4.390243902439025,3.292682926829268,1.0975609756097562,0.5487804878048781,2.74390243902439,0.0,0.0,0.0,7.0,33.33333333333333,50.0,75.0,6.4582822085889555
turkey,Super Lig,2025,Diabel Ndoye,18.0,D,Senegal,,,0,0,0.0,0.0,0.0,0.0,0.0,0,0,0,0.0,0,,,,,,,,,,,,,,,,,,,,,,,,,,,,
turkey,Super Lig,2025,Dilhan Demir,22.0,M,Germany,,,6,1,107.0,0.0,0.0,0.0,0.0,0,0,1,0.0,0,0.8411214953271028,0.0,0.0,0.0,0.0,0.0,0.0,25.233644859813083,0.8411214953271028,2.5233644859813085,0.8411214953271028,0.0,2.5233644859813085,15.140186915887849,5.046728971962617,3.364485981308411,0.8411214953271028,1.6822429906542056,1.6822429906542056,4.205607476635514,0.8411214953271028,0.0,0.0,11.518518518518519,,33.33333333333333,25.0,6.34433962264151
turkey,Super Lig,2025,Dimitris Goutas,31.0,D,Greece,189.0,81.0,33,33,2907.0,3.0,0.0,1.0,0.0,0,0,5,0.0,0,0.030959752321981424,0.6501547987616099,0.21671826625386997,0.09287925696594426,0.0,0.09287925696594426,0.09287925696594426,39.690402476780186,0.06191950464396285,1.1764705882352942,0.8049535603715171,1.1145510835913313,2.291021671826625,6.3467492260061915,4.520123839009288,0.06191950464396285,0.06191950464396285,0.15479876160990713,0.46439628482972134,0.43343653250773995,0.15479876160990713,0.0,0.0,41.0390015600624,33.33333333333333,71.21951219512195,100.0,6.986652906776746
turkey,Super Lig,2025,Diogo Gonçalves,28.0,M,Portugal,178.0,70.0,7,2,222.0,2.0,0.0,0.0,0.0,0,0,1,0.0,0,0.40540540540540543,1.6216216216216217,1.2162162162162162,0.8108108108108109,0.0,0.8108108108108109,0.8108108108108109,20.27027027027027,2.0270270270270268,2.0270270270270268,0.0,0.40540540540540543,2.4324324324324325,8.108108108108107,4.45945945945946,1.2162162162162162,0.40540540540540543,0.40540540540540543,1.6216216216216217,2.0270270270270268,0.40540540540540543,0.0,0.0,10.16326530612245,75.0,55.00000000000001,33.33333333333333,7.356108597285067
turkey,Super Lig,2025,Dominik Livaković,31.0,G,Croatia,188.0,79.0,1,1,90.0,0.0,0.0,0.0,0.0,0,0,0,0.0,0,0.0,0.0,0.0,0.0,0.0,0.0,0.0,25.0,0.0,0.0,0.0,0.0,0.0,0.0,0.0,0.0,0.0,0.0,0.0,0.0,0.0,0.0,0.0,17.0,,,,6.7
turkey,Super Lig,2025,Dorin Rotariu,30.0,F,Romania,181.0,72.0,4,0,75.0,0.0,1.0,0.0,0.0,0,0,0,0.0,0,0.0,1.2000000000000002,1.2000000000000002,0.0,1.2000000000000002,1.2000000000000002,0.0,20.4,2.4000000000000004,1.2000000000000002,0.0,1.2000000000000002,2.4000000000000004,9.600000000000001,4.800000000000001,3.6,1.2000000000000002,0.0,0.0,0.0,0.0,0.0,0.0,3.0,100.0,50.0,33.33333333333333,6.691999999999999
turkey,Super Lig,2025,Dorukhan Toköz,29.0,M,Türkiye,180.0,72.0,26,17,1357.0,0.0,0.0,0.0,0.0,0,0,5,0.0,1,0.0,0.3316138540899042,0.0,0.0,0.0,0.0,0.0,31.967575534266764,0.39793662490788506,1.7907148120854826,0.3316138540899042,1.3927781871775977,3.1834929992630805,9.882092851879145,5.173176123802506,0.3316138540899042,0.26529108327192336,1.193809874723655,1.8570375829034633,2.254974207811349,0.3316138540899042,0.0,0.06632277081798084,19.676348547717843,0.0,52.348993288590606,80.0,6.746425939572586
turkey,Super Lig,2025,Doğan Alemdar,23.0,G,Türkiye,192.0,78.0,0,0,0.0,0.0,0.0,0.0,0.0,0,0,0,0.0,0,,,,,,,,,,,,,,,,,,,,,,,,,,,,
turkey,Super Lig,2025,Doğukan Sinik,27.0,F,Türkiye,180.0,71.0,20,9,837.0,0.0,2.0,0.0,1.0,0,0,5,0.0,1,0.3225806451612903,2.1505376344086025,0.4301075268817204,0.0,0.2150537634408602,0.2150537634408602,0.0,24.408602150537636,1.3978494623655913,1.3978494623655913,0.1075268817204301,0.2150537634408602,1.6129032258064515,13.870967741935484,6.236559139784946,5.698924731182796,2.5806451612903225,0.3225806451612903,1.5053763440860215,2.1505376344086025,0.5376344086021506,0.0,0.1075268817204301,13.466960352422907,20.0,44.96124031007752,45.28301886792453,6.480023923444977
turkey,Super Lig,2025,Drissa Camara,23.0,M,Côte d'Ivoire,179.0,69.0,26,21,1741.0,3.0,6.0,3.0,0.0,0,0,6,0.0,1,0.10338885697874785,2.4296381390005743,1.2406662837449742,0.15508328546812178,0.31016657093624356,0.46524985640436534,0.15508328546812178,29.724296381390005,1.344055140723722,1.395749569213096,0.0,0.5686387133831131,1.9643882825962091,14.577828834003446,7.237219988512349,5.5313038483630095,2.4813325674899485,0.6203331418724871,3.049971280873061,1.0855829982768523,0.31016657093624356,0.0,0.051694428489373924,22.360627177700348,51.06382978723404,49.645390070921984,44.85981308411215,7.006896551724138
turkey,Super Lig,2025,Ebrar Yigit Aydin,25.0,G,Türkiye,195.0,85.0,0,0,0.0,0.0,0.0,0.0,0.0,0,0,0,0.0,0,,,,,,,,,,,,,,,,,,,,,,,,,,,,
turkey,Super Lig,2025,Ebrima Ceesay,19.0,M,Gambia,,,1,0,8.0,0.0,0.0,0.0,0.0,0,0,0,0.0,0,0.0,0.0,0.0,0.0,0.0,0.0,0.0,56.25,0.0,0.0,0.0,0.0,0.0,22.5,11.25,0.0,0.0,0.0,0.0,11.25,0.0,0.0,0.0,5.0,,50.0,,6.5
turkey,Super Lig,2025,Ederson,32.0,G,Brazil,188.0,86.0,24,24,2132.0,0.0,0.0,0.0,0.0,0,0,8,0.0,1,0.0,0.0,0.0,0.0,0.0,0.0,0.0,26.468105065666045,0.04221388367729831,0.0,0.0,0.0,0.0,0.5065666041275797,0.5065666041275797,0.0,0.0,0.0,0.25328330206378985,0.0,0.33771106941838647,0.0,0.04221388367729831,20.66507177033493,,100.0,,6.95140712945591
turkey,Super Lig,2025,Edin Višća,35.0,M,Bosnia and Herzegovina,172.0,63.0,9,2,189.0,0.0,0.0,0.0,0.0,0,0,0,0.0,0,0.9523809523809523,2.380952380952381,0.9523809523809523,0.0,0.0,0.0,0.0,31.9047619047619,2.380952380952381,1.4285714285714284,0.47619047619047616,0.47619047619047616,1.9047619047619047,10.476190476190476,5.7142857142857135,0.47619047619047616,0.47619047619047616,2.8571428571428568,3.333333333333333,0.0,0.0,0.0,0.0,8.149253731343284,40.0,54.54545454545454,100.0,6.784656084656085
turkey,Super Lig,2025,Edson Álvarez,28.0,M,Mexico,187.0,73.0,12,10,768.0,0.0,1.0,0.0,0.0,0,0,4,0.0,0,0.1171875,1.0546875,0.5859375,0.0,0.1171875,0.1171875,0.0,60.703125,1.0546875,3.515625,0.703125,1.875,5.390625,14.4140625,7.1484375,1.40625,0.5859375,1.2890625,1.640625,2.578125,0.46875,0.0,0.0,55.91682785299807,55.55555555555556,49.59349593495935,41.66666666666667,6.919190600522193
turkey,Super Lig,2025,Efe Berat Törüz,19.0,G,Turkey,194.0,81.0,0,0,0.0,0.0,0.0,0.0,0.0,0,0,0,0.0,0,,,,,,,,,,,,,,,,,,,,,,,,,,,,
turkey,Super Lig,2025,Efe Doğan,21.0,G,Türkiye,195.0,79.0,0,0,0.0,0.0,0.0,0.0,0.0,0,0,0,0.0,0,,,,,,,,,,,,,,,,,,,,,,,,,,,,
turkey,Super Lig,2025,Efe Seçil,,M,,,,0,0,0.0,0.0,0.0,0.0,0.0,0,0,0,0.0,0,,,,,,,,,,,,,,,,,,,,,,,,,,,,
turkey,Super Lig,2025,Efe Üstün,17.0,G,Türkiye,188.0,,0,0,0.0,0.0,0.0,0.0,0.0,0,0,0,0.0,0,,,,,,,,,,,,,,,,,,,,,,,,,,,,
turkey,Super Lig,2025,Efecan Karaca,36.0,M,Türkiye,169.0,58.0,19,5,544.0,0.0,0.0,0.0,0.0,0,0,3,0.0,0,0.16544117647058823,0.16544117647058823,0.0,0.0,0.0,0.0,0.0,38.38235294117647,1.3235294117647058,1.3235294117647058,0.0,0.16544117647058823,1.4889705882352942,9.099264705882353,5.1286764705882355,0.8272058823529412,0.4963235294117647,0.33088235294117646,2.9779411764705883,1.8198529411764708,0.4963235294117647,0.0,0.0,17.900862068965516,0.0,56.36363636363636,60.0,6.635845588235294
turkey,Super Lig,2025,Efkan Bekiroğlu,30.0,M,Germany,185.0,84.0,25,14,1085.0,3.0,3.0,0.0,0.0,0,0,3,0.0,0,0.08294930875576037,2.1566820276497696,0.5806451612903226,0.2488479262672811,0.2488479262672811,0.4976958525345622,0.2488479262672811,23.39170506912442,2.737327188940092,1.0783410138248848,0.08294930875576037,0.4147465437788018,1.4930875576036868,8.129032258064516,3.1520737327188937,2.4055299539170507,1.1612903225806452,0.5806451612903226,0.5806451612903226,1.5760368663594468,0.2488479262672811,0.0,0.0,13.91814946619217,26.923076923076923,38.775510204081634,48.275862068965516,6.781273062730627
turkey,Super Lig,2025,Ege Albayrak,18.0,G,Türkiye,191.0,75.0,0,0,0.0,0.0,0.0,0.0,0.0,0,0,0,0.0,0,,,,,,,,,,,,,,,,,,,,,,,,,,,,
turkey,Super Lig,2025,Ege Araç,18.0,M,Turkey,,,0,0,0.0,0.0,0.0,0.0,0.0,0,0,0,0.0,0,,,,,,,,,,,,,,,,,,,,,,,,,,,,
turkey,Super Lig,2025,Ege Bilim,19.0,M,Turkey,,,0,0,0.0,0.0,0.0,0.0,0.0,0,0,0,0.0,0,,,,,,,,,,,,,,,,,,,,,,,,,,,,
turkey,Super Lig,2025,Ege Bilim,19.0,M,Türkiye,,,0,0,0.0,0.0,0.0,0.0,0.0,0,0,0,0.0,0,,,,,,,,,,,,,,,,,,,,,,,,,,,,
turkey,Super Lig,2025,Ege Izmirli,18.0,D,Türkiye,,,0,0,0.0,0.0,0.0,0.0,0.0,0,0,0,0.0,0,,,,,,,,,,,,,,,,,,,,,,,,,,,,
turkey,Super Lig,2025,Ege Yildirim,18.0,D,Türkiye,186.0,74.0,1,0,8.0,0.0,0.0,0.0,0.0,0,0,0,0.0,0,0.0,0.0,0.0,0.0,0.0,0.0,0.0,11.25,0.0,0.0,11.25,0.0,0.0,22.5,11.25,11.25,0.0,0.0,0.0,0.0,0.0,0.0,0.0,1.0,,50.0,0.0,6.9
turkey,Super Lig,2025,Egehan Sensoy,,D,,,,0,0,0.0,0.0,0.0,0.0,0.0,0,0,0,0.0,0,,,,,,,,,,,,,,,,,,,,,,,,,,,,
turkey,Super Lig,2025,Egemen Aydin,18.0,G,Türkiye,185.0,80.0,1,0,9.0,0.0,0.0,0.0,0.0,0,0,0,0.0,0,0.0,0.0,0.0,0.0,0.0,0.0,0.0,40.0,0.0,0.0,0.0,0.0,0.0,0.0,0.0,0.0,0.0,0.0,0.0,0.0,0.0,0.0,0.0,3.0,,,,6.9
turkey,Super Lig,2025,Ekrem Kılıçarslan,28.0,G,Türkiye,188.0,,0,0,0.0,0.0,0.0,0.0,0.0,0,0,0,0.0,0,,,,,,,,,,,,,,,,,,,,,,,,,,,,
turkey,Super Lig,2025,El Bilal Touré,24.0,M,Mali,185.0,77.0,22,19,1648.0,5.0,4.0,1.0,0.0,0,0,4,0.0,1,0.5461165048543689,2.075242718446602,1.3106796116504855,0.27305825242718446,0.21844660194174756,0.49150485436893204,0.27305825242718446,27.74271844660194,1.5837378640776698,1.1468446601941746,0.05461165048543689,0.10922330097087378,1.2560679611650487,14.08980582524272,7.099514563106797,2.45752427184466,1.1468446601941746,0.38228155339805825,1.0922330097087378,1.6929611650485437,0.21844660194174756,0.0,0.05461165048543689,21.031496062992126,63.1578947368421,50.3875968992248,46.666666666666664,6.849271844660194
turkey,Super Lig,2025,Elayis Tavsan,24.0,F,Netherlands,183.0,74.0,15,8,815.0,2.0,2.0,0.0,0.0,0,0,1,0.0,0,0.11042944785276074,2.208588957055215,1.1042944785276074,0.22085889570552147,0.22085889570552147,0.44171779141104295,0.22085889570552147,23.742331288343557,1.1042944785276074,2.3190184049079754,0.0,0.3312883435582822,2.6503067484662575,10.822085889570552,6.07361963190184,2.4294478527607364,1.4355828220858897,0.22085889570552147,1.3251533742331287,2.098159509202454,0.11042944785276074,0.0,0.0,14.43720930232558,50.0,56.12244897959183,59.09090909090909,7.06159509202454
turkey,Super Lig,2025,Eldor Shomurodov,30.0,M,Uzbekistan,190.0,76.0,34,34,2928.0,22.0,5.0,0.0,1.0,4,0,0,0.0,0,0.2459016393442623,2.459016393442623,1.4754098360655739,0.6762295081967212,0.15368852459016394,0.8299180327868853,0.5532786885245902,22.899590163934427,1.3217213114754098,0.8299180327868853,0.15368852459016394,0.12295081967213115,0.9528688524590163,8.39139344262295,3.1045081967213113,1.9057377049180326,0.7991803278688524,0.584016393442623,0.5532786885245902,0.6454918032786885,0.0,0.0,0.0,18.114093959731544,60.0,36.996336996337,41.935483870967744,7.196926229508196
turkey,Super Lig,2025,Elias Jelert,22.0,D,Denmark,170.0,62.0,0,0,0.0,0.0,0.0,0.0,0.0,0,0,0,0.0,0,,,,,,,,,,,,,,,,,,,,,,,,,,,,
turkey,Super Lig,2025,Emersonn,21.0,F,Brazil,186.0,72.0,3,1,125.0,1.0,0.0,0.0,0.0,0,0,0,0.0,0,0.0,2.16,1.44,0.72,0.0,0.72,0.72,19.44,0.72,2.88,0.0,0.0,2.88,34.56,18.72,5.04,2.16,0.72,3.6,5.04,0.0,0.0,0.0,8.814814814814815,66.66666666666666,54.166666666666664,42.857142857142854,7.314400000000001
turkey,Super Lig,2025,Emin Eren Sayar,,F,,,,0,0,0.0,0.0,0.0,0.0,0.0,0,0,0,0.0,0,,,,,,,,,,,,,,,,,,,,,,,,,,,,
turkey,Super Lig,2025,Emir Bora Çoban,17.0,M,,,,0,0,0.0,0.0,0.0,0.0,0.0,0,0,0,0.0,0,,,,,,,,,,,,,,,,,,,,,,,,,,,,
turkey,Super Lig,2025,Emir Ortakaya,21.0,D,Türkiye,185.0,74.0,12,8,773.0,0.0,0.0,0.0,0.0,0,0,2,0.0,0,0.1164294954721863,0.34928848641655885,0.0,0.0,0.0,0.0,0.0,47.037516170763254,0.0,1.2807244501940491,0.6985769728331177,2.095730918499353,3.3764553686934025,9.314359637774903,5.588615782664942,0.0,0.0,0.4657179818887452,1.0478654592496766,0.9314359637774904,0.2328589909443726,0.0,0.0,43.03712871287129,0.0,60.0,,6.629366106080207
turkey,Super Lig,2025,Emir Yaşar,20.0,G,Turkey,,,0,0,0.0,0.0,0.0,0.0,0.0,0,0,0,0.0,0,,,,,,,,,,,,,,,,,,,,,,,,,,,,
turkey,Super Lig,2025,Emirhan Topçu,25.0,D,Türkiye,187.0,80.0,21,20,1747.0,1.0,0.0,0.0,0.0,0,0,9,0.0,0,0.05151688609044075,0.5666857469948483,0.30910131654264456,0.05151688609044075,0.0,0.05151688609044075,0.05151688609044075,60.06868918145392,0.4636519748139668,2.5243274184315974,0.7727532913566114,1.5970234688036633,4.12135088723526,9.685174585002862,6.027475672581568,0.5666857469948483,0.412135088723526,0.9273039496279336,0.9273039496279336,1.4939896966227821,0.4636519748139668,0.0,0.0,57.97255574614065,54.54545454545454,62.23404255319149,72.72727272727273,7.080709788208357
turkey,Super Lig,2025,Emirhan Yiğit,19.0,F,Turkey,179.0,70.0,0,0,0.0,0.0,0.0,0.0,0.0,0,0,0,0.0,0,,,,,,,,,,,,,,,,,,,,,,,,,,,,
turkey,Super Lig,2025,Emmanuel Agbadou,28.0,D,Côte d'Ivoire,192.0,80.0,13,12,1090.0,1.0,1.0,0.0,1.0,0,0,4,0.0,0,0.08256880733944955,0.5779816513761469,0.3302752293577982,0.08256880733944955,0.08256880733944955,0.1651376146788991,0.08256880733944955,59.366972477064216,0.6605504587155964,1.8990825688073396,1.1559633027522938,1.4036697247706422,3.302752293577982,8.917431192660551,5.284403669724771,0.6605504587155964,0.41284403669724773,0.5779816513761469,0.41284403669724773,1.4862385321100917,0.3302752293577982,0.0,0.0,59.19193324061196,57.14285714285714,59.25925925925925,62.5,7.147706422018349
turkey,Super Lig,2025,Emmanuel Boateng,29.0,F,Ghana,175.0,70.0,11,4,466.0,1.0,0.0,0.0,0.0,0,0,2,0.0,0,0.38626609442060084,1.9313304721030042,0.7725321888412017,0.19313304721030042,0.0,0.19313304721030042,0.19313304721030042,16.223175965665238,1.1587982832618027,0.5793991416309013,0.19313304721030042,0.0,0.5793991416309013,15.643776824034333,5.987124463519313,0.7725321888412017,0.19313304721030042,0.38626609442060084,1.5450643776824033,2.3175965665236054,0.38626609442060084,0.0,0.0,7.130952380952381,40.0,38.2716049382716,25.0,6.2793991416309005
turkey,Super Lig,2025,Emre Akbaba,33.0,M,Türkiye,180.0,73.0,23,10,1010.0,4.0,0.0,0.0,1.0,1,0,3,0.0,0,0.5346534653465347,1.7821782178217822,0.8910891089108911,0.3564356435643564,0.0,0.3564356435643564,0.26732673267326734,32.43564356435643,1.9603960396039604,2.8514851485148514,0.1782178217821782,0.8910891089108911,3.742574257425743,11.851485148514852,6.594059405940594,1.7821782178217822,1.0693069306930694,1.1584158415841583,1.9603960396039604,1.2475247524752475,0.26732673267326734,0.0,0.0,18.107142857142858,50.0,55.639097744360896,60.0,6.960792079207922
turkey,Super Lig,2025,Emre Bilgin,21.0,G,Türkiye,188.0,76.0,0,0,0.0,0.0,0.0,0.0,0.0,0,0,0,0.0,0,,,,,,,,,,,,,,,,,,,,,,,,,,,,
turkey,Super Lig,2025,Emre Kılınç,31.0,M,Türkiye,174.0,68.0,16,14,1195.0,1.0,5.0,0.0,0.0,0,0,6,0.0,0,0.0,0.9790794979079497,0.45188284518828453,0.07531380753138076,0.37656903765690375,0.45188284518828453,0.07531380753138076,33.74058577405858,1.8075313807531381,2.0334728033472804,0.301255230125523,0.22594142259414227,2.2594142259414225,10.543933054393305,4.895397489539749,1.5815899581589958,0.602510460251046,1.280334728033473,1.4309623430962342,1.506276150627615,0.45188284518828453,0.0,0.0,27.279017857142858,46.15384615384615,46.42857142857143,38.095238095238095,6.808200836820084
turkey,Super Lig,2025,Emre Taşdemir,30.0,D,Türkiye,176.0,70.0,5,1,65.0,0.0,0.0,0.0,0.0,0,0,0,0.0,0,0.0,0.0,0.0,0.0,0.0,0.0,0.0,22.153846153846153,0.0,0.0,0.0,1.3846153846153846,1.3846153846153846,4.153846153846154,2.769230769230769,0.0,0.0,0.0,2.769230769230769,0.0,0.0,0.0,0.0,2.875,,66.66666666666666,,6.7640625
turkey,Super Lig,2025,Emrecan Bulut,23.0,F,Türkiye,185.0,80.0,19,6,611.0,1.0,2.0,0.0,1.0,0,0,1,0.0,0,0.14729950900163666,1.4729950900163666,0.7364975450081833,0.14729950900163666,0.2945990180032733,0.44189852700491,0.14729950900163666,22.0949263502455,0.88379705400982,2.062193126022913,0.2945990180032733,0.44189852700491,2.504091653027823,15.46644844517185,7.07037643207856,5.008183306055646,2.504091653027823,1.4729950900163666,1.1783960720130933,1.76759410801964,0.14729950900163666,0.0,0.0,8.913333333333334,50.0,45.714285714285715,50.0,6.498357963875205
turkey,Super Lig,2025,Emrecan Uzunhan,24.0,D,Türkiye,189.0,85.0,0,0,0.0,0.0,0.0,0.0,0.0,0,0,0,0.0,0,,,,,,,,,,,,,,,,,,,,,,,,,,,,
turkey,Super Lig,2025,Enes Albak,20.0,D,Türkiye,175.0,,3,0,37.0,0.0,0.0,0.0,0.0,0,0,0,0.0,0,0.0,0.0,0.0,0.0,0.0,0.0,0.0,29.18918918918919,0.0,0.0,0.0,0.0,0.0,9.72972972972973,0.0,0.0,0.0,2.4324324324324325,0.0,4.864864864864865,0.0,0.0,0.0,5.0,,0.0,,6.083783783783784
turkey,Super Lig,2025,Enes Gökcek,18.0,D,Türkiye,178.0,65.0,0,0,0.0,0.0,0.0,0.0,0.0,0,0,0,0.0,0,,,,,,,,,,,,,,,,,,,,,,,,,,,,
turkey,Super Lig,2025,Enes Keskin,24.0,M,Türkiye,185.0,75.0,22,7,771.0,0.0,1.0,0.0,2.0,0,0,1,0.0,0,0.4669260700389105,1.1673151750972763,0.4669260700389105,0.0,0.11673151750972763,0.11673151750972763,0.0,35.13618677042802,0.5836575875486382,2.4513618677042803,0.23346303501945526,1.634241245136187,4.085603112840467,12.023346303501945,6.420233463035019,2.217898832684825,0.8171206225680935,1.4007782101167314,2.3346303501945527,1.2840466926070038,0.11673151750972763,0.0,0.0,16.903654485049834,40.0,53.398058252427184,36.84210526315789,6.768015665796345
turkey,Super Lig,2025,Enes Seven,19.0,F,,,,1,0,1.0,0.0,0.0,0.0,0.0,0,0,0,0.0,0,0.0,0.0,0.0,0.0,0.0,0.0,0.0,0.0,0.0,0.0,0.0,0.0,0.0,0.0,0.0,0.0,0.0,0.0,0.0,0.0,0.0,0.0,0.0,,,,,
turkey,Super Lig,2025,Engin Biterge,19.0,G,Türkiye,194.0,86.0,0,0,0.0,0.0,0.0,0.0,0.0,0,0,0,0.0,0,,,,,,,,,,,,,,,,,,,,,,,,,,,,
turkey,Super Lig,2025,Enis Bardhi,30.0,M,North Macedonia,172.0,67.0,32,23,2063.0,5.0,4.0,0.0,0.0,2,0,5,0.0,1,0.17450315075133302,1.74503150751333,0.8288899660688318,0.21812893843916625,0.17450315075133302,0.39263208919049924,0.13087736306349976,33.06834706737761,2.443044110518662,1.3523994183228307,0.0,0.47988366456616577,1.8322830828889967,7.590887057682986,3.6209403780901597,1.570528356761997,0.7416383906931653,0.6980126030053321,1.221522055259331,1.177896267571498,0.21812893843916625,0.0,0.043625787687833255,23.928759894459102,47.5,47.701149425287355,47.22222222222222,6.854629180804654
turkey,Super Lig,2025,Ensar Buğra Tivsiz,18.0,D,Turkey,,,0,0,0.0,0.0,0.0,0.0,0.0,0,0,0,0.0,0,,,,,,,,,,,,,,,,,,,,,,,,,,,,
turkey,Super Lig,2025,Ensar Kemaloğlu,27.0,M,Türkiye,177.0,63.0,1,0,1.0,0.0,0.0,0.0,0.0,0,0,0,0.0,0,0.0,0.0,0.0,0.0,0.0,0.0,0.0,0.0,0.0,0.0,0.0,0.0,0.0,0.0,0.0,0.0,0.0,0.0,0.0,0.0,0.0,0.0,0.0,,,,,
turkey,Super Lig,2025,Enver Kulašin,22.0,F,Bosnia and Herzegovina,,,5,1,132.0,0.0,0.0,0.0,0.0,0,0,1,0.0,0,0.0,1.3636363636363638,0.6818181818181819,0.0,0.0,0.0,0.0,27.954545454545453,1.3636363636363638,3.409090909090909,0.0,0.0,3.409090909090909,11.59090909090909,6.136363636363636,1.3636363636363638,0.0,1.3636363636363638,2.7272727272727275,1.3636363636363638,0.6818181818181819,0.0,0.0,12.682926829268293,50.0,52.94117647058824,0.0,6.824427480916031
turkey,Super Lig,2025,Enzo Roco,33.0,D,Chile,192.0,79.0,7,7,576.0,0.0,0.0,0.0,0.0,0,0,2,0.0,0,0.15625,0.15625,0.0,0.0,0.0,0.0,0.0,42.34375,0.15625,1.25,1.5625,0.9375,2.1875,8.59375,4.375,0.46875,0.15625,0.78125,0.625,1.40625,0.3125,0.0,0.0,35.17343173431734,0.0,50.90909090909091,33.33333333333333,7.231249999999999
turkey,Super Lig,2025,Erdem Canpolat,24.0,G,Germany,194.0,85.0,7,7,630.0,0.0,0.0,0.0,0.0,0,0,2,0.0,0,0.0,0.0,0.0,0.0,0.0,0.0,0.0,26.142857142857146,0.0,0.0,0.0,0.0,0.0,0.4285714285714286,0.2857142857142857,0.0,0.0,0.14285714285714285,0.2857142857142857,0.0,0.2857142857142857,0.0,0.0,13.797814207650273,,66.66666666666666,,6.828571428571428
turkey,Super Lig,2025,Erdem Çetinkaya,24.0,F,Türkiye,177.0,,0,0,0.0,0.0,0.0,0.0,0.0,0,0,0,0.0,0,,,,,,,,,,,,,,,,,,,,,,,,,,,,
turkey,Super Lig,2025,Erdoğan Yeşilyurt,32.0,M,Germany,175.0,70.0,8,5,396.0,0.0,1.0,0.0,0.0,0,0,4,0.0,0,0.0,0.9090909090909092,0.4545454545454546,0.0,0.2272727272727273,0.2272727272727273,0.0,33.40909090909091,1.1363636363636362,1.3636363636363638,0.2272727272727273,2.2727272727272725,3.6363636363636367,6.590909090909091,3.409090909090909,0.9090909090909092,0.2272727272727273,0.4545454545454546,1.5909090909090908,0.6818181818181819,0.9090909090909092,0.0,0.0,34.43150684931507,50.0,51.724137931034484,25.0,6.774242424242424
turkey,Super Lig,2025,Eren Dogan,17.0,M,,,,0,0,0.0,0.0,0.0,0.0,0.0,0,0,0,0.0,0,,,,,,,,,,,,,,,,,,,,,,,,,,,,
turkey,Super Lig,2025,Eren Elmalı,25.0,D,Türkiye,183.0,76.0,25,16,1530.0,3.0,0.0,0.0,0.0,0,0,3,0.0,0,0.058823529411764705,0.5294117647058824,0.3529411764705882,0.1764705882352941,0.0,0.1764705882352941,0.1764705882352941,44.17647058823529,1.647058823529412,1.7058823529411764,0.3529411764705882,0.823529411764706,2.5294117647058822,9.117647058823529,4.529411764705882,1.2941176470588234,0.47058823529411764,0.8823529411764706,0.8823529411764706,0.9411764705882353,0.1764705882352941,0.0,0.0,36.48468708388815,66.66666666666666,49.67741935483871,36.36363636363637,6.970000000000001
turkey,Super Lig,2025,Eren Kiliç,17.0,G,Turkey,,,0,0,0.0,0.0,0.0,0.0,0.0,0,0,0,0.0,0,,,,,,,,,,,,,,,,,,,,,,,,,,,,
turkey,Super Lig,2025,Eren Yagmur,18.0,F,Turkey,,,2,1,76.0,1.0,1.0,0.0,0.0,0,0,0,0.0,0,0.0,2.3684210526315788,1.1842105263157894,1.1842105263157894,1.1842105263157894,2.3684210526315788,1.1842105263157894,23.684210526315788,1.1842105263157894,4.7368421052631575,0.0,1.1842105263157894,5.921052631578947,18.94736842105263,8.289473684210526,4.7368421052631575,2.3684210526315788,1.1842105263157894,0.0,3.552631578947368,0.0,0.0,0.0,5.95,50.0,43.75,50.0,7.515789473684211
turkey,Super Lig,2025,Erhan Erentürk,30.0,G,Türkiye,190.0,85.0,7,7,630.0,0.0,0.0,0.0,0.0,0,0,2,0.0,0,0.0,0.0,0.0,0.0,0.0,0.0,0.0,27.142857142857142,0.0,0.0,0.0,0.0,0.0,0.2857142857142857,0.14285714285714285,0.0,0.0,0.0,0.14285714285714285,0.0,0.2857142857142857,0.0,0.0,14.2,,50.0,,7.114285714285714
turkey,Super Lig,2025,Erk Arda Aslan,17.0,M,Turkey,,,0,0,0.0,0.0,0.0,0.0,0.0,0,0,0,0.0,0,,,,,,,,,,,,,,,,,,,,,,,,,,,,
turkey,Super Lig,2025,Ernest Muçi,24.0,M,Albania,180.0,75.0,27,22,1857.0,11.0,3.0,1.0,0.0,2,0,4,0.0,0,0.1938610662358643,2.9079159935379644,1.4054927302100162,0.5331179321486268,0.14539579967689822,0.6785137318255251,0.43618739903069464,35.088852988691436,2.2778675282714054,0.8723747980613893,0.048465266558966075,0.3877221324717286,1.260096930533118,6.736672051696284,3.0048465266558964,2.374798061389338,1.211631663974152,0.5815831987075929,0.7269789983844911,0.5331179321486268,0.1938610662358643,0.0,0.0,30.052486187845304,48.333333333333336,44.60431654676259,51.02040816326531,7.1720516962843295
turkey,Super Lig,2025,Erol Can Colak,20.0,G,Turkey,,,0,0,0.0,0.0,0.0,0.0,0.0,0,0,0,0.0,0,,,,,,,,,,,,,,,,,,,,,,,,,,,,
turkey,Super Lig,2025,Ersin Destanoğlu,25.0,G,Türkiye,195.0,88.0,25,25,2250.0,0.0,0.0,0.0,0.0,0,0,4,0.0,0,0.0,0.0,0.0,0.0,0.0,0.0,0.0,26.4,0.0,0.0,0.0,0.0,0.0,0.44,0.44,0.0,0.0,0.0,0.27999999999999997,0.0,0.16,0.0,0.0,21.474242424242423,,100.0,,6.976
turkey,Super Lig,2025,Ertuğrul Taşkıran,36.0,G,Türkiye,191.0,83.0,20,20,1800.0,0.0,0.0,0.0,0.0,0,0,2,0.0,0,0.0,0.0,0.0,0.0,0.0,0.0,0.0,20.45,0.0,0.1,0.0,0.0,0.1,0.6000000000000001,0.5,0.0,0.0,0.05,0.25,0.0,0.1,0.0,0.0,15.56479217603912,,83.33333333333334,,7.11
turkey,Super Lig,2025,Esat Yiğit Alkurt,,F,,,,0,0,0.0,0.0,0.0,0.0,0.0,0,0,0,0.0,0,,,,,,,,,,,,,,,,,,,,,,,,,,,,
turkey,Super Lig,2025,Esat Yusuf Narin,18.0,M,Turkey,,,2,0,21.0,0.0,0.0,0.0,0.0,0,0,0,0.0,0,0.0,4.285714285714286,0.0,0.0,0.0,0.0,0.0,4.285714285714286,0.0,0.0,0.0,4.285714285714286,4.285714285714286,12.857142857142856,4.285714285714286,0.0,0.0,0.0,0.0,4.285714285714286,0.0,0.0,0.0,,0.0,33.33333333333333,,6.5
turkey,Super Lig,2025,Eyüp Aydın,21.0,M,Turkey,,,10,4,406.0,0.0,0.0,0.0,0.0,0,0,1,0.0,0,0.0,0.6650246305418719,0.4433497536945813,0.0,0.0,0.0,0.0,42.5615763546798,1.3300492610837438,3.103448275862069,0.22167487684729065,1.1083743842364533,4.211822660098522,12.635467980295566,6.65024630541872,1.1083743842364533,0.22167487684729065,1.3300492610837438,2.6600985221674875,2.2167487684729066,0.22167487684729065,0.0,0.0,22.104166666666668,66.66666666666666,52.63157894736842,20.0,6.5598522167487685
turkey,Super Lig,2025,Eyüp Aydın,21.0,M,Türkiye,181.0,62.0,0,0,0.0,0.0,0.0,0.0,0.0,0,0,0,0.0,0,,,,,,,,,,,,,,,,,,,,,,,,,,,,
turkey,Super Lig,2025,Eyüp Karasu,,M,,,,0,0,0.0,0.0,0.0,0.0,0.0,0,0,0,0.0,0,,,,,,,,,,,,,,,,,,,,,,,,,,,,
turkey,Super Lig,2025,Fatih Aksoy,28.0,D,Türkiye,189.0,79.0,18,9,867.0,0.0,0.0,0.0,0.0,0,0,3,0.0,0,0.0,0.5190311418685122,0.20761245674740486,0.0,0.0,0.0,0.0,51.5916955017301,0.6228373702422145,1.3494809688581315,0.5190311418685122,1.4532871972318337,2.8027681660899653,7.7854671280276815,4.152249134948097,0.5190311418685122,0.31141868512110726,0.5190311418685122,1.1418685121107266,0.9342560553633218,0.31141868512110726,0.0,0.0,43.9738430583501,40.0,53.333333333333336,60.0,6.841291810841984
turkey,Super Lig,2025,Fatih Kurucuk,27.0,D,Türkiye,192.0,80.0,5,2,228.0,0.0,0.0,0.0,0.0,0,0,1,0.0,0,0.0,0.0,0.0,0.0,0.0,0.0,0.0,35.526315789473685,0.0,2.3684210526315788,1.1842105263157894,0.0,2.3684210526315788,15.789473684210526,8.289473684210526,0.39473684210526316,0.0,1.1842105263157894,1.5789473684210527,0.39473684210526316,0.39473684210526316,0.0,0.0,27.844444444444445,,52.5,0.0,6.541592920353983
turkey,Super Lig,2025,Fedor Chalov,27.0,F,Russia,181.0,81.0,14,9,858.0,2.0,1.0,0.0,0.0,0,0,1,0.0,0,0.2097902097902098,1.5734265734265735,0.7342657342657343,0.2097902097902098,0.1048951048951049,0.3146853146853147,0.2097902097902098,34.09090909090909,2.202797202797203,0.5244755244755245,0.1048951048951049,0.2097902097902098,0.7342657342657343,9.44055944055944,3.4615384615384617,1.6783216783216783,0.4195804195804196,0.8391608391608392,1.1538461538461537,0.8391608391608392,0.1048951048951049,0.0,0.0,21.49230769230769,46.666666666666664,36.666666666666664,25.0,6.766433566433567
turkey,Super Lig,2025,Felipe Augusto,21.0,F,Brazil,187.0,78.0,32,26,2202.0,13.0,0.0,0.0,0.0,0,0,1,0.0,0,0.20435967302452318,2.0435967302452314,1.2261580381471389,0.5313351498637602,0.0,0.5313351498637602,0.5313351498637602,12.956403269754768,0.6130790190735694,1.103542234332425,0.24523160762942778,0.44959128065395093,1.553133514986376,10.013623978201636,4.046321525885558,1.880108991825613,0.8583106267029973,0.776566757493188,1.103542234332425,1.430517711171662,0.04087193460490463,0.0,0.0,9.089171974522293,60.0,40.40816326530612,45.65217391304348,6.881244323342416
turkey,Super Lig,2025,Felix Uduokhai,28.0,D,Germany,193.0,89.0,15,12,1124.0,0.0,0.0,0.0,0.0,0,0,4,0.0,0,0.0,0.2402135231316726,0.2402135231316726,0.0,0.0,0.0,0.0,61.81494661921708,0.16014234875444838,1.9217081850533808,0.6405693950177935,1.8416370106761566,3.763345195729537,10.48932384341637,6.485765124555161,0.2402135231316726,0.08007117437722419,0.40035587188612104,1.1209964412811388,1.281138790035587,0.32028469750889677,0.0,0.0,58.182642487046635,100.0,61.832061068702295,33.33333333333333,7.093944790739092
turkey,Super Lig,2025,Festy Ebosele,23.0,D,Republic of Ireland,180.0,75.0,14,9,695.0,0.0,0.0,0.0,0.0,0,0,4,0.0,2,0.0,0.0,0.0,0.0,0.0,0.0,0.0,36.388489208633096,0.2589928057553957,4.532374100719425,0.6474820143884893,1.553956834532374,6.086330935251798,16.964028776978417,9.58273381294964,2.589928057553957,1.683453237410072,1.1654676258992804,2.0719424460431655,2.8489208633093526,0.5179856115107914,0.0,0.2589928057553957,28.242857142857144,,56.48854961832062,65.0,6.905475504322766
turkey,Super Lig,2025,Fidan Aliti,32.0,D,Kosovo,186.0,77.0,30,30,2674.0,0.0,1.0,0.0,0.0,0,0,10,0.0,0,0.0,0.26925953627524307,0.10097232610321616,0.0,0.033657442034405384,0.033657442034405384,0.0,48.46671652954375,0.26925953627524307,1.211667913238594,0.6394913986537023,1.3126402393418102,2.524308152580404,6.630516080777861,4.005235602094241,0.10097232610321616,0.10097232610321616,0.43754674644727,1.4472700074794318,1.3126402393418102,0.3365744203440538,0.0,0.0,51.234027777777776,37.5,60.40609137055838,100.0,6.902655198204937
turkey,Super Lig,2025,Filip Krastev,24.0,M,Bulgaria,178.0,68.0,11,5,488.0,0.0,1.0,0.0,0.0,0,0,1,0.0,0,0.0,1.4754098360655739,0.36885245901639346,0.0,0.18442622950819673,0.18442622950819673,0.0,25.08196721311475,2.028688524590164,4.241803278688525,0.18442622950819673,1.290983606557377,5.532786885245901,18.442622950819672,8.668032786885245,2.9508196721311477,1.6598360655737705,1.290983606557377,1.4754098360655739,4.057377049180328,0.18442622950819673,0.0,0.0,13.330882352941176,25.0,47.0,56.25,6.672540983606558
turkey,Super Lig,2025,Filip Mladenović,34.0,D,Serbia,181.0,69.0,10,10,849.0,1.0,0.0,0.0,0.0,0,0,2,0.0,0,0.0,0.5300353356890459,0.10600706713780918,0.10600706713780918,0.0,0.10600706713780918,0.10600706713780918,37.526501766784456,0.6360424028268551,0.5300353356890459,0.21201413427561835,1.5901060070671378,2.1201413427561837,5.512367491166078,2.65017667844523,0.7420494699646643,0.31802120141342755,0.9540636042402828,1.4840989399293285,0.5300353356890459,0.21201413427561835,0.0,0.0,30.731638418079097,20.0,48.07692307692308,42.857142857142854,6.850058892815077
turkey,Super Lig,2025,Firatcan Üzüm,26.0,D,Türkiye,178.0,,8,4,354.0,0.0,0.0,0.0,0.0,0,0,0,0.0,0,0.0,0.2542372881355932,0.0,0.0,0.0,0.0,0.0,25.93220338983051,0.0,1.5254237288135593,0.2542372881355932,0.2542372881355932,1.7796610169491527,9.152542372881356,5.338983050847458,1.271186440677966,0.2542372881355932,0.2542372881355932,1.7796610169491527,0.5084745762711864,0.0,0.0,0.0,21.323529411764707,0.0,58.333333333333336,20.0,6.653541076487252
turkey,Super Lig,2025,Florent Hadergjonaj,31.0,M,Kosovo,182.0,73.0,29,25,2212.0,6.0,9.0,0.0,0.0,3,0,4,0.0,0,0.0406871609403255,0.650994575045208,0.4475587703435805,0.244122965641953,0.3661844484629295,0.6103074141048824,0.1220614828209765,40.565099457504516,1.7495479204339963,0.976491862567812,0.1220614828209765,0.325497287522604,1.301989150090416,4.801084990958408,2.7260397830018084,0.7730560578661845,0.3661844484629295,0.4475587703435805,0.732368896925859,0.6103074141048824,0.162748643761302,0.0,0.0,31.47542627883651,68.75,56.779661016949156,47.368421052631575,7.206735985533453
turkey,Super Lig,2025,Fousseni Diabaté,30.0,M,Mali,178.0,70.0,27,21,1977.0,1.0,4.0,0.0,0.0,0,0,1,0.0,0,0.1820940819423369,0.4552352048558422,0.31866464339908956,0.045523520485584223,0.1820940819423369,0.2276176024279211,0.045523520485584223,24.446130500758724,1.502276176024279,1.0925644916540214,0.09104704097116845,0.3641881638846738,1.4567526555386952,7.4658573596358115,3.2321699544764795,1.4112291350531108,0.5918057663125948,0.5918057663125948,0.9104704097116844,0.6828528072837633,0.045523520485584223,0.0,0.0,18.18435754189944,70.0,43.292682926829265,41.935483870967744,6.606727364693981
turkey,Super Lig,2025,Franco Tongya,23.0,M,Italy,181.0,76.0,28,27,2280.0,5.0,3.0,1.0,1.0,1,0,6,0.0,1,0.27631578947368424,1.1842105263157894,0.75,0.19736842105263158,0.11842105263157894,0.3157894736842105,0.15789473684210525,22.894736842105264,1.1842105263157894,1.855263157894737,0.11842105263157894,0.47368421052631576,2.3289473684210527,8.842105263157896,4.105263157894737,1.4605263157894735,0.5131578947368421,0.5921052631578947,1.4605263157894735,1.855263157894737,0.23684210526315788,0.0,0.039473684210526314,19.603448275862068,63.33333333333333,46.42857142857143,35.13513513513514,6.747763157894736
turkey,Super Lig,2025,Frantzdy Pierrot,30.0,F,Haiti,194.0,85.0,10,0,127.0,0.0,0.0,0.0,0.0,0,0,0,0.0,0,0.0,2.1259842519685037,0.7086614173228346,0.0,0.0,0.0,0.0,15.590551181102361,0.7086614173228346,0.0,0.0,0.0,0.0,16.299212598425196,7.795275590551181,2.8346456692913384,0.7086614173228346,0.0,2.1259842519685037,0.7086614173228346,0.0,0.0,0.0,2.0952380952380953,33.33333333333333,47.82608695652174,25.0,6.346031746031747
turkey,Super Lig,2025,Fred,32.0,M,Brazil,169.0,64.0,30,15,1480.0,3.0,4.0,0.0,0.0,0,0,3,0.0,0,0.060810810810810814,1.7635135135135136,0.972972972972973,0.18243243243243246,0.24324324324324326,0.4256756756756757,0.18243243243243246,62.4527027027027,2.4324324324324325,2.4932432432432434,0.24324324324324326,1.337837837837838,3.831081081081081,9.912162162162161,5.594594594594595,1.6418918918918919,0.9121621621621622,1.1554054054054055,1.8851351351351353,1.2770270270270272,0.18243243243243246,0.0,0.0,43.06523855890944,55.172413793103445,56.44171779141104,55.55555555555556,7.34195945945946
turkey,Super Lig,2025,Furkan Ayaz,27.0,F,Kenya,,,3,0,29.0,0.0,0.0,0.0,0.0,0,0,0,0.0,0,0.0,3.103448275862069,0.0,0.0,0.0,0.0,0.0,3.103448275862069,0.0,3.103448275862069,0.0,0.0,3.103448275862069,27.931034482758623,9.310344827586206,3.103448275862069,0.0,6.206896551724138,3.103448275862069,0.0,0.0,0.0,0.0,,0.0,33.33333333333333,0.0,6.36551724137931
turkey,Super Lig,2025,Furkan Bayır,25.0,D,Türkiye,188.0,80.0,9,4,351.0,0.0,0.0,0.0,0.0,0,0,2,0.0,0,0.0,0.25641025641025644,0.25641025641025644,0.0,0.0,0.0,0.0,19.743589743589745,0.0,1.2820512820512822,1.2820512820512822,0.7692307692307693,2.0512820512820515,6.923076923076923,3.8461538461538463,0.0,0.0,0.0,0.5128205128205129,1.2820512820512822,0.5128205128205129,0.0,0.0,12.697368421052632,100.0,55.55555555555556,,6.701719197707737
turkey,Super Lig,2025,Furkan Bekleviç,27.0,G,Türkiye,192.0,82.0,2,2,180.0,0.0,0.0,0.0,0.0,0,0,0,0.0,0,0.0,0.0,0.0,0.0,0.0,0.0,0.0,35.5,0.0,0.0,0.0,0.0,0.0,0.0,0.0,0.0,0.0,0.0,0.0,0.0,0.0,0.0,0.0,24.295774647887324,,,,6.45
turkey,Super Lig,2025,Furkan Gedik,23.0,F,Türkiye,,,6,0,49.0,0.0,0.0,0.0,0.0,0,0,0,0.0,0,0.0,1.8367346938775508,0.0,0.0,0.0,0.0,0.0,33.06122448979592,0.0,0.0,0.0,0.0,0.0,11.020408163265305,5.5102040816326525,0.0,0.0,0.0,1.8367346938775508,0.0,0.0,0.0,0.0,6.333333333333333,0.0,50.0,,6.41063829787234
turkey,Super Lig,2025,Furkan Koçak,17.0,M,Türkiye,176.0,,0,0,0.0,0.0,0.0,0.0,0.0,0,0,0,0.0,0,,,,,,,,,,,,,,,,,,,,,,,,,,,,
turkey,Super Lig,2025,Furkan Orak,24.0,D,Türkiye,179.0,73.0,1,0,11.0,0.0,0.0,0.0,0.0,0,0,0,0.0,0,0.0,0.0,0.0,0.0,0.0,0.0,0.0,16.363636363636363,0.0,0.0,0.0,8.181818181818182,8.181818181818182,24.545454545454543,0.0,8.181818181818182,0.0,0.0,0.0,0.0,0.0,0.0,0.0,1.0,,0.0,0.0,6.2
turkey,Super Lig,2025,Furkan Soyalp,30.0,M,Türkiye,175.0,73.0,28,22,1807.0,1.0,0.0,0.0,0.0,0,0,7,0.0,0,0.04980630879911455,1.09573879358052,0.54786939679026,0.04980630879911455,0.0,0.04980630879911455,0.04980630879911455,33.12119535141118,0.7470946319867183,3.038184836745988,0.44825677919203094,1.3447703375760929,4.38295517432208,13.597122302158274,6.77365799667958,0.9463198671831765,0.7470946319867183,2.2910902047592696,1.7432208079690095,2.3907028223574986,0.3486441615938019,0.0,0.0,21.57894736842105,50.0,49.81684981684982,78.94736842105263,6.799059214167127
turkey,Super Lig,2025,Gabriel Paulista,35.0,D,Brazil,185.0,72.0,10,10,865.0,0.0,1.0,0.0,0.0,0,0,1,0.0,0,0.0,0.8323699421965318,0.20809248554913296,0.0,0.10404624277456648,0.10404624277456648,0.0,49.9421965317919,0.20809248554913296,0.7283236994219653,0.7283236994219653,0.6242774566473989,1.352601156069364,6.4508670520231215,4.473988439306359,0.20809248554913296,0.10404624277456648,0.6242774566473989,0.6242774566473989,0.31213872832369943,0.10404624277456648,0.0,0.0,47.22083333333333,25.0,69.35483870967742,50.0,7.071098265895953
turkey,Super Lig,2025,Gabriel Sara,26.0,M,Brazil,176.0,76.0,27,21,1840.0,5.0,4.0,0.0,0.0,0,0,1,0.0,0,0.09782608695652174,1.3695652173913044,0.6358695652173914,0.24456521739130435,0.1956521739130435,0.44021739130434784,0.24456521739130435,50.52717391304348,2.690217391304348,1.565217391304348,0.1956521739130435,0.5869565217391304,2.1521739130434785,8.804347826086957,4.157608695652174,1.8586956521739129,0.733695652173913,0.6358695652173914,0.8315217391304348,1.0271739130434783,0.04891304347826087,0.0,0.0,42.78896418199419,46.42857142857143,47.22222222222222,39.473684210526315,7.297826086956522
turkey,Super Lig,2025,Gaius Makouta,28.0,M,Congo,180.0,75.0,33,32,2681.0,1.0,0.0,0.0,1.0,0,0,7,0.0,0,0.06713912719134651,0.5371130175307721,0.13427825438269303,0.03356956359567326,0.0,0.03356956359567326,0.03356956359567326,40.55203282357329,0.6042521447221186,1.040656471465871,0.06713912719134651,1.040656471465871,2.081312942931742,7.553151809026483,3.8940693770980976,0.8728086534875047,0.4699738903394256,0.43640432674375235,1.5106303618052965,1.2420738530399105,0.2349869451697128,0.0,0.0,36.25662251655629,25.0,51.55555555555556,53.84615384615385,6.731928384930995
turkey,Super Lig,2025,Georgiy Dzhikiya,32.0,D,Russia,188.0,86.0,15,13,1155.0,2.0,0.0,0.0,0.0,0,0,3,0.0,0,0.0,0.38961038961038963,0.23376623376623376,0.15584415584415584,0.0,0.15584415584415584,0.15584415584415584,40.285714285714285,0.0,0.6233766233766234,0.7792207792207793,0.5454545454545454,1.168831168831169,4.207792207792208,2.4155844155844157,0.07792207792207792,0.07792207792207792,0.23376623376623376,0.5454545454545454,0.38961038961038963,0.23376623376623376,0.0,0.0,36.56479690522244,60.0,57.407407407407405,100.0,6.771774891774892
turkey,Super Lig,2025,German Onugkha,29.0,F,Russia,193.0,94.0,27,21,1889.0,8.0,1.0,0.0,0.0,0,0,3,0.0,0,0.4764425622022234,2.0010587612493382,1.0005293806246691,0.38115404976177875,0.04764425622022234,0.4287983059820011,0.38115404976177875,12.43515087347803,0.5240868184224458,0.38115404976177875,0.04764425622022234,0.0,0.38115404976177875,12.911593435680254,5.9078877713075695,0.8575966119640022,0.33350979354155635,0.285865537321334,1.6199047114875595,1.810481736368449,0.142932768660667,0.0,0.0,7.314176245210728,50.0,45.75645756457565,38.88888888888889,6.805452620434092
turkey,Super Lig,2025,Giannis Papanikolaou,27.0,M,Greece,182.0,73.0,30,22,1844.0,1.0,0.0,0.0,1.0,0,0,6,0.0,1,0.09761388286334056,0.7809110629067245,0.09761388286334056,0.04880694143167028,0.0,0.04880694143167028,0.04880694143167028,36.50759219088937,0.6832971800433839,2.4403470715835143,0.2928416485900217,1.1225596529284165,3.5629067245119304,9.224511930585683,5.222342733188721,0.7809110629067245,0.43926247288503256,0.9273318872017354,0.9761388286334056,1.6106290672451193,0.2928416485900217,0.0,0.04880694143167028,28.950402144772116,12.5,56.613756613756614,56.25,6.754910472056429
turkey,Super Lig,2025,Gideon Jung,31.0,D,Germany,189.0,76.0,4,4,305.0,0.0,0.0,0.0,0.0,0,0,1,0.0,0,0.0,0.29508196721311475,0.0,0.0,0.0,0.0,0.0,25.9672131147541,0.29508196721311475,0.5901639344262295,0.0,0.29508196721311475,0.8852459016393444,5.311475409836066,2.360655737704918,0.29508196721311475,0.0,0.29508196721311475,0.8852459016393444,1.180327868852459,0.29508196721311475,0.0,0.0,20.613636363636363,0.0,44.44444444444444,0.0,6.226557377049181
turkey,Super Lig,2025,Gilbert Mendy,,D,,,,0,0,0.0,0.0,0.0,0.0,0.0,0,0,1,0.0,0,,,,,,,,,,,,,,,,,,,,,,,,,,,,
turkey,Super Lig,2025,Godfried Frimpong,26.0,D,Netherlands,180.0,66.0,27,25,2198.0,0.0,1.0,0.0,1.0,0,0,1,0.0,0,0.0818926296633303,0.0818926296633303,0.04094631483166515,0.0,0.04094631483166515,0.04094631483166515,0.0,30.300272975432208,0.532302092811647,0.818926296633303,0.12283894449499545,1.064604185623294,1.883530482256597,5.036396724294814,2.2520473157415832,0.45040946314831665,0.2456778889899909,0.5732484076433121,0.6141947224749772,0.9417652411282985,0.04094631483166515,0.0,0.0,26.43918918918919,50.0,44.71544715447154,54.54545454545454,6.4608101957214386
turkey,Super Lig,2025,Guilherme Haubert Sityá,35.0,D,Brazil,180.0,79.0,22,21,1860.0,0.0,1.0,0.0,0.0,0,0,3,0.0,0,0.04838709677419355,0.14516129032258066,0.04838709677419355,0.0,0.04838709677419355,0.04838709677419355,0.0,38.61290322580645,1.3548387096774195,1.5483870967741935,0.43548387096774194,1.1612903225806452,2.709677419354839,6.145161290322581,3.096774193548387,0.43548387096774194,0.2903225806451613,0.7741935483870968,0.3870967741935484,0.8225806451612904,0.14516129032258066,0.0,0.0,34.147869674185465,33.33333333333333,50.39370078740157,66.66666666666666,6.648279569892472
turkey,Super Lig,2025,Guilherme Luiz,20.0,F,Brazil,,,13,2,233.0,0.0,0.0,0.0,0.0,0,0,1,0.0,0,0.38626609442060084,0.7725321888412017,0.38626609442060084,0.0,0.0,0.0,0.0,10.042918454935624,0.7725321888412017,0.7725321888412017,0.0,0.7725321888412017,1.5450643776824033,17.76824034334764,7.339055793991416,4.635193133047211,3.0901287553648067,0.38626609442060084,1.9313304721030042,2.3175965665236054,0.38626609442060084,0.0,0.0,1.9583333333333333,50.0,41.30434782608695,66.66666666666666,6.602597402597403
turkey,Super Lig,2025,Gökdeniz Gürpüz,19.0,M,Germany,176.0,65.0,1,0,1.0,0.0,0.0,0.0,0.0,0,0,0,0.0,0,0.0,0.0,0.0,0.0,0.0,0.0,0.0,90.0,0.0,90.0,0.0,0.0,90.0,180.0,90.0,0.0,0.0,0.0,0.0,0.0,0.0,0.0,0.0,1.0,,50.0,,
turkey,Super Lig,2025,Gökhan Akkan,31.0,G,Türkiye,188.0,75.0,4,4,360.0,0.0,0.0,0.0,0.0,0,0,1,0.0,0,0.0,0.0,0.0,0.0,0.0,0.0,0.0,31.750000000000004,0.0,0.0,0.0,0.0,0.0,0.75,0.75,0.0,0.0,0.0,0.75,0.0,0.25,0.0,0.0,16.299212598425196,,100.0,,6.4
turkey,Super Lig,2025,Gökhan Değirmenci,36.0,G,Türkiye,185.0,80.0,10,9,855.0,0.0,0.0,0.0,0.0,0,0,1,0.0,0,0.0,0.0,0.0,0.0,0.0,0.0,0.0,28.210526315789473,0.0,0.0,0.0,0.10526315789473685,0.10526315789473685,0.3157894736842105,0.3157894736842105,0.0,0.0,0.0,0.0,0.0,0.10526315789473685,0.0,0.0,19.78731343283582,,100.0,,7.015789473684211
turkey,Super Lig,2025,Gökhan Sazdağı,31.0,D,Türkiye,180.0,72.0,20,17,1575.0,0.0,0.0,0.0,0.0,0,0,5,0.0,0,0.0,0.34285714285714286,0.05714285714285714,0.0,0.0,0.0,0.0,38.0,1.0285714285714285,2.4000000000000004,0.17142857142857143,1.2571428571428571,3.657142857142857,11.428571428571427,6.0,1.6,0.9142857142857143,1.657142857142857,0.8571428571428572,1.657142857142857,0.2857142857142857,0.0,0.0,30.765060240963855,16.666666666666664,52.5,57.14285714285714,6.588754764930115
turkey,Super Lig,2025,Göktan Gürpüz,23.0,M,Türkiye,175.0,60.0,29,25,1938.0,0.0,5.0,0.0,0.0,0,0,2,0.0,0,0.04643962848297213,0.6501547987616099,0.1393188854489164,0.0,0.23219814241486067,0.23219814241486067,0.0,24.102167182662537,1.671826625386997,1.3931888544891642,0.0,0.6501547987616099,2.043343653250774,9.798761609907121,4.272445820433437,4.226006191950464,1.9040247678018576,0.7430340557275541,0.9287925696594427,0.9752321981424149,0.09287925696594426,0.0,0.0,16.70134874759152,21.428571428571427,43.60189573459716,45.05494505494506,6.742466460268318
turkey,Super Lig,2025,Görkem Sağlam,27.0,M,Türkiye,178.0,72.0,11,2,289.0,0.0,0.0,0.0,0.0,0,0,2,0.0,0,0.0,0.9342560553633218,0.31141868512110726,0.0,0.0,0.0,0.0,58.858131487889274,0.9342560553633218,2.179930795847751,0.0,0.0,2.179930795847751,11.211072664359861,5.294117647058823,0.6228373702422145,0.31141868512110726,1.5570934256055364,1.8685121107266436,2.179930795847751,0.6228373702422145,0.0,0.0,22.603174603174605,33.33333333333333,47.22222222222222,50.0,6.729757785467128
turkey,Super Lig,2025,Günay Güvenç,34.0,G,Türkiye,187.0,84.0,9,9,738.0,0.0,0.0,0.0,0.0,0,0,2,0.0,1,0.0,0.0,0.0,0.0,0.0,0.0,0.0,33.65853658536585,0.0,0.12195121951219512,0.0,0.0,0.12195121951219512,0.3658536585365854,0.3658536585365854,0.0,0.0,0.0,0.0,0.12195121951219512,0.24390243902439024,0.0,0.12195121951219512,28.032608695652176,,100.0,,6.892682926829268
turkey,Super Lig,2025,Güray Vural,37.0,M,Türkiye,177.0,65.0,4,3,277.0,2.0,0.0,0.0,0.0,0,0,1,0.0,0,0.3249097472924188,2.9241877256317688,1.6245487364620939,0.6498194945848376,0.0,0.6498194945848376,0.6498194945848376,33.14079422382672,2.2743682310469313,1.2996389891696751,0.0,0.0,1.2996389891696751,10.722021660649819,3.898916967509025,0.9747292418772563,0.3249097472924188,0.9747292418772563,0.6498194945848376,1.6245487364620939,0.3249097472924188,0.0,0.0,21.45098039215686,55.55555555555556,36.36363636363637,33.33333333333333,7.464981949458484
turkey,Super Lig,2025,Güven Yalçın,27.0,F,Türkiye,184.0,77.0,28,12,1009.0,8.0,0.0,0.0,0.0,1,0,2,0.0,0,0.44598612487611494,1.9623389494549057,1.1595639246778988,0.7135777998017839,0.0,0.7135777998017839,0.624380574826561,19.177403369672945,0.44598612487611494,0.17839444995044598,0.267591674925669,0.44598612487611494,0.624380574826561,11.684836471754213,3.389494549058474,2.408325074331021,0.9811694747274529,0.535183349851338,1.4271555996035679,2.3191278493557976,0.17839444995044598,0.0,0.0,8.339712918660288,59.09090909090909,29.00763358778626,40.74074074074074,6.738492063492063
turkey,Super Lig,2025,Habib Keita,23.0,M,Mali,182.0,72.0,28,24,2056.0,1.0,2.0,0.0,0.0,0,0,4,0.0,0,0.0,0.8317120622568094,0.13132295719844359,0.04377431906614786,0.08754863813229571,0.13132295719844359,0.04377431906614786,38.083657587548636,0.5690661478599222,1.7509727626459144,0.17509727626459143,0.7003891050583657,2.4513618677042803,8.492217898832685,4.464980544747082,0.9192607003891051,0.30642023346303504,0.7879377431906615,1.4445525291828791,1.7071984435797665,0.17509727626459143,0.0,0.0,29.589655172413792,15.789473684210526,52.57731958762887,33.33333333333333,6.848589494163424
turkey,Super Lig,2025,Halil Akbunar,32.0,F,Türkiye,170.0,61.0,12,6,513.0,2.0,0.0,0.0,0.0,0,0,1,0.0,0,1.2280701754385963,1.5789473684210527,0.5263157894736842,0.3508771929824561,0.0,0.3508771929824561,0.3508771929824561,25.263157894736842,0.7017543859649122,2.280701754385965,0.17543859649122806,0.3508771929824561,2.631578947368421,10.87719298245614,5.614035087719298,1.9298245614035086,1.4035087719298245,1.2280701754385963,0.8771929824561403,1.4035087719298245,0.17543859649122806,0.0,0.0,13.762237762237762,33.33333333333333,51.61290322580645,72.72727272727273,6.8695906432748535
turkey,Super Lig,2025,Halil Dervişoğlu,26.0,F,Türkiye,183.0,76.0,21,7,888.0,1.0,0.0,0.0,0.0,0,0,4,0.0,0,0.6081081081081081,1.2162162162162162,0.20270270270270271,0.10135135135135136,0.0,0.10135135135135136,0.10135135135135136,16.41891891891892,0.7094594594594594,0.9121621621621622,0.20270270270270271,0.40540540540540543,1.3175675675675675,14.29054054054054,7.297297297297297,3.75,2.0270270270270268,0.6081081081081081,2.331081081081081,1.6216216216216217,0.40540540540540543,0.0,0.0,8.4625,16.666666666666664,51.06382978723404,54.054054054054056,6.787837837837838
turkey,Super Lig,2025,Halil Yeral,25.0,G,Türkiye,190.0,70.0,0,0,0.0,0.0,0.0,0.0,0.0,0,0,0,0.0,0,,,,,,,,,,,,,,,,,,,,,,,,,,,,
turkey,Super Lig,2025,Hamza Akman,21.0,M,Türkiye,170.0,68.0,0,0,0.0,0.0,0.0,0.0,0.0,0,0,0,0.0,0,,,,,,,,,,,,,,,,,,,,,,,,,,,,
turkey,Super Lig,2025,Hamza Güreler,19.0,D,Turkey,192.0,84.0,6,1,156.0,0.0,0.0,0.0,0.0,0,0,0,0.0,0,0.0,0.0,0.0,0.0,0.0,0.0,0.0,49.61538461538462,0.0,1.1538461538461537,0.5769230769230769,1.7307692307692308,2.884615384615384,5.1923076923076925,2.884615384615384,0.0,0.0,0.0,1.1538461538461537,0.5769230769230769,0.0,0.0,0.0,41.03488372093023,,55.55555555555556,,7.061538461538461
turkey,Super Lig,2025,Haris Hajradinović,31.0,M,Bosnia and Herzegovina,178.0,72.0,7,7,554.0,2.0,0.0,0.0,0.0,1,0,2,0.0,0,0.1624548736462094,2.436823104693141,0.9747292418772563,0.3249097472924188,0.0,0.3249097472924188,0.1624548736462094,35.57761732851986,2.111913357400722,2.7617328519855593,0.0,0.6498194945848376,3.4115523465703967,9.909747292418773,5.8483754512635375,1.1371841155234657,0.8122743682310469,0.8122743682310469,2.111913357400722,1.7870036101083033,0.3249097472924188,0.0,0.0,26.602739726027398,40.0,59.01639344262295,71.42857142857143,7.254512635379061
turkey,Super Lig,2025,Hasan Kaan Yalci,18.0,G,Türkiye,190.0,75.0,0,0,0.0,0.0,0.0,0.0,0.0,0,0,0,0.0,0,,,,,,,,,,,,,,,,,,,,,,,,,,,,
turkey,Super Lig,2025,Hasan Yakub İlçin,16.0,M,Türkiye,,,4,3,182.0,0.0,0.0,0.0,0.0,0,0,0,0.0,0,0.0,0.0,0.0,0.0,0.0,0.0,0.0,34.61538461538462,0.4945054945054945,1.978021978021978,0.0,0.989010989010989,2.967032967032967,9.395604395604396,4.945054945054945,2.967032967032967,0.4945054945054945,0.989010989010989,0.989010989010989,0.0,0.0,0.0,0.0,21.84285714285714,,52.63157894736842,16.666666666666664,6.743406593406593
turkey,Super Lig,2025,Haydar Karataş,18.0,M,Turkey,,,1,0,1.0,0.0,0.0,0.0,0.0,0,0,0,0.0,0,0.0,0.0,0.0,0.0,0.0,0.0,0.0,90.0,0.0,0.0,0.0,0.0,0.0,90.0,0.0,0.0,0.0,0.0,0.0,90.0,0.0,0.0,0.0,,,0.0,,
turkey,Super Lig,2025,Henry Onyekuru,28.0,F,Nigeria,175.0,70.0,17,3,327.0,0.0,0.0,0.0,0.0,0,1,1,0.0,0,1.3761467889908257,0.8256880733944955,0.5504587155963303,0.0,0.0,0.0,0.0,18.71559633027523,0.8256880733944955,0.5504587155963303,0.0,1.1009174311926606,1.651376146788991,8.53211009174312,3.302752293577982,1.926605504587156,0.5504587155963303,0.0,1.926605504587156,1.3761467889908257,0.27522935779816515,0.0,0.0,5.985294117647059,66.66666666666666,38.70967741935484,28.57142857142857,6.477258566978192
turkey,Super Lig,2025,Hrvoje Smolčić,25.0,D,Croatia,183.0,80.0,26,26,2229.0,1.0,1.0,0.0,2.0,0,0,2,0.0,0,0.08075370121130551,0.4037685060565276,0.2018842530282638,0.040376850605652756,0.040376850605652756,0.08075370121130551,0.040376850605652756,62.664872139973085,0.3633916554508748,1.2113055181695829,0.8882907133243607,1.4535666218034993,2.664872139973082,8.802153432032302,4.6837146702557195,0.5248990578734859,0.4037685060565276,0.4037685060565276,0.6056527590847914,1.7362045760430687,0.08075370121130551,0.0,0.0,59.54639175257732,50.0,53.21100917431193,76.92307692307693,7.08721399730821
turkey,Super Lig,2025,Huseyin Sen,17.0,F,Turkey,,,0,0,0.0,0.0,0.0,0.0,0.0,0,0,0,0.0,0,,,,,,,,,,,,,,,,,,,,,,,,,,,,
turkey,Super Lig,2025,Husniddin Alikulov,26.0,D,Uzbekistan,186.0,74.0,7,5,427.0,0.0,0.0,0.0,1.0,0,0,4,0.0,0,0.0,0.2107728337236534,0.2107728337236534,0.0,0.0,0.0,0.0,50.79625292740047,0.4215456674473068,0.6323185011709602,0.4215456674473068,2.740046838407494,3.3723653395784545,9.063231850117097,5.269320843091335,0.0,0.0,0.4215456674473068,0.2107728337236534,1.8969555035128804,0.8430913348946136,0.0,0.0,45.63900414937759,100.0,58.139534883720934,,6.693427230046948
turkey,Super Lig,2025,Hyun-gyu Oh,24.0,F,Korea Republic,185.0,72.0,13,12,1086.0,6.0,1.0,2.0,0.0,0,0,2,0.0,0,0.6629834254143646,1.740331491712707,1.0773480662983426,0.49723756906077343,0.08287292817679558,0.580110497237569,0.49723756906077343,16.740331491712706,0.7458563535911602,0.16574585635359115,0.08287292817679558,0.24861878453038672,0.41436464088397795,11.187845303867404,4.806629834254144,0.6629834254143646,0.3314917127071823,0.49723756906077343,2.320441988950276,1.6574585635359118,0.16574585635359115,0.0,0.0,12.861386138613861,61.904761904761905,42.96296296296296,50.0,7.149079189686924
turkey,Super Lig,2025,Héliton,30.0,D,Brazil,195.0,88.0,32,32,2871.0,0.0,1.0,0.0,0.0,0,0,10,0.0,1,0.12539184952978058,1.1912225705329154,0.25078369905956116,0.0,0.031347962382445145,0.031347962382445145,0.0,20.25078369905956,0.12539184952978058,0.877742946708464,0.689655172413793,0.9404388714733543,1.8181818181818183,8.150470219435736,5.015673981191223,0.219435736677116,0.12539184952978058,0.12539184952978058,0.219435736677116,0.9717868338557993,0.31347962382445144,0.0,0.031347962382445145,16.8343653250774,21.052631578947366,61.53846153846154,57.14285714285714,6.827899686520377
turkey,Super Lig,2025,Hüseyin Türkmen,28.0,D,Türkiye,183.0,75.0,20,16,1436.0,0.0,0.0,0.0,2.0,0,0,0,0.0,0,0.0,0.25069637883008355,0.06267409470752089,0.0,0.0,0.0,0.0,39.54735376044569,0.06267409470752089,1.3161559888579386,0.7520891364902508,2.0055710306406684,3.3217270194986073,7.082172701949861,3.3217270194986073,0.12534818941504178,0.06267409470752089,0.7520891364902508,0.5013927576601671,0.7520891364902508,0.0,0.0,0.0,36.36767036450079,25.0,46.902654867256636,50.0,6.855431754874652
turkey,Super Lig,2025,Ianis Hagi,27.0,F,Romania,182.0,74.0,26,16,1404.0,3.0,2.0,0.0,1.0,0,0,4,0.0,0,0.19230769230769232,1.794871794871795,0.7051282051282052,0.19230769230769232,0.12820512820512822,0.32051282051282054,0.19230769230769232,29.74358974358974,2.3076923076923075,1.2820512820512822,0.06410256410256411,0.32051282051282054,1.6025641025641026,10.448717948717949,5.705128205128205,2.1153846153846154,0.9615384615384616,0.9615384615384616,3.076923076923077,1.2179487179487178,0.25641025641025644,0.0,0.0,18.950431034482758,39.285714285714285,54.601226993865026,45.45454545454545,6.978062678062678
turkey,Super Lig,2025,Ibrahim Kagan Alkis,20.0,G,Türkiye,,,0,0,0.0,0.0,0.0,0.0,0.0,0,0,0,0.0,0,,,,,,,,,,,,,,,,,,,,,,,,,,,,
turkey,Super Lig,2025,Ibrahim Kaya,24.0,F,Türkiye,184.0,,30,11,1170.0,6.0,1.0,0.0,0.0,1,0,2,0.0,0,0.3076923076923077,2.0,1.076923076923077,0.46153846153846156,0.07692307692307693,0.5384615384615385,0.38461538461538464,19.53846153846154,1.3846153846153846,0.5384615384615385,0.07692307692307693,0.38461538461538464,0.9230769230769231,10.461538461538462,4.615384615384615,2.6923076923076925,0.9230769230769231,0.38461538461538464,2.6153846153846154,0.9230769230769231,0.15384615384615385,0.0,0.0,9.649606299212598,53.84615384615385,44.11764705882353,34.285714285714285,6.794082332761578
turkey,Super Lig,2025,Ibrahim Olawoyin,28.0,M,Nigeria,178.0,73.0,28,25,2039.0,1.0,1.0,0.0,1.0,0,0,3,0.0,0,0.17655713585090732,0.6620892594409025,0.22069641981363414,0.04413928396272683,0.04413928396272683,0.08827856792545366,0.04413928396272683,33.634134379597846,0.8386463952918097,1.765571358509073,0.30897498773908777,0.7503678273663561,2.515939185875429,12.22658165767533,6.488474742520843,2.736635605689063,1.5007356547327122,0.4413928396272683,2.4276606179499756,1.6772927905836195,0.13241785188818048,0.0,0.0,26.353018372703414,33.33333333333333,53.068592057761734,54.83870967741935,6.878224619911721
turkey,Super Lig,2025,Ibrahim Sabra,20.0,F,Jordan,185.0,80.0,9,0,89.0,1.0,0.0,0.0,0.0,0,0,1,0.0,0,0.0,4.044943820224719,3.033707865168539,1.0112359550561798,0.0,1.0112359550561798,1.0112359550561798,20.224719101123593,0.0,0.0,0.0,0.0,0.0,41.46067415730337,8.089887640449438,4.044943820224719,1.0112359550561798,2.0224719101123596,1.0112359550561798,5.056179775280898,1.0112359550561798,0.0,0.0,2.9,75.0,19.51219512195122,25.0,6.304597701149425
turkey,Super Lig,2025,Igor Lichnovsky,31.0,D,Chile,188.0,80.0,13,13,1170.0,0.0,2.0,0.0,1.0,0,0,3,0.0,0,0.0,0.15384615384615385,0.0,0.0,0.15384615384615385,0.15384615384615385,0.0,39.15384615384615,0.3076923076923077,1.076923076923077,0.3076923076923077,1.3076923076923077,2.3846153846153846,5.230769230769231,3.615384615384616,0.07692307692307693,0.07692307692307693,0.07692307692307693,0.38461538461538464,0.6153846153846154,0.23076923076923078,0.0,0.0,41.088408644400786,0.0,69.11764705882352,100.0,7.015384615384615
turkey,Super Lig,2025,Indrit Tuci,25.0,F,Albania,,,20,6,781.0,3.0,0.0,0.0,0.0,0,0,1,0.0,0,0.4609475032010243,2.9961587708066584,1.6133162612035852,0.34571062740076824,0.0,0.34571062740076824,0.34571062740076824,19.590268886043535,0.5761843790012804,0.8066581306017926,0.0,0.4609475032010243,1.267605633802817,14.404609475032009,5.761843790012804,0.9218950064020486,0.34571062740076824,0.5761843790012804,2.535211267605634,2.65044814340589,0.11523687580025607,0.0,0.0,8.694117647058823,53.84615384615385,40.0,37.5,6.5051216389244555
turkey,Super Lig,2025,Ismail Esat Buga,19.0,M,Türkiye,,,4,1,116.0,0.0,0.0,0.0,0.0,0,0,0,0.0,0,0.7758620689655172,0.0,0.0,0.0,0.0,0.0,0.0,25.60344827586207,1.5517241379310345,2.3275862068965516,0.0,0.0,2.3275862068965516,12.413793103448276,7.758620689655173,2.3275862068965516,2.3275862068965516,3.103448275862069,1.5517241379310345,0.0,0.0,0.0,0.0,9.969696969696969,,62.5,100.0,6.816521739130436
turkey,Super Lig,2025,Ismail Jakobs,26.0,D,Senegal,184.0,75.0,25,15,1310.0,0.0,1.0,0.0,0.0,0,0,1,0.0,0,0.0,0.20610687022900764,0.0,0.0,0.06870229007633588,0.06870229007633588,0.0,41.770992366412216,0.8244274809160306,1.9236641221374047,0.13740458015267176,0.8931297709923665,2.816793893129771,7.282442748091603,4.32824427480916,1.0305343511450382,0.549618320610687,0.48091603053435117,0.6870229007633587,0.8244274809160306,0.06870229007633588,0.0,0.0,26.76480263157895,0.0,59.43396226415094,53.333333333333336,6.748320610687022
turkey,Super Lig,2025,Ismaila Manga,,M,,,,4,0,29.0,0.0,0.0,0.0,0.0,0,0,1,0.0,0,0.0,0.0,0.0,0.0,0.0,0.0,0.0,34.137931034482754,0.0,3.103448275862069,0.0,0.0,3.103448275862069,21.724137931034484,6.206896551724138,3.103448275862069,0.0,3.103448275862069,3.103448275862069,3.103448275862069,3.103448275862069,0.0,0.0,3.4545454545454546,,28.57142857142857,0.0,6.586956521739131
turkey,Super Lig,2025,Ivan Brnić,24.0,F,Croatia,175.0,68.0,28,7,929.0,4.0,3.0,0.0,0.0,0,0,0,0.0,0,0.2906350914962325,1.8406889128094726,0.8719052744886975,0.38751345532831,0.2906350914962325,0.6781485468245425,0.38751345532831,32.16361679224973,2.0344456404736277,0.48439181916038754,0.0,0.6781485468245425,1.16254036598493,6.7814854682454255,2.71259418729817,3.5844994617868675,1.9375672766415502,0.77502691065662,0.193756727664155,0.0968783638320775,0.0,0.0,0.0,13.86144578313253,47.368421052631575,40.0,54.054054054054056,7.086299892125135
turkey,Super Lig,2025,Ivo Grbić,30.0,G,Croatia,195.0,83.0,32,32,2880.0,0.0,0.0,0.0,0.0,0,0,3,0.0,0,0.0,0.0,0.0,0.0,0.0,0.0,0.0,34.25,0.0625,0.15625,0.0,0.03125,0.1875,0.625,0.5625,0.0,0.0,0.03125,0.1875,0.0,0.09375,0.0,0.0,27.076642335766422,,90.0,,7.25
turkey,Super Lig,2025,Jackson Muleka,26.0,F,Congo DR,180.0,77.0,29,25,2237.0,6.0,3.0,0.0,0.0,1,0,4,0.0,0,0.2413947250782298,2.172552525704068,1.005811354492624,0.2413947250782298,0.1206973625391149,0.3620920876173446,0.2011622708985248,23.33482342422888,0.8046490835940991,1.4081358962896737,0.1206973625391149,0.7241841752346893,2.132320071524363,15.73088958426464,8.126955744300401,2.977201609298167,1.4483683504693785,0.5230219043361646,3.097898971837282,1.6495306213679033,0.16092981671881984,0.0,0.0,17.19137931034483,46.2962962962963,51.66240409207161,48.64864864864865,6.8919535091640585
turkey,Super Lig,2025,Jadel Katongo,21.0,D,England,,,10,7,641.0,0.0,0.0,0.0,1.0,0,0,1,0.0,0,0.14040561622464898,0.5616224648985959,0.14040561622464898,0.0,0.0,0.0,0.0,29.906396255850236,0.14040561622464898,1.684867394695788,0.5616224648985959,0.702028081123245,2.386895475819033,8.424336973478939,4.633385335413417,0.5616224648985959,0.28081123244929795,1.1232449297971918,1.1232449297971918,1.1232449297971918,0.14040561622464898,0.0,0.0,27.272300469483568,25.0,55.00000000000001,50.0,6.446957878315133
turkey,Super Lig,2025,Jakub Kałuziński,23.0,M,Poland,184.0,64.0,13,4,536.0,0.0,1.0,0.0,0.0,0,0,2,0.0,0,0.0,0.8395522388059701,0.6716417910447761,0.0,0.16791044776119401,0.16791044776119401,0.0,63.973880597014926,2.1828358208955225,1.6791044776119401,0.16791044776119401,0.8395522388059701,2.5186567164179103,8.899253731343283,4.5335820895522385,0.33582089552238803,0.33582089552238803,1.1753731343283582,1.3432835820895521,1.8470149253731343,0.33582089552238803,0.0,0.0,33.36745406824147,80.0,50.943396226415096,100.0,6.900746268656717
turkey,Super Lig,2025,Janderson,26.0,F,Brazil,186.0,77.0,32,30,2473.0,6.0,3.0,0.0,0.0,0,1,8,0.0,0,0.509502628386575,1.965224423776789,0.9098261221188839,0.21835826930853214,0.10917913465426607,0.32753740396279823,0.21835826930853214,15.21229276182774,1.310149615851193,1.01900525677315,0.10917913465426607,0.14557217953902143,1.1645774363121715,18.487666801455724,6.58714112414072,2.6566922765871412,1.0553983016579054,0.509502628386575,0.4367165386170643,2.0380105135463,0.29114435907804287,0.0,0.0,8.240384615384615,46.2962962962963,35.62992125984252,39.726027397260275,6.605822887181561
turkey,Super Lig,2025,Jankat Yılmaz,21.0,G,Türkiye,193.0,75.0,14,14,1260.0,0.0,0.0,0.0,0.0,0,0,3,0.0,0,0.0,0.0,0.0,0.0,0.0,0.0,0.0,37.5,0.2142857142857143,0.0,0.0,0.0,0.0,0.9285714285714286,0.6428571428571428,0.07142857142857142,0.0,0.07142857142857142,0.14285714285714285,0.07142857142857142,0.2142857142857143,0.0,0.0,23.386666666666667,,69.23076923076923,0.0,7.314285714285714
turkey,Super Lig,2025,Jaures Assoumou,23.0,M,Mali,182.0,,6,5,368.0,1.0,0.0,0.0,0.0,0,0,0,0.0,0,0.24456521739130435,1.2228260869565217,0.4891304347826087,0.24456521739130435,0.0,0.24456521739130435,0.24456521739130435,25.43478260869565,0.733695652173913,0.9782608695652174,0.0,0.9782608695652174,1.9565217391304348,11.739130434782608,4.891304347826087,1.9565217391304348,0.9782608695652174,0.9782608695652174,2.4456521739130435,1.467391304347826,0.0,0.0,0.0,16.14423076923077,40.0,41.66666666666667,50.0,6.742663043478261
turkey,Super Lig,2025,Jayden Oosterwolde,24.0,D,Netherlands,189.0,81.0,31,29,2626.0,0.0,0.0,0.0,1.0,0,0,13,0.0,1,0.06854531607006854,0.44554455445544555,0.1370906321401371,0.0,0.0,0.0,0.0,64.53541507996954,0.2741812642802742,1.2338156892612338,0.5826351865955827,0.9596344249809596,2.1934501142421934,7.060167555217061,3.872810357958873,0.7882711348057883,0.5140898705255141,0.20563594821020564,0.8225437928408226,1.4394516374714394,0.44554455445544555,0.0,0.03427265803503427,61.33138608603293,30.76923076923077,54.85436893203883,65.21739130434783,6.926961157654227
turkey,Super Lig,2025,Jeh,26.0,F,Brazil,,,16,4,491.0,2.0,0.0,1.0,0.0,1,0,3,0.0,0,0.5498981670061099,4.032586558044806,1.8329938900203666,0.3665987780040733,0.0,0.3665987780040733,0.18329938900203666,15.580448065173115,1.64969450101833,0.7331975560081466,0.18329938900203666,0.0,0.7331975560081466,24.562118126272914,9.714867617107943,2.1995926680244398,1.0997963340122199,0.3665987780040733,2.016293279022403,4.94908350305499,0.5498981670061099,0.0,0.0,4.433734939759036,45.45454545454545,39.55223880597015,50.0,6.6672097759674145
turkey,Super Lig,2025,Jerome Opoku,27.0,D,England,194.0,79.0,32,31,2741.0,0.0,1.0,0.0,0.0,0,0,10,0.0,0,0.0,0.22984312294782927,0.06566946369937979,0.0,0.032834731849689894,0.032834731849689894,0.0,54.11163808828894,0.16417365924844948,0.7223641006931777,0.952207223641007,1.2148850784385261,1.9372491791317037,7.781831448376505,4.564027727106895,0.32834731849689897,0.09850419554906968,0.09850419554906968,1.3133892739875959,1.7730755198832544,0.32834731849689897,0.0,0.0,53.33980582524272,28.57142857142857,58.64978902953587,30.0,6.864611455673113
turkey,Super Lig,2025,Jesper Ceesay,24.0,M,Gambia,192.0,,31,22,2139.0,0.0,0.0,0.0,1.0,0,0,4,0.0,0,0.04207573632538569,0.25245441795231416,0.08415147265077139,0.0,0.0,0.0,0.0,31.136044880785416,0.37868162692847124,2.14586255259467,0.33660589060308554,1.4305750350631135,3.576437587657784,6.437587657784011,4.123422159887799,0.21037868162692847,0.12622720897615708,0.6732117812061711,0.9256661991584852,0.7573632538569425,0.16830294530154277,0.0,0.0,26.40921409214092,33.33333333333333,64.05228758169935,60.0,6.808555399719495
turkey,Super Lig,2025,Jesurun Rak-Sakyi,23.0,M,England,178.0,,11,11,817.0,4.0,1.0,0.0,0.0,0,0,1,0.0,0,0.33047735618115054,1.5422276621787023,0.9914320685434517,0.4406364749082007,0.11015911872705017,0.550795593635251,0.4406364749082007,26.107711138310894,0.8812729498164014,1.101591187270502,0.11015911872705017,0.33047735618115054,1.4320685434516525,8.702570379436965,3.8555691554467564,3.9657282741738067,1.6523867809057529,0.4406364749082007,0.7711138310893512,0.9914320685434517,0.11015911872705017,0.0,0.0,19.189873417721518,64.28571428571429,44.303797468354425,41.66666666666667,6.985067319461445
turkey,Super Lig,2025,Jhon Durán,22.0,F,Colombia,185.0,73.0,10,6,543.0,3.0,2.0,1.0,0.0,0,0,2,0.0,0,1.3259668508287292,1.6574585635359118,0.9944751381215469,0.49723756906077343,0.3314917127071823,0.8287292817679559,0.49723756906077343,21.04972375690608,0.9944751381215469,0.6629834254143646,0.16574585635359115,0.0,0.6629834254143646,8.784530386740332,5.138121546961326,1.3259668508287292,0.8287292817679559,0.0,2.154696132596685,1.9889502762430937,0.3314917127071823,0.0,0.0,12.62992125984252,60.0,58.490566037735846,62.5,7.018232044198895
turkey,Super Lig,2025,Jhon Espinoza,26.0,D,Ecuador,180.0,77.0,10,6,558.0,0.0,0.0,0.0,0.0,0,0,4,0.0,0,0.0,0.8064516129032258,0.0,0.0,0.0,0.0,0.0,34.83870967741935,0.8064516129032258,1.2903225806451613,0.4838709677419355,1.4516129032258065,2.7419354838709675,8.709677419354838,3.870967741935484,0.8064516129032258,0.4838709677419355,0.967741935483871,0.8064516129032258,2.2580645161290325,0.6451612903225806,0.0,0.0,32.013888888888886,0.0,44.44444444444444,60.0,6.586690647482014
turkey,Super Lig,2025,Jim Allevinah,30.0,F,Gabon,172.0,67.0,8,3,277.0,1.0,0.0,0.0,0.0,0,0,2,0.0,0,0.0,1.9494584837545126,0.6498194945848376,0.3249097472924188,0.0,0.3249097472924188,0.3249097472924188,16.895306859205775,1.2996389891696751,3.2490974729241877,0.3249097472924188,0.9747292418772563,4.223826714801444,15.5956678700361,8.772563176895307,2.9241877256317688,1.9494584837545126,2.2743682310469313,2.9241877256317688,1.6245487364620939,0.6498194945848376,0.0,0.0,8.711538461538462,33.33333333333333,56.25,66.66666666666666,6.713718411552347
turkey,Super Lig,2025,Jo Jin-ho,22.0,M,Korea Republic,172.0,,20,12,1106.0,1.0,1.0,0.0,1.0,0,0,5,0.0,0,0.0,0.81374321880651,0.406871609403255,0.081374321880651,0.081374321880651,0.162748643761302,0.081374321880651,44.18625678119349,0.569620253164557,2.603978300180832,0.081374321880651,0.81374321880651,3.4177215189873418,11.799276672694393,5.69620253164557,1.546112115732369,1.139240506329114,1.3833634719710668,1.464737793851718,2.4412296564195297,0.406871609403255,0.0,0.0,35.25782688766114,50.0,48.275862068965516,73.68421052631578,6.8457504520795665
turkey,Super Lig,2025,Jonas Svensson,32.0,D,Norway,170.0,70.0,5,4,353.0,0.0,0.0,0.0,0.0,0,0,1,0.0,0,0.0,0.254957507082153,0.0,0.0,0.0,0.0,0.0,40.79320113314448,0.254957507082153,3.3144475920679883,0.254957507082153,2.54957507082153,5.864022662889519,11.473087818696884,7.64872521246459,0.254957507082153,0.254957507082153,0.764872521246459,2.039660056657224,2.8045325779036827,0.254957507082153,0.0,0.0,33.38125,0.0,66.66666666666666,100.0,6.833711048158641
turkey,Super Lig,2025,Josafat Mendes,23.0,D,Sweden,175.0,76.0,27,11,1246.0,0.0,1.0,0.0,0.0,0,0,4,0.0,1,0.21669341894060995,0.3611556982343499,0.07223113964686999,0.0,0.07223113964686999,0.07223113964686999,0.0,37.41573033707866,1.0834670947030498,1.3001605136436598,0.07223113964686999,0.8667736757624398,2.1669341894060996,8.306581059390048,4.333868378812199,1.1556982343499198,0.5778491171749599,0.6500802568218299,1.7335473515248796,1.4446227929373996,0.28892455858747995,0.0,0.07223113964686999,28.963320463320464,20.0,52.17391304347826,50.0,6.574398073836276
turkey,Super Lig,2025,Joseph Nonge,20.0,M,Belgium,184.0,70.0,25,14,1211.0,0.0,0.0,0.0,0.0,0,0,3,0.0,0,0.0,0.4459124690338563,0.07431874483897605,0.0,0.0,0.0,0.0,23.113129644921553,0.8175061932287366,1.486374896779521,0.37159372419488024,1.263418662262593,2.749793559042114,14.269199009083401,7.1345995045417006,2.82411230388109,1.1890999174236168,0.22295623451692814,3.7902559867877788,2.3781998348472335,0.22295623451692814,0.0,0.0,17.558064516129033,16.666666666666664,50.0,42.10526315789473,6.77588769611891
turkey,Super Lig,2025,Joshua Brenet,31.0,D,Netherlands,181.0,74.0,11,9,797.0,0.0,2.0,0.0,0.0,0,0,1,0.0,0,0.11292346298619824,0.22584692597239647,0.0,0.0,0.22584692597239647,0.22584692597239647,0.0,29.473023839397744,1.355081555834379,0.6775407779171895,0.11292346298619824,1.1292346298619824,1.8067754077791718,6.210790464240904,2.1455457967377667,1.0163111668757843,0.33877038895859474,0.9033877038895859,0.45169385194479295,0.7904642409033876,0.11292346298619824,0.0,0.0,22.153256704980844,0.0,34.54545454545455,33.33333333333333,6.536386449184442
turkey,Super Lig,2025,Josip Ćalušić,32.0,D,Croatia,184.0,82.0,8,2,298.0,0.0,0.0,0.0,0.0,0,0,1,0.0,0,0.0,0.0,0.0,0.0,0.0,0.0,0.0,48.02013422818791,0.30201342281879195,0.6040268456375839,1.2080536912751678,1.5100671140939597,2.1140939597315436,8.154362416107382,2.7181208053691277,0.30201342281879195,0.0,0.6040268456375839,0.30201342281879195,0.9060402684563758,0.30201342281879195,0.0,0.0,36.20754716981132,,33.33333333333333,0.0,6.02013422818792
turkey,Super Lig,2025,Jota Silva,26.0,F,Portugal,179.0,77.0,18,5,575.0,4.0,0.0,1.0,0.0,0,0,1,0.0,0,0.6260869565217392,3.7565217391304353,1.8782608695652177,0.6260869565217392,0.0,0.6260869565217392,0.6260869565217392,26.295652173913044,2.3478260869565215,1.4086956521739131,0.1565217391304348,1.2521739130434784,2.6608695652173915,16.121739130434783,6.730434782608696,2.3478260869565215,0.6260869565217392,0.6260869565217392,2.3478260869565215,2.3478260869565215,0.1565217391304348,0.0,0.0,10.826347305389222,50.0,41.74757281553398,26.666666666666668,7.027923211169284
turkey,Super Lig,2025,João Camacho,31.0,F,Portugal,171.0,70.0,8,3,324.0,0.0,0.0,0.0,0.0,0,0,1,0.0,0,0.5555555555555556,0.8333333333333333,0.5555555555555556,0.0,0.0,0.0,0.0,18.333333333333332,1.1111111111111112,0.8333333333333333,0.0,0.8333333333333333,1.6666666666666665,10.277777777777777,3.888888888888889,1.3888888888888888,0.5555555555555556,0.5555555555555556,2.2222222222222223,2.2222222222222223,0.2777777777777778,0.0,0.0,7.196969696969697,66.66666666666666,37.83783783783784,40.0,6.507098765432099
turkey,Super Lig,2025,João Mendes,31.0,M,Portugal,183.0,77.0,26,15,1505.0,0.0,4.0,0.0,0.0,0,0,4,0.0,1,0.23920265780730898,0.8970099667774086,0.1794019933554817,0.0,0.23920265780730898,0.23920265780730898,0.0,37.674418604651166,2.3322259136212624,1.0166112956810631,0.059800664451827246,0.3588039867109634,1.3754152823920267,8.073089700996679,4.245847176079734,2.3322259136212624,1.0764119601328903,0.47840531561461797,1.973421926910299,1.196013289036545,0.23920265780730898,0.0,0.059800664451827246,23.47142857142857,20.0,52.59259259259259,46.15384615384615,6.895013297872341
turkey,Super Lig,2025,João Mário,33.0,M,Portugal,179.0,73.0,2,1,105.0,0.0,0.0,0.0,0.0,0,0,0,0.0,0,1.7142857142857144,0.8571428571428572,0.8571428571428572,0.0,0.0,0.0,0.0,43.714285714285715,2.571428571428571,2.571428571428571,0.0,0.0,2.571428571428571,10.285714285714285,4.285714285714286,4.285714285714286,1.7142857142857144,0.8571428571428572,0.0,0.0,0.0,0.0,0.0,26.784313725490197,100.0,41.66666666666667,40.0,7.5285714285714285
turkey,Super Lig,2025,Juan Santos da Silva,23.0,F,Brazil,178.0,79.0,32,30,2588.0,11.0,4.0,0.0,0.0,0,2,6,0.0,1,0.8346213292117465,1.6344667697063369,1.0432766615146831,0.38253477588871715,0.1391035548686244,0.5216383307573416,0.38253477588871715,13.945131375579598,1.5649149922720247,0.9389489953632149,0.10432766615146831,0.2782071097372488,1.2171561051004636,13.840803709428128,5.216383307573416,2.434312210200927,1.1128284389489953,0.2782071097372488,1.0780525502318392,1.4605873261205564,0.20865533230293662,0.0,0.0347758887171561,8.723192019950124,63.829787234042556,37.68844221105528,45.714285714285715,6.984119010819166
turkey,Super Lig,2025,Julián Cuesta,34.0,G,Spain,195.0,91.0,20,20,1800.0,0.0,0.0,0.0,0.0,0,0,4,0.0,0,0.0,0.0,0.0,0.0,0.0,0.0,0.0,30.7,0.0,0.05,0.0,0.0,0.05,0.85,0.55,0.1,0.05,0.15000000000000002,0.2,0.0,0.2,0.0,0.0,19.770358306188925,,64.70588235294117,50.0,7.18
turkey,Super Lig,2025,Juninho Bacuna,28.0,M,Curaçao,181.0,77.0,9,2,233.0,0.0,0.0,0.0,1.0,0,0,1,0.0,0,0.0,1.5450643776824033,0.7725321888412017,0.0,0.0,0.0,0.0,51.75965665236051,2.3175965665236054,3.0901287553648067,0.0,1.5450643776824033,4.635193133047211,12.746781115879829,7.339055793991416,2.703862660944206,1.1587982832618027,0.7725321888412017,1.5450643776824033,1.5450643776824033,0.38626609442060084,0.0,0.0,24.104477611940297,50.0,57.57575757575758,42.857142857142854,6.286206896551724
turkey,Super Lig,2025,Junior Olaitan,23.0,M,Benin,174.0,72.0,31,23,2103.0,4.0,2.0,0.0,0.0,0,0,2,0.0,0,0.21398002853067047,2.1398002853067046,0.8987161198288159,0.17118402282453637,0.08559201141226819,0.25677603423680456,0.17118402282453637,38.34522111269615,1.6262482168330954,1.1554921540656204,0.08559201141226819,0.6847360912981455,1.8402282453637662,11.512125534950071,5.520684736091298,3.295292439372325,1.9258202567760343,0.5135520684736091,1.6262482168330954,1.66904422253923,0.08559201141226819,0.0,0.0,31.738839285714285,42.0,47.95539033457249,58.44155844155844,7.03661436043747
turkey,Super Lig,2025,Jure Balkovec,31.0,D,Slovenia,185.0,74.0,17,17,1513.0,0.0,0.0,0.0,1.0,0,0,7,0.0,1,0.0,0.5353602115003304,0.1784534038334435,0.0,0.0,0.0,0.0,41.87706543291474,0.6543291473892928,1.130204890945142,0.5353602115003304,0.8327825512227364,1.9629874421678783,6.067415730337078,3.509583608724389,0.29742233972240584,0.1784534038334435,0.356906807666887,1.1896893588896233,0.9517514871116985,0.4163912756113682,0.0,0.05948446794448116,38.91051136363637,33.33333333333333,57.84313725490197,60.0,6.596761401189689
turkey,Super Lig,2025,Jérôme Onguene,28.0,D,Cameroon,186.0,78.0,13,9,787.0,0.0,2.0,0.0,2.0,0,0,3,0.0,0,0.11435832274459976,0.2287166454891995,0.11435832274459976,0.0,0.2287166454891995,0.2287166454891995,0.0,39.68233799237611,0.34307496823379924,1.1435832274459974,0.914866581956798,0.914866581956798,2.0584498094027954,5.832274459974587,2.6302414231257942,0.11435832274459976,0.11435832274459976,0.34307496823379924,0.0,0.914866581956798,0.34307496823379924,0.0,0.0,35.564841498559076,50.0,45.09803921568628,100.0,6.354002541296062
turkey,Super Lig,2025,Kaan Akyazı,20.0,F,Türkiye,182.0,70.0,5,0,34.0,0.0,0.0,0.0,0.0,0,0,0,0.0,0,0.0,0.0,0.0,0.0,0.0,0.0,0.0,18.52941176470588,2.6470588235294117,5.294117647058823,0.0,0.0,5.294117647058823,21.176470588235293,7.9411764705882355,7.9411764705882355,0.0,0.0,2.6470588235294117,2.6470588235294117,0.0,0.0,0.0,3.0,,37.5,0.0,6.375
turkey,Super Lig,2025,Kaan Ayhan,31.0,D,Türkiye,185.0,84.0,19,2,419.0,1.0,0.0,0.0,0.0,0,0,1,0.0,0,0.0,1.288782816229117,0.21479713603818618,0.21479713603818618,0.0,0.21479713603818618,0.21479713603818618,67.44630071599046,0.42959427207637235,2.3627684964200477,0.42959427207637235,0.8591885441527447,3.2219570405727924,7.5178997613365155,5.155131264916468,0.42959427207637235,0.42959427207637235,0.0,0.8591885441527447,1.288782816229117,0.21479713603818618,0.0,0.0,50.840255591054316,16.666666666666664,68.57142857142857,100.0,7.023444976076555
turkey,Super Lig,2025,Kaan Demir,18.0,M,,,,0,0,0.0,0.0,0.0,0.0,0.0,0,0,0,0.0,0,,,,,,,,,,,,,,,,,,,,,,,,,,,,
turkey,Super Lig,2025,Kacper Kozłowski,22.0,M,Poland,182.0,67.0,31,30,2653.0,6.0,2.0,0.0,0.0,0,0,6,0.0,0,0.03392385978137957,1.0516396532227668,0.5767056162834527,0.20354315868827744,0.06784771956275915,0.2713908782510366,0.20354315868827744,27.64794572182435,1.2212589521296644,1.3230305314738031,0.1356954391255183,0.1356954391255183,1.4587259705993216,11.432340746324915,6.377685638899359,3.2227666792310594,1.4587259705993216,0.3053147380324161,3.019223520542782,1.5604975499434603,0.20354315868827744,0.0,0.0,23.57668711656442,54.83870967741935,55.78635014836796,45.26315789473684,6.980211081794195
turkey,Super Lig,2025,Kamil Ahmet Çörekçi,34.0,D,Türkiye,173.0,74.0,9,9,767.0,0.0,0.0,0.0,0.0,0,0,4,0.0,0,0.0,0.0,0.0,0.0,0.0,0.0,0.0,33.32464146023468,0.11734028683181225,2.5814863102998693,0.2346805736636245,0.938722294654498,3.5202086049543677,6.688396349413298,3.989569752281617,0.469361147327249,0.469361147327249,0.7040417209908736,0.7040417209908736,0.938722294654498,0.469361147327249,0.0,0.0,27.338028169014084,,59.64912280701754,100.0,6.773142112125163
turkey,Super Lig,2025,Kamil Efe Üregen,17.0,D,Turkey,,,1,0,45.0,0.0,0.0,0.0,0.0,0,0,0,0.0,0,0.0,2.0,0.0,0.0,0.0,0.0,0.0,80.0,0.0,0.0,0.0,0.0,0.0,2.0,2.0,0.0,0.0,0.0,0.0,0.0,0.0,0.0,0.0,40.0,0.0,100.0,,6.6
turkey,Super Lig,2025,Karamba Gassama,21.0,M,Gambia,,,15,5,570.0,0.0,1.0,0.0,0.0,0,0,0,0.0,0,0.15789473684210525,1.105263157894737,0.631578947368421,0.0,0.15789473684210525,0.15789473684210525,0.0,25.736842105263158,0.9473684210526315,1.5789473684210527,0.9473684210526315,0.9473684210526315,2.526315789473684,8.842105263157896,4.421052631578948,1.4210526315789473,0.631578947368421,1.4210526315789473,1.736842105263158,1.105263157894737,0.0,0.0,0.0,15.263803680981596,57.14285714285714,50.0,44.44444444444444,6.629122807017544
turkey,Super Lig,2025,Karol Linetty,31.0,M,Poland,176.0,73.0,25,19,1540.0,0.0,2.0,1.0,0.0,0,0,7,0.0,0,0.0,0.9935064935064936,0.5844155844155845,0.0,0.11688311688311688,0.11688311688311688,0.0,34.01298701298701,1.6948051948051948,1.8116883116883116,0.23376623376623376,1.051948051948052,2.8636363636363633,9.525974025974026,3.564935064935065,0.8766233766233766,0.11688311688311688,0.7012987012987013,0.9935064935064936,3.214285714285714,0.40909090909090906,0.0,0.0,24.587628865979383,58.82352941176471,37.423312883435585,13.333333333333334,6.675714285714286
turkey,Super Lig,2025,Kartal Kayra Yılmaz,25.0,M,Türkiye,174.0,65.0,13,5,544.0,0.0,1.0,0.0,0.0,0,0,2,0.0,0,0.0,0.8272058823529412,0.16544117647058823,0.0,0.16544117647058823,0.16544117647058823,0.0,73.45588235294117,0.8272058823529412,2.1507352941176467,0.0,1.1580882352941175,3.308823529411765,9.926470588235293,5.294117647058823,1.6544117647058825,0.8272058823529412,1.1580882352941175,1.1580882352941175,1.8198529411764708,0.33088235294117646,0.0,0.0,54.770270270270274,20.0,53.333333333333336,50.0,6.952573529411764
turkey,Super Lig,2025,Kayra Cihan,18.0,D,Türkiye,182.0,70.0,4,1,93.0,0.0,0.0,0.0,0.0,0,0,0,0.0,0,0.0,0.0,0.0,0.0,0.0,0.0,0.0,47.41935483870967,0.0,3.870967741935484,0.967741935483871,4.838709677419355,8.709677419354838,9.67741935483871,5.806451612903226,0.0,0.0,1.935483870967742,0.967741935483871,0.967741935483871,0.0,0.0,0.0,13.448979591836734,,60.0,,6.027956989247312
turkey,Super Lig,2025,Kazeem Olaigbe,23.0,M,Belgium,178.0,71.0,31,26,2043.0,0.0,1.0,0.0,0.0,0,0,1,0.0,0,0.748898678414097,1.3215859030837005,0.6167400881057269,0.0,0.04405286343612335,0.04405286343612335,0.0,26.740088105726873,0.9251101321585903,1.013215859030837,0.1762114537444934,0.30837004405286345,1.3215859030837005,10.044052863436123,4.229074889867841,3.9647577092511015,1.7180616740088106,0.5726872246696035,1.3656387665198237,1.013215859030837,0.04405286343612335,0.0,0.0,18.817133443163097,46.666666666666664,42.10526315789473,43.333333333333336,6.6419481155163975
turkey,Super Lig,2025,Kazımcan Karataş,23.0,D,Türkiye,182.0,,19,10,1148.0,0.0,3.0,0.0,0.0,0,0,5,0.0,0,0.39198606271777003,0.862369337979094,0.313588850174216,0.0,0.23519163763066203,0.23519163763066203,0.0,36.454703832752614,1.489547038327526,2.508710801393728,0.23519163763066203,0.862369337979094,3.3710801393728222,9.329268292682926,4.468641114982579,1.254355400696864,0.23519163763066203,1.5679442508710801,0.7839721254355401,0.627177700348432,0.39198606271777003,0.0,0.0,27.655913978494624,36.36363636363637,47.89915966386555,18.75,6.7856271777003485
turkey,Super Lig,2025,Kağan Arıcan,19.0,G,Türkiye,187.0,,0,0,0.0,0.0,0.0,0.0,0.0,0,0,0,0.0,0,,,,,,,,,,,,,,,,,,,,,,,,,,,,
turkey,Super Lig,2025,Kenneth Paal,28.0,D,Suriname,174.0,70.0,34,32,2882.0,0.0,0.0,0.0,2.0,0,0,4,0.0,0,0.062456627342123525,0.18736988202637056,0.031228313671061762,0.0,0.0,0.0,0.0,33.25815405968078,0.5933379597501736,2.029840388619015,0.28105482303955587,0.655794587092297,2.6856349757113116,7.807078417765441,4.184594031922276,0.8431644691186675,0.40596807772380294,0.9680777238029146,1.0929909784871619,1.2803608605135322,0.12491325468424705,0.0,0.0,31.264788732394365,16.666666666666664,53.6,48.148148148148145,6.51648160999306
turkey,Super Lig,2025,Keny Arroyo,22.0,M,Ecuador,183.0,88.0,0,0,0.0,0.0,0.0,0.0,0.0,0,0,0,0.0,0,,,,,,,,,,,,,,,,,,,,,,,,,,,,
turkey,Super Lig,2025,Kerem Aktürkoğlu,27.0,M,Türkiye,173.0,68.0,29,24,1959.0,8.0,7.0,0.0,0.0,1,0,3,0.0,0,0.27565084226646247,1.653905053598775,1.010719754977029,0.3675344563552833,0.3215926493108729,0.6891271056661562,0.3215926493108729,25.86523736600306,2.6186830015313936,0.9647779479326186,0.0,0.41347626339969373,1.3782542113323124,9.096477794793262,4.134762633996937,2.3889739663093414,0.9188361408882082,0.5053598774885145,1.7457886676875956,0.6891271056661562,0.13782542113323124,0.0,0.0,18.854351687388988,61.111111111111114,45.45454545454545,38.46153846153847,7.167023991832568
turkey,Super Lig,2025,Kerem Demirbay,32.0,M,Germany,183.0,73.0,27,25,2184.0,1.0,0.0,1.0,1.0,0,0,9,0.0,2,0.0,0.7417582417582418,0.32967032967032966,0.04120879120879121,0.0,0.04120879120879121,0.04120879120879121,46.11263736263736,1.6895604395604396,2.6373626373626373,0.16483516483516483,1.0714285714285714,3.708791208791209,10.219780219780219,5.027472527472527,1.0714285714285714,0.5357142857142857,1.1126373626373627,1.442307692307692,1.9368131868131868,0.3708791208791209,0.0,0.08241758241758242,39.127126230975826,44.44444444444444,49.193548387096776,50.0,6.990788267644363
turkey,Super Lig,2025,Kerem Kayaarasi,19.0,F,Türkiye,181.0,74.0,0,0,0.0,0.0,0.0,0.0,0.0,0,0,0,0.0,0,,,,,,,,,,,,,,,,,,,,,,,,,,,,
turkey,Super Lig,2025,Kerem Kayaarasi,19.0,F,Turkey,,,1,0,1.0,0.0,0.0,0.0,0.0,0,0,0,0.0,0,0.0,0.0,0.0,0.0,0.0,0.0,0.0,90.0,0.0,0.0,0.0,90.0,90.0,0.0,0.0,0.0,0.0,0.0,0.0,0.0,0.0,0.0,0.0,1.0,,,,
turkey,Super Lig,2025,Kerem Ozmen,17.0,M,Turkey,,,0,0,0.0,0.0,0.0,0.0,0.0,0,0,0,0.0,0,,,,,,,,,,,,,,,,,,,,,,,,,,,,
turkey,Super Lig,2025,Kerem Ozmen,17.0,M,Türkiye,,,0,0,0.0,0.0,0.0,0.0,0.0,0,0,0,0.0,0,,,,,,,,,,,,,,,,,,,,,,,,,,,,
turkey,Super Lig,2025,Kerem Yandal,19.0,G,Turkey,,,0,0,0.0,0.0,0.0,0.0,0.0,0,0,0,0.0,0,,,,,,,,,,,,,,,,,,,,,,,,,,,,
turkey,Super Lig,2025,Kerem Yandal,19.0,G,Turkey,197.0,,0,0,0.0,0.0,0.0,0.0,0.0,0,0,0,0.0,0,,,,,,,,,,,,,,,,,,,,,,,,,,,,
turkey,Super Lig,2025,Kerim Yerlikaya,17.0,G,Turkey,,,0,0,0.0,0.0,0.0,0.0,0.0,0,0,0,0.0,0,,,,,,,,,,,,,,,,,,,,,,,,,,,,
turkey,Super Lig,2025,Kevin Csoboth,25.0,M,Hungary,177.0,69.0,5,0,52.0,0.0,0.0,0.0,0.0,0,0,0,0.0,0,0.0,1.7307692307692308,1.7307692307692308,0.0,0.0,0.0,0.0,19.038461538461537,0.0,1.7307692307692308,0.0,0.0,1.7307692307692308,13.846153846153847,10.384615384615385,3.4615384615384617,1.7307692307692308,0.0,1.7307692307692308,3.4615384615384617,0.0,0.0,0.0,3.3333333333333335,100.0,75.0,50.0,6.63
turkey,Super Lig,2025,Kristjan Asllani,23.0,M,Albania,179.0,69.0,14,11,901.0,2.0,2.0,0.0,0.0,2,0,0,0.0,1,0.0,1.1986681465038844,0.2996670366259711,0.1997780244173141,0.1997780244173141,0.3995560488346282,0.0,50.244173140954494,0.8990011098779135,0.7991120976692564,0.1997780244173141,0.9988901220865705,1.798002219755827,3.4961154273029966,1.3984461709211988,0.49944506104328523,0.09988901220865705,0.3995560488346282,0.49944506104328523,0.8990011098779135,0.0,0.0,0.09988901220865705,42.63220675944334,25.0,40.0,20.0,6.747169811320754
turkey,Super Lig,2025,Kubilay Kanatsızkuş,28.0,F,Türkiye,190.0,78.0,21,6,650.0,1.0,1.0,0.0,0.0,0,0,0,0.0,0,0.27692307692307694,0.9692307692307692,0.27692307692307694,0.13846153846153847,0.13846153846153847,0.27692307692307694,0.13846153846153847,13.569230769230769,0.5538461538461539,0.9692307692307692,0.13846153846153847,0.27692307692307694,1.2461538461538462,12.600000000000001,6.230769230769231,1.523076923076923,0.5538461538461539,0.27692307692307694,1.523076923076923,0.9692307692307692,0.0,0.0,0.0,6.319587628865979,28.57142857142857,49.45054945054945,36.36363636363637,6.606307692307693
turkey,Super Lig,2025,Kuzey Bulgulu,17.0,M,Türkiye,,,0,0,0.0,0.0,0.0,0.0,0.0,0,0,0,0.0,0,,,,,,,,,,,,,,,,,,,,,,,,,,,,
turkey,Super Lig,2025,Kévin Rodrigues,31.0,D,Portugal,170.0,70.0,28,26,2289.0,2.0,3.0,0.0,1.0,0,0,7,0.0,1,0.039318479685452164,0.8256880733944955,0.27522935779816515,0.07863695937090433,0.11795543905635648,0.1965923984272608,0.07863695937090433,49.1480996068152,1.1795543905635648,2.870249017038008,0.15727391874180865,1.6120576671035385,4.482306684141546,9.82961992136304,5.072083879423329,0.9829619921363041,0.4325032765399738,2.3197903014416776,1.1795543905635648,1.1009174311926606,0.27522935779816515,0.0,0.039318479685452164,45.9608,33.33333333333333,51.6,44.0,6.82433377020533
turkey,Super Lig,2025,Landry Dimata,28.0,F,Belgium,185.0,81.0,2,2,132.0,0.0,0.0,0.0,0.0,0,0,0,0.0,0,0.0,2.0454545454545454,1.3636363636363638,0.0,0.0,0.0,0.0,25.90909090909091,0.0,1.3636363636363638,0.0,0.0,1.3636363636363638,11.59090909090909,6.136363636363636,0.6818181818181819,0.0,0.6818181818181819,3.409090909090909,0.0,0.0,0.0,0.0,20.736842105263158,66.66666666666666,52.94117647058824,0.0,6.9
turkey,Super Lig,2025,Lautaro Giannetti,32.0,D,Argentina,184.0,79.0,29,20,1817.0,1.0,1.0,0.0,1.0,0,0,6,0.0,0,0.04953219592735278,0.39625756741882223,0.19812878370941112,0.04953219592735278,0.04953219592735278,0.09906439185470556,0.04953219592735278,38.68464501926252,0.09906439185470556,1.7336268574573472,0.9906439185470556,0.8420473307649972,2.5756741882223446,7.875619152449091,4.45789763346175,0.2971931755641167,0.04953219592735278,0.5943863511282333,0.2476609796367639,0.9411117226197029,0.2971931755641167,0.0,0.0,32.28333333333333,50.0,56.60377358490566,16.666666666666664,6.722301762114538
turkey,Super Lig,2025,Lenny Pintor,25.0,F,France,179.0,66.0,16,9,772.0,0.0,0.0,1.0,0.0,0,0,2,0.0,0,0.23316062176165803,0.582901554404145,0.11658031088082901,0.0,0.0,0.0,0.0,25.064766839378237,1.5155440414507773,2.448186528497409,0.23316062176165803,0.816062176165803,3.264248704663212,17.83678756476684,8.160621761658032,5.129533678756477,2.215025906735751,1.2823834196891193,3.264248704663212,0.9326424870466321,0.23316062176165803,0.0,0.0,16.386046511627907,20.0,45.751633986928105,43.18181818181818,6.81800518134715
turkey,Super Lig,2025,Leroy Sané,30.0,M,Germany,183.0,80.0,28,27,2291.0,7.0,5.0,0.0,0.0,0,0,1,0.0,1,0.07856831078131819,1.4927979048450457,0.5892623308598864,0.2749890877346137,0.19642077695329552,0.4714098646879092,0.2749890877346137,41.13051069402008,1.8463553033609776,1.3749454386730684,0.0,0.4714098646879092,1.8463553033609776,10.606721955477957,4.910519423832388,4.7140986468790915,2.514185945002182,0.6678306416412048,0.7463989524225229,1.099956350938455,0.039284155390659097,0.0,0.039284155390659097,35.561604584527224,39.473684210526315,46.2962962962963,53.333333333333336,7.248101265822785
turkey,Super Lig,2025,Levent Mercan,25.0,D,Germany,176.0,69.0,21,13,1194.0,0.0,3.0,0.0,0.0,0,0,1,0.0,0,0.15075376884422112,0.45226130653266333,0.07537688442211056,0.0,0.22613065326633167,0.22613065326633167,0.0,49.44723618090452,1.6582914572864322,1.9597989949748744,0.45226130653266333,1.1306532663316584,3.0904522613065324,7.763819095477388,4.673366834170854,1.507537688442211,0.9045226130653267,0.8291457286432161,0.8291457286432161,0.9045226130653267,0.07537688442211056,0.0,0.0,39.15548780487805,16.666666666666664,60.19417475728155,60.0,6.823953098827471
turkey,Super Lig,2025,Lionel Carole,34.0,D,France,182.0,79.0,24,23,1902.0,0.0,0.0,0.0,0.0,0,0,3,0.0,0,0.0946372239747634,0.0,0.0,0.0,0.0,0.0,0.0,39.5583596214511,0.5678233438485805,1.419558359621451,0.3312302839116719,1.4668769716088328,2.886435331230284,6.577287066246057,4.069400630914827,0.42586750788643535,0.14195583596214512,0.5205047318611987,1.4668769716088328,0.5678233438485805,0.14195583596214512,0.0,0.0,34.54665071770335,,61.87050359712231,33.33333333333333,6.672292323869612
turkey,Super Lig,2025,Logi Tomasson,25.0,D,Iceland,182.0,,29,26,2265.0,1.0,4.0,0.0,1.0,0,0,5,0.0,0,0.07947019867549669,0.6357615894039735,0.1986754966887417,0.039735099337748346,0.15894039735099338,0.1986754966887417,0.039735099337748346,35.64238410596026,1.2317880794701987,1.6291390728476822,0.4370860927152318,0.7549668874172186,2.384105960264901,7.072847682119205,3.218543046357616,1.6688741721854305,0.7152317880794702,0.4768211920529801,0.15894039735099338,1.6291390728476822,0.1986754966887417,0.0,0.0,30.013377926421406,31.25,45.50561797752809,42.857142857142854,6.76476821192053
turkey,Super Lig,2025,Loide Augusto,25.0,F,Angola,185.0,70.0,21,14,1167.0,3.0,2.0,0.0,0.0,0,0,5,0.0,0,0.07712082262210797,1.6195372750642674,0.6169665809768637,0.2313624678663239,0.15424164524421594,0.3856041131105399,0.2313624678663239,32.77634961439589,1.0796915167095116,0.6169665809768637,0.2313624678663239,0.07712082262210797,0.6940874035989717,11.336760925449871,5.012853470437018,3.393316195372751,2.005141388174807,1.0796915167095116,1.2339331619537275,1.4652956298200515,0.3856041131105399,0.0,0.0,20.585882352941177,38.095238095238095,44.21768707482993,59.09090909090909,6.944901456726649
turkey,Super Lig,2025,Loret Sadiku,34.0,M,Kosovo,181.0,67.0,0,0,0.0,0.0,0.0,0.0,0.0,0,0,0,0.0,0,,,,,,,,,,,,,,,,,,,,,,,,,,,,
turkey,Super Lig,2025,Luca Stancic,19.0,G,Germany,189.0,,0,0,0.0,0.0,0.0,0.0,0.0,0,0,0,0.0,0,,,,,,,,,,,,,,,,,,,,,,,,,,,,
turkey,Super Lig,2025,Lucas Torreira,29.0,M,Uruguay,166.0,65.0,30,28,2224.0,3.0,4.0,0.0,0.0,0,0,5,0.0,0,0.12140287769784174,0.8498201438848921,0.32374100719424465,0.12140287769784174,0.16187050359712232,0.28327338129496404,0.12140287769784174,61.22751798561151,0.9307553956834532,1.901978417266187,0.20233812949640287,0.9712230215827339,2.873201438848921,6.272482014388489,3.318345323741007,0.20233812949640287,0.08093525179856116,0.9712230215827339,0.9712230215827339,1.41636690647482,0.20233812949640287,0.0,0.0,54.5902181097158,38.095238095238095,52.903225806451616,40.0,7.165872302158273
turkey,Super Lig,2025,Luccas Claro,34.0,D,Brazil,182.0,90.0,17,16,1417.0,1.0,0.0,0.0,2.0,0,0,3,0.0,0,0.06351446718419196,0.38108680310515175,0.06351446718419196,0.06351446718419196,0.0,0.06351446718419196,0.06351446718419196,37.41002117148906,0.12702893436838392,0.7621736062103035,1.2067748764996473,1.0162314749470713,1.7784050811573748,7.177134791813692,4.763585038814397,0.12702893436838392,0.06351446718419196,0.0,0.9527170077628794,0.6986591390261115,0.19054340155257588,0.0,0.0,36.25127334465195,16.666666666666664,66.3716814159292,50.0,6.920324629498942
turkey,Super Lig,2025,Luis Pérez,31.0,D,Spain,173.0,68.0,24,20,1666.0,0.0,1.0,0.0,0.0,0,0,2,0.0,0,0.16206482593037214,0.2160864345738295,0.054021608643457376,0.0,0.054021608643457376,0.054021608643457376,0.0,35.222088835534215,0.9183673469387754,2.1608643457382954,0.7022809123649459,1.3505402160864346,3.5114045618247296,7.563025210084034,4.213685474189676,0.5942376950780313,0.3241296518607443,0.7022809123649459,0.7022809123649459,0.7022809123649459,0.10804321728691475,0.0,0.0,28.75920245398773,25.0,55.714285714285715,54.54545454545454,6.911764705882353
turkey,Super Lig,2025,László Bénes,28.0,M,Slovakia,181.0,75.0,32,29,2582.0,7.0,2.0,0.0,1.0,0,1,3,0.0,1,0.0,1.7428350116189,0.941130906274206,0.243996901626646,0.069713400464756,0.31371030209140205,0.243996901626646,39.10921766072812,1.6382649109217662,0.69713400464756,0.243996901626646,0.975987606506584,1.673121611154144,6.134779240898529,2.858249419054996,0.592563903950426,0.34856700232378,0.557707203718048,1.359411309062742,1.185127807900852,0.104570100697134,0.0,0.034856700232378,31.845811051693406,54.0,46.590909090909086,58.82352941176471,6.979666924864446
turkey,Super Lig,2025,Léo Duarte,29.0,D,Brazil,183.0,76.0,26,26,2305.0,0.0,1.0,0.0,0.0,0,0,5,0.0,0,0.0,0.27331887201735355,0.07809110629067245,0.0,0.039045553145336226,0.039045553145336226,0.0,58.490238611713664,0.3123644251626898,1.4837310195227766,0.8199566160520607,0.859002169197397,2.3427331887201737,8.59002169197397,4.802603036876356,0.4685466377440347,0.3123644251626898,0.4685466377440347,0.859002169197397,1.1713665943600868,0.19522776572668113,0.0,0.0,60.583444592790386,28.57142857142857,55.90909090909091,66.66666666666666,6.984381778741866
turkey,Super Lig,2025,M'Baye Niang,31.0,F,Senegal,184.0,75.0,26,19,1746.0,4.0,2.0,0.0,0.0,2,0,6,0.0,0,0.7216494845360824,1.8556701030927836,0.6701030927835051,0.2061855670103093,0.10309278350515465,0.30927835051546393,0.10309278350515465,15.051546391752577,0.4639175257731959,0.30927835051546393,0.051546391752577324,0.25773195876288657,0.5670103092783505,15.20618556701031,6.34020618556701,1.907216494845361,0.6185567010309279,0.15463917525773196,3.1443298969072164,2.5773195876288657,0.30927835051546393,0.0,0.0,11.465753424657533,36.11111111111111,41.69491525423729,32.432432432432435,6.5865406643757165
turkey,Super Lig,2025,Maestro,22.0,M,Angola,173.0,63.0,21,16,1426.0,1.0,1.0,0.0,0.0,0,0,6,0.0,1,0.0,0.9467040673211781,0.18934081346423562,0.06311360448807854,0.06311360448807854,0.12622720897615708,0.06311360448807854,44.43197755960729,1.1991584852734922,1.767180925666199,0.12622720897615708,0.3155680224403927,2.082748948106592,8.835904628330995,4.73352033660589,2.082748948106592,1.4516129032258065,0.5049088359046283,1.1991584852734922,1.3884992987377278,0.37868162692847124,0.0,0.06311360448807854,37.6875,20.0,53.57142857142857,69.6969696969697,6.944810659186535
turkey,Super Lig,2025,Mahamadou Susoho,21.0,M,Spain,175.0,,9,5,525.0,0.0,0.0,0.0,0.0,0,0,0,0.0,0,0.17142857142857143,0.5142857142857142,0.0,0.0,0.0,0.0,0.0,30.857142857142858,0.0,1.3714285714285714,0.34285714285714286,0.8571428571428572,2.2285714285714286,6.857142857142858,3.7714285714285714,0.34285714285714286,0.0,0.5142857142857142,1.8857142857142857,1.7142857142857144,0.0,0.0,0.0,22.07777777777778,0.0,55.00000000000001,0.0,6.6
turkey,Super Lig,2025,Mahmut Can Kara,20.0,G,Turkey,,,0,0,0.0,0.0,0.0,0.0,0.0,0,0,0,0.0,0,,,,,,,,,,,,,,,,,,,,,,,,,,,,
turkey,Super Lig,2025,Majid Hosseini,29.0,D,Iran,187.0,78.0,3,3,270.0,0.0,0.0,0.0,0.0,0,0,1,0.0,0,0.0,0.0,0.0,0.0,0.0,0.0,0.0,42.333333333333336,0.0,2.3333333333333335,2.0,3.0,5.333333333333334,8.666666666666666,6.333333333333334,0.33333333333333337,0.33333333333333337,0.6666666666666667,0.33333333333333337,0.6666666666666667,0.33333333333333337,0.0,0.0,39.46456692913386,,73.07692307692307,100.0,7.166666666666667
turkey,Super Lig,2025,Malcom Bokele,25.0,D,Cameroon,189.0,78.0,30,30,2649.0,3.0,0.0,0.0,1.0,1,0,10,0.0,1,0.03397508493771234,0.5096262740656852,0.16987542468856173,0.10192525481313704,0.0,0.10192525481313704,0.06795016987542468,27.315968289920722,0.10192525481313704,0.7134767836919592,0.5096262740656852,1.0532276330690826,1.766704416761042,6.251415628539071,3.567383918459796,0.2718006795016987,0.13590033975084936,0.13590033975084936,0.6455266138165345,0.8493771234428086,0.33975084937712347,0.0,0.03397508493771234,23.203980099502488,33.33333333333333,57.065217391304344,50.0,6.75269913174783
turkey,Super Lig,2025,Mamadou Fall,34.0,F,Senegal,184.0,70.0,20,14,1181.0,0.0,0.0,0.0,0.0,0,0,1,0.0,0,1.2193056731583403,0.6858594411515665,0.15241320914479253,0.0,0.0,0.0,0.0,13.10753598645216,0.6096528365791701,1.1430990685859441,0.15241320914479253,0.5334462320067739,1.676545300592718,9.449618966977138,4.191363251481795,1.9051651143099069,0.5334462320067739,0.6096528365791701,1.4479254868755291,0.9144792548687553,0.07620660457239627,0.0,0.0,8.723529411764705,22.22222222222222,44.354838709677416,28.000000000000004,6.401778154106689
turkey,Super Lig,2025,Mame Thiam,33.0,F,Senegal,185.0,79.0,14,13,1182.0,2.0,0.0,0.0,0.0,0,0,4,0.0,0,1.0659898477157361,1.5228426395939085,0.8375634517766497,0.15228426395939085,0.0,0.15228426395939085,0.15228426395939085,19.949238578680205,0.9137055837563451,0.9137055837563451,0.15228426395939085,0.45685279187817257,1.3705583756345179,10.355329949238579,4.035532994923858,0.5329949238578681,0.0,0.22842639593908629,0.7614213197969543,2.0558375634517767,0.3045685279187817,0.0,0.0,17.396946564885496,55.00000000000001,38.970588235294116,0.0,6.692724196277496
turkey,Super Lig,2025,Marco Asensio,30.0,M,Spain,182.0,76.0,25,22,1886.0,11.0,12.0,0.0,1.0,0,0,2,0.0,0,0.0,2.0519618239660655,1.2407211028632026,0.5249204665959704,0.5726405090137858,1.0975609756097562,0.5249204665959704,39.17815482502651,2.3860021208907742,0.6680805938494168,0.04772004241781549,0.5249204665959704,1.1930010604453871,4.485683987274655,1.8610816542948039,1.4316012725344642,0.7635206786850478,0.47720042417815484,0.3340402969247084,0.6203605514316013,0.09544008483563098,0.0,0.0,32.57856272838002,60.46511627906976,41.48936170212766,53.333333333333336,7.429851537645812
turkey,Super Lig,2025,Marcos Felipe,29.0,G,Brazil,186.0,83.0,19,19,1710.0,0.0,0.0,0.0,0.0,0,0,0,0.0,0,0.0,0.0,0.0,0.0,0.0,0.0,0.0,36.421052631578945,0.10526315789473685,0.0,0.0,0.0,0.0,0.4210526315789474,0.368421052631579,0.0,0.0,0.052631578947368425,0.2105263157894737,0.0,0.0,0.0,0.0,27.84826589595376,,87.5,,7.094736842105263
turkey,Super Lig,2025,Mario Lemina,32.0,M,Gabon,184.0,85.0,27,19,1683.0,2.0,1.0,0.0,0.0,0,0,6,0.0,0,0.0,1.1764705882352942,0.4278074866310161,0.10695187165775402,0.05347593582887701,0.16042780748663102,0.10695187165775402,57.00534759358289,0.4278074866310161,1.6042780748663101,0.26737967914438504,1.3903743315508021,2.9946524064171123,5.882352941176471,3.3155080213903743,0.37433155080213903,0.21390374331550804,0.37433155080213903,0.48128342245989303,1.3903743315508021,0.32085561497326204,0.0,0.0,45.291744840525325,36.36363636363637,56.36363636363636,57.14285714285714,6.984135472370766
turkey,Super Lig,2025,Marius Mouandilmadji,28.0,F,Chad,,,26,16,1474.0,9.0,4.0,1.0,0.0,1,0,1,0.0,0,1.5264586160108546,2.0759837177747626,1.0379918588873813,0.5495251017639078,0.24423337856173674,0.7937584803256444,0.4884667571234735,15.997286295793758,0.7937584803256444,0.36635006784260515,0.061058344640434185,0.18317503392130258,0.5495251017639078,11.478968792401629,4.823609226594301,1.2211668928086838,0.5495251017639078,0.30529172320217096,1.1601085481682496,1.5264586160108546,0.061058344640434185,0.0,0.0,8.614785992217898,50.0,42.02127659574468,45.0,7.157123473541384
turkey,Super Lig,2025,Marius Mouandilmadji,27.0,F,Chad,190.0,85.0,8,6,580.0,1.0,0.0,0.0,0.0,0,0,2,0.0,0,1.0862068965517242,1.5517241379310345,1.0862068965517242,0.15517241379310345,0.0,0.15517241379310345,0.15517241379310345,18.620689655172413,0.6206896551724138,0.3103448275862069,0.15517241379310345,0.15517241379310345,0.46551724137931033,13.5,6.362068965517242,1.396551724137931,0.7758620689655172,0.6206896551724138,1.396551724137931,1.2413793103448276,0.3103448275862069,0.0,0.0,9.758333333333333,70.0,47.12643678160919,55.55555555555556,6.637241379310344
turkey,Super Lig,2025,Marius Tresor Doh,22.0,M,Côte d'Ivoire,177.0,,17,12,1024.0,0.0,0.0,0.0,0.0,0,0,2,0.0,1,0.0,1.0546875,0.263671875,0.0,0.0,0.0,0.0,37.529296875,0.703125,2.109375,0.703125,1.93359375,4.04296875,10.546875,5.44921875,0.791015625,0.3515625,0.52734375,2.021484375,2.28515625,0.17578125,0.0,0.087890625,24.62295081967213,25.0,51.66666666666667,44.44444444444444,6.5326171875
turkey,Super Lig,2025,Marius Ștefănescu,27.0,F,Romania,178.0,72.0,8,1,169.0,0.0,0.0,0.0,0.0,0,0,0,0.0,0,0.5325443786982248,1.5976331360946745,1.0650887573964496,0.0,0.0,0.0,0.0,33.01775147928994,0.5325443786982248,1.0650887573964496,0.0,0.0,1.0650887573964496,9.585798816568047,3.195266272189349,2.130177514792899,1.0650887573964496,0.5325443786982248,1.0650887573964496,2.662721893491124,0.0,0.0,0.0,12.129032258064516,66.66666666666666,33.33333333333333,50.0,6.697546012269939
turkey,Super Lig,2025,Marko Jevtović,32.0,M,Serbia,194.0,83.0,21,13,1186.0,0.0,0.0,0.0,0.0,0,0,4,0.0,0,0.0,0.6829679595278246,0.30354131534569984,0.0,0.0,0.0,0.0,39.5362563237774,0.6070826306913997,1.973018549747049,0.5311973018549747,1.5177065767284992,3.490725126475548,10.016863406408095,5.615514333895447,0.0,0.0,1.1382799325463744,0.6829679595278246,0.8347386172006745,0.30354131534569984,0.0,0.0,29.10940499040307,44.44444444444444,56.060606060606055,,6.720337552742616
turkey,Super Lig,2025,Massadio Haïdara,33.0,D,Mali,179.0,76.0,23,21,1817.0,0.0,1.0,0.0,0.0,0,0,5,0.0,0,0.2476609796367639,0.4953219592735278,0.14859658778205834,0.0,0.04953219592735278,0.04953219592735278,0.0,33.23610346725371,0.7925151348376445,1.337369290038525,0.2971931755641167,0.9411117226197029,2.278481012658228,7.330764997248212,4.111172261970281,1.139240506329114,0.3467253714914695,0.19812878370941112,1.7336268574573472,1.337369290038525,0.2476609796367639,0.0,0.0,28.06408345752608,30.0,56.08108108108109,30.434782608695656,6.759218492019813
turkey,Super Lig,2025,Mateusz Lis,28.0,G,Poland,192.0,83.0,34,34,3060.0,0.0,0.0,0.0,0.0,0,0,3,0.0,0,0.0,0.0,0.0,0.0,0.0,0.0,0.0,27.058823529411764,0.0,0.0,0.0,0.058823529411764705,0.058823529411764705,0.6470588235294117,0.5,0.0,0.0,0.029411764705882353,0.32352941176470584,0.0,0.08823529411764705,0.0,0.0,10.628260869565217,,77.27272727272727,,7.061764705882353
turkey,Super Lig,2025,Mateusz Wieteska,28.0,D,Poland,187.0,77.0,1,1,22.0,0.0,0.0,0.0,0.0,0,0,0,0.0,0,0.0,0.0,0.0,0.0,0.0,0.0,0.0,28.636363636363637,0.0,0.0,0.0,0.0,0.0,4.090909090909091,0.0,0.0,0.0,0.0,0.0,0.0,0.0,0.0,0.0,4.0,,0.0,,6.3
turkey,Super Lig,2025,Mateusz Łęgowski,23.0,M,Poland,181.0,81.0,26,18,1572.0,2.0,1.0,0.0,1.0,0,0,5,0.0,0,0.11450381679389314,0.6297709923664122,0.22900763358778628,0.11450381679389314,0.05725190839694657,0.17175572519083968,0.11450381679389314,28.110687022900763,0.8587786259541985,1.6030534351145038,0.22900763358778628,0.2862595419847328,1.8893129770992367,8.129770992366412,3.893129770992366,1.0877862595419847,0.40076335877862596,0.34351145038167935,1.3740458015267174,1.1450381679389312,0.2862595419847328,0.0,0.0,19.29124236252546,36.36363636363637,47.88732394366197,36.84210526315789,6.772201017811705
turkey,Super Lig,2025,Mathias Løvik,22.0,D,Norway,183.0,78.0,14,8,655.0,0.0,2.0,0.0,0.0,0,0,1,0.0,0,0.0,0.0,0.0,0.0,0.2748091603053435,0.2748091603053435,0.0,35.038167938931295,0.6870229007633587,1.6488549618320612,0.549618320610687,1.3740458015267174,3.0229007633587788,6.183206106870229,3.1603053435114505,1.6488549618320612,0.8244274809160306,0.8244274809160306,0.549618320610687,0.9618320610687023,0.13740458015267176,0.0,0.0,20.611764705882354,,51.11111111111111,50.0,6.578473282442747
turkey,Super Lig,2025,Mattéo Guendouzi,26.0,M,France,185.0,68.0,15,15,1319.0,1.0,1.0,0.0,0.0,0,0,4,0.0,0,0.06823351023502654,0.4776345716451858,0.13646702047005307,0.06823351023502654,0.06823351023502654,0.13646702047005307,0.06823351023502654,62.02426080363912,0.8870356330553449,1.0235026535253982,0.6141015921152388,1.2964366944655041,2.319939347990902,8.460955269143291,5.390447308567096,1.159969673995451,0.750568612585292,0.750568612585292,2.8658074298711145,0.8188021228203184,0.27293404094010615,0.0,0.0,60.56875687568757,28.57142857142857,63.70967741935484,64.70588235294117,7.3960576194086425
turkey,Super Lig,2025,Matías Kranevitter,32.0,M,Argentina,177.0,75.0,23,22,1778.0,1.0,0.0,0.0,0.0,0,0,4,0.0,1,0.0,0.30371203599550056,0.10123734533183353,0.05061867266591676,0.0,0.05061867266591676,0.05061867266591676,41.40607424071991,0.45556805399325084,1.6197975253093364,0.25309336332958376,0.7592800899887514,2.3790776152980877,8.09898762654668,3.391451068616423,0.5061867266591675,0.25309336332958376,1.4173228346456692,0.5061867266591675,1.7716535433070866,0.20247469066366705,0.0,0.05061867266591676,34.770171149144254,33.33333333333333,41.875,50.0,6.730877390326209
turkey,Super Lig,2025,Matěj Hanousek,32.0,D,Czechia,182.0,74.0,22,14,1361.0,0.0,0.0,0.0,0.0,0,0,1,0.0,0,0.0,0.0,0.0,0.0,0.0,0.0,0.0,33.52681851579721,0.5951506245407788,1.719324026451139,0.13225569434239529,0.6612784717119765,2.3806024981631153,5.290227773695812,2.3806024981631153,0.3967670830271859,0.06612784717119764,0.9257898603967671,0.13225569434239529,0.46289493019838357,0.06612784717119764,0.0,0.0,26.26284584980237,,45.0,16.666666666666664,6.5147902869757175
turkey,Super Lig,2025,Mauro Icardi,32.0,F,Argentina,181.0,75.0,31,12,1346.0,14.0,1.0,0.0,0.0,1,0,1,0.0,0,0.2674591381872214,3.3432392273402676,1.6716196136701338,0.9361069836552749,0.06686478454680535,1.0029717682020802,0.8692421991084696,15.780089153046061,1.136701337295691,0.0,0.0,0.06686478454680535,0.06686478454680535,4.74739970282318,1.537890044576523,0.5349182763744428,0.3343239227340267,0.40118870728083206,0.2674591381872214,0.46805349182763745,0.06686478454680535,0.0,0.0,10.228813559322035,50.0,32.3943661971831,62.5,7.033803863298663
turkey,Super Lig,2025,Mehmet Akbal,,M,,,,0,0,0.0,0.0,0.0,0.0,0.0,0,0,0,0.0,0,,,,,,,,,,,,,,,,,,,,,,,,,,,,
turkey,Super Lig,2025,Mehmet Eray Özbek,23.0,M,Türkiye,178.0,70.0,8,0,138.0,0.0,0.0,0.0,0.0,0,0,1,0.0,0,0.0,0.6521739130434783,0.0,0.0,0.0,0.0,0.0,41.086956521739125,0.0,1.9565217391304348,0.6521739130434783,0.0,1.9565217391304348,11.739130434782608,3.9130434782608696,0.6521739130434783,0.0,1.3043478260869565,0.6521739130434783,2.608695652173913,0.6521739130434783,0.0,0.0,11.079365079365079,0.0,33.33333333333333,0.0,6.491970802919708
turkey,Super Lig,2025,Mehmet Karsli,17.0,G,,,,0,0,0.0,0.0,0.0,0.0,0.0,0,0,0,0.0,0,,,,,,,,,,,,,,,,,,,,,,,,,,,,
turkey,Super Lig,2025,Mehmet Öz,17.0,D,Turkey,,,0,0,0.0,0.0,0.0,0.0,0.0,0,0,0,0.0,0,,,,,,,,,,,,,,,,,,,,,,,,,,,,
turkey,Super Lig,2025,Mehmet Şamil Öztürk,20.0,G,Türkiye,194.0,78.0,0,0,0.0,0.0,0.0,0.0,0.0,0,0,0,0.0,0,,,,,,,,,,,,,,,,,,,,,,,,,,,,
turkey,Super Lig,2025,Melih Bostan,21.0,F,Türkiye,167.0,57.0,10,0,122.0,0.0,0.0,0.0,0.0,0,0,0,0.0,0,0.7377049180327869,2.2131147540983607,0.0,0.0,0.0,0.0,0.0,25.08196721311475,1.4754098360655739,1.4754098360655739,0.0,0.0,1.4754098360655739,8.114754098360656,4.426229508196721,1.4754098360655739,0.7377049180327869,0.0,0.7377049180327869,0.7377049180327869,0.0,0.0,0.0,3.6451612903225805,0.0,54.54545454545454,50.0,6.449180327868852
turkey,Super Lig,2025,Melih Kabasakal,29.0,M,Türkiye,178.0,70.0,27,18,1533.0,1.0,1.0,0.0,0.0,0,0,8,0.0,0,0.05870841487279843,0.23483365949119372,0.11741682974559686,0.05870841487279843,0.05870841487279843,0.11741682974559686,0.05870841487279843,38.454011741682976,0.23483365949119372,3.4637964774951073,0.1761252446183953,2.172211350293542,5.636007827788649,8.747553816046967,4.6966731898238745,0.821917808219178,0.46966731898238745,1.1741682974559686,0.46966731898238745,1.4090019569471623,0.46966731898238745,0.0,0.0,30.245801526717557,50.0,53.691275167785236,57.14285714285714,6.817155903457274
turkey,Super Lig,2025,Melih İbrahimoğlu,25.0,M,Türkiye,175.0,73.0,29,27,2293.0,1.0,1.0,0.0,0.0,0,0,2,0.0,0,0.03924989097252508,0.6672481465329263,0.19624945486262538,0.03924989097252508,0.03924989097252508,0.07849978194505015,0.03924989097252508,41.84038377671173,0.9027474923680767,2.3549934583515046,0.39249890972525076,0.6672481465329263,3.0222416048844307,9.930222416048844,5.41648495420846,1.8054949847361534,1.020497165285652,1.2952464020933274,1.7269952027911035,1.3344962930658526,0.07849978194505015,0.0,0.0,36.589118198874296,29.411764705882355,54.54545454545454,56.52173913043478,6.836982119494113
turkey,Super Lig,2025,Mert Furkan Bayram,21.0,G,Türkiye,188.0,73.0,0,0,0.0,0.0,0.0,0.0,0.0,0,0,0,0.0,0,,,,,,,,,,,,,,,,,,,,,,,,,,,,
turkey,Super Lig,2025,Mert Günok,36.0,G,Türkiye,196.0,92.0,13,12,1105.0,0.0,0.0,0.0,0.0,0,0,0,0.0,0,0.0,0.0,0.0,0.0,0.0,0.0,0.0,22.235294117647058,0.0,0.0,0.0,0.0,0.0,0.3257918552036199,0.3257918552036199,0.0,0.0,0.0,0.16289592760180996,0.0,0.0,0.0,0.0,16.541353383458645,,100.0,,6.566515837104072
turkey,Super Lig,2025,Mert Hakan Yandaş,31.0,M,Türkiye,174.0,68.0,0,0,0.0,0.0,0.0,0.0,0.0,0,0,0,0.0,0,,,,,,,,,,,,,,,,,,,,,,,,,,,,
turkey,Super Lig,2025,Mert Müldür,26.0,D,Türkiye,184.0,74.0,24,11,1222.0,1.0,2.0,0.0,0.0,0,0,4,0.0,0,0.0,0.662847790507365,0.14729950900163666,0.07364975450081833,0.14729950900163666,0.220949263502455,0.07364975450081833,46.76759410801964,1.104746317512275,3.0196399345335516,0.14729950900163666,1.4729950900163666,4.4926350245499185,10.163666121112929,5.818330605564649,1.6939443535188214,0.7364975450081833,0.88379705400982,1.4729950900163666,0.44189852700491,0.2945990180032733,0.0,0.0,30.71496062992126,22.22222222222222,57.2463768115942,43.47826086956522,6.775020475020474
turkey,Super Lig,2025,Mert Yilmaz,26.0,D,Türkiye,174.0,62.0,3,0,37.0,0.0,0.0,0.0,0.0,0,0,1,0.0,0,0.0,0.0,0.0,0.0,0.0,0.0,0.0,29.18918918918919,0.0,0.0,0.0,0.0,0.0,4.864864864864865,2.4324324324324325,0.0,0.0,0.0,2.4324324324324325,2.4324324324324325,2.4324324324324325,0.0,0.0,3.5833333333333335,,50.0,,6.505405405405405
turkey,Super Lig,2025,Mervan Müjdeci,,D,Turkey,,,0,0,0.0,0.0,0.0,0.0,0.0,0,0,0,0.0,0,,,,,,,,,,,,,,,,,,,,,,,,,,,,
turkey,Super Lig,2025,Meschack Elia,28.0,F,Congo DR,173.0,67.0,22,8,842.0,3.0,0.0,0.0,0.0,0,0,1,0.0,0,0.4275534441805226,1.0688836104513064,0.9619952494061756,0.32066508313539194,0.0,0.32066508313539194,0.32066508313539194,25.973871733966746,1.175771971496437,0.8551068883610452,0.0,0.5344418052256532,1.3895486935866983,9.406175771971496,3.0997624703087885,3.3135391923990496,1.0688836104513064,0.5344418052256532,0.9619952494061756,1.3895486935866983,0.10688836104513065,0.0,0.0,16.74074074074074,90.0,32.95454545454545,32.25806451612903,6.84090368608799
turkey,Super Lig,2025,Mesut Can Tunalı,24.0,M,Türkiye,,,1,0,45.0,0.0,0.0,0.0,0.0,0,0,0,0.0,0,0.0,0.0,0.0,0.0,0.0,0.0,0.0,16.0,0.0,0.0,0.0,0.0,0.0,0.0,0.0,0.0,0.0,0.0,0.0,0.0,0.0,0.0,0.0,3.0,,,,6.5
turkey,Super Lig,2025,Mete Kaan Demir,27.0,M,Türkiye,170.0,63.0,1,0,1.0,0.0,0.0,0.0,0.0,0,0,0,0.0,0,0.0,0.0,0.0,0.0,0.0,0.0,0.0,90.0,0.0,90.0,0.0,0.0,90.0,360.0,180.0,90.0,0.0,0.0,0.0,0.0,0.0,0.0,0.0,,,50.0,0.0,
turkey,Super Lig,2025,Metehan Altunbaş,23.0,F,Türkiye,184.0,73.0,18,12,1021.0,7.0,0.0,0.0,0.0,1,0,5,0.0,0,0.6170421155729677,2.027424094025465,0.969637610186092,0.6170421155729677,0.0,0.6170421155729677,0.5288932419196866,15.514201762977471,0.5288932419196866,1.851126346718903,0.0,0.969637610186092,2.820763956904995,12.252693437806073,5.377081292850146,1.3222331047992164,0.5288932419196866,0.6170421155729677,1.851126346718903,2.908912830558276,0.4407443682664055,0.0,0.0,10.125,47.82608695652174,43.884892086330936,40.0,6.796368989205103
turkey,Super Lig,2025,Metehan Baltacı,23.0,D,Türkiye,189.0,80.0,2,0,25.0,0.0,0.0,0.0,0.0,0,0,0,0.0,0,0.0,0.0,0.0,0.0,0.0,0.0,0.0,32.4,0.0,3.6,0.0,3.6,7.2,3.6,3.6,0.0,0.0,0.0,0.0,0.0,0.0,0.0,0.0,4.333333333333333,,100.0,,6.744000000000001
turkey,Super Lig,2025,Metehan Mimaroğlu,31.0,M,Türkiye,180.0,77.0,32,21,1969.0,6.0,4.0,1.0,0.0,1,1,3,0.0,0,0.4570848146267141,1.4169629253428138,0.8227526663280853,0.27425088877602843,0.1828339258506856,0.4570848146267141,0.22854240731335704,22.62569832402235,1.8740477399695277,0.8684611477907568,0.0457084814626714,0.7313357034027425,1.599796851193499,11.564245810055866,4.433722701879127,3.291010665312341,1.1884205180294565,1.234128999492128,1.599796851193499,0.8684611477907568,0.13712544438801422,0.0,0.0,14.139959432048682,58.06451612903226,38.3399209486166,36.11111111111111,6.901168105637379
turkey,Super Lig,2025,Michał Nalepa,30.0,M,Poland,170.0,74.0,3,3,262.0,0.0,0.0,0.0,1.0,0,0,2,0.0,1,0.0,0.6870229007633587,0.34351145038167935,0.0,0.0,0.0,0.0,25.419847328244277,0.34351145038167935,1.717557251908397,0.34351145038167935,0.34351145038167935,2.0610687022900764,7.213740458015267,3.435114503816794,1.3740458015267174,0.6870229007633587,0.0,1.0305343511450382,2.404580152671756,0.6870229007633587,0.0,0.34351145038167935,19.675675675675677,50.0,47.61904761904761,50.0,6.574809160305343
turkey,Super Lig,2025,Miguel Cardoso,31.0,M,Portugal,176.0,73.0,32,32,2854.0,2.0,6.0,0.0,1.0,0,0,6,0.0,0,0.6306937631394534,1.5767344078486334,0.7252978276103714,0.06306937631394534,0.18920812894183603,0.25227750525578135,0.06306937631394534,26.11072179397337,1.89208128941836,1.1983181499649616,0.03153468815697267,0.25227750525578135,1.4505956552207429,8.829712683952348,3.9733707077785567,1.324456902592852,0.5991590749824808,1.040644709180098,1.1037140854940435,1.324456902592852,0.18920812894183603,0.0,0.0,23.416666666666668,46.0,45.0,45.23809523809524,6.779677645409951
turkey,Super Lig,2025,Miguel Crespo,29.0,M,Portugal,186.0,73.0,19,12,1104.0,0.0,5.0,0.0,0.0,0,0,3,0.0,0,0.16304347826086957,0.733695652173913,0.24456521739130435,0.0,0.40760869565217395,0.40760869565217395,0.0,33.58695652173913,1.7119565217391306,1.7119565217391306,0.32608695652173914,0.733695652173913,2.4456521739130435,11.168478260869565,6.114130434782608,2.2010869565217392,1.548913043478261,0.733695652173913,1.9565217391304348,1.9565217391304348,0.24456521739130435,0.0,0.0,23.15776699029126,33.33333333333333,54.74452554744526,70.37037037037037,6.827536231884058
turkey,Super Lig,2025,Mikail Okyar,26.0,M,Türkiye,177.0,70.0,0,0,0.0,0.0,0.0,0.0,0.0,0,0,0,0.0,0,,,,,,,,,,,,,,,,,,,,,,,,,,,,
turkey,Super Lig,2025,Milan Škriniar,30.0,D,Slovakia,188.0,83.0,24,24,2115.0,2.0,0.0,0.0,0.0,0,0,6,0.0,0,0.0425531914893617,0.5957446808510638,0.1702127659574468,0.0851063829787234,0.0,0.0851063829787234,0.0851063829787234,67.7872340425532,0.0425531914893617,1.6595744680851063,0.425531914893617,0.6382978723404256,2.2978723404255317,8.638297872340425,5.23404255319149,0.2127659574468085,0.12765957446808512,0.2978723404255319,1.021276595744681,1.2340425531914894,0.25531914893617025,0.0,0.0,69.39045825486504,28.57142857142857,60.591133004926114,60.0,7.076595744680851
turkey,Super Lig,2025,Milot Rashica,29.0,M,Kosovo,177.0,73.0,25,8,992.0,1.0,3.0,0.0,0.0,0,0,1,0.0,0,0.3629032258064516,1.2701612903225805,0.5443548387096774,0.0907258064516129,0.2721774193548387,0.3629032258064516,0.0907258064516129,23.044354838709676,1.7237903225806452,1.7237903225806452,0.2721774193548387,0.2721774193548387,1.995967741935484,9.97983870967742,4.899193548387097,2.721774193548387,0.997983870967742,0.6350806451612903,1.7237903225806452,1.1794354838709677,0.0907258064516129,0.0,0.0,12.291338582677165,42.857142857142854,49.09090909090909,36.666666666666664,6.869556451612904
turkey,Super Lig,2025,Mirza Cihan,25.0,M,Türkiye,175.0,,3,0,24.0,0.0,0.0,0.0,0.0,0,0,0,0.0,0,0.0,0.0,0.0,0.0,0.0,0.0,0.0,22.5,0.0,0.0,0.0,3.75,3.75,18.75,7.5,11.25,3.75,0.0,3.75,3.75,0.0,0.0,0.0,2.0,,40.0,33.33333333333333,6.343478260869565
turkey,Super Lig,2025,Mithat Pala,25.0,D,Türkiye,176.0,70.0,30,21,1947.0,2.0,0.0,0.0,0.0,0,0,1,0.0,0,0.09244992295839753,0.785824345146379,0.3235747303543914,0.09244992295839753,0.0,0.09244992295839753,0.09244992295839753,34.25269645608629,0.785824345146379,2.126348228043143,0.3235747303543914,1.2018489984591678,3.3281972265023114,13.312788906009246,6.101694915254237,3.0508474576271185,1.155624036979969,1.3405238828967643,2.0801232665639446,1.3405238828967643,0.046224961479198766,0.0,0.0,27.418353576248315,41.17647058823529,45.83333333333333,37.878787878787875,6.75814072932717
turkey,Super Lig,2025,Modibo Sagnan,26.0,D,France,187.0,85.0,20,17,1507.0,1.0,1.0,0.0,0.0,0,0,6,0.0,0,0.11944260119442601,0.3583278035832781,0.11944260119442601,0.059721300597213006,0.059721300597213006,0.11944260119442601,0.059721300597213006,42.93961512939615,0.29860650298606506,2.1499668214996683,0.7166556071665562,1.313868613138686,3.463835434638354,8.540145985401459,4.538818845388189,0.5374917053749171,0.3583278035832781,0.3583278035832781,0.418049104180491,1.8513603185136032,0.3583278035832781,0.0,0.0,40.74547983310153,33.33333333333333,53.14685314685315,66.66666666666666,6.792302587923026
turkey,Super Lig,2025,Mohamed Bayo,27.0,F,Guinea,188.0,76.0,29,28,2349.0,15.0,3.0,0.0,0.0,0,1,2,0.0,0,0.574712643678161,2.1839080459770113,1.149425287356322,0.574712643678161,0.1149425287356322,0.689655172413793,0.574712643678161,12.988505747126435,1.0344827586206897,0.3831417624521073,0.30651340996168586,0.07662835249042146,0.4597701149425288,7.241379310344827,2.758620689655172,1.8007662835249043,1.0344827586206897,0.19157088122605365,0.2298850574712644,0.689655172413793,0.07662835249042146,0.0,0.0,9.466076696165192,52.63157894736842,38.095238095238095,57.446808510638306,6.910344827586207
turkey,Super Lig,2025,Mortadha Ben Ouanes,31.0,M,Tunisia,182.0,78.0,28,26,2285.0,2.0,6.0,0.0,0.0,0,0,8,0.0,1,0.03938730853391685,0.5514223194748359,0.1575492341356674,0.0787746170678337,0.2363238512035011,0.3150984682713348,0.0787746170678337,29.225382932166305,1.2210065645514223,0.787746170678337,0.19693654266958424,1.024070021881838,1.811816192560175,9.925601750547047,4.568927789934355,1.6542669584245075,0.5514223194748359,0.9059080962800875,2.2844638949671774,1.575492341356674,0.3150984682713348,0.0,0.03938730853391685,24.171159029649594,28.57142857142857,46.03174603174603,33.33333333333333,6.789890590809628
turkey,Super Lig,2025,Morten Bjorlo,30.0,M,Norway,176.0,64.0,28,14,1333.0,0.0,3.0,0.0,0.0,0,0,4,0.0,0,0.1350337584396099,0.40510127531882967,0.06751687921980495,0.0,0.20255063765941483,0.20255063765941483,0.0,36.459114778694676,1.215303825956489,1.0127531882970742,0.20255063765941483,0.6751687921980495,1.6879219804951238,8.709677419354838,3.9159789947486874,1.4178544636159038,0.6076519129782445,0.6076519129782445,1.1477869467366841,1.282820705176294,0.2700675168792198,0.0,0.0,27.04259259259259,16.666666666666664,44.96124031007752,42.857142857142854,6.648537134283571
turkey,Super Lig,2025,Moussa Kyabou,27.0,M,Mali,183.0,,2,2,147.0,0.0,0.0,0.0,1.0,0,0,0,0.0,0,0.0,0.0,0.0,0.0,0.0,0.0,0.0,18.367346938775512,0.0,2.4489795918367347,0.6122448979591837,1.8367346938775508,4.285714285714286,7.959183673469388,4.285714285714286,0.0,0.0,0.6122448979591837,0.6122448979591837,2.4489795918367347,0.0,0.0,0.0,14.533333333333333,,53.84615384615385,,6.261224489795919
turkey,Super Lig,2025,Muhamed Buljubašić,21.0,M,Bosnia and Herzegovina,180.0,75.0,23,7,812.0,0.0,0.0,0.0,0.0,0,0,1,0.0,0,0.0,0.6650246305418719,0.33251231527093594,0.0,0.0,0.0,0.0,38.34975369458128,0.6650246305418719,2.105911330049261,0.22167487684729065,0.8866995073891626,2.992610837438424,13.965517241379311,6.539408866995073,2.3275862068965516,1.3300492610837438,1.8842364532019704,1.9950738916256159,1.8842364532019704,0.11083743842364532,0.0,0.0,24.673410404624278,50.0,46.82539682539682,57.14285714285714,6.602973977695168
turkey,Super Lig,2025,Muhammed Efe Küçük,18.0,D,Turkey,,,0,0,0.0,0.0,0.0,0.0,0.0,0,0,0,0.0,0,,,,,,,,,,,,,,,,,,,,,,,,,,,,
turkey,Super Lig,2025,Muhammed Kadioglu,19.0,D,Syria,,,9,6,595.0,0.0,0.0,0.0,1.0,0,0,1,0.0,0,0.0,0.45378151260504207,0.1512605042016807,0.0,0.0,0.0,0.0,46.134453781512605,0.1512605042016807,0.9075630252100841,0.9075630252100841,1.9663865546218486,2.8739495798319323,7.411764705882353,2.8739495798319323,0.1512605042016807,0.0,1.361344537815126,0.45378151260504207,0.9075630252100841,0.1512605042016807,0.0,0.0,35.79016393442623,33.33333333333333,38.775510204081634,0.0,6.3806722689075634
turkey,Super Lig,2025,Muhammed Var,18.0,F,,,,0,0,0.0,0.0,0.0,0.0,0.0,0,0,0,0.0,0,,,,,,,,,,,,,,,,,,,,,,,,,,,,
turkey,Super Lig,2025,Muhammed Şengezer,29.0,G,Türkiye,192.0,80.0,33,33,2970.0,0.0,1.0,0.0,0.0,0,0,1,0.0,0,0.0,0.0,0.0,0.0,0.030303030303030304,0.030303030303030304,0.0,39.72727272727273,0.06060606060606061,0.06060606060606061,0.0,0.0,0.06060606060606061,0.5151515151515151,0.48484848484848486,0.030303030303030304,0.030303030303030304,0.030303030303030304,0.2121212121212121,0.0,0.030303030303030304,0.0,0.0,29.818459191456903,,94.11764705882352,100.0,7.390909090909091
turkey,Super Lig,2025,Muhammed-Cham Saračević,25.0,M,Austria,180.0,67.0,1,0,11.0,0.0,0.0,0.0,0.0,0,0,0,0.0,0,0.0,0.0,0.0,0.0,0.0,0.0,0.0,16.363636363636363,0.0,0.0,0.0,0.0,0.0,32.72727272727273,0.0,16.363636363636363,0.0,0.0,0.0,16.363636363636363,0.0,0.0,0.0,2.0,,0.0,0.0,6.5
turkey,Super Lig,2025,Muhammet Akmelek,16.0,M,Turkey,,,1,0,12.0,0.0,0.0,0.0,0.0,0,0,1,0.0,0,0.0,0.0,0.0,0.0,0.0,0.0,0.0,7.5,0.0,0.0,0.0,0.0,0.0,30.0,0.0,0.0,0.0,7.5,0.0,15.0,7.5,0.0,0.0,1.0,,0.0,,6.2
turkey,Super Lig,2025,Muhammet Tunahan Taşçı,23.0,F,Türkiye,172.0,70.0,13,0,224.0,1.0,1.0,0.0,0.0,0,0,1,0.0,0,0.0,2.0089285714285716,1.2053571428571428,0.40178571428571425,0.40178571428571425,0.8035714285714285,0.40178571428571425,50.223214285714285,3.214285714285714,2.4107142857142856,0.0,0.0,2.4107142857142856,13.258928571428571,5.625,3.214285714285714,0.8035714285714285,1.2053571428571428,2.0089285714285716,1.2053571428571428,0.40178571428571425,0.0,0.0,12.352,60.0,42.42424242424242,25.0,6.71390134529148
turkey,Super Lig,2025,Muharrem Cinan,27.0,D,Türkiye,179.0,,10,4,417.0,0.0,0.0,0.0,0.0,0,0,2,0.0,0,0.0,0.0,0.0,0.0,0.0,0.0,0.0,32.805755395683455,0.6474820143884893,2.3741007194244603,0.2158273381294964,0.8633093525179856,3.237410071942446,9.280575539568344,6.043165467625899,0.8633093525179856,0.4316546762589928,1.079136690647482,1.079136690647482,0.4316546762589928,0.4316546762589928,0.0,0.0,23.657894736842106,,65.11627906976744,50.0,6.753975903614458
turkey,Super Lig,2025,Musah Mohammed,24.0,M,Ghana,192.0,83.0,11,1,233.0,0.0,0.0,0.0,0.0,0,0,1,0.0,0,0.0,0.7725321888412017,0.7725321888412017,0.0,0.0,0.0,0.0,29.356223175965663,0.38626609442060084,0.7725321888412017,0.0,0.7725321888412017,1.5450643776824033,14.291845493562231,6.5665236051502145,0.7725321888412017,0.38626609442060084,0.7725321888412017,1.9313304721030042,3.8626609442060085,0.38626609442060084,0.0,0.0,6.438356164383562,100.0,45.94594594594595,50.0,6.575431034482759
turkey,Super Lig,2025,Mustafa Burak Bozan,25.0,G,Türkiye,190.0,80.0,14,14,1234.0,0.0,1.0,0.0,1.0,0,0,2,0.0,1,0.0,0.0,0.0,0.0,0.07293354943273905,0.07293354943273905,0.0,28.80875202593193,0.07293354943273905,0.0,0.0,0.07293354943273905,0.07293354943273905,0.5105348460291734,0.36466774716369527,0.0,0.0,0.07293354943273905,0.2188006482982172,0.1458670988654781,0.1458670988654781,0.0,0.07293354943273905,16.336708860759494,,71.42857142857143,,6.630470016207456
turkey,Super Lig,2025,Mustafa Eskihellaç,28.0,D,Türkiye,175.0,72.0,29,27,2329.0,0.0,4.0,1.0,0.0,0,0,7,0.0,1,0.19321597252039502,0.6955775010734221,0.270502361528553,0.0,0.15457277801631603,0.15457277801631603,0.0,43.04851867754401,0.9660798626019751,1.661657363675397,0.19321597252039502,0.6955775010734221,2.3572348647488193,10.08587376556462,5.83512237011593,2.3958780592528983,1.15929583512237,0.6955775010734221,2.4731644482610564,0.9274366680978962,0.270502361528553,0.0,0.038643194504079006,38.83213644524237,38.88888888888889,57.8544061302682,48.38709677419355,6.975525976814083
turkey,Super Lig,2025,Mustafa Hekimoğlu,18.0,F,Türkiye,186.0,80.0,17,3,419.0,1.0,0.0,0.0,0.0,0,0,2,0.0,0,0.42959427207637235,1.0739856801909307,0.6443914081145585,0.21479713603818618,0.0,0.21479713603818618,0.21479713603818618,15.894988066825777,0.42959427207637235,1.503579952267303,0.0,0.6443914081145585,2.1479713603818613,19.116945107398568,7.947494033412888,2.577565632458234,0.8591885441527447,0.21479713603818618,3.007159904534606,4.295942720763723,0.42959427207637235,0.0,0.0,4.797297297297297,60.0,41.57303370786517,33.33333333333333,6.504066985645933
turkey,Super Lig,2025,Mustafa Obut,18.0,D,Turkey,,,0,0,0.0,0.0,0.0,0.0,0.0,0,0,0,0.0,0,,,,,,,,,,,,,,,,,,,,,,,,,,,,
turkey,Super Lig,2025,Mustafa Obut,,M,,,,0,0,0.0,0.0,0.0,0.0,0.0,0,0,0,0.0,0,,,,,,,,,,,,,,,,,,,,,,,,,,,,
turkey,Super Lig,2025,Muzaffer Utku Eriş,19.0,D,Türkiye,186.0,83.0,3,2,157.0,0.0,0.0,0.0,0.0,0,0,0,0.0,0,0.0,0.5732484076433121,0.0,0.0,0.0,0.0,0.0,65.35031847133757,0.0,1.7197452229299361,0.5732484076433121,1.7197452229299361,3.4394904458598723,8.598726114649683,5.159235668789809,1.7197452229299361,1.1464968152866242,0.5732484076433121,0.0,0.5732484076433121,0.0,0.0,0.0,49.824561403508774,0.0,60.0,66.66666666666666,6.664331210191082
turkey,Super Lig,2025,Myenty Abena,31.0,D,Suriname,187.0,90.0,24,21,1925.0,1.0,1.0,0.0,0.0,0,0,2,0.0,1,0.046753246753246755,0.37402597402597404,0.09350649350649351,0.046753246753246755,0.046753246753246755,0.09350649350649351,0.046753246753246755,38.8987012987013,0.14025974025974025,1.2623376623376623,0.935064935064935,0.7012987012987013,1.9636363636363638,8.041558441558442,4.955844155844156,0.09350649350649351,0.09350649350649351,0.14025974025974025,0.7948051948051948,1.168831168831169,0.09350649350649351,0.0,0.046753246753246755,39.703125,25.0,61.627906976744185,100.0,6.60612987012987
turkey,Super Lig,2025,Mücahit Ibrahimoglu,20.0,M,Austria,173.0,70.0,2,0,2.0,0.0,0.0,0.0,0.0,0,0,0,0.0,0,0.0,0.0,0.0,0.0,0.0,0.0,0.0,225.0,0.0,0.0,0.0,0.0,0.0,45.0,45.0,45.0,45.0,0.0,0.0,0.0,0.0,0.0,0.0,5.0,,100.0,100.0,
turkey,Super Lig,2025,N'Golo Kanté,34.0,M,France,168.0,68.0,14,13,1144.0,2.0,0.0,0.0,0.0,0,0,3,0.0,0,0.0,0.47202797202797203,0.15734265734265734,0.15734265734265734,0.0,0.15734265734265734,0.15734265734265734,57.82342657342657,1.1013986013986015,2.8321678321678325,0.3146853146853147,1.652097902097902,4.484265734265734,8.653846153846155,4.956293706293707,1.1013986013986015,0.7080419580419581,0.8653846153846154,0.5506993006993007,1.2587412587412588,0.23601398601398602,0.0,0.0,51.40680272108843,33.33333333333333,57.27272727272727,64.28571428571429,7.171678321678321
turkey,Super Lig,2025,Nazım Sangaré,31.0,D,Türkiye,185.0,72.0,15,13,1146.0,0.0,0.0,0.0,0.0,0,0,5,0.0,1,0.0,0.31413612565445026,0.07853403141361257,0.0,0.0,0.0,0.0,42.87958115183246,0.5497382198952879,3.2984293193717273,0.23560209424083772,3.219895287958115,6.518324607329843,11.073298429319372,7.146596858638744,1.0994764397905759,0.39267015706806285,0.7853403141361257,2.0418848167539267,1.492146596858639,0.39267015706806285,0.0,0.07853403141361257,36.45421245421245,25.0,64.53900709219859,35.714285714285715,6.792663755458515
turkey,Super Lig,2025,Necip Uysal,35.0,D,Türkiye,180.0,72.0,2,1,81.0,0.0,0.0,0.0,0.0,0,0,1,0.0,0,0.0,0.0,0.0,0.0,0.0,0.0,0.0,41.11111111111111,0.0,1.1111111111111112,0.0,5.555555555555555,6.666666666666666,12.222222222222221,3.333333333333333,0.0,0.0,3.333333333333333,1.1111111111111112,4.444444444444445,1.1111111111111112,0.0,0.0,23.594594594594593,,27.27272727272727,,6.261728395061728
turkey,Super Lig,2025,Necip Özer,18.0,M,Türkiye,173.0,60.0,0,0,0.0,0.0,0.0,0.0,0.0,0,0,0,0.0,0,,,,,,,,,,,,,,,,,,,,,,,,,,,,
turkey,Super Lig,2025,Nene Dorgeles,23.0,M,Mali,174.0,62.0,25,16,1465.0,9.0,3.0,3.0,0.0,0,0,3,0.0,0,0.12286689419795221,1.4744027303754266,1.0443686006825939,0.552901023890785,0.18430034129692832,0.7372013651877133,0.552901023890785,28.812286689419793,1.720136518771331,1.5972696245733788,0.0,1.1672354948805461,2.7645051194539247,8.907849829351536,4.177474402730375,2.0887372013651877,0.7372013651877133,0.49146757679180886,1.2901023890784984,1.10580204778157,0.18430034129692832,0.0,0.0,22.01279317697228,70.83333333333334,46.89655172413793,35.294117647058826,7.140477815699658
turkey,Super Lig,2025,Nevzat Üzel,18.0,G,Turkey,,,0,0,0.0,0.0,0.0,0.0,0.0,0,0,0,0.0,0,,,,,,,,,,,,,,,,,,,,,,,,,,,,
turkey,Super Lig,2025,Nicholas Opoku,28.0,D,Ghana,190.0,87.0,30,26,2442.0,0.0,0.0,0.0,1.0,0,0,5,0.0,0,0.0,0.18427518427518427,0.036855036855036855,0.0,0.0,0.0,0.0,43.562653562653566,0.14742014742014742,1.1425061425061425,0.7002457002457002,0.8476658476658476,1.99017199017199,6.228501228501229,3.611793611793612,0.07371007371007371,0.036855036855036855,0.773955773955774,0.5896805896805897,0.6633906633906634,0.18427518427518427,0.0,0.0,45.608474576271185,20.0,57.98816568047337,50.0,6.792301392301392
turkey,Super Lig,2025,Nicolas Janvier,27.0,M,France,171.0,71.0,26,17,1545.0,1.0,1.0,0.0,0.0,0,0,3,0.0,0,0.0,0.9320388349514563,0.34951456310679613,0.05825242718446602,0.05825242718446602,0.11650485436893204,0.05825242718446602,52.77669902912621,1.3398058252427185,1.3398058252427185,0.05825242718446602,1.2815533980582525,2.621359223300971,5.300970873786408,2.0388349514563107,0.5825242718446603,0.23300970873786409,0.7572815533980584,0.17475728155339806,1.2233009708737863,0.17475728155339806,0.0,0.0,43.3719646799117,37.5,38.46153846153847,40.0,6.9093203883495145
turkey,Super Lig,2025,Nicolò Zaniolo,26.0,M,Italy,190.0,79.0,4,0,57.0,0.0,1.0,0.0,0.0,0,0,0,0.0,0,0.0,3.1578947368421053,1.5789473684210527,0.0,1.5789473684210527,1.5789473684210527,0.0,30.0,3.1578947368421053,1.5789473684210527,0.0,0.0,1.5789473684210527,14.210526315789473,4.7368421052631575,9.473684210526315,3.1578947368421053,1.5789473684210527,0.0,1.5789473684210527,0.0,0.0,0.0,3.8947368421052633,50.0,33.33333333333333,33.33333333333333,6.750877192982457
turkey,Super Lig,2025,Nihad Mujakić,27.0,D,Bosnia and Herzegovina,189.0,78.0,27,24,2210.0,0.0,1.0,0.0,0.0,0,0,4,0.0,0,0.04072398190045249,0.04072398190045249,0.04072398190045249,0.0,0.04072398190045249,0.04072398190045249,0.0,41.09049773755656,0.24434389140271492,1.0588235294117647,0.36651583710407243,0.8552036199095022,1.914027149321267,5.864253393665159,3.2579185520361995,0.48868778280542985,0.36651583710407243,0.36651583710407243,1.0995475113122173,0.5294117647058824,0.16289592760180996,0.0,0.0,37.82061446977205,100.0,55.55555555555556,75.0,6.643619909502262
turkey,Super Lig,2025,Nikola Storm,31.0,F,Belgium,178.0,74.0,28,20,1624.0,4.0,1.0,0.0,0.0,0,0,1,0.0,0,0.05541871921182266,1.66256157635468,1.1083743842364533,0.22167487684729065,0.05541871921182266,0.2770935960591133,0.22167487684729065,21.391625615763544,0.8866995073891626,0.83128078817734,0.22167487684729065,0.5541871921182266,1.3854679802955665,6.87192118226601,2.937192118226601,2.4938423645320196,1.2746305418719213,0.7758620689655172,0.6650246305418719,0.9421182266009852,0.05541871921182266,0.0,0.0,12.67098445595855,66.66666666666666,42.74193548387097,51.11111111111111,6.828518518518519
turkey,Super Lig,2025,Nikoloz Ugrekhelidze,22.0,D,Georgia,190.0,82.0,4,2,187.0,0.0,0.0,0.0,0.0,0,0,1,0.0,0,0.0,0.48128342245989303,0.0,0.0,0.0,0.0,0.0,37.05882352941176,0.48128342245989303,1.4438502673796794,1.4438502673796794,2.406417112299465,3.8502673796791442,8.181818181818182,4.81283422459893,0.0,0.0,0.48128342245989303,1.4438502673796794,2.8877005347593587,0.48128342245989303,0.0,0.0,26.98701298701299,0.0,58.82352941176471,,6.248387096774194
turkey,Super Lig,2025,Noa Lang,26.0,F,Netherlands,173.0,70.0,13,7,704.0,0.0,3.0,0.0,0.0,0,0,2,0.0,0,0.1278409090909091,1.534090909090909,0.8948863636363636,0.0,0.38352272727272724,0.38352272727272724,0.0,47.04545454545455,2.428977272727273,0.7670454545454545,0.1278409090909091,0.2556818181818182,1.0227272727272727,7.926136363636364,3.7073863636363633,2.940340909090909,1.534090909090909,0.8948863636363636,1.0227272727272727,0.7670454545454545,0.2556818181818182,0.0,0.0,32.23097826086956,58.333333333333336,46.774193548387096,52.17391304347826,7.055965909090909
turkey,Super Lig,2025,Novatus Miroshi,23.0,M,Tanzania,185.0,77.0,32,24,2256.0,2.0,2.0,0.0,1.0,1,0,10,0.0,0,0.0,0.8776595744680851,0.23936170212765956,0.0797872340425532,0.0797872340425532,0.1595744680851064,0.0398936170212766,31.715425531914892,0.5186170212765957,2.2739361702127656,0.43882978723404253,1.7553191489361701,4.029255319148937,9.095744680851062,4.547872340425531,0.3191489361702128,0.1595744680851064,0.797872340425532,0.5585106382978724,2.5132978723404253,0.398936170212766,0.0,0.0,25.80880503144654,27.27272727272727,50.0,50.0,6.903413120567376
turkey,Super Lig,2025,Nuno Da Costa,34.0,F,Cape Verde,184.0,70.0,26,8,930.0,3.0,1.0,0.0,0.0,0,0,3,0.0,0,0.3870967741935484,2.225806451612903,0.5806451612903226,0.2903225806451613,0.0967741935483871,0.3870967741935484,0.2903225806451613,16.741935483870968,1.3548387096774195,1.5483870967741935,0.0967741935483871,0.8709677419354839,2.4193548387096775,17.419354838709676,8.419354838709678,2.903225806451613,1.7419354838709677,0.6774193548387097,2.032258064516129,1.935483870967742,0.2903225806451613,0.0,0.0,7.429411764705883,26.08695652173913,48.333333333333336,60.0,6.697631862217437
turkey,Super Lig,2025,Nuno Lima,24.0,D,Portugal,185.0,78.0,32,32,2825.0,1.0,1.0,0.0,0.0,0,0,8,0.0,0,0.0,0.5734513274336284,0.09557522123893807,0.03185840707964602,0.03185840707964602,0.06371681415929203,0.03185840707964602,58.84247787610619,0.19115044247787613,0.7646017699115045,0.6690265486725664,0.6371681415929203,1.4017699115044249,6.371681415929204,3.3132743362831856,0.06371681415929203,0.06371681415929203,0.38230088495575226,0.5734513274336284,1.1150442477876106,0.25486725663716814,0.0,0.0,58.486735246345425,16.666666666666664,52.0,100.0,6.904778761061947
turkey,Super Lig,2025,Nurettin Korkmaz,23.0,M,Türkiye,178.0,70.0,7,1,163.0,0.0,1.0,0.0,0.0,0,0,1,0.0,0,0.0,0.5521472392638037,0.5521472392638037,0.0,0.5521472392638037,0.5521472392638037,0.0,39.75460122699386,1.6564417177914113,0.5521472392638037,0.0,1.1042944785276074,1.6564417177914113,9.386503067484663,4.969325153374233,2.208588957055215,1.6564417177914113,0.5521472392638037,2.7607361963190185,1.1042944785276074,0.5521472392638037,0.0,0.0,13.014084507042254,100.0,52.94117647058824,75.0,6.1499999999999995
turkey,Super Lig,2025,Nélson Semedo,32.0,D,Portugal,177.0,69.0,26,25,1942.0,1.0,3.0,0.0,0.0,0,0,8,0.0,0,0.0,0.46343975283213185,0.09268795056642636,0.04634397528321318,0.13903192584963955,0.1853759011328527,0.04634397528321318,41.941297631307926,0.7878475798146242,2.363542739443872,0.13903192584963955,1.3439752832131822,3.7075180226570548,9.824922760041195,5.561277033985582,2.780638516992791,1.4366632337796086,0.6488156539649845,1.3439752832131822,0.9268795056642637,0.3707518022657054,0.0,0.0,38.74033149171271,20.0,56.60377358490566,51.66666666666667,6.890937178166839
turkey,Super Lig,2025,Oghenekaro Etebo,30.0,M,Nigeria,172.0,70.0,1,1,42.0,0.0,0.0,0.0,0.0,0,0,0,0.0,0,0.0,0.0,0.0,0.0,0.0,0.0,0.0,30.0,0.0,6.428571428571428,0.0,2.142857142857143,8.571428571428571,12.857142857142856,10.714285714285714,2.142857142857143,0.0,0.0,4.285714285714286,0.0,0.0,0.0,0.0,12.0,,83.33333333333334,0.0,7.0
turkey,Super Lig,2025,Oguzhan Odabas,17.0,D,Turkey,,,0,0,0.0,0.0,0.0,0.0,0.0,0,0,0,0.0,0,,,,,,,,,,,,,,,,,,,,,,,,,,,,
turkey,Super Lig,2025,Oguzhan Yilmaz,22.0,M,Türkiye,181.0,,0,0,0.0,0.0,0.0,0.0,0.0,0,0,0,0.0,0,,,,,,,,,,,,,,,,,,,,,,,,,,,,
turkey,Super Lig,2025,Ogün Bayrak,27.0,D,Türkiye,178.0,64.0,16,7,578.0,0.0,1.0,0.0,0.0,0,0,1,0.0,0,0.0,0.4671280276816609,0.0,0.0,0.15570934256055363,0.15570934256055363,0.0,22.422145328719722,0.6228373702422145,1.245674740484429,0.6228373702422145,0.9342560553633218,2.179930795847751,6.539792387543253,2.491349480968858,1.4013840830449826,0.6228373702422145,0.6228373702422145,0.31141868512110726,1.245674740484429,0.15570934256055363,0.0,0.0,12.590277777777779,0.0,38.095238095238095,44.44444444444444,6.735478260869566
turkey,Super Lig,2025,Ogün Özçiçek,27.0,M,Türkiye,172.0,69.0,21,13,1180.0,0.0,0.0,0.0,0.0,0,0,4,0.0,0,0.0,0.07627118644067796,0.0,0.0,0.0,0.0,0.0,40.271186440677965,0.6864406779661018,1.4491525423728813,0.22881355932203387,1.3728813559322035,2.8220338983050848,9.686440677966102,5.033898305084746,1.2966101694915255,0.7627118644067796,0.7627118644067796,2.211864406779661,1.5254237288135593,0.30508474576271183,0.0,0.0,27.367424242424242,0.0,51.96850393700787,58.82352941176471,6.737288135593221
turkey,Super Lig,2025,Okan Koçuk,30.0,G,Türkiye,187.0,79.0,31,31,2790.0,0.0,0.0,0.0,0.0,0,0,2,0.0,0,0.0,0.0,0.0,0.0,0.0,0.0,0.0,26.548387096774196,0.03225806451612903,0.06451612903225806,0.0,0.0,0.06451612903225806,0.41935483870967744,0.3870967741935484,0.0,0.0,0.03225806451612903,0.1935483870967742,0.0,0.06451612903225806,0.0,0.0,19.945321992709598,,92.3076923076923,,6.858064516129033
turkey,Super Lig,2025,Okay Yokuşlu,31.0,M,Türkiye,190.0,79.0,22,10,898.0,1.0,0.0,0.0,1.0,0,0,1,0.0,1,0.0,0.5011135857461024,0.30066815144766146,0.10022271714922049,0.0,0.10022271714922049,0.10022271714922049,51.414253897550104,0.6013363028953229,1.0022271714922049,0.6013363028953229,0.7015590200445434,1.7037861915367483,9.821826280623608,5.412026726057906,0.30066815144766146,0.20044543429844097,0.6013363028953229,1.804008908685969,1.6035634743875278,0.10022271714922049,0.0,0.10022271714922049,49.35294117647059,60.0,55.10204081632652,66.66666666666666,6.996412556053812
turkey,Super Lig,2025,Oleksandr Syrota,25.0,D,Ukraine,193.0,78.0,6,4,372.0,0.0,0.0,0.0,0.0,0,0,0,0.0,0,0.0,0.0,0.0,0.0,0.0,0.0,0.0,41.854838709677416,0.24193548387096775,1.2096774193548387,0.4838709677419355,0.967741935483871,2.1774193548387095,5.322580645161291,2.1774193548387095,0.0,0.0,0.7258064516129032,0.0,1.4516129032258065,0.0,0.0,0.0,45.47093023255814,,40.909090909090914,,6.172237196765499
turkey,Super Lig,2025,Oleksandr Zubkov,29.0,M,Ukraine,182.0,78.0,30,25,2183.0,4.0,7.0,1.0,0.0,0,0,1,0.0,0,0.16491067338524965,1.8964727439303712,0.7420980302336235,0.16491067338524965,0.28859367842418693,0.45350435180943655,0.16491067338524965,33.60054970224462,2.762253779202932,1.2368300503893725,0.08245533669262482,0.45350435180943655,1.690334402198809,8.327989005955107,3.916628492899679,2.762253779202932,1.5254237288135593,0.9894640403114979,0.9894640403114979,0.9482363719651856,0.04122766834631241,0.0,0.0,24.948466257668713,39.130434782608695,47.02970297029702,55.223880597014926,7.333577645442053
turkey,Super Lig,2025,Olivier Kemen,29.0,M,Cameroon,177.0,76.0,29,26,2298.0,0.0,3.0,0.0,1.0,0,0,5,0.0,0,0.0783289817232376,0.9791122715404699,0.3524804177545692,0.0,0.1174934725848564,0.1174934725848564,0.0,40.37859007832898,1.3707571801566578,1.4490861618798956,0.0783289817232376,0.5091383812010444,1.9582245430809397,9.164490861618798,4.738903394255875,1.4882506527415145,0.7441253263707572,0.8224543080939948,1.8407310704960835,1.3707571801566578,0.19582245430809397,0.0,0.0,37.26867119301649,36.0,51.70940170940172,50.0,7.0145778938207135
turkey,Super Lig,2025,Olivier Ntcham,29.0,M,Cameroon,180.0,80.0,24,20,1617.0,2.0,1.0,0.0,0.0,1,1,3,0.0,0,0.05565862708719852,1.725417439703154,0.6122448979591837,0.11131725417439704,0.05565862708719852,0.16697588126159554,0.05565862708719852,52.820037105751396,0.7792207792207793,0.6122448979591837,0.22263450834879409,0.6122448979591837,1.2244897959183674,6.40074211502783,3.339517625231911,1.168831168831169,0.8905380333951763,0.6122448979591837,1.0018552875695732,1.0018552875695732,0.16697588126159554,0.0,0.0,40.609062170706004,35.483870967741936,52.17391304347826,76.19047619047619,6.960570365778053
turkey,Super Lig,2025,Omer Cobanoglu,18.0,M,Turkey,,,1,0,1.0,0.0,0.0,0.0,0.0,0,0,0,0.0,0,0.0,0.0,0.0,0.0,0.0,0.0,0.0,360.0,90.0,0.0,0.0,0.0,0.0,0.0,0.0,0.0,0.0,0.0,0.0,0.0,0.0,0.0,0.0,2.0,,,,
turkey,Super Lig,2025,Onur Başyiğit,21.0,D,Turkey,177.0,,0,0,0.0,0.0,0.0,0.0,0.0,0,0,0,0.0,0,,,,,,,,,,,,,,,,,,,,,,,,,,,,
turkey,Super Lig,2025,Onur Bulut,31.0,D,Türkiye,179.0,80.0,18,9,973.0,0.0,1.0,0.0,0.0,0,0,1,0.0,0,0.09249743062692703,0.4624871531346351,0.09249743062692703,0.0,0.09249743062692703,0.09249743062692703,0.0,35.70400822199383,0.9249743062692702,1.9424460431654678,0.18499486125385406,0.8324768756423433,2.774922918807811,6.197327852004111,3.607399794450154,0.4624871531346351,0.0,0.8324768756423433,0.8324768756423433,0.6474820143884893,0.09249743062692703,0.0,0.0,25.865284974093264,20.0,58.2089552238806,0.0,6.748406988694758
turkey,Super Lig,2025,Onur Ergün,33.0,M,Türkiye,185.0,79.0,19,3,385.0,0.0,1.0,0.0,0.0,0,0,1,0.0,0,0.0,0.935064935064935,0.4675324675324675,0.0,0.23376623376623376,0.23376623376623376,0.0,46.051948051948045,1.168831168831169,2.571428571428571,0.4675324675324675,0.7012987012987013,3.2727272727272725,8.883116883116884,4.675324675324676,0.935064935064935,0.0,1.4025974025974026,0.7012987012987013,0.935064935064935,0.23376623376623376,0.0,0.0,18.943877551020407,50.0,52.63157894736842,0.0,6.788250652741515
turkey,Super Lig,2025,Onur Öztonga,25.0,D,Türkiye,181.0,,0,0,0.0,0.0,0.0,0.0,0.0,0,0,0,0.0,0,,,,,,,,,,,,,,,,,,,,,,,,,,,,
turkey,Super Lig,2025,Onuralp Çakıroğlu,18.0,F,Türkiye,177.0,72.0,2,0,25.0,0.0,0.0,0.0,0.0,0,0,1,0.0,0,0.0,0.0,0.0,0.0,0.0,0.0,0.0,28.8,0.0,0.0,0.0,0.0,0.0,14.4,7.2,0.0,0.0,0.0,7.2,3.6,3.6,0.0,0.0,3.625,,50.0,,6.599999999999999
turkey,Super Lig,2025,Onuralp Çevikkan,19.0,G,Türkiye,192.0,78.0,1,1,90.0,0.0,0.0,0.0,0.0,0,0,0,0.0,0,0.0,0.0,0.0,0.0,0.0,0.0,0.0,25.0,0.0,0.0,0.0,0.0,0.0,1.0,1.0,0.0,0.0,0.0,0.0,0.0,0.0,0.0,0.0,22.0,,100.0,,6.5
turkey,Super Lig,2025,Onurcan Piri,31.0,G,Türkiye,190.0,82.0,4,4,360.0,0.0,0.0,0.0,0.0,0,0,1,0.0,0,0.0,0.0,0.0,0.0,0.0,0.0,0.0,28.5,0.0,0.0,0.0,0.0,0.0,0.25,0.25,0.0,0.0,0.0,0.25,0.0,0.25,0.0,0.0,19.859649122807017,,100.0,,6.65
turkey,Super Lig,2025,Orkun Kökçü,25.0,M,Türkiye,175.0,70.0,30,29,2487.0,8.0,8.0,1.0,0.0,2,0,5,0.0,2,0.03618817852834741,1.95416164053076,1.158021712907117,0.28950542822677927,0.28950542822677927,0.5790108564535585,0.21712907117008443,55.983112183353434,3.2931242460796137,1.2665862484921593,0.10856453558504221,0.28950542822677927,1.5560916767189383,7.52714113389626,4.0168878166465625,1.1218335343787698,0.5790108564535585,0.47044632086851623,1.881785283474065,0.8323281061519904,0.18094089264173702,0.0,0.07237635705669482,51.87782805429864,59.25925925925925,53.36538461538461,51.61290322580645,7.664053075995175
turkey,Super Lig,2025,Osman Topcu,19.0,G,Turkey,,,0,0,0.0,0.0,0.0,0.0,0.0,0,0,0,0.0,0,,,,,,,,,,,,,,,,,,,,,,,,,,,,
turkey,Super Lig,2025,Osman Topcu,18.0,G,,,,0,0,0.0,0.0,0.0,0.0,0.0,0,0,0,0.0,0,,,,,,,,,,,,,,,,,,,,,,,,,,,,
turkey,Super Lig,2025,Ousmane Diabate,18.0,D,Guinea,,,4,2,213.0,0.0,0.0,0.0,0.0,0,0,1,0.0,0,0.0,0.4225352112676056,0.0,0.0,0.0,0.0,0.0,32.95774647887324,0.0,2.112676056338028,0.0,0.8450704225352113,2.9577464788732395,6.338028169014085,4.225352112676056,0.8450704225352113,0.8450704225352113,0.4225352112676056,0.4225352112676056,0.8450704225352113,0.4225352112676056,0.0,0.0,31.833333333333332,0.0,66.66666666666666,100.0,6.891549295774649
turkey,Super Lig,2025,Ousseynou Ba,30.0,D,Senegal,192.0,84.0,17,10,1095.0,0.0,0.0,0.0,0.0,0,0,7,0.0,1,0.1643835616438356,0.410958904109589,0.0821917808219178,0.0,0.0,0.0,0.0,58.35616438356164,0.0,0.821917808219178,0.9041095890410958,1.643835616438356,2.4657534246575343,7.47945205479452,3.8630136986301373,0.1643835616438356,0.1643835616438356,0.410958904109589,0.9041095890410958,1.726027397260274,0.5753424657534247,0.0,0.0821917808219178,57.2169014084507,20.0,51.64835164835166,100.0,6.749771689497717
turkey,Super Lig,2025,Ozan Tufan,30.0,M,Türkiye,179.0,70.0,25,15,1460.0,1.0,2.0,0.0,0.0,0,0,4,0.0,0,0.06164383561643836,0.5547945205479452,0.24657534246575344,0.06164383561643836,0.12328767123287672,0.18493150684931506,0.06164383561643836,42.84246575342466,1.1712328767123288,1.8493150684931505,0.4315068493150685,1.1712328767123288,3.0205479452054798,7.027397260273973,3.945205479452055,0.6164383561643836,0.12328767123287672,0.6164383561643836,0.9246575342465753,1.1095890410958904,0.24657534246575344,0.0,0.0,46.39712230215827,44.44444444444444,56.14035087719298,20.0,6.9478737997256514
turkey,Super Lig,2025,Oğulcan Çağlayan,29.0,F,Türkiye,188.0,75.0,4,2,196.0,0.0,0.0,0.0,0.0,0,0,1,0.0,0,1.3775510204081631,2.295918367346939,0.0,0.0,0.0,0.0,0.0,21.581632653061224,0.0,0.9183673469387754,0.0,0.0,0.9183673469387754,10.10204081632653,4.591836734693878,0.9183673469387754,0.9183673469387754,1.3775510204081631,0.4591836734693877,0.9183673469387754,0.4591836734693877,0.0,0.0,10.659574468085106,0.0,45.45454545454545,100.0,6.620408163265306
turkey,Super Lig,2025,Oğulcan Ülgün,27.0,M,Türkiye,178.0,72.0,25,21,1619.0,4.0,3.0,1.0,0.0,0,0,4,0.0,0,0.16676961087090797,1.1673872760963557,0.5003088326127239,0.22235948116121063,0.16676961087090797,0.3891290920321186,0.22235948116121063,27.40580605311921,1.0562075355157505,1.0006176652254477,0.2779493514515133,0.7226683137739346,1.7232859789993822,11.006794317479926,6.003705991352687,0.5003088326127239,0.2779493514515133,0.7226683137739346,3.1130327362569488,1.945645460160593,0.22235948116121063,0.0,0.0,17.989837398373982,42.857142857142854,54.54545454545454,55.55555555555556,6.987029030265596
turkey,Super Lig,2025,Oğuz Aydın,25.0,F,Türkiye,183.0,76.0,21,5,647.0,0.0,2.0,0.0,0.0,0,0,2,0.0,0,0.2782071097372488,1.2519319938176199,0.6955177743431221,0.0,0.2782071097372488,0.2782071097372488,0.0,43.40030911901082,3.199381761978362,1.5301391035548686,0.1391035548686244,0.2782071097372488,1.8083462132921175,7.094281298299845,3.616692426584235,1.2519319938176199,0.6955177743431221,0.2782071097372488,0.973724884080371,1.2519319938176199,0.2782071097372488,0.0,0.0,24.746794871794872,55.55555555555556,50.98039215686274,55.55555555555556,6.895496894409938
turkey,Super Lig,2025,Oğuzhan Ertem,18.0,M,Turkey,,,1,0,24.0,0.0,0.0,0.0,0.0,0,0,0,0.0,0,0.0,0.0,0.0,0.0,0.0,0.0,0.0,33.75,0.0,3.75,0.0,0.0,3.75,11.25,11.25,0.0,0.0,0.0,3.75,0.0,0.0,0.0,0.0,7.0,,100.0,,6.7
turkey,Super Lig,2025,Pape Habib Gueye,26.0,F,Senegal,188.0,84.0,26,16,1559.0,5.0,0.0,1.0,0.0,0,1,5,0.0,1,0.28864656831302116,1.962796664528544,0.8082103912764593,0.28864656831302116,0.0,0.28864656831302116,0.28864656831302116,15.991019884541373,0.5195638229634381,1.0391276459268761,0.11545862732520847,0.1731879409878127,1.2123155869146889,19.62796664528544,7.273893521488134,2.0782552918537522,0.6927517639512508,0.750481077613855,1.5586914688903142,3.8101347017318794,0.28864656831302116,0.0,0.05772931366260423,9.905454545454546,41.17647058823529,37.05882352941177,33.33333333333333,6.550192554557125
turkey,Super Lig,2025,Paul Onuachu,31.0,F,Nigeria,201.0,98.0,30,28,2522.0,22.0,2.0,2.0,0.0,6,1,6,0.0,0,0.9635210150674068,2.5693893735130846,1.570182394924663,0.7850911974623315,0.07137192704203013,0.8564631245043616,0.570975416336241,17.30769230769231,0.7494052339413164,0.1784298176050753,0.1070578905630452,0.1070578905630452,0.2854877081681205,14.666931007137194,6.816019032513878,1.7486122125297383,0.8207771609833466,0.2854877081681205,1.7486122125297383,2.4980174464710547,0.2141157811260904,0.0,0.0,14.010309278350515,61.111111111111114,46.47201946472019,46.93877551020408,7.1704996034892945
turkey,Super Lig,2025,Paulo Victor,39.0,G,Brazil,187.0,81.0,14,14,1260.0,0.0,0.0,0.0,0.0,0,0,3,0.0,0,0.0,0.0,0.0,0.0,0.0,0.0,0.0,27.0,0.0,0.0,0.0,0.0,0.0,0.8571428571428572,0.7857142857142857,0.0,0.0,0.07142857142857142,0.4285714285714286,0.0,0.2142857142857143,0.0,0.0,19.264550264550266,,91.66666666666666,,7.05
turkey,Super Lig,2025,Pedrinho,29.0,F,Brazil,,,8,3,338.0,0.0,0.0,0.0,0.0,0,0,0,0.0,0,0.0,0.7988165680473372,0.2662721893491124,0.0,0.0,0.0,0.0,37.27810650887574,1.331360946745562,2.130177514792899,0.2662721893491124,0.7988165680473372,2.9289940828402368,11.449704142011836,6.124260355029586,3.195266272189349,1.0650887573964496,0.7988165680473372,2.662721893491124,0.5325443786982248,0.0,0.0,0.0,21.5,33.33333333333333,53.48837209302325,33.33333333333333,6.859643916913946
turkey,Super Lig,2025,Pedrinho,29.0,F,Brazil,173.0,67.0,7,3,339.0,1.0,0.0,0.0,0.0,1,0,0,0.0,0,0.0,1.8584070796460177,1.0619469026548671,0.2654867256637168,0.0,0.2654867256637168,0.0,35.575221238938056,1.592920353982301,2.920353982300885,0.0,0.2654867256637168,3.185840707964602,10.353982300884956,6.106194690265487,1.592920353982301,1.0619469026548671,0.2654867256637168,1.8584070796460177,1.3274336283185841,0.0,0.0,0.0,20.67910447761194,57.14285714285714,58.97435897435898,66.66666666666666,6.917109144542773
turkey,Super Lig,2025,Pedro Pereira,28.0,D,Portugal,185.0,77.0,30,29,2618.0,0.0,1.0,0.0,1.0,0,0,11,0.0,0,0.06875477463712758,0.3437738731856379,0.13750954927425516,0.0,0.03437738731856379,0.03437738731856379,0.0,28.808250572956457,0.5844155844155845,1.8907563025210086,0.44690603514132926,0.8938120702826585,2.784568372803667,7.7692895339954156,3.781512605042017,1.1000763941940412,0.48128342245989303,0.6531703590527119,0.7563025210084033,1.7532467532467533,0.37815126050420167,0.0,0.0,24.05131264916468,40.0,48.67256637168141,43.75,6.586554621848739
turkey,Super Lig,2025,Polat Yaldır,22.0,F,Türkiye,184.0,77.0,6,0,108.0,0.0,0.0,0.0,0.0,0,0,0,0.0,0,0.8333333333333333,1.6666666666666665,1.6666666666666665,0.0,0.0,0.0,0.0,27.500000000000004,3.333333333333333,1.6666666666666665,0.0,1.6666666666666665,3.333333333333333,20.0,8.333333333333332,6.666666666666666,2.5,1.6666666666666665,2.5,3.333333333333333,0.0,0.0,0.0,7.181818181818182,100.0,41.66666666666667,37.5,6.366666666666667
turkey,Super Lig,2025,Poyraz Efe Yıldırım,21.0,F,Türkiye,188.0,78.0,10,0,181.0,0.0,0.0,0.0,0.0,0,0,1,0.0,0,0.0,1.4917127071823204,0.49723756906077343,0.0,0.0,0.0,0.0,20.386740331491712,0.0,0.9944751381215469,0.49723756906077343,0.0,0.9944751381215469,15.91160220994475,5.966850828729282,1.9889502762430937,0.49723756906077343,0.49723756906077343,2.983425414364641,1.9889502762430937,0.49723756906077343,0.0,0.0,5.2926829268292686,33.33333333333333,37.5,25.0,6.555000000000001
turkey,Super Lig,2025,Prince Ampem,27.0,F,Ghana,169.0,60.0,20,4,648.0,2.0,0.0,0.0,0.0,0,0,3,0.0,0,0.6944444444444444,1.6666666666666665,0.9722222222222222,0.2777777777777778,0.0,0.2777777777777778,0.2777777777777778,25.555555555555554,1.25,0.8333333333333333,0.2777777777777778,0.9722222222222222,1.8055555555555554,12.63888888888889,6.111111111111111,4.305555555555555,2.7777777777777777,0.41666666666666663,1.9444444444444444,1.25,0.41666666666666663,0.0,0.0,10.51086956521739,58.333333333333336,48.35164835164835,64.51612903225806,6.7266975308641985
turkey,Super Lig,2025,Prince Martor,,F,,,,0,0,0.0,0.0,0.0,0.0,0.0,0,0,0,0.0,0,,,,,,,,,,,,,,,,,,,,,,,,,,,,
turkey,Super Lig,2025,Qazim Laci,30.0,M,Albania,175.0,67.0,32,32,2693.0,7.0,9.0,0.0,0.0,3,0,6,0.0,1,0.23393984404010398,1.2699591533605645,0.6015595989602673,0.23393984404010398,0.30077979948013367,0.5347196435202376,0.1336799108800594,42.67731154845897,2.1388785740809504,1.4370590419606388,0.30077979948013367,0.7018195321203119,2.1388785740809504,9.123653917564054,4.043817304121797,1.4704790196806534,0.7018195321203119,1.2365391756405495,1.1696992202005199,1.5373189751206833,0.2005198663200891,0.0,0.03341997772001485,36.637431480031324,47.368421052631575,44.32234432234432,47.72727272727273,7.089974006683995
turkey,Super Lig,2025,Rafa Silva,32.0,M,Portugal,172.0,62.0,10,10,820.0,5.0,1.0,0.0,0.0,0,0,0,0.0,0,0.43902439024390244,1.8658536585365855,1.4268292682926829,0.5487804878048781,0.10975609756097561,0.6585365853658537,0.5487804878048781,29.634146341463417,1.646341463414634,0.8780487804878049,0.10975609756097561,0.43902439024390244,1.3170731707317074,8.231707317073171,4.719512195121951,2.9634146341463414,1.7560975609756098,0.21951219512195122,1.975609756097561,0.8780487804878049,0.0,0.0,0.0,23.862962962962964,76.47058823529412,57.333333333333336,59.25925925925925,7.327073170731707
turkey,Super Lig,2025,Ramazan Civelek,30.0,D,Türkiye,171.0,70.0,30,25,2149.0,0.0,2.0,0.0,0.0,0,0,7,0.0,0,0.20939972080037228,0.37691949744067005,0.041879944160074456,0.0,0.08375988832014891,0.08375988832014891,0.0,37.105630525825966,0.7538389948813401,1.549557933922755,0.08375988832014891,1.0469986040018613,2.596556537924616,9.046067938576082,3.811074918566775,1.0469986040018613,0.37691949744067005,1.4239181014425315,1.4657980456026058,1.2563983248022337,0.2931596091205212,0.0,0.0,29.58690744920993,11.11111111111111,42.129629629629626,36.0,6.511679851093532
turkey,Super Lig,2025,Ramzi Safuri,30.0,M,Israel,183.0,74.0,25,21,1792.0,1.0,5.0,0.0,0.0,0,0,8,0.0,0,0.15066964285714285,0.7533482142857143,0.3013392857142857,0.05022321428571428,0.25111607142857145,0.3013392857142857,0.05022321428571428,35.457589285714285,2.5613839285714284,1.0546875,0.0,0.3515625,1.40625,10.998883928571429,6.177455357142858,2.1595982142857144,1.3560267857142858,0.4520089285714286,3.013392857142857,1.2555803571428572,0.40178571428571425,0.0,0.0,26.973087818696882,40.0,56.16438356164384,62.7906976744186,6.928459821428571
turkey,Super Lig,2025,Rayyan Baniya,26.0,D,Türkiye,194.0,85.0,9,2,353.0,0.0,0.0,0.0,0.0,0,0,0,0.0,0,0.0,0.509915014164306,0.254957507082153,0.0,0.0,0.0,0.0,47.42209631728045,0.0,1.274787535410765,0.509915014164306,1.019830028328612,2.2946175637393766,5.864022662889519,2.8045325779036827,0.0,0.0,0.254957507082153,0.0,1.274787535410765,0.0,0.0,0.0,42.795698924731184,50.0,47.82608695652174,,6.931728045325779
turkey,Super Lig,2025,Renato Nhaga,18.0,M,Guinea-Bissau,176.0,66.0,3,1,100.0,1.0,0.0,0.0,0.0,0,0,0,0.0,0,0.0,0.9,0.9,0.9,0.0,0.9,0.9,72.9,1.8,1.8,0.0,0.0,1.8,20.7,9.9,0.9,0.0,2.6999999999999997,8.1,0.9,0.0,0.0,0.0,30.77777777777778,100.0,47.82608695652174,0.0,6.715999999999999
turkey,Super Lig,2025,Rhaldney,27.0,M,Brazil,,,18,12,1099.0,1.0,1.0,0.0,0.0,0,0,3,0.0,1,0.0818926296633303,0.9008189262966333,0.4094631483166515,0.0818926296633303,0.0818926296633303,0.1637852593266606,0.0818926296633303,31.774340309372157,1.392174704276615,2.948134667879891,0.0818926296633303,1.1464968152866242,4.0946314831665145,11.13739763421292,5.48680618744313,1.2283894449499544,0.4094631483166515,0.3275705186533212,1.2283894449499544,2.456778889899909,0.2456778889899909,0.0,0.0818926296633303,25.827319587628867,45.45454545454545,49.26470588235294,33.33333333333333,6.936942675159235
turkey,Super Lig,2025,Ricardo Esgaio,32.0,D,Portugal,172.0,73.0,26,24,2178.0,0.0,0.0,0.0,0.0,0,0,3,0.0,0,0.24793388429752067,0.08264462809917356,0.04132231404958678,0.0,0.0,0.0,0.0,34.79338842975206,0.5371900826446281,2.644628099173554,0.1652892561983471,0.8264462809917356,3.4710743801652892,9.545454545454545,4.628099173553719,0.5371900826446281,0.2892561983471074,1.0330578512396693,0.8264462809917356,1.7768595041322313,0.12396694214876033,0.0,0.0,29.81688466111772,50.0,48.484848484848484,53.84615384615385,6.583731617647059
turkey,Super Lig,2025,Ricardo Velho,27.0,G,Portugal,188.0,88.0,23,23,2070.0,0.0,0.0,0.0,0.0,0,0,0,0.0,0,0.0,0.0,0.0,0.0,0.0,0.0,0.0,29.652173913043477,0.08695652173913043,0.043478260869565216,0.0,0.0,0.043478260869565216,0.7391304347826088,0.6956521739130435,0.043478260869565216,0.043478260869565216,0.0,0.30434782608695654,0.0,0.0,0.0,0.0,17.665689149560116,,94.11764705882352,100.0,7.1695652173913045
turkey,Super Lig,2025,Rick Van Drongelen,27.0,D,Netherlands,187.0,85.0,32,31,2822.0,2.0,1.0,0.0,1.0,0,0,6,0.0,0,0.0,0.5102763997165132,0.0956768249468462,0.06378454996456415,0.03189227498228207,0.0956768249468462,0.06378454996456415,61.74344436569808,0.47838412473423103,1.4989369241672572,0.7973068745570517,0.9567682494684621,2.455705173635719,9.376328844790928,5.007087172218285,0.4145995747696669,0.3508150248051028,0.3508150248051028,0.3189227498228207,1.5627214741318214,0.1913536498936924,0.0,0.0,60.510330578512395,18.75,53.40136054421769,84.61538461538461,7.079872430900071
turkey,Super Lig,2025,Riechedly Bazoer,29.0,D,Netherlands,184.0,74.0,15,10,935.0,0.0,0.0,0.0,0.0,0,0,6,0.0,1,0.0962566844919786,0.2887700534759358,0.0962566844919786,0.0,0.0,0.0,0.0,47.35828877005348,0.3850267379679144,1.1550802139037433,0.48128342245989303,1.0588235294117647,2.213903743315508,5.967914438502675,2.5989304812834226,0.1925133689839572,0.0962566844919786,0.0962566844919786,0.48128342245989303,1.8288770053475936,0.5775401069518716,0.0,0.0962566844919786,46.26883910386965,33.33333333333333,43.54838709677419,50.0,6.468635875402793
turkey,Super Lig,2025,Rigoberto Rivas,27.0,F,Honduras,178.0,70.0,22,13,1176.0,1.0,1.0,0.0,0.0,0,0,4,0.0,0,0.30612244897959184,0.6122448979591837,0.15306122448979592,0.07653061224489796,0.07653061224489796,0.15306122448979592,0.07653061224489796,30.459183673469386,0.9183673469387754,1.607142857142857,0.07653061224489796,0.9183673469387754,2.5255102040816326,10.255102040816327,3.75,1.683673469387755,0.6122448979591837,0.4591836734693877,0.8418367346938775,2.372448979591837,0.30612244897959184,0.0,0.0,19.133165829145728,25.0,36.56716417910448,36.36363636363637,6.345238095238095
turkey,Super Lig,2025,Rob Nizet,23.0,D,Belgium,177.0,72.0,2,0,20.0,0.0,0.0,0.0,0.0,0,0,0,0.0,0,0.0,0.0,0.0,0.0,0.0,0.0,0.0,45.0,0.0,4.5,0.0,0.0,4.5,18.0,18.0,0.0,0.0,0.0,4.5,0.0,0.0,0.0,0.0,4.5,,100.0,,6.515000000000001
turkey,Super Lig,2025,Robin Yalçın,32.0,D,Germany,183.0,78.0,19,18,1631.0,0.0,0.0,0.0,1.0,0,0,0,0.0,0,0.1103617412630288,0.16554261189454322,0.0551808706315144,0.0,0.0,0.0,0.0,51.814837522992036,0.2207234825260576,1.489883507050889,0.7173513182096873,0.7725321888412017,2.2624156958920905,4.800735744941753,3.1453096259963216,0.27590435315757206,0.27590435315757206,0.38626609442060084,0.8828939301042305,0.33108522378908645,0.0,0.0,0.0,52.63539445628998,33.33333333333333,65.51724137931035,100.0,7.009012875536481
turkey,Super Lig,2025,Rodrigo Becão,30.0,D,Brazil,191.0,79.0,14,13,1124.0,0.0,1.0,0.0,0.0,0,0,4,0.0,1,0.0,0.16014234875444838,0.0,0.0,0.08007117437722419,0.08007117437722419,0.0,39.87544483985765,0.08007117437722419,0.9608540925266904,0.8807829181494662,0.6405693950177935,1.6014234875444842,6.565836298932385,4.0836298932384345,0.2402135231316726,0.08007117437722419,0.2402135231316726,1.6014234875444842,1.281138790035587,0.32028469750889677,0.0,0.08007117437722419,37.65261044176707,0.0,62.19512195121951,33.33333333333333,6.647864768683274
turkey,Super Lig,2025,Roland Sallai,28.0,D,Hungary,183.0,75.0,30,26,2353.0,1.0,3.0,1.0,0.0,0,0,4,0.0,1,0.03824904377390565,1.0327241818954527,0.49723756906077343,0.03824904377390565,0.11474713132171696,0.1529961750956226,0.03824904377390565,44.98087547811305,0.8414789630259244,1.7977050573735656,0.0764980875478113,1.1092222694432639,2.9069273268168296,9.06502337441564,5.087122821929452,0.6884827879303017,0.3059923501912452,0.45898852528686784,1.75945601359966,1.9124521886952826,0.1529961750956226,0.0,0.03824904377390565,39.42176870748299,48.148148148148145,56.118143459915615,44.44444444444444,6.991372715682108
turkey,Super Lig,2025,Rony Lopes,30.0,F,Portugal,174.0,68.0,0,0,0.0,0.0,0.0,0.0,0.0,0,0,0,0.0,0,,,,,,,,,,,,,,,,,,,,,,,,,,,,
turkey,Super Lig,2025,Ruan,20.0,M,Brazil,172.0,70.0,28,26,2252.0,1.0,1.0,1.0,0.0,0,0,4,0.0,0,0.03996447602131439,1.2788632326820604,0.6793960923623446,0.03996447602131439,0.03996447602131439,0.07992895204262877,0.03996447602131439,26.9360568383659,0.7193605683836589,1.4786856127886325,0.15985790408525755,1.0790408525754884,2.5577264653641207,9.311722912966252,5.315275310834814,2.4777975133214922,1.1589698046181172,0.839253996447602,2.3978685612788633,0.5994671403197158,0.15985790408525755,0.0,0.0,22.20919881305638,53.125,57.08154506437768,46.774193548387096,6.891252220248668
turkey,Super Lig,2025,Ruan,30.0,D,Brazil,174.0,65.0,2,1,114.0,0.0,0.0,0.0,0.0,0,0,1,0.0,0,0.0,0.0,0.0,0.0,0.0,0.0,0.0,14.210526315789473,1.5789473684210527,2.3684210526315788,0.0,1.5789473684210527,3.9473684210526314,13.421052631578947,7.105263157894736,5.526315789473684,2.3684210526315788,0.0,1.5789473684210527,1.5789473684210527,0.7894736842105263,0.0,0.0,6.388888888888889,,52.94117647058824,42.857142857142854,7.324561403508772
turkey,Super Lig,2025,Ryan Mendes,36.0,F,Cape Verde,178.0,75.0,4,4,273.0,0.0,0.0,0.0,0.0,0,0,0,0.0,0,0.0,1.6483516483516485,0.32967032967032966,0.0,0.0,0.0,0.0,22.417582417582416,0.6593406593406593,0.989010989010989,0.0,0.6593406593406593,1.6483516483516485,11.208791208791208,3.956043956043956,3.296703296703297,0.989010989010989,0.989010989010989,0.32967032967032966,0.989010989010989,0.0,0.0,0.0,14.088235294117647,20.0,35.294117647058826,30.0,6.657509157509158
turkey,Super Lig,2025,Rıdvan Yılmaz,24.0,D,Türkiye,174.0,64.0,25,23,2088.0,0.0,0.0,0.0,0.0,0,0,4,0.0,0,0.17241379310344826,0.21551724137931033,0.043103448275862065,0.0,0.0,0.0,0.0,41.724137931034484,0.646551724137931,1.896551724137931,0.08620689655172413,1.0344827586206897,2.9310344827586206,7.413793103448276,4.439655172413793,1.0775862068965518,0.43103448275862066,0.7327586206896551,1.5086206896551724,0.43103448275862066,0.17241379310344826,0.0,0.0,37.196280991735534,20.0,59.883720930232556,40.0,6.780699233716475
turkey,Super Lig,2025,Sacha Boey,25.0,D,France,178.0,70.0,11,6,565.0,1.0,0.0,0.0,0.0,0,0,0,0.0,0,0.1592920353982301,0.3185840707964602,0.3185840707964602,0.1592920353982301,0.0,0.1592920353982301,0.1592920353982301,47.78761061946903,0.47787610619469023,2.8672566371681416,0.3185840707964602,0.3185840707964602,3.185840707964602,9.079646017699115,5.097345132743363,1.752212389380531,0.6371681415929203,0.47787610619469023,0.7964601769911505,1.1150442477876106,0.0,0.0,0.0,36.01,100.0,56.14035087719298,36.36363636363637,6.749734513274336
turkey,Super Lig,2025,Saikuba Jarju,18.0,F,Gambia,,,0,0,0.0,0.0,0.0,0.0,0.0,0,0,0,0.0,0,,,,,,,,,,,,,,,,,,,,,,,,,,,,
turkey,Super Lig,2025,Salem Bouajila,18.0,F,Finland,,,4,0,20.0,0.0,0.0,0.0,0.0,0,0,1,0.0,0,4.5,0.0,0.0,0.0,0.0,0.0,0.0,22.5,0.0,0.0,0.0,0.0,0.0,9.0,4.5,0.0,0.0,0.0,0.0,4.5,4.5,0.0,0.0,2.0,,50.0,,6.3999999999999995
turkey,Super Lig,2025,Salem M'Bakata,27.0,D,France,178.0,72.0,1,1,35.0,0.0,0.0,0.0,0.0,0,0,0,0.0,0,0.0,0.0,0.0,0.0,0.0,0.0,0.0,18.0,0.0,0.0,0.0,2.571428571428571,2.571428571428571,0.0,0.0,0.0,0.0,0.0,0.0,0.0,0.0,0.0,0.0,6.0,,,,6.0
turkey,Super Lig,2025,Salih Malkoçoğlu,20.0,M,Türkiye,190.0,82.0,9,3,285.0,0.0,0.0,0.0,0.0,0,0,0,0.0,0,0.0,0.3157894736842105,0.3157894736842105,0.0,0.0,0.0,0.0,57.78947368421053,0.3157894736842105,2.8421052631578947,0.9473684210526315,1.263157894736842,4.105263157894737,9.157894736842104,6.63157894736842,0.3157894736842105,0.3157894736842105,0.631578947368421,0.3157894736842105,0.0,0.0,0.0,0.0,50.622950819672134,100.0,72.41379310344827,100.0,6.888256227758006
turkey,Super Lig,2025,Salih Uçan,32.0,M,Türkiye,182.0,80.0,19,5,556.0,0.0,0.0,0.0,0.0,0,0,3,0.0,0,0.0,0.6474820143884893,0.16187050359712232,0.0,0.0,0.0,0.0,45.0,0.8093525179856115,3.5611510791366903,0.8093525179856115,1.7805755395683451,5.341726618705036,12.140287769784171,6.474820143884892,1.618705035971223,0.9712230215827339,0.6474820143884893,0.9712230215827339,2.2661870503597124,0.48561151079136694,0.0,0.0,28.24820143884892,25.0,53.333333333333336,60.0,6.836956521739131
turkey,Super Lig,2025,Sam Larsson,32.0,M,Sweden,180.0,70.0,22,20,1567.0,3.0,3.0,0.0,0.0,2,0,1,0.0,0,0.1723037651563497,1.0338225909380983,0.6892150606253988,0.1723037651563497,0.1723037651563497,0.3446075303126994,0.05743458838544991,32.2208040842374,2.1250797702616464,1.3784301212507977,0.22973835354179964,1.3209955328653478,2.6994256541161454,9.821314613911934,4.365028717294193,2.469687300574346,1.4932992980216975,0.7466496490108487,0.9189534141671986,0.8615188257817485,0.05743458838544991,0.0,0.0,21.97326203208556,66.66666666666666,44.44444444444444,60.46511627906976,6.779897894065093
turkey,Super Lig,2025,Sam Mather,21.0,F,England,,,3,1,64.0,0.0,0.0,0.0,0.0,0,0,0,0.0,0,0.0,0.0,0.0,0.0,0.0,0.0,0.0,21.09375,4.21875,1.40625,0.0,1.40625,2.8125,9.84375,5.625,4.21875,4.21875,1.40625,0.0,0.0,0.0,0.0,0.0,6.733333333333333,,57.14285714285714,100.0,6.6296875
turkey,Super Lig,2025,Samed Onur,23.0,M,Türkiye,175.0,67.0,25,4,632.0,0.0,1.0,0.0,0.0,0,0,3,0.0,0,0.14240506329113925,1.2816455696202531,0.4272151898734177,0.0,0.14240506329113925,0.14240506329113925,0.0,45.28481012658228,1.5664556962025316,2.278481012658228,0.14240506329113925,1.4240506329113924,3.70253164556962,13.813291139240507,7.120253164556963,1.4240506329113924,0.7120253164556962,1.85126582278481,2.9905063291139236,1.9936708860759493,0.4272151898734177,0.0,0.0,23.485804416403784,33.33333333333333,51.546391752577314,50.0,6.7618441971383145
turkey,Super Lig,2025,Samet Akaydın,31.0,D,Türkiye,190.0,83.0,29,29,2571.0,3.0,1.0,0.0,0.0,0,0,11,0.0,1,0.10501750291715285,0.4200700116686114,0.24504084014002334,0.10501750291715285,0.03500583430571762,0.14002333722287047,0.10501750291715285,46.662777129521594,0.45507584597432904,1.8203033838973162,0.9801633605600933,2.135355892648775,3.955659276546091,10.221703617269544,5.670945157526254,0.49008168028004667,0.31505250875145857,0.38506417736289383,0.8401400233372228,1.6102683780630105,0.38506417736289383,0.0,0.03500583430571762,44.412603150787696,58.333333333333336,55.47945205479452,64.28571428571429,6.953014391287437
turkey,Super Lig,2025,Samet Karakoc,23.0,D,Azerbaijan,185.0,,21,5,604.0,0.0,3.0,0.0,0.0,0,0,1,0.0,0,0.4470198675496689,0.5960264900662252,0.0,0.0,0.4470198675496689,0.4470198675496689,0.0,22.350993377483444,0.8940397350993378,1.0430463576158941,0.2980132450331126,0.8940397350993378,1.9370860927152318,11.920529801324504,5.513245033112582,3.2781456953642385,1.6390728476821192,0.1490066225165563,1.6390728476821192,1.490066225165563,0.1490066225165563,0.0,0.0,10.0,0.0,46.25,50.0,6.471118530884808
turkey,Super Lig,2025,Samet Yalçın,31.0,M,Türkiye,180.0,,12,3,280.0,0.0,0.0,0.0,0.0,0,0,0,0.0,1,0.3214285714285714,0.9642857142857143,0.0,0.0,0.0,0.0,0.0,17.678571428571427,0.9642857142857143,1.9285714285714286,0.3214285714285714,1.2857142857142856,3.214285714285714,8.357142857142858,2.8928571428571423,0.3214285714285714,0.0,1.607142857142857,0.0,0.9642857142857143,0.0,0.0,0.3214285714285714,7.615384615384615,0.0,34.61538461538461,0.0,6.135897435897436
turkey,Super Lig,2025,Samu Sáiz,35.0,M,Spain,174.0,68.0,1,0,1.0,0.0,0.0,0.0,0.0,0,0,0,0.0,0,0.0,0.0,0.0,0.0,0.0,0.0,0.0,90.0,0.0,0.0,0.0,0.0,0.0,0.0,0.0,0.0,0.0,0.0,0.0,0.0,0.0,0.0,0.0,1.0,,,,
turkey,Super Lig,2025,Samuel Ballet,24.0,F,Switzerland,184.0,82.0,24,17,1723.0,5.0,0.0,0.0,0.0,0,0,10,0.0,0,0.4178757980266976,1.044689495066744,0.5745792222867092,0.261172373766686,0.0,0.261172373766686,0.261172373766686,19.849100406268136,0.6790481717933836,2.559489262913523,0.1044689495066744,0.783517121300058,3.343006384213581,20.946024376088218,8.61868833430064,6.947185142193849,2.4550203134068487,1.30586186883343,3.3952408589669183,3.604178757980267,0.522344747533372,0.0,0.0,14.807894736842105,55.00000000000001,41.14713216957606,35.338345864661655,6.799187463726059
turkey,Super Lig,2025,Sander Svendsen,28.0,M,Norway,172.0,67.0,11,4,376.0,0.0,0.0,0.0,0.0,0,0,0,0.0,0,0.4787234042553191,1.4361702127659572,0.4787234042553191,0.0,0.0,0.0,0.0,15.797872340425533,1.4361702127659572,0.4787234042553191,0.0,0.23936170212765956,0.7180851063829786,6.702127659574468,2.8723404255319145,0.7180851063829786,0.23936170212765956,0.4787234042553191,0.9574468085106382,0.4787234042553191,0.0,0.0,0.0,7.317460317460317,33.33333333333333,42.857142857142854,33.33333333333333,6.392513368983957
turkey,Super Lig,2025,Sander van de Streek,32.0,F,Netherlands,180.0,74.0,31,28,2352.0,6.0,4.0,0.0,0.0,0,0,5,0.0,1,0.5357142857142857,1.4923469387755104,0.49744897959183676,0.22959183673469385,0.15306122448979592,0.38265306122448983,0.22959183673469385,18.176020408163264,1.1862244897959184,1.3392857142857142,0.07653061224489796,0.7653061224489797,2.104591836734694,11.862244897959185,4.974489795918367,1.2627551020408163,0.38265306122448983,0.7270408163265306,1.0331632653061225,1.913265306122449,0.19132653061224492,0.0,0.03826530612244898,12.648421052631578,33.33333333333333,41.935483870967744,30.303030303030305,6.78703231292517
turkey,Super Lig,2025,Sebastian Szymański,26.0,M,Poland,174.0,60.0,14,4,447.0,1.0,0.0,0.0,0.0,0,0,0,0.0,0,0.40268456375838924,1.0067114093959733,0.6040268456375839,0.20134228187919462,0.0,0.20134228187919462,0.20134228187919462,37.651006711409394,2.0134228187919465,1.8120805369127515,0.0,0.40268456375838924,2.214765100671141,8.859060402684564,4.429530201342282,2.4161073825503356,0.6040268456375839,0.40268456375838924,1.8120805369127515,1.0067114093959733,0.0,0.0,0.0,17.155080213903744,60.0,50.0,25.0,6.795078299776287
turkey,Super Lig,2025,Sekou Koita,26.0,F,Mali,173.0,76.0,27,22,1733.0,6.0,0.0,0.0,0.0,0,0,3,0.0,2,0.31159838430467396,1.506058857472591,0.727062896710906,0.31159838430467396,0.0,0.31159838430467396,0.31159838430467396,18.228505481823426,1.194460473167917,1.142527409117138,0.259665320253895,0.363531448355453,1.506058857472591,10.750144258511252,4.933641084824004,1.713791113675707,0.934795152914022,0.41546451240623195,1.6099249855741489,1.454125793421812,0.15579919215233698,0.0,0.10386612810155799,12.336182336182336,48.275862068965516,45.893719806763286,54.54545454545454,6.8727639930755915
turkey,Super Lig,2025,Semih Doganay,18.0,D,Turkey,,,0,0,0.0,0.0,0.0,0.0,0.0,0,0,0,0.0,0,,,,,,,,,,,,,,,,,,,,,,,,,,,,
turkey,Super Lig,2025,Semih Güler,31.0,D,Germany,184.0,81.0,31,22,2151.0,0.0,0.0,0.0,1.0,0,0,3,0.0,0,0.04184100418410042,0.2928870292887029,0.08368200836820083,0.0,0.0,0.0,0.0,45.27196652719665,0.12552301255230125,1.8828451882845187,0.8786610878661087,1.297071129707113,3.1799163179916317,5.313807531380753,3.3054393305439334,0.2092050209205021,0.12552301255230125,0.37656903765690375,0.4184100418410042,0.33472803347280333,0.12552301255230125,0.0,0.0,40.49722735674676,28.57142857142857,62.20472440944882,60.0,6.915574151557415
turkey,Super Lig,2025,Serdar Dursun,34.0,F,Türkiye,190.0,80.0,28,16,1547.0,6.0,2.0,1.0,0.0,2,0,3,0.0,0,0.40723981900452494,1.279896574014221,0.6399482870071105,0.34906270200387846,0.11635423400129283,0.4654169360051713,0.23270846800258566,19.95475113122172,0.6399482870071105,0.40723981900452494,0.058177117000646414,0.0,0.40723981900452494,9.191984486102132,4.014221073044602,0.23270846800258566,0.058177117000646414,0.34906270200387846,1.105365223012282,1.570782159017453,0.17453135100193923,0.0,0.0,13.553935860058308,50.0,43.67088607594937,25.0,6.7500972132209975
turkey,Super Lig,2025,Serdar Gürler,34.0,M,Türkiye,175.0,75.0,17,16,1289.0,0.0,0.0,0.0,0.0,0,0,2,0.0,0,0.3491078355314197,1.1869666408068271,0.4189294026377036,0.0,0.0,0.0,0.0,23.390224980605122,0.6283941039565555,0.9775019394879753,0.13964313421256788,0.6982156710628394,1.6757176105508145,8.448409619860357,3.281613653995345,2.1644685802948023,0.5585725368502715,0.6283941039565555,1.3266097750193948,0.6982156710628394,0.13964313421256788,0.0,0.0,17.70149253731343,35.294117647058826,38.84297520661157,25.806451612903224,6.4309542280837855
turkey,Super Lig,2025,Serdar Saatçı,22.0,D,Türkiye,190.0,84.0,3,2,185.0,0.0,0.0,0.0,0.0,0,0,0,0.0,0,0.0,0.4864864864864865,0.0,0.0,0.0,0.0,0.0,60.81081081081081,0.0,1.4594594594594597,0.972972972972973,0.0,1.4594594594594597,11.675675675675677,6.810810810810811,0.4864864864864865,0.4864864864864865,0.4864864864864865,0.972972972972973,0.972972972972973,0.0,0.0,0.0,39.232,0.0,58.333333333333336,100.0,6.786486486486487
turkey,Super Lig,2025,Serginho,30.0,M,Brazil,180.0,,32,26,2197.0,8.0,1.0,1.0,1.0,0,0,2,0.0,0,0.9421939007737825,1.1879836140191171,0.6144742831133364,0.32771961766044605,0.040964952207555756,0.3686845698680018,0.32771961766044605,18.22940373236231,0.7783340919435594,1.6385980883022302,0.040964952207555756,0.24578971324533455,1.884387801547565,11.511151570323168,6.3086026399635875,2.9085116067364587,1.6385980883022302,0.5735093309057806,2.539827036868457,1.4747382794720072,0.08192990441511151,0.0,0.0,11.408988764044944,51.724137931034484,54.804270462633454,56.33802816901409,6.8574419663177055
turkey,Super Lig,2025,Serhat Öztaşdelen,21.0,G,Türkiye,188.0,83.0,7,7,630.0,0.0,0.0,0.0,0.0,0,0,0,0.0,0,0.0,0.0,0.0,0.0,0.0,0.0,0.0,27.42857142857143,0.0,0.0,0.0,0.0,0.0,0.2857142857142857,0.2857142857142857,0.0,0.0,0.0,0.2857142857142857,0.0,0.0,0.0,0.0,18.713541666666668,,100.0,,6.914285714285715
turkey,Super Lig,2025,Serkan Emrecan Terzi,22.0,D,Türkiye,184.0,76.0,1,0,21.0,0.0,0.0,0.0,0.0,0,0,0,0.0,0,0.0,0.0,0.0,0.0,0.0,0.0,0.0,68.57142857142857,0.0,0.0,0.0,0.0,0.0,4.285714285714286,0.0,0.0,0.0,0.0,0.0,4.285714285714286,0.0,0.0,0.0,15.0,,0.0,,6.6
turkey,Super Lig,2025,Seyfettin Anıl Yaşar,23.0,D,Türkiye,192.0,79.0,5,4,358.0,0.0,0.0,0.0,0.0,0,0,1,0.0,1,0.25139664804469275,0.25139664804469275,0.25139664804469275,0.0,0.0,0.0,0.0,41.73184357541899,0.0,1.5083798882681565,0.5027932960893855,1.7597765363128492,3.2681564245810057,8.044692737430168,5.027932960893854,0.0,0.0,0.25139664804469275,0.7541899441340782,1.005586592178771,0.25139664804469275,0.0,0.25139664804469275,32.21084337349398,100.0,62.5,,6.535474860335195
turkey,Super Lig,2025,Shavy Warren Babicka,25.0,M,Gabon,179.0,75.0,15,10,857.0,1.0,1.0,1.0,0.0,0,0,0,0.0,0,0.5250875145857643,0.9451575262543758,0.4200700116686114,0.10501750291715285,0.10501750291715285,0.2100350058343057,0.10501750291715285,18.79813302217036,0.9451575262543758,1.0501750291715286,0.0,0.5250875145857643,1.5752625437572927,13.232205367561258,5.985997666277712,3.67561260210035,1.6802800466744456,0.8401400233372228,2.5204200700116686,1.47024504084014,0.0,0.0,0.0,9.59322033898305,44.44444444444444,45.23809523809524,45.714285714285715,6.704900816802801
turkey,Super Lig,2025,Show,26.0,M,Angola,180.0,75.0,30,25,2325.0,0.0,0.0,0.0,0.0,0,0,12,0.0,1,0.0,0.6580645161290323,0.07741935483870968,0.0,0.0,0.0,0.0,39.94838709677419,0.34838709677419355,1.7419354838709677,0.6193548387096774,0.967741935483871,2.709677419354839,7.741935483870968,4.567741935483871,0.3870967741935484,0.34838709677419355,0.4258064516129032,1.5096774193548386,1.5870967741935484,0.4645161290322581,0.0,0.03870967741935484,36.63336566440349,11.76470588235294,59.0,90.0,6.823440860215054
turkey,Super Lig,2025,Sidiki Cherif,19.0,F,France,185.0,75.0,12,7,645.0,2.0,0.0,1.0,0.0,0,0,0,0.0,0,1.1162790697674418,1.3953488372093024,1.1162790697674418,0.27906976744186046,0.0,0.27906976744186046,0.27906976744186046,14.093023255813954,0.41860465116279066,0.5581395348837209,0.0,0.13953488372093023,0.6976744186046512,10.186046511627907,3.2093023255813953,1.1162790697674418,0.27906976744186046,0.13953488372093023,1.255813953488372,1.1162790697674418,0.0,0.0,0.0,9.9,80.0,31.506849315068493,25.0,6.608837209302325
turkey,Super Lig,2025,Sinan Osmanoğlu,36.0,D,Türkiye,197.0,86.0,7,0,73.0,0.0,0.0,0.0,0.0,0,0,0,0.0,0,0.0,1.2328767123287672,1.2328767123287672,0.0,0.0,0.0,0.0,17.26027397260274,0.0,4.931506849315069,0.0,2.4657534246575343,7.397260273972602,13.561643835616438,9.863013698630137,0.0,0.0,0.0,1.2328767123287672,0.0,0.0,0.0,0.0,2.8333333333333335,100.0,72.72727272727273,,6.534782608695652
turkey,Super Lig,2025,Sofyan Amrabat,29.0,M,Morocco,183.0,82.0,2,1,102.0,0.0,0.0,0.0,0.0,0,0,0,0.0,0,0.0,0.0,0.0,0.0,0.0,0.0,0.0,52.05882352941177,1.7647058823529411,0.8823529411764706,0.8823529411764706,1.7647058823529411,2.6470588235294117,18.52941176470588,7.9411764705882355,3.5294117647058822,0.0,0.8823529411764706,3.5294117647058822,1.7647058823529411,0.0,0.0,0.0,55.0,,42.857142857142854,0.0,7.08235294117647
turkey,Super Lig,2025,Sokratis Dioudis,33.0,G,Greece,190.0,77.0,1,0,23.0,0.0,0.0,0.0,0.0,0,0,0,0.0,0,0.0,0.0,0.0,0.0,0.0,0.0,0.0,50.8695652173913,0.0,0.0,0.0,0.0,0.0,0.0,0.0,0.0,0.0,0.0,0.0,0.0,0.0,0.0,0.0,9.0,,,,7.0
turkey,Super Lig,2025,Soner Aydoğdu,35.0,M,Türkiye,180.0,73.0,8,0,114.0,0.0,0.0,0.0,0.0,0,0,0,0.0,0,0.0,0.7894736842105263,0.0,0.0,0.0,0.0,0.0,39.473684210526315,1.5789473684210527,1.5789473684210527,0.0,0.0,1.5789473684210527,7.894736842105263,3.1578947368421053,0.7894736842105263,0.7894736842105263,0.7894736842105263,0.0,1.5789473684210527,0.0,0.0,0.0,6.56,0.0,40.0,100.0,6.476785714285714
turkey,Super Lig,2025,Soner Dikmen,32.0,M,Türkiye,179.0,74.0,28,25,2158.0,4.0,0.0,0.0,0.0,0,0,9,0.0,0,0.12511584800741427,0.7506950880444857,0.4170528266913809,0.16682113067655235,0.0,0.16682113067655235,0.16682113067655235,31.94624652455978,0.2919369786839666,1.2928637627432806,0.12511584800741427,1.1677479147358665,2.4606116774791476,8.549582947173308,3.9620018535681187,0.7506950880444857,0.37534754402224285,1.0426320667284523,1.0843373493975905,1.459684893419833,0.37534754402224285,0.0,0.0,26.795039164490863,55.55555555555556,46.34146341463415,50.0,6.674559777571826
turkey,Super Lig,2025,Soner Gönül,28.0,D,Türkiye,177.0,73.0,17,8,824.0,0.0,0.0,0.0,0.0,0,0,4,0.0,0,0.4368932038834951,0.5461165048543689,0.3276699029126214,0.0,0.0,0.0,0.0,41.504854368932044,1.6383495145631066,1.6383495145631066,0.0,0.4368932038834951,2.075242718446602,6.881067961165048,4.368932038834951,0.4368932038834951,0.10922330097087378,0.3276699029126214,1.2014563106796117,0.5461165048543689,0.4368932038834951,0.0,0.0,28.66931216931217,60.0,63.49206349206349,25.0,6.772296476306197
turkey,Super Lig,2025,Stefan Savić,35.0,D,Montenegro,187.0,81.0,22,20,1757.0,1.0,1.0,0.0,0.0,0,0,3,0.0,0,0.0,0.25611838360842343,0.10244735344336939,0.051223676721684694,0.051223676721684694,0.10244735344336939,0.051223676721684694,60.136596471257825,0.30734206033010814,0.8195788275469551,0.6146841206602163,1.0756972111553784,1.8952760387023335,5.378486055776893,3.2270916334661357,0.25611838360842343,0.15367103016505407,0.30734206033010814,0.5122367672168469,0.5122367672168469,0.15367103016505407,0.0,0.0,60.7649063032368,40.0,60.0,60.0,7.225968109339408
turkey,Super Lig,2025,Stefano Denswil,32.0,D,Suriname,188.0,81.0,31,31,2722.0,1.0,0.0,0.0,1.0,0,0,3,0.0,0,0.13225569434239529,0.6282145481263777,0.06612784717119764,0.03306392358559882,0.0,0.03306392358559882,0.03306392358559882,41.13152094048494,0.19838354151359294,0.9257898603967671,0.7935341660543718,0.8265980896399706,1.7523879500367376,5.720058780308597,3.4055841293166793,0.03306392358559882,0.03306392358559882,0.3637031594415871,0.4298310066127847,0.7274063188831742,0.09919177075679647,0.0,0.0,41.05385852090032,10.526315789473683,59.53757225433526,100.0,6.636260102865541
turkey,Super Lig,2025,Steve Mounié,31.0,F,Benin,190.0,83.0,21,6,715.0,2.0,0.0,0.0,0.0,0,0,4,0.0,0,0.2517482517482518,2.769230769230769,1.006993006993007,0.2517482517482518,0.0,0.2517482517482518,0.2517482517482518,23.16083916083916,1.2587412587412588,1.132867132867133,0.1258741258741259,0.1258741258741259,1.2587412587412588,18.25174825174825,8.055944055944057,1.132867132867133,0.3776223776223776,0.3776223776223776,1.5104895104895104,3.5244755244755246,0.5034965034965035,0.0,0.0,8.891304347826088,36.36363636363637,44.13793103448276,33.33333333333333,6.593286713286713
turkey,Super Lig,2025,Svit Sešlar,24.0,M,Slovenia,,,10,6,565.0,1.0,1.0,0.0,0.0,0,0,1,0.0,0,0.1592920353982301,0.9557522123893805,0.47787610619469023,0.1592920353982301,0.1592920353982301,0.3185840707964602,0.1592920353982301,29.628318584070797,1.2743362831858407,1.592920353982301,0.3185840707964602,0.9557522123893805,2.5486725663716814,8.920353982300885,4.460176991150442,1.2743362831858407,0.6371681415929203,0.3185840707964602,1.4336283185840708,0.6371681415929203,0.1592920353982301,0.0,0.0,18.419354838709676,50.0,50.0,50.0,6.958053097345133
turkey,Super Lig,2025,Taha Altıkardeş,22.0,D,Türkiye,190.0,75.0,28,15,1403.0,1.0,0.0,0.0,0.0,0,0,0,0.0,0,0.0,0.6414825374198148,0.19244476122594442,0.06414825374198146,0.0,0.06414825374198146,0.06414825374198146,23.15751960085531,0.19244476122594442,1.218816821097648,1.0263720598717034,1.8602993585174628,3.0791161796151107,6.1582323592302215,3.3357091945830364,0.0,0.0,0.0,0.25659301496792586,1.2829650748396295,0.0,0.0,0.0,16.233333333333334,30.0,54.166666666666664,,6.866834170854271
turkey,Super Lig,2025,Taha Emre Ince,18.0,D,Türkiye,,,1,0,10.0,0.0,0.0,0.0,0.0,0,0,0,0.0,0,0.0,0.0,0.0,0.0,0.0,0.0,0.0,198.00000000000003,0.0,0.0,0.0,0.0,0.0,18.0,0.0,9.0,0.0,9.0,0.0,0.0,0.0,0.0,0.0,19.0,,0.0,0.0,5.9
turkey,Super Lig,2025,Taha Şahin,25.0,D,Türkiye,178.0,74.0,27,19,1802.0,1.0,0.0,0.0,0.0,0,0,4,0.0,0,0.0,0.3995560488346282,0.1997780244173141,0.049944506104328525,0.0,0.049944506104328525,0.049944506104328525,41.354051054384016,1.448390677025527,1.6481687014428412,0.24972253052164262,1.0987791342952276,2.7469478357380686,7.391786903440622,4.095449500554939,1.3984461709211988,0.8490566037735848,0.5993340732519422,1.148723640399556,0.7991120976692564,0.1997780244173141,0.0,0.0,37.500604594921406,50.0,55.4054054054054,60.71428571428571,6.7610216546363135
turkey,Super Lig,2025,Tahsin Bülbül ,19.0,M,Türkiye,,,3,1,83.0,0.0,0.0,0.0,0.0,0,0,1,0.0,0,0.0,0.0,0.0,0.0,0.0,0.0,0.0,24.93975903614458,1.0843373493975905,1.0843373493975905,0.0,1.0843373493975905,2.168674698795181,14.096385542168676,3.253012048192771,4.337349397590362,2.168674698795181,2.168674698795181,0.0,1.0843373493975905,1.0843373493975905,0.0,0.0,10.652173913043478,,23.076923076923077,50.0,6.4407407407407415
turkey,Super Lig,2025,Talha Sariarslan,22.0,F,Türkiye,186.0,68.0,14,1,172.0,2.0,2.0,0.0,0.0,0,0,1,0.0,0,1.0465116279069768,4.186046511627907,1.569767441860465,1.0465116279069768,1.0465116279069768,2.0930232558139537,1.0465116279069768,18.313953488372093,1.569767441860465,1.569767441860465,0.0,0.5232558139534884,2.0930232558139537,19.36046511627907,9.418604651162791,0.0,0.0,0.0,1.569767441860465,0.0,0.5232558139534884,0.0,0.0,2.6857142857142855,37.5,48.64864864864865,,6.6649122807017545
turkey,Super Lig,2025,Talha Ülvan,24.0,D,Türkiye,181.0,75.0,20,12,1114.0,2.0,0.0,0.0,0.0,0,0,3,0.0,0,0.0,0.8886894075403949,0.40394973070017953,0.16157989228007183,0.0,0.16157989228007183,0.16157989228007183,33.689407540394974,0.40394973070017953,2.342908438061041,0.6463195691202873,1.2118491921005385,3.5547576301615798,9.937163375224417,5.33213644524237,1.3734290843806103,0.6463195691202873,1.1310592459605027,0.8078994614003591,1.2118491921005385,0.24236983842010773,0.0,0.0,24.750599520383695,45.45454545454545,53.65853658536586,47.05882352941176,6.881418312387791
turkey,Super Lig,2025,Tammy Abraham,28.0,F,England,190.0,80.0,18,15,1258.0,7.0,1.0,1.0,0.0,1,1,3,0.0,0,0.643879173290938,1.8600953895071541,1.1446740858505564,0.5007949125596184,0.07154213036565978,0.5723370429252782,0.4292527821939586,14.308426073131956,1.0015898251192368,0.35771065182829886,0.35771065182829886,0.4292527821939586,0.7869634340222575,7.9411764705882355,3.0763116057233706,1.0731319554848968,0.2861685214626391,0.4292527821939586,0.8585055643879173,1.7885532591414945,0.2146263910969793,0.0,0.0,9.405,61.53846153846154,38.73873873873874,26.666666666666668,6.840063593004769
turkey,Super Lig,2025,Tanguy Coulibaly,24.0,M,France,178.0,75.0,13,9,753.0,2.0,0.0,0.0,0.0,0,0,4,0.0,0,0.1195219123505976,1.5537848605577689,0.8366533864541833,0.2390438247011952,0.0,0.2390438247011952,0.2390438247011952,26.892430278884465,0.5976095617529881,2.2709163346613543,0.1195219123505976,0.35856573705179284,2.6294820717131473,13.745019920318725,5.7370517928286855,3.585657370517928,1.4342629482071714,0.8366533864541833,1.6733067729083666,3.4661354581673307,0.4780876494023904,0.0,0.0,16.711111111111112,53.84615384615385,41.73913043478261,40.0,6.871845949535192
turkey,Super Lig,2025,Taras Stepanenko,36.0,M,Ukraine,181.0,76.0,8,6,530.0,0.0,0.0,0.0,0.0,0,0,3,0.0,0,0.0,0.16981132075471697,0.16981132075471697,0.0,0.0,0.0,0.0,32.77358490566038,0.0,2.547169811320755,0.5094339622641509,1.1886792452830188,3.735849056603773,7.811320754716981,4.245283018867925,0.0,0.0,0.6792452830188679,1.0188679245283019,1.6981132075471697,0.5094339622641509,0.0,0.0,26.440414507772022,100.0,54.347826086956516,,6.711509433962264
turkey,Super Lig,2025,Tarik Bugra Kalpakli,16.0,F,Türkiye,,,11,2,294.0,0.0,0.0,0.0,0.0,0,0,1,0.0,0,0.9183673469387754,1.8367346938775508,0.30612244897959184,0.0,0.0,0.0,0.0,18.979591836734695,0.30612244897959184,1.8367346938775508,0.0,0.30612244897959184,2.142857142857143,14.081632653061225,3.0612244897959187,1.5306122448979593,0.6122448979591837,2.4489795918367347,0.6122448979591837,2.7551020408163263,0.30612244897959184,0.0,0.0,8.60655737704918,16.666666666666664,21.73913043478261,40.0,6.32901023890785
turkey,Super Lig,2025,Tarik Çetin,29.0,G,Türkiye,193.0,74.0,2,2,180.0,0.0,0.0,0.0,0.0,0,0,1,0.0,0,0.0,0.0,0.0,0.0,0.0,0.0,0.0,29.5,0.0,0.0,0.0,0.0,0.0,1.0,1.0,0.0,0.0,0.0,0.5,0.0,0.5,0.0,0.0,21.45762711864407,,100.0,,7.4
turkey,Super Lig,2025,Tarkan Serbest,31.0,D,Türkiye,184.0,79.0,6,2,244.0,0.0,0.0,0.0,0.0,0,0,0,0.0,0,0.0,0.36885245901639346,0.0,0.0,0.0,0.0,0.0,31.721311475409838,0.0,0.0,0.36885245901639346,1.1065573770491803,1.1065573770491803,7.008196721311475,2.9508196721311477,0.0,0.0,1.1065573770491803,1.1065573770491803,0.7377049180327869,0.0,0.0,0.0,24.127906976744185,0.0,42.10526315789473,,6.617695473251028
turkey,Super Lig,2025,Tayfur Bingöl,33.0,M,Türkiye,180.0,71.0,30,23,2129.0,5.0,2.0,0.0,0.0,0,0,8,0.0,0,1.0145608266791921,1.4372945044621888,0.7609206200093941,0.21136683889149835,0.08454673555659935,0.2959135744480977,0.21136683889149835,27.477689055894785,1.2259276655706906,1.4795678722404884,0.042273367778299674,0.6341005166744951,2.1136683889149834,11.963363081258805,5.0305307656176605,1.9023015500234852,0.8031939877876938,0.6763738844527948,1.5641146077970878,1.4795678722404884,0.3381869422263974,0.0,0.0,20.626153846153848,52.94117647058824,42.04946996466431,42.22222222222222,6.713856270549553
turkey,Super Lig,2025,Taylan Antalyalı,31.0,M,Türkiye,180.0,75.0,28,15,1310.0,0.0,0.0,0.0,1.0,0,0,4,0.0,0,0.06870229007633588,0.48091603053435117,0.20610687022900764,0.0,0.0,0.0,0.0,43.69465648854962,0.48091603053435117,1.717557251908397,0.549618320610687,1.3740458015267174,3.0916030534351147,7.6259541984732815,3.9160305343511452,0.7557251908396947,0.549618320610687,0.7557251908396947,1.16793893129771,1.3053435114503817,0.2748091603053435,0.0,0.0,32.198113207547166,42.857142857142854,51.35135135135135,72.72727272727273,6.741055045871559
turkey,Super Lig,2025,Taylan Bulut,20.0,D,Germany,188.0,76.0,7,5,454.0,0.0,0.0,0.0,1.0,0,0,0,0.0,0,0.5947136563876653,0.19823788546255508,0.19823788546255508,0.0,0.0,0.0,0.0,31.123348017621147,0.9911894273127754,2.180616740088106,0.39647577092511016,0.19823788546255508,2.378854625550661,7.533039647577092,3.5682819383259914,1.7841409691629957,0.39647577092511016,0.19823788546255508,0.0,0.9911894273127754,0.0,0.0,0.0,30.713375796178344,100.0,47.368421052631575,22.22222222222222,6.63112582781457
turkey,Super Lig,2025,Taylan Utku Aydın,19.0,D,Türkiye,180.0,75.0,2,0,22.0,0.0,0.0,0.0,0.0,0,0,0,0.0,0,0.0,0.0,0.0,0.0,0.0,0.0,0.0,20.454545454545453,0.0,0.0,4.090909090909091,0.0,0.0,8.181818181818182,8.181818181818182,0.0,0.0,0.0,0.0,0.0,0.0,0.0,0.0,2.6,,100.0,,6.5
turkey,Super Lig,2025,Tayyip Talha Sanuç,26.0,D,Türkiye,188.0,85.0,19,16,1336.0,0.0,0.0,0.0,1.0,0,0,4,0.0,0,0.06736526946107785,0.4715568862275449,0.06736526946107785,0.0,0.0,0.0,0.0,42.77694610778443,0.1347305389221557,1.279940119760479,1.1452095808383234,2.088323353293413,3.368263473053892,7.275449101796407,3.907185628742515,0.20209580838323352,0.1347305389221557,0.33682634730538924,0.7410179640718564,1.6167664670658681,0.2694610778443114,0.0,0.0,37.76062992125984,14.285714285714285,53.70370370370371,66.66666666666666,6.639850187265918
turkey,Super Lig,2025,Taşkın Ilter,31.0,M,Azerbaijan,185.0,78.0,22,13,1114.0,0.0,0.0,0.0,0.0,0,0,6,0.0,0,0.0,0.48473967684021546,0.24236983842010773,0.0,0.0,0.0,0.0,47.0197486535009,0.40394973070017953,2.5852782764811493,0.32315978456014366,0.9694793536804309,3.5547576301615798,8.967684021543985,4.201077199281867,0.32315978456014366,0.08078994614003591,0.8886894075403949,0.6463195691202873,1.858168761220826,0.48473967684021546,0.0,0.0,34.53780068728523,50.0,46.846846846846844,25.0,6.770530098831986
turkey,Super Lig,2025,Thalisson Kelven,27.0,D,Brazil,189.0,79.0,29,28,2529.0,2.0,0.0,0.0,2.0,0,0,7,0.0,2,0.0,0.35587188612099646,0.21352313167259787,0.0711743772241993,0.0,0.0711743772241993,0.0711743772241993,34.163701067615655,0.10676156583629894,1.6370106761565835,0.5693950177935944,1.209964412811388,2.8469750889679717,6.939501779359431,3.98576512455516,0.21352313167259787,0.17793594306049823,0.4626334519572953,0.7473309608540925,1.1387900355871887,0.2491103202846975,0.0,0.0711743772241993,35.46458333333333,60.0,57.43589743589743,83.33333333333334,6.7214709371292995
turkey,Super Lig,2025,Tiago Djaló,25.0,D,Portugal,190.0,85.0,18,16,1470.0,2.0,0.0,0.0,1.0,0,0,4,0.0,0,0.0,0.4897959183673469,0.1836734693877551,0.12244897959183673,0.0,0.12244897959183673,0.12244897959183673,50.93877551020409,0.24489795918367346,1.5306122448979593,0.6122448979591837,1.653061224489796,3.1836734693877555,8.571428571428571,4.469387755102041,0.4897959183673469,0.12244897959183673,0.4285714285714286,0.7959183673469389,1.7142857142857144,0.24489795918367346,0.0,0.0,50.68509615384615,37.5,52.142857142857146,25.0,6.837414965986395
turkey,Super Lig,2025,Tiago Çukur,23.0,F,Türkiye,196.0,80.0,28,15,1540.0,2.0,3.0,0.0,0.0,0,0,3,0.0,0,0.17532467532467533,1.2857142857142856,0.5844155844155845,0.11688311688311688,0.17532467532467533,0.29220779220779225,0.11688311688311688,28.51948051948052,1.344155844155844,1.2272727272727273,0.0,0.17532467532467533,1.4025974025974026,12.623376623376622,5.084415584415584,0.7597402597402597,0.29220779220779225,0.40909090909090906,0.8766233766233766,2.0454545454545454,0.17532467532467533,0.0,0.0,17.57201646090535,45.45454545454545,40.27777777777778,38.46153846153847,6.532119635890767
turkey,Super Lig,2025,Tibet Durakcay,19.0,F,Türkiye,175.0,72.0,1,0,1.0,0.0,0.0,0.0,0.0,0,0,0,0.0,0,0.0,0.0,0.0,0.0,0.0,0.0,0.0,0.0,0.0,0.0,0.0,0.0,0.0,0.0,0.0,0.0,0.0,0.0,0.0,0.0,0.0,0.0,0.0,,,,,
turkey,Super Lig,2025,Tim Jabol-Folcarelli,26.0,M,France,187.0,78.0,27,27,2330.0,0.0,3.0,0.0,0.0,0,0,4,0.0,0,0.0,0.38626609442060084,0.03862660944206008,0.0,0.11587982832618027,0.11587982832618027,0.0,45.42489270386266,0.7339055793991417,2.3948497854077253,0.2703862660944206,1.0429184549356223,3.4377682403433476,9.50214592274678,5.369098712446352,1.776824034334764,1.0429184549356223,0.6952789699570815,1.4291845493562232,1.351931330472103,0.15450643776824033,0.0,0.0,43.45663265306123,10.0,56.50406504065041,58.69565217391305,6.962832618025751
turkey,Super Lig,2025,Tom Dele-Bashiru,26.0,M,Nigeria,183.0,68.0,28,26,2362.0,0.0,1.0,0.0,0.0,0,0,1,0.0,0,0.0,0.4191363251481795,0.1143099068585944,0.0,0.03810330228619813,0.03810330228619813,0.0,33.34038950042337,0.34292972057578325,1.4479254868755291,0.2286198137171888,0.838272650296359,2.2861981371718882,6.363251481795089,4.000846740050805,0.9144792548687553,0.5715495342929721,0.4572396274343776,1.5241320914479255,0.8001693480101609,0.03810330228619813,0.0,0.0,31.344,27.27272727272727,62.874251497005986,62.5,6.90762066045724
turkey,Super Lig,2025,Tomáš Čvančara,25.0,F,Czechia,190.0,79.0,11,6,533.0,1.0,0.0,0.0,0.0,0,0,1,0.0,0,0.8442776735459663,1.8574108818011257,1.0131332082551594,0.16885553470919323,0.0,0.16885553470919323,0.16885553470919323,14.690431519699812,0.16885553470919323,0.6754221388367729,0.0,0.0,0.6754221388367729,11.819887429643527,5.065666041275797,1.3508442776735459,0.8442776735459663,0.16885553470919323,1.8574108818011257,1.5196998123827392,0.16885553470919323,0.0,0.0,6.809523809523809,54.54545454545454,42.857142857142854,62.5,6.456203007518797
turkey,Super Lig,2025,Toni Borevković,28.0,D,Croatia,193.0,86.0,18,10,1142.0,1.0,0.0,0.0,2.0,0,0,2,0.0,0,0.0,0.23642732049036777,0.0788091068301226,0.0788091068301226,0.0,0.0788091068301226,0.0788091068301226,51.06830122591944,0.0788091068301226,1.8914185639229422,0.7092819614711033,1.2609457092819616,3.1523642732049035,8.038528896672505,4.492119089316987,0.1576182136602452,0.0788091068301226,0.3152364273204904,0.7092819614711033,1.2609457092819616,0.1576182136602452,0.0,0.0,47.83024691358025,33.33333333333333,55.88235294117647,50.0,6.628921998247152
turkey,Super Lig,2025,Tuncay Elgun,19.0,F,,,,0,0,0.0,0.0,0.0,0.0,0.0,0,0,0,0.0,0,,,,,,,,,,,,,,,,,,,,,,,,,,,,
turkey,Super Lig,2025,Turan Deniz Tuncer,19.0,D,Turkey,,,0,0,0.0,0.0,0.0,0.0,0.0,0,0,0,0.0,0,,,,,,,,,,,,,,,,,,,,,,,,,,,,
turkey,Super Lig,2025,Tuğbey Akgün,22.0,M,Türkiye,177.0,,1,0,8.0,0.0,0.0,0.0,0.0,0,0,0,0.0,0,0.0,0.0,0.0,0.0,0.0,0.0,0.0,11.25,0.0,0.0,0.0,0.0,0.0,22.5,0.0,0.0,0.0,0.0,0.0,11.25,0.0,0.0,0.0,1.0,,0.0,,6.5
turkey,Super Lig,2025,Uchenna Ogundu,19.0,F,Nigeria,,,17,11,995.0,2.0,1.0,1.0,0.0,0,0,3,0.0,0,0.271356783919598,1.7185929648241207,0.7236180904522613,0.18090452261306533,0.09045226130653267,0.271356783919598,0.18090452261306533,16.28140703517588,0.8140703517587939,0.6331658291457287,0.0,0.36180904522613067,0.9949748743718594,12.663316582914574,4.613065326633166,1.899497487437186,0.6331658291457287,0.45226130653266333,1.3567839195979898,1.085427135678392,0.271356783919598,0.0,0.0,9.40782122905028,42.10526315789473,36.42857142857142,33.33333333333333,6.751256281407035
turkey,Super Lig,2025,Ufuk Akyol,28.0,M,Türkiye,180.0,75.0,1,0,1.0,0.0,0.0,0.0,0.0,0,0,0,0.0,0,0.0,0.0,0.0,0.0,0.0,0.0,0.0,630.0,0.0,0.0,0.0,0.0,0.0,0.0,0.0,0.0,0.0,0.0,0.0,0.0,0.0,0.0,0.0,7.0,,,,
turkey,Super Lig,2025,Ui-Jo Hwang,33.0,F,Korea Republic,185.0,78.0,33,30,2472.0,4.0,6.0,0.0,0.0,0,0,2,0.0,0,0.40048543689320387,1.1286407766990292,0.5825242718446603,0.14563106796116507,0.21844660194174756,0.36407766990291257,0.14563106796116507,18.895631067961165,0.9830097087378641,0.4368932038834951,0.03640776699029127,0.21844660194174756,0.6553398058252428,5.716019417475728,2.4757281553398056,1.3106796116504855,0.5461165048543689,0.29126213592233013,1.2378640776699028,0.7645631067961165,0.07281553398058253,0.0,0.0,14.778420038535646,51.61290322580645,43.31210191082803,41.66666666666667,6.678843042071197
turkey,Super Lig,2025,Umut Bozok,29.0,F,Türkiye,178.0,70.0,32,23,2121.0,6.0,6.0,0.0,0.0,2,0,3,0.0,0,0.38189533239038187,1.272984441301273,0.8486562942008488,0.2545968882602546,0.2545968882602546,0.5091937765205092,0.16973125884016974,25.544554455445542,1.1456859971711457,0.38189533239038187,0.16973125884016974,0.2121640735502122,0.594059405940594,11.329561527581328,4.9222065063649225,1.485148514851485,0.4667609618104667,0.33946251768033947,2.758132956152758,1.2305516265912306,0.1272984441301273,0.0,0.0,20.182724252491695,66.66666666666666,43.445692883895134,31.428571428571427,6.926544082979727
turkey,Super Lig,2025,Umut Güneş,25.0,M,Türkiye,177.0,74.0,28,25,2018.0,1.0,0.0,0.0,1.0,0,0,3,0.0,0,0.0,0.40138751238850345,0.08919722497522299,0.044598612487611496,0.0,0.044598612487611496,0.044598612487611496,47.76511397423191,0.17839444995044598,1.2933597621407333,0.17839444995044598,0.9811694747274529,2.274529236868186,7.314172447968286,3.3002973240832505,0.44598612487611494,0.17839444995044598,0.7581764122893955,1.070366699702676,1.8731417244796829,0.1337958374628345,0.0,0.0,41.454715219421104,22.22222222222222,45.1219512195122,40.0,6.819226957383548
turkey,Super Lig,2025,Umut Keseci,22.0,G,,,,0,0,0.0,0.0,0.0,0.0,0.0,0,0,0,0.0,0,,,,,,,,,,,,,,,,,,,,,,,,,,,,
turkey,Super Lig,2025,Umut Meraş,30.0,D,Türkiye,178.0,73.0,23,20,1838.0,0.0,2.0,0.0,0.0,0,0,2,0.0,0,0.14689880304678998,0.44069640914036995,0.04896626768226333,0.0,0.09793253536452666,0.09793253536452666,0.0,37.31229597388465,0.44069640914036995,1.7627856365614798,0.39173014145810664,1.61588683351469,3.37867247007617,6.953210010881393,3.96626768226333,0.7834602829162133,0.24483133841131666,0.5386289445048966,0.73449401523395,0.6365614798694232,0.09793253536452666,0.0,0.0,30.090551181102363,11.11111111111111,57.04225352112676,31.25,6.616594124047878
turkey,Super Lig,2025,Umut Nayir,32.0,F,Türkiye,191.0,75.0,32,22,2068.0,9.0,3.0,2.0,0.0,1,0,2,0.0,0,0.6092843326885881,1.9148936170212765,0.8268858800773695,0.3916827852998066,0.13056092843326886,0.5222437137330754,0.3481624758220503,18.235009671179885,0.8704061895551258,0.21760154738878146,0.17408123791102514,0.043520309477756286,0.2611218568665377,12.40328820116054,6.745647969052224,1.0009671179883946,0.30464216634429403,0.4787234042553191,1.9584139264990328,0.7398452611218568,0.08704061895551257,0.0,0.0,11.98076923076923,43.18181818181818,54.385964912280706,30.434782608695656,7.05430784123911
turkey,Super Lig,2025,Uğur Kaan Yıldız,23.0,D,Türkiye,181.0,74.0,9,0,89.0,0.0,0.0,0.0,0.0,0,0,0,0.0,0,0.0,2.0224719101123596,1.0112359550561798,0.0,0.0,0.0,0.0,17.191011235955056,1.0112359550561798,2.0224719101123596,0.0,1.0112359550561798,3.033707865168539,6.067415730337078,3.033707865168539,0.0,0.0,1.0112359550561798,0.0,1.0112359550561798,0.0,0.0,0.0,3.588235294117647,50.0,50.0,,6.558620689655172
turkey,Super Lig,2025,Uğurcan Yazğılı,26.0,D,Türkiye,184.0,73.0,26,24,2011.0,0.0,1.0,0.0,2.0,0,0,9,0.0,0,0.0,0.6265539532570861,0.08950770760815514,0.0,0.04475385380407757,0.04475385380407757,0.0,50.97463948284435,0.31327697662854304,1.9691695673794134,0.6265539532570861,1.7901541521631028,3.759323719542516,9.085032322227747,5.057185479860766,0.22376926902038785,0.08950770760815514,0.7160616608652411,1.0293386374937843,1.2978617603182496,0.40278468423669817,0.0,0.0,49.977172958735736,14.285714285714285,55.66502463054187,40.0,6.770313276976629
turkey,Super Lig,2025,Uğurcan Çakır,29.0,G,Türkiye,191.0,78.0,29,29,2610.0,0.0,0.0,0.0,0.0,0,0,4,0.0,0,0.0,0.0,0.0,0.0,0.0,0.0,0.0,38.44827586206897,0.06896551724137931,0.0,0.0,0.0,0.0,0.7586206896551724,0.7586206896551724,0.034482758620689655,0.034482758620689655,0.0,0.3793103448275862,0.0,0.13793103448275862,0.0,0.0,31.29865470852018,,100.0,100.0,7.137931034482759
turkey,Super Lig,2025,Valentin Mihăilă,26.0,F,Romania,173.0,61.0,22,15,1303.0,5.0,3.0,0.0,0.0,0,0,4,0.0,0,0.41442824251726784,2.072141212586339,1.0360706062931695,0.34535686876438987,0.20721412125863392,0.5525709900230238,0.34535686876438987,26.523407521105142,1.3814274750575595,0.5525709900230238,0.06907137375287797,0.34535686876438987,0.8979278587874137,9.808135072908673,3.798925556408289,3.246354566385265,1.1742133537989254,0.8288564850345357,1.5195702225633154,1.0360706062931695,0.2762854950115119,0.0,0.0,17.346354166666668,50.0,38.732394366197184,36.17021276595745,6.707981580966999
turkey,Super Lig,2025,Veysel Sarı,37.0,D,Türkiye,185.0,78.0,22,22,1926.0,1.0,1.0,0.0,0.0,0,0,4,0.0,0,0.14018691588785046,0.37383177570093457,0.14018691588785046,0.04672897196261682,0.04672897196261682,0.09345794392523364,0.04672897196261682,38.64485981308411,0.23364485981308414,1.6822429906542056,0.5140186915887851,1.0280373831775702,2.710280373831776,8.271028037383177,5.233644859813085,0.09345794392523364,0.0,0.6074766355140186,1.355140186915888,1.074766355140187,0.18691588785046728,0.0,0.0,34.123337363966144,37.5,63.2768361581921,0.0,6.830841121495327
turkey,Super Lig,2025,Victor Ntino-Emo Gidado,21.0,M,Nigeria,,,11,5,526.0,0.0,0.0,0.0,0.0,0,0,2,0.0,0,0.0,0.34220532319391633,0.0,0.0,0.0,0.0,0.0,30.114068441064635,0.0,2.2243346007604563,0.17110266159695817,1.8821292775665397,4.106463878326997,8.384030418250951,3.593155893536122,0.8555133079847909,0.0,0.5133079847908746,0.34220532319391633,1.3688212927756653,0.34220532319391633,0.0,0.0,20.914772727272727,0.0,42.857142857142854,0.0,6.546360153256705
turkey,Super Lig,2025,Victor Osimhen,27.0,F,Nigeria,185.0,78.0,22,19,1718.0,15.0,5.0,2.0,0.0,2,0,8,0.0,0,1.6763678696158324,4.40046565774156,2.0954598370197908,0.7857974388824214,0.26193247962747385,1.0477299185098954,0.681024447031432,14.563445867287545,1.309662398137369,0.681024447031432,0.05238649592549476,0.31431897555296856,0.9953434225844005,10.686845168800932,4.976717112922002,1.6239813736903377,0.4190919674039581,0.05238649592549476,1.2048894062863795,1.7287543655413273,0.4190919674039581,0.0,0.0,12.280575539568344,47.61904761904761,46.568627450980394,25.806451612903224,7.136379511059371
turkey,Super Lig,2025,Volkan Babacan,37.0,G,Türkiye,192.0,86.0,0,0,0.0,0.0,0.0,0.0,0.0,0,0,0,0.0,0,,,,,,,,,,,,,,,,,,,,,,,,,,,,
turkey,Super Lig,2025,Václav Jurečka,31.0,F,Czechia,182.0,76.0,12,5,479.0,1.0,0.0,0.0,0.0,0,0,2,0.0,0,1.3152400835073068,2.066805845511482,0.7515657620041752,0.1878914405010438,0.0,0.1878914405010438,0.1878914405010438,21.795407098121085,1.5031315240083505,0.7515657620041752,0.1878914405010438,0.0,0.7515657620041752,9.958246346555324,3.757828810020877,1.1273486430062631,0.1878914405010438,0.3757828810020876,0.9394572025052192,1.3152400835073068,0.3757828810020876,0.0,0.0,13.982608695652173,36.36363636363637,37.735849056603776,16.666666666666664,6.71732776617954
turkey,Super Lig,2025,Václav Černý,28.0,M,Czechia,182.0,68.0,30,25,2007.0,5.0,8.0,0.0,0.0,0,0,1,0.0,0,0.08968609865470852,1.8385650224215244,1.1659192825112108,0.2242152466367713,0.35874439461883406,0.5829596412556054,0.2242152466367713,34.52914798206278,2.8699551569506725,0.6726457399103138,0.04484304932735426,0.5381165919282511,1.2107623318385652,6.143497757847533,2.062780269058296,2.286995515695067,1.1210762331838566,0.852017937219731,0.2242152466367713,0.6726457399103138,0.04484304932735426,0.0,0.0,24.812987012987012,63.41463414634146,33.57664233576642,49.01960784313725,6.7737419033383155
turkey,Super Lig,2025,Wagner Pina,23.0,D,Portugal,180.0,73.0,31,28,2444.0,0.0,7.0,0.0,0.0,0,0,4,0.0,1,0.14729950900163666,0.25777414075286414,0.14729950900163666,0.0,0.25777414075286414,0.25777414075286414,0.0,38.297872340425535,1.1783960720130933,2.393617021276596,0.4787234042553191,0.9574468085106382,3.351063829787234,9.279869067103109,4.897708674304419,1.6939443535188214,0.44189852700491,0.662847790507365,1.1783960720130933,1.0310965630114566,0.14729950900163666,0.0,0.036824877250409165,33.04038461538462,57.14285714285714,52.77777777777778,26.08695652173913,6.994963144963145
turkey,Super Lig,2025,Wilfred Ndidi,29.0,M,Nigeria,183.0,74.0,25,23,2000.0,2.0,0.0,0.0,0.0,0,0,5,0.0,0,0.045,1.035,0.45,0.09,0.0,0.09,0.09,52.559999999999995,0.54,2.52,0.40499999999999997,1.8,4.32,10.844999999999999,5.94,0.765,0.495,0.99,0.99,1.845,0.225,0.0,0.0,49.334760273972606,43.47826086956522,54.77178423236515,64.70588235294117,6.9041999999999994
turkey,Super Lig,2025,Wilfried Singo,25.0,D,Côte d'Ivoire,190.0,79.0,19,11,955.0,2.0,1.0,0.0,0.0,0,0,3,0.0,0,0.0942408376963351,0.9424083769633509,0.28272251308900526,0.1884816753926702,0.0942408376963351,0.28272251308900526,0.1884816753926702,63.047120418848166,0.28272251308900526,1.6020942408376964,0.28272251308900526,1.3193717277486912,2.9214659685863875,9.989528795811518,6.50261780104712,0.6596858638743456,0.5654450261780105,0.1884816753926702,1.6963350785340314,1.7905759162303663,0.28272251308900526,0.0,0.0,58.95216741405082,30.0,65.09433962264151,85.71428571428571,7.108805031446541
turkey,Super Lig,2025,Yahia Fofana,25.0,G,France,194.0,89.0,27,27,2430.0,0.0,1.0,0.0,0.0,0,0,2,0.0,0,0.0,0.0,0.0,0.0,0.037037037037037035,0.037037037037037035,0.0,30.814814814814817,0.037037037037037035,0.037037037037037035,0.0,0.037037037037037035,0.07407407407407407,0.8518518518518519,0.6666666666666667,0.07407407407407407,0.07407407407407407,0.1111111111111111,0.2962962962962963,0.0,0.07407407407407407,0.0,0.0,21.229567307692307,,78.26086956521739,100.0,6.781481481481482
turkey,Super Lig,2025,Yakup Ayan,17.0,M,,,,0,0,0.0,0.0,0.0,0.0,0.0,0,0,0,0.0,0,,,,,,,,,,,,,,,,,,,,,,,,,,,,
turkey,Super Lig,2025,Yakup Ayan,17.0,M,Turkey,,,0,0,0.0,0.0,0.0,0.0,0.0,0,0,0,0.0,0,,,,,,,,,,,,,,,,,,,,,,,,,,,,
turkey,Super Lig,2025,Yakuphan Sarıalioğlu,,D,,,,0,0,0.0,0.0,0.0,0.0,0.0,0,0,0,0.0,0,,,,,,,,,,,,,,,,,,,,,,,,,,,,
turkey,Super Lig,2025,Yalçın Kayan,27.0,M,Türkiye,180.0,70.0,30,21,1733.0,0.0,5.0,0.0,0.0,0,0,8,0.0,0,0.05193306405077899,0.727062896710906,0.41546451240623195,0.0,0.259665320253895,0.259665320253895,0.0,35.26255049047894,1.2463935372186958,1.713791113675707,0.10386612810155799,0.727062896710906,2.4408540103866128,11.788805539526832,6.024235429890364,2.908251586843624,1.817657241777265,0.6231967686093479,2.1811886901327178,1.7657241777264858,0.41546451240623195,0.0,0.0,24.899852724594993,57.14285714285714,51.10132158590308,62.5,6.749076212471131
turkey,Super Lig,2025,Yasin Eratilla,21.0,F,Turkey,,,0,0,0.0,0.0,0.0,0.0,0.0,0,0,0,0.0,0,,,,,,,,,,,,,,,,,,,,,,,,,,,,
turkey,Super Lig,2025,Yasin Özcan,19.0,D,Türkiye,185.0,75.0,2,2,167.0,0.0,0.0,0.0,0.0,0,0,0,0.0,0,0.0,0.0,0.0,0.0,0.0,0.0,0.0,47.42514970059881,0.0,3.2335329341317363,0.0,1.6167664670658681,4.850299401197605,14.011976047904191,5.928143712574851,1.6167664670658681,0.5389221556886228,2.155688622754491,1.6167664670658681,2.694610778443114,0.0,0.0,0.0,46.95454545454545,,42.30769230769231,33.33333333333333,6.469461077844312
turkey,Super Lig,2025,Yasir Subaşı,30.0,D,Türkiye,180.0,73.0,12,5,518.0,0.0,0.0,0.0,0.0,0,0,0,0.0,0,0.0,0.0,0.0,0.0,0.0,0.0,0.0,48.47490347490348,0.17374517374517376,1.9111969111969112,0.17374517374517376,1.7374517374517373,3.6486486486486487,8.339768339768339,4.343629343629344,0.17374517374517376,0.0,0.17374517374517376,0.5212355212355212,0.694980694980695,0.0,0.0,0.0,49.74551971326165,,52.083333333333336,0.0,6.757446808510638
turkey,Super Lig,2025,Yaw Ackah,26.0,M,Ghana,169.0,65.0,3,2,186.0,0.0,0.0,0.0,0.0,0,0,0,0.0,0,0.0,0.967741935483871,0.4838709677419355,0.0,0.0,0.0,0.0,38.70967741935484,0.0,0.0,0.0,0.4838709677419355,0.4838709677419355,8.709677419354838,2.903225806451613,0.967741935483871,0.4838709677419355,1.935483870967742,0.967741935483871,0.967741935483871,0.0,0.0,0.0,26.725,50.0,33.33333333333333,50.0,6.449462365591398
turkey,Super Lig,2025,Yaya Onogo,18.0,M,,,,0,0,0.0,0.0,0.0,0.0,0.0,0,0,0,0.0,0,,,,,,,,,,,,,,,,,,,,,,,,,,,,
turkey,Super Lig,2025,Yağız Fikri Şen,,M,,,,0,0,0.0,0.0,0.0,0.0,0.0,0,0,0,0.0,0,,,,,,,,,,,,,,,,,,,,,,,,,,,,
turkey,Super Lig,2025,Yhoan Andzouana,29.0,D,Congo,177.0,69.0,31,29,2621.0,2.0,4.0,0.0,0.0,0,0,3,0.0,0,0.06867607783288822,0.8241129339946585,0.2747043113315529,0.06867607783288822,0.13735215566577644,0.20602823349866461,0.06867607783288822,36.08927890118275,1.1674933231590996,1.33918351774132,0.17169019458222054,0.6867607783288822,2.0259442960702025,7.073636016787485,3.6398321251430747,2.197634490652423,1.304845478824876,0.618084700495994,0.5837466615795498,0.9271270507439908,0.10301411674933231,0.0,0.0,32.32064700285442,33.33333333333333,51.45631067961165,59.375,6.823616940099199
turkey,Super Lig,2025,Yigithan Cubukcu,17.0,M,,,,1,0,10.0,0.0,0.0,0.0,0.0,0,0,0,0.0,0,0.0,0.0,0.0,0.0,0.0,0.0,0.0,54.0,9.0,0.0,0.0,0.0,0.0,9.0,0.0,0.0,0.0,0.0,0.0,0.0,0.0,0.0,0.0,6.0,,0.0,,6.2
turkey,Super Lig,2025,Yiğit Efe Demir,21.0,D,Türkiye,193.0,80.0,14,6,672.0,0.0,0.0,0.0,0.0,0,0,3,0.0,0,0.0,0.8035714285714285,0.0,0.0,0.0,0.0,0.0,73.66071428571428,0.8035714285714285,2.8125,1.0714285714285714,1.3392857142857142,4.151785714285714,10.848214285714286,7.232142857142858,0.0,0.0,0.9375,0.5357142857142857,1.3392857142857142,0.40178571428571425,0.0,0.0,52.35154826958106,0.0,66.66666666666666,,7.076716417910447
turkey,Super Lig,2025,Yiğit Emre Çeltik,22.0,M,Türkiye,165.0,62.0,1,0,18.0,0.0,0.0,0.0,0.0,0,0,0,0.0,0,0.0,0.0,0.0,0.0,0.0,0.0,0.0,30.0,0.0,10.0,0.0,0.0,10.0,20.0,15.0,0.0,0.0,5.0,5.0,0.0,0.0,0.0,0.0,6.0,,75.0,,6.9
turkey,Super Lig,2025,Yiğit Hamza Aydar,17.0,D,Turkey,,,0,0,0.0,0.0,0.0,0.0,0.0,0,0,0,0.0,0,,,,,,,,,,,,,,,,,,,,,,,,,,,,
turkey,Super Lig,2025,Yiğit Hamza Aydar,27.0,D,Malaysia,,,0,0,0.0,0.0,0.0,0.0,0.0,0,0,0,0.0,0,,,,,,,,,,,,,,,,,,,,,,,,,,,,
turkey,Super Lig,2025,Yohan Boli,32.0,F,Côte d'Ivoire,181.0,,21,8,893.0,2.0,1.0,0.0,0.0,0,0,0,0.0,0,1.3101903695408734,1.3101903695408734,0.503919372900336,0.20156774916013437,0.10078387458006718,0.3023516237402015,0.20156774916013437,19.350503919372898,1.108622620380739,0.8062709966405375,0.0,0.0,0.8062709966405375,13.505039193729004,6.752519596864502,1.8141097424412094,0.8062709966405375,0.3023516237402015,2.3180291153415453,1.7133258678611423,0.0,0.0,0.0,14.229166666666666,38.46153846153847,50.0,44.44444444444444,6.818785151856018
turkey,Super Lig,2025,Youssef Aït Bennasser,29.0,M,Morocco,184.0,75.0,21,19,1476.0,0.0,0.0,0.0,1.0,0,0,7,0.0,0,0.12195121951219512,0.3658536585365854,0.0,0.0,0.0,0.0,0.0,43.353658536585364,0.5487804878048781,1.5243902439024388,1.0975609756097562,1.0365853658536586,2.5609756097560976,5.975609756097561,2.5,0.3048780487804878,0.1829268292682927,0.8536585365853658,0.24390243902439024,1.4024390243902438,0.4268292682926829,0.0,0.0,36.73136427566807,0.0,41.83673469387755,60.0,6.844527532290958
turkey,Super Lig,2025,Youssef En-Nesyri,28.0,F,Morocco,188.0,73.0,16,11,1008.0,7.0,0.0,0.0,0.0,0,0,1,0.0,0,0.3571428571428571,2.8571428571428568,1.4285714285714284,0.625,0.0,0.625,0.625,13.660714285714285,0.3571428571428571,0.26785714285714285,0.0,0.08928571428571427,0.3571428571428571,6.875000000000001,2.8571428571428568,0.7142857142857142,0.26785714285714285,0.17857142857142855,0.3571428571428571,0.8035714285714285,0.08928571428571427,0.0,0.0,9.411764705882353,50.0,41.55844155844156,37.5,6.845138888888888
turkey,Super Lig,2025,Yunus Akgün,25.0,M,Türkiye,173.0,65.0,28,23,1833.0,7.0,9.0,1.0,0.0,0,0,1,0.0,0,0.14729950900163666,1.4238952536824876,0.5400981996726677,0.3436988543371522,0.44189852700491,0.7855973813420621,0.3436988543371522,36.62847790507365,2.3567921440261865,0.9819967266775778,0.0,0.4909983633387889,1.4729950900163666,7.414075286415712,3.2896890343698852,2.4058919803600656,1.0310965630114566,0.8346972176759411,0.9819967266775778,0.7855973813420621,0.049099836333878884,0.0,0.0,29.341823056300267,37.93103448275862,44.370860927152314,42.857142857142854,7.295687772925764
turkey,Super Lig,2025,Yunus Emre Çift,22.0,D,Türkiye,185.0,79.0,22,9,782.0,0.0,0.0,0.0,0.0,0,0,4,0.0,0,0.0,0.3452685421994885,0.11508951406649617,0.0,0.0,0.0,0.0,44.769820971867006,0.23017902813299235,3.2225063938618925,0.690537084398977,1.8414322250639388,5.063938618925831,12.89002557544757,6.445012787723785,0.8056265984654731,0.4603580562659847,0.9207161125319694,0.8056265984654731,2.877237851662404,0.4603580562659847,0.0,0.0,40.42783505154639,33.33333333333333,50.0,57.14285714285714,6.812870012870014
turkey,Super Lig,2025,Yusuf Akçiçek,20.0,D,Türkiye,193.0,80.0,1,1,90.0,0.0,0.0,0.0,0.0,0,0,0,0.0,0,0.0,0.0,0.0,0.0,0.0,0.0,0.0,53.0,0.0,0.0,2.0,1.0,1.0,10.0,4.0,0.0,0.0,1.0,1.0,2.0,0.0,0.0,0.0,49.0,,40.0,,7.2
turkey,Super Lig,2025,Yusuf Ali Sirin,18.0,M,,,,0,0,0.0,0.0,0.0,0.0,0.0,0,0,0,0.0,0,,,,,,,,,,,,,,,,,,,,,,,,,,,,
turkey,Super Lig,2025,Yusuf Barası,22.0,F,Türkiye,182.0,72.0,8,3,286.0,0.0,0.0,0.0,0.0,0,0,2,0.0,0,0.0,0.9440559440559441,0.6293706293706294,0.0,0.0,0.0,0.0,16.363636363636363,0.6293706293706294,0.9440559440559441,0.3146853146853147,1.2587412587412588,2.202797202797203,10.6993006993007,5.034965034965035,3.146853146853147,0.9440559440559441,0.6293706293706294,2.8321678321678325,1.2587412587412588,0.6293706293706294,0.0,0.0,10.627450980392156,66.66666666666666,47.05882352941176,30.0,6.809440559440559
turkey,Super Lig,2025,Yusuf Dağhan Kahraman,17.0,D,Turkey,,,0,0,0.0,0.0,0.0,0.0,0.0,0,0,0,0.0,0,,,,,,,,,,,,,,,,,,,,,,,,,,,,
turkey,Super Lig,2025,Yusuf Demir,22.0,F,Austria,171.0,72.0,1,0,28.0,0.0,0.0,0.0,0.0,0,0,0,0.0,0,0.0,6.428571428571428,3.214285714285714,0.0,0.0,0.0,0.0,35.357142857142854,0.0,0.0,0.0,0.0,0.0,16.071428571428573,6.428571428571428,3.214285714285714,3.214285714285714,0.0,3.214285714285714,0.0,0.0,0.0,0.0,7.0,50.0,40.0,100.0,6.3
turkey,Super Lig,2025,Yusuf Hasan Temel,,F,,,,0,0,0.0,0.0,0.0,0.0,0.0,0,0,0,0.0,0,,,,,,,,,,,,,,,,,,,,,,,,,,,,
turkey,Super Lig,2025,Yusuf Kabadayi,22.0,F,Germany,186.0,75.0,17,5,613.0,1.0,0.0,0.0,0.0,0,0,6,0.0,0,0.1468189233278956,1.468189233278956,0.734094616639478,0.1468189233278956,0.0,0.1468189233278956,0.1468189233278956,17.61827079934747,0.734094616639478,1.0277324632952691,0.2936378466557912,1.1745513866231647,2.202283849918434,14.681892332789559,4.257748776508972,4.698205546492659,1.468189233278956,0.734094616639478,1.1745513866231647,3.3768352365415986,0.8809135399673735,0.0,0.0,10.277310924369749,50.0,28.999999999999996,31.25,6.369004893964111
turkey,Super Lig,2025,Yusuf Karademir,17.0,M,Turkey,,,0,0,0.0,0.0,0.0,0.0,0.0,0,0,0,0.0,0,,,,,,,,,,,,,,,,,,,,,,,,,,,,
turkey,Super Lig,2025,Yusuf Nacar,18.0,G,Türkiye,,,0,0,0.0,0.0,0.0,0.0,0.0,0,0,0,0.0,0,,,,,,,,,,,,,,,,,,,,,,,,,,,,
turkey,Super Lig,2025,Yusuf Sarı,27.0,M,Türkiye,168.0,55.0,21,18,1467.0,1.0,6.0,0.0,0.0,0,0,1,0.0,0,0.18404907975460125,1.6564417177914113,0.9815950920245399,0.06134969325153374,0.3680981595092025,0.4294478527607362,0.06134969325153374,29.263803680981596,2.883435582822086,0.6134969325153374,0.0,0.3067484662576687,0.9202453987730062,7.0552147239263805,3.3128834355828225,2.5153374233128836,1.4110429447852761,0.8588957055214724,1.1042944785276074,0.736196319018405,0.06134969325153374,0.0,0.0,22.28092243186583,59.25925925925925,46.95652173913044,56.09756097560976,7.16414451261077
turkey,Super Lig,2025,Yusuf Özdemir,25.0,M,Türkiye,181.0,73.0,11,10,907.0,1.0,1.0,0.0,0.0,0,0,1,0.0,0,0.0,0.5953693495038589,0.39691289966923926,0.09922822491730982,0.09922822491730982,0.19845644983461963,0.09922822491730982,25.005512679162074,0.992282249173098,1.4884233737596473,0.0,0.8930540242557884,2.3814773980154356,7.144432194046307,2.579933847850055,1.3891951488423373,0.09922822491730982,0.8930540242557884,0.7938257993384785,1.2899669239250275,0.09922822491730982,0.0,0.0,19.833333333333332,66.66666666666666,36.11111111111111,7.142857142857142,6.621830209481808
turkey,Super Lig,2025,Yáser Asprilla,22.0,F,Colombia,185.0,75.0,7,1,164.0,0.0,0.0,0.0,0.0,0,0,0,0.0,0,0.0,3.292682926829268,0.5487804878048781,0.0,0.0,0.0,0.0,45.548780487804876,2.1951219512195124,0.0,0.0,1.0975609756097562,1.0975609756097562,7.682926829268293,3.8414634146341466,3.292682926829268,2.1951219512195124,0.0,1.0975609756097562,1.0975609756097562,0.0,0.0,0.0,16.08433734939759,16.666666666666664,50.0,66.66666666666666,6.859006211180126
turkey,Super Lig,2025,Zafer Görgen,25.0,G,Türkiye,188.0,79.0,20,20,1800.0,0.0,0.0,0.0,1.0,0,0,3,0.0,0,0.0,0.0,0.0,0.0,0.0,0.0,0.0,30.3,0.0,0.0,0.0,0.0,0.0,0.6000000000000001,0.45,0.0,0.0,0.1,0.35,0.05,0.15000000000000002,0.0,0.0,20.843234323432345,,75.0,,6.81
turkey,Super Lig,2025,Zeki Yavru,34.0,D,Türkiye,178.0,72.0,28,25,2034.0,0.0,1.0,0.0,1.0,0,0,3,0.0,0,0.04424778761061947,0.30973451327433627,0.1327433628318584,0.0,0.04424778761061947,0.04424778761061947,0.0,42.123893805309734,1.415929203539823,1.7256637168141593,0.2654867256637168,1.1946902654867257,2.920353982300885,6.371681415929204,3.36283185840708,0.5309734513274336,0.35398230088495575,1.1061946902654867,0.6637168141592921,0.8849557522123893,0.1327433628318584,0.0,0.0,34.23634453781513,42.857142857142854,52.77777777777778,66.66666666666666,6.795870206489675
turkey,Super Lig,2025,Ángel Torres,25.0,F,Colombia,182.0,,11,6,553.0,0.0,1.0,0.0,0.0,0,0,0,0.0,0,0.488245931283906,0.976491862567812,0.0,0.0,0.162748643761302,0.162748643761302,0.0,32.22423146473779,1.464737793851718,1.139240506329114,0.0,0.650994575045208,1.790235081374322,14.64737793851718,6.021699819168174,5.69620253164557,2.7667269439421336,1.139240506329114,1.464737793851718,1.464737793851718,0.0,0.0,0.0,21.141414141414142,0.0,41.11111111111111,48.57142857142857,6.688426763110307
turkey,Super Lig,2025,Çağlar Söyüncü,29.0,D,Türkiye,185.0,82.0,11,10,772.0,0.0,1.0,0.0,0.0,0,0,0,0.0,0,0.0,0.23316062176165803,0.0,0.0,0.11658031088082901,0.11658031088082901,0.0,61.0880829015544,0.582901554404145,2.098445595854922,0.9326424870466321,0.6994818652849741,2.7979274611398965,9.44300518134715,6.528497409326424,0.0,0.0,0.23316062176165803,0.9326424870466321,1.7487046632124352,0.0,0.0,0.0,49.43129770992366,0.0,69.1358024691358,,7.084326424870467
turkey,Super Lig,2025,Çağrı Balta,17.0,F,Türkiye,184.0,80.0,0,0,0.0,0.0,0.0,0.0,0.0,0,0,0,0.0,0,,,,,,,,,,,,,,,,,,,,,,,,,,,,
turkey,Super Lig,2025,Çağtay Kurukalıp,23.0,D,Türkiye,172.0,70.0,25,14,1270.0,0.0,2.0,0.0,0.0,0,0,2,0.0,0,0.2125984251968504,0.3543307086614173,0.07086614173228346,0.0,0.14173228346456693,0.14173228346456693,0.0,31.03937007874016,0.49606299212598426,1.8425196850393701,0.28346456692913385,1.7007874015748032,3.543307086614173,8.78740157480315,5.3858267716535435,1.0629921259842519,0.6377952755905512,0.49606299212598426,1.984251968503937,1.2755905511811023,0.14173228346456693,0.0,0.0,23.831050228310502,20.0,61.29032258064516,60.0,6.741246056782334
turkey,Super Lig,2025,Ömer Ahmet Ceyhan,18.0,D,Turkey,,,0,0,0.0,0.0,0.0,0.0,0.0,0,0,0,0.0,0,,,,,,,,,,,,,,,,,,,,,,,,,,,,
turkey,Super Lig,2025,Ömer Ali Şahiner,34.0,D,Türkiye,175.0,70.0,26,22,1842.0,2.0,0.0,0.0,0.0,0,0,5,0.0,0,0.09771986970684039,0.24429967426710097,0.19543973941368079,0.09771986970684039,0.0,0.09771986970684039,0.09771986970684039,35.42345276872964,0.7328990228013029,1.1237785016286646,0.39087947882736157,0.6351791530944625,1.758957654723127,5.374592833876221,2.54071661237785,0.39087947882736157,0.24429967426710097,0.6351791530944625,0.39087947882736157,1.3680781758957654,0.24429967426710097,0.0,0.0,29.64551724137931,80.0,47.27272727272727,62.5,6.743648208469055
turkey,Super Lig,2025,Ömer Faruk Beyaz,22.0,M,Türkiye,171.0,65.0,3,0,31.0,0.0,0.0,0.0,0.0,0,0,0,0.0,0,0.0,2.903225806451613,0.0,0.0,0.0,0.0,0.0,37.74193548387097,2.903225806451613,2.903225806451613,0.0,0.0,2.903225806451613,11.612903225806452,5.806451612903226,2.903225806451613,0.0,2.903225806451613,2.903225806451613,0.0,0.0,0.0,0.0,6.076923076923077,0.0,50.0,0.0,6.299999999999999
turkey,Super Lig,2025,Ömer Faruk Gümüş,22.0,M,Türkiye,175.0,59.0,2,0,72.0,0.0,0.0,0.0,0.0,0,0,0,0.0,0,0.0,1.25,0.0,0.0,0.0,0.0,0.0,42.5,1.25,1.25,0.0,0.0,1.25,7.5,1.25,1.25,0.0,1.25,0.0,1.25,0.0,0.0,0.0,20.205882352941178,0.0,16.666666666666664,0.0,6.237500000000001
turkey,Super Lig,2025,Ümit Akdağ,22.0,D,Romania,192.0,72.0,30,30,2624.0,1.0,2.0,0.0,2.0,0,0,8,0.0,0,0.03429878048780488,0.5487804878048781,0.06859756097560976,0.03429878048780488,0.06859756097560976,0.10289634146341463,0.03429878048780488,52.0655487804878,0.6173780487804879,1.2347560975609757,0.6516768292682927,1.131859756097561,2.3666158536585367,8.50609756097561,4.698932926829268,0.7545731707317074,0.5144817073170732,0.5487804878048781,0.8574695121951219,1.40625,0.27439024390243905,0.0,0.0,45.42819499341238,12.5,55.24193548387096,68.18181818181817,6.931631097560975
turkey,Super Lig,2025,İlkay Gündoğan,35.0,M,Germany,180.0,80.0,24,15,1399.0,2.0,3.0,0.0,0.0,0,0,1,0.0,0,0.0,0.5146533238027162,0.12866333095067906,0.12866333095067906,0.19299499642601858,0.32165832737669764,0.12866333095067906,69.15654038599,1.4152966404574696,1.4796283059328093,0.32165832737669764,0.7719799857040743,2.251608291636883,5.6611865618298784,3.2165832737669766,0.7076483202287348,0.38598999285203717,0.6433166547533953,0.9006433166547535,1.0293066476054324,0.06433166547533953,0.0,0.0,51.1246511627907,25.0,56.81818181818182,54.54545454545454,7.071837026447462
turkey,Super Lig,2025,İrfan Can Eğribayat,27.0,G,Türkiye,193.0,78.0,6,6,540.0,0.0,0.0,0.0,0.0,0,0,0,0.0,0,0.0,0.0,0.0,0.0,0.0,0.0,0.0,30.166666666666668,0.0,0.0,0.0,0.0,0.0,0.8333333333333333,0.6666666666666667,0.33333333333333337,0.16666666666666669,0.0,0.33333333333333337,0.0,0.0,0.0,0.0,25.519337016574585,,80.0,50.0,6.566666666666666
turkey,Super Lig,2025,İrfan Can Kahveci,30.0,M,Türkiye,176.0,71.0,24,18,1659.0,2.0,3.0,0.0,0.0,0,0,5,0.0,0,0.37974683544303794,1.301989150090416,0.5424954792043399,0.10849909584086799,0.162748643761302,0.27124773960216997,0.10849909584086799,34.77396021699819,1.844484629294756,1.790235081374322,0.10849909584086799,0.488245931283906,2.278481012658228,10.253164556962025,5.207956600361664,2.115732368896926,0.922242314647378,0.8679927667269439,1.790235081374322,1.573236889692586,0.27124773960216997,0.0,0.0,24.22776911076443,41.66666666666667,50.79365079365079,43.58974358974359,7.066726943942134
turkey,Super Lig,2025,İsmail Köybaşı,36.0,D,Türkiye,179.0,75.0,9,0,78.0,0.0,0.0,0.0,0.0,0,0,2,0.0,1,0.0,1.1538461538461537,1.1538461538461537,0.0,0.0,0.0,0.0,33.46153846153846,0.0,2.3076923076923075,1.1538461538461537,0.0,2.3076923076923075,11.538461538461537,6.923076923076923,2.3076923076923075,2.3076923076923075,0.0,2.3076923076923075,2.3076923076923075,2.3076923076923075,0.0,1.1538461538461537,8.04,100.0,60.0,100.0,6.3410958904109584
turkey,Super Lig,2025,İsmail Yüksek,27.0,M,Türkiye,183.0,75.0,30,19,1768.0,1.0,2.0,0.0,0.0,0,0,5,0.0,0,0.05090497737556562,1.0690045248868778,0.40723981900452494,0.05090497737556562,0.10180995475113123,0.15271493212669685,0.05090497737556562,55.23190045248869,0.8653846153846154,3.766968325791855,0.20361990950226247,1.170814479638009,4.9377828054298645,14.355203619909501,8.399321266968325,2.0361990950226243,1.3744343891402715,1.0690045248868778,1.7307692307692308,1.9852941176470589,0.25452488687782804,0.0,0.0,44.07096774193548,38.095238095238095,58.51063829787234,67.5,7.064932126696832
turkey,Super Lig,2025,İzzet Çelik,21.0,M,Türkiye,166.0,60.0,13,0,187.0,0.0,0.0,0.0,0.0,0,0,0,0.0,0,0.0,0.9625668449197861,0.0,0.0,0.0,0.0,0.0,49.090909090909086,0.48128342245989303,3.8502673796791442,0.0,1.4438502673796794,5.294117647058823,19.732620320855613,10.588235294117647,3.368983957219251,1.4438502673796794,0.9625668449197861,3.8502673796791442,2.406417112299465,0.0,0.0,0.0,9.871287128712872,0.0,53.65853658536586,42.857142857142854,6.5843243243243235
turkey,Super Lig,2025,Ľubomír Šatka,30.0,D,Slovakia,188.0,78.0,27,25,2146.0,0.0,1.0,0.0,1.0,0,0,1,0.0,0,0.0,0.12581547064305684,0.0,0.0,0.04193849021435228,0.04193849021435228,0.0,55.862068965517246,0.16775396085740912,1.2162162162162162,0.5452003727865797,0.880708294501398,2.096924510717614,6.668219944082013,3.6486486486486487,0.2516309412861137,0.2516309412861137,0.4613233923578752,0.08387698042870456,0.6290773532152842,0.04193849021435228,0.0,0.0,54.61561561561562,0.0,54.71698113207547,100.0,6.735135135135136
turkey,Super Lig,2025,Şant Kazancı,17.0,G,Türkiye,186.0,73.0,0,0,0.0,0.0,0.0,0.0,0.0,0,0,0,0.0,0,,,,,,,,,,,,,,,,,,,,,,,,,,,,
turkey,Super Lig,2025,Žan Žužek,29.0,D,Slovenia,186.0,79.0,33,31,2752.0,2.0,0.0,1.0,1.0,0,0,5,0.0,0,0.0,0.5232558139534884,0.1635174418604651,0.06540697674418605,0.0,0.06540697674418605,0.06540697674418605,44.313226744186046,0.3270348837209302,1.3081395348837208,1.0138081395348837,1.7005813953488371,3.008720930232558,7.78343023255814,3.859011627906977,0.1308139534883721,0.09811046511627906,0.8829941860465116,0.5886627906976745,0.9811046511627908,0.1635174418604651,0.0,0.0,44.57121771217712,31.25,49.57983193277311,75.0,6.818350290697674
