country,league,season,player_name,age,position,nationality,height,weight,appearances,starts,minutes,goals_total,assists,penalty_won,penalty_committed,penalty_scored,penalty_missed,yellow_cards,yellowred_cards,red_cards,offsides_per90,shots_total_per90,shots_on_per90,goals_total_per90,assists_per90,goals_plus_assists_per90,non_penalty_goals_per90,passes_total_per90,passes_key_per90,tackles_total_per90,blocks_per90,interceptions_per90,tackles_plus_interceptions_per90,duels_total_per90,duels_won_per90,dribbles_attempts_per90,dribbles_success_per90,dribbles_past_per90,fouls_drawn_per90,fouls_committed_per90,yellow_cards_per90,yellowred_cards_per90,red_cards_per90,passes_accuracy_pct,shots_on_target_pct,duels_won_pct,dribbles_success_pct,rating_weighted
usa,MLS,2025,AJ Marcucci,26.0,G,USA,191.0,86.0,2,2,180.0,0.0,0.0,0.0,0.0,0,0,0,0.0,0,0.0,0.0,0.0,0.0,0.0,0.0,0.0,29.5,0.0,0.0,0.0,0.0,0.0,0.0,0.0,0.0,0.0,0.0,0.0,0.0,0.0,0.0,0.0,18.152542372881356,,,,6.5
usa,MLS,2025 / 2026,Aaron Herrera,28.0,D,Guatemala,180.0,71.0,33,28,2459.0,0.0,2.0,0.0,0.0,0,0,11,0.0,2,0.036600244001626675,0.5124034160227735,0.1464009760065067,0.0,0.07320048800325335,0.07320048800325335,0.0,37.33224888165921,1.5372102480683203,1.573810492069947,0.4758031720211468,1.1712078080520536,2.745018300122001,8.27165514436763,4.245628304188695,1.573810492069947,0.7320048800325335,0.4392029280195201,0.5490036600244002,1.2078080520536802,0.4026026840178934,0.0,0.07320048800325335,32.444117647058825,28.57142857142857,51.32743362831859,46.51162790697674,6.9214314762098414
usa,MLS,2025 / 2026,Aaron Long,33.0,D,USA,186.0,79.0,20,20,1627.0,1.0,0.0,0.0,0.0,0,0,1,0.0,0,0.0,0.2212661339889367,0.11063306699446834,0.05531653349723417,0.0,0.05531653349723417,0.05531653349723417,71.35832821143208,0.2212661339889367,1.1616472034419176,0.5531653349723417,0.33189920098340503,1.4935464044253228,5.421020282728949,3.650891210817455,0.11063306699446834,0.0,0.27658266748617083,0.2212661339889367,0.7191149354640444,0.05531653349723417,0.0,0.0,72.00697674418605,50.0,67.3469387755102,0.0,7.085617701290719
usa,MLS,2025,Abraham Romero,27.0,G,Mexico,191.0,87.0,0,0,0.0,0.0,0.0,0.0,0.0,0,0,0,0.0,0,,,,,,,,,,,,,,,,,,,,,,,,,,,,
usa,MLS,2025 / 2026,Adam Beaudry,19.0,G,USA,188.0,77.0,1,1,90.0,0.0,0.0,0.0,0.0,0,0,0,0.0,0,0.0,0.0,0.0,0.0,0.0,0.0,0.0,21.0,0.0,0.0,0.0,0.0,0.0,0.0,0.0,0.0,0.0,0.0,0.0,0.0,0.0,0.0,0.0,7.0,,,,6.2
usa,MLS,2026,Adam Pearlman,20.0,D,Canada,183.0,,0,0,0.0,0.0,0.0,0.0,0.0,0,0,0,0.0,0,,,,,,,,,,,,,,,,,,,,,,,,,,,,
usa,MLS,2025,Adam Saldana,23.0,M,USA,173.0,66.0,2,2,180.0,0.0,0.0,0.0,0.0,0,0,1,0.0,0,0.0,0.5,0.0,0.0,0.0,0.0,0.0,46.0,0.0,2.5,0.5,0.5,3.0,7.0,4.5,0.5,0.5,0.5,1.0,2.0,0.5,0.0,0.0,45.55434782608695,0.0,64.28571428571429,100.0,6.9
usa,MLS,2025,Adem Sipic,19.0,F,USA,185.0,,0,0,0.0,0.0,0.0,0.0,0.0,0,0,0,0.0,0,,,,,,,,,,,,,,,,,,,,,,,,,,,,
usa,MLS,2025,Adilson Malanda,24.0,D,France,185.0,75.0,36,36,3175.0,1.0,0.0,0.0,2.0,0,0,4,0.0,1,0.0,0.3968503937007874,0.028346456692913385,0.028346456692913385,0.0,0.028346456692913385,0.028346456692913385,61.31338582677166,0.1700787401574803,0.7653543307086613,1.4456692913385827,0.9354330708661418,1.7007874015748032,5.159055118110237,2.9763779527559056,0.36850393700787404,0.2551181102362205,0.28346456692913385,0.28346456692913385,0.6803149606299213,0.11338582677165354,0.0,0.028346456692913385,59.73971336107258,7.142857142857142,57.692307692307686,69.23076923076923,7.09748031496063
usa,MLS,2025 / 2026,Adisa De Rosario,21.0,G,Canada,185.0,75.0,0,0,0.0,0.0,0.0,0.0,0.0,0,0,0,0.0,0,,,,,,,,,,,,,,,,,,,,,,,,,,,,
usa,MLS,2025 / 2026,Adri Mehmeti,16.0,M,USA,,,15,15,1239.0,1.0,2.0,1.0,0.0,0,0,4,0.0,0,0.0,0.14527845036319612,0.07263922518159806,0.07263922518159806,0.14527845036319612,0.2179176755447942,0.07263922518159806,62.03389830508474,0.9443099273607748,2.3970944309927362,0.6537530266343826,1.8886198547215496,4.285714285714286,10.823244552058112,5.375302663438257,0.7990314769975787,0.29055690072639223,1.5254237288135593,0.8716707021791767,1.8159806295399514,0.29055690072639223,0.0,0.0,52.65807962529274,50.0,49.664429530201346,36.36363636363637,7.1174334140435835
usa,MLS,2026,Adrian Gill,20.0,M,USA,,,0,0,0.0,0.0,0.0,0.0,0.0,0,0,0,0.0,0,,,,,,,,,,,,,,,,,,,,,,,,,,,,
usa,MLS,2025,Adrian Gonzalez,22.0,M,Mexico,168.0,63.0,0,0,0.0,0.0,0.0,0.0,0.0,0,0,0,0.0,0,,,,,,,,,,,,,,,,,,,,,,,,,,,,
usa,MLS,2025,Adrian Wibowo,19.0,F,USA,175.0,70.0,2,0,29.0,0.0,0.0,0.0,0.0,0,0,0,0.0,0,0.0,0.0,0.0,0.0,0.0,0.0,0.0,24.82758620689655,0.0,0.0,0.0,0.0,0.0,18.620689655172413,0.0,3.103448275862069,0.0,0.0,0.0,6.206896551724138,0.0,0.0,0.0,3.875,,0.0,0.0,6.355172413793104
usa,MLS,2025 / 2026,Adrian Zendejas,30.0,G,USA,196.0,95.0,0,0,0.0,0.0,0.0,0.0,0.0,0,0,0,0.0,0,,,,,,,,,,,,,,,,,,,,,,,,,,,,
usa,MLS,2025 / 2026,Adrián Marín,28.0,D,Spain,181.0,73.0,19,14,1304.0,0.0,4.0,0.0,0.0,0,0,4,0.0,0,0.06901840490797546,0.2070552147239264,0.0,0.0,0.27607361963190186,0.27607361963190186,0.0,46.44938650306748,0.75920245398773,1.5874233128834354,0.6211656441717791,1.3113496932515336,2.8987730061349692,6.07361963190184,3.6579754601226995,0.4141104294478528,0.13803680981595093,0.2070552147239264,0.5521472392638037,1.0352760736196318,0.27607361963190186,0.0,0.0,41.167164179104475,0.0,60.22727272727273,33.33333333333333,6.78021472392638
usa,MLS,2025,Adrián Pelayo,19.0,D,Mexico,186.0,82.0,0,0,0.0,0.0,0.0,0.0,0.0,0,0,0,0.0,0,,,,,,,,,,,,,,,,,,,,,,,,,,,,
usa,MLS,2025,Adyn Torres,18.0,M,USA,175.0,70.0,0,0,0.0,0.0,0.0,0.0,0.0,0,0,0,0.0,0,,,,,,,,,,,,,,,,,,,,,,,,,,,,
usa,MLS,2026,Agustin Anello,23.0,F,USA,181.0,82.0,10,3,379.0,1.0,1.0,0.0,0.0,0,0,1,0.0,0,0.9498680738786279,2.37467018469657,1.424802110817942,0.23746701846965698,0.23746701846965698,0.47493403693931396,0.23746701846965698,28.021108179419524,1.662269129287599,0.23746701846965698,0.23746701846965698,0.23746701846965698,0.47493403693931396,9.973614775725594,4.511873350923483,2.1372031662269126,0.9498680738786279,0.712401055408971,1.187335092348285,1.424802110817942,0.23746701846965698,0.0,0.0,8.686440677966102,60.0,45.23809523809524,44.44444444444444,6.642480211081794
usa,MLS,2025 / 2026,Agustin Ojeda,21.0,F,Argentina,169.0,63.0,54,29,2772.0,3.0,8.0,1.0,0.0,0,0,2,0.0,0,0.7467532467532468,1.1363636363636362,0.4545454545454546,0.09740259740259741,0.2597402597402597,0.3571428571428571,0.09740259740259741,33.01948051948052,1.461038961038961,1.331168831168831,0.09740259740259741,0.6168831168831168,1.948051948051948,9.415584415584416,4.090909090909091,3.3441558441558445,1.396103896103896,0.6168831168831168,0.8441558441558442,0.9090909090909092,0.06493506493506493,0.0,0.0,20.165354330708663,40.0,43.44827586206896,41.74757281553398,6.889682539682538
usa,MLS,2026,Agustín Bouzat,31.0,M,Argentina,173.0,73.0,12,6,613.0,0.0,0.0,0.0,0.0,0,0,1,0.0,1,0.0,1.1745513866231647,0.44045676998368677,0.0,0.0,0.0,0.0,38.466557911908644,0.5872756933115824,2.3491027732463294,0.2936378466557912,1.0277324632952691,3.3768352365415986,8.075040783034257,3.523654159869494,0.5872756933115824,0.2936378466557912,1.468189233278956,0.734094616639478,1.761827079934747,0.1468189233278956,0.0,0.1468189233278956,28.293893129770993,37.5,43.63636363636363,50.0,6.56231647634584
usa,MLS,2026,Agustín Resch,23.0,D,,,,13,8,781.0,0.0,0.0,0.0,0.0,0,0,3,0.0,0,0.0,0.11523687580025607,0.0,0.0,0.0,0.0,0.0,45.288092189500645,0.11523687580025607,1.9590268886043534,1.267605633802817,1.6133162612035852,3.5723431498079385,6.914212548015365,4.148527528809219,0.11523687580025607,0.11523687580025607,0.5761843790012804,0.6914212548015365,1.4980793854033292,0.34571062740076824,0.0,0.0,34.086513994910945,0.0,60.0,100.0,6.910627400768246
usa,MLS,2025 / 2026,Ahmed Qasem,22.0,F,Sweden,183.0,72.0,44,22,2064.0,3.0,2.0,1.0,0.0,0,0,5,0.0,0,0.1308139534883721,1.0465116279069768,0.6104651162790697,0.1308139534883721,0.0872093023255814,0.2180232558139535,0.1308139534883721,23.63372093023256,0.6104651162790697,1.7005813953488371,0.2180232558139535,0.5232558139534884,2.2238372093023253,12.209302325581394,4.796511627906977,3.706395348837209,1.4389534883720931,0.7848837209302325,1.3081395348837208,1.9622093023255816,0.2180232558139535,0.0,0.0,14.663585951940851,58.333333333333336,39.285714285714285,38.82352941176471,6.644234496124032
usa,MLS,2025,Aidan Stokes,17.0,G,USA,183.0,69.0,0,0,0.0,0.0,0.0,0.0,0.0,0,0,0,0.0,0,,,,,,,,,,,,,,,,,,,,,,,,,,,,
usa,MLS,2025 / 2026,Aiden  Hezarkhani,18.0,F,USA,178.0,70.0,15,8,631.0,2.0,0.0,0.0,0.0,0,0,1,0.0,0,0.0,1.1410459587955626,0.7131537242472267,0.28526148969889065,0.0,0.28526148969889065,0.28526148969889065,22.25039619651347,0.7131537242472267,0.9984152139461173,0.14263074484944532,0.42789223454833597,1.4263074484944533,13.12202852614897,5.277337559429477,3.565768621236133,1.283676703645008,0.28526148969889065,2.282091917591125,1.283676703645008,0.14263074484944532,0.0,0.0,10.134615384615385,62.5,40.21739130434783,36.0,6.747860538827258
usa,MLS,2025,Aiden Harangi,19.0,D,USA,170.0,68.0,5,5,339.0,0.0,0.0,0.0,0.0,0,0,1,0.0,0,0.0,0.5309734513274336,0.0,0.0,0.0,0.0,0.0,47.52212389380531,0.7964601769911505,1.0619469026548671,0.5309734513274336,1.0619469026548671,2.1238938053097343,6.106194690265487,3.7168141592920354,0.5309734513274336,0.5309734513274336,0.0,1.0619469026548671,1.8584070796460177,0.2654867256637168,0.0,0.0,35.67039106145251,0.0,60.86956521739131,100.0,7.011799410029498
usa,MLS,2025,Aiden Jarvis,19.0,M,Antigua and Barbuda,,,0,0,0.0,0.0,0.0,0.0,0.0,0,0,0,0.0,0,,,,,,,,,,,,,,,,,,,,,,,,,,,,
usa,MLS,2025 / 2026,Aiden O'Neill,27.0,M,Australia,180.0,79.0,35,32,2800.0,0.0,1.0,0.0,1.0,0,0,9,0.0,0,0.0,0.2571428571428571,0.06428571428571428,0.0,0.03214285714285714,0.03214285714285714,0.0,56.25,0.6107142857142857,2.732142857142857,0.41785714285714287,0.9,3.632142857142857,8.839285714285714,4.982142857142857,0.9,0.5142857142857142,0.8035714285714285,1.157142857142857,1.6392857142857142,0.28928571428571426,0.0,0.0,49.715428571428575,25.0,56.36363636363636,57.14285714285714,6.986499999999999
usa,MLS,2025 / 2026,Ajani Fortune,23.0,M,Trinidad and Tobago,175.0,75.0,25,13,1248.0,3.0,0.0,0.0,0.0,0,0,4,0.0,0,0.07211538461538461,0.8653846153846154,0.5769230769230769,0.21634615384615385,0.0,0.21634615384615385,0.21634615384615385,48.02884615384615,1.2259615384615385,1.9471153846153846,0.21634615384615385,1.1538461538461537,3.1009615384615388,8.870192307692307,4.975961538461538,1.1538461538461537,0.7932692307692307,0.5048076923076923,1.5144230769230769,1.6586538461538463,0.28846153846153844,0.0,0.0,33.247747747747745,66.66666666666666,56.09756097560976,68.75,7.061057692307693
usa,MLS,2025,Akil Watts,25.0,M,USA,178.0,79.0,22,14,1427.0,1.0,0.0,0.0,0.0,0,0,1,0.0,0,0.0,0.6937631394533987,0.37841625788367206,0.06306937631394534,0.0,0.06306937631394534,0.06306937631394534,29.327259985984583,0.5676243868255081,2.081289418360196,0.4414856341976174,1.2613875262789067,3.3426769446391034,9.018920812894184,4.793272599859846,1.1352487736510162,0.5045550105115627,0.8829712683952348,1.1983181499649616,0.94604064470918,0.06306937631394534,0.0,0.0,21.120430107526882,54.54545454545454,53.14685314685315,44.44444444444444,6.741275402943237
usa,MLS,2025,Alan Carleton,20.0,M,USA,173.0,54.0,2,0,36.0,0.0,0.0,0.0,0.0,0,0,0,0.0,0,0.0,0.0,0.0,0.0,0.0,0.0,0.0,55.00000000000001,0.0,0.0,0.0,0.0,0.0,12.5,5.0,0.0,0.0,0.0,2.5,0.0,0.0,0.0,0.0,11.454545454545455,,40.0,,6.699999999999999
usa,MLS,2025,Alan Montes,25.0,D,Mexico,191.0,88.0,8,5,465.0,0.0,0.0,0.0,0.0,0,0,1,0.0,0,0.0,1.3548387096774195,0.3870967741935484,0.0,0.0,0.0,0.0,68.3225806451613,0.1935483870967742,0.5806451612903226,0.1935483870967742,1.7419354838709677,2.3225806451612905,6.0,3.096774193548387,0.7741935483870968,0.5806451612903226,0.1935483870967742,0.5806451612903226,1.1612903225806452,0.1935483870967742,0.0,0.0,53.172804532577906,28.57142857142857,51.61290322580645,75.0,6.626666666666666
usa,MLS,2025 / 2026,Albert Rusnák,31.0,M,Slovakia,175.0,61.0,45,35,3366.0,15.0,12.0,0.0,0.0,5,0,3,0.0,1,0.08021390374331551,1.6844919786096255,1.0427807486631016,0.40106951871657753,0.32085561497326204,0.7219251336898397,0.26737967914438504,44.54545454545455,3.128342245989305,0.5347593582887701,0.0,0.13368983957219252,0.6684491978609626,3.7433155080213902,1.4705882352941178,0.7486631016042781,0.32085561497326204,0.4545454545454546,0.40106951871657753,0.48128342245989303,0.08021390374331551,0.0,0.026737967914438505,37.75570228091237,61.904761904761905,39.285714285714285,42.857142857142854,7.493642305407012
usa,MLS,2025,Alec Kann,35.0,G,USA,194.0,87.0,0,0,0.0,0.0,0.0,0.0,0.0,0,0,0,0.0,0,,,,,,,,,,,,,,,,,,,,,,,,,,,,
usa,MLS,2025 / 2026,Alec Smir,26.0,G,USA,188.0,83.0,2,1,167.0,0.0,0.0,0.0,0.0,0,0,1,0.0,0,0.0,0.0,0.0,0.0,0.0,0.0,0.0,25.86826347305389,0.0,0.0,0.0,0.0,0.0,0.0,0.0,0.0,0.0,0.0,0.0,0.0,0.5389221556886228,0.0,0.0,10.0,,,,6.246107784431137
usa,MLS,2025 / 2026,Alejandro Alvarado Jr,22.0,F,USA,173.0,67.0,18,6,598.0,0.0,0.0,0.0,0.0,0,0,2,0.0,0,0.0,0.7525083612040133,0.45150501672240806,0.0,0.0,0.0,0.0,63.81270903010033,0.45150501672240806,4.214046822742475,0.1505016722408027,2.5585284280936453,6.7725752508361206,15.050167224080267,7.826086956521739,1.5050167224080266,0.7525083612040133,2.1070234113712374,2.1070234113712374,2.5585284280936453,0.3010033444816054,0.0,0.0,40.261792452830186,60.0,52.0,50.0,6.948327759197324
usa,MLS,2025 / 2026,Alejandro Bedoya,38.0,M,USA,182.0,73.0,33,10,993.0,1.0,3.0,0.0,1.0,0,0,5,0.0,0,0.2719033232628399,1.2688821752265862,0.45317220543806647,0.09063444108761329,0.2719033232628399,0.36253776435045315,0.09063444108761329,38.88217522658611,2.0845921450151055,2.4471299093655587,0.18126888217522658,0.6344410876132931,3.081570996978852,13.77643504531722,6.61631419939577,0.2719033232628399,0.09063444108761329,0.6344410876132931,0.36253776435045315,2.809667673716012,0.45317220543806647,0.0,0.0,16.682983682983682,35.714285714285715,48.026315789473685,33.33333333333333,6.889627391742195
usa,MLS,2025 / 2026,Aleksei Miranchuk,30.0,F,Russia,182.0,74.0,47,43,3871.0,11.0,5.0,0.0,1.0,0,0,2,0.0,0,0.18599845001291657,1.5344872126065616,0.7439938000516663,0.2557478687677603,0.11624903125807286,0.37199690002583313,0.2557478687677603,42.17514854042883,1.7669852751227075,0.6277447687935934,0.11624903125807286,0.46499612503229143,1.092740893825885,5.835701369155257,2.534228881425988,1.5344872126065616,0.7207439938000516,0.4184965125290622,0.8369930250581245,0.650994575045208,0.04649961250322914,0.0,0.0,35.022601984564496,48.484848484848484,43.42629482071713,46.96969696969697,7.254843709635753
usa,MLS,2026,Alex Bonetig,23.0,D,Australia,187.0,,8,7,665.0,1.0,0.0,0.0,0.0,0,0,1,0.0,0,0.0,0.27067669172932335,0.13533834586466167,0.13533834586466167,0.0,0.13533834586466167,0.13533834586466167,46.42105263157895,0.0,0.9473684210526315,1.0827067669172934,1.488721804511278,2.43609022556391,3.789473684210526,2.0300751879699246,0.5413533834586467,0.13533834586466167,0.13533834586466167,0.406015037593985,0.6766917293233082,0.13533834586466167,0.0,0.0,51.309037900874635,50.0,53.57142857142857,25.0,6.727368421052631
usa,MLS,2025 / 2026,Alex Bono,31.0,G,USA,190.0,95.0,0,0,0.0,0.0,0.0,0.0,0.0,0,0,0,0.0,0,,,,,,,,,,,,,,,,,,,,,,,,,,,,
usa,MLS,2025 / 2026,Alex Harris,20.0,F,USA,180.0,,8,1,150.0,0.0,0.0,0.0,0.0,0,0,0,0.0,0,1.2000000000000002,1.2000000000000002,1.2000000000000002,0.0,0.0,0.0,0.0,20.4,0.6000000000000001,0.0,0.0,0.6000000000000001,0.6000000000000001,13.2,7.2,4.2,3.0,0.0,1.8,2.4000000000000004,0.0,0.0,0.0,5.205882352941177,100.0,54.54545454545454,71.42857142857143,6.7711409395973154
usa,MLS,2025 / 2026,Alex Mighten,23.0,F,England,172.0,70.0,36,14,1432.0,1.0,2.0,1.0,0.0,0,0,2,0.0,0,0.18854748603351956,0.8798882681564246,0.5656424581005587,0.06284916201117319,0.12569832402234637,0.18854748603351956,0.06284916201117319,22.37430167597765,1.1312849162011174,0.5027932960893855,0.0,0.4399441340782123,0.9427374301675977,11.62709497206704,5.279329608938547,4.902234636871508,2.451117318435754,0.25139664804469275,2.2625698324022347,0.9427374301675977,0.12569832402234637,0.0,0.0,13.682584269662922,64.28571428571429,45.40540540540541,50.0,6.726554856743537
usa,MLS,2025 / 2026,Alex Muyl,30.0,M,USA,180.0,79.0,49,36,3023.0,1.0,5.0,0.0,0.0,0,0,7,0.0,0,0.26794574925570624,0.8336089976844194,0.5656632484287132,0.029771749917300697,0.14885874958650347,0.17863049950380416,0.029771749917300697,24.263976182600068,0.8633807476017201,1.458815745947734,0.11908699966920279,0.9229242474363216,2.3817399933840555,9.735362222957328,4.108501488587496,1.6374462454515382,0.6549784981806153,1.3099569963612305,1.458815745947734,1.458815745947734,0.20840224942110486,0.0,0.0,16.92760736196319,67.85714285714286,42.201834862385326,40.0,6.711577902745616
usa,MLS,2025,Alex Rando,24.0,G,USA,191.0,84.0,0,0,0.0,0.0,0.0,0.0,0.0,0,0,0,0.0,0,,,,,,,,,,,,,,,,,,,,,,,,,,,,
usa,MLS,2025 / 2026,Alex Roldán,29.0,D,El Salvador,177.0,70.0,43,36,3115.0,0.0,2.0,0.0,0.0,0,0,4,0.0,0,0.05778491171749599,0.6934189406099518,0.26003210272873195,0.0,0.05778491171749599,0.05778491171749599,0.0,59.95184590690209,0.9823434991974318,1.9646869983948636,0.4333868378812199,1.2712680577849118,3.2359550561797756,7.483146067415731,4.536115569823435,0.8956661316211878,0.37560192616372395,0.8089887640449439,1.1268057784911718,0.37560192616372395,0.11556982343499198,0.0,0.0,53.000481927710844,37.5,60.61776061776062,41.935483870967744,7.2227608346709475
usa,MLS,2026,Alexander Aravena,23.0,F,Chile,175.0,70.0,13,4,463.0,1.0,0.0,0.0,0.0,0,0,0,0.0,0,0.19438444924406048,2.138228941684665,1.3606911447084233,0.19438444924406048,0.0,0.19438444924406048,0.19438444924406048,37.12742980561555,0.9719222462203023,0.5831533477321814,0.0,0.38876889848812096,0.9719222462203023,8.55291576673866,4.27645788336933,1.7494600431965444,1.3606911447084233,0.5831533477321814,2.138228941684665,0.38876889848812096,0.0,0.0,0.0,16.513089005235603,63.63636363636363,50.0,77.77777777777779,6.59524838012959
usa,MLS,2025,Alexander Freeman,21.0,D,USA,188.0,,30,27,2550.0,6.0,3.0,0.0,0.0,0,0,4,0.0,0,0.24705882352941178,1.3058823529411765,0.5294117647058824,0.2117647058823529,0.10588235294117646,0.31764705882352945,0.2117647058823529,40.37647058823529,1.552941176470588,1.4823529411764707,0.31764705882352945,0.9529411764705882,2.4352941176470586,10.941176470588236,6.317647058823529,2.4000000000000004,1.4117647058823528,0.5294117647058824,1.3058823529411765,0.7058823529411764,0.1411764705882353,0.0,0.0,33.79632867132867,40.54054054054054,57.74193548387097,58.82352941176471,7.347294117647058
usa,MLS,2025,Alexander Hack,32.0,D,Germany,193.0,88.0,22,16,1461.0,1.0,0.0,0.0,1.0,0,0,6,0.0,0,0.0,0.6160164271047228,0.3696098562628337,0.061601642710472276,0.0,0.061601642710472276,0.061601642710472276,72.01232032854209,0.4928131416837782,2.0944558521560577,0.5544147843942505,1.9096509240246407,4.004106776180698,10.164271047227926,6.2217659137577,0.3080082135523614,0.2464065708418891,0.9240246406570841,0.6160164271047228,1.2320328542094456,0.3696098562628337,0.0,0.0,57.49358426005133,60.0,61.212121212121204,80.0,7.189253935660506
usa,MLS,2026,Alexander Shaw,17.0,M,,,,2,0,30.0,0.0,0.0,0.0,0.0,0,0,0,0.0,0,0.0,0.0,0.0,0.0,0.0,0.0,0.0,39.0,0.0,3.0,0.0,0.0,3.0,6.0,3.0,0.0,0.0,0.0,0.0,3.0,0.0,0.0,0.0,9.307692307692308,,50.0,,6.7
usa,MLS,2025 / 2026,Alexandros Katranis,27.0,D,Greece,175.0,74.0,35,28,2274.0,1.0,3.0,0.0,1.0,0,0,11,0.0,0,0.3562005277044855,0.8311345646437995,0.3562005277044855,0.0395778364116095,0.11873350923482849,0.158311345646438,0.0395778364116095,36.886543535620056,1.5435356200527703,1.0686015831134563,0.11873350923482849,0.5936675461741425,1.662269129287599,7.163588390501319,3.2849604221635884,1.2269129287598943,0.5145118733509235,0.395778364116095,1.2269129287598943,1.8997361477572559,0.43535620052770446,0.0,0.0,26.527896995708154,42.857142857142854,45.85635359116022,41.935483870967744,6.829771328056288
usa,MLS,2025,Alexandru Băluță,32.0,F,Romania,170.0,62.0,1,0,14.0,0.0,0.0,0.0,0.0,0,0,0,0.0,0,6.428571428571428,12.857142857142856,6.428571428571428,0.0,0.0,0.0,0.0,32.142857142857146,0.0,0.0,0.0,0.0,0.0,12.857142857142856,0.0,0.0,0.0,0.0,0.0,12.857142857142856,0.0,0.0,0.0,5.0,50.0,0.0,,6.2
usa,MLS,2025 / 2026,Alexis Manyoma,22.0,M,Colombia,169.0,69.0,14,2,296.0,1.0,0.0,0.0,0.0,0,0,1,0.0,0,0.30405405405405406,1.5202702702702704,0.30405405405405406,0.30405405405405406,0.0,0.30405405405405406,0.30405405405405406,38.91891891891892,0.6081081081081081,2.4324324324324325,0.0,1.5202702702702704,3.952702702702703,17.93918918918919,9.121621621621623,5.168918918918919,3.040540540540541,1.2162162162162162,3.3445945945945947,0.9121621621621622,0.30405405405405406,0.0,0.0,10.293650793650794,20.0,50.847457627118644,58.82352941176471,6.769256756756756
usa,MLS,2025,Alfredo Morales,35.0,M,USA,183.0,77.0,25,11,1104.0,0.0,2.0,0.0,1.0,0,0,6,0.0,1,0.0,0.32608695652173914,0.0,0.0,0.16304347826086957,0.16304347826086957,0.0,47.3641304347826,0.6521739130434783,1.875,0.6521739130434783,1.141304347826087,3.0163043478260874,7.907608695652174,4.483695652173913,0.5706521739130435,0.32608695652173914,0.6521739130434783,0.9782608695652174,1.2228260869565217,0.4891304347826087,0.0,0.08152173913043478,28.542168674698797,0.0,56.70103092783505,57.14285714285714,6.811433756805807
usa,MLS,2025 / 2026,Alhassan Yusuf,25.0,M,Nigeria,175.0,66.0,48,43,4033.0,4.0,1.0,0.0,0.0,0,0,6,0.0,0,0.04463178775105381,0.6025291346392264,0.22315893875526904,0.08926357550210762,0.022315893875526904,0.11157946937763452,0.08926357550210762,55.03099429704935,0.9818993305231838,2.2539052814282172,0.06694768162658071,1.4728489957847757,3.726754277212993,10.064468137862633,5.021076121993554,1.4505331019092487,0.7810562856434417,0.93726754277213,1.2050582692784528,1.651376146788991,0.13389536325316143,0.0,0.0,50.01135442011354,37.03703703703704,49.889135254988915,53.84615384615385,7.0504339201586905
usa,MLS,2025,Ali Ahmed,25.0,D,Canada,180.0,70.0,27,17,1694.0,1.0,10.0,1.0,0.0,0,0,2,0.0,0,0.26564344746162927,1.168831168831169,0.6906729634002361,0.053128689492325853,0.5312868949232585,0.5844155844155845,0.053128689492325853,43.1404958677686,2.4439197166469895,1.2750885478158205,0.0,0.47815820543093274,1.7532467532467533,11.42266824085006,5.684769775678866,3.2939787485242027,1.6469893742621013,0.9031877213695395,2.125147579693034,1.062573789846517,0.10625737898465171,0.0,0.0,28.32512315270936,59.09090909090909,49.76744186046512,50.0,7.337131050767415
usa,MLS,2025 / 2026,Ali Fadal,21.0,M,Ghana,180.0,72.0,0,0,0.0,0.0,0.0,0.0,0.0,0,0,0,0.0,0,,,,,,,,,,,,,,,,,,,,,,,,,,,,
usa,MLS,2025,Aljaž Ivačič,32.0,G,Slovenia,188.0,82.0,24,24,2180.0,0.0,0.0,0.0,0.0,0,0,1,0.0,0,0.0,0.0,0.0,0.0,0.0,0.0,0.0,23.90366972477064,0.0,0.0,0.0,0.0,0.0,0.0,0.0,0.0,0.0,0.0,0.0,0.0,0.04128440366972477,0.0,0.0,16.041450777202073,,,,6.7746330275229365
usa,MLS,2025,Allan Oyirwoth,18.0,M,Uganda,185.0,76.0,5,4,287.0,0.0,0.0,0.0,0.0,0,0,3,0.0,0,0.0,0.9407665505226481,0.313588850174216,0.0,0.0,0.0,0.0,50.801393728223,0.9407665505226481,1.8815331010452963,0.0,1.8815331010452963,3.7630662020905925,12.543554006968641,4.076655052264808,1.254355400696864,0.313588850174216,2.822299651567944,0.9407665505226481,2.1951219512195124,0.9407665505226481,0.0,0.0,30.012345679012345,33.33333333333333,32.5,25.0,6.637282229965157
usa,MLS,2025,Allen Obando,19.0,F,Ecuador,189.0,81.0,6,1,154.0,1.0,0.0,0.0,0.0,0,0,0,0.0,0,0.0,1.168831168831169,1.168831168831169,0.5844155844155845,0.0,0.5844155844155845,0.5844155844155845,18.701298701298704,0.0,1.168831168831169,0.0,0.0,1.168831168831169,17.532467532467532,6.428571428571428,2.337662337662338,0.5844155844155845,1.7532467532467533,1.168831168831169,3.5064935064935066,0.0,0.0,0.0,10.379310344827585,100.0,36.666666666666664,25.0,6.889542483660132
usa,MLS,2025 / 2026,Alonso Coello,26.0,M,Spain,185.0,82.0,46,37,3339.0,1.0,3.0,0.0,0.0,0,0,7,0.0,1,0.0,0.3504043126684636,0.18867924528301888,0.026954177897574125,0.08086253369272238,0.1078167115902965,0.026954177897574125,59.056603773584904,1.6172506738544474,2.6684636118598384,0.29649595687331537,1.6981132075471697,4.366576819407008,8.733153638814017,5.336927223719677,1.051212938005391,0.7277628032345014,0.8086253369272237,0.862533692722372,1.293800539083558,0.18867924528301888,0.0,0.026954177897574125,51.24703196347032,53.84615384615385,61.111111111111114,69.23076923076923,7.181572629051621
usa,MLS,2025,Alonso Martínez,27.0,F,Costa Rica,177.0,72.0,33,32,2784.0,19.0,1.0,4.0,0.0,5,2,2,0.0,0,0.4849137931034483,2.7801724137931036,1.745689655172414,0.6142241379310345,0.032327586206896554,0.646551724137931,0.4525862068965517,12.898706896551724,0.8405172413793104,0.3879310344827586,0.032327586206896554,0.22629310344827586,0.6142241379310345,6.336206896551724,2.521551724137931,2.0366379310344827,1.0344827586206897,0.25862068965517243,0.8081896551724137,0.3232758620689655,0.06465517241379311,0.0,0.0,9.481203007518797,62.7906976744186,39.795918367346935,50.79365079365079,7.03433908045977
usa,MLS,2025 / 2026,Alvaro Augusto,20.0,D,,,,2,1,74.0,0.0,0.0,0.0,0.0,0,0,0,0.0,0,0.0,1.2162162162162162,1.2162162162162162,0.0,0.0,0.0,0.0,10.945945945945947,0.0,3.6486486486486487,4.864864864864865,1.2162162162162162,4.864864864864865,8.513513513513514,7.297297297297297,1.2162162162162162,1.2162162162162162,0.0,0.0,1.2162162162162162,0.0,0.0,0.0,4.333333333333333,100.0,85.71428571428571,100.0,7.6
usa,MLS,2025,Alvaro Augusto,20.0,D,Brazil,193.0,,5,3,303.0,0.0,0.0,0.0,0.0,0,0,0,0.0,0,0.594059405940594,0.297029702970297,0.0,0.0,0.0,0.0,0.0,32.37623762376238,0.0,1.485148514851485,0.594059405940594,1.7821782178217822,3.2673267326732676,5.643564356435643,4.158415841584159,0.0,0.0,0.0,0.8910891089108911,0.8910891089108911,0.0,0.0,0.0,33.20183486238532,0.0,73.68421052631578,,6.320860927152317
usa,MLS,2025 / 2026,Alvas Powell,31.0,D,Jamaica,183.0,75.0,36,10,1184.0,0.0,2.0,0.0,0.0,0,0,2,0.0,1,0.07601351351351351,0.30405405405405406,0.22804054054054054,0.0,0.15202702702702703,0.15202702702702703,0.0,42.339527027027025,0.3800675675675676,2.508445945945946,0.5320945945945946,1.2162162162162162,3.7246621621621623,13.22635135135135,7.601351351351351,2.888513513513513,1.7483108108108107,1.5202702702702704,2.2804054054054057,1.1402027027027029,0.15202702702702703,0.0,0.07601351351351351,30.620689655172413,75.0,57.47126436781609,60.526315789473685,6.746537162162162
usa,MLS,2025 / 2026,Amahl Pellegrino,35.0,F,Norway,190.0,68.0,36,22,1878.0,9.0,5.0,1.0,0.0,0,0,1,0.0,1,0.5271565495207668,1.7731629392971247,0.8626198083067093,0.43130990415335463,0.23961661341853036,0.670926517571885,0.43130990415335463,28.08306709265176,1.293929712460064,0.9584664536741214,0.0,0.4792332268370607,1.4376996805111821,5.9904153354632586,2.156549520766773,1.2460063897763578,0.3354632587859425,0.3833865814696486,0.7188498402555911,0.7188498402555911,0.047923322683706075,0.0,0.047923322683706075,18.3704974271012,48.64864864864865,36.0,26.923076923076923,6.8798189563365275
usa,MLS,2025 / 2026,Amar Sejdic,29.0,M,USA,179.0,72.0,22,5,555.0,0.0,0.0,0.0,0.0,0,0,0,0.0,0,0.0,0.32432432432432434,0.32432432432432434,0.0,0.0,0.0,0.0,67.13513513513514,0.972972972972973,2.4324324324324325,0.16216216216216217,0.8108108108108109,3.2432432432432434,8.756756756756758,3.891891891891892,1.945945945945946,0.972972972972973,0.4864864864864865,0.32432432432432434,1.135135135135135,0.0,0.0,0.0,37.43719806763285,100.0,44.44444444444444,50.0,6.7698010849909585
usa,MLS,2026,Amin Boudri,21.0,M,Sweden,176.0,75.0,4,0,74.0,0.0,0.0,0.0,0.0,0,0,0,0.0,0,0.0,2.4324324324324325,2.4324324324324325,0.0,0.0,0.0,0.0,71.75675675675676,1.2162162162162162,0.0,0.0,0.0,0.0,15.810810810810812,6.081081081081082,8.513513513513514,3.6486486486486487,0.0,2.4324324324324325,2.4324324324324325,0.0,0.0,0.0,15.983050847457626,100.0,38.46153846153847,42.857142857142854,6.671621621621622
usa,MLS,2025,Amine Bassi,28.0,M,Morocco,173.0,72.0,29,20,1767.0,2.0,3.0,0.0,0.0,0,0,4,0.0,0,0.4074702886247878,0.6621392190152802,0.2037351443123939,0.10186757215619695,0.15280135823429541,0.2546689303904923,0.10186757215619695,51.850594227504246,2.2410865874363326,1.0696095076400678,0.0,0.8149405772495756,1.8845500848896435,8.556876061120542,3.616298811544991,1.0186757215619693,0.4584040747028863,0.6621392190152802,1.8336162988115452,1.8336162988115452,0.2037351443123939,0.0,0.0,37.917485265225935,30.76923076923077,42.26190476190476,45.0,7.003282399547256
usa,MLS,2025 / 2026,Anders Dreyer,27.0,F,Denmark,174.0,69.0,54,53,4795.0,29.0,24.0,1.0,0.0,5,1,4,0.0,0,0.656934306569343,2.289885297184567,1.5015641293013555,0.5443169968717414,0.4504692387904067,0.994786235662148,0.4504692387904067,44.9155370177268,2.571428571428571,0.39416058394160586,0.018769551616266943,0.2627737226277372,0.656934306569343,3.678832116788321,1.7643378519290926,1.3326381647549532,0.694473409801877,0.31908237747653806,0.6381647549530761,0.22523461939520334,0.07507820646506777,0.0,0.0,40.409527789385706,65.57377049180327,47.95918367346938,52.112676056338024,7.803274244004171
usa,MLS,2025 / 2026,Anderson Julio,29.0,F,Ecuador,180.0,70.0,29,18,1684.0,6.0,1.0,0.0,0.0,0,0,5,0.0,0,0.8016627078384798,1.8705463182897861,1.015439429928741,0.32066508313539194,0.053444180522565325,0.37410926365795727,0.32066508313539194,15.552256532066508,1.0688836104513064,0.9085510688836105,0.2137767220902613,0.6947743467933492,1.6033254156769596,10.528503562945367,3.527315914489311,2.672209026128266,1.175771971496437,0.9619952494061756,0.8551068883610452,1.9239904988123513,0.2672209026128266,0.0,0.0,11.346020761245676,54.285714285714285,33.50253807106599,44.0,6.819299287410927
usa,MLS,2025,Anderson Rosa,24.0,D,Brazil,178.0,72.0,2,0,30.0,0.0,0.0,0.0,0.0,0,0,0,0.0,0,0.0,0.0,0.0,0.0,0.0,0.0,0.0,42.0,0.0,3.0,0.0,0.0,3.0,6.0,6.0,0.0,0.0,0.0,0.0,0.0,0.0,0.0,0.0,5.714285714285714,,100.0,,6.513333333333334
usa,MLS,2025 / 2026,Andre Blake,35.0,G,Jamaica,188.0,78.0,38,38,3358.0,0.0,0.0,0.0,0.0,0,0,0,0.0,0,0.0,0.0,0.0,0.0,0.0,0.0,0.0,23.773079213817745,0.05360333531864205,0.05360333531864205,0.0,0.0,0.05360333531864205,0.37522334723049433,0.3484216795711733,0.026801667659321026,0.026801667659321026,0.026801667659321026,0.026801667659321026,0.0,0.0,0.0,0.0,18.03945885005637,,92.85714285714286,100.0,6.980196545562835
usa,MLS,2025,Andreas Maxsø,31.0,D,Denmark,190.0,85.0,32,32,2889.0,1.0,0.0,0.0,2.0,0,0,4,0.0,0,0.031152647975077885,0.21806853582554517,0.06230529595015577,0.031152647975077885,0.0,0.031152647975077885,0.031152647975077885,39.781931464174455,0.12461059190031154,0.5607476635514018,0.9657320872274143,0.8099688473520249,1.370716510903427,5.264797507788162,3.457943925233645,0.06230529595015577,0.06230529595015577,0.21806853582554517,0.40498442367601245,0.5607476635514018,0.12461059190031154,0.0,0.0,40.40642129992169,28.57142857142857,65.68047337278107,100.0,6.852647975077882
usa,MLS,2026,Andrei Chirila,17.0,D,,,,6,4,427.0,1.0,0.0,0.0,0.0,0,0,1,0.0,0,0.0,0.6323185011709602,0.4215456674473068,0.2107728337236534,0.0,0.2107728337236534,0.2107728337236534,67.8688524590164,0.2107728337236534,1.053864168618267,1.2646370023419204,0.6323185011709602,1.6861826697892273,4.6370023419203745,3.161592505854801,0.2107728337236534,0.2107728337236534,0.0,0.8430913348946136,0.2107728337236534,0.2107728337236534,0.0,0.0,56.984472049689444,66.66666666666666,68.18181818181817,100.0,6.873536299765808
usa,MLS,2025,Andres Reyes,26.0,D,Colombia,191.0,81.0,1,1,43.0,0.0,0.0,0.0,1.0,0,0,2,0.0,1,0.0,0.0,0.0,0.0,0.0,0.0,0.0,96.27906976744185,0.0,0.0,2.0930232558139537,0.0,0.0,10.465116279069766,4.186046511627907,0.0,0.0,0.0,2.0930232558139537,6.27906976744186,4.186046511627907,0.0,2.0930232558139537,45.0,,40.0,,5.2
usa,MLS,2025 / 2026,Andrew Baiera,18.0,D,USA,175.0,63.0,3,0,40.0,0.0,0.0,0.0,0.0,0,0,0,0.0,0,0.0,0.0,0.0,0.0,0.0,0.0,0.0,29.25,0.0,0.0,0.0,0.0,0.0,4.5,0.0,0.0,0.0,0.0,0.0,2.25,0.0,0.0,0.0,6.384615384615385,,0.0,,6.4825
usa,MLS,2025,Andrew Brody,30.0,D,USA,178.0,66.0,12,6,516.0,0.0,0.0,0.0,0.0,0,0,0,0.0,0,0.0,0.0,0.0,0.0,0.0,0.0,0.0,37.32558139534884,1.3953488372093024,1.569767441860465,0.1744186046511628,0.6976744186046512,2.2674418604651163,4.36046511627907,3.488372093023256,0.6976744186046512,0.6976744186046512,0.1744186046511628,0.6976744186046512,0.1744186046511628,0.0,0.0,0.0,24.33177570093458,,80.0,100.0,6.754069767441861
usa,MLS,2025 / 2026,Andrew Farrell,33.0,D,USA,181.0,84.0,4,1,119.0,0.0,0.0,0.0,0.0,0,0,0,0.0,0,0.0,0.0,0.0,0.0,0.0,0.0,0.0,52.18487394957984,0.7563025210084033,1.5126050420168067,0.7563025210084033,3.0252100840336134,4.53781512605042,4.53781512605042,2.26890756302521,0.7563025210084033,0.0,0.0,0.7563025210084033,0.0,0.0,0.0,0.0,46.6231884057971,,50.0,0.0,6.223728813559322
usa,MLS,2025 / 2026,Andrew Gutman,29.0,D,USA,178.0,72.0,47,46,3937.0,4.0,11.0,2.0,1.0,0,0,8,0.0,0,0.25146050292100586,0.8686817373634748,0.2286004572009144,0.09144018288036575,0.25146050292100586,0.3429006858013716,0.09144018288036575,38.1991363982728,0.937261874523749,1.8973837947675896,0.4572009144018288,1.0515621031242062,2.9489458978917957,7.680975361950725,4.160528321056642,0.7772415544831089,0.2286004572009144,0.5943611887223774,0.6629413258826518,1.0058420116840234,0.1828803657607315,0.0,0.0,31.096349491322563,26.31578947368421,54.166666666666664,29.411764705882355,7.01498602997206
usa,MLS,2025,Andrew Moran,22.0,M,Republic of Ireland,177.0,73.0,10,3,413.0,1.0,1.0,0.0,0.0,0,0,2,0.0,0,0.0,1.7433414043583535,1.089588377723971,0.2179176755447942,0.2179176755447942,0.4358353510895884,0.2179176755447942,43.14769975786925,1.9612590799031475,2.3970944309927362,0.2179176755447942,0.8716707021791767,3.2687651331719128,10.89588377723971,4.358353510895884,2.3970944309927362,0.4358353510895884,1.089588377723971,1.089588377723971,2.6150121065375305,0.4358353510895884,0.0,0.0,24.707070707070706,62.5,40.0,18.181818181818183,6.894188861985473
usa,MLS,2025 / 2026,Andrew Privett,25.0,D,USA,185.0,79.0,31,25,2384.0,1.0,0.0,0.0,2.0,0,0,4,0.0,1,0.0,0.15100671140939598,0.07550335570469799,0.037751677852348994,0.0,0.037751677852348994,0.037751677852348994,59.19463087248322,0.11325503355704697,1.1325503355704698,0.9060402684563758,0.6417785234899329,1.7743288590604027,5.549496644295302,3.0578859060402683,0.037751677852348994,0.0,0.4530201342281879,0.4907718120805369,0.6417785234899329,0.15100671140939598,0.0,0.037751677852348994,54.634971282705806,50.0,55.10204081632652,0.0,6.809437919463088
usa,MLS,2025 / 2026,Andrew Rick,19.0,G,USA,,,16,14,1367.0,0.0,0.0,0.0,1.0,0,0,2,0.0,0,0.0,0.0,0.0,0.0,0.0,0.0,0.0,23.108997805413317,0.06583760058522312,0.06583760058522312,0.0,0.0,0.06583760058522312,0.3950256035113387,0.13167520117044623,0.0,0.0,0.13167520117044623,0.0,0.06583760058522312,0.13167520117044623,0.0,0.0,12.008547008547009,,33.33333333333333,,6.512728602779809
usa,MLS,2025,Andrew Tarbell,32.0,G,USA,191.0,86.0,4,4,307.0,0.0,0.0,0.0,0.0,0,0,0,0.0,0,0.0,0.0,0.0,0.0,0.0,0.0,0.0,24.039087947882738,0.0,0.0,0.0,0.0,0.0,0.2931596091205212,0.0,0.0,0.0,0.2931596091205212,0.0,0.0,0.0,0.0,0.0,16.097560975609756,,0.0,,6.798371335504886
usa,MLS,2025 / 2026,Andrew Thomas,27.0,G,USA,188.0,82.0,23,22,2012.0,0.0,0.0,0.0,1.0,0,0,0,0.0,0,0.0,0.0,0.0,0.0,0.0,0.0,0.0,22.007952286282308,0.0,0.0,0.0,0.0,0.0,0.8499005964214711,0.7157057654075546,0.04473161033797216,0.04473161033797216,0.04473161033797216,0.08946322067594432,0.04473161033797216,0.0,0.0,0.0,16.497967479674795,,84.21052631578947,100.0,6.987574552683896
usa,MLS,2025,André Franco,27.0,M,Portugal,177.0,73.0,6,5,403.0,0.0,4.0,0.0,0.0,0,0,1,0.0,0,0.0,0.22332506203473945,0.22332506203473945,0.0,0.8933002481389578,0.8933002481389578,0.0,64.09429280397022,3.1265508684863526,1.3399503722084367,0.0,0.4466501240694789,1.7866004962779156,8.03970223325062,3.5732009925558312,1.7866004962779156,0.6699751861042184,1.1166253101736974,1.1166253101736974,0.8933002481389578,0.22332506203473945,0.0,0.0,53.40766550522648,100.0,44.44444444444444,37.5,7.513647642679901
usa,MLS,2026,André Gomes,32.0,M,Portugal,188.0,84.0,9,9,683.0,0.0,0.0,0.0,0.0,0,0,1,0.0,0,0.0,0.6588579795021963,0.2635431918008785,0.0,0.0,0.0,0.0,66.54465592972181,0.6588579795021963,2.3718887262079065,0.13177159590043924,0.527086383601757,2.898975109809663,11.727672035139092,5.797950219619326,2.898975109809663,1.8448023426061493,0.6588579795021963,1.1859443631039532,1.9765739385065886,0.13177159590043924,0.0,0.0,54.3009900990099,40.0,49.43820224719101,63.63636363636363,6.867496339677892
usa,MLS,2025 / 2026,Andrés Cubas,29.0,M,Paraguay,163.0,60.0,42,40,3315.0,0.0,2.0,0.0,0.0,0,0,18,0.0,0,0.0,0.24434389140271492,0.08144796380090498,0.0,0.05429864253393665,0.05429864253393665,0.0,51.44796380090497,0.5701357466063348,3.6651583710407243,0.2986425339366516,1.7918552036199094,5.457013574660634,10.615384615384615,5.51131221719457,0.8144796380090499,0.5158371040723981,1.167420814479638,0.8144796380090499,2.4705882352941178,0.48868778280542985,0.0,0.0,45.280738786279684,33.33333333333333,51.91815856777494,63.33333333333333,7.064705882352941
usa,MLS,2025 / 2026,Andrés Perea,25.0,M,USA,182.0,72.0,32,24,2132.0,4.0,2.0,1.0,0.0,0,0,8,0.0,0,0.04221388367729831,1.2664165103189493,0.5065666041275797,0.16885553470919323,0.08442776735459662,0.25328330206378985,0.16885553470919323,39.72326454033771,0.5487804878048781,2.4061913696060038,0.21106941838649157,0.9287054409005628,3.3348968105065664,12.621951219512196,6.374296435272045,0.8864915572232646,0.3799249530956848,1.1819887429643527,1.224202626641651,1.3508442776735459,0.33771106941838647,0.0,0.0,30.14558979808714,40.0,50.50167224080268,42.857142857142854,7.042729831144466
usa,MLS,2025,Andy Duvan Batioja,19.0,F,Colombia,179.0,70.0,1,0,9.0,0.0,0.0,0.0,0.0,0,0,0,0.0,0,0.0,0.0,0.0,0.0,0.0,0.0,0.0,40.0,0.0,0.0,0.0,0.0,0.0,10.0,10.0,10.0,10.0,0.0,0.0,0.0,0.0,0.0,0.0,4.0,,100.0,100.0,6.6
usa,MLS,2025 / 2026,Andy Najar,32.0,D,Honduras,170.0,69.0,48,40,3640.0,2.0,10.0,0.0,2.0,0,0,7,0.0,0,0.04945054945054945,0.3708791208791209,0.24725274725274726,0.04945054945054945,0.24725274725274726,0.2967032967032967,0.04945054945054945,57.11538461538461,1.3846153846153846,1.7554945054945055,0.271978021978022,1.4340659340659339,3.1895604395604393,8.925824175824175,4.9945054945054945,2.769230769230769,1.631868131868132,0.6923076923076923,0.9395604395604396,1.0631868131868132,0.17307692307692307,0.0,0.0,50.25021645021645,66.66666666666666,55.95567867036011,58.92857142857143,7.051978021978022
usa,MLS,2025 / 2026,Andy Rojas,20.0,F,Costa Rica,181.0,74.0,2,0,55.0,0.0,0.0,0.0,0.0,0,0,0,0.0,0,0.0,1.6363636363636362,0.0,0.0,0.0,0.0,0.0,49.090909090909086,0.0,3.2727272727272725,0.0,3.2727272727272725,6.545454545454545,16.363636363636363,9.818181818181818,1.6363636363636362,0.0,0.0,4.909090909090909,1.6363636363636362,0.0,0.0,0.0,14.8,0.0,60.0,0.0,6.78
usa,MLS,2025 / 2026,Anisse Saidi,17.0,F,USA,185.0,67.0,3,0,44.0,0.0,1.0,0.0,0.0,0,0,0,0.0,0,0.0,2.0454545454545454,2.0454545454545454,0.0,2.0454545454545454,2.0454545454545454,0.0,8.181818181818182,2.0454545454545454,6.136363636363636,0.0,0.0,6.136363636363636,10.227272727272727,8.181818181818182,0.0,0.0,0.0,2.0454545454545454,2.0454545454545454,0.0,0.0,0.0,2.5,100.0,80.0,,6.8113636363636365
usa,MLS,2025 / 2026,Anthony Markanich,26.0,D,USA,185.0,,50,40,3411.0,14.0,2.0,2.0,1.0,0,0,8,0.0,0,0.29023746701846964,1.1345646437994723,0.5013192612137203,0.36939313984168864,0.052770448548812667,0.42216358839050133,0.36939313984168864,29.208443271767813,0.9762532981530344,2.4274406332453826,0.5013192612137203,1.7414248021108178,4.1688654353562,10.71240105540897,6.33245382585752,0.554089709762533,0.316622691292876,0.9762532981530344,0.9762532981530344,1.3192612137203166,0.21108179419525067,0.0,0.0,20.15085817524842,44.18604651162791,59.11330049261084,57.14285714285714,7.085206926915175
usa,MLS,2025,Anthony Ramirez,20.0,F,USA,175.0,65.0,1,0,12.0,0.0,0.0,0.0,0.0,0,0,0,0.0,0,0.0,0.0,0.0,0.0,0.0,0.0,0.0,60.0,7.5,0.0,0.0,0.0,0.0,7.5,7.5,0.0,0.0,0.0,7.5,0.0,0.0,0.0,0.0,8.0,,100.0,,6.900000000000001
usa,MLS,2026,Antino Lopez,23.0,D,,,,8,6,571.0,0.0,0.0,0.0,0.0,0,0,1,0.0,0,0.0,0.0,0.0,0.0,0.0,0.0,0.0,54.063047285464094,0.47285464098073554,1.1033274956217163,1.1033274956217163,0.7880910683012259,1.8914185639229422,5.043782837127846,2.679509632224168,0.3152364273204904,0.3152364273204904,0.6304728546409808,0.6304728546409808,0.6304728546409808,0.1576182136602452,0.0,0.0,45.819241982507286,,53.125,100.0,6.980910683012259
usa,MLS,2025,Antino Lopez,23.0,D,USA,183.0,68.0,1,0,1.0,0.0,0.0,0.0,0.0,0,0,0,0.0,0,0.0,0.0,0.0,0.0,0.0,0.0,0.0,0.0,0.0,0.0,0.0,0.0,0.0,0.0,0.0,0.0,0.0,0.0,0.0,0.0,0.0,0.0,0.0,,,,,
usa,MLS,2025,Antoine Coupland,22.0,M,Canada,173.0,72.0,2,0,21.0,1.0,0.0,0.0,0.0,0,0,0,0.0,0,0.0,4.285714285714286,4.285714285714286,4.285714285714286,0.0,4.285714285714286,4.285714285714286,12.857142857142856,0.0,0.0,0.0,0.0,0.0,21.428571428571427,8.571428571428571,12.857142857142856,8.571428571428571,0.0,0.0,8.571428571428571,0.0,0.0,0.0,1.6666666666666667,100.0,40.0,66.66666666666666,6.985714285714285
usa,MLS,2026,Anton Salétros,29.0,M,Sweden,183.0,71.0,12,12,1056.0,0.0,0.0,0.0,0.0,0,0,2,0.0,0,0.0,0.5965909090909091,0.17045454545454547,0.0,0.0,0.0,0.0,64.43181818181819,1.7045454545454546,1.7045454545454546,0.42613636363636365,0.5965909090909091,2.3011363636363638,5.965909090909091,2.5568181818181817,0.5965909090909091,0.17045454545454547,0.6818181818181819,0.08522727272727273,1.3636363636363638,0.17045454545454547,0.0,0.0,57.16269841269841,28.57142857142857,42.857142857142854,28.57142857142857,7.039015151515152
usa,MLS,2026,Antone Bossenberry,17.0,M,,,,2,0,33.0,0.0,0.0,0.0,0.0,0,0,0,0.0,0,0.0,0.0,0.0,0.0,0.0,0.0,0.0,62.727272727272734,0.0,5.454545454545455,0.0,0.0,5.454545454545455,24.545454545454543,10.90909090909091,0.0,0.0,2.7272727272727275,5.454545454545455,2.7272727272727275,0.0,0.0,0.0,8.565217391304348,,44.44444444444444,,6.554545454545455
usa,MLS,2025,Antonio Carrera,21.0,G,USA,193.0,86.0,0,0,0.0,0.0,0.0,0.0,0.0,0,0,0,0.0,0,,,,,,,,,,,,,,,,,,,,,,,,,,,,
usa,MLS,2025,Antonio Gomez,24.0,D,USA,188.0,80.0,0,0,0.0,0.0,0.0,0.0,0.0,0,0,0,0.0,0,,,,,,,,,,,,,,,,,,,,,,,,,,,,
usa,MLS,2026,Antonio Riquelme,17.0,M,,,,0,0,0.0,0.0,0.0,0.0,0.0,0,0,0,0.0,0,,,,,,,,,,,,,,,,,,,,,,,,,,,,
usa,MLS,2025 / 2026,Antony Alves,24.0,M,Brazil,185.0,75.0,46,42,3617.0,9.0,8.0,0.0,2.0,0,0,5,0.0,0,0.5225324854852088,1.667127453690904,0.8708874758086813,0.22394249377937517,0.19905999447055572,0.42300248824993086,0.22394249377937517,35.90544650262649,1.2441249654409732,1.567597456455626,0.07464749792645839,0.5971799834116671,2.164777439867293,12.416367155100913,5.449267348631462,4.354437379043406,1.9159524467790987,1.1943599668233342,1.6422449543820845,1.3685374619850705,0.12441249654409733,0.0,0.0,27.90921690921691,52.23880597014925,43.8877755511022,44.0,6.9162289189936415
usa,MLS,2025 / 2026,Antônio Carlos,32.0,D,Brazil,191.0,79.0,21,18,1653.0,1.0,0.0,0.0,0.0,0,0,2,0.0,1,0.0,0.5989110707803993,0.16333938294010888,0.054446460980036304,0.0,0.054446460980036304,0.054446460980036304,48.89292196007259,0.32667876588021777,1.2522686025408347,0.925589836660617,1.3611615245009074,2.613430127041742,5.063520871143376,3.2123411978221412,0.054446460980036304,0.054446460980036304,0.16333938294010888,0.16333938294010888,0.7622504537205081,0.10889292196007261,0.0,0.054446460980036304,44.13363028953229,27.27272727272727,63.44086021505376,100.0,6.973321234119783
usa,MLS,2025 / 2026,Aníbal Godoy,35.0,M,Panama,183.0,75.0,44,36,2904.0,1.0,2.0,1.0,0.0,0,0,9,0.0,0,0.0,0.5578512396694215,0.21694214876033058,0.030991735537190084,0.06198347107438017,0.09297520661157024,0.030991735537190084,90.06198347107438,0.6508264462809917,1.859504132231405,0.1859504132231405,0.8987603305785125,2.7582644628099175,9.111570247933884,5.051652892561983,0.9607438016528926,0.46487603305785125,0.6198347107438017,1.9524793388429753,1.797520661157025,0.27892561983471076,0.0,0.0,73.9273916035788,38.88888888888889,55.44217687074829,48.38709677419355,7.114886285320469
usa,MLS,2025 / 2026,Archie Goodwin,21.0,F,Australia,,,22,1,313.0,3.0,1.0,1.0,0.0,1,0,2,0.0,0,0.2875399361022364,2.587859424920128,1.7252396166134185,0.8626198083067093,0.2875399361022364,1.1501597444089455,0.5750798722044728,11.21405750798722,0.5750798722044728,1.1501597444089455,0.0,0.0,1.1501597444089455,11.501597444089457,4.025559105431309,1.1501597444089455,0.5750798722044728,0.5750798722044728,0.2875399361022364,2.0127795527156547,0.5750798722044728,0.0,0.0,1.875,66.66666666666666,35.0,50.0,6.629568106312292
usa,MLS,2025 / 2026,Ariath Piol,21.0,F,Australia,181.0,79.0,26,14,1083.0,2.0,1.0,0.0,0.0,0,0,0,0.0,1,0.6648199445983379,0.997229916897507,0.33240997229916897,0.16620498614958448,0.08310249307479224,0.24930747922437674,0.16620498614958448,14.376731301939058,0.5817174515235457,0.24930747922437674,0.0,0.24930747922437674,0.4986149584487535,9.141274238227147,2.9085872576177283,0.997229916897507,0.41551246537396125,0.16620498614958448,0.6648199445983379,0.997229916897507,0.0,0.0,0.08310249307479224,7.699421965317919,33.33333333333333,31.818181818181817,41.66666666666667,6.506012950971323
usa,MLS,2025 / 2026,Ariel Lassiter,31.0,F,Costa Rica,178.0,70.0,33,6,838.0,2.0,4.0,0.0,0.0,0,0,3,0.0,0,0.42959427207637235,1.503579952267303,0.7517899761336515,0.21479713603818618,0.42959427207637235,0.6443914081145585,0.21479713603818618,31.0381861575179,1.503579952267303,0.42959427207637235,0.10739856801909309,0.32219570405727926,0.7517899761336515,6.443914081145585,2.8997613365155135,1.7183770883054894,0.5369928400954653,0.42959427207637235,1.9331742243436754,0.7517899761336515,0.32219570405727926,0.0,0.0,11.757785467128027,50.0,45.0,31.25,6.800479616306955
usa,MLS,2026,Arnau  Farnos,23.0,F,,,,7,2,162.0,0.0,0.0,0.0,0.0,0,0,0,0.0,0,0.0,0.5555555555555556,0.5555555555555556,0.0,0.0,0.0,0.0,28.888888888888886,1.1111111111111112,0.5555555555555556,0.0,0.0,0.5555555555555556,10.555555555555555,6.111111111111111,3.333333333333333,1.6666666666666665,1.1111111111111112,2.7777777777777777,0.0,0.0,0.0,0.0,10.365384615384615,100.0,57.89473684210527,50.0,6.677070063694267
usa,MLS,2026,Aron John,19.0,M,,,,0,0,0.0,0.0,0.0,0.0,0.0,0,0,0,0.0,0,,,,,,,,,,,,,,,,,,,,,,,,,,,,
usa,MLS,2025 / 2026,Artem Smoliakov,22.0,D,Ukraine,180.0,70.0,33,15,1369.0,1.0,3.0,0.0,0.0,0,0,2,0.0,0,0.13148283418553688,0.7888970051132214,0.26296566837107377,0.06574141709276844,0.19722425127830534,0.26296566837107377,0.06574141709276844,47.399561723886045,1.051862673484295,1.4463111760409055,0.46018991964937916,0.9861212563915266,2.4324324324324325,8.875091307523741,3.81300219138057,1.5777940102264427,0.7231555880204528,0.9203798392987583,0.9861212563915266,1.3805697589481374,0.13148283418553688,0.0,0.0,31.106796116504853,33.33333333333333,42.96296296296296,45.83333333333333,6.901026392961877
usa,MLS,2025 / 2026,Artur,29.0,M,Brazil,181.0,68.0,40,37,3285.0,1.0,1.0,0.0,0.0,0,0,6,0.0,1,0.0,0.3287671232876712,0.10958904109589042,0.027397260273972605,0.027397260273972605,0.05479452054794521,0.027397260273972605,59.80821917808219,0.3287671232876712,1.8082191780821917,0.3835616438356164,1.3424657534246576,3.150684931506849,6.904109589041096,3.4794520547945207,0.8493150684931507,0.547945205479452,0.9041095890410958,0.7671232876712328,1.2328767123287672,0.1643835616438356,0.0,0.027397260273972605,54.635822262940906,33.33333333333333,50.39682539682539,64.51612903225806,6.83634703196347
usa,MLS,2025,Ascel Essengue,22.0,D,Cameroon,185.0,75.0,0,0,0.0,0.0,0.0,0.0,0.0,0,0,0,0.0,0,,,,,,,,,,,,,,,,,,,,,,,,,,,,
usa,MLS,2025 / 2026,Ashley Westwood,35.0,M,England,175.0,80.0,49,48,4376.0,2.0,5.0,0.0,0.0,0,0,15,0.0,0,0.0,0.4524680073126143,0.16453382084095064,0.04113345521023766,0.10283363802559416,0.14396709323583182,0.04113345521023766,58.55347349177331,1.2545703839122486,0.966636197440585,0.5141681901279708,0.7815356489945156,1.7481718464351004,3.8254113345521024,2.3857404021937842,0.34963436928702013,0.16453382084095064,0.34963436928702013,0.966636197440585,0.6581352833638026,0.30850091407678243,0.0,0.0,52.216719353705656,36.36363636363637,62.365591397849464,47.05882352941176,7.284186471663619
usa,MLS,2025,Ashton Gordon,18.0,F,Jamaica,170.0,,0,0,0.0,0.0,0.0,0.0,0.0,0,0,0,0.0,0,,,,,,,,,,,,,,,,,,,,,,,,,,,,
usa,MLS,2025,Austin Causey,24.0,G,USA,185.0,84.0,0,0,0.0,0.0,0.0,0.0,0.0,0,0,0,0.0,0,,,,,,,,,,,,,,,,,,,,,,,,,,,,
usa,MLS,2025 / 2026,Ayoub Jabbari,25.0,F,Morocco,194.0,87.0,21,5,570.0,1.0,2.0,0.0,0.0,0,0,1,0.0,0,0.3157894736842105,1.263157894736842,0.631578947368421,0.15789473684210525,0.3157894736842105,0.47368421052631576,0.15789473684210525,18.94736842105263,1.105263157894737,0.9473684210526315,0.0,0.47368421052631576,1.4210526315789473,21.157894736842106,9.947368421052632,3.0,1.105263157894737,0.631578947368421,2.8421052631578947,1.736842105263158,0.15789473684210525,0.0,0.0,6.041666666666667,50.0,47.01492537313433,36.84210526315789,6.712126537785588
usa,MLS,2026,Ayoub Lajhar,21.0,D,,,,4,0,47.0,0.0,0.0,0.0,1.0,0,0,1,0.0,0,0.0,0.0,0.0,0.0,0.0,0.0,0.0,22.978723404255316,0.0,3.829787234042553,0.0,0.0,3.829787234042553,5.744680851063829,3.829787234042553,0.0,0.0,0.0,0.0,1.9148936170212765,1.9148936170212765,0.0,0.0,7.222222222222222,,66.66666666666666,,6.546808510638297
usa,MLS,2025 / 2026,Aziel Jackson,24.0,M,USA,175.0,70.0,28,14,1269.0,3.0,2.0,2.0,0.0,0,0,0,0.0,0,0.28368794326241137,2.127659574468085,1.2056737588652482,0.2127659574468085,0.14184397163120568,0.35460992907801414,0.2127659574468085,33.40425531914894,0.5673758865248227,1.1347517730496455,0.0,0.7801418439716312,1.9148936170212765,13.333333333333332,5.744680851063829,4.397163120567376,1.9148936170212765,1.2056737588652482,2.624113475177305,1.347517730496454,0.0,0.0,0.0,18.371549893842886,56.666666666666664,43.08510638297872,43.54838709677419,6.825925925925926
usa,MLS,2025,Baltasar Rodriguez,22.0,M,Argentina,173.0,63.0,20,12,1006.0,3.0,2.0,0.0,0.0,0,0,6,0.0,0,0.17892644135188865,1.4314115308151092,0.7157057654075546,0.268389662027833,0.17892644135188865,0.44731610337972166,0.268389662027833,42.67395626242545,0.3578528827037773,2.68389662027833,0.0,0.7157057654075546,3.3996023856858844,13.330019880715707,6.083499005964215,2.9522862823061633,1.610337972166998,1.878727634194831,1.5208747514910537,2.415506958250497,0.536779324055666,0.0,0.0,27.465408805031448,50.0,45.63758389261745,54.54545454545454,6.8834990059642145
usa,MLS,2025,Bartosz Slisz,26.0,M,Poland,180.0,76.0,29,26,2303.0,2.0,1.0,0.0,1.0,0,0,10,0.0,0,0.0,0.547112462006079,0.3126356925749023,0.07815892314372558,0.03907946157186279,0.11723838471558835,0.07815892314372558,62.839774207555365,0.9379070777247068,1.8367346938775508,0.5861919235779418,1.5240990013026487,3.3608336951801996,9.261832392531481,5.158488927485887,1.1723838471558836,0.6252713851498046,0.8597481545809813,1.094224924012158,1.485019539730786,0.3907946157186279,0.0,0.0,56.76679104477612,57.14285714285714,55.69620253164557,53.333333333333336,7.114980460269214
usa,MLS,2025,Baye Coulibaly,19.0,M,,,,2,0,13.0,0.0,0.0,0.0,0.0,0,0,0,0.0,0,0.0,0.0,0.0,0.0,0.0,0.0,0.0,20.76923076923077,0.0,6.923076923076923,0.0,0.0,6.923076923076923,6.923076923076923,6.923076923076923,0.0,0.0,0.0,0.0,0.0,0.0,0.0,0.0,2.0,,100.0,,6.3
usa,MLS,2025 / 2026,Beau Leroux,22.0,M,USA,183.0,75.0,47,38,3209.0,7.0,6.0,1.0,0.0,0,1,5,0.0,0,0.028046120286693673,1.2620754129012153,0.7011530071673419,0.1963228420068557,0.16827672172016206,0.36459956372701774,0.1963228420068557,44.59333125584294,1.0937986911810533,2.5521969460891243,0.14023060143346838,1.4023060143346837,3.954502960423808,11.75132440012465,6.198192583359302,2.692427547522593,1.3181676534746027,0.5609224057338735,1.3462137737612965,0.8974758491741975,0.14023060143346838,0.0,0.0,32.463522012578615,55.55555555555556,52.74463007159904,48.95833333333333,7.15010906824556
usa,MLS,2025,Belal Halbouni,26.0,D,Syria,188.0,85.0,16,9,963.0,0.0,0.0,0.0,0.0,0,0,4,0.0,0,0.0,0.37383177570093457,0.0,0.0,0.0,0.0,0.0,67.75700934579439,0.37383177570093457,1.1214953271028036,0.4672897196261683,0.6542056074766356,1.7757009345794392,7.009345794392523,3.5514018691588785,0.7476635514018691,0.4672897196261683,0.4672897196261683,0.2803738317757009,0.7476635514018691,0.37383177570093457,0.0,0.0,63.648275862068964,0.0,50.66666666666667,62.5,7.038149688149688
usa,MLS,2025 / 2026,Ben Bender,24.0,M,USA,,,15,8,787.0,1.0,0.0,0.0,0.0,0,0,4,0.0,0,0.11435832274459976,0.5717916137229987,0.2287166454891995,0.11435832274459976,0.0,0.11435832274459976,0.11435832274459976,34.53621346886912,1.372299872935197,1.7153748411689962,0.2287166454891995,1.2579415501905973,2.9733163913595932,8.80559085133418,4.917407878017789,1.372299872935197,0.457433290978399,0.8005082592121983,1.2579415501905973,0.914866581956798,0.457433290978399,0.0,0.0,23.55298013245033,40.0,55.84415584415584,33.33333333333333,6.682083862770011
usa,MLS,2025,Benjamin Cremaschi,20.0,M,USA,180.0,72.0,22,16,1389.0,1.0,2.0,0.0,0.0,0,0,6,0.0,0,0.06479481641468682,0.5831533477321814,0.25917926565874727,0.06479481641468682,0.12958963282937364,0.19438444924406048,0.06479481641468682,42.05183585313175,1.101511879049676,2.462203023758099,0.06479481641468682,0.712742980561555,3.1749460043196542,9.719222462203023,4.924406047516198,1.814254859611231,0.7775377969762419,1.036717062634989,0.8423326133909288,1.1663066954643628,0.38876889848812096,0.0,0.0,31.280431432973806,44.44444444444444,50.66666666666667,42.857142857142854,6.993952483801296
usa,MLS,2025 / 2026,Benjamin Kikanović,25.0,D,USA,183.0,75.0,22,17,1454.0,0.0,0.0,0.0,0.0,0,0,7,0.0,0,0.06189821182943604,0.30949105914718017,0.06189821182943604,0.0,0.0,0.0,0.0,35.09628610729023,1.0522696011004127,1.7331499312242091,0.5570839064649243,1.0522696011004127,2.785419532324622,9.903713892709765,5.137551581843191,1.361760660247593,0.4332874828060523,0.8046767537826685,0.9903713892709767,1.1141678129298487,0.4332874828060523,0.0,0.0,24.323321554770317,20.0,51.87500000000001,31.818181818181817,6.9265474552957365
usa,MLS,2026,Benjamin Kuscevic,29.0,D,Chile,186.0,76.0,6,6,478.0,0.0,0.0,0.0,0.0,0,0,2,0.0,0,0.0,0.7531380753138075,0.18828451882845187,0.0,0.0,0.0,0.0,40.10460251046025,0.0,1.1297071129707112,0.37656903765690375,1.1297071129707112,2.2594142259414225,7.531380753138075,4.518828451882845,0.37656903765690375,0.37656903765690375,0.5648535564853556,0.5648535564853556,1.3179916317991631,0.37656903765690375,0.0,0.0,34.34272300469483,25.0,60.0,100.0,6.719246861924686
usa,MLS,2025 / 2026,Benjamin Lundt,30.0,G,Germany,197.0,100.0,11,11,999.0,0.0,0.0,0.0,0.0,0,0,2,0.0,0,0.0,0.0,0.0,0.0,0.0,0.0,0.0,26.576576576576578,0.0,0.0,0.0,0.0,0.0,0.5405405405405406,0.45045045045045046,0.0,0.0,0.09009009009009009,0.2702702702702703,0.0,0.18018018018018017,0.0,0.0,18.891525423728815,,83.33333333333334,,7.09009009009009
usa,MLS,2025 / 2026,Bernard Kamungo,23.0,F,Tanzania,175.0,68.0,36,24,2272.0,2.0,2.0,1.0,0.0,0,0,3,0.0,0,0.2772887323943662,0.9903169014084506,0.5149647887323944,0.07922535211267606,0.07922535211267606,0.15845070422535212,0.07922535211267606,25.510563380281692,0.8714788732394365,1.307218309859155,0.11883802816901408,0.9110915492957747,2.2183098591549295,9.86355633802817,5.03080985915493,2.931338028169014,1.7825704225352115,0.9903169014084506,1.5448943661971832,0.9903169014084506,0.11883802816901408,0.0,0.0,18.678571428571427,52.0,51.00401606425703,60.810810810810814,6.891193306913254
usa,MLS,2026,Bernardo Rhein,18.0,F,USA,173.0,,1,0,1.0,0.0,0.0,0.0,0.0,0,0,0,0.0,0,0.0,0.0,0.0,0.0,0.0,0.0,0.0,0.0,0.0,0.0,0.0,0.0,0.0,0.0,0.0,0.0,0.0,0.0,0.0,0.0,0.0,0.0,0.0,,,,,
usa,MLS,2025 / 2026,Besard Sabović,28.0,M,Sweden,186.0,77.0,44,21,2172.0,1.0,0.0,0.0,0.0,0,0,9,0.0,0,0.0,0.7044198895027625,0.24861878453038672,0.04143646408839779,0.0,0.04143646408839779,0.04143646408839779,41.47790055248619,0.787292817679558,1.740331491712707,0.04143646408839779,1.1187845303867403,2.859116022099448,9.116022099447514,4.723756906077348,0.6629834254143646,0.41436464088397795,0.5386740331491713,2.0303867403314917,2.734806629834254,0.3729281767955801,0.0,0.0,26.961038961038962,35.294117647058826,51.81818181818182,62.5,6.7401473296500924
usa,MLS,2025,Bill Tuiloma,30.0,D,New Zealand,178.0,79.0,8,6,431.0,1.0,0.0,0.0,0.0,0,0,0,0.0,0,0.0,0.6264501160092807,0.2088167053364269,0.2088167053364269,0.0,0.2088167053364269,0.2088167053364269,41.34570765661253,0.4176334106728538,1.2529002320185614,0.0,0.2088167053364269,1.4617169373549883,5.846867749419953,3.3410672853828305,0.0,0.0,1.0440835266821344,0.6264501160092807,0.8352668213457076,0.0,0.0,0.0,28.752525252525253,33.33333333333333,57.14285714285714,,6.831162790697674
usa,MLS,2025,Birk Risa,27.0,D,Norway,188.0,79.0,17,12,1073.0,0.0,0.0,0.0,0.0,0,0,1,0.0,0,0.0,0.2516309412861137,0.08387698042870456,0.0,0.0,0.0,0.0,59.21714818266542,0.587138863000932,1.174277726001864,1.174277726001864,1.0065237651444547,2.180801491146319,7.800559179869524,4.026095060577819,0.4193849021435228,0.0,0.5032618825722274,1.0065237651444547,0.8387698042870456,0.08387698042870456,0.0,0.0,46.626062322946176,33.33333333333333,51.61290322580645,0.0,7.007269338303821
usa,MLS,2025,Bjorn Utvik,29.0,D,Norway,183.0,75.0,16,12,1033.0,0.0,0.0,0.0,0.0,0,0,1,0.0,0,0.08712487899322362,0.34849951597289447,0.0,0.0,0.0,0.0,0.0,58.373668925459825,0.17424975798644723,0.6969990319457889,0.5227492739593418,0.34849951597289447,1.0454985479186836,4.966118102613746,3.484995159728945,0.17424975798644723,0.08712487899322362,0.0,0.08712487899322362,0.4356243949661181,0.08712487899322362,0.0,0.0,49.11940298507463,0.0,70.17543859649122,50.0,6.884966052376333
usa,MLS,2025 / 2026,Blake Gillingham,23.0,G,USA,188.0,,4,3,293.0,0.0,0.0,0.0,0.0,0,0,0,0.0,0,0.0,0.0,0.0,0.0,0.0,0.0,0.0,25.187713310580204,0.0,0.30716723549488056,0.0,0.0,0.30716723549488056,0.6143344709897611,0.6143344709897611,0.0,0.0,0.0,0.30716723549488056,0.0,0.0,0.0,0.0,16.20731707317073,,100.0,,7.261433447098976
usa,MLS,2025 / 2026,Bode Hidalgo,23.0,D,USA,183.0,77.0,28,14,1476.0,0.0,0.0,0.0,0.0,0,0,6,0.0,1,0.0,0.5487804878048781,0.24390243902439024,0.0,0.0,0.0,0.0,49.69512195121951,0.4268292682926829,1.7682926829268293,0.4268292682926829,0.8536585365853658,2.6219512195121952,7.378048780487805,3.6585365853658534,1.0975609756097562,0.4268292682926829,1.1585365853658538,0.9146341463414633,1.0365853658536586,0.3658536585365854,0.0,0.06097560975609756,39.66789667896679,44.44444444444444,49.586776859504134,38.88888888888889,6.61449864498645
usa,MLS,2025 / 2026,Bongokuhle Hlongwane,25.0,D,South Africa,185.0,78.0,48,35,3185.0,3.0,2.0,1.0,0.0,0,0,2,0.0,0,0.3673469387755102,0.8194662480376765,0.3108320251177394,0.0847723704866562,0.0565149136577708,0.141287284144427,0.0847723704866562,23.877551020408166,0.8194662480376765,1.3846153846153846,0.1978021978021978,0.9607535321821036,2.3453689167974883,10.200941915227629,4.662480376766091,2.0910518053375196,0.8477237048665619,0.7912087912087912,1.6671899529042387,0.9607535321821036,0.0565149136577708,0.0,0.0,16.78224852071006,37.93103448275862,45.70637119113574,40.54054054054054,6.907252747252748
usa,MLS,2025,Boris Enow,25.0,M,Cameroon,180.0,,29,17,1644.0,1.0,0.0,0.0,0.0,0,0,8,0.0,0,0.0,0.38321167883211676,0.10948905109489052,0.05474452554744526,0.0,0.05474452554744526,0.05474452554744526,48.33941605839416,0.43795620437956206,1.9708029197080292,0.16423357664233576,1.5875912408759123,3.5583941605839415,9.635036496350365,3.613138686131387,0.7116788321167884,0.43795620437956206,1.2043795620437956,0.656934306569343,2.627737226277372,0.43795620437956206,0.0,0.0,34.72593431483579,28.57142857142857,37.5,61.53846153846154,6.666119221411193
usa,MLS,2025,Brad Guzan,41.0,G,USA,193.0,94.0,26,26,2340.0,0.0,0.0,0.0,0.0,0,0,1,0.0,0,0.0,0.0,0.0,0.0,0.0,0.0,0.0,27.80769230769231,0.038461538461538464,0.0,0.0,0.0,0.0,0.3076923076923077,0.23076923076923078,0.0,0.0,0.038461538461538464,0.15384615384615385,0.0,0.038461538461538464,0.0,0.0,22.164591977869986,,75.0,,6.961538461538462
usa,MLS,2025 / 2026,Brad Stuver,34.0,G,USA,191.0,82.0,51,51,4620.0,0.0,0.0,0.0,0.0,0,0,4,0.0,0,0.0,0.0,0.0,0.0,0.0,0.0,0.0,33.95454545454545,0.05844155844155844,0.01948051948051948,0.0,0.01948051948051948,0.03896103896103896,0.4675324675324675,0.40909090909090906,0.05844155844155844,0.05844155844155844,0.01948051948051948,0.15584415584415584,0.0,0.07792207792207792,0.0,0.0,23.97246127366609,,87.5,100.0,7.2290259740259755
usa,MLS,2025,Bradley Smith,31.0,D,Australia,177.0,70.0,17,3,351.0,0.0,0.0,0.0,0.0,0,0,0,0.0,0,0.0,0.25641025641025644,0.0,0.0,0.0,0.0,0.0,27.692307692307693,0.7692307692307693,1.2820512820512822,0.25641025641025644,0.25641025641025644,1.5384615384615385,5.641025641025641,2.0512820512820515,1.2820512820512822,0.0,0.25641025641025644,0.0,1.2820512820512822,0.0,0.0,0.0,12.457142857142857,0.0,36.36363636363637,0.0,6.440285714285714
usa,MLS,2025 / 2026,Braian Ojeda,25.0,M,Paraguay,172.0,68.0,46,41,3565.0,2.0,1.0,0.0,0.0,0,0,7,0.0,0,0.0,0.8078541374474054,0.2776998597475456,0.05049088359046284,0.02524544179523142,0.07573632538569425,0.05049088359046284,48.47124824684432,0.8835904628330995,1.464235624123422,0.302945301542777,1.2370266479663394,2.7012622720897617,9.517531556802243,5.099579242636747,1.5904628330995791,0.9845722300140252,0.8835904628330995,1.9186535764375878,1.4389901823281908,0.17671809256661994,0.0,0.0,41.765625,34.375,53.58090185676393,61.904761904761905,6.8770763187429855
usa,MLS,2025 / 2026,Brandan Craig,21.0,D,USA,185.0,72.0,28,16,1750.0,0.0,0.0,0.0,0.0,0,0,5,0.0,0,0.0,0.5657142857142857,0.20571428571428574,0.0,0.0,0.0,0.0,52.457142857142856,0.46285714285714286,1.2857142857142856,0.5657142857142857,0.822857142857143,2.1085714285714285,5.554285714285714,3.085714285714286,0.15428571428571428,0.10285714285714287,0.4114285714285715,0.5657142857142857,0.6685714285714286,0.2571428571428571,0.0,0.0,43.49411764705882,36.36363636363637,55.55555555555556,66.66666666666666,6.821600000000001
usa,MLS,2025 / 2026,Brandon Bye,30.0,D,USA,183.0,79.0,41,26,2468.0,0.0,2.0,0.0,1.0,0,0,2,0.0,0,0.07293354943273905,0.5470016207455429,0.07293354943273905,0.0,0.07293354943273905,0.07293354943273905,0.0,37.37844408427877,1.0575364667747162,1.385737439222042,0.619935170178282,0.6564019448946515,2.0421393841166937,8.241491085899513,4.521880064829822,0.9481361426256077,0.4376012965964344,0.8387358184764991,0.1458670988654781,0.5834683954619124,0.07293354943273905,0.0,0.0,29.7568359375,13.333333333333334,54.86725663716814,46.15384615384615,6.665761750405186
usa,MLS,2025,Brandon Cambridge,23.0,F,Canada,183.0,79.0,2,0,12.0,0.0,0.0,0.0,0.0,0,0,0,0.0,0,0.0,7.5,0.0,0.0,0.0,0.0,0.0,30.0,15.0,0.0,0.0,0.0,0.0,15.0,0.0,0.0,0.0,0.0,0.0,0.0,0.0,0.0,0.0,4.0,0.0,0.0,,6.6
usa,MLS,2025 / 2026,Brandon Servania,26.0,M,USA,178.0,73.0,44,38,3262.0,0.0,2.0,0.0,1.0,0,0,9,0.0,0,0.0,0.5518087063151441,0.24831391784181486,0.0,0.0551808706315144,0.0551808706315144,0.0,34.73635806253832,0.6621704475781729,2.8694052728387494,0.13795217657878603,0.800122624156959,3.669527896995708,9.684242795830778,5.076640098099325,0.8553034947884733,0.35867565910484367,1.076026977314531,1.351931330472103,1.351931330472103,0.24831391784181486,0.0,0.0,29.054805401111995,45.0,52.42165242165242,41.935483870967744,6.742550582464745
usa,MLS,2025 / 2026,Brandon Vázquez,27.0,F,USA,188.0,90.0,23,19,1683.0,5.0,0.0,0.0,0.0,1,1,3,0.0,0,0.6417112299465241,2.620320855614973,1.2834224598930482,0.26737967914438504,0.0,0.26737967914438504,0.21390374331550804,16.09625668449198,0.5882352941176471,0.6951871657754011,0.21390374331550804,0.6417112299465241,1.3368983957219251,12.994652406417112,5.454545454545455,1.2299465240641712,0.4278074866310161,0.48128342245989303,1.7112299465240643,1.9251336898395721,0.16042780748663102,0.0,0.0,10.687707641196013,48.97959183673469,41.9753086419753,34.78260869565217,6.842840095465394
usa,MLS,2025 / 2026,Brandt Bronico,30.0,M,USA,176.0,70.0,46,36,3066.0,2.0,3.0,1.0,0.0,0,0,11,0.0,0,0.14677103718199608,0.49902152641878667,0.14677103718199608,0.05870841487279843,0.08806262230919765,0.14677103718199608,0.05870841487279843,33.25831702544031,0.5283757338551859,1.7906066536203522,0.3522504892367906,1.1741682974559686,2.9647749510763206,7.632093933463796,3.170254403131115,0.8512720156555773,0.3522504892367906,0.5870841487279843,0.49902152641878667,1.9373776908023483,0.32289628180039137,0.0,0.0,25.32127096204766,29.411764705882355,41.53846153846154,41.37931034482759,6.813992172211349
usa,MLS,2025 / 2026,Brayan Ceballos,24.0,D,Colombia,183.0,73.0,37,37,3215.0,3.0,0.0,0.0,0.0,0,0,12,0.0,0,0.08398133748055987,0.4199066874027994,0.13996889580093314,0.08398133748055987,0.0,0.08398133748055987,0.08398133748055987,47.925349922239505,0.16796267496111975,1.7356143079315707,1.0077760497667185,1.4836702954898913,3.2192846034214617,8.510108864696734,4.954898911353033,0.8678071539657853,0.671850699844479,0.36391912908242613,0.8118195956454122,1.4556765163297045,0.3359253499222395,0.0,0.0,44.96904205607477,33.33333333333333,58.223684210526315,77.41935483870968,7.071570762052876
usa,MLS,2025 / 2026,Brayan Vera,26.0,D,Colombia,180.0,77.0,41,37,3208.0,1.0,0.0,0.0,4.0,0,0,13,0.0,0,0.0,0.729426433915212,0.2524937655860349,0.028054862842892766,0.0,0.028054862842892766,0.028054862842892766,54.06172069825436,0.3086034912718204,1.458852867830424,0.6452618453865336,1.0380299251870324,2.4968827930174564,6.284289276807979,3.2263092269326683,0.11221945137157106,0.08416458852867831,0.4769326683291771,0.44887780548628425,1.3746882793017456,0.364713216957606,0.0,0.0,49.34509600415153,34.61538461538461,51.33928571428571,75.0,6.8137157107231925
usa,MLS,2025 / 2026,Brendan Hines-Ike,31.0,D,USA,185.0,77.0,44,44,3916.0,1.0,1.0,0.0,0.0,0,0,7,0.0,1,0.022982635342185906,0.25280898876404495,0.09193054136874362,0.022982635342185906,0.022982635342185906,0.04596527068437181,0.022982635342185906,48.49336057201226,0.09193054136874362,0.5745658835546477,1.1031664964249233,0.48263534218590404,1.0572012257405516,3.9300306435137897,2.436159346271706,0.1378958120531154,0.1378958120531154,0.22982635342185903,0.6664964249233912,0.5975485188968335,0.16087844739530133,0.0,0.022982635342185906,50.64834123222749,36.36363636363637,61.98830409356725,100.0,6.875740551583249
usa,MLS,2025 / 2026,Brendan McSorley,23.0,F,USA,,,20,2,474.0,3.0,1.0,0.0,0.0,0,0,3,0.0,0,0.37974683544303794,3.2278481012658227,2.088607594936709,0.569620253164557,0.18987341772151897,0.7594936708860759,0.569620253164557,20.50632911392405,1.5189873417721518,1.5189873417721518,0.37974683544303794,0.18987341772151897,1.7088607594936709,15.189873417721518,6.075949367088607,1.3291139240506329,0.569620253164557,0.569620253164557,2.848101265822785,2.278481012658228,0.569620253164557,0.0,0.0,5.5046728971962615,64.70588235294117,40.0,42.857142857142854,6.997881355932203
usa,MLS,2025,Brenner,25.0,F,Brazil,175.0,70.0,10,10,886.0,6.0,1.0,0.0,0.0,0,0,2,0.0,0,0.10158013544018057,2.1331828442437923,1.3205417607223477,0.6094808126410836,0.10158013544018057,0.7110609480812642,0.6094808126410836,30.474040632054177,1.2189616252821671,0.9142212189616252,0.0,0.3047404063205418,1.2189616252821671,6.602708803611739,3.758465011286682,1.4221218961625284,0.8126410835214446,0.3047404063205418,1.8284424379232505,0.4063205417607223,0.20316027088036115,0.0,0.0,28.05666666666667,61.904761904761905,56.92307692307692,57.14285714285714,7.330474040632055
usa,MLS,2025,Bret Halsey,25.0,D,USA,175.0,68.0,1,0,32.0,0.0,0.0,0.0,0.0,0,0,0,0.0,0,0.0,0.0,0.0,0.0,0.0,0.0,0.0,30.9375,2.8125,8.4375,0.0,2.8125,11.25,19.6875,14.0625,8.4375,5.625,0.0,0.0,0.0,0.0,0.0,0.0,9.0,,71.42857142857143,66.66666666666666,6.6
usa,MLS,2025,Brian Gutierrez,22.0,M,USA,178.0,64.0,32,26,2252.0,10.0,3.0,1.0,0.0,2,1,7,0.0,1,0.03996447602131439,2.27797513321492,1.3987566607460036,0.3996447602131438,0.11989342806394317,0.5195381882770871,0.3197158081705151,45.19982238010657,2.27797513321492,1.678507992895204,0.1998223801065719,0.919182948490231,2.597690941385435,10.310834813499111,5.275310834813499,3.5168738898756664,1.7584369449378332,0.6793960923623446,1.5985790408525753,1.4387211367673178,0.2797513321492007,0.0,0.03996447602131439,34.88240495137047,61.40350877192983,51.162790697674424,50.0,7.356216696269983
usa,MLS,2025 / 2026,Brian Schwake,24.0,G,USA,189.0,79.0,15,15,1373.0,0.0,0.0,0.0,1.0,0,0,1,0.0,0,0.0,0.0,0.0,0.0,0.0,0.0,0.0,31.005098324836126,0.0,0.0,0.0,0.0,0.0,0.4588492352512745,0.19664967225054625,0.0,0.0,0.0,0.0,0.06554989075018208,0.06554989075018208,0.0,0.0,24.661733615221987,,42.857142857142854,,7.34734158776402
usa,MLS,2025 / 2026,Brian White,29.0,F,USA,180.0,84.0,38,35,3136.0,28.0,4.0,1.0,0.0,4,1,5,0.0,0,0.6887755102040816,2.8411989795918364,1.721938775510204,0.8035714285714285,0.11479591836734693,0.9183673469387754,0.6887755102040816,14.579081632653061,0.8322704081632653,0.20089285714285712,0.0860969387755102,0.1434948979591837,0.3443877551020408,7.519132653061225,3.0707908163265305,0.6887755102040816,0.22959183673469385,0.40178571428571425,0.5739795918367347,1.1192602040816326,0.1434948979591837,0.0,0.0,11.311023622047244,60.60606060606061,40.839694656488554,33.33333333333333,7.172225765306122
usa,MLS,2025 / 2026,Brooklyn Raines,20.0,M,USA,173.0,63.0,35,33,2849.0,0.0,0.0,0.0,1.0,0,0,13,0.0,1,0.0,0.18954018954018953,0.03159003159003159,0.0,0.0,0.0,0.0,46.65847665847666,0.47385047385047385,1.547911547911548,0.37908037908037906,1.137241137241137,2.6851526851526852,8.181818181818182,3.759213759213759,0.694980694980695,0.37908037908037906,0.37908037908037906,1.769041769041769,2.211302211302211,0.41067041067041066,0.0,0.03159003159003159,45.19092755585647,16.666666666666664,45.94594594594595,54.54545454545454,6.766690066690067
usa,MLS,2025,Brooks Lennon,28.0,D,USA,178.0,71.0,25,17,1573.0,1.0,3.0,0.0,1.0,0,0,2,0.0,0,0.05721551176096631,0.4005085823267642,0.17164653528289892,0.05721551176096631,0.17164653528289892,0.22886204704386523,0.05721551176096631,42.396694214876035,1.2015257469802925,1.08709472345836,0.17164653528289892,0.6865861411315957,1.7736808645899556,6.808645899554991,3.6617927527018437,0.743801652892562,0.28607755880483154,0.45772409408773046,1.2015257469802925,0.9726636999364273,0.11443102352193261,0.0,0.0,34.00539811066127,42.857142857142854,53.78151260504202,38.46153846153847,6.833206106870229
usa,MLS,2026,Brooks Thompson,23.0,G,USA,191.0,84.0,0,0,0.0,0.0,0.0,0.0,0.0,0,0,0,0.0,0,,,,,,,,,,,,,,,,,,,,,,,,,,,,
usa,MLS,2025 / 2026,Bruno Damiani,23.0,F,Uruguay,188.0,80.0,51,39,3398.0,9.0,2.0,2.0,0.0,1,1,8,0.0,0,0.18540317834020012,2.3572689817539727,1.0594467333725721,0.2383755150088287,0.052972336668628606,0.2913478516774573,0.21188934667451442,25.559152442613303,1.138905238375515,1.4302530900529724,0.052972336668628606,0.6621542083578575,2.09240729841083,18.937610359034725,8.819894055326662,1.0594467333725721,0.37080635668040024,0.37080635668040024,2.83402001177163,2.5691583284284873,0.21188934667451442,0.0,0.0,15.122279792746115,44.9438202247191,46.57342657342657,35.0,6.915509123013538
usa,MLS,2026,Bruno Quiñonez,20.0,F,Ecuador,179.0,70.0,8,2,319.0,2.0,2.0,0.0,0.0,0,0,2,0.0,0,0.0,4.7962382445141065,2.25705329153605,0.5642633228840125,0.5642633228840125,1.128526645768025,0.5642633228840125,22.5705329153605,0.5642633228840125,1.4106583072100312,0.0,0.28213166144200624,1.6927899686520378,13.542319749216302,6.771159874608151,7.053291536050157,3.6677115987460813,0.28213166144200624,1.4106583072100312,1.4106583072100312,0.5642633228840125,0.0,0.0,9.9,47.05882352941176,50.0,52.0,7.19435736677116
usa,MLS,2025,Bruno Wilson,29.0,D,Portugal,192.0,78.0,16,13,1234.0,1.0,0.0,0.0,0.0,0,0,4,0.0,0,0.0,0.36466774716369527,0.1458670988654781,0.07293354943273905,0.0,0.07293354943273905,0.07293354943273905,50.90761750405186,0.0,1.312803889789303,0.7293354943273905,2.260940032414911,3.5737439222042138,7.00162074554295,4.011345218800648,0.07293354943273905,0.07293354943273905,0.4376012965964344,0.5105348460291734,1.0940032414910859,0.2917341977309562,0.0,0.0,50.81948424068768,40.0,57.291666666666664,100.0,6.860615883306321
usa,MLS,2025 / 2026,Bryan Acosta,32.0,M,Honduras,175.0,80.0,24,8,859.0,2.0,1.0,0.0,0.0,0,0,4,0.0,0,0.0,0.5238649592549477,0.20954598370197905,0.20954598370197905,0.10477299185098952,0.31431897555296856,0.20954598370197905,54.377182770663566,0.7334109429569267,2.619324796274738,0.6286379511059371,1.0477299185098954,3.667054714784633,7.857974388824214,3.876600698486612,0.31431897555296856,0.31431897555296856,0.6286379511059371,0.4190919674039581,2.0954598370197908,0.4190919674039581,0.0,0.0,39.69514563106796,40.0,49.333333333333336,100.0,7.1001175088131605
usa,MLS,2025,Bryan Dowd,23.0,G,USA,190.0,80.0,0,0,0.0,0.0,0.0,0.0,0.0,0,0,0,0.0,0,,,,,,,,,,,,,,,,,,,,,,,,,,,,
usa,MLS,2026,Bryan Ramirez,25.0,M,Ecuador,177.0,69.0,14,13,1145.0,0.0,2.0,0.0,0.0,0,0,6,0.0,0,0.0,0.7074235807860262,0.23580786026200873,0.0,0.1572052401746725,0.1572052401746725,0.0,41.4235807860262,1.4934497816593886,2.8296943231441047,0.23580786026200873,1.7292576419213974,4.558951965065502,10.375545851528384,5.895196506550218,3.3799126637554586,1.965065502183406,0.62882096069869,0.47161572052401746,1.7292576419213974,0.47161572052401746,0.0,0.0,36.922201138519924,33.33333333333333,56.81818181818182,58.139534883720934,6.957991266375545
usa,MLS,2026,Bryan Zamble,,F,,,,7,1,140.0,2.0,0.0,0.0,0.0,0,0,0,0.0,0,0.0,1.9285714285714286,1.2857142857142856,1.2857142857142856,0.0,1.2857142857142856,1.2857142857142856,22.5,0.0,1.2857142857142856,0.0,0.0,1.2857142857142856,10.285714285714285,6.428571428571428,1.9285714285714286,0.6428571428571428,0.0,4.5,0.0,0.0,0.0,0.0,10.885714285714286,66.66666666666666,62.5,33.33333333333333,6.666906474820144
usa,MLS,2025 / 2026,Bryce Duke,24.0,M,USA,170.0,67.0,22,8,784.0,0.0,1.0,0.0,0.0,0,0,2,0.0,0,0.0,0.8035714285714285,0.4591836734693877,0.0,0.11479591836734693,0.11479591836734693,0.0,39.375,1.721938775510204,1.2627551020408163,0.0,0.4591836734693877,1.721938775510204,8.839285714285714,3.7882653061224487,1.3775510204081631,0.5739795918367347,0.9183673469387754,1.8367346938775508,1.607142857142857,0.22959183673469385,0.0,0.0,18.22222222222222,57.14285714285714,42.857142857142854,41.66666666666667,6.68786717752235
usa,MLS,2025,CJ Olney Jr.,19.0,M,USA,175.0,70.0,0,0,0.0,0.0,0.0,0.0,0.0,0,0,0,0.0,0,,,,,,,,,,,,,,,,,,,,,,,,,,,,
usa,MLS,2025 / 2026,CJ dos Santos,25.0,G,USA,194.0,86.0,34,34,3025.0,0.0,0.0,0.0,3.0,0,0,1,0.0,0,0.0,0.0,0.0,0.0,0.0,0.0,0.0,28.621487603305784,0.0,0.059504132231404966,0.0,0.0,0.059504132231404966,0.5057851239669421,0.23801652892561986,0.0,0.0,0.08925619834710743,0.059504132231404966,0.08925619834710743,0.029752066115702483,0.0,0.0,27.39189189189189,,47.05882352941176,,7.023272727272727
usa,MLS,2026,Cabral Carter,21.0,G,USA,193.0,75.0,1,0,60.0,0.0,0.0,0.0,0.0,0,0,0,0.0,0,0.0,0.0,0.0,0.0,0.0,0.0,0.0,21.0,0.0,0.0,0.0,0.0,0.0,0.0,0.0,0.0,0.0,0.0,0.0,0.0,0.0,0.0,0.0,8.0,,,,7.6
usa,MLS,2026,Cade Cowell,22.0,F,USA,183.0,79.0,13,13,888.0,1.0,3.0,0.0,0.0,0,0,1,0.0,0,0.20270270270270271,1.7229729729729728,1.114864864864865,0.10135135135135136,0.30405405405405406,0.40540540540540543,0.10135135135135136,25.033783783783782,1.9256756756756757,1.3175675675675675,0.10135135135135136,0.0,1.3175675675675675,12.364864864864867,3.4459459459459456,3.3445945945945947,0.9121621621621622,1.2162162162162162,0.8108108108108109,1.0135135135135134,0.10135135135135136,0.0,0.0,17.615384615384617,64.70588235294117,27.86885245901639,27.27272727272727,6.8379504504504505
usa,MLS,2025 / 2026,Caden Clark,22.0,M,USA,180.0,73.0,37,18,1803.0,0.0,4.0,0.0,0.0,0,0,7,0.0,0,0.3993344425956739,0.848585690515807,0.34941763727121466,0.0,0.19966722129783696,0.19966722129783696,0.0,21.863560732113147,1.1480865224625625,2.346089850249584,0.04991680532445924,0.6988352745424293,3.0449251247920133,9.384359400998337,4.492512479201331,1.1980033277870217,0.5990016638935108,0.64891846921797,1.1480865224625625,1.7470881863560732,0.34941763727121466,0.0,0.0,13.554794520547945,41.17647058823529,47.87234042553192,50.0,6.816583471991126
usa,MLS,2026,Caleb Swann,18.0,M,,,,2,0,13.0,0.0,0.0,0.0,0.0,0,0,0,0.0,0,0.0,0.0,0.0,0.0,0.0,0.0,0.0,27.692307692307693,0.0,0.0,6.923076923076923,0.0,0.0,13.846153846153847,0.0,0.0,0.0,6.923076923076923,0.0,0.0,0.0,0.0,0.0,3.0,,0.0,,6.7
usa,MLS,2025 / 2026,Calvin Fodrey,21.0,M,USA,188.0,84.0,37,4,690.0,1.0,1.0,0.0,0.0,0,0,1,0.0,0,0.782608695652174,2.3478260869565215,0.6521739130434783,0.13043478260869565,0.13043478260869565,0.2608695652173913,0.13043478260869565,16.82608695652174,0.9130434782608695,0.9130434782608695,0.13043478260869565,1.1739130434782608,2.0869565217391304,16.82608695652174,7.304347826086956,0.9130434782608695,0.5217391304347826,1.1739130434782608,1.565217391304348,2.0869565217391304,0.13043478260869565,0.0,0.0,3.7642276422764227,27.77777777777778,43.41085271317829,57.14285714285714,6.574150664697195
usa,MLS,2025 / 2026,Calvin Harris,25.0,F,England,183.0,73.0,42,26,2447.0,7.0,4.0,0.0,0.0,0,0,3,0.0,0,0.25745811197384555,1.4711892112791174,0.7355946056395587,0.25745811197384555,0.14711892112791172,0.40457703310175724,0.25745811197384555,18.35308541070699,0.8091540662035145,0.9930527176134041,0.18389865140988967,0.29423784225582345,1.2872905598692275,10.3351042092358,4.891704127503065,1.9861054352268082,0.7723743359215365,0.7355946056395587,2.5010216591744996,0.8091540662035145,0.1103391908459338,0.0,0.0,12.439759036144578,50.0,47.330960854092524,38.88888888888889,6.940825500612996
usa,MLS,2025,Cam Cilley,25.0,M,USA,180.0,82.0,0,0,0.0,0.0,0.0,0.0,0.0,0,0,0,0.0,0,,,,,,,,,,,,,,,,,,,,,,,,,,,,
usa,MLS,2025 / 2026,Cameron Harper,24.0,F,USA,175.0,71.0,13,8,678.0,3.0,2.0,1.0,0.0,0,0,2,0.0,0,0.2654867256637168,2.256637168141593,0.7964601769911505,0.39823008849557523,0.2654867256637168,0.6637168141592921,0.39823008849557523,32.92035398230088,1.0619469026548671,1.1946902654867257,0.0,0.2654867256637168,1.4601769911504425,12.876106194690264,6.106194690265487,3.982300884955752,2.256637168141593,1.0619469026548671,2.256637168141593,1.991150442477876,0.2654867256637168,0.0,0.0,21.25,35.294117647058826,47.42268041237113,56.666666666666664,7.255604719764011
usa,MLS,2026,Capita,23.0,M,Angola,171.0,58.0,9,8,613.0,2.0,0.0,0.0,0.0,0,0,3,0.0,0,0.44045676998368677,1.6150081566068515,0.734094616639478,0.2936378466557912,0.0,0.2936378466557912,0.2936378466557912,16.00326264274062,0.5872756933115824,3.0831973898858074,0.0,1.468189233278956,4.551386623164763,14.828711256117455,7.194127243066884,3.964110929853181,1.761827079934747,0.44045676998368677,1.6150081566068515,2.6427406199021206,0.44045676998368677,0.0,0.0,11.110091743119266,45.45454545454545,48.51485148514851,44.44444444444444,6.775203915171288
usa,MLS,2025 / 2026,Carles Gil,33.0,F,Spain,171.0,65.0,48,48,4333.0,15.0,12.0,2.0,0.0,7,0,6,0.0,0,0.06231248557581352,1.4954996538195247,0.8308331410108469,0.3115624278790676,0.2492499423032541,0.5608123701823218,0.1661666282021694,55.81121624740364,2.9286868220632356,0.9139164551119316,0.020770828525271175,0.39464574198015234,1.308562197092084,9.88691437802908,5.64966535887376,3.634894991922456,1.786291253173321,0.7685206554350335,2.866374336487422,0.43618739903069464,0.12462497115162705,0.0,0.0,49.57387420915519,55.55555555555556,57.14285714285714,49.142857142857146,7.859243018693745
usa,MLS,2025,Carlos Coronel,29.0,G,Paraguay,190.0,94.0,31,31,2816.0,0.0,0.0,0.0,1.0,0,0,0,0.0,0,0.0,0.03196022727272727,0.03196022727272727,0.0,0.0,0.0,0.0,27.357954545454543,0.0,0.03196022727272727,0.0,0.03196022727272727,0.06392045454545454,0.38352272727272724,0.2237215909090909,0.0,0.0,0.06392045454545454,0.06392045454545454,0.03196022727272727,0.0,0.0,0.0,18.882009345794394,100.0,58.333333333333336,,7.062642045454544
usa,MLS,2025 / 2026,Carlos Garcés,24.0,D,Colombia,186.0,75.0,34,27,2461.0,1.0,2.0,0.0,2.0,0,0,9,0.0,1,0.03657049979683055,0.1828524989841528,0.0731409995936611,0.03657049979683055,0.0731409995936611,0.10971149939049167,0.03657049979683055,65.64404713531084,0.40227549776513616,3.0719219829337665,0.40227549776513616,1.499390491670053,4.571312474603819,7.86265745631857,5.119869971556278,0.5485574969524584,0.2559934985778139,0.40227549776513616,0.8411214953271028,1.2433969930922388,0.329134498171475,0.0,0.03657049979683055,62.93927576601671,40.0,65.11627906976744,46.666666666666664,6.816456724908574
usa,MLS,2025 / 2026,Carlos Harvey,25.0,M,Panama,185.0,89.0,32,18,1734.0,2.0,1.0,0.0,0.0,0,0,3,0.0,0,0.15570934256055363,0.9342560553633218,0.5190311418685122,0.10380622837370243,0.051903114186851215,0.15570934256055363,0.10380622837370243,36.22837370242215,0.5709342560553633,3.062283737024222,0.7266435986159169,1.4013840830449826,4.463667820069204,13.754325259515571,7.266435986159169,1.7647058823529411,0.7785467128027682,0.8823529411764706,1.193771626297578,1.5051903114186849,0.15570934256055363,0.0,0.0,28.813753581661892,55.55555555555556,52.83018867924528,44.11764705882353,7.083535528596188
usa,MLS,2025,Carlos Mercado,26.0,G,USA,191.0,86.0,0,0,0.0,0.0,0.0,0.0,0.0,0,0,0,0.0,0,,,,,,,,,,,,,,,,,,,,,,,,,,,,
usa,MLS,2025,Carlos Teran,25.0,D,Colombia,188.0,85.0,8,7,542.0,1.0,0.0,0.0,1.0,0,0,2,0.0,0,0.0,0.49815498154981547,0.16605166051660517,0.16605166051660517,0.0,0.16605166051660517,0.16605166051660517,53.96678966789668,0.0,2.3247232472324724,0.33210332103321033,1.9926199261992619,4.317343173431735,8.63468634686347,4.815498154981549,0.49815498154981547,0.49815498154981547,1.3284132841328413,0.0,1.3284132841328413,0.33210332103321033,0.0,0.0,46.40923076923077,33.33333333333333,55.769230769230774,100.0,6.7571955719557195
usa,MLS,2025 / 2026,Cavan Sullivan,16.0,M,USA,170.0,68.0,26,7,865.0,1.0,1.0,0.0,0.0,0,0,2,0.0,0,0.20809248554913296,1.5606936416184969,0.8323699421965318,0.10404624277456648,0.10404624277456648,0.20809248554913296,0.10404624277456648,27.78034682080925,1.8728323699421965,1.8728323699421965,0.0,0.4161849710982659,2.2890173410404624,13.838150289017342,5.514450867052023,4.057803468208093,1.4566473988439306,1.976878612716763,1.1445086705202312,1.976878612716763,0.20809248554913296,0.0,0.0,10.02621722846442,53.333333333333336,39.849624060150376,35.8974358974359,6.597225433526012
usa,MLS,2025 / 2026,Cayman Togashi,32.0,F,Japan,178.0,75.0,13,1,202.0,0.0,0.0,0.0,0.0,0,0,0,0.0,0,0.8910891089108911,0.8910891089108911,0.44554455445544555,0.0,0.0,0.0,0.0,24.05940594059406,1.3366336633663365,0.8910891089108911,0.0,0.0,0.8910891089108911,11.584158415841584,4.00990099009901,4.00990099009901,0.44554455445544555,0.0,1.3366336633663365,2.227722772277228,0.0,0.0,0.0,5.69811320754717,50.0,34.61538461538461,11.11111111111111,6.438805970149253
usa,MLS,2025 / 2026,Cedric Teuchert,28.0,F,Germany,182.0,80.0,32,21,1560.0,3.0,2.0,1.0,0.0,0,0,2,0.0,0,0.6346153846153846,1.903846153846154,1.1538461538461537,0.17307692307692307,0.11538461538461539,0.28846153846153844,0.17307692307692307,18.05769230769231,1.0384615384615385,0.46153846153846156,0.0,0.057692307692307696,0.5192307692307693,7.153846153846153,2.9423076923076925,2.1923076923076925,0.8653846153846154,0.4038461538461538,1.3846153846153846,0.6346153846153846,0.11538461538461539,0.0,0.0,11.012779552715655,60.60606060606061,41.12903225806452,39.473684210526315,6.817062219371391
usa,MLS,2025 / 2026,Celio Pompeu,26.0,M,Brazil,178.0,74.0,31,17,1604.0,2.0,2.0,0.0,1.0,0,0,3,0.0,0,0.33665835411471323,1.1783042394014962,0.44887780548628425,0.11221945137157106,0.11221945137157106,0.22443890274314213,0.11221945137157106,26.25935162094763,1.4027431421446384,2.4688279301745633,0.11221945137157106,0.729426433915212,3.1982543640897756,12.736907730673318,6.1720698254364095,3.7032418952618453,2.0199501246882794,1.2344139650872816,1.458852867830424,1.6271820448877807,0.16832917705735662,0.0,0.0,16.42184154175589,38.095238095238095,48.458149779735685,54.54545454545454,6.9501870324189525
usa,MLS,2025,Cengiz Ünder,28.0,F,Türkiye,173.0,66.0,12,4,442.0,2.0,2.0,0.0,0.0,0,0,0,0.0,0,0.0,2.239819004524887,0.8144796380090499,0.40723981900452494,0.40723981900452494,0.8144796380090499,0.40723981900452494,33.5972850678733,2.0361990950226243,0.0,0.0,0.6108597285067874,0.6108597285067874,6.719457013574661,3.0542986425339365,3.6651583710407243,1.2217194570135748,0.20361990950226247,1.6289592760180998,0.0,0.0,0.0,0.0,14.048484848484849,36.36363636363637,45.45454545454545,33.33333333333333,7.150904977375565
usa,MLS,2025 / 2026,Cesar Abadia-Reda,19.0,D,USA,,,3,0,37.0,0.0,0.0,0.0,0.0,0,0,0,0.0,0,0.0,0.0,0.0,0.0,0.0,0.0,0.0,58.37837837837838,2.4324324324324325,0.0,0.0,0.0,0.0,12.162162162162163,2.4324324324324325,2.4324324324324325,0.0,0.0,0.0,4.864864864864865,0.0,0.0,0.0,11.541666666666666,,20.0,0.0,6.822222222222223
usa,MLS,2025 / 2026,Cesar Ruvalcaba,24.0,D,USA,188.0,,14,2,344.0,1.0,0.0,0.0,0.0,0,0,1,0.0,0,0.0,0.5232558139534884,0.5232558139534884,0.2616279069767442,0.0,0.2616279069767442,0.2616279069767442,56.77325581395349,0.0,1.0465116279069768,0.7848837209302325,1.3081395348837208,2.354651162790698,7.325581395348838,4.186046511627907,1.3081395348837208,0.7848837209302325,0.5232558139534884,0.2616279069767442,0.7848837209302325,0.2616279069767442,0.0,0.0,28.880184331797235,100.0,57.14285714285714,60.0,6.823167155425219
usa,MLS,2026,Charles Ondo,22.0,D,Equatorial Guinea,185.0,68.0,0,0,0.0,0.0,0.0,0.0,0.0,0,0,0,0.0,0,,,,,,,,,,,,,,,,,,,,,,,,,,,,
usa,MLS,2026,Charles-Emile Brunet,22.0,M,,,,3,0,54.0,0.0,0.0,0.0,0.0,0,0,0,0.0,0,0.0,0.0,0.0,0.0,0.0,0.0,0.0,78.33333333333333,0.0,5.0,0.0,1.6666666666666665,6.666666666666666,11.666666666666666,6.666666666666666,0.0,0.0,1.6666666666666665,1.6666666666666665,0.0,0.0,0.0,0.0,21.617021276595743,,57.14285714285714,,6.8277777777777775
usa,MLS,2025,Charlie Sharp,24.0,F,USA,195.0,84.0,6,1,119.0,0.0,1.0,0.0,1.0,0,0,0,0.0,0,0.0,1.5126050420168067,0.0,0.0,0.7563025210084033,0.7563025210084033,0.0,19.66386554621849,1.5126050420168067,0.0,0.0,0.7563025210084033,0.7563025210084033,12.857142857142856,6.80672268907563,0.0,0.0,0.0,1.5126050420168067,1.5126050420168067,0.0,0.0,0.0,9.6,0.0,52.94117647058824,,6.77948717948718
usa,MLS,2025 / 2026,Chase Adams,17.0,F,USA,180.0,,1,0,1.0,0.0,0.0,0.0,0.0,0,0,0,0.0,0,0.0,0.0,0.0,0.0,0.0,0.0,0.0,0.0,0.0,0.0,0.0,0.0,0.0,0.0,0.0,0.0,0.0,0.0,0.0,0.0,0.0,0.0,0.0,,,,,
usa,MLS,2025,Chase Gasper,29.0,D,USA,183.0,83.0,0,0,0.0,0.0,0.0,0.0,0.0,0,0,0,0.0,0,,,,,,,,,,,,,,,,,,,,,,,,,,,,
usa,MLS,2026,Cheick Tidiane Sabaly,26.0,M,Senegal,168.0,56.0,10,7,468.0,2.0,1.0,0.0,0.0,0,0,1,0.0,0,0.0,1.9230769230769231,0.7692307692307693,0.38461538461538464,0.19230769230769232,0.5769230769230769,0.38461538461538464,27.884615384615387,2.1153846153846154,2.884615384615384,0.0,0.7692307692307693,3.653846153846154,10.384615384615385,4.423076923076923,2.3076923076923075,0.9615384615384616,0.19230769230769232,0.5769230769230769,2.3076923076923075,0.19230769230769232,0.0,0.0,13.282758620689656,40.0,42.592592592592595,41.66666666666667,6.852136752136752
usa,MLS,2025,Chidozie Awaziem,29.0,D,Nigeria,189.0,78.0,20,20,1783.0,0.0,1.0,0.0,0.0,0,0,6,0.0,0,0.0,0.5552439708356702,0.10095344924284913,0.0,0.050476724621424565,0.050476724621424565,0.0,48.00336511497476,0.4038137969713965,1.261918115535614,0.2523836231071228,1.1104879416713405,2.3724060572069545,6.7638810992708915,3.836231071228267,0.30286034772854736,0.30286034772854736,0.4038137969713965,0.7571508693213684,1.0095344924284912,0.30286034772854736,0.0,0.0,45.30914826498423,18.181818181818183,56.71641791044776,100.0,6.93948401570387
usa,MLS,2025,Chris Applewhite,18.0,D,USA,,,5,2,192.0,0.0,0.0,0.0,0.0,0,0,0,0.0,0,0.0,0.0,0.0,0.0,0.0,0.0,0.0,61.875,0.0,0.46875,0.0,0.46875,0.9375,9.375,5.625,0.46875,0.46875,0.0,0.9375,2.34375,0.0,0.0,0.0,50.69230769230769,,60.0,100.0,6.836979166666667
usa,MLS,2025 / 2026,Chris Brady,21.0,G,USA,191.0,77.0,44,44,3915.0,0.0,0.0,0.0,1.0,0,0,4,0.0,1,0.0,0.0,0.0,0.0,0.0,0.0,0.0,28.82758620689655,0.0,0.02298850574712644,0.0,0.0,0.02298850574712644,0.5517241379310345,0.4597701149425288,0.0,0.0,0.04597701149425288,0.20689655172413793,0.04597701149425288,0.09195402298850576,0.0,0.02298850574712644,24.0,,83.33333333333334,,6.997241379310345
usa,MLS,2025,Chris Donovan,25.0,F,USA,183.0,74.0,21,6,573.0,0.0,0.0,1.0,0.0,0,0,0,0.0,0,0.31413612565445026,1.256544502617801,0.47120418848167545,0.0,0.0,0.0,0.0,28.586387434554975,0.6282722513089005,1.5706806282722514,0.15706806282722513,0.31413612565445026,1.8848167539267018,22.146596858638745,12.094240837696335,1.413612565445026,0.6282722513089005,1.256544502617801,1.5706806282722514,0.6282722513089005,0.0,0.0,0.0,6.392265193370166,37.5,54.60992907801418,44.44444444444444,6.679545454545454
usa,MLS,2026,Chris Mueller,29.0,F,USA,175.0,75.0,5,1,93.0,0.0,0.0,0.0,0.0,0,0,1,0.0,0,1.935483870967742,0.967741935483871,0.967741935483871,0.0,0.0,0.0,0.0,22.258064516129032,0.967741935483871,0.0,0.0,0.0,0.0,9.67741935483871,3.870967741935484,3.870967741935484,0.967741935483871,0.967741935483871,0.0,1.935483870967742,0.967741935483871,0.0,0.0,4.913043478260869,100.0,40.0,25.0,6.6208791208791204
usa,MLS,2025 / 2026,Chris Rindov,24.0,D,USA,188.0,86.0,7,6,524.0,0.0,0.0,0.0,0.0,0,0,0,0.0,0,0.0,0.17175572519083968,0.0,0.0,0.0,0.0,0.0,57.36641221374046,0.34351145038167935,2.748091603053435,0.6870229007633587,0.6870229007633587,3.435114503816794,5.6679389312977095,3.6068702290076335,0.0,0.0,0.0,0.34351145038167935,1.0305343511450382,0.0,0.0,0.0,53.712574850299404,0.0,63.63636363636363,,6.860305343511451
usa,MLS,2025,Christian Benteke,35.0,F,Belgium,190.0,83.0,25,23,1889.0,9.0,3.0,1.0,0.0,2,1,7,0.0,0,0.9528851244044468,2.9539438856537847,1.7151932239280043,0.4287983059820011,0.142932768660667,0.571731074642668,0.33350979354155635,21.344626786659607,0.9052408681842244,0.33350979354155635,0.142932768660667,0.04764425622022234,0.38115404976177875,15.913181577554262,9.528851244044468,0.8575966119640022,0.19057702488088937,0.09528851244044469,1.3816834303864478,1.3816834303864478,0.33350979354155635,0.0,0.0,13.162946428571429,58.06451612903226,59.88023952095808,22.22222222222222,7.251932239280042
usa,MLS,2025 / 2026,Christian Cappis,26.0,M,USA,185.0,72.0,28,20,1791.0,1.0,3.0,0.0,0.0,0,0,6,0.0,0,0.05025125628140704,0.5025125628140703,0.10050251256281408,0.05025125628140704,0.15075376884422112,0.20100502512562815,0.05025125628140704,35.37688442211056,1.0552763819095476,1.8090452261306533,0.6030150753768845,0.6030150753768845,2.412060301507538,8.99497487437186,4.321608040201005,1.105527638190955,0.5025125628140703,0.8542713567839195,0.9045226130653267,0.9547738693467336,0.30150753768844224,0.0,0.0,25.889204545454547,20.0,48.04469273743017,45.45454545454545,6.8607481853713
usa,MLS,2025 / 2026,Christian Olivares,23.0,G,USA,193.0,88.0,0,0,0.0,0.0,0.0,0.0,0.0,0,0,0,0.0,0,,,,,,,,,,,,,,,,,,,,,,,,,,,,
usa,MLS,2025 / 2026,Christian Ramirez,34.0,F,USA,188.0,85.0,39,18,1637.0,8.0,2.0,0.0,0.0,0,0,1,0.0,0,0.38485033598045204,1.7593158216249236,0.8796579108124618,0.4398289554062309,0.10995723885155773,0.5497861942577886,0.4398289554062309,15.998778252901648,1.0445937690897984,0.49480757483200977,0.10995723885155773,0.1649358582773366,0.6597434331093464,6.32254123396457,2.5290164935858277,0.3298717165546732,0.05497861942577886,0.2748930971288943,0.8246792913866829,0.6597434331093464,0.05497861942577886,0.0,0.0,8.333333333333334,50.0,40.0,16.666666666666664,6.871210268948655
usa,MLS,2025 / 2026,Christopher Cupps,17.0,D,USA,185.0,79.0,6,3,326.0,0.0,0.0,0.0,0.0,0,0,1,0.0,0,0.0,0.0,0.0,0.0,0.0,0.0,0.0,56.87116564417178,0.0,1.1042944785276074,1.3803680981595092,1.1042944785276074,2.208588957055215,4.693251533742331,2.208588957055215,0.0,0.0,0.0,0.0,0.8282208588957056,0.27607361963190186,0.0,0.0,42.24757281553398,,47.05882352941176,,6.876073619631901
usa,MLS,2025 / 2026,Christopher Durkin,25.0,M,USA,183.0,75.0,31,27,2259.0,2.0,1.0,0.0,2.0,0,0,11,0.0,2,0.0796812749003984,0.8366533864541833,0.27888446215139445,0.0796812749003984,0.0398406374501992,0.1195219123505976,0.0796812749003984,44.26294820717132,0.6374501992031872,1.9123505976095616,0.3187250996015936,1.792828685258964,3.7051792828685257,9.362549800796812,4.581673306772909,0.5577689243027889,0.2390438247011952,0.756972111553785,1.1553784860557768,2.3107569721115535,0.43824701195219123,0.0,0.0796812749003984,35.915391539153916,33.33333333333333,48.93617021276596,42.857142857142854,6.946834882691457
usa,MLS,2025 / 2026,Christopher McVey,28.0,D,Sweden,192.0,76.0,50,49,4402.0,3.0,0.0,0.0,0.0,0,0,12,0.0,2,0.0408905043162199,0.3271240345297592,0.1226715129486597,0.06133575647432985,0.0,0.06133575647432985,0.06133575647432985,85.44070876874147,0.22489777373920944,1.635620172648796,0.4702407996365288,1.0631531122217175,2.6987732848705135,6.460699681962744,3.373466606088142,0.408905043162199,0.2453430258973194,0.5111313039527488,0.22489777373920944,1.1858246251703772,0.2453430258973194,0.0,0.0408905043162199,83.87150035893754,37.5,52.21518987341772,60.0,7.020740572467061
usa,MLS,2025,Claudio Bravo,28.0,D,Argentina,179.0,68.0,8,3,329.0,0.0,0.0,0.0,1.0,0,0,1,0.0,0,0.0,0.8206686930091185,0.8206686930091185,0.0,0.0,0.0,0.0,53.34346504559271,1.094224924012158,3.829787234042553,0.8206686930091185,1.9148936170212765,5.744680851063829,12.036474164133738,6.838905775075988,1.3677811550151977,1.094224924012158,1.3677811550151977,0.8206686930091185,1.641337386018237,0.2735562310030395,0.0,0.0,33.97435897435897,100.0,56.81818181818182,80.0,7.39323076923077
usa,MLS,2025 / 2026,Cody Baker,21.0,D,USA,178.0,70.0,6,2,227.0,0.0,0.0,0.0,0.0,0,0,0,0.0,0,0.0,0.39647577092511016,0.0,0.0,0.0,0.0,0.0,44.40528634361233,0.0,2.7753303964757707,0.39647577092511016,0.39647577092511016,3.1718061674008813,7.136563876651983,5.154185022026432,0.39647577092511016,0.0,0.39647577092511016,1.5859030837004406,0.0,0.0,0.0,0.0,49.669642857142854,0.0,72.22222222222221,0.0,6.784513274336284
usa,MLS,2025 / 2026,Cole Bassett,24.0,M,USA,180.0,68.0,39,36,3126.0,6.0,5.0,0.0,0.0,1,0,5,0.0,0,0.0,1.3531669865642995,0.6621880998080615,0.1727447216890595,0.14395393474088292,0.31669865642994244,0.14395393474088292,50.47024952015355,1.3531669865642995,1.4395393474088292,0.14395393474088292,0.4606525911708253,1.9001919385796544,7.687140115163148,3.800383877159309,1.4107485604606527,0.6621880998080615,0.9213051823416506,0.892514395393474,0.834932821497121,0.14395393474088292,0.0,0.0,46.86366229321164,48.93617021276596,49.43820224719101,46.93877551020408,7.103198976327575
usa,MLS,2025,Cole Mrowka,19.0,M,USA,180.0,75.0,2,0,26.0,0.0,0.0,0.0,0.0,0,0,0,0.0,0,0.0,3.4615384615384617,3.4615384615384617,0.0,0.0,0.0,0.0,103.84615384615384,3.4615384615384617,0.0,0.0,0.0,0.0,13.846153846153847,6.923076923076923,3.4615384615384617,0.0,0.0,6.923076923076923,3.4615384615384617,0.0,0.0,0.0,19.833333333333332,100.0,50.0,0.0,7.2
usa,MLS,2025 / 2026,Colin Guske,18.0,M,USA,,,12,2,341.0,0.0,0.0,0.0,0.0,0,0,3,0.0,1,0.0,0.0,0.0,0.0,0.0,0.0,0.0,46.45161290322581,0.26392961876832843,1.3196480938416424,0.26392961876832843,1.847507331378299,3.1671554252199416,8.973607038123166,4.486803519061583,0.0,0.0,0.5278592375366569,2.903225806451613,2.6392961876832848,0.7917888563049854,0.0,0.26392961876832843,26.21590909090909,,50.0,,6.326627218934911
usa,MLS,2026,Colin Welsh,22.0,G,,,,0,0,0.0,0.0,0.0,0.0,0.0,0,0,0,0.0,0,,,,,,,,,,,,,,,,,,,,,,,,,,,,
usa,MLS,2025 / 2026,Conner Antley,30.0,D,USA,185.0,78.0,24,17,1418.0,1.0,1.0,0.0,0.0,0,0,1,0.0,0,0.06346967559943582,0.31734837799717913,0.12693935119887165,0.06346967559943582,0.06346967559943582,0.12693935119887165,0.06346967559943582,31.3540197461213,0.31734837799717913,2.0310296191819464,0.31734837799717913,1.1424541607898449,3.173483779971791,8.124118476727785,4.4428772919605075,1.2059238363892806,0.4442877291960508,0.5712270803949224,0.9520451339915373,1.2693935119887165,0.06346967559943582,0.0,0.0,21.258130081300813,40.0,54.6875,36.84210526315789,6.705803255484784
usa,MLS,2025 / 2026,Connor Ronan,27.0,M,Republic of Ireland,170.0,71.0,30,12,1234.0,0.0,0.0,0.0,0.0,0,0,2,0.0,0,0.0,0.5105348460291734,0.2188006482982172,0.0,0.0,0.0,0.0,71.76661264181524,2.0421393841166937,1.1669367909238249,0.6564019448946515,1.0940032414910859,2.260940032414911,4.886547811993517,2.552674230145867,1.1669367909238249,0.8022690437601296,0.6564019448946515,0.5834683954619124,0.6564019448946515,0.1458670988654781,0.0,0.0,43.4339430894309,42.857142857142854,52.23880597014925,68.75,6.975283630470016
usa,MLS,2025 / 2026,Conrad Wallem,25.0,M,Norway,180.0,73.0,45,41,3539.0,1.0,2.0,0.0,2.0,0,0,10,0.0,2,0.15258547612319864,0.6866346425543939,0.22887821418479795,0.025430912687199776,0.05086182537439955,0.07629273806159932,0.025430912687199776,41.12178581520204,1.3732692851087878,1.7547329754167842,0.4068946029951964,0.7120655552415937,2.4667985306583784,10.553828765187905,5.264198926250353,1.1443910709239897,0.7120655552415937,1.0935292455495902,1.2969765470471883,1.9581802769143826,0.25430912687199775,0.0,0.05086182537439955,37.45330859616574,33.33333333333333,49.87951807228916,62.22222222222222,6.894292172930206
usa,MLS,2025 / 2026,Cooper Sanchez,17.0,M,USA,,,16,14,1123.0,0.0,1.0,0.0,0.0,0,0,4,0.0,0,0.0,0.641139804096171,0.16028495102404275,0.0,0.08014247551202137,0.08014247551202137,0.0,43.1166518254675,0.8815672306322351,1.3624220837043632,0.08014247551202137,0.8815672306322351,2.2439893143365985,8.895814781834373,2.6447016918967052,0.40071237756010686,0.08014247551202137,1.6028495102404274,0.4808548530721282,2.0837043633125556,0.3205699020480855,0.0,0.0,32.71189591078067,25.0,29.72972972972973,20.0,6.426179875333927
usa,MLS,2025,Corey Baird,29.0,F,USA,178.0,73.0,28,11,1017.0,0.0,3.0,0.0,0.0,0,0,5,0.0,0,0.2654867256637168,0.8849557522123893,0.35398230088495575,0.0,0.2654867256637168,0.2654867256637168,0.0,31.94690265486726,1.3274336283185841,0.7079646017699115,0.08849557522123894,0.2654867256637168,0.9734513274336284,7.876106194690265,3.185840707964602,0.6194690265486725,0.17699115044247787,0.7964601769911505,1.68141592920354,0.7964601769911505,0.44247787610619466,0.0,0.0,18.484764542936286,40.0,40.44943820224719,28.57142857142857,6.6595472440944885
usa,MLS,2025,Cristhian Paredes,27.0,M,Paraguay,183.0,70.0,33,8,1130.0,2.0,0.0,0.0,0.0,0,0,7,0.0,0,0.1592920353982301,0.7168141592920354,0.1592920353982301,0.1592920353982301,0.0,0.1592920353982301,0.1592920353982301,48.02654867256637,1.2743362831858407,2.4690265486725664,0.39823008849557523,1.592920353982301,4.061946902654867,12.106194690265486,6.132743362831859,1.1150442477876106,0.7168141592920354,1.911504424778761,1.6725663716814159,1.991150442477876,0.5575221238938053,0.0,0.0,31.634551495016613,22.22222222222222,50.6578947368421,64.28571428571429,6.944809228039042
usa,MLS,2025,Cristian Arango,30.0,F,Colombia,178.0,70.0,30,30,2562.0,13.0,3.0,1.0,0.0,3,0,6,0.0,0,0.45667447306791575,3.3723653395784545,1.4754098360655739,0.45667447306791575,0.1053864168618267,0.5620608899297423,0.351288056206089,24.0632318501171,1.1943793911007026,1.4754098360655739,0.0351288056206089,0.2459016393442623,1.7213114754098362,12.75175644028103,5.971896955503513,2.775175644028103,1.018735362997658,0.5620608899297423,1.8969555035128804,1.791569086651054,0.2107728337236534,0.0,0.0,18.42919708029197,43.75,46.83195592286501,36.708860759493675,7.316861826697892
usa,MLS,2025 / 2026,Cristian Espinoza,30.0,F,Argentina,175.0,73.0,45,41,3684.0,7.0,14.0,0.0,0.0,1,0,9,0.0,0,0.2687296416938111,1.0749185667752443,0.5618892508143323,0.17100977198697068,0.34201954397394135,0.5130293159609121,0.1465798045602606,41.21335504885993,3.7377850162866446,1.1970684039087949,0.0,0.6351791530944625,1.8322475570032573,8.990228013029316,3.8599348534201954,3.0048859934853422,1.4169381107491856,0.757328990228013,0.8306188925081434,1.1970684039087949,0.21986970684039087,0.0,0.0,33.60699466508595,52.27272727272727,42.934782608695656,47.15447154471545,7.430727470141151
usa,MLS,2025 / 2026,Cristian Roldán,30.0,M,USA,173.0,75.0,46,43,3890.0,4.0,4.0,0.0,1.0,0,0,4,0.0,0,0.06940874035989718,0.8791773778920309,0.48586118251928023,0.09254498714652956,0.09254498714652956,0.18508997429305912,0.09254498714652956,69.24678663239074,1.295629820051414,2.5681233933161955,0.2544987146529563,1.2724935732647815,3.8406169665809773,10.850899742930592,6.362467866323908,1.179948586118252,0.7634961439588688,1.2262210796915167,1.5269922879177376,1.0411311053984575,0.09254498714652956,0.0,0.0,63.366521884396924,55.26315789473685,58.63539445628998,64.70588235294117,7.483239074550128
usa,MLS,2025 / 2026,Cristiano Oliveira,17.0,M,USA,,,1,0,9.0,0.0,0.0,0.0,0.0,0,0,0,0.0,0,0.0,0.0,0.0,0.0,0.0,0.0,0.0,30.0,0.0,0.0,0.0,0.0,0.0,10.0,0.0,0.0,0.0,0.0,0.0,10.0,0.0,0.0,0.0,2.0,,0.0,,6.2
usa,MLS,2025,César Araújo,24.0,M,Uruguay,181.0,75.0,23,21,1875.0,2.0,3.0,0.0,0.0,0,0,6,0.0,1,0.048,0.624,0.28800000000000003,0.096,0.14400000000000002,0.24,0.096,56.064,0.96,1.8719999999999999,0.28800000000000003,0.43199999999999994,2.3040000000000003,9.504,5.088,0.384,0.14400000000000002,1.248,2.832,1.536,0.28800000000000003,0.0,0.048,52.27054794520548,46.15384615384615,53.535353535353536,37.5,7.11776
usa,MLS,2025 / 2026,D.J. Taylor,28.0,D,USA,173.0,83.0,11,2,342.0,0.0,0.0,0.0,1.0,0,0,1,0.0,0,0.0,0.0,0.0,0.0,0.0,0.0,0.0,36.315789473684205,0.7894736842105263,1.3157894736842104,0.5263157894736842,1.0526315789473684,2.3684210526315788,6.578947368421052,2.3684210526315788,0.0,0.0,0.7894736842105263,0.0,1.8421052631578947,0.2631578947368421,0.0,0.0,16.394160583941606,,36.0,,6.461695906432749
usa,MLS,2025 / 2026,Dagur Dan Þórhallsson,25.0,M,Iceland,178.0,,41,18,1773.0,4.0,0.0,0.0,0.0,0,0,3,0.0,0,0.10152284263959392,0.7106598984771574,0.3045685279187817,0.20304568527918784,0.0,0.20304568527918784,0.20304568527918784,36.09137055837563,0.8121827411167514,1.4213197969543148,0.5076142131979695,0.5076142131979695,1.9289340101522843,8.02030456852792,4.365482233502538,1.6243654822335027,1.015228426395939,0.6598984771573604,1.2690355329949239,0.9137055837563451,0.15228426395939085,0.0,0.0,24.634317862165965,42.857142857142854,54.43037974683544,62.5,6.701185101580135
usa,MLS,2026,Damario McIntosh,18.0,D,Jamaica,178.0,82.0,0,0,0.0,0.0,0.0,0.0,0.0,0,0,0,0.0,0,,,,,,,,,,,,,,,,,,,,,,,,,,,,
usa,MLS,2026,Damian Las,23.0,G,USA,188.0,84.0,0,0,0.0,0.0,0.0,0.0,0.0,0,0,0,0.0,0,,,,,,,,,,,,,,,,,,,,,,,,,,,,
usa,MLS,2025,Damion Lowe,32.0,D,Jamaica,190.0,79.0,0,0,0.0,0.0,0.0,0.0,0.0,0,0,0,0.0,0,,,,,,,,,,,,,,,,,,,,,,,,,,,,
usa,MLS,2025,Damir Kreilach,36.0,M,Croatia,186.0,79.0,4,0,33.0,1.0,0.0,0.0,0.0,1,0,0,0.0,0,0.0,2.7272727272727275,2.7272727272727275,2.7272727272727275,0.0,2.7272727272727275,0.0,46.36363636363636,0.0,0.0,0.0,0.0,0.0,10.90909090909091,8.181818181818182,2.7272727272727275,2.7272727272727275,2.7272727272727275,2.7272727272727275,0.0,0.0,0.0,0.0,5.882352941176471,100.0,75.0,100.0,6.949999999999999
usa,MLS,2025 / 2026,Daniel,31.0,G,Brazil,188.0,93.0,44,43,3852.0,0.0,0.0,0.0,0.0,0,0,6,0.0,0,0.0,0.0,0.0,0.0,0.0,0.0,0.0,28.574766355140184,0.0,0.02336448598130841,0.0,0.0,0.02336448598130841,0.8411214953271028,0.7476635514018691,0.0,0.0,0.02336448598130841,0.4672897196261683,0.0,0.14018691588785046,0.0,0.0,20.507767784137368,,88.88888888888889,,7.178504672897196
usa,MLS,2025 / 2026,Daniel Edelman,22.0,M,USA,178.0,64.0,40,38,3218.0,2.0,2.0,0.0,0.0,0,0,7,0.0,0,0.02796768178993163,0.3356121814791796,0.13983840894965818,0.05593536357986326,0.05593536357986326,0.11187072715972653,0.05593536357986326,54.369173399627094,0.6152889993784959,1.5661901802361715,0.47545059042883775,1.37041640770665,2.936606587942822,7.914853946550652,4.586699813548788,0.4474829086389061,0.22374145431945305,1.062771908017402,1.6500932256059664,0.6432566811684276,0.19577377252952144,0.0,0.0,44.684670781893004,41.66666666666667,57.95053003533569,50.0,7.051740211311373
usa,MLS,2025 / 2026,Daniel Lovitz,34.0,D,USA,178.0,77.0,48,44,4073.0,2.0,5.0,0.0,2.0,0,0,10,0.0,0,0.06629020378099681,0.2430640805303216,0.11048367296832802,0.044193469187331205,0.11048367296832802,0.15467714215565923,0.044193469187331205,44.63540387920452,0.6187085686226369,2.054996317210901,0.19887061134299042,1.1269334642769457,3.1819297814878467,7.2256322121286525,3.712251411735821,0.8175791799656273,0.4419346918733121,0.6849987724036337,0.4419346918733121,1.3479008102136019,0.22096734593665604,0.0,0.0,37.06633663366337,45.45454545454545,51.37614678899083,54.054054054054056,6.928652099189787
usa,MLS,2025 / 2026,Daniel Munie,25.0,D,USA,183.0,82.0,38,36,3280.0,5.0,2.0,0.0,0.0,0,0,6,0.0,0,0.0,0.5213414634146342,0.27439024390243905,0.13719512195121952,0.054878048780487805,0.19207317073170732,0.13719512195121952,53.47865853658537,0.32926829268292684,1.1524390243902438,0.6036585365853658,1.0975609756097562,2.25,6.338414634146341,3.4573170731707314,0.21951219512195122,0.10975609756097561,0.27439024390243905,0.5213414634146342,0.5762195121951219,0.16463414634146342,0.0,0.0,51.91944586967676,52.63157894736842,54.54545454545454,50.0,6.93795731707317
usa,MLS,2025 / 2026,Daniel Musovski,30.0,F,USA,182.0,77.0,47,25,2334.0,17.0,5.0,0.0,1.0,1,0,7,0.0,0,0.6169665809768637,2.506426735218509,1.5038560411311053,0.6555269922879177,0.19280205655526994,0.8483290488431877,0.6169665809768637,14.383033419023135,0.6555269922879177,0.7712082262210798,0.11568123393316194,0.07712082262210797,0.8483290488431877,11.606683804627249,3.97172236503856,1.0025706940874035,0.3856041131105399,0.2313624678663239,0.8868894601542417,1.7737789203084835,0.2699228791773779,0.0,0.0,8.954054054054055,60.0,34.21926910299003,38.46153846153847,6.865552699228792
usa,MLS,2025 / 2026,Daniel Pereira,25.0,M,Venezuela,175.0,68.0,38,29,2664.0,2.0,4.0,0.0,0.0,1,0,10,0.0,0,0.06756756756756757,0.5743243243243243,0.20270270270270271,0.06756756756756757,0.13513513513513514,0.20270270270270271,0.033783783783783786,58.17567567567567,1.1824324324324325,1.3175675675675675,0.33783783783783783,0.8108108108108109,2.1283783783783785,8.75,4.425675675675675,1.9256756756756757,1.0810810810810811,0.7432432432432432,1.891891891891892,1.9932432432432432,0.33783783783783783,0.0,0.0,49.93205574912892,35.294117647058826,50.57915057915058,56.14035087719298,7.070045045045046
usa,MLS,2025 / 2026,Daniel Pinter,18.0,F,USA,181.0,,8,1,244.0,0.0,0.0,0.0,0.0,0,0,1,0.0,0,0.36885245901639346,1.1065573770491803,0.7377049180327869,0.0,0.0,0.0,0.0,25.81967213114754,1.1065573770491803,1.8442622950819672,0.36885245901639346,0.36885245901639346,2.2131147540983607,10.327868852459016,5.163934426229508,0.36885245901639346,0.36885245901639346,1.4754098360655739,1.1065573770491803,2.2131147540983607,0.36885245901639346,0.0,0.0,12.4,66.66666666666666,50.0,100.0,6.756967213114755
usa,MLS,2025 / 2026,Daniel Rios,30.0,F,Mexico,185.0,84.0,45,20,1971.0,6.0,2.0,0.0,0.0,1,2,4,0.0,0,0.365296803652968,1.5981735159817352,0.91324200913242,0.273972602739726,0.091324200913242,0.365296803652968,0.228310502283105,20.091324200913242,0.91324200913242,0.273972602739726,0.136986301369863,0.319634703196347,0.593607305936073,8.995433789954337,2.922374429223744,1.187214611872146,0.319634703196347,0.319634703196347,0.958904109589041,1.278538812785388,0.182648401826484,0.0,0.0,10.981818181818182,57.14285714285714,32.48730964467005,26.923076923076923,6.750050761421319
usa,MLS,2025,Daniel Rosero Valencia,32.0,D,Colombia,187.0,87.0,5,2,177.0,0.0,0.0,0.0,0.0,0,0,1,0.0,0,0.0,1.5254237288135593,0.5084745762711864,0.0,0.0,0.0,0.0,51.35593220338983,0.0,2.542372881355932,0.5084745762711864,3.0508474576271185,5.593220338983051,11.694915254237287,7.118644067796611,1.0169491525423728,0.5084745762711864,0.5084745762711864,0.5084745762711864,1.0169491525423728,0.5084745762711864,0.0,0.0,32.35643564356435,33.33333333333333,60.86956521739131,50.0,6.822033898305085
usa,MLS,2025,Daniel Russo,23.0,D,USA,183.0,,0,0,0.0,0.0,0.0,0.0,0.0,0,0,0,0.0,0,,,,,,,,,,,,,,,,,,,,,,,,,,,,
usa,MLS,2025,Daniel Steres,35.0,D,USA,183.0,78.0,8,3,395.0,0.0,0.0,0.0,0.0,0,0,2,0.0,0,0.22784810126582278,0.22784810126582278,0.0,0.0,0.0,0.0,0.0,50.35443037974684,0.0,1.139240506329114,0.6835443037974683,0.9113924050632911,2.050632911392405,6.151898734177215,2.5063291139240507,0.0,0.0,0.6835443037974683,0.0,1.3670886075949367,0.45569620253164556,0.0,0.0,34.01357466063349,0.0,40.74074074074074,,6.522842639593908
usa,MLS,2026,Daniel Sumalla,18.0,M,,,,0,0,0.0,0.0,0.0,0.0,0.0,0,0,0,0.0,0,,,,,,,,,,,,,,,,,,,,,,,,,,,,
usa,MLS,2025 / 2026,Danley Jean Jacques,25.0,M,Haiti,182.0,72.0,48,42,3773.0,5.0,2.0,0.0,0.0,0,0,12,0.0,0,0.0,1.0972700768619137,0.35780545984627615,0.11926848661542538,0.04770739464617015,0.16697588126159554,0.11926848661542538,41.2430426716141,0.9064404982772329,1.7413199045852108,0.1908295785846806,1.4073681420620197,3.1486880466472305,7.490060959448714,3.6734693877551017,1.0018552875695732,0.620196130400212,0.620196130400212,0.7394646170156375,1.6697588126159555,0.28624436787702096,0.0,0.0,34.175245806824755,32.608695652173914,49.044585987261144,61.904761904761905,6.960747415849457
usa,MLS,2025,Danny Leyva,22.0,M,USA,178.0,68.0,18,6,732.0,0.0,2.0,1.0,0.0,0,0,2,0.0,0,0.0,1.1065573770491803,0.12295081967213115,0.0,0.2459016393442623,0.2459016393442623,0.0,76.47540983606558,2.336065573770492,1.4754098360655739,0.2459016393442623,0.7377049180327869,2.2131147540983607,10.69672131147541,6.393442622950819,1.4754098360655739,0.7377049180327869,0.4918032786885246,3.319672131147541,0.9836065573770492,0.2459016393442623,0.0,0.0,59.18488745980707,11.11111111111111,59.77011494252874,50.0,7.260356652949246
usa,MLS,2026,Dante Polvara,25.0,D,USA,193.0,86.0,15,15,1307.0,0.0,0.0,0.0,0.0,0,0,3,0.0,0,0.06885998469778118,0.2754399387911247,0.0,0.0,0.0,0.0,0.0,56.25860749808723,0.2754399387911247,1.6526396327467483,0.7574598316755929,1.8592195868400918,3.5118592195868397,6.817138485080338,4.131599081866871,0.20657995409334354,0.0,0.4820198928844682,1.0328997704667178,1.1017597551644989,0.20657995409334354,0.0,0.0,53.17380660954712,0.0,60.60606060606061,0.0,6.858913542463657
usa,MLS,2025 / 2026,Dante Sealy,22.0,M,USA,178.0,80.0,44,38,3254.0,9.0,3.0,0.0,0.0,0,0,7,0.0,0,0.08297480024585126,1.5212046711739398,0.7191149354640444,0.24892440073755376,0.08297480024585126,0.33189920098340503,0.24892440073755376,26.69022741241549,1.4105716041794714,1.2446220036877689,0.027658266748617086,0.4701905347264904,1.7148125384142592,9.542102028272895,4.3700061462815,2.4615857406269206,1.0786724031960664,0.4425322679778734,1.4658881376767057,1.5212046711739398,0.19360786724031961,0.0,0.0,19.33160621761658,47.27272727272727,45.79710144927536,43.82022471910113,6.977289489858635
usa,MLS,2025,Daouda Amadou,23.0,M,Cameroon,160.0,,1,0,10.0,0.0,0.0,0.0,0.0,0,0,0,0.0,0,0.0,0.0,0.0,0.0,0.0,0.0,0.0,135.0,0.0,18.0,0.0,0.0,18.0,27.0,18.0,0.0,0.0,0.0,0.0,0.0,0.0,0.0,0.0,14.0,,66.66666666666666,,6.9
usa,MLS,2025,Dario Župarić,33.0,D,Croatia,188.0,84.0,21,19,1756.0,0.0,0.0,0.0,0.0,0,0,5,0.0,0,0.05125284738041002,0.25626423690205014,0.05125284738041002,0.0,0.0,0.0,0.0,47.306378132118446,0.25626423690205014,1.3325740318906607,0.6662870159453304,1.896355353075171,3.228929384965831,7.329157175398634,4.305239179954442,0.25626423690205014,0.20501138952164008,0.4612756264236902,0.6662870159453304,1.1788154897494305,0.25626423690205014,0.0,0.0,43.53629469122427,20.0,58.74125874125874,80.0,6.922722095671982
usa,MLS,2026,Darius Johnson,25.0,M,Grenada,182.0,76.0,1,0,35.0,0.0,0.0,0.0,0.0,0,0,0,0.0,0,0.0,2.571428571428571,2.571428571428571,0.0,0.0,0.0,0.0,18.0,0.0,0.0,0.0,2.571428571428571,2.571428571428571,12.857142857142856,2.571428571428571,7.714285714285714,2.571428571428571,0.0,0.0,2.571428571428571,0.0,0.0,0.0,4.0,100.0,20.0,33.33333333333333,6.2
usa,MLS,2025,Darius Randell,18.0,F,USA,,,4,1,77.0,0.0,0.0,0.0,0.0,0,0,0,0.0,0,0.0,0.0,0.0,0.0,0.0,0.0,0.0,7.012987012987013,0.0,0.0,0.0,2.337662337662338,2.337662337662338,12.857142857142856,3.5064935064935066,3.5064935064935066,1.168831168831169,0.0,1.168831168831169,2.337662337662338,0.0,0.0,0.0,3.0,,27.27272727272727,33.33333333333333,6.261842105263158
usa,MLS,2025,Darlington Nagbe,35.0,M,USA,175.0,75.0,33,33,2888.0,0.0,0.0,0.0,0.0,0,0,1,0.0,0,0.0,0.12465373961218837,0.062326869806094184,0.0,0.0,0.0,0.0,55.19044321329639,0.5609418282548477,0.8102493074792244,0.062326869806094184,0.4362880886426593,1.2465373961218835,5.14196675900277,3.1163434903047094,0.5609418282548477,0.3116343490304709,0.24930747922437674,1.6204986149584488,0.5609418282548477,0.031163434903047092,0.0,0.0,54.568605307735744,50.0,60.60606060606061,55.55555555555556,6.900034626038781
usa,MLS,2025 / 2026,Darren Yapi,21.0,F,USA,185.0,79.0,44,26,2256.0,11.0,4.0,2.0,0.0,0,0,7,0.0,0,0.598404255319149,1.476063829787234,0.8776595744680851,0.43882978723404253,0.1595744680851064,0.598404255319149,0.43882978723404253,19.428191489361705,1.0372340425531914,1.0372340425531914,0.11968085106382978,0.199468085106383,1.2367021276595744,14.920212765957448,6.343085106382978,2.752659574468085,1.0372340425531914,0.5585106382978724,1.4361702127659572,1.356382978723404,0.2792553191489362,0.0,0.0,11.876796714579056,59.45945945945946,42.513368983957214,37.68115942028986,6.934294587400177
usa,MLS,2025 / 2026,Dave Romney,32.0,D,USA,188.0,86.0,42,33,3125.0,1.0,0.0,0.0,1.0,0,0,4,0.0,0,0.0,0.3456,0.0864,0.028800000000000003,0.0,0.028800000000000003,0.028800000000000003,49.5648,0.23040000000000002,1.008,0.6624,0.6336,1.6416,6.6528,4.0896,0.14400000000000002,0.057600000000000005,0.23040000000000002,0.28800000000000003,0.6336,0.11520000000000001,0.0,0.0,47.22603137710633,25.0,61.471861471861466,40.0,6.8734079999999995
usa,MLS,2025 / 2026,David Ayala,23.0,M,Argentina,175.0,62.0,43,39,3213.0,2.0,1.0,0.0,0.0,0,0,5,0.0,0,0.0,0.7563025210084033,0.19607843137254904,0.056022408963585436,0.028011204481792718,0.08403361344537816,0.056022408963585436,60.30812324929972,0.5882352941176471,2.773109243697479,0.30812324929971985,1.484593837535014,4.257703081232493,8.65546218487395,5.266106442577031,1.0084033613445378,0.6442577030812325,0.6162464985994397,0.9803921568627452,1.2324929971988794,0.1400560224089636,0.0,0.0,52.78169995355318,25.925925925925924,60.84142394822006,63.888888888888886,7.194024276377218
usa,MLS,2025,David Bingham,36.0,G,USA,188.0,84.0,2,2,180.0,0.0,0.0,0.0,0.0,0,0,0,0.0,0,0.0,0.0,0.0,0.0,0.0,0.0,0.0,27.0,0.0,0.0,0.0,0.0,0.0,0.0,0.0,0.0,0.0,0.0,0.0,0.0,0.0,0.0,0.0,20.944444444444443,,,,7.4
usa,MLS,2025 / 2026,David Brekalo,27.0,D,Slovenia,188.0,78.0,41,37,3311.0,1.0,2.0,0.0,0.0,0,0,8,0.0,0,0.02718212020537602,0.5436424041075204,0.16309272123225613,0.02718212020537602,0.05436424041075204,0.08154636061612806,0.02718212020537602,48.900634249471466,0.24463908184838415,1.7396556931440652,0.8426457263666567,0.8698278465720326,2.609483539716098,9.160374509211719,5.1102385986106915,0.5980066445182725,0.4620960434913923,0.9785563273935366,1.0601026880096647,1.359106010268801,0.21745696164300815,0.0,0.0,45.96053362979433,30.0,55.78635014836796,77.27272727272727,6.911899728178799
usa,MLS,2025,David Martínez,27.0,D,Paraguay,180.0,75.0,9,3,388.0,1.0,0.0,0.0,0.0,0,0,3,0.0,0,0.0,0.4639175257731959,0.23195876288659795,0.23195876288659795,0.0,0.23195876288659795,0.23195876288659795,69.12371134020619,0.9278350515463918,3.479381443298969,0.4639175257731959,0.4639175257731959,3.9432989690721647,7.654639175257732,4.639175257731958,0.0,0.0,0.9278350515463918,0.0,1.6237113402061853,0.6958762886597938,0.0,0.0,52.919463087248324,50.0,60.60606060606061,,7.11340206185567
usa,MLS,2025 / 2026,David Martínez Morales,19.0,F,Venezuela,178.0,68.0,45,23,2108.0,8.0,5.0,1.0,0.0,0,1,6,0.0,0,0.21347248576850095,2.1774193548387095,1.110056925996205,0.3415559772296015,0.21347248576850095,0.5550284629981025,0.3415559772296015,31.295066413662237,1.366223908918406,1.835863377609108,0.0,0.25616698292220114,2.092030360531309,11.44212523719165,5.251423149905124,3.586337760910816,1.9212523719165084,0.9392789373814042,1.3235294117647058,1.579696394686907,0.25616698292220114,0.0,0.0,18.7462482946794,50.98039215686274,45.8955223880597,53.57142857142857,7.00280018984338
usa,MLS,2025,David Ochoa,24.0,G,Mexico,188.0,79.0,1,1,90.0,0.0,0.0,0.0,0.0,0,0,0,0.0,0,0.0,0.0,0.0,0.0,0.0,0.0,0.0,16.0,0.0,0.0,0.0,0.0,0.0,1.0,1.0,0.0,0.0,0.0,0.0,0.0,0.0,0.0,0.0,14.0,,100.0,,6.3
usa,MLS,2025 / 2026,David Pereira da Costa,24.0,M,Portugal,168.0,64.0,48,44,3812.0,5.0,11.0,0.0,0.0,0,0,3,0.0,0,0.11804826862539348,1.0388247639034627,0.5902413431269674,0.11804826862539348,0.25970619097586567,0.3777544596012592,0.11804826862539348,43.441762854144805,1.9123819517313745,0.4249737670514166,0.0236096537250787,0.3069254984260231,0.7318992654774397,4.698321091290661,2.0776495278069254,2.0776495278069254,1.0388247639034627,0.23609653725078697,0.5430220356768101,0.3777544596012592,0.0708289611752361,0.0,0.0,38.131521739130434,56.81818181818182,44.221105527638194,50.0,7.016736621196223
usa,MLS,2026,David Poreba,23.0,M,USA,178.0,77.0,0,0,0.0,0.0,0.0,0.0,0.0,0,0,0,0.0,0,,,,,,,,,,,,,,,,,,,,,,,,,,,,
usa,MLS,2025 / 2026,David Ruíz,21.0,M,Honduras,181.0,73.0,8,4,297.0,0.0,0.0,0.0,0.0,0,0,1,0.0,0,0.0,0.6060606060606061,0.0,0.0,0.0,0.0,0.0,43.63636363636364,0.9090909090909092,2.7272727272727275,0.30303030303030304,0.6060606060606061,3.333333333333333,12.424242424242426,6.666666666666666,2.121212121212121,1.2121212121212122,0.30303030303030304,1.2121212121212122,3.0303030303030303,0.30303030303030304,0.0,0.0,29.07638888888889,0.0,53.65853658536586,57.14285714285714,6.624579124579125
usa,MLS,2025 / 2026,David Schnegg,27.0,D,Austria,185.0,74.0,41,36,3242.0,1.0,2.0,0.0,0.0,0,0,12,0.0,1,0.13880320789636028,0.4441702652683529,0.19432449105490437,0.027760641579272057,0.05552128315854411,0.08328192473781616,0.027760641579272057,36.67180752621839,1.1937075879086982,2.2208513263417644,0.3608883405305367,1.2214682294879704,3.4423195558297346,9.521900061690316,4.774830351634793,1.4435533621221468,0.7772979642196175,0.999383096853794,0.6384947563232573,1.7489204194941392,0.33312769895126465,0.0,0.027760641579272057,26.856926570779713,43.75,50.14577259475219,53.84615384615385,6.857618753855645
usa,MLS,2025 / 2026,David Vazquez,19.0,M,USA,175.0,,19,11,943.0,3.0,0.0,1.0,0.0,0,0,3,0.0,0,0.19088016967126195,1.3361611876988335,0.47720042417815484,0.2863202545068929,0.0,0.2863202545068929,0.2863202545068929,38.653234358430545,0.8589607635206787,2.3860021208907742,0.09544008483563098,0.47720042417815484,2.8632025450689285,10.97560975609756,4.199363732767763,1.7179215270413575,0.7635206786850478,0.8589607635206787,0.5726405090137858,2.767762460233298,0.2863202545068929,0.0,0.0,22.328395061728394,35.714285714285715,38.26086956521739,44.44444444444444,6.6765641569459175
usa,MLS,2025 / 2026,Dawid Bugaj,21.0,D,Poland,185.0,74.0,34,28,2555.0,0.0,2.0,1.0,0.0,0,0,5,0.0,0,0.03522504892367906,0.28180039138943247,0.07045009784735812,0.0,0.07045009784735812,0.07045009784735812,0.0,28.49706457925636,0.4931506849315069,2.0430528375733856,0.6340508806262232,1.162426614481409,3.2054794520547945,7.643835616438356,4.332681017612525,1.0215264187866928,0.5636007827788649,0.7749510763209394,0.9510763209393347,0.9510763209393347,0.1761252446183953,0.0,0.0,22.747836835599507,25.0,56.68202764976959,55.172413793103445,6.731828885400314
usa,MLS,2025 / 2026,Dayne St. Clair,28.0,G,Canada,191.0,86.0,48,48,4333.0,0.0,0.0,0.0,1.0,0,0,9,0.0,0,0.0,0.0,0.0,0.0,0.0,0.0,0.0,30.88622201707824,0.020770828525271175,0.04154165705054235,0.0,0.020770828525271175,0.06231248557581352,0.4569582275559658,0.35310408492961,0.0,0.0,0.06231248557581352,0.14539579967689822,0.020770828525271175,0.18693745672744058,0.0,0.0,20.911903160726293,,77.27272727272727,,7.052988691437802
usa,MLS,2025 / 2026,DeAndre Yedlin,32.0,D,USA,173.0,75.0,44,38,3394.0,1.0,5.0,0.0,0.0,0,0,13,0.0,0,0.13258691809074838,0.3182086034177961,0.1060695344725987,0.026517383618149676,0.13258691809074838,0.15910430170889805,0.026517383618149676,42.69298762522098,0.9811431938715379,1.8562168532704775,0.18562168532704773,0.8485562757807896,2.704773129051267,6.921037124337065,3.6593989393046553,0.6098998232174425,0.3447259870359458,0.5038302887448438,0.6364172068355922,1.2728344136711844,0.3447259870359458,0.0,0.0,40.32608695652174,33.33333333333333,52.87356321839081,56.52173913043478,6.848202710665882
usa,MLS,2025 / 2026,DeJuan Jones,28.0,D,USA,181.0,75.0,25,21,1775.0,1.0,7.0,0.0,0.0,0,0,5,0.0,1,0.15211267605633805,0.2028169014084507,0.10140845070422536,0.05070422535211268,0.3549295774647887,0.4056338028169014,0.05070422535211268,45.12676056338028,1.4197183098591548,2.028169014084507,0.0,1.4704225352112676,3.4985915492957744,10.952112676056338,5.374647887323944,2.332394366197183,1.064788732394366,0.9633802816901408,1.6225352112676057,1.115492957746479,0.2535211267605634,0.0,0.05070422535211268,35.15280898876404,50.0,49.074074074074076,45.65217391304348,7.044388042865201
usa,MLS,2025 / 2026,Deandre Kerr,23.0,F,Canada,180.0,81.0,27,12,1237.0,5.0,0.0,0.0,0.0,0,0,1,0.0,0,0.4365400161681488,1.5278900565885205,0.7275666936135813,0.36378334680679064,0.0,0.36378334680679064,0.36378334680679064,12.659660468876313,0.5092966855295068,0.9458367016976557,0.0,0.2910266774454325,1.236863379143088,15.206143896523848,6.257073565076799,1.4551333872271626,0.36378334680679064,0.2182700080840744,2.255456750202102,1.4551333872271626,0.07275666936135812,0.0,0.0,6.674418604651163,47.61904761904761,41.14832535885167,25.0,6.7277283751010515
usa,MLS,2025 / 2026,Dejan Joveljić,26.0,F,Serbia,181.0,75.0,47,46,4126.0,25.0,3.0,2.0,0.0,5,1,4,0.0,0,0.4144449830344159,1.7232186136694136,1.2651478429471643,0.5453223460979156,0.06543868153174988,0.6107610276296656,0.4362578768783325,21.572952011633543,0.9597673291323315,0.5453223460979156,0.08725157537566651,0.08725157537566651,0.6325739214735822,8.136209403780901,3.162869607367911,1.3523994183228307,0.523509452253999,0.37081919534658264,1.0252060106640815,1.2433349491032477,0.08725157537566651,0.0,0.0,16.806875631951467,73.41772151898735,38.8739946380697,38.70967741935484,7.099927290353854
usa,MLS,2026,Dekwon Barrow,21.0,F,Canada,185.0,75.0,0,0,0.0,0.0,0.0,0.0,0.0,0,0,0,0.0,0,,,,,,,,,,,,,,,,,,,,,,,,,,,,
usa,MLS,2025 / 2026,Denis Bouanga,31.0,F,Gabon,175.0,70.0,49,47,4238.0,33.0,10.0,6.0,2.0,8,1,7,0.0,0,0.4034922133081642,3.5889570552147236,2.102406795658329,0.7008022652194431,0.21236432279377065,0.9131665880132138,0.5309108069844266,28.01085417649835,1.7413874469089192,0.9131665880132138,0.0637092968381312,0.1911278905143936,1.1042944785276074,13.867390278433223,5.436526663520529,5.967437470504955,2.7607361963190185,0.658329400660689,1.1467673430863614,1.911278905143936,0.14865502595563945,0.0,0.0,25.9090219863533,58.57988165680473,39.20367534456356,46.263345195729535,7.536739027843322
usa,MLS,2025,Dennis Gjengaar,21.0,F,Norway,,,21,8,770.0,2.0,1.0,0.0,0.0,0,0,2,0.0,0,0.11688311688311688,1.168831168831169,0.8181818181818181,0.23376623376623376,0.11688311688311688,0.35064935064935066,0.23376623376623376,30.038961038961038,0.7012987012987013,0.8181818181818181,0.0,0.8181818181818181,1.6363636363636362,7.246753246753246,1.5194805194805194,1.7532467532467533,0.35064935064935066,1.051948051948052,0.23376623376623376,1.051948051948052,0.23376623376623376,0.0,0.0,19.1284046692607,70.0,20.967741935483872,20.0,6.585324675324675
usa,MLS,2025,Derek Dodson,27.0,D,USA,185.0,77.0,14,5,577.0,0.0,1.0,0.0,0.0,0,0,1,0.0,0,0.0,0.1559792027729636,0.1559792027729636,0.0,0.1559792027729636,0.1559792027729636,0.0,31.039861351819756,0.9358752166377817,3.119584055459272,0.779896013864818,0.9358752166377817,4.055459272097054,11.074523396880416,4.991334488734835,0.779896013864818,0.46793760831889086,1.4038128249566724,0.46793760831889086,2.027729636048527,0.1559792027729636,0.0,0.0,17.984924623115578,100.0,45.07042253521127,60.0,6.694107452339688
usa,MLS,2025 / 2026,Derrick Etienne Junior,29.0,F,Haiti,178.0,77.0,37,17,1736.0,2.0,3.0,0.0,0.0,0,0,2,0.0,0,0.5702764976958525,1.0368663594470047,0.5184331797235023,0.10368663594470046,0.1555299539170507,0.25921658986175117,0.10368663594470046,20.27073732718894,0.9331797235023042,0.7776497695852536,0.05184331797235023,0.5184331797235023,1.2960829493087558,8.554147465437788,3.0587557603686633,1.7626728110599077,0.6221198156682028,0.3629032258064516,1.0887096774193548,1.1923963133640554,0.10368663594470046,0.0,0.0,12.901808785529715,50.0,35.75757575757576,35.294117647058826,6.66441753171857
usa,MLS,2025,Derrick Jones,28.0,M,USA,193.0,80.0,3,0,4.0,0.0,0.0,0.0,0.0,0,0,0,0.0,0,0.0,0.0,0.0,0.0,0.0,0.0,0.0,270.0,0.0,0.0,0.0,0.0,0.0,0.0,0.0,0.0,0.0,0.0,0.0,0.0,0.0,0.0,0.0,6.75,,,,
usa,MLS,2025,Derrick Williams,32.0,D,Republic of Ireland,180.0,75.0,17,15,1332.0,1.0,0.0,0.0,0.0,0,0,1,0.0,0,0.06756756756756757,0.472972972972973,0.2702702702702703,0.06756756756756757,0.0,0.06756756756756757,0.06756756756756757,58.108108108108105,0.13513513513513514,1.3513513513513513,0.20270270270270271,1.1486486486486487,2.5,6.824324324324325,4.256756756756757,0.0,0.0,0.20270270270270271,0.472972972972973,0.8783783783783784,0.06756756756756757,0.0,0.0,52.09418604651163,57.14285714285714,62.37623762376238,,6.877027027027028
usa,MLS,2025 / 2026,Devin Padelford,22.0,D,USA,183.0,78.0,26,14,1370.0,0.0,2.0,0.0,0.0,0,0,0,0.0,0,0.1313868613138686,0.3284671532846715,0.19708029197080293,0.0,0.1313868613138686,0.1313868613138686,0.0,32.91240875912409,0.656934306569343,2.2992700729927007,0.0656934306569343,0.656934306569343,2.956204379562044,9.262773722627736,6.043795620437956,1.248175182481752,0.3284671532846715,0.45985401459854014,1.313868613138686,0.7883211678832117,0.0,0.0,0.0,24.864271457085827,60.0,65.24822695035462,26.31578947368421,6.827850877192983
usa,MLS,2025,Deybi Flores,29.0,M,Honduras,183.0,68.0,19,16,1364.0,2.0,2.0,0.0,0.0,0,0,5,0.0,0,0.06598240469208211,0.7258064516129032,0.26392961876832843,0.13196480938416422,0.13196480938416422,0.26392961876832843,0.13196480938416422,48.2991202346041,0.46187683284457476,3.2991202346041058,0.3299120234604106,1.913489736070381,5.212609970674486,11.348973607038124,6.004398826979472,0.3299120234604106,0.06598240469208211,1.6495601173020529,1.5835777126099708,1.781524926686217,0.3299120234604106,0.0,0.0,39.82513661202186,36.36363636363637,52.90697674418605,20.0,7.072947214076247
usa,MLS,2025 / 2026,Diadié Samassékou,29.0,M,Mali,175.0,70.0,13,8,657.0,0.0,0.0,0.0,1.0,0,0,0,0.0,0,0.0,0.273972602739726,0.136986301369863,0.0,0.0,0.0,0.0,31.232876712328764,0.547945205479452,1.506849315068493,0.684931506849315,1.7808219178082192,3.287671232876712,6.301369863013698,3.698630136986301,0.684931506849315,0.0,0.547945205479452,1.7808219178082192,0.684931506849315,0.0,0.0,0.0,25.346491228070175,50.0,58.69565217391305,0.0,6.766006097560975
usa,MLS,2026,Diego Borges,21.0,D,Brazil,,,3,2,205.0,0.0,0.0,0.0,0.0,0,0,1,0.0,0,0.0,0.43902439024390244,0.0,0.0,0.0,0.0,0.0,46.09756097560976,0.0,0.8780487804878049,1.3170731707317074,1.3170731707317074,2.1951219512195124,5.7073170731707314,2.6341463414634148,0.43902439024390244,0.43902439024390244,0.0,0.0,0.8780487804878049,0.43902439024390244,0.0,0.0,35.49523809523809,0.0,46.15384615384615,100.0,6.3
usa,MLS,2025 / 2026,Diego Chará,39.0,M,Colombia,170.0,68.0,42,20,2176.0,0.0,1.0,0.0,1.0,0,0,6,0.0,0,0.0,0.12408088235294118,0.0,0.0,0.04136029411764706,0.04136029411764706,0.0,52.362132352941174,0.7858455882352942,3.1847426470588234,0.6204044117647058,1.447610294117647,4.63235294117647,9.595588235294118,5.376838235294118,0.6204044117647058,0.37224264705882354,0.9512867647058824,1.3235294117647058,2.026654411764706,0.24816176470588236,0.0,0.0,38.0260663507109,0.0,56.03448275862068,60.0,6.99655013799448
usa,MLS,2025 / 2026,Diego Fagúndez,30.0,M,Uruguay,173.0,64.0,41,30,2698.0,6.0,2.0,0.0,0.0,0,0,5,0.0,0,0.03335804299481097,0.6338028169014085,0.23350630096367678,0.20014825796886582,0.06671608598962193,0.26686434395848774,0.20014825796886582,53.47294292068199,1.8346923647146034,1.100815418828762,0.03335804299481097,0.23350630096367678,1.3343217197924389,5.83765752409192,2.468495181616012,1.134173461823573,0.40029651593773163,0.5337286879169755,0.7672349888806522,0.9340252038547071,0.16679021497405486,0.0,0.0,48.46163443543356,36.84210526315789,42.285714285714285,35.294117647058826,7.1215053763440865
usa,MLS,2025,Diego García,19.0,M,USA,173.0,54.0,2,0,11.0,0.0,0.0,0.0,0.0,0,0,0,0.0,0,0.0,0.0,0.0,0.0,0.0,0.0,0.0,49.090909090909086,0.0,0.0,0.0,0.0,0.0,16.363636363636363,0.0,8.181818181818182,0.0,0.0,0.0,0.0,0.0,0.0,0.0,4.0,,0.0,0.0,6.7
usa,MLS,2025 / 2026,Diego Gonzalez,23.0,M,USA,170.0,69.0,0,0,0.0,0.0,0.0,0.0,0.0,0,0,0,0.0,0,,,,,,,,,,,,,,,,,,,,,,,,,,,,
usa,MLS,2025,Diego Konincks,25.0,D,Netherlands,187.0,84.0,0,0,0.0,0.0,0.0,0.0,0.0,0,0,0,0.0,0,,,,,,,,,,,,,,,,,,,,,,,,,,,,
usa,MLS,2025 / 2026,Diego Luna,22.0,F,USA,173.0,85.0,37,34,2975.0,13.0,4.0,0.0,0.0,2,0,13,0.0,2,0.0907563025210084,1.6336134453781512,0.7865546218487395,0.39327731092436974,0.12100840336134454,0.5142857142857142,0.33277310924369746,47.102521008403365,2.3294117647058825,0.877310924369748,0.030252100840336135,0.5445378151260504,1.4218487394957984,8.016806722689076,3.7210084033613446,2.6924369747899157,1.2403361344537815,0.6352941176470589,1.5126050420168067,0.9075630252100841,0.39327731092436974,0.0,0.06050420168067227,37.91393705844573,48.148148148148145,46.41509433962264,46.06741573033708,7.354521008403362
usa,MLS,2025 / 2026,Diego Rossi,27.0,F,Uruguay,170.0,65.0,47,46,4011.0,22.0,5.0,0.0,0.0,4,0,3,0.0,0,0.17950635751682872,2.3784592370979807,1.3238593866866117,0.493642483171279,0.11219147344801794,0.605833956619297,0.40388930441286464,37.4943904263276,1.256544502617801,0.4263275991024682,0.02243829468960359,0.3365744203440538,0.762902019446522,8.616305160807778,3.2984293193717273,2.6925953627524306,1.0545998504113687,0.31413612565445026,1.593118922961855,0.5609573672400897,0.06731488406881077,0.0,0.0,32.45541591861161,55.660377358490564,38.28125,39.166666666666664,7.227898279730741
usa,MLS,2025,Diego Rubio,32.0,F,Chile,180.0,77.0,25,11,961.0,2.0,2.0,0.0,0.0,0,0,3,0.0,0,0.09365244536940688,1.404786680541103,0.5619146722164412,0.18730489073881376,0.18730489073881376,0.3746097814776275,0.18730489073881376,34.651404786680544,1.3111342351716961,1.9667013527575443,0.09365244536940688,0.6555671175858481,2.6222684703433923,12.83038501560874,5.900104058272633,1.2174817898022894,0.2809573361082206,1.3111342351716961,2.4349635796045788,1.2174817898022894,0.2809573361082206,0.0,0.0,18.791327913279133,40.0,45.98540145985402,23.076923076923077,6.916475495307612
usa,MLS,2025,Diogo Gonçalves,28.0,M,Portugal,178.0,70.0,30,27,2270.0,4.0,5.0,0.0,0.0,0,0,2,0.0,0,0.11894273127753303,1.7444933920704844,0.9118942731277533,0.15859030837004406,0.19823788546255508,0.3568281938325991,0.15859030837004406,32.074889867841414,1.9030837004405285,0.47577092511013214,0.0,0.7533039647577092,1.2290748898678414,5.986784140969164,2.378854625550661,1.8237885462555066,0.7533039647577092,0.47577092511013214,0.9515418502202643,0.8325991189427313,0.07929515418502203,0.0,0.0,26.557478368355994,52.27272727272727,39.735099337748345,41.30434782608695,7.147533039647577
usa,MLS,2025 / 2026,Dje Tah D'Avilla,22.0,M,Côte d'Ivoire,191.0,77.0,37,24,2308.0,2.0,1.0,0.0,2.0,0,0,9,0.0,1,0.0,0.3509532062391681,0.1559792027729636,0.0779896013864818,0.0389948006932409,0.11698440207972272,0.0779896013864818,57.400346620450605,0.46793760831889086,1.9497400346620453,0.1559792027729636,1.7157712305025996,3.665511265164645,9.592720970537261,4.640381282495667,1.169844020797227,0.7019064124783362,0.8578856152512998,1.4428076256499134,2.066724436741768,0.3509532062391681,0.0,0.0389948006932409,45.69565217391305,44.44444444444444,48.3739837398374,60.0,6.799090121317158
usa,MLS,2025 / 2026,Djibril Diani,27.0,M,France,195.0,75.0,42,25,2119.0,0.0,1.0,0.0,1.0,0,0,5,0.0,0,0.0,0.5521472392638037,0.21236432279377065,0.0,0.04247286455875413,0.04247286455875413,0.0,39.71212836243511,0.5096743747050496,2.973100519112789,0.2973100519112789,1.95375176970269,4.926852288815479,10.533270410571024,5.3940537989617745,0.5946201038225578,0.21236432279377065,0.6370929683813119,1.1467673430863614,1.996224634261444,0.21236432279377065,0.0,0.0,29.924064171122996,38.46153846153847,51.20967741935484,35.714285714285715,6.829933899905571
usa,MLS,2025,Dominik Chong Qui,18.0,D,USA,,,3,2,157.0,0.0,0.0,0.0,0.0,0,0,0,0.0,0,0.0,0.5732484076433121,0.5732484076433121,0.0,0.0,0.0,0.0,22.929936305732483,0.5732484076433121,2.2929936305732483,0.0,0.0,2.2929936305732483,6.878980891719745,2.8662420382165603,1.7197452229299361,0.0,0.5732484076433121,0.0,0.5732484076433121,0.0,0.0,0.0,11.975,100.0,41.66666666666667,0.0,5.971337579617835
usa,MLS,2025 / 2026,Dominik Fitz,26.0,M,Austria,175.0,67.0,7,1,175.0,0.0,0.0,0.0,0.0,0,0,0,0.0,0,0.5142857142857142,0.5142857142857142,0.5142857142857142,0.0,0.0,0.0,0.0,33.42857142857143,3.085714285714286,0.0,0.5142857142857142,0.5142857142857142,0.5142857142857142,6.171428571428572,1.0285714285714285,2.057142857142857,0.5142857142857142,0.0,0.5142857142857142,1.542857142857143,0.0,0.0,0.0,9.380952380952381,100.0,16.666666666666664,25.0,6.677142857142857
usa,MLS,2025 / 2026,Dominik Marczuk,22.0,F,Poland,180.0,74.0,30,14,1298.0,1.0,2.0,0.0,0.0,0,0,5,0.0,0,0.41602465331278893,1.0400616332819723,0.34668721109399075,0.06933744221879816,0.13867488443759632,0.20801232665639446,0.06933744221879816,28.49768875192604,0.8320493066255779,1.3174114021571648,0.06933744221879816,0.7627118644067796,2.0801232665639446,8.459167950693375,4.021571648690292,1.8721109399075502,0.7627118644067796,1.386748844375963,1.5947611710323575,0.5546995377503853,0.34668721109399075,0.0,0.0,13.166259168704157,33.33333333333333,47.540983606557376,40.74074074074074,6.80331278890601
usa,MLS,2025,Dominik Yankov,25.0,M,Bulgaria,180.0,67.0,3,0,36.0,0.0,0.0,0.0,0.0,0,0,0,0.0,0,0.0,2.5,0.0,0.0,0.0,0.0,0.0,27.500000000000004,5.0,0.0,0.0,0.0,0.0,12.5,5.0,5.0,2.5,0.0,2.5,2.5,0.0,0.0,0.0,5.909090909090909,0.0,40.0,50.0,6.622222222222222
usa,MLS,2025,Dominique Badji,33.0,F,Senegal,183.0,77.0,21,6,739.0,1.0,0.0,0.0,0.0,0,0,3,0.0,0,0.6089309878213802,1.5832205683355887,0.8525033829499323,0.12178619756427606,0.0,0.12178619756427606,0.12178619756427606,19.36400541271989,0.6089309878213802,0.3653585926928281,0.12178619756427606,0.0,0.3653585926928281,16.197564276048713,7.550744248985115,0.7307171853856562,0.12178619756427606,0.0,2.192151556156969,2.313937753721245,0.3653585926928281,0.0,0.0,7.694267515923567,53.84615384615385,46.616541353383454,16.666666666666664,6.684489795918368
usa,MLS,2025 / 2026,Donovan Parisian,21.0,G,USA,193.0,93.0,0,0,0.0,0.0,0.0,0.0,0.0,0,0,0,0.0,0,,,,,,,,,,,,,,,,,,,,,,,,,,,,
usa,MLS,2025 / 2026,Dor Turgeman,22.0,F,Israel,188.0,73.0,17,16,1401.0,5.0,5.0,2.0,0.0,0,0,2,0.0,0,0.6423982869379015,1.734475374732334,0.8993576017130621,0.32119914346895073,0.32119914346895073,0.6423982869379015,0.32119914346895073,13.426124197002142,0.8351177730192719,0.44967880085653106,0.0,0.1284796573875803,0.5781584582441114,8.54389721627409,3.6616702355460387,1.5417558886509637,0.5781584582441114,0.32119914346895073,1.8629550321199144,0.44967880085653106,0.1284796573875803,0.0,0.0,10.779904306220097,51.85185185185185,42.857142857142854,37.5,6.904139900071377
usa,MLS,2025 / 2026,Drake Callender,28.0,G,USA,191.0,88.0,18,17,1562.0,0.0,0.0,0.0,0.0,0,0,0,0.0,0,0.0,0.0,0.0,0.0,0.0,0.0,0.0,22.298335467349553,0.11523687580025607,0.0,0.0,0.0,0.0,0.23047375160051214,0.23047375160051214,0.0,0.0,0.0,0.057618437900128036,0.0,0.0,0.0,0.0,13.868217054263566,,100.0,,6.918309859154929
usa,MLS,2025 / 2026,Duane Holmes,31.0,M,USA,168.0,65.0,26,12,1103.0,1.0,0.0,1.0,0.0,0,0,5,0.0,0,0.16319129646418856,0.6527651858567542,0.24478694469628287,0.08159564823209428,0.0,0.08159564823209428,0.08159564823209428,28.476881233000906,0.9791477787851315,2.3662737987307345,0.24478694469628287,0.57116953762466,2.9374433363553942,11.178603807796916,5.548504079782411,2.0398912058023573,0.8159564823209429,0.8975521305530372,1.7951042611060744,1.5503173164097914,0.40797824116047143,0.0,0.0,13.87106017191977,37.5,49.63503649635037,40.0,6.69102447869447
usa,MLS,2025 / 2026,Duncan McGuire,24.0,F,USA,185.0,86.0,30,11,1326.0,5.0,2.0,0.0,0.0,0,0,2,0.0,0,0.5429864253393666,1.6289592760180998,0.8823529411764706,0.3393665158371041,0.13574660633484165,0.47511312217194573,0.3393665158371041,19.20814479638009,1.8325791855203621,0.2714932126696833,0.06787330316742082,0.13574660633484165,0.40723981900452494,9.29864253393665,3.32579185520362,0.6787330316742082,0.20361990950226247,0.40723981900452494,1.2895927601809953,0.9502262443438915,0.13574660633484165,0.0,0.0,9.784452296819788,54.166666666666664,35.76642335766424,30.0,6.757445200302343
usa,MLS,2025 / 2026,Duran Ferree,19.0,G,USA,188.0,75.0,14,12,1115.0,0.0,0.0,0.0,0.0,0,0,0,0.0,0,0.0,0.0,0.0,0.0,0.0,0.0,0.0,39.955156950672645,0.0,0.08071748878923767,0.0,0.0,0.08071748878923767,0.6457399103139013,0.5650224215246636,0.0,0.0,0.08071748878923767,0.32286995515695066,0.0,0.0,0.0,0.0,41.10121457489878,,87.5,,7.194977578475336
usa,MLS,2025 / 2026,Dylan Borso,19.0,F,USA,180.0,75.0,4,0,105.0,0.0,0.0,0.0,0.0,0,0,1,0.0,0,0.0,2.571428571428571,0.8571428571428572,0.0,0.0,0.0,0.0,24.857142857142858,0.0,3.428571428571429,0.8571428571428572,0.8571428571428572,4.285714285714286,18.0,7.714285714285714,3.428571428571429,1.7142857142857144,5.142857142857142,2.571428571428571,3.428571428571429,0.8571428571428572,0.0,0.0,9.96551724137931,33.33333333333333,42.857142857142854,50.0,6.947619047619048
usa,MLS,2025 / 2026,Dylan Chambost,28.0,M,France,177.0,70.0,49,42,3647.0,2.0,6.0,0.0,0.0,0,0,6,0.0,0,0.0,0.6416232519879352,0.27145599122566494,0.04935563476830271,0.14806690430490815,0.19742253907321083,0.04935563476830271,74.79846449136276,1.8014806690430492,1.530024677817384,0.2221003564573622,0.8637236084452974,2.393748286262682,5.922676172196326,2.8379489991774056,0.5429119824513299,0.2467781738415136,0.690978886756238,0.4442007129147244,0.8884014258294488,0.14806690430490815,0.0,0.0,64.30188056746948,42.30769230769231,47.91666666666667,45.45454545454545,7.229695640252262
usa,MLS,2026,Dylan Judelson,17.0,M,Canada,,,0,0,0.0,0.0,0.0,0.0,0.0,0,0,0,0.0,0,,,,,,,,,,,,,,,,,,,,,,,,,,,,
usa,MLS,2025 / 2026,Dylan Nealis,27.0,D,USA,180.0,79.0,30,25,2179.0,1.0,0.0,1.0,1.0,0,0,5,0.0,0,0.0,0.4130335016062414,0.12391005048187241,0.04130335016062414,0.0,0.04130335016062414,0.04130335016062414,56.04864616796696,0.4543368517668655,1.6521340064249657,0.49564020192748964,0.9912804038549793,2.643414410279945,10.449747590637907,5.617255621844883,0.867370353373107,0.578246902248738,1.1151904543368518,1.486920605782469,1.2804038549793482,0.2065167508031207,0.0,0.0,51.39646278555637,30.0,53.75494071146245,66.66666666666666,6.979384756657483
usa,MLS,2025 / 2026,Dániel Gazdag,29.0,F,Hungary,178.0,76.0,46,36,3199.0,7.0,5.0,1.0,0.0,2,0,6,0.0,0,0.5626758361988121,1.2660206314473272,0.647077211628634,0.19693654266958424,0.14066895904970303,0.33760550171928727,0.14066895904970303,45.01406689590497,0.9846827133479212,1.209753047827446,0.08440137542982182,0.33760550171928727,1.5473585495467335,8.215067208502656,4.051266020631448,1.069084088777743,0.28133791809940606,0.7314785870584558,2.278837136605189,1.0409502969678024,0.16880275085964364,0.0,0.0,37.741875,51.11111111111111,49.31506849315068,26.31578947368421,6.977961863082213
usa,MLS,2025 / 2026,Dániel Sallói,29.0,F,Hungary,185.0,70.0,48,38,3505.0,11.0,6.0,0.0,1.0,0,0,6,0.0,0,0.25677603423680456,1.9514978601997148,1.0527817403708988,0.28245363766048504,0.15406562054208275,0.43651925820256776,0.28245363766048504,26.730385164051356,1.001426533523538,0.5649072753209701,0.07703281027104138,0.5905848787446505,1.1554921540656204,6.75320970042796,2.593437945791726,1.8231098430813124,0.6419400855920114,0.4878744650499287,1.001426533523538,0.9243937232524964,0.15406562054208275,0.0,0.0,20.14505283381364,53.94736842105263,38.40304182509506,35.2112676056338,6.939172610556348
usa,MLS,2025 / 2026,Earl Edwards Jr.,33.0,G,USA,190.0,93.0,8,6,588.0,0.0,0.0,0.0,1.0,0,0,2,0.0,0,0.0,0.0,0.0,0.0,0.0,0.0,0.0,23.112244897959183,0.0,0.15306122448979592,0.0,0.0,0.15306122448979592,0.30612244897959184,0.15306122448979592,0.0,0.0,0.0,0.0,0.15306122448979592,0.30612244897959184,0.0,0.0,12.986754966887418,,50.0,,6.4806122448979595
usa,MLS,2025 / 2026,Eddie Segura,28.0,D,Colombia,178.0,70.0,48,45,4008.0,1.0,2.0,0.0,0.0,0,0,12,0.0,1,0.044910179640718556,0.29191616766467066,0.08982035928143711,0.022455089820359278,0.044910179640718556,0.06736526946107785,0.022455089820359278,66.5119760479042,0.4491017964071856,1.5943113772455089,0.6961077844311377,1.0104790419161678,2.604790419161677,6.646706586826347,3.6152694610778444,0.35928143712574845,0.15718562874251496,0.4715568862275449,0.4715568862275449,1.1676646706586826,0.2694610778443114,0.0,0.022455089820359278,65.43551654287643,30.76923076923077,54.391891891891895,43.75,6.989820359281437
usa,MLS,2025 / 2026,Eduard Atuesta,28.0,M,Colombia,180.0,71.0,40,34,3047.0,0.0,6.0,1.0,0.0,0,0,11,0.0,0,0.0590744995077125,0.5612077453232688,0.23629799803085,0.0,0.1772234985231375,0.1772234985231375,0.0,54.171316048572365,1.8017722349852314,1.8903839842468,0.26583524778470624,0.9747292418772563,2.8651132261240564,11.430915654742368,5.316704955694125,1.9494584837545126,0.8861174926156875,1.1224154906465376,1.6540859862159503,1.8903839842468,0.3249097472924188,0.0,0.0,48.01417666303163,42.10526315789473,46.51162790697674,45.45454545454545,7.025763045618641
usa,MLS,2025 / 2026,Eduard Löwen,28.0,M,Germany,188.0,91.0,27,20,1766.0,8.0,4.0,0.0,0.0,4,0,6,0.0,1,0.0,1.987542468856172,0.9173272933182333,0.40770101925254815,0.20385050962627407,0.6115515288788222,0.20385050962627407,59.98301245753114,1.8856172140430352,2.1404303510758775,0.15288788221970556,0.6115515288788222,2.7519818799546996,9.784824462061156,4.994337485843714,1.5798414496036242,0.7134767836919592,0.9682899207248018,1.3250283125707814,1.4269535673839184,0.3057757644394111,0.0,0.05096262740656852,47.60577740016992,46.15384615384615,51.041666666666664,45.16129032258064,7.452831257078143
usa,MLS,2025 / 2026,Edvard Sandvik Tagseth,24.0,M,Norway,171.0,67.0,46,41,3481.0,1.0,2.0,0.0,0.0,0,0,10,0.0,0,0.025854639471416262,0.2068371157713301,0.1292731973570813,0.025854639471416262,0.051709278942832525,0.07756391841424878,0.025854639471416262,52.872737719046256,0.8790577420281528,2.3269175524274632,0.15512783682849757,1.0083309393852342,3.3352484918126972,8.22177535191037,3.774777362826774,0.9824762999138178,0.36196495259982764,1.2410226946279805,0.6980752657282391,1.7064062051134732,0.2585463947141626,0.0,0.0,48.100733496332516,62.5,45.911949685534594,36.84210526315789,6.949928140270194
usa,MLS,2025,Edward Davis,19.0,F,USA,183.0,68.0,1,0,8.0,0.0,0.0,0.0,0.0,0,0,0,0.0,0,0.0,0.0,0.0,0.0,0.0,0.0,0.0,0.0,0.0,0.0,0.0,0.0,0.0,11.25,0.0,0.0,0.0,0.0,0.0,0.0,0.0,0.0,0.0,,,0.0,,6.5
usa,MLS,2025 / 2026,Edwin Cerrillo,25.0,M,USA,175.0,79.0,47,45,3871.0,0.0,0.0,0.0,0.0,0,0,18,0.0,1,0.0,0.4184965125290622,0.162748643761302,0.0,0.0,0.0,0.0,70.12141565486954,0.7904934125548954,1.4879876001033325,0.325497287522604,0.6742443812968225,2.162231981400155,6.6261947817101525,3.1154740377163526,0.9299922500645829,0.6044949625419789,0.7439938000516663,0.7207439938000516,1.464737793851718,0.4184965125290622,0.0,0.02324980625161457,65.66545092838196,38.88888888888889,47.01754385964912,65.0,6.965176956858693
usa,MLS,2025,Edwin Mosquera,24.0,M,Colombia,172.0,68.0,10,0,166.0,1.0,0.0,0.0,0.0,0,0,3,0.0,0,0.5421686746987953,3.795180722891566,0.5421686746987953,0.5421686746987953,0.0,0.5421686746987953,0.5421686746987953,34.6987951807229,0.5421686746987953,1.0843373493975905,0.0,1.0843373493975905,2.168674698795181,11.927710843373495,4.337349397590362,2.168674698795181,1.0843373493975905,1.0843373493975905,1.6265060240963856,2.168674698795181,1.6265060240963856,0.0,0.0,5.5625,14.285714285714285,36.36363636363637,50.0,6.635757575757575
usa,MLS,2025 / 2026,Efrain Morales,21.0,D,Bolivia,191.0,83.0,22,20,1818.0,0.0,1.0,0.0,0.0,0,0,4,0.0,0,0.0495049504950495,0.297029702970297,0.0495049504950495,0.0,0.0495049504950495,0.0495049504950495,0.0,60.693069306930695,0.3465346534653465,2.128712871287129,0.9900990099009902,1.485148514851485,3.613861386138614,9.405940594059405,5.841584158415842,0.297029702970297,0.24752475247524755,0.1485148514851485,0.594059405940594,1.584158415841584,0.198019801980198,0.0,0.0,59.052202283849915,16.666666666666664,62.10526315789474,83.33333333333334,6.85951595159516
usa,MLS,2025 / 2026,Elijah Wynder,22.0,M,USA,188.0,76.0,33,20,1779.0,2.0,0.0,1.0,0.0,0,0,5,0.0,0,0.0,0.5564924114671164,0.25295109612141653,0.10118043844856661,0.0,0.10118043844856661,0.10118043844856661,41.838111298482296,0.8600337268128162,1.7200674536256324,0.25295109612141653,0.7082630691399663,2.4283305227655987,10.57335581787521,4.401349072512648,1.5177065767284992,0.657672849915683,0.8600337268128162,1.163575042158516,1.2141652613827993,0.25295109612141653,0.0,0.0,28.84764207980653,45.45454545454545,41.62679425837321,43.333333333333336,6.742046093310849
usa,MLS,2026,Elías Báez,21.0,D,Argentina,175.0,61.0,13,13,1153.0,0.0,2.0,0.0,1.0,0,0,3,0.0,0,0.07805724197745013,0.4683434518647008,0.2341717259323504,0.0,0.15611448395490027,0.15611448395490027,0.0,47.53686036426713,0.8586296617519515,2.029488291413703,0.15611448395490027,1.170858629661752,3.200346921075455,9.132697311361666,4.839549002601908,0.9366869037294016,0.4683434518647008,1.3269731136166523,0.7805724197745012,0.7805724197745012,0.2341717259323504,0.0,0.0,42.49425287356322,50.0,52.991452991452995,50.0,6.417692974848222
usa,MLS,2025,Emeka Eneli,26.0,M,USA,175.0,,29,19,1855.0,0.0,1.0,0.0,0.0,0,0,3,0.0,0,0.0,0.24258760107816713,0.09703504043126686,0.0,0.04851752021563343,0.04851752021563343,0.0,47.83827493261455,1.0673854447439353,1.940700808625337,0.38814016172506743,0.9703504043126685,2.9110512129380055,10.673854447439354,6.404312668463612,2.086253369272237,1.261455525606469,1.0188679245283019,2.765498652291105,1.3099730458221024,0.14555256064690028,0.0,0.0,39.325557809330626,40.0,60.0,60.46511627906976,7.076860841423948
usa,MLS,2025 / 2026,Emil Forsberg,34.0,M,Sweden,177.0,76.0,47,46,3990.0,12.0,11.0,0.0,0.0,2,0,3,0.0,0,0.3157894736842105,1.4661654135338344,0.7218045112781954,0.27067669172932335,0.2481203007518797,0.518796992481203,0.22556390977443608,30.69924812030075,1.8270676691729324,0.81203007518797,0.045112781954887216,0.3383458646616541,1.150375939849624,6.518796992481202,2.7518796992481205,1.511278195488722,0.5864661654135338,0.3609022556390977,1.0601503759398496,0.924812030075188,0.06766917293233084,0.0,0.0,25.889786921381337,49.23076923076923,42.21453287197232,38.80597014925373,7.149974937343359
usa,MLS,2025,Emil Gazdov,22.0,G,Canada,196.0,95.0,0,0,0.0,0.0,0.0,0.0,0.0,0,0,0,0.0,0,,,,,,,,,,,,,,,,,,,,,,,,,,,,
usa,MLS,2025,Emil Jaaskelainen,24.0,F,Finland,191.0,86.0,0,0,0.0,0.0,0.0,0.0,0.0,0,0,0,0.0,0,,,,,,,,,,,,,,,,,,,,,,,,,,,,
usa,MLS,2026,Emilio Aristizábal,20.0,F,Colombia,187.0,,13,5,465.0,3.0,0.0,0.0,0.0,0,0,1,0.0,0,0.0,2.129032258064516,1.3548387096774195,0.5806451612903226,0.0,0.5806451612903226,0.5806451612903226,22.258064516129032,0.967741935483871,0.3870967741935484,0.3870967741935484,0.1935483870967742,0.5806451612903226,15.096774193548388,5.612903225806451,2.129032258064516,1.3548387096774195,0.3870967741935484,0.967741935483871,1.3548387096774195,0.1935483870967742,0.0,0.0,10.460869565217392,63.63636363636363,37.17948717948718,63.63636363636363,6.636422413793104
usa,MLS,2026,Emir Karić,28.0,D,Austria,184.0,71.0,1,0,54.0,0.0,0.0,0.0,0.0,0,0,0,0.0,0,0.0,0.0,0.0,0.0,0.0,0.0,0.0,38.333333333333336,1.6666666666666665,3.333333333333333,0.0,0.0,3.333333333333333,11.666666666666666,8.333333333333332,1.6666666666666665,1.6666666666666665,0.0,1.6666666666666665,0.0,0.0,0.0,0.0,19.0,,71.42857142857143,100.0,6.6
usa,MLS,2025 / 2026,Emmanuel Boateng,31.0,M,Ghana,168.0,68.0,13,0,252.0,0.0,0.0,0.0,0.0,0,0,3,0.0,0,0.3571428571428571,0.0,0.0,0.0,0.0,0.0,0.0,29.28571428571429,0.3571428571428571,2.142857142857143,0.3571428571428571,1.0714285714285714,3.214285714285714,11.785714285714286,3.571428571428571,1.7857142857142856,1.0714285714285714,0.7142857142857142,0.3571428571428571,2.8571428571428568,1.0714285714285714,0.0,0.0,6.7407407407407405,,30.303030303030305,60.0,6.459839357429719
usa,MLS,2025 / 2026,Emmanuel Latte Lath,26.0,F,Côte d'Ivoire,177.0,75.0,44,35,3126.0,9.0,3.0,1.0,1.0,1,0,8,0.0,0,0.690978886756238,1.813819577735125,0.6621880998080615,0.2591170825335893,0.08637236084452975,0.345489443378119,0.23032629558541265,15.403071017274472,0.8061420345489444,0.7773512476007678,0.1727447216890595,0.2591170825335893,1.0364683301343571,10.249520153550863,4.462571976967371,1.669865642994242,0.6621880998080615,0.1727447216890595,0.9788867562380038,1.0652591170825336,0.23032629558541265,0.0,0.0,11.241121495327103,36.507936507936506,43.53932584269663,39.6551724137931,6.806274007682458
usa,MLS,2025 / 2026,Emmanuel Sabbi,28.0,F,USA,178.0,73.0,44,35,2799.0,10.0,5.0,4.0,0.0,0,0,6,0.0,0,0.1607717041800643,2.0257234726688105,0.9967845659163986,0.3215434083601286,0.1607717041800643,0.48231511254019294,0.3215434083601286,19.324758842443728,0.8681672025723474,1.1897106109324758,0.06430868167202572,0.28938906752411575,1.4790996784565917,11.639871382636654,5.176848874598071,3.3118971061093245,1.607717041800643,0.5466237942122186,1.864951768488746,2.1864951768488745,0.19292604501607716,0.0,0.0,13.56738768718802,49.2063492063492,44.47513812154696,48.54368932038835,7.0326187924258665
usa,MLS,2025 / 2026,Ender Echenique,21.0,M,Venezuela,167.0,61.0,25,18,1649.0,2.0,5.0,0.0,0.0,0,0,1,0.0,0,0.2183141297756216,0.9824135839902971,0.38204972710733776,0.1091570648878108,0.272892662219527,0.38204972710733776,0.1091570648878108,25.269860521528198,1.9648271679805942,1.4736203759854458,0.2183141297756216,0.9278350515463918,2.4014554275318374,10.097028502122498,4.1479684657368106,3.5476046088538506,1.5827774408732564,1.091570648878108,0.818677986658581,0.7095209217707701,0.0545785324439054,0.0,0.0,17.22246220302376,38.88888888888889,41.08108108108108,44.61538461538462,6.853580097087379
usa,MLS,2025 / 2026,Enea Mihaj,27.0,D,Albania,186.0,78.0,23,20,1808.0,0.0,1.0,0.0,0.0,0,0,3,0.0,0,0.0,0.34845132743362833,0.29867256637168144,0.0,0.049778761061946904,0.049778761061946904,0.0,65.8075221238938,0.14933628318584072,1.2444690265486726,0.497787610619469,1.3440265486725664,2.588495575221239,6.321902654867256,3.584070796460177,0.34845132743362833,0.2488938053097345,0.39823008849557523,0.34845132743362833,0.9457964601769913,0.14933628318584072,0.0,0.0,61.877458396369136,85.71428571428571,56.69291338582677,71.42857142857143,6.808522412838959
usa,MLS,2025,Enes Sali,19.0,F,Romania,168.0,60.0,1,0,10.0,0.0,0.0,0.0,0.0,0,0,1,0.0,0,0.0,0.0,0.0,0.0,0.0,0.0,0.0,45.0,0.0,0.0,0.0,0.0,0.0,36.0,0.0,18.0,0.0,9.0,0.0,9.0,9.0,0.0,0.0,4.0,,0.0,0.0,6.0
usa,MLS,2025,Enzo Newman,20.0,D,USA,175.0,73.0,0,0,0.0,0.0,0.0,0.0,0.0,0,0,0,0.0,0,,,,,,,,,,,,,,,,,,,,,,,,,,,,
usa,MLS,2026,Eric Izoita,18.0,M,,,,0,0,0.0,0.0,0.0,0.0,0.0,0,0,0,0.0,0,,,,,,,,,,,,,,,,,,,,,,,,,,,,
usa,MLS,2025 / 2026,Eric Klein,19.0,M,USA,,,7,0,30.0,0.0,0.0,0.0,0.0,0,0,0,0.0,0,0.0,0.0,0.0,0.0,0.0,0.0,0.0,54.0,0.0,3.0,0.0,0.0,3.0,15.0,3.0,0.0,0.0,3.0,0.0,0.0,0.0,0.0,0.0,7.222222222222222,,20.0,,6.48
usa,MLS,2025 / 2026,Eric Maxim Choupo-Moting,36.0,F,Cameroon,191.0,90.0,43,32,2982.0,19.0,4.0,4.0,0.0,6,1,4,0.0,0,1.056338028169014,1.5694164989939638,1.1770623742454729,0.5734406438631791,0.12072434607645875,0.6941649899396378,0.39235412474849096,22.424547283702214,1.3279678068410463,0.7243460764587526,0.060362173038229376,0.060362173038229376,0.7847082494969819,12.585513078470825,5.040241448692153,2.4446680080482897,1.2072434607645877,0.15090543259557346,1.056338028169014,1.0865191146881288,0.12072434607645875,0.0,0.0,17.206756756756757,75.0,40.04796163069545,49.382716049382715,7.23514419852448
usa,MLS,2025 / 2026,Eric Miller,32.0,D,USA,185.0,79.0,16,3,463.0,0.0,0.0,0.0,0.0,0,0,0,0.0,0,0.0,0.38876889848812096,0.0,0.0,0.0,0.0,0.0,35.96112311015119,0.5831533477321814,1.5550755939524838,0.19438444924406048,0.9719222462203023,2.526997840172786,6.997840172786177,3.1101511879049677,0.5831533477321814,0.19438444924406048,1.1663066954643628,0.0,0.38876889848812096,0.0,0.0,0.0,17.14364640883978,0.0,44.44444444444444,33.33333333333333,6.571861471861472
usa,MLS,2025,Erik Dueñas,21.0,M,Mexico,163.0,59.0,8,1,159.0,0.0,1.0,0.0,0.0,0,0,3,0.0,0,0.0,1.1320754716981132,1.1320754716981132,0.0,0.5660377358490566,0.5660377358490566,0.0,33.39622641509434,2.2641509433962264,2.830188679245283,0.0,3.962264150943396,6.792452830188679,14.150943396226415,4.528301886792453,2.2641509433962264,0.5660377358490566,0.0,1.1320754716981132,4.528301886792453,1.6981132075471697,0.0,0.0,12.728813559322035,100.0,32.0,25.0,6.73375796178344
usa,MLS,2025 / 2026,Erik Sviatchenko,34.0,D,Denmark,184.0,82.0,23,20,1570.0,1.0,0.0,0.0,0.0,0,0,4,0.0,2,0.0,0.5732484076433121,0.28662420382165604,0.057324840764331204,0.0,0.057324840764331204,0.057324840764331204,44.48407643312102,0.22929936305732482,1.089171974522293,0.6878980891719745,1.089171974522293,2.178343949044586,7.394904458598726,4.414012738853503,0.40127388535031844,0.17197452229299362,0.22929936305732482,0.6305732484076433,1.089171974522293,0.22929936305732482,0.0,0.11464968152866241,35.85180412371134,50.0,59.68992248062015,42.857142857142854,6.756687898089172
usa,MLS,2025 / 2026,Erik Thommy,31.0,M,Germany,175.0,72.0,35,20,1725.0,5.0,4.0,0.0,0.0,0,0,1,0.0,0,0.1565217391304348,1.7739130434782608,0.9391304347826088,0.2608695652173913,0.20869565217391303,0.4695652173913044,0.2608695652173913,38.92173913043478,1.0956521739130434,1.0956521739130434,0.10434782608695652,0.8869565217391304,1.982608695652174,9.130434782608695,4.852173913043478,1.7739130434782608,0.8347826086956521,0.5739130434782609,2.6608695652173915,1.1478260869565218,0.05217391304347826,0.0,0.0,22.679624664879356,52.94117647058824,53.142857142857146,47.05882352941176,7.088927536231884
usa,MLS,2025,Eriq Zavaleta,33.0,D,El Salvador,185.0,84.0,5,1,148.0,0.0,0.0,0.0,0.0,0,0,0,0.0,0,0.0,0.0,0.0,0.0,0.0,0.0,0.0,54.72972972972973,0.0,1.2162162162162162,1.2162162162162162,1.2162162162162162,2.4324324324324325,3.040540540540541,1.8243243243243243,0.0,0.0,0.6081081081081081,0.0,0.0,0.0,0.0,0.0,34.111111111111114,,60.0,,7.081632653061225
usa,MLS,2025 / 2026,Ervin Torres,18.0,M,USA,,,3,0,51.0,0.0,0.0,0.0,0.0,0,0,0,0.0,0,0.0,1.7647058823529411,1.7647058823529411,0.0,0.0,0.0,0.0,28.235294117647058,0.0,0.0,0.0,1.7647058823529411,1.7647058823529411,10.588235294117647,5.294117647058823,7.0588235294117645,3.5294117647058822,0.0,1.7647058823529411,1.7647058823529411,0.0,0.0,0.0,4.625,100.0,50.0,50.0,6.299999999999999
usa,MLS,2025,Eryk Williamson,28.0,M,USA,175.0,77.0,24,4,680.0,0.0,1.0,0.0,1.0,0,0,4,0.0,0,0.1323529411764706,0.2647058823529412,0.0,0.0,0.1323529411764706,0.1323529411764706,0.0,42.88235294117647,0.9264705882352942,1.7205882352941178,0.2647058823529412,1.1911764705882353,2.9117647058823533,12.044117647058822,5.029411764705882,2.1176470588235294,0.6617647058823529,0.9264705882352942,1.7205882352941178,2.6470588235294117,0.5294117647058824,0.0,0.0,26.376543209876544,0.0,41.75824175824176,31.25,6.727835051546392
usa,MLS,2025 / 2026,Ethan Bartlow,25.0,D,USA,183.0,77.0,32,23,2136.0,0.0,2.0,0.0,1.0,0,0,3,0.0,0,0.0,0.3792134831460674,0.12640449438202248,0.0,0.08426966292134831,0.08426966292134831,0.0,51.32022471910113,0.33707865168539325,1.053370786516854,0.9691011235955056,0.4634831460674157,1.5168539325842696,6.109550561797753,3.665730337078652,0.4213483146067416,0.2949438202247191,0.2949438202247191,0.5056179775280899,0.8426966292134832,0.12640449438202248,0.0,0.0,40.82676518883415,33.33333333333333,60.0,70.0,6.845714285714285
usa,MLS,2026,Ethan Horvath,30.0,G,USA,191.0,84.0,15,15,1363.0,0.0,0.0,0.0,0.0,0,0,0,0.0,0,0.0,0.0,0.0,0.0,0.0,0.0,0.0,27.99706529713867,0.0,0.06603081438004402,0.0,0.0,0.06603081438004402,0.19809244314013205,0.19809244314013205,0.0,0.0,0.0,0.0,0.0,0.0,0.0,0.0,20.58254716981132,,100.0,,6.664196625091709
usa,MLS,2026,Ethan Kohler,20.0,D,,,,10,9,820.0,0.0,0.0,0.0,0.0,0,0,1,0.0,0,0.0,0.21951219512195122,0.10975609756097561,0.0,0.0,0.0,0.0,65.7439024390244,0.0,1.0975609756097562,1.0975609756097562,1.2073170731707317,2.3048780487804876,5.48780487804878,3.073170731707317,0.0,0.0,0.5487804878048781,0.43902439024390244,0.6585365853658537,0.10975609756097561,0.0,0.0,69.91986644407345,50.0,56.00000000000001,,6.786585365853658
usa,MLS,2025,Ethan O'Brien,24.0,M,USA,183.0,77.0,0,0,0.0,0.0,0.0,0.0,0.0,0,0,0,0.0,0,,,,,,,,,,,,,,,,,,,,,,,,,,,,
usa,MLS,2025 / 2026,Evan Bush,39.0,G,USA,188.0,85.0,6,6,540.0,0.0,0.0,0.0,0.0,0,0,1,0.0,0,0.0,0.0,0.0,0.0,0.0,0.0,0.0,31.166666666666664,0.0,0.0,0.0,0.0,0.0,0.6666666666666667,0.6666666666666667,0.0,0.0,0.0,0.16666666666666669,0.0,0.16666666666666669,0.0,0.0,27.636363636363637,,100.0,,6.9
usa,MLS,2025 / 2026,Evan Louro,29.0,G,USA,191.0,102.0,6,6,553.0,0.0,0.0,0.0,0.0,0,0,0,0.0,0,0.0,0.0,0.0,0.0,0.0,0.0,0.0,34.33996383363472,0.0,0.162748643761302,0.0,0.0,0.162748643761302,0.488245931283906,0.325497287522604,0.0,0.0,0.0,0.0,0.0,0.0,0.0,0.0,24.862559241706162,,66.66666666666666,,7.176672694394213
usa,MLS,2025 / 2026,Evander,27.0,F,Brazil,179.0,76.0,50,48,4251.0,27.0,20.0,2.0,0.0,3,0,10,0.0,0,0.12702893436838392,2.794636556104446,1.714890613973183,0.5716302046577276,0.4234297812279464,0.9950599858856739,0.5081157374735357,39.37896965419901,2.60409315455187,1.1432604093154553,0.04234297812279464,0.3175723359209598,1.4608327452364152,10.035285815102329,4.467184191954834,3.1757233592095977,1.5031757233592096,0.7410021171489061,1.5878616796047988,1.2067748764996473,0.2117148906139732,0.0,0.0,33.70322580645161,61.36363636363637,44.51476793248945,47.333333333333336,8.001505528111034
usa,MLS,2025,Exon Arzú,21.0,F,Honduras,178.0,,0,0,0.0,0.0,0.0,0.0,0.0,0,0,0,0.0,0,,,,,,,,,,,,,,,,,,,,,,,,,,,,
usa,MLS,2026,Ezekiel Alladoh,20.0,F,Ghana,191.0,,13,5,578.0,0.0,1.0,0.0,0.0,0,0,1,0.0,1,0.15570934256055363,0.9342560553633218,0.31141868512110726,0.0,0.15570934256055363,0.15570934256055363,0.0,24.134948096885815,1.5570934256055364,0.6228373702422145,0.0,0.4671280276816609,1.0899653979238755,13.70242214532872,6.85121107266436,0.6228373702422145,0.31141868512110726,0.0,1.0899653979238755,1.5570934256055364,0.15570934256055363,0.0,0.15570934256055363,11.96774193548387,33.33333333333333,50.0,50.0,6.6000000000000005
usa,MLS,2025 / 2026,Ezequiel Ponce,28.0,F,Argentina,180.0,80.0,45,42,3559.0,10.0,1.0,1.0,0.0,1,0,10,0.0,0,0.5057600449564484,1.6437201461084574,0.6827760606912054,0.2528800224782242,0.025288002247822423,0.2781680247260466,0.2275920202304018,17.094689519527957,0.480472042708626,0.42989603821298117,0.10115200899128969,0.17701601573475695,0.6069120539477382,11.050856982298399,4.0713683618994105,1.4414161281258782,0.42989603821298117,0.3034560269738691,1.4667041303737003,2.1241921888170836,0.2528800224782242,0.0,0.0,13.928994082840237,41.53846153846154,36.84210526315789,29.82456140350877,6.668530486091599
usa,MLS,2025 / 2026,Fabian Herbers,32.0,F,Germany,180.0,75.0,21,11,859.0,1.0,0.0,0.0,0.0,0,0,3,0.0,0,0.20954598370197905,1.0477299185098954,0.20954598370197905,0.10477299185098952,0.0,0.10477299185098952,0.10477299185098952,38.45168800931315,1.362048894062864,2.619324796274738,0.0,0.9429569266589057,3.5622817229336436,10.477299185098952,5.867287543655413,0.7334109429569267,0.31431897555296856,0.7334109429569267,1.8859138533178115,1.5715948777648427,0.31431897555296856,0.0,0.0,17.56675749318801,20.0,56.00000000000001,42.857142857142854,6.855180442374854
usa,MLS,2026,Fabian Mrozek,22.0,G,Poland,192.0,,0,0,0.0,0.0,0.0,0.0,0.0,0,0,0,0.0,0,,,,,,,,,,,,,,,,,,,,,,,,,,,,
usa,MLS,2026,Facundo Mura,26.0,D,Argentina,171.0,69.0,12,6,707.0,0.0,0.0,0.0,0.0,0,0,0,0.0,0,0.0,0.1272984441301273,0.1272984441301273,0.0,0.0,0.0,0.0,48.500707213578494,0.7637906647807637,0.8910891089108911,0.1272984441301273,0.7637906647807637,1.654879773691655,3.691654879773692,2.164073550212164,0.2545968882602546,0.1272984441301273,0.5091937765205092,0.8910891089108911,0.2545968882602546,0.0,0.0,0.0,35.21259842519685,100.0,58.620689655172406,50.0,6.515417256011315
usa,MLS,2026,Facundo Torres,25.0,M,Uruguay,177.0,71.0,15,15,1259.0,1.0,5.0,0.0,0.0,0,0,3,0.0,0,0.2859412231930103,1.1437648927720412,0.7148530579825257,0.07148530579825257,0.35742652899126287,0.4289118347895155,0.07148530579825257,41.961874503574265,2.430500397140588,0.857823669579031,0.0,0.2859412231930103,1.1437648927720412,8.435266084193804,4.646544876886418,1.215250198570294,0.2859412231930103,0.5718824463860206,2.1445591739475773,0.7863383637807784,0.21445591739475775,0.0,0.0,35.34412265758092,62.5,55.08474576271186,23.52941176470588,7.049086576648133
usa,MLS,2025 / 2026,Fafà Picault,34.0,F,Haiti,173.0,63.0,28,8,986.0,5.0,1.0,0.0,0.0,0,0,0,0.0,0,0.5476673427991886,1.5517241379310345,0.9127789046653144,0.4563894523326572,0.09127789046653144,0.5476673427991886,0.4563894523326572,27.65720081135903,0.6389452332657201,1.9168356997971603,0.0,0.4563894523326572,2.3732251521298173,11.592292089249492,6.115618661257607,1.643002028397566,0.6389452332657201,0.18255578093306288,1.3691683569979716,1.3691683569979716,0.0,0.0,0.0,13.669966996699669,58.82352941176471,52.75590551181102,38.88888888888889,6.973983739837399
usa,MLS,2025 / 2026,Fallou Fall,21.0,D,Senegal,192.0,,13,8,824.0,1.0,1.0,0.0,0.0,0,0,2,0.0,0,0.0,0.7645631067961165,0.21844660194174756,0.10922330097087378,0.10922330097087378,0.21844660194174756,0.10922330097087378,46.85679611650486,0.7645631067961165,1.8567961165048545,1.0922330097087378,1.0922330097087378,2.9490291262135924,9.174757281553397,5.461165048543689,0.10922330097087378,0.10922330097087378,0.5461165048543689,0.5461165048543689,0.4368932038834951,0.21844660194174756,0.0,0.0,38.05827505827506,28.57142857142857,59.523809523809526,100.0,7.473058252427184
usa,MLS,2025,Favian Loyola,20.0,M,USA,178.0,75.0,0,0,0.0,0.0,0.0,0.0,0.0,0,0,0,0.0,0,,,,,,,,,,,,,,,,,,,,,,,,,,,,
usa,MLS,2025,Federico Bernardeschi,31.0,M,Italy,185.0,77.0,15,15,1301.0,4.0,3.0,0.0,0.0,1,0,5,0.0,0,0.34588777863182163,2.07532667179093,1.1068408916218293,0.2767102229054573,0.207532667179093,0.48424289008455035,0.207532667179093,31.26825518831668,1.7986164488854728,0.7609531129900077,0.06917755572636433,0.13835511145272866,0.8993082244427364,10.860876249039201,4.63489623366641,5.25749423520369,2.3520368946963877,0.2767102229054573,1.245196003074558,1.245196003074558,0.34588777863182163,0.0,0.0,28.449115044247787,53.333333333333336,42.675159235668794,44.73684210526316,7.3847040737893925
usa,MLS,2025,Federico Redondo,22.0,M,Argentina,188.0,78.0,20,8,888.0,0.0,1.0,0.0,0.0,0,0,5,0.0,0,0.0,0.20270270270270271,0.0,0.0,0.10135135135135136,0.10135135135135136,0.0,76.31756756756758,0.40540540540540543,2.0270270270270268,0.30405405405405406,0.8108108108108109,2.8378378378378377,9.932432432432432,4.560810810810811,1.0135135135135134,0.8108108108108109,1.4189189189189189,1.114864864864865,2.4324324324324325,0.5067567567567567,0.0,0.0,44.89508632138114,0.0,45.91836734693878,80.0,6.838963963963964
usa,MLS,2025 / 2026,Felipe Andrade,23.0,D,Brazil,182.0,69.0,34,30,2723.0,5.0,1.0,0.0,1.0,0,0,10,0.0,0,0.0,0.9915534337128167,0.528828497980169,0.1652589056188028,0.03305178112376056,0.19831068674256336,0.1652589056188028,37.381564450973194,0.4296731546088872,2.3466764597869996,0.4296731546088872,1.421226588321704,3.7679030481087037,9.882482556004407,5.32133676092545,0.6610356224752112,0.29746603011384504,0.6279838413514506,0.8593463092177744,1.6195372750642674,0.3305178112376056,0.0,0.0,34.87533156498674,53.333333333333336,53.84615384615385,45.0,6.8983841351450605
usa,MLS,2025,Felipe Carballo,29.0,M,Uruguay,177.0,72.0,18,12,1067.0,0.0,1.0,0.0,0.0,0,0,3,0.0,1,0.0,1.1808809746954076,0.3373945641986879,0.0,0.08434864104967198,0.08434864104967198,0.0,63.430178069353325,1.0121836925960637,2.6991565135895033,0.5060918462980318,1.3495782567947516,4.048734770384255,9.531396438612934,4.723523898781631,1.1808809746954076,0.5060918462980318,1.8556701030927836,0.9278350515463918,1.1808809746954076,0.2530459231490159,0.0,0.08434864104967198,48.765957446808514,28.57142857142857,49.557522123893804,42.857142857142854,7.1339268978444235
usa,MLS,2025 / 2026,Felipe Mora,32.0,F,Chile,175.0,68.0,48,26,2298.0,8.0,3.0,1.0,0.0,1,1,5,0.0,0,0.4699738903394256,1.5274151436031334,0.9007832898172324,0.3133159268929504,0.1174934725848564,0.4308093994778068,0.27415143603133163,21.932114882506525,0.8224543080939948,0.4699738903394256,0.0391644908616188,0.2349869451697128,0.7049608355091384,9.12532637075718,4.464751958224543,0.7441253263707572,0.39164490861618795,0.0391644908616188,1.8015665796344649,0.5483028720626633,0.19582245430809397,0.0,0.0,11.205357142857142,58.97435897435898,48.927038626609445,52.63157894736842,6.894865100087032
usa,MLS,2025,Fernando Álvarez,22.0,D,Colombia,187.0,74.0,22,11,1117.0,0.0,1.0,0.0,0.0,0,0,4,0.0,0,0.08057296329453895,0.4028648164726947,0.1611459265890779,0.0,0.08057296329453895,0.08057296329453895,0.0,54.064458370635634,0.24171888988361684,1.369740376007162,0.4834377797672337,1.2891674127126231,2.658907788719785,7.735004476275739,3.7063563115487916,0.1611459265890779,0.08057296329453895,0.7251566696508506,0.3222918531781558,1.4503133393017011,0.3222918531781558,0.0,0.0,41.43946188340807,40.0,47.91666666666667,50.0,6.537332139659803
usa,MLS,2025,Fidel Barajas,19.0,F,Mexico,178.0,70.0,4,0,42.0,0.0,0.0,0.0,0.0,0,0,0,0.0,0,0.0,0.0,0.0,0.0,0.0,0.0,0.0,45.0,4.285714285714286,4.285714285714286,0.0,0.0,4.285714285714286,15.0,6.428571428571428,2.142857142857143,0.0,2.142857142857143,2.142857142857143,0.0,0.0,0.0,0.0,5.523809523809524,,42.857142857142854,0.0,6.5547619047619055
usa,MLS,2026,Finn Sundstrom,18.0,D,,,,2,1,61.0,0.0,0.0,0.0,0.0,0,0,0,0.0,0,0.0,0.0,0.0,0.0,0.0,0.0,0.0,19.18032786885246,0.0,7.377049180327869,0.0,0.0,7.377049180327869,14.754098360655737,10.327868852459016,0.0,0.0,1.4754098360655739,0.0,1.4754098360655739,0.0,0.0,0.0,5.230769230769231,,70.0,,6.495081967213115
usa,MLS,2025 / 2026,Finn Surman,22.0,D,New Zealand,190.0,81.0,50,50,4429.0,0.0,1.0,1.0,1.0,0,0,3,0.0,0,0.020320614134116052,0.24384736960939263,0.08128245653646421,0.0,0.020320614134116052,0.020320614134116052,0.0,50.984420862497174,0.20320614134116055,1.4021223752540077,1.4630842176563559,1.2395574621810792,2.641679837435087,5.933619327161888,3.840596071347934,0.08128245653646421,0.020320614134116052,0.24384736960939263,0.42673289681643717,0.4470535109505531,0.06096184240234816,0.0,0.0,49.99760860900757,33.33333333333333,64.72602739726028,25.0,7.04847595393994
usa,MLS,2026,Fletcher Bank,23.0,F,,,,1,0,12.0,0.0,0.0,0.0,0.0,0,0,0,0.0,0,0.0,0.0,0.0,0.0,0.0,0.0,0.0,45.0,0.0,0.0,0.0,0.0,0.0,15.0,0.0,0.0,0.0,7.5,0.0,0.0,0.0,0.0,0.0,5.0,,0.0,,6.5
usa,MLS,2025,Forster Ajago,24.0,F,Ghana,188.0,87.0,6,3,258.0,1.0,0.0,0.0,0.0,0,0,2,0.0,0,1.3953488372093024,1.3953488372093024,1.0465116279069768,0.3488372093023256,0.0,0.3488372093023256,0.3488372093023256,9.069767441860465,1.0465116279069768,1.744186046511628,0.0,0.0,1.744186046511628,16.046511627906977,4.534883720930233,1.744186046511628,0.3488372093023256,0.3488372093023256,1.3953488372093024,2.441860465116279,0.6976744186046512,0.0,0.0,4.384615384615385,75.0,28.26086956521739,20.0,6.575968992248062
usa,MLS,2025 / 2026,Francesco Montali,25.0,G,USA,190.0,84.0,0,0,0.0,0.0,0.0,0.0,0.0,0,0,0,0.0,0,,,,,,,,,,,,,,,,,,,,,,,,,,,,
usa,MLS,2025,Franco Escobar,30.0,D,Argentina,175.0,72.0,23,18,1583.0,2.0,2.0,0.0,0.0,0,0,10,0.0,1,0.05685407454200884,0.5685407454200885,0.17056222362602652,0.11370814908401768,0.11370814908401768,0.22741629816803535,0.11370814908401768,54.40934933670246,0.6822488945041061,2.7858496525584333,0.6253948199620972,1.8193303853442828,4.605180037902716,10.404295641187618,5.571699305116867,1.1939355653821857,0.9096651926721414,0.9096651926721414,0.7391029690461149,1.421351863550221,0.5685407454200885,0.0,0.05685407454200884,46.280922431865825,30.0,53.551912568306015,76.19047619047619,7.17435249526216
usa,MLS,2025 / 2026,Franco Negri,30.0,D,Argentina,170.0,70.0,23,13,1074.0,1.0,1.0,0.0,1.0,0,0,5,0.0,0,0.0,0.41899441340782123,0.16759776536312848,0.08379888268156424,0.08379888268156424,0.16759776536312848,0.08379888268156424,60.67039106145251,0.6703910614525139,1.5921787709497206,0.41899441340782123,1.1731843575418994,2.76536312849162,6.368715083798882,3.100558659217877,1.5921787709497206,0.5865921787709497,0.25139664804469275,0.33519553072625696,1.4245810055865922,0.41899441340782123,0.0,0.0,35.27209944751381,40.0,48.68421052631579,36.84210526315789,6.874277726001863
usa,MLS,2025 / 2026,Frankie Amaya,25.0,M,USA,163.0,63.0,20,3,473.0,1.0,0.0,0.0,0.0,0,0,2,0.0,0,0.0,0.9513742071881607,0.5708245243128964,0.19027484143763215,0.0,0.19027484143763215,0.19027484143763215,56.89217758985201,2.0930232558139537,3.234672304439746,0.0,0.9513742071881607,4.186046511627907,8.94291754756871,4.5665961945031714,1.5221987315010572,0.3805496828752643,1.331923890063425,0.3805496828752643,0.9513742071881607,0.3805496828752643,0.0,0.0,25.14715719063545,60.0,51.06382978723404,25.0,6.769574468085106
usa,MLS,2025 / 2026,Frankie Westfield,20.0,D,USA,,,39,30,2801.0,1.0,5.0,0.0,0.0,0,0,6,0.0,1,0.06426276329882186,0.7068903962870403,0.22491967154587647,0.03213138164941093,0.16065690824705464,0.19278828989646557,0.03213138164941093,33.86647625847912,1.2209925026776152,1.9278828989646555,0.2891824348446983,0.9318100678329168,2.859692966797572,8.932524098536238,5.6551231702963225,0.6426276329882186,0.19278828989646557,0.6426276329882186,1.3816494109246698,0.8032845412352732,0.19278828989646557,0.0,0.03213138164941093,23.326375711574954,31.818181818181817,63.30935251798561,30.0,7.018707604426991
usa,MLS,2025 / 2026,Gabriel Pec,24.0,M,Brazil,173.0,66.0,43,41,3699.0,12.0,7.0,0.0,0.0,1,0,13,0.0,1,0.17031630170316303,2.8223844282238444,1.7761557177615572,0.29197080291970806,0.17031630170316303,0.46228710462287104,0.26763990267639903,38.613138686131386,1.313868613138686,0.9002433090024331,0.0,0.5839416058394161,1.4841849148418491,11.24087591240876,4.8661800486618,4.37956204379562,2.116788321167883,0.9002433090024331,1.7761557177615572,1.338199513381995,0.31630170316301703,0.0,0.024330900243309004,37.04473850031506,62.93103448275862,43.290043290043286,48.333333333333336,7.252041092187079
usa,MLS,2025 / 2026,Gabriel Pirani,23.0,F,Brazil,170.0,71.0,35,28,2375.0,7.0,3.0,0.0,0.0,0,0,3,0.0,0,0.037894736842105266,1.6294736842105262,0.72,0.26526315789473687,0.11368421052631579,0.37894736842105264,0.26526315789473687,29.406315789473684,1.5157894736842106,1.0989473684210527,0.0,0.5305263157894737,1.6294736842105262,10.458947368421052,3.9410526315789474,2.5010526315789474,1.0231578947368423,0.8336842105263159,1.7431578947368422,1.0989473684210527,0.11368421052631579,0.0,0.0,25.655927835051546,44.18604651162791,37.68115942028986,40.909090909090914,6.8439578947368425
usa,MLS,2025,Gabriel Segal,24.0,F,USA,178.0,72.0,11,1,184.0,2.0,0.0,0.0,0.0,1,0,0,0.0,0,0.4891304347826087,2.934782608695652,1.467391304347826,0.9782608695652174,0.0,0.9782608695652174,0.4891304347826087,25.43478260869565,0.9782608695652174,1.467391304347826,0.0,0.4891304347826087,1.9565217391304348,13.695652173913045,5.380434782608696,0.4891304347826087,0.0,0.0,0.9782608695652174,2.4456521739130435,0.0,0.0,0.0,15.0,50.0,39.285714285714285,0.0,7.380219780219781
usa,MLS,2025 / 2026,Gage Guerra,23.0,F,USA,178.0,82.0,13,3,426.0,2.0,1.0,0.0,0.0,0,0,0,0.0,0,0.4225352112676056,1.4788732394366197,0.6338028169014085,0.4225352112676056,0.2112676056338028,0.6338028169014085,0.4225352112676056,14.788732394366198,0.8450704225352113,0.6338028169014085,0.2112676056338028,0.6338028169014085,1.267605633802817,8.873239436619718,2.535211267605634,1.056338028169014,0.0,0.4225352112676056,0.4225352112676056,0.6338028169014085,0.0,0.0,0.0,7.628571428571429,42.857142857142854,28.57142857142857,0.0,6.496941176470588
usa,MLS,2025,Gage Guerra,,F,USA,178.0,82.0,1,0,17.0,0.0,0.0,0.0,0.0,0,0,0,0.0,0,0.0,0.0,0.0,0.0,0.0,0.0,0.0,52.94117647058824,0.0,0.0,0.0,5.294117647058823,5.294117647058823,21.176470588235293,10.588235294117647,0.0,0.0,0.0,0.0,5.294117647058823,0.0,0.0,0.0,5.0,,50.0,,6.6
usa,MLS,2025,Garrison Tubbs,23.0,D,USA,188.0,79.0,8,7,566.0,0.0,0.0,0.0,0.0,0,0,3,0.0,0,0.0,0.0,0.0,0.0,0.0,0.0,0.0,39.75265017667844,0.15901060070671377,1.9081272084805656,0.31802120141342755,1.7491166077738516,3.6572438162544167,6.042402826855124,3.498233215547703,0.4770318021201414,0.15901060070671377,0.31802120141342755,0.7950530035335689,1.1130742049469964,0.4770318021201414,0.0,0.0,42.08,,57.89473684210527,33.33333333333333,6.6602473498233214
usa,MLS,2025,Gastón Brugman,33.0,M,Uruguay,178.0,75.0,26,14,1369.0,0.0,1.0,0.0,0.0,0,0,2,0.0,0,0.0,0.7231555880204528,0.26296566837107377,0.0,0.06574141709276844,0.06574141709276844,0.0,66.53031409788167,2.0379839298758218,2.6953981008035064,0.32870708546384225,1.5120525931336743,4.20745069393718,9.663988312636961,5.06208911614317,1.3805697589481374,0.591672753834916,1.4463111760409055,1.314828341855369,1.906501095690285,0.13148283418553688,0.0,0.0,48.28656126482213,36.36363636363637,52.38095238095239,42.857142857142854,7.203221083455344
usa,MLS,2025 / 2026,Gavin Turner,18.0,M,USA,168.0,64.0,4,0,67.0,0.0,0.0,0.0,0.0,0,0,0,0.0,0,0.0,1.3432835820895521,0.0,0.0,0.0,0.0,0.0,28.208955223880597,2.6865671641791042,1.3432835820895521,0.0,1.3432835820895521,2.6865671641791042,6.716417910447761,2.6865671641791042,0.0,0.0,1.3432835820895521,0.0,0.0,0.0,0.0,0.0,5.2,0.0,40.0,,6.532835820895523
usa,MLS,2026,Geiner Martínez,22.0,D,Colombia,189.0,,7,4,474.0,0.0,0.0,0.0,0.0,0,0,2,0.0,0,0.0,0.569620253164557,0.0,0.0,0.0,0.0,0.0,31.329113924050635,0.18987341772151897,2.468354430379747,0.18987341772151897,1.7088607594936709,4.177215189873418,7.40506329113924,3.7974683544303796,0.569620253164557,0.18987341772151897,0.18987341772151897,0.37974683544303794,1.8987341772151898,0.37974683544303794,0.0,0.0,23.52121212121212,0.0,51.28205128205128,33.33333333333333,6.507383966244726
usa,MLS,2025,George Campbell,24.0,D,USA,188.0,84.0,16,15,1355.0,0.0,1.0,0.0,0.0,0,0,4,0.0,0,0.0,0.5313653136531366,0.13284132841328414,0.0,0.06642066420664207,0.06642066420664207,0.0,67.48339483394834,0.3985239852398524,2.1918819188191883,0.9963099630996309,1.3948339483394834,3.586715867158672,8.302583025830259,5.180811808118081,0.5977859778597786,0.4649446494464945,0.33210332103321033,1.3284132841328413,1.1955719557195572,0.2656826568265683,0.0,0.0,61.34251968503937,25.0,62.4,77.77777777777779,7.095940959409594
usa,MLS,2025 / 2026,George Marks,26.0,G,USA,185.0,75.0,0,0,0.0,0.0,0.0,0.0,0.0,0,0,0,0.0,0,,,,,,,,,,,,,,,,,,,,,,,,,,,,
usa,MLS,2025,George Sharod,19.0,M,Thailand,,,1,0,11.0,0.0,0.0,0.0,0.0,0,0,0,0.0,0,0.0,0.0,0.0,0.0,0.0,0.0,0.0,8.181818181818182,0.0,0.0,0.0,0.0,0.0,8.181818181818182,0.0,8.181818181818182,0.0,0.0,0.0,0.0,0.0,0.0,0.0,,,0.0,0.0,6.3
usa,MLS,2025 / 2026,Georgi Minoungou,23.0,F,Côte d'Ivoire,180.0,70.0,35,14,1515.0,1.0,5.0,0.0,1.0,0,0,1,0.0,0,0.7128712871287128,1.8415841584158414,0.7722772277227723,0.0594059405940594,0.297029702970297,0.3564356435643564,0.0594059405940594,27.683168316831683,1.8415841584158414,1.306930693069307,0.0,0.4158415841584158,1.7227722772277225,14.554455445544553,6.9504950495049505,6.7128712871287135,3.148514851485148,0.5346534653465347,1.9603960396039604,1.485148514851485,0.0594059405940594,0.0,0.0,16.64516129032258,41.935483870967744,47.755102040816325,46.902654867256636,6.925280528052805
usa,MLS,2025 / 2026,Gerardo Valenzuela,21.0,M,USA,183.0,,36,18,1653.0,6.0,2.0,1.0,0.0,0,0,3,0.0,1,0.0,1.9600725952813067,1.1978221415607986,0.32667876588021777,0.10889292196007261,0.43557168784029043,0.32667876588021777,36.42468239564428,1.9600725952813067,1.2522686025408347,0.16333938294010888,0.6533575317604355,1.9056261343012704,13.339382940108893,5.771324863883847,2.9945553539019967,0.8711433756805809,0.3811252268602541,2.6678765880217785,1.4156079854809438,0.16333938294010888,0.0,0.054446460980036304,24.41554559043348,61.111111111111114,43.26530612244898,29.09090909090909,6.9068401937046
usa,MLS,2026,Germán Berterame,27.0,F,Argentina,173.0,65.0,15,12,1141.0,7.0,3.0,0.0,0.0,0,0,1,0.0,0,0.07887817703768624,2.208588957055215,1.340929009640666,0.5521472392638037,0.23663453111305874,0.7887817703768624,0.5521472392638037,21.84925503943909,1.340929009640666,0.7887817703768624,0.0,0.4732690622261175,1.2620508326029798,8.282208588957054,3.707274320771253,0.946538124452235,0.3943908851884312,0.07887817703768624,1.0254163014899211,1.9719544259421562,0.07887817703768624,0.0,0.0,17.08664259927798,60.71428571428571,44.761904761904766,41.66666666666667,7.012971078001753
usa,MLS,2025,Gevork Diarbian,24.0,M,USA,170.0,68.0,0,0,0.0,0.0,0.0,0.0,0.0,0,0,0,0.0,0,,,,,,,,,,,,,,,,,,,,,,,,,,,,
usa,MLS,2025,Giacomo Vrioni,27.0,F,Albania,188.0,85.0,9,6,411.0,3.0,0.0,0.0,0.0,0,0,0,0.0,1,0.8759124087591241,3.5036496350364965,1.532846715328467,0.656934306569343,0.0,0.656934306569343,0.656934306569343,10.291970802919709,0.43795620437956206,0.43795620437956206,0.0,0.0,0.43795620437956206,12.043795620437956,4.817518248175182,1.7518248175182483,0.656934306569343,0.21897810218978103,1.9708029197080292,1.094890510948905,0.0,0.0,0.21897810218978103,4.787234042553192,43.75,40.0,37.5,6.700973236009732
usa,MLS,2025 / 2026,Gilberto Flores,22.0,D,Paraguay,178.0,78.0,25,16,1551.0,0.0,0.0,0.0,0.0,0,0,6,0.0,1,0.0,0.4061895551257253,0.11605415860735009,0.0,0.0,0.0,0.0,48.68471953578337,0.11605415860735009,2.7272727272727275,0.8704061895551258,1.1605415860735009,3.8878143133462286,10.618955512572533,6.208897485493231,0.3481624758220503,0.17408123791102514,1.5667311411992264,0.6382978723404256,0.9284332688588007,0.3481624758220503,0.0,0.058027079303675046,39.582836710369484,28.57142857142857,58.46994535519126,50.0,6.950647668393782
usa,MLS,2026,Gilberto Rivera,21.0,D,,,,0,0,0.0,0.0,0.0,0.0,0.0,0,0,0,0.0,0,,,,,,,,,,,,,,,,,,,,,,,,,,,,
usa,MLS,2026,Giovanny Sequera,19.0,D,Venezuela,170.0,60.0,1,1,82.0,0.0,0.0,0.0,0.0,0,0,0,0.0,0,0.0,1.0975609756097562,0.0,0.0,0.0,0.0,0.0,19.75609756097561,0.0,2.1951219512195124,0.0,0.0,2.1951219512195124,19.75609756097561,14.268292682926829,3.292682926829268,2.1951219512195124,1.0975609756097562,6.585365853658536,3.292682926829268,0.0,0.0,0.0,10.0,0.0,72.22222222222221,66.66666666666666,7.199999999999999
usa,MLS,2025,Giuseppe Bovalina,21.0,D,Australia,173.0,71.0,8,2,226.0,0.0,2.0,0.0,0.0,0,0,0,0.0,0,0.39823008849557523,1.1946902654867257,0.7964601769911505,0.0,0.7964601769911505,0.7964601769911505,0.0,33.05309734513274,1.1946902654867257,1.1946902654867257,1.1946902654867257,0.7964601769911505,1.991150442477876,8.761061946902656,2.7876106194690267,0.39823008849557523,0.0,1.1946902654867257,0.7964601769911505,0.7964601769911505,0.0,0.0,0.0,20.80722891566265,66.66666666666666,31.818181818181817,0.0,6.872767857142857
usa,MLS,2025 / 2026,Gonzalo Luján,24.0,D,Argentina,184.0,82.0,41,30,2639.0,1.0,1.0,0.0,1.0,0,0,6,0.0,0,0.0,0.30693444486547933,0.10231148162182646,0.034103827207275485,0.034103827207275485,0.06820765441455097,0.034103827207275485,61.83023872679045,0.23872679045092837,2.11443728685108,0.4433497536945813,1.05721864342554,3.17165593027662,7.9461917392951875,4.774535809018568,0.784388025767336,0.5456612353164078,0.5456612353164078,0.40924592648730584,1.05721864342554,0.20462296324365292,0.0,0.0,51.518477661334806,33.33333333333333,60.08583690987125,69.56521739130434,6.838172858225928
usa,MLS,2025 / 2026,Gregory Ranjitsingh,32.0,G,Trinidad and Tobago,188.0,91.0,0,0,0.0,0.0,0.0,0.0,0.0,0,0,0,0.0,0,,,,,,,,,,,,,,,,,,,,,,,,,,,,
usa,MLS,2025 / 2026,Griffin Dillon,22.0,M,USA,180.0,72.0,8,3,333.0,0.0,0.0,0.0,0.0,0,0,1,0.0,0,0.0,0.8108108108108109,0.5405405405405406,0.0,0.0,0.0,0.0,35.945945945945944,1.6216216216216217,1.0810810810810811,0.2702702702702703,1.0810810810810811,2.1621621621621623,6.486486486486487,4.0540540540540535,0.2702702702702703,0.0,0.5405405405405406,2.4324324324324325,1.0810810810810811,0.2702702702702703,0.0,0.0,28.616541353383457,66.66666666666666,62.5,0.0,6.963363363363364
usa,MLS,2025 / 2026,Griffin Dorsey,26.0,D,USA,182.0,72.0,45,40,3633.0,4.0,5.0,0.0,1.0,0,0,9,0.0,0,0.12386457473162676,0.8670520231213872,0.3220478943022296,0.0990916597853014,0.12386457473162676,0.22295623451692814,0.0990916597853014,26.259289843104874,1.06523534269199,1.5111478117258466,0.3220478943022296,0.916597853014038,2.4277456647398843,7.5805119735755575,3.9141205615194052,0.6440957886044592,0.3963666391412056,0.37159372419488024,0.7927332782824112,1.1147811725846408,0.22295623451692814,0.0,0.0,21.96780303030303,37.142857142857146,51.633986928104584,61.53846153846154,6.864041850220264
usa,MLS,2026,Griffin Yow,23.0,F,USA,175.0,61.0,13,8,676.0,1.0,0.0,0.0,0.0,0,0,2,0.0,0,0.5325443786982248,1.0650887573964496,0.665680473372781,0.1331360946745562,0.0,0.1331360946745562,0.1331360946745562,22.89940828402367,0.9319526627218936,2.130177514792899,0.0,0.665680473372781,2.79585798816568,11.98224852071006,4.127218934911243,2.2633136094674557,0.3994082840236686,1.7307692307692308,1.198224852071006,1.4644970414201184,0.2662721893491124,0.0,0.0,13.186046511627907,62.5,34.44444444444444,17.647058823529413,6.453994082840238
usa,MLS,2026,Guilherme,30.0,F,Brazil,180.0,65.0,14,13,1176.0,8.0,4.0,0.0,0.0,0,0,2,0.0,0,0.22959183673469385,2.2193877551020407,1.4540816326530612,0.6122448979591837,0.30612244897959184,0.9183673469387754,0.6122448979591837,41.3265306122449,2.4489795918367347,0.9183673469387754,0.0,1.5306122448979593,2.4489795918367347,13.08673469387755,8.035714285714286,4.438775510204081,2.6785714285714284,0.5357142857142857,3.36734693877551,0.8418367346938775,0.15306122448979592,0.0,0.0,36.13333333333333,65.51724137931035,61.40350877192983,60.3448275862069,8.112414965986396
usa,MLS,2025 / 2026,Guilherme Biro,25.0,D,Brazil,188.0,79.0,46,44,3678.0,4.0,2.0,1.0,0.0,0,0,10,0.0,1,0.1468189233278956,0.636215334420881,0.22022838499184338,0.09787928221859706,0.04893964110929853,0.1468189233278956,0.09787928221859706,44.24143556280587,0.7096247960848286,1.3213703099510603,0.41598694942903747,1.4437194127243067,2.765089722675367,9.37194127243067,5.236541598694942,0.9298531810766721,0.41598694942903747,0.367047308319739,0.905383360522023,0.905383360522023,0.2446982055464927,0.0,0.024469820554649264,38.563606194690266,34.61538461538461,55.87467362924282,44.73684210526316,6.94921152800435
usa,MLS,2025 / 2026,Gustav Berggren,28.0,M,Sweden,187.0,80.0,16,7,681.0,0.0,1.0,0.0,0.0,0,0,0,0.0,1,0.0,0.7929515418502203,0.13215859030837004,0.0,0.13215859030837004,0.13215859030837004,0.0,40.969162995594715,1.4537444933920705,1.4537444933920705,0.2643171806167401,1.1894273127753305,2.643171806167401,7.665198237885463,3.700440528634361,0.5286343612334802,0.39647577092511016,0.6607929515418502,0.39647577092511016,2.246696035242291,0.0,0.0,0.13215859030837004,31.080906148867314,16.666666666666664,48.275862068965516,75.0,6.563529411764706
usa,MLS,2025 / 2026,Gustavo Caraballo,17.0,F,USA,,,5,0,39.0,0.0,0.0,0.0,0.0,0,0,0,0.0,0,0.0,2.3076923076923075,0.0,0.0,0.0,0.0,0.0,41.53846153846154,4.615384615384615,2.3076923076923075,2.3076923076923075,0.0,2.3076923076923075,16.153846153846153,11.538461538461537,2.3076923076923075,0.0,0.0,6.923076923076923,2.3076923076923075,0.0,0.0,0.0,4.444444444444445,0.0,71.42857142857143,0.0,6.7631578947368425
usa,MLS,2025,Hakim Karamoko,20.0,F,USA,183.0,85.0,1,0,19.0,0.0,0.0,0.0,0.0,0,0,1,0.0,0,0.0,0.0,0.0,0.0,0.0,0.0,0.0,23.684210526315788,4.7368421052631575,0.0,0.0,0.0,0.0,23.684210526315788,4.7368421052631575,0.0,0.0,0.0,0.0,9.473684210526315,4.7368421052631575,0.0,0.0,3.0,,20.0,,6.3
usa,MLS,2025,Hamady Diop,24.0,D,Senegal,183.0,82.0,7,0,190.0,0.0,0.0,0.0,0.0,0,0,1,0.0,0,0.0,0.9473684210526315,0.47368421052631576,0.0,0.0,0.0,0.0,90.94736842105263,1.894736842105263,0.9473684210526315,0.47368421052631576,0.47368421052631576,1.4210526315789473,10.894736842105264,5.684210526315789,0.9473684210526315,0.47368421052631576,1.4210526315789473,2.3684210526315788,1.894736842105263,0.47368421052631576,0.0,0.0,33.739583333333336,50.0,52.17391304347826,50.0,6.726842105263159
usa,MLS,2026,Hamzat Ojediran,22.0,M,Nigeria,172.0,79.0,13,13,973.0,1.0,0.0,0.0,0.0,0,0,6,0.0,0,0.0,0.5549845837615621,0.27749229188078106,0.09249743062692703,0.0,0.09249743062692703,0.09249743062692703,58.36587872559096,0.3699897225077081,2.1274409044193217,0.3699897225077081,1.2024665981500513,3.329907502569373,9.157245632065775,4.347379239465571,0.5549845837615621,0.4624871531346351,0.8324768756423433,1.2949640287769786,2.49743062692703,0.5549845837615621,0.0,0.0,50.217115689381934,50.0,47.474747474747474,83.33333333333334,6.765775950668037
usa,MLS,2025 / 2026,Hannes Wolf,26.0,M,Austria,179.0,69.0,52,46,3920.0,16.0,8.0,0.0,0.0,0,0,5,0.0,0,0.25255102040816324,1.2168367346938775,0.6887755102040816,0.3673469387755102,0.1836734693877551,0.5510204081632653,0.3673469387755102,33.54336734693877,1.2168367346938775,1.8137755102040816,0.04591836734693878,0.7806122448979592,2.5943877551020407,10.14795918367347,4.040816326530612,2.938775510204082,1.010204081632653,1.2168367346938775,1.056122448979592,1.3316326530612246,0.11479591836734693,0.0,0.0,25.613963039014372,56.60377358490566,39.81900452488688,34.375,7.132831632653061
usa,MLS,2025 / 2026,Hany Mukhtar,30.0,F,Germany,173.0,72.0,52,49,4499.0,23.0,12.0,6.0,0.0,3,2,7,0.0,0,0.4000889086463658,2.640586797066015,1.6803734163147366,0.46010224494332075,0.24005334518781954,0.7001555901311403,0.4000889086463658,35.68793065125583,2.46054678817515,0.7401644809957768,0.0,0.14003111802622806,0.8801955990220048,9.02200488997555,3.2207157146032452,2.0404534340964657,0.680151144698822,0.6001333629695488,1.6803734163147366,1.2002667259390976,0.14003111802622806,0.0,0.0,32.32006726457399,63.63636363636363,35.69844789356985,33.33333333333333,7.432940653478552
usa,MLS,2025 / 2026,Harbor Miller,18.0,D,USA,,,24,14,1226.0,1.0,1.0,0.0,0.0,0,0,2,0.0,0,0.1468189233278956,0.5138662316476346,0.1468189233278956,0.0734094616639478,0.0734094616639478,0.1468189233278956,0.0734094616639478,34.135399673735726,1.5415986949429037,1.9820554649265905,0.22022838499184338,0.8075040783034257,2.789559543230016,9.616639477977161,4.99184339314845,1.8352365415986949,0.8809135399673735,0.734094616639478,1.468189233278956,0.8809135399673735,0.1468189233278956,0.0,0.0,22.270967741935483,28.57142857142857,51.908396946564885,48.0,6.868897959183673
usa,MLS,2025,Harold Osorio,22.0,M,El Salvador,176.0,70.0,1,0,1.0,0.0,0.0,0.0,0.0,0,0,0,0.0,0,0.0,0.0,0.0,0.0,0.0,0.0,0.0,90.0,0.0,0.0,0.0,0.0,0.0,270.0,90.0,0.0,0.0,0.0,0.0,0.0,0.0,0.0,0.0,,,33.33333333333333,,
usa,MLS,2025 / 2026,Harry Toffolo,30.0,D,England,183.0,71.0,16,15,1189.0,0.0,3.0,0.0,0.0,0,0,2,0.0,0,0.07569386038687972,0.2270815811606392,0.07569386038687972,0.0,0.2270815811606392,0.2270815811606392,0.0,43.90243902439024,1.0597140454163163,2.1194280908326326,0.15138772077375945,0.8326324642556769,2.9520605550883094,7.947855340622372,4.465937762825904,1.0597140454163163,0.2270815811606392,0.8326324642556769,1.362489486963835,0.8326324642556769,0.15138772077375945,0.0,0.0,38.59137931034483,33.33333333333333,56.19047619047619,21.428571428571427,6.8494533221194285
usa,MLS,2026,Harvey Sarajian,21.0,F,USA,,,2,0,11.0,0.0,0.0,0.0,0.0,0,0,0,0.0,0,0.0,0.0,0.0,0.0,0.0,0.0,0.0,98.18181818181817,0.0,0.0,0.0,0.0,0.0,40.90909090909091,16.363636363636363,24.545454545454543,16.363636363636363,8.181818181818182,0.0,8.181818181818182,0.0,0.0,0.0,9.0,,40.0,66.66666666666666,6.7
usa,MLS,2025 / 2026,Hassani Dotson,28.0,M,USA,180.0,78.0,23,13,1149.0,2.0,0.0,0.0,0.0,0,0,5,0.0,0,0.0783289817232376,0.3133159268929504,0.2349869451697128,0.1566579634464752,0.0,0.1566579634464752,0.1566579634464752,44.33420365535248,0.9399477806788512,1.6449086161879896,0.3133159268929504,1.3315926892950392,2.976501305483029,9.086161879895561,4.308093994778068,0.8616187989556136,0.39164490861618795,0.6266318537859008,1.2532637075718016,0.9399477806788512,0.39164490861618795,0.0,0.0,39.7858407079646,75.0,47.41379310344828,45.45454545454545,6.915839860748476
usa,MLS,2025,Heine Gikling Bruseth,21.0,M,Norway,177.0,64.0,0,0,0.0,0.0,0.0,0.0,0.0,0,0,0,0.0,0,,,,,,,,,,,,,,,,,,,,,,,,,,,,
usa,MLS,2025 / 2026,Hennadiy Synchuk,19.0,M,Ukraine,183.0,80.0,23,15,1274.0,2.0,0.0,0.0,0.0,0,0,4,0.0,0,0.282574568288854,2.4725274725274726,0.9183673469387754,0.141287284144427,0.0,0.141287284144427,0.141287284144427,31.153846153846153,1.130298273155416,1.978021978021978,0.141287284144427,0.706436420722135,2.684458398744113,15.188383045525903,8.68916797488226,4.450549450549451,2.82574568288854,0.9183673469387754,3.108320251177394,1.3422291993720565,0.282574568288854,0.0,0.0,18.521640091116172,37.142857142857146,57.20930232558139,63.49206349206349,7.020172684458399
usa,MLS,2025 / 2026,Henry Kessler,27.0,D,USA,193.0,84.0,17,15,1374.0,0.0,1.0,0.0,0.0,0,0,2,0.0,0,0.13100436681222707,0.32751091703056767,0.06550218340611354,0.0,0.06550218340611354,0.06550218340611354,0.0,47.620087336244545,0.26200873362445415,1.3755458515283843,1.3755458515283843,0.6550218340611353,2.03056768558952,7.336244541484716,4.454148471615721,0.26200873362445415,0.1965065502183406,0.13100436681222707,1.0480349344978166,0.7205240174672489,0.13100436681222707,0.0,0.0,46.39064649243466,20.0,60.71428571428571,75.0,7.191266375545851
usa,MLS,2025 / 2026,Henry Wingo,30.0,D,USA,183.0,77.0,7,5,292.0,0.0,0.0,0.0,1.0,0,0,0,0.0,0,0.3082191780821918,0.0,0.0,0.0,0.0,0.0,0.0,49.62328767123287,0.3082191780821918,1.5410958904109588,0.0,0.6164383561643836,2.1575342465753424,8.321917808219178,3.0821917808219177,1.2328767123287672,0.3082191780821918,0.6164383561643836,0.0,1.5410958904109588,0.0,0.0,0.0,26.111801242236027,,37.03703703703704,25.0,6.368835616438355
usa,MLS,2026,Herman Johansson,28.0,M,Sweden,190.0,84.0,14,11,1005.0,0.0,2.0,0.0,1.0,0,0,1,0.0,0,0.08955223880597014,0.08955223880597014,0.08955223880597014,0.0,0.1791044776119403,0.1791044776119403,0.0,27.940298507462686,1.4328358208955223,1.164179104477612,0.3582089552238806,0.26865671641791045,1.4328358208955223,9.044776119402986,4.388059701492537,0.6268656716417911,0.1791044776119403,0.26865671641791045,0.6268656716417911,2.059701492537313,0.08955223880597014,0.0,0.0,19.951923076923077,100.0,48.51485148514851,28.57142857142857,6.822487562189055
usa,MLS,2025,Hernán López Muñoz,25.0,M,Argentina,169.0,67.0,5,4,255.0,0.0,0.0,0.0,0.0,0,0,2,0.0,1,0.3529411764705882,1.7647058823529411,1.4117647058823528,0.0,0.0,0.0,0.0,22.588235294117645,1.4117647058823528,1.0588235294117647,0.0,1.0588235294117647,2.1176470588235294,17.647058823529413,7.764705882352941,5.294117647058823,2.8235294117647056,0.7058823529411764,3.5294117647058822,2.8235294117647056,0.7058823529411764,0.0,0.3529411764705882,9.40625,80.0,44.0,53.333333333333336,6.715686274509804
usa,MLS,2025 / 2026,Heung-min Son,33.0,F,Korea Republic,183.0,78.0,27,25,2224.0,13.0,11.0,1.0,0.0,0,0,1,0.0,0,0.3642086330935252,2.2257194244604315,1.537769784172662,0.5260791366906475,0.4451438848920863,0.9712230215827339,0.5260791366906475,28.448741007194243,3.035071942446043,0.48561151079136694,0.04046762589928058,0.08093525179856116,0.5665467625899281,8.700539568345324,4.168165467625899,3.5611510791366903,1.740107913669065,0.28327338129496404,1.740107913669065,0.3642086330935252,0.04046762589928058,0.0,0.0,26.031294452347083,69.0909090909091,47.906976744186046,48.86363636363637,7.699370503597123
usa,MLS,2025,Hirving Lozano,30.0,F,Mexico,175.0,70.0,31,22,1967.0,11.0,9.0,0.0,0.0,2,0,7,0.0,0,0.8235892221657347,3.1570920183019826,1.418403660396543,0.5033045246568378,0.41179461108286736,0.915099135739705,0.41179461108286736,30.610066090493135,1.6929334011184545,1.281138790035587,0.09150991357397051,0.36603965429588203,1.6471784443314694,13.909506863243518,6.817488561260802,4.1637010676156585,2.0589730554143366,0.5948144382308084,2.9740721911540415,2.150482968988307,0.32028469750889677,0.0,0.0,19.916292974588938,44.927536231884055,49.01315789473684,49.45054945054945,7.451906456532791
usa,MLS,2025,Ho-Yeon Jung,25.0,M,Korea Republic,180.0,,4,1,97.0,0.0,0.0,0.0,0.0,0,0,0,0.0,0,0.0,0.0,0.0,0.0,0.0,0.0,0.0,24.123711340206185,0.0,2.783505154639175,0.9278350515463918,1.8556701030927836,4.639175257731958,15.773195876288659,5.56701030927835,1.8556701030927836,0.9278350515463918,1.8556701030927836,0.9278350515463918,3.711340206185567,0.0,0.0,0.0,6.884615384615385,,35.294117647058826,50.0,6.825773195876289
usa,MLS,2025 / 2026,Hosei Kijima,23.0,M,Japan,178.0,,32,21,1692.0,2.0,0.0,0.0,0.0,0,0,0,0.0,0,0.1595744680851064,0.5851063829787234,0.26595744680851063,0.10638297872340426,0.0,0.10638297872340426,0.10638297872340426,30.74468085106383,0.9042553191489362,1.6489361702127658,0.10638297872340426,0.851063829787234,2.5,10.638297872340425,4.574468085106383,3.0319148936170213,1.4361702127659572,0.9574468085106382,1.2765957446808511,0.9574468085106382,0.0,0.0,0.0,22.837370242214533,45.45454545454545,43.0,47.368421052631575,6.725873297809355
usa,MLS,2025 / 2026,Hugo Cuypers,28.0,F,Belgium,185.0,75.0,47,47,4080.0,32.0,2.0,3.0,0.0,5,3,1,0.0,0,0.5073529411764706,2.2720588235294117,1.5,0.7058823529411764,0.044117647058823525,0.75,0.5955882352941176,18.816176470588236,1.0808823529411766,1.588235294117647,0.11029411764705882,0.5294117647058824,2.1176470588235294,11.007352941176471,4.897058823529412,1.1911764705882353,0.4852941176470588,0.7058823529411764,1.036764705882353,1.1029411764705883,0.022058823529411763,0.0,0.0,14.301289566236811,66.01941747572816,44.48897795591182,40.74074074074074,7.245808823529412
usa,MLS,2025 / 2026,Hugo Lloris,39.0,G,France,188.0,82.0,48,48,4310.0,0.0,0.0,0.0,1.0,0,0,1,0.0,0,0.0,0.0,0.0,0.0,0.0,0.0,0.0,22.844547563805104,0.02088167053364269,0.02088167053364269,0.0,0.0,0.02088167053364269,0.33410672853828305,0.2505800464037123,0.0,0.0,0.0,0.04176334106728538,0.02088167053364269,0.02088167053364269,0.0,0.0,15.990859232175502,,75.0,,6.847215777262181
usa,MLS,2025 / 2026,Hugo Picard,22.0,F,France,168.0,68.0,26,16,1565.0,2.0,2.0,0.0,0.0,0,0,1,0.0,0,0.6325878594249201,0.8626198083067093,0.5175718849840255,0.11501597444089458,0.11501597444089458,0.23003194888178916,0.11501597444089458,35.48242811501597,1.4952076677316295,2.070287539936102,0.0,0.4600638977635783,2.5303514376996805,9.54632587859425,4.543130990415335,2.415335463258786,1.4376996805111821,0.6900958466453674,0.9201277955271566,0.9776357827476038,0.05750798722044729,0.0,0.0,25.93030794165316,60.0,47.59036144578313,59.523809523809526,6.849201277955272
usa,MLS,2026,Hunter Sulte,23.0,G,USA,201.0,88.0,0,0,0.0,0.0,0.0,0.0,0.0,0,0,0,0.0,0,,,,,,,,,,,,,,,,,,,,,,,,,,,,
usa,MLS,2026,Héctor Herrera,35.0,M,Mexico,185.0,80.0,13,5,569.0,1.0,0.0,0.0,1.0,0,0,0,0.0,0,0.0,1.1072056239015817,0.3163444639718805,0.15817223198594024,0.0,0.15817223198594024,0.15817223198594024,65.48330404217926,2.688927943760984,1.4235500878734622,0.3163444639718805,0.7908611599297013,2.2144112478031635,6.95957820738137,3.9543057996485063,0.632688927943761,0.47451669595782076,0.0,1.7398945518453426,1.7398945518453426,0.0,0.0,0.0,44.54830917874396,28.57142857142857,56.81818181818182,75.0,6.9237258347978905
usa,MLS,2026,Iago Silva,20.0,D,Brazil,189.0,94.0,13,11,1030.0,0.0,0.0,1.0,0.0,0,0,4,0.0,0,0.08737864077669903,0.6990291262135923,0.17475728155339806,0.0,0.0,0.0,0.0,53.8252427184466,0.17475728155339806,0.4368932038834951,1.3106796116504855,1.2233009708737863,1.6601941747572815,6.29126213592233,3.058252427184466,0.08737864077669903,0.08737864077669903,0.5242718446601942,0.5242718446601942,1.1359223300970873,0.34951456310679613,0.0,0.0,52.201298701298704,25.0,48.61111111111111,100.0,6.505728155339805
usa,MLS,2025 / 2026,Ian Fray,23.0,D,Jamaica,183.0,72.0,37,26,2298.0,2.0,4.0,0.0,0.0,0,0,7,0.0,1,0.1174934725848564,0.5483028720626633,0.3133159268929504,0.0783289817232376,0.1566579634464752,0.2349869451697128,0.0783289817232376,38.49869451697128,0.7832898172323759,2.2715404699738904,0.3133159268929504,0.9007832898172324,3.172323759791123,12.06266318537859,6.579634464751958,2.6240208877284594,1.2924281984334205,0.9007832898172324,2.2715404699738904,1.8407310704960835,0.27415143603133163,0.0,0.0391644908616188,29.016276703967446,57.14285714285714,54.54545454545454,49.25373134328358,6.752393385552654
usa,MLS,2025,Ian Glavinovich,24.0,D,Argentina,183.0,,4,3,264.0,1.0,0.0,0.0,0.0,0,0,1,0.0,0,0.0,1.3636363636363638,0.34090909090909094,0.34090909090909094,0.0,0.34090909090909094,0.34090909090909094,35.79545454545455,0.0,1.0227272727272727,0.34090909090909094,1.7045454545454546,2.7272727272727275,8.522727272727273,5.454545454545455,0.6818181818181819,0.0,0.34090909090909094,1.0227272727272727,1.0227272727272727,0.34090909090909094,0.0,0.0,33.476190476190474,25.0,64.0,0.0,7.143939393939394
usa,MLS,2025 / 2026,Ian Harkes,30.0,M,USA,180.0,73.0,44,29,2696.0,3.0,2.0,1.0,1.0,0,0,8,0.0,1,0.03338278931750742,0.8679525222551929,0.40059347181008903,0.10014836795252226,0.06676557863501484,0.1669139465875371,0.10014836795252226,42.06231454005935,0.9681008902077152,1.5022255192878338,0.26706231454005935,1.0682492581602374,2.570474777448071,8.445845697329377,3.8724035608308607,0.634272997032641,0.1669139465875371,0.8011869436201781,1.268545994065282,1.435459940652819,0.26706231454005935,0.0,0.03338278931750742,32.112698412698414,46.15384615384615,45.8498023715415,26.31578947368421,6.9162833827893175
usa,MLS,2025 / 2026,Ian James,17.0,D,USA,188.0,86.0,19,14,1298.0,0.0,0.0,0.0,3.0,0,0,1,0.0,0,0.06933744221879816,0.20801232665639446,0.06933744221879816,0.0,0.0,0.0,0.0,42.642526964560865,0.34668721109399075,1.6640986132511557,1.1093990755007705,1.0400616332819723,2.704160246533128,5.200308166409862,2.5654853620955316,0.41602465331278893,0.27734976887519264,0.6240369799691834,0.06933744221879816,0.8320493066255779,0.06933744221879816,0.0,0.0,37.18048780487805,33.33333333333333,49.333333333333336,66.66666666666666,6.47787201233616
usa,MLS,2025 / 2026,Ian Murphy,25.0,D,USA,188.0,84.0,17,12,1076.0,0.0,0.0,0.0,0.0,0,0,1,0.0,0,0.0,0.0,0.0,0.0,0.0,0.0,0.0,38.64312267657993,0.16728624535315983,1.003717472118959,0.8364312267657993,0.8364312267657993,1.8401486988847584,6.022304832713754,3.011152416356877,0.5018587360594795,0.25092936802973975,0.41821561338289964,0.08364312267657992,0.8364312267657993,0.08364312267657992,0.0,0.0,32.642857142857146,,50.0,50.0,6.769516728624535
usa,MLS,2025 / 2026,Ian Pilcher,22.0,D,USA,183.0,77.0,30,15,1501.0,1.0,1.0,0.0,0.0,0,0,7,0.0,0,0.0,0.23984010659560293,0.11992005329780146,0.05996002664890073,0.05996002664890073,0.11992005329780146,0.05996002664890073,67.69487008660893,0.29980013324450366,1.319120586275816,0.47968021319120585,0.8994003997335109,2.218520986009327,7.734843437708195,4.437041972018654,0.5996002664890073,0.23984010659560293,0.47968021319120585,1.2591605596269155,1.319120586275816,0.4197201865423051,0.0,0.0,67.69796279893711,50.0,57.36434108527132,40.0,6.939586114819759
usa,MLS,2025 / 2026,Ian Smith,23.0,D,USA,185.0,,34,12,1420.0,1.0,1.0,0.0,0.0,0,0,7,0.0,0,0.2535211267605634,0.5704225352112676,0.2535211267605634,0.06338028169014084,0.06338028169014084,0.1267605633802817,0.06338028169014084,43.54225352112676,0.5070422535211268,1.9014084507042253,0.5070422535211268,0.76056338028169,2.6619718309859155,9.507042253521126,5.704225352112676,1.204225352112676,0.5704225352112676,0.44366197183098594,0.8873239436619719,1.0774647887323943,0.44366197183098594,0.0,0.0,31.502183406113538,44.44444444444444,60.0,47.368421052631575,6.924171952078929
usa,MLS,2025 / 2026,Ibrahim Aliyu,23.0,F,Nigeria,184.0,77.0,44,16,1721.0,4.0,2.0,0.0,0.0,0,0,3,0.0,0,1.1504938988959907,1.2027890761185358,0.41836141778036023,0.20918070889018012,0.10459035444509006,0.3137710633352702,0.20918070889018012,28.29169087739686,1.4119697850087158,2.0395119116792566,0.20918070889018012,0.41836141778036023,2.4578733294596162,11.714119697850087,4.811156304474143,2.8239395700174317,1.307379430563626,0.5752469494479954,0.4706565950029053,1.673445671121441,0.1568855316676351,0.0,0.0,18.476808905380334,34.78260869565217,41.07142857142857,46.2962962962963,6.842350203606748
usa,MLS,2025,Ibrahim Sunusi,23.0,F,Nigeria,168.0,88.0,10,0,109.0,0.0,0.0,0.0,0.0,0,0,0,0.0,0,0.0,3.302752293577982,0.0,0.0,0.0,0.0,0.0,25.59633027522936,0.8256880733944955,0.0,0.0,0.0,0.0,11.559633027522937,4.128440366972478,0.8256880733944955,0.8256880733944955,0.0,0.8256880733944955,1.651376146788991,0.0,0.0,0.0,3.4516129032258065,0.0,35.714285714285715,100.0,6.53425925925926
usa,MLS,2025 / 2026,Idan Toklomati Jorno,21.0,F,Israel,183.0,,48,36,3256.0,17.0,4.0,1.0,1.0,1,1,5,0.0,0,0.1934889434889435,1.547911547911548,0.9121621621621622,0.46990171990171986,0.11056511056511056,0.5804668304668305,0.44226044226044225,15.727886977886978,1.0227272727272727,0.7463144963144962,0.11056511056511056,0.1382063882063882,0.8845208845208845,11.360565110565112,5.03071253071253,2.0454545454545454,0.8015970515970516,0.1934889434889435,1.2162162162162162,1.3544226044226044,0.1382063882063882,0.0,0.0,12.623239436619718,58.92857142857143,44.28223844282238,39.189189189189186,7.009244471744472
usa,MLS,2026,Ignacio Gómez,19.0,M,Argentina,181.0,,2,0,13.0,1.0,0.0,0.0,0.0,0,0,1,0.0,0,0.0,6.923076923076923,6.923076923076923,6.923076923076923,0.0,6.923076923076923,6.923076923076923,69.23076923076924,0.0,6.923076923076923,0.0,0.0,6.923076923076923,20.76923076923077,13.846153846153847,6.923076923076923,6.923076923076923,0.0,0.0,13.846153846153847,6.923076923076923,0.0,0.0,4.4,100.0,66.66666666666666,100.0,7.599999999999999
usa,MLS,2026,Ignacio Suarez-Couri,16.0,M,,,,0,0,0.0,0.0,0.0,0.0,0.0,0,0,0,0.0,0,,,,,,,,,,,,,,,,,,,,,,,,,,,,
usa,MLS,2025,Ignatius Ganago,26.0,F,Cameroon,179.0,73.0,20,19,1582.0,3.0,2.0,2.0,0.0,0,0,1,0.0,0,0.6826801517067004,1.3653603034134008,0.8533501896333755,0.1706700379266751,0.11378002528445007,0.28445006321112515,0.1706700379266751,19.57016434892541,0.6826801517067004,0.9671302149178255,0.11378002528445007,0.22756005056890014,1.1946902654867257,13.141592920353983,5.9165613147914025,1.1946902654867257,0.45512010113780027,0.6826801517067004,2.048040455120101,1.1378002528445006,0.056890012642225034,0.0,0.0,13.776162790697674,62.5,45.02164502164502,38.095238095238095,6.972945638432365
usa,MLS,2025,Igor Jesus,22.0,M,Brazil,178.0,75.0,24,22,1861.0,0.0,1.0,0.0,0.0,0,0,4,0.0,1,0.0,0.2901665771090811,0.09672219236969372,0.0,0.04836109618484686,0.04836109618484686,0.0,57.74314884470715,0.43524986566362167,2.2729715206878023,0.19344438473938744,1.354110693175712,3.627082213863514,9.09188608275121,5.464803868887695,1.3057495969908652,0.7737775389575497,0.8221386351423966,1.934443847393874,0.7737775389575497,0.19344438473938744,0.0,0.04836109618484686,53.54522613065327,33.33333333333333,60.1063829787234,59.25925925925925,7.015099408919935
usa,MLS,2025 / 2026,Ilay Feingold,21.0,D,Israel,175.0,64.0,38,34,2925.0,4.0,3.0,0.0,0.0,0,0,2,0.0,0,0.24615384615384617,0.5230769230769231,0.2153846153846154,0.12307692307692308,0.09230769230769231,0.2153846153846154,0.12307692307692308,43.07692307692308,0.8615384615384616,1.353846153846154,0.36923076923076925,0.9230769230769231,2.2769230769230773,8.092307692307692,4.584615384615384,1.8461538461538463,0.9846153846153847,0.676923076923077,1.7538461538461538,0.6461538461538462,0.06153846153846154,0.0,0.0,37.54571428571428,41.17647058823529,56.65399239543726,53.333333333333336,7.068649572649573
usa,MLS,2025 / 2026,Ilie Sánchez,35.0,M,Spain,182.0,79.0,40,33,2571.0,1.0,0.0,0.0,0.0,0,0,12,0.0,0,0.03500583430571762,0.49008168028004667,0.1750291715285881,0.03500583430571762,0.0,0.03500583430571762,0.03500583430571762,48.41306884480747,0.28004667444574094,1.3302217036172697,0.4200700116686114,1.0501750291715286,2.3803967327887983,5.950991831971996,2.8704784130688443,0.28004667444574094,0.1750291715285881,0.8401400233372228,0.45507584597432904,1.1201866977829638,0.4200700116686114,0.0,0.0,41.52422270426609,35.714285714285715,48.23529411764706,62.5,6.779618825359782
usa,MLS,2025 / 2026,Indiana Vassilev,24.0,M,USA,175.0,72.0,48,35,3122.0,7.0,2.0,0.0,0.0,1,0,3,0.0,0,0.1441383728379244,0.9224855861627161,0.49007046764894296,0.20179372197309417,0.05765534913516976,0.25944907110826393,0.1729660474055093,28.193465727098012,1.0377962844330557,1.0954516335682254,0.02882767456758488,0.5188981422165279,1.6143497757847534,8.302370275464446,3.834080717488789,1.9602818705957719,0.8936579115951313,0.8648302370275465,1.3549007046764894,0.7783472133247918,0.08648302370275465,0.0,0.0,20.07668711656442,53.125,46.18055555555556,45.588235294117645,6.893721973094171
usa,MLS,2025 / 2026,Isaac Boehmer,24.0,G,Canada,188.0,84.0,2,1,121.0,0.0,0.0,0.0,0.0,0,0,0,0.0,0,0.0,0.0,0.0,0.0,0.0,0.0,0.0,33.47107438016529,0.0,0.0,0.0,0.0,0.0,1.487603305785124,1.487603305785124,0.0,0.0,0.0,1.487603305785124,0.0,0.0,0.0,0.0,27.666666666666668,,100.0,,6.223140495867769
usa,MLS,2025,Isaiah LeFlore,23.0,D,USA,175.0,72.0,0,0,0.0,0.0,0.0,0.0,0.0,0,0,0,0.0,0,,,,,,,,,,,,,,,,,,,,,,,,,,,,
usa,MLS,2025 / 2026,Isaiah Parente,25.0,M,USA,179.0,70.0,27,9,1084.0,0.0,1.0,0.0,0.0,0,0,7,0.0,1,0.0,0.24907749077490773,0.08302583025830258,0.0,0.08302583025830258,0.08302583025830258,0.0,64.84317343173431,0.9963099630996309,1.7435424354243543,0.4151291512915129,0.9132841328413284,2.6568265682656826,8.302583025830259,4.400369003690036,0.7472324723247232,0.4151291512915129,0.9132841328413284,1.4944649446494465,0.9963099630996309,0.5811808118081181,0.0,0.08302583025830258,49.14340588988476,33.33333333333333,53.0,55.55555555555556,6.8307479224376735
usa,MLS,2025,Iuri Tavares,25.0,F,Portugal,,,5,0,33.0,0.0,0.0,0.0,0.0,0,0,0,0.0,0,2.7272727272727275,0.0,0.0,0.0,0.0,0.0,0.0,30.0,0.0,2.7272727272727275,0.0,2.7272727272727275,5.454545454545455,27.272727272727273,10.90909090909091,5.454545454545455,2.7272727272727275,0.0,0.0,5.454545454545455,0.0,0.0,0.0,2.5,,40.0,50.0,6.525806451612904
usa,MLS,2026,Ivan Losenko,21.0,M,Ukraine,183.0,,0,0,0.0,0.0,0.0,0.0,0.0,0,0,0,0.0,0,,,,,,,,,,,,,,,,,,,,,,,,,,,,
usa,MLS,2025 / 2026,Iván Angulo,26.0,M,Colombia,170.0,66.0,49,45,3705.0,0.0,8.0,0.0,0.0,0,0,6,0.0,0,0.09716599190283401,0.7773279352226721,0.4129554655870445,0.0,0.19433198380566802,0.19433198380566802,0.0,32.259109311740886,1.5060728744939271,1.9676113360323886,0.145748987854251,0.728744939271255,2.6963562753036436,9.425101214574898,4.348178137651822,3.4979757085020244,1.360323886639676,0.728744939271255,0.9473684210526315,0.8502024291497976,0.145748987854251,0.0,0.0,27.03463855421687,53.125,46.134020618556704,38.88888888888889,6.898920377867746
usa,MLS,2025 / 2026,Iván Jaime,25.0,M,Spain,180.0,73.0,18,13,1154.0,1.0,2.0,1.0,0.0,0,0,2,0.0,0,0.6239168110918544,1.6377816291161178,0.8578856152512998,0.0779896013864818,0.1559792027729636,0.23396880415944543,0.0779896013864818,25.814558058925478,2.4956672443674175,0.779896013864818,0.0,0.1559792027729636,0.9358752166377817,11.932409012131714,6.239168110918544,4.991334488734835,2.6516464471403816,0.3119584055459272,2.4956672443674175,1.4818024263431542,0.1559792027729636,0.0,0.0,17.20845921450151,52.38095238095239,52.28758169934641,53.125,7.083882149046794
usa,MLS,2025 / 2026,JD Gunn,25.0,G,Panama,198.0,,0,0,0.0,0.0,0.0,0.0,0.0,0,0,0,0.0,0,,,,,,,,,,,,,,,,,,,,,,,,,,,,
usa,MLS,2025,JT Harms,23.0,G,USA,185.0,82.0,0,0,0.0,0.0,0.0,0.0,0.0,0,0,0,0.0,0,,,,,,,,,,,,,,,,,,,,,,,,,,,,
usa,MLS,2026,Jabari De Coteau,20.0,D,,,,0,0,0.0,0.0,0.0,0.0,0.0,0,0,0,0.0,0,,,,,,,,,,,,,,,,,,,,,,,,,,,,
usa,MLS,2025,Jacen Russell-Rowe,23.0,F,Canada,183.0,73.0,34,19,1853.0,9.0,2.0,0.0,0.0,0,0,3,0.0,0,0.1457096600107933,2.088505126821371,1.1656772800863464,0.4371289800323799,0.09713977334052887,0.5342687533729088,0.4371289800323799,26.130599028602266,1.4085267134376684,0.5342687533729088,0.048569886670264434,0.19427954668105774,0.7285483000539665,8.451160280626013,2.9627630868861305,1.7485159201295195,0.5828386400431732,0.48569886670264434,0.6799784133837021,1.2628170534268752,0.1457096600107933,0.0,0.0,15.864312267657992,55.81395348837209,35.05747126436782,33.33333333333333,7.048677819751754
usa,MLS,2025 / 2026,Jack Elliott,30.0,D,England,198.0,83.0,48,48,4245.0,4.0,4.0,1.0,1.0,0,0,11,0.0,0,0.04240282685512368,0.763250883392226,0.254416961130742,0.08480565371024736,0.08480565371024736,0.1696113074204947,0.08480565371024736,59.745583038869256,0.2968197879858657,1.1236749116607774,0.9328621908127208,0.9540636042402828,2.07773851590106,7.6537102473498235,4.431095406360424,0.21201413427561835,0.1696113074204947,0.3392226148409894,0.381625441696113,0.9540636042402828,0.2332155477031802,0.0,0.0,54.839957416607525,33.33333333333333,57.89473684210527,80.0,7.101531213191991
usa,MLS,2026,Jack Jasinski,20.0,D,USA,183.0,72.0,7,4,401.0,1.0,0.0,0.0,0.0,0,0,1,0.0,0,0.0,0.6733167082294265,0.44887780548628425,0.22443890274314213,0.0,0.22443890274314213,0.22443890274314213,31.645885286783045,0.6733167082294265,1.5710723192019949,0.6733167082294265,1.5710723192019949,3.1421446384039897,7.182044887780548,3.591022443890274,0.22443890274314213,0.0,0.6733167082294265,0.44887780548628425,1.795511221945137,0.22443890274314213,0.0,0.0,21.673758865248228,66.66666666666666,50.0,0.0,6.4565
usa,MLS,2026,Jack Kortkamp,17.0,G,USA,190.0,,0,0,0.0,0.0,0.0,0.0,0.0,0,0,0,0.0,0,,,,,,,,,,,,,,,,,,,,,,,,,,,,
usa,MLS,2025 / 2026,Jack Maher,26.0,D,USA,188.0,79.0,36,35,3121.0,0.0,0.0,0.0,0.0,0,0,5,0.0,0,0.0,0.3172060237103492,0.11534764498558155,0.0,0.0,0.0,0.0,62.57609740467799,0.08651073373918616,0.49022749118872155,0.3172060237103492,0.6632489586670939,1.1534764498558154,4.729253444408843,2.5664851009291896,0.05767382249279077,0.05767382249279077,0.17302146747837233,0.2306952899711631,0.7785966036526754,0.14418455623197693,0.0,0.0,63.311520737327186,36.36363636363637,54.268292682926834,100.0,6.856904838192888
usa,MLS,2025 / 2026,Jack McGlynn,22.0,M,USA,183.0,73.0,36,35,3074.0,8.0,9.0,0.0,0.0,2,0,4,0.0,0,0.058555627846454135,1.6102797657774888,0.878334417696812,0.23422251138581654,0.26350032530904355,0.49772283669486006,0.17566688353936238,59.34612882238126,3.2791151594014316,1.1418347430058555,0.0,0.40988939492517895,1.5517241379310345,4.947950553025374,2.4593363695510733,0.7905009759271308,0.4684450227716331,0.4684450227716331,0.6441119063109955,0.7319453480806766,0.11711125569290827,0.0,0.0,52.409472126295015,54.54545454545454,49.70414201183432,59.25925925925925,7.651789199739753
usa,MLS,2025 / 2026,Jack Neeley,20.0,D,USA,185.0,77.0,1,0,2.0,0.0,0.0,0.0,0.0,0,0,0,0.0,0,0.0,0.0,0.0,0.0,0.0,0.0,0.0,45.0,0.0,45.0,0.0,0.0,45.0,45.0,45.0,0.0,0.0,0.0,0.0,0.0,0.0,0.0,0.0,,,100.0,,
usa,MLS,2025,Jack Panayotou,21.0,M,USA,175.0,70.0,0,0,0.0,0.0,0.0,0.0,0.0,0,0,0,0.0,0,,,,,,,,,,,,,,,,,,,,,,,,,,,,
usa,MLS,2026,Jack Sandmeyer,23.0,D,,,,0,0,0.0,0.0,0.0,0.0,0.0,0,0,0,0.0,0,,,,,,,,,,,,,,,,,,,,,,,,,,,,
usa,MLS,2025 / 2026,Jack Skahan,27.0,M,USA,178.0,78.0,18,6,545.0,2.0,4.0,0.0,0.0,0,0,1,0.0,0,0.3302752293577982,1.4862385321100917,0.6605504587155964,0.3302752293577982,0.6605504587155964,0.9908256880733946,0.3302752293577982,22.623853211009177,1.651376146788991,0.8256880733944955,0.1651376146788991,0.4954128440366973,1.3211009174311927,10.568807339449542,1.981651376146789,2.6422018348623855,0.8256880733944955,1.4862385321100917,0.1651376146788991,1.8165137614678901,0.1651376146788991,0.0,0.0,9.737226277372264,44.44444444444444,18.75,31.25,6.763419117647059
usa,MLS,2025,Jackson Castro,23.0,M,USA,173.0,68.0,1,0,8.0,0.0,0.0,0.0,0.0,0,0,0,0.0,0,0.0,0.0,0.0,0.0,0.0,0.0,0.0,22.5,0.0,0.0,0.0,0.0,0.0,11.25,0.0,11.25,0.0,0.0,0.0,0.0,0.0,0.0,0.0,2.0,,0.0,0.0,6.5
usa,MLS,2026,Jackson Gilman,21.0,D,,,,3,3,271.0,0.0,0.0,0.0,0.0,0,0,0,0.0,0,0.0,0.6642066420664207,0.33210332103321033,0.0,0.0,0.0,0.0,46.494464944649444,0.33210332103321033,1.3284132841328413,1.6605166051660516,1.3284132841328413,2.6568265682656826,6.309963099630996,3.6531365313653135,0.33210332103321033,0.0,0.6642066420664207,0.0,0.6642066420664207,0.0,0.0,0.0,43.91428571428571,50.0,57.89473684210527,0.0,6.585608856088561
usa,MLS,2025 / 2026,Jackson Hopkins,21.0,M,USA,188.0,74.0,32,24,1951.0,5.0,1.0,0.0,1.0,0,0,7,0.0,0,0.13839056893900564,0.9687339825730394,0.6919528446950283,0.23065094823167603,0.04613018964633521,0.2767811378780113,0.23065094823167603,25.187083546899025,0.9687339825730394,1.5684264479753973,0.23065094823167603,0.2767811378780113,1.8452075858534083,10.748334187596104,4.935930292157868,2.0297283444387495,1.1071245515120451,0.5074320861096874,1.5222962583290622,1.4300358790363916,0.3229113275243465,0.0,0.0,17.142857142857142,71.42857142857143,45.92274678111588,54.54545454545454,6.796719630958482
usa,MLS,2025 / 2026,Jackson Ragen,27.0,D,USA,198.0,93.0,40,36,3368.0,2.0,1.0,0.0,0.0,0,0,10,0.0,0,0.0,0.5878859857482185,0.2404988123515439,0.053444180522565325,0.026722090261282663,0.08016627078384798,0.053444180522565325,77.8147268408551,0.4008313539192399,1.015439429928741,0.9352731591448931,0.6413301662707839,1.6567695961995248,5.745249406175772,3.767814726840855,0.2137767220902613,0.16033254156769597,0.2404988123515439,0.4809976247030878,0.6413301662707839,0.2672209026128266,0.0,0.0,75.33962912087912,40.909090909090914,65.58139534883722,75.0,7.226484560570071
usa,MLS,2025 / 2026,Jackson Travis,21.0,D,USA,172.0,68.0,22,20,1484.0,0.0,1.0,0.0,0.0,0,0,4,0.0,2,0.06064690026954178,0.24258760107816713,0.06064690026954178,0.0,0.06064690026954178,0.06064690026954178,0.0,40.815363881401616,0.3638814016172507,1.394878706199461,0.18194070080862534,1.8194070080862532,3.214285714285714,8.733153638814017,4.487870619946092,1.2129380053908356,0.4245283018867924,0.7277628032345014,1.394878706199461,1.2129380053908356,0.24258760107816713,0.0,0.12129380053908356,31.774145616641903,25.0,51.388888888888886,35.0,6.539690026954179
usa,MLS,2025 / 2026,Jackson Yueill,28.0,M,USA,175.0,76.0,21,9,892.0,0.0,0.0,0.0,0.0,0,0,1,0.0,0,0.10089686098654709,0.10089686098654709,0.10089686098654709,0.0,0.0,0.0,0.0,51.96188340807174,0.8071748878923767,1.2107623318385652,0.10089686098654709,1.2107623318385652,2.4215246636771304,5.751121076233185,2.8251121076233185,0.40358744394618834,0.3026905829596413,0.8071748878923767,1.0089686098654709,0.7062780269058296,0.10089686098654709,0.0,0.0,38.699029126213595,100.0,49.122807017543856,75.0,6.718834080717489
usa,MLS,2025 / 2026,Jacob Bartlett,20.0,M,USA,188.0,,42,31,2791.0,1.0,1.0,0.0,1.0,0,0,10,0.0,0,0.06449301325689716,0.12898602651379432,0.06449301325689716,0.03224650662844858,0.03224650662844858,0.06449301325689716,0.03224650662844858,46.5962020781082,0.6126836259405232,1.4188462916517375,0.6449301325689717,1.3543532783948407,2.7731995700465784,6.062343246148335,2.7087065567896813,0.4192045861698316,0.1934790397706915,0.6126836259405232,0.8706556789681118,1.4188462916517375,0.32246506628448585,0.0,0.0,38.811764705882354,50.0,44.680851063829785,46.15384615384615,6.808634897886063
usa,MLS,2025,Jacob Castro,26.0,G,USA,193.0,86.0,0,0,0.0,0.0,0.0,0.0,0.0,0,0,0,0.0,0,,,,,,,,,,,,,,,,,,,,,,,,,,,,
usa,MLS,2025 / 2026,Jacob Davis,23.0,D,USA,178.0,70.0,42,31,2969.0,0.0,2.0,0.0,0.0,0,0,11,0.0,1,0.060626473560121255,0.5456382620410912,0.09093971034018188,0.0,0.060626473560121255,0.060626473560121255,0.0,48.01616705961604,0.9397103401818795,2.334119232064668,0.15156618390030313,1.1215897608622432,3.4557089929269114,9.124284270798249,4.33479285954867,1.45503536544291,0.9700235769619401,1.45503536544291,0.6365779723812731,1.636914786123274,0.3334456045806669,0.0,0.030313236780060628,36.61489898989899,16.666666666666664,47.50830564784053,66.66666666666666,6.77521050858875
usa,MLS,2025 / 2026,Jacob Jackson,25.0,G,USA,180.0,86.0,4,3,341.0,0.0,0.0,0.0,0.0,0,0,1,0.0,0,0.0,0.0,0.0,0.0,0.0,0.0,0.0,29.296187683284458,0.0,0.0,0.0,0.0,0.0,0.0,0.0,0.0,0.0,0.0,0.0,0.0,0.26392961876832843,0.0,0.0,12.144144144144144,,,,7.573313782991202
usa,MLS,2025 / 2026,Jacob Murrell,21.0,F,USA,188.0,,32,7,993.0,2.0,2.0,0.0,0.0,0,0,2,0.0,0,0.09063444108761329,0.9063444108761329,0.5438066465256798,0.18126888217522658,0.18126888217522658,0.36253776435045315,0.18126888217522658,15.045317220543808,0.7250755287009063,0.8157099697885197,0.09063444108761329,0.18126888217522658,0.9969788519637462,9.788519637462235,3.081570996978852,0.8157099697885197,0.2719033232628399,0.2719033232628399,0.36253776435045315,1.2688821752265862,0.18126888217522658,0.0,0.0,4.333333333333333,60.0,31.48148148148148,33.33333333333333,6.502620967741935
usa,MLS,2025 / 2026,Jacob Shaffelburg,26.0,F,Canada,178.0,75.0,33,16,1586.0,4.0,4.0,1.0,0.0,0,0,2,0.0,0,0.34047919293820933,1.4186633039092056,0.6242118537200505,0.22698612862547288,0.22698612862547288,0.45397225725094575,0.22698612862547288,22.585119798234555,1.7591424968474147,0.9646910466582598,0.05674653215636822,0.17023959646910466,1.1349306431273645,9.079445145018916,3.858764186633039,2.099621689785624,0.6809583858764187,1.0214375788146282,1.5889029003783104,0.9646910466582598,0.11349306431273644,0.0,0.0,11.428211586901764,44.0,42.5,32.432432432432435,6.860529634300126
usa,MLS,2025,Jader Obrian,30.0,F,Colombia,165.0,62.0,32,9,966.0,0.0,1.0,0.0,0.0,0,0,4,0.0,0,0.7453416149068324,1.3043478260869565,0.5590062111801242,0.0,0.09316770186335405,0.09316770186335405,0.0,22.919254658385093,0.8385093167701864,1.8633540372670807,0.09316770186335405,0.1863354037267081,2.049689440993789,10.714285714285714,6.3354037267080745,1.4906832298136647,0.9316770186335404,0.7453416149068324,2.2360248447204967,0.9316770186335404,0.3726708074534162,0.0,0.0,10.146341463414634,42.857142857142854,59.130434782608695,62.5,6.747564766839379
usa,MLS,2025,JahLane Forbes,23.0,D,USA,183.0,76.0,0,0,0.0,0.0,0.0,0.0,0.0,0,0,0,0.0,0,,,,,,,,,,,,,,,,,,,,,,,,,,,,
usa,MLS,2025 / 2026,Jahkeele Marshall-Rutty,21.0,D,Canada,171.0,70.0,44,34,3152.0,0.0,2.0,0.0,0.0,0,0,6,0.0,0,0.08565989847715737,0.5710659898477157,0.17131979695431473,0.0,0.05710659898477157,0.05710659898477157,0.0,48.940355329949234,0.5139593908629442,1.6275380710659897,0.28553299492385786,0.8565989847715737,2.4841370558375635,7.024111675126903,3.5120558375634516,0.8851522842639594,0.37119289340101524,0.9137055837563451,0.8280456852791878,0.799492385786802,0.17131979695431473,0.0,0.0,43.70186697782964,30.0,50.0,41.935483870967744,6.7477943509996825
usa,MLS,2026,Jahmarie Nolan,15.0,F,,,,0,0,0.0,0.0,0.0,0.0,0.0,0,0,0,0.0,0,,,,,,,,,,,,,,,,,,,,,,,,,,,,
usa,MLS,2025,Jailson,30.0,M,Brazil,187.0,75.0,5,2,141.0,0.0,0.0,0.0,0.0,0,0,0,0.0,0,0.0,0.6382978723404256,0.0,0.0,0.0,0.0,0.0,72.12765957446808,0.0,0.6382978723404256,0.0,0.0,0.6382978723404256,3.829787234042553,3.191489361702128,0.6382978723404256,0.6382978723404256,0.0,1.2765957446808511,0.0,0.0,0.0,0.0,39.45132743362832,0.0,83.33333333333334,100.0,6.694285714285714
usa,MLS,2025,Jake Girdwood-Reich,21.0,M,Australia,185.0,75.0,10,5,508.0,0.0,0.0,0.0,0.0,0,0,0,0.0,0,0.0,0.0,0.0,0.0,0.0,0.0,0.0,49.78346456692913,0.0,2.4803149606299213,0.3543307086614173,1.4173228346456692,3.8976377952755903,13.818897637795276,8.326771653543307,1.0629921259842519,0.5314960629921259,0.7086614173228346,2.1259842519685037,1.0629921259842519,0.0,0.0,0.0,40.0573476702509,,60.256410256410255,50.0,6.820472440944882
usa,MLS,2025 / 2026,Jakob Glesnes,31.0,D,Norway,188.0,84.0,44,43,3770.0,1.0,1.0,0.0,1.0,0,0,15,0.0,0,0.09549071618037135,0.5013262599469496,0.09549071618037135,0.023872679045092837,0.023872679045092837,0.04774535809018567,0.023872679045092837,46.88594164456234,0.23872679045092837,1.647214854111406,0.8116710875331565,1.5278514588859415,3.1750663129973473,7.591511936339523,3.8912466843501323,0.143236074270557,0.04774535809018567,0.8116710875331565,0.4535809018567639,1.3607427055702916,0.35809018567639256,0.0,0.0,47.37289862455425,19.047619047619047,51.257861635220124,33.33333333333333,6.9979835500132666
usa,MLS,2025 / 2026,Jalen Neal,22.0,D,USA,191.0,77.0,21,18,1472.0,1.0,0.0,0.0,0.0,0,0,2,0.0,0,0.12228260869565218,0.18342391304347824,0.12228260869565218,0.06114130434782609,0.0,0.06114130434782609,0.06114130434782609,57.9008152173913,0.12228260869565218,2.8125,0.672554347826087,0.9782608695652174,3.7907608695652173,8.070652173913043,4.4021739130434785,0.12228260869565218,0.12228260869565218,0.794836956521739,0.30570652173913043,1.2228260869565217,0.12228260869565218,0.0,0.0,51.961985216473074,66.66666666666666,54.54545454545454,100.0,6.901089176310416
usa,MLS,2025 / 2026,Jamal Thiaré,32.0,F,Senegal,183.0,70.0,37,9,1176.0,5.0,0.0,3.0,0.0,0,0,3,0.0,0,1.0714285714285714,2.372448979591837,1.0714285714285714,0.38265306122448983,0.0,0.38265306122448983,0.38265306122448983,12.933673469387754,0.38265306122448983,0.38265306122448983,0.0,0.30612244897959184,0.6887755102040816,12.474489795918366,6.198979591836734,1.683673469387755,0.7653061224489797,0.22959183673469385,1.607142857142857,1.1479591836734695,0.22959183673469385,0.0,0.0,7.120481927710843,45.16129032258064,49.693251533742334,45.45454545454545,6.9147989734816075
usa,MLS,2025 / 2026,Jamar Ricketts,24.0,D,USA,175.0,,32,23,1813.0,1.0,4.0,1.0,0.0,0,0,1,0.0,0,0.19856591285162714,0.3474903474903475,0.14892443463872035,0.049641478212906785,0.19856591285162714,0.24820739106453393,0.049641478212906785,29.040264754550467,1.0424710424710424,1.5388858246001103,0.19856591285162714,1.1913954771097628,2.7302813017098733,10.722559293987866,5.70876999448428,2.1842250413678985,0.9928295642581357,0.6453392167677882,2.3827909542195256,1.2410369553226697,0.049641478212906785,0.0,0.0,21.063356164383563,42.857142857142854,53.24074074074075,45.45454545454545,6.903088803088803
usa,MLS,2025 / 2026,James Marcinkowski,28.0,G,USA,185.0,84.0,14,14,1272.0,0.0,0.0,0.0,0.0,0,0,2,0.0,0,0.0,0.0,0.0,0.0,0.0,0.0,0.0,29.64622641509434,0.0,0.0,0.0,0.0,0.0,0.6367924528301887,0.6367924528301887,0.07075471698113207,0.07075471698113207,0.0,0.2122641509433962,0.0,0.14150943396226415,0.0,0.0,22.62052505966587,,100.0,100.0,6.996698113207547
usa,MLS,2025 / 2026,James Pantemis,28.0,G,Canada,185.0,77.0,38,38,3463.0,0.0,0.0,0.0,0.0,0,0,1,0.0,0,0.0,0.0,0.0,0.0,0.0,0.0,0.0,32.43430551544903,0.07796708056598324,0.0519780537106555,0.0,0.02598902685532775,0.07796708056598324,0.6237366445278659,0.5717585908172105,0.0,0.0,0.02598902685532775,0.07796708056598324,0.02598902685532775,0.02598902685532775,0.0,0.0,26.056089743589745,,91.66666666666666,,7.329280970257003
usa,MLS,2026,James Rodríguez,34.0,M,Colombia,180.0,75.0,6,2,199.0,0.0,2.0,0.0,0.0,0,0,0,0.0,0,0.45226130653266333,4.07035175879397,1.3567839195979898,0.0,0.9045226130653267,0.9045226130653267,0.0,75.07537688442211,6.331658291457287,1.3567839195979898,0.0,0.0,1.3567839195979898,9.949748743718594,4.522613065326634,2.7135678391959797,1.8090452261306533,1.3567839195979898,1.3567839195979898,0.9045226130653267,0.0,0.0,0.0,34.25301204819277,33.33333333333333,45.45454545454545,66.66666666666666,7.4676767676767675
usa,MLS,2025,Jannes Horn,28.0,D,Germany,186.0,81.0,9,9,725.0,0.0,1.0,0.0,0.0,0,0,2,0.0,0,0.0,0.12413793103448274,0.0,0.0,0.12413793103448274,0.12413793103448274,0.0,41.46206896551724,0.8689655172413794,1.6137931034482758,0.12413793103448274,0.49655172413793097,2.110344827586207,4.717241379310345,2.855172413793104,0.3724137931034483,0.12413793103448274,0.24827586206896549,0.9931034482758619,0.24827586206896549,0.24827586206896549,0.0,0.0,35.24251497005988,0.0,60.526315789473685,33.33333333333333,6.812827586206897
usa,MLS,2025 / 2026,Jansen Miller,23.0,D,USA,188.0,82.0,38,30,2849.0,0.0,1.0,0.0,1.0,0,0,4,0.0,0,0.06318006318006318,0.28431028431028427,0.18954018954018953,0.0,0.03159003159003159,0.03159003159003159,0.0,40.466830466830466,0.22113022113022113,1.3267813267813269,1.168831168831169,0.8529308529308529,2.1797121797121797,7.581607581607582,4.201474201474201,0.15795015795015796,0.06318006318006318,0.5054405054405054,1.2636012636012637,1.2951912951912952,0.12636012636012636,0.0,0.0,33.60750586395621,66.66666666666666,55.41666666666667,40.0,6.847911547911548
usa,MLS,2026,Japhet Sery Larsen,25.0,D,Denmark,,,10,9,749.0,1.0,0.0,0.0,0.0,0,0,4,0.0,1,0.0,0.24032042723631508,0.24032042723631508,0.12016021361815754,0.0,0.12016021361815754,0.12016021361815754,38.2109479305741,0.24032042723631508,1.8024032042723632,0.3604806408544727,1.6822429906542056,3.484646194926569,8.7716955941255,4.325767690253672,0.12016021361815754,0.12016021361815754,0.6008010680907877,1.4419225634178907,2.7636849132176233,0.48064085447263016,0.0,0.12016021361815754,31.641509433962263,100.0,49.31506849315068,100.0,6.840720961281709
usa,MLS,2025 / 2026,Jared Stroud,29.0,M,USA,179.0,72.0,38,19,1677.0,1.0,0.0,0.0,0.0,0,0,5,0.0,0,0.2146690518783542,1.449016100178891,0.6976744186046512,0.05366726296958855,0.0,0.05366726296958855,0.05366726296958855,24.52593917710197,1.663685152057245,1.5563506261180682,0.2146690518783542,0.4293381037567084,1.9856887298747763,9.177101967799642,3.2737030411449015,1.0196779964221825,0.3220035778175313,1.2880143112701252,1.2343470483005368,2.1466905187835423,0.2683363148479428,0.0,0.0,11.422319474835886,48.148148148148145,35.67251461988304,31.57894736842105,6.699462044231919
usa,MLS,2025 / 2026,Jason Shokalook,23.0,F,USA,185.0,72.0,9,0,59.0,0.0,1.0,0.0,0.0,0,0,0,0.0,0,0.0,1.5254237288135593,0.0,0.0,1.5254237288135593,1.5254237288135593,0.0,25.93220338983051,1.5254237288135593,0.0,0.0,0.0,0.0,15.254237288135592,1.5254237288135593,3.0508474576271185,0.0,0.0,0.0,1.5254237288135593,0.0,0.0,0.0,3.2,0.0,10.0,0.0,6.494545454545454
usa,MLS,2025,Jasper Loffelsend,28.0,M,Germany,180.0,,12,7,622.0,0.0,1.0,0.0,0.0,0,0,0,0.0,0,0.14469453376205788,0.0,0.0,0.0,0.14469453376205788,0.14469453376205788,0.0,44.565916398713824,1.5916398713826367,3.1832797427652735,0.0,1.0128617363344052,4.196141479099678,9.405144694533762,5.643086816720257,0.8681672025723474,0.14469453376205788,1.3022508038585208,1.5916398713826367,0.7234726688102894,0.0,0.0,0.0,27.899350649350648,,60.0,16.666666666666664,6.732475884244374
usa,MLS,2025,Javain Brown,26.0,D,Jamaica,180.0,79.0,3,3,196.0,0.0,0.0,0.0,0.0,0,0,1,0.0,0,0.0,1.3775510204081631,0.4591836734693877,0.0,0.0,0.0,0.0,56.47959183673469,0.0,2.7551020408163263,0.0,0.4591836734693877,3.214285714285714,11.479591836734695,6.428571428571428,0.0,0.0,0.4591836734693877,0.9183673469387754,2.295918367346939,0.4591836734693877,0.0,0.0,39.146341463414636,33.33333333333333,56.00000000000001,,6.856122448979591
usa,MLS,2025,Javairô Dilrosun,27.0,F,Netherlands,175.0,74.0,6,6,434.0,2.0,0.0,0.0,0.0,0,0,0,0.0,0,0.0,1.8663594470046083,1.2442396313364057,0.4147465437788018,0.0,0.4147465437788018,0.4147465437788018,31.728110599078338,0.6221198156682028,0.4147465437788018,0.0,0.2073732718894009,0.6221198156682028,4.976958525345623,2.28110599078341,1.6589861751152073,0.6221198156682028,0.4147465437788018,1.2442396313364057,0.0,0.0,0.0,0.0,24.9281045751634,66.66666666666666,45.83333333333333,37.5,7.101612903225807
usa,MLS,2026,Javaun Mussenden,18.0,M,,,,0,0,0.0,0.0,0.0,0.0,0.0,0,0,0,0.0,0,,,,,,,,,,,,,,,,,,,,,,,,,,,,
usa,MLS,2025 / 2026,Javier Otero,23.0,G,Venezuela,198.0,86.0,4,3,341.0,0.0,0.0,0.0,0.0,0,0,1,0.0,0,0.0,0.0,0.0,0.0,0.0,0.0,0.0,22.961876832844574,0.0,0.0,0.0,0.0,0.0,0.7917888563049854,0.7917888563049854,0.0,0.0,0.0,0.5278592375366569,0.0,0.26392961876832843,0.0,0.0,14.126436781609195,,100.0,,6.946041055718474
usa,MLS,2026,Jayden Da,23.0,F,,,,1,0,8.0,0.0,0.0,0.0,0.0,0,0,0,0.0,0,0.0,0.0,0.0,0.0,0.0,0.0,0.0,45.0,0.0,0.0,0.0,0.0,0.0,33.75,11.25,0.0,0.0,11.25,0.0,0.0,0.0,0.0,0.0,1.0,,33.33333333333333,,6.3
usa,MLS,2025 / 2026,Jayden Hibbert,21.0,G,Jamaica,188.0,75.0,8,8,720.0,0.0,0.0,0.0,0.0,0,0,1,0.0,0,0.0,0.0,0.0,0.0,0.0,0.0,0.0,27.75,0.0,0.0,0.0,0.0,0.0,0.5,0.5,0.0,0.0,0.0,0.0,0.0,0.125,0.0,0.0,21.666666666666668,,100.0,,7.2125
usa,MLS,2025 / 2026,Jayden Nelson,23.0,F,Canada,170.0,67.0,38,22,1860.0,4.0,5.0,1.0,0.0,0,0,6,0.0,1,0.14516129032258066,1.2580645161290323,0.6774193548387097,0.1935483870967742,0.24193548387096775,0.43548387096774194,0.1935483870967742,23.903225806451612,1.2096774193548387,1.4032258064516128,0.0,0.3870967741935484,1.7903225806451615,15.82258064516129,6.53225806451613,5.612903225806451,2.5161290322580645,1.2096774193548387,1.9838709677419353,2.4193548387096775,0.2903225806451613,0.0,0.04838709677419355,14.258655804480652,53.84615384615385,41.284403669724774,44.827586206896555,6.9380107526881725
usa,MLS,2025 / 2026,Jayden Reid,24.0,D,USA,,,19,16,1393.0,0.0,0.0,0.0,0.0,0,0,4,0.0,0,0.0,0.32304379038047376,0.19382627422828427,0.0,0.0,0.0,0.0,37.34386216798277,0.25843503230437903,2.58435032304379,0.19382627422828427,1.1629576453697057,3.7473079684134962,9.174443646805456,4.910265613783202,0.9045226130653267,0.5814788226848528,0.5168700646087581,0.8399138549892319,1.3567839195979898,0.25843503230437903,0.0,0.0,32.38235294117647,60.0,53.52112676056338,64.28571428571429,6.4234745154343145
usa,MLS,2025 / 2026,Jaziel Orozco,21.0,D,USA,175.0,83.0,17,15,1263.0,1.0,0.0,0.0,2.0,0,0,4,0.0,0,0.07125890736342043,0.3562945368171021,0.14251781472684086,0.07125890736342043,0.0,0.07125890736342043,0.07125890736342043,54.72684085510689,0.5700712589073634,1.7814726840855106,0.7125890736342042,1.7814726840855106,3.5629453681710213,8.194774346793348,4.489311163895487,0.6413301662707839,0.4275534441805226,0.3562945368171021,1.0688836104513064,1.7102137767220904,0.2850356294536817,0.0,0.0,51.440104166666664,40.0,54.78260869565217,66.66666666666666,6.859065716547902
usa,MLS,2025 / 2026,Jean-Claude Ngando,26.0,M,Cameroon,175.0,79.0,27,14,1358.0,2.0,3.0,0.0,0.0,0,0,2,0.0,0,0.1325478645066274,0.5964653902798233,0.39764359351988215,0.1325478645066274,0.19882179675994108,0.33136966126656847,0.1325478645066274,38.63770250368188,1.9219440353460973,1.4580265095729015,0.33136966126656847,0.39764359351988215,1.8556701030927836,9.14580265095729,4.506627393225331,2.7172312223858617,1.1266568483063328,0.8615611192930781,1.524300441826215,0.7952871870397643,0.1325478645066274,0.0,0.0,25.571183533447684,66.66666666666666,49.275362318840585,41.46341463414634,7.067378497790869
usa,MLS,2025 / 2026,Jeevan Badwal,19.0,M,Canada,168.0,74.0,40,19,1870.0,1.0,3.0,1.0,0.0,0,0,2,0.0,0,0.0,0.5775401069518716,0.48128342245989303,0.0481283422459893,0.1443850267379679,0.1925133689839572,0.0481283422459893,34.074866310160424,0.8181818181818181,1.4919786096256686,0.24064171122994651,1.251336898395722,2.7433155080213902,9.04812834224599,4.860962566844919,1.106951871657754,0.33689839572192515,0.625668449197861,2.4545454545454546,1.106951871657754,0.0962566844919786,0.0,0.0,25.638297872340427,83.33333333333334,53.72340425531915,30.434782608695656,6.9080299785867245
usa,MLS,2025 / 2026,Jefferson Díaz,25.0,D,Colombia,186.0,83.0,43,40,3349.0,1.0,4.0,0.0,0.0,0,0,10,0.0,0,0.053747387279785015,0.6718423409973127,0.29561063003881755,0.026873693639892508,0.10749477455957003,0.13436846819946252,0.026873693639892508,41.06300388175575,0.5643475664377426,1.478053150194088,0.5912212600776351,1.2899372947148402,2.767990444908928,9.64765601672141,4.837264855180651,0.9405792773962376,0.6180949537175277,0.7524634219169901,0.7793371155568827,1.6124216183935502,0.26873693639892504,0.0,0.0,37.89267015706806,44.0,50.13927576601671,65.71428571428571,6.945416542251419
usa,MLS,2025 / 2026,Jeffrey Gal,32.0,G,USA,187.0,,8,7,680.0,0.0,0.0,0.0,0.0,0,0,0,0.0,0,0.0,0.0,0.0,0.0,0.0,0.0,0.0,24.220588235294116,0.0,0.0,0.0,0.0,0.0,0.6617647058823529,0.39705882352941174,0.1323529411764706,0.0,0.0,0.1323529411764706,0.0,0.0,0.0,0.0,19.59016393442623,,60.0,0.0,6.463235294117647
usa,MLS,2025 / 2026,Jeisson Palacios,31.0,D,Colombia,186.0,75.0,36,34,3043.0,3.0,0.0,1.0,0.0,0,0,5,0.0,0,0.08872822872165627,0.5323693723299375,0.17745645744331254,0.08872822872165627,0.0,0.08872822872165627,0.08872822872165627,66.16168255011502,0.2366086099244167,2.2477817942819587,0.6506736772921459,0.9464344396976668,3.194216233979626,7.926388432467959,5.234965494577719,0.2366086099244167,0.17745645744331254,0.26618468616496876,1.005586592178771,0.680249753532698,0.14788038120276042,0.0,0.0,65.0683951721055,33.33333333333333,66.04477611940298,75.0,7.280808412750575
usa,MLS,2025 / 2026,Jeppe Tverskov,32.0,M,Denmark,185.0,84.0,48,47,4251.0,2.0,9.0,0.0,1.0,0,0,7,0.0,0,0.02117148906139732,0.402258292166549,0.14820042342978124,0.04234297812279464,0.19054340155257588,0.2328863796753705,0.04234297812279464,93.38743824982357,1.3761467889908257,2.074805928016937,0.3387438249823571,1.9901199717713478,4.064925899788285,8.701482004234299,5.398729710656316,0.9738884968242767,0.5716302046577276,0.7410021171489061,1.5666901905434016,0.8892025405786874,0.14820042342978124,0.0,0.0,85.48379052369077,36.84210526315789,62.04379562043796,58.69565217391305,7.533239237826393
usa,MLS,2025 / 2026,Jeremy Ebobisse,28.0,F,Cameroon,183.0,82.0,31,10,1077.0,5.0,1.0,1.0,0.0,0,0,0,0.0,0,0.5849582172701949,1.671309192200557,1.0027855153203342,0.41782729805013924,0.08356545961002786,0.5013927576601671,0.41782729805013924,21.81058495821727,0.7520891364902508,0.25069637883008355,0.08356545961002786,0.25069637883008355,0.5013927576601671,7.353760445682451,3.008356545961003,1.3370473537604457,0.7520891364902508,0.41782729805013924,1.1699164345403898,1.0027855153203342,0.0,0.0,0.0,11.53639846743295,60.0,40.909090909090914,56.25,6.830947955390335
usa,MLS,2025 / 2026,Jeremy Rafanello,25.0,M,USA,183.0,75.0,20,4,519.0,0.0,0.0,0.0,0.0,0,0,1,0.0,0,0.0,0.6936416184971098,0.5202312138728323,0.0,0.0,0.0,0.0,36.06936416184971,1.2138728323699421,1.5606936416184969,0.17341040462427745,0.3468208092485549,1.9075144508670518,10.751445086705203,4.855491329479769,1.9075144508670518,0.6936416184971098,1.0404624277456647,1.7341040462427744,1.0404624277456647,0.17341040462427745,0.0,0.0,22.3768115942029,75.0,45.16129032258064,36.36363636363637,6.67106796116505
usa,MLS,2025 / 2026,Jesus Barea,23.0,F,Spain,175.0,65.0,15,1,312.0,0.0,0.0,0.0,0.0,0,0,0,0.0,0,0.28846153846153844,2.884615384615384,1.442307692307692,0.0,0.0,0.0,0.0,24.80769230769231,1.1538461538461537,1.7307692307692308,0.28846153846153844,0.0,1.7307692307692308,17.01923076923077,8.942307692307692,2.3076923076923075,1.1538461538461537,0.28846153846153844,5.1923076923076925,0.5769230769230769,0.0,0.0,0.0,8.0,50.0,52.54237288135594,50.0,6.550322580645162
usa,MLS,2025 / 2026,Jesus Bueno,26.0,M,Venezuela,179.0,74.0,31,17,1422.0,2.0,0.0,0.0,2.0,0,0,4,0.0,0,0.06329113924050633,0.9493670886075949,0.5063291139240507,0.12658227848101267,0.0,0.12658227848101267,0.12658227848101267,41.835443037974684,0.569620253164557,2.5949367088607596,0.12658227848101267,1.3924050632911393,3.9873417721518987,10.88607594936709,5.886075949367089,1.139240506329114,0.44303797468354433,1.0759493670886076,2.0253164556962027,1.7721518987341773,0.25316455696202533,0.0,0.0,22.334341906202724,53.333333333333336,54.06976744186046,38.88888888888889,6.87628430682618
usa,MLS,2025 / 2026,Jesús Ferreira,25.0,M,USA,177.0,68.0,49,42,3359.0,6.0,9.0,0.0,0.0,0,1,4,0.0,0,0.2679368859779696,1.1789222983030663,0.7770169693361119,0.16076213158678176,0.24114319738017267,0.40190532896695447,0.16076213158678176,41.423042572194106,1.9291455790413814,1.2057159869008633,0.026793688597796964,0.8306043465317058,2.036320333432569,5.38553140815719,2.4382256623995238,0.9109854123250968,0.48228639476034535,0.6162548377493301,0.4554927061625484,0.9109854123250968,0.10717475439118786,0.0,0.0,33.05368693402328,65.9090909090909,45.27363184079602,52.94117647058824,7.11872581125335
usa,MLS,2025,Jimmy Farkarlun,24.0,F,Liberia,170.0,68.0,0,0,0.0,0.0,0.0,0.0,0.0,0,0,0,0.0,0,,,,,,,,,,,,,,,,,,,,,,,,,,,,
usa,MLS,2025 / 2026,Jimmy Maurer,37.0,G,USA,188.0,87.0,3,1,165.0,0.0,0.0,0.0,0.0,0,0,1,0.0,0,0.0,0.0,0.0,0.0,0.0,0.0,0.0,26.18181818181818,0.0,0.0,0.0,0.0,0.0,0.0,0.0,0.0,0.0,0.0,0.0,0.0,0.5454545454545454,0.0,0.0,9.916666666666666,,,,6.778181818181818
usa,MLS,2025,Joakim Nilsson,31.0,D,Sweden,185.0,78.0,6,2,147.0,0.0,0.0,0.0,0.0,0,0,0,0.0,0,0.0,0.6122448979591837,0.6122448979591837,0.0,0.0,0.0,0.0,61.224489795918366,0.0,3.0612244897959187,1.2244897959183674,1.8367346938775508,4.8979591836734695,9.183673469387756,4.285714285714286,0.0,0.0,1.8367346938775508,0.0,1.2244897959183674,0.0,0.0,0.0,33.371134020618555,100.0,46.666666666666664,,6.51360544217687
usa,MLS,2025 / 2026,Joao Ortíz,29.0,M,Ecuador,177.0,70.0,30,21,1586.0,0.0,1.0,0.0,1.0,0,0,4,0.0,0,0.0,0.22698612862547288,0.05674653215636822,0.0,0.05674653215636822,0.05674653215636822,0.0,51.41235813366961,0.6809583858764187,1.815889029003783,0.0,0.6242118537200505,2.4401008827238337,6.979823455233291,4.085750315258513,0.7377049180327869,0.5107187894073141,0.34047919293820933,1.1916771752837327,1.0781841109709962,0.22698612862547288,0.0,0.0,37.2560706401766,25.0,58.536585365853654,69.23076923076923,6.735624211853721
usa,MLS,2025,Joaquín Fernández,29.0,D,Spain,190.0,72.0,17,16,1313.0,0.0,0.0,0.0,0.0,0,0,6,0.0,0,0.1370906321401371,0.4798172124904798,0.0,0.0,0.0,0.0,0.0,49.62680883472962,0.20563594821020564,1.3023610053313024,0.6169078446306169,0.8910891089108911,2.1934501142421934,6.717440974866717,3.7014470677837017,0.06854531607006854,0.06854531607006854,0.2741812642802742,0.9596344249809596,1.3023610053313024,0.4112718964204113,0.0,0.0,49.081491712707184,0.0,55.10204081632652,100.0,6.848438690022848
usa,MLS,2025 / 2026,Joaquín Pereyra,27.0,F,Argentina,181.0,73.0,52,47,4235.0,8.0,14.0,0.0,0.0,0,0,12,0.0,0,0.1487603305785124,1.296340023612751,0.7012987012987013,0.17001180637544275,0.2975206611570248,0.4675324675324675,0.17001180637544275,42.20543093270366,2.5076741440377806,1.6363636363636362,0.06375442739079103,0.8500590318772137,2.48642266824085,12.283353010625738,5.249114521841794,2.975206611570248,1.2113341204250296,1.0413223140495866,2.125147579693034,1.721369539551358,0.2550177095631641,0.0,0.0,34.304632426988924,54.09836065573771,42.733564013840834,40.714285714285715,7.360613931523022
usa,MLS,2026,Joaquín Valiente,24.0,M,Uruguay,165.0,67.0,14,9,870.0,0.0,2.0,0.0,0.0,0,0,0,0.0,0,0.5172413793103449,0.6206896551724138,0.20689655172413793,0.0,0.20689655172413793,0.20689655172413793,0.0,34.55172413793103,2.0689655172413794,2.1724137931034484,0.0,0.41379310344827586,2.586206896551724,7.9655172413793105,3.103448275862069,1.3448275862068966,0.41379310344827586,1.7586206896551724,0.3103448275862069,0.5172413793103449,0.0,0.0,0.0,22.75449101796407,33.33333333333333,38.961038961038966,30.76923076923077,6.706781609195402
usa,MLS,2025 / 2026,Joe Willis,37.0,G,USA,195.0,86.0,37,37,3356.0,0.0,0.0,0.0,0.0,0,0,2,0.0,0,0.0,0.026817640047675805,0.026817640047675805,0.0,0.0,0.0,0.0,27.836710369487484,0.0,0.05363528009535161,0.0,0.0,0.05363528009535161,0.4827175208581645,0.29499404052443384,0.0804529201430274,0.026817640047675805,0.10727056019070322,0.13408820023837903,0.0,0.05363528009535161,0.0,0.0,22.13872832369942,100.0,61.111111111111114,33.33333333333333,6.942312276519667
usa,MLS,2025,Joedrick Pupe,28.0,D,Belgium,189.0,76.0,2,0,42.0,0.0,0.0,0.0,0.0,0,0,0,0.0,0,0.0,0.0,0.0,0.0,0.0,0.0,0.0,47.142857142857146,0.0,2.142857142857143,0.0,2.142857142857143,4.285714285714286,6.428571428571428,4.285714285714286,0.0,0.0,0.0,2.142857142857143,0.0,0.0,0.0,0.0,15.090909090909092,,66.66666666666666,,6.3047619047619055
usa,MLS,2025 / 2026,Joel Waterman,29.0,D,Canada,185.0,77.0,37,32,2891.0,1.0,1.0,0.0,0.0,0,0,12,0.0,1,0.06226219301279834,0.06226219301279834,0.03113109650639917,0.03113109650639917,0.03113109650639917,0.06226219301279834,0.03113109650639917,69.88931165686614,0.37357315807679004,1.2141127637495677,0.8405396056727775,1.1829816672431686,2.3970944309927362,6.755447941888621,3.9847803528190937,0.2179176755447942,0.15565548253199585,0.46696644759598754,1.3697682462815635,1.0273261847111725,0.37357315807679004,0.0,0.03113109650639917,63.738975501113586,50.0,58.986175115207374,71.42857142857143,6.965340712556209
usa,MLS,2026,Johann Ortiz,18.0,M,,,,0,0,0.0,0.0,0.0,0.0,0.0,0,0,0,0.0,0,,,,,,,,,,,,,,,,,,,,,,,,,,,,
usa,MLS,2025 / 2026,John McCarthy,33.0,G,USA,185.0,84.0,12,12,1080.0,0.0,0.0,0.0,0.0,0,0,0,0.0,0,0.0,0.0,0.0,0.0,0.0,0.0,0.0,23.333333333333332,0.0,0.0,0.0,0.0,0.0,0.41666666666666663,0.41666666666666663,0.0,0.0,0.0,0.08333333333333334,0.0,0.0,0.0,0.0,13.107142857142858,,100.0,,6.475
usa,MLS,2025 / 2026,John Nelson,27.0,D,USA,175.0,74.0,45,32,2909.0,0.0,1.0,0.0,1.0,0,0,2,0.0,0,0.061876933654176694,0.18563080096253007,0.030938466827088347,0.0,0.030938466827088347,0.030938466827088347,0.0,46.40770024063252,0.4331385355792368,1.4850464077002405,0.4331385355792368,0.8353386043313854,2.320385012031626,5.135785493296665,2.660708147129598,0.4022000687521485,0.2165692677896184,0.49501546923341355,0.30938466827088346,0.5259539360605019,0.061876933654176694,0.0,0.0,35.193333333333335,16.666666666666664,51.80722891566265,53.84615384615385,6.626228944654519
usa,MLS,2025 / 2026,John Pulskamp,24.0,G,USA,193.0,95.0,43,43,3889.0,0.0,2.0,0.0,2.0,0,0,2,0.0,0,0.0,0.0,0.0,0.0,0.04628439187451787,0.04628439187451787,0.0,26.0349704294163,0.04628439187451787,0.023142195937258934,0.0,0.0,0.023142195937258934,0.5554127024942145,0.37027513499614295,0.0,0.0,0.13885317562355362,0.16199537156081256,0.04628439187451787,0.04628439187451787,0.0,0.0,15.85688888888889,,66.66666666666666,,6.807071226536385
usa,MLS,2025,Johnny Russell,35.0,F,Scotland,178.0,79.0,13,4,360.0,2.0,0.0,0.0,0.0,0,0,1,0.0,0,0.0,1.5,1.25,0.5,0.0,0.5,0.5,35.0,2.0,1.25,0.5,0.5,1.75,10.75,5.0,2.75,1.0,1.5,1.5,1.5,0.25,0.0,0.0,13.978571428571428,83.33333333333334,46.51162790697674,36.36363636363637,6.9782729805013926
usa,MLS,2025,Johnny Selemani,17.0,F,Canada,,,1,0,26.0,0.0,0.0,0.0,0.0,0,0,0,0.0,0,0.0,3.4615384615384617,3.4615384615384617,0.0,0.0,0.0,0.0,13.846153846153847,0.0,0.0,0.0,0.0,0.0,17.30769230769231,3.4615384615384617,3.4615384615384617,3.4615384615384617,3.4615384615384617,0.0,3.4615384615384617,0.0,0.0,0.0,4.0,100.0,20.0,100.0,6.700000000000001
usa,MLS,2025 / 2026,Jon Gallagher,29.0,D,Republic of Ireland,175.0,72.0,51,40,3708.0,2.0,1.0,0.0,0.0,0,0,5,0.0,0,0.16990291262135923,0.41262135922330095,0.19417475728155337,0.04854368932038834,0.02427184466019417,0.07281553398058253,0.04854368932038834,29.441747572815533,0.6796116504854369,1.0922330097087378,0.33980582524271846,0.48543689320388356,1.5776699029126215,6.067961165048543,3.08252427184466,0.9708737864077671,0.41262135922330095,0.46116504854368934,1.1650485436893205,0.9223300970873787,0.12135922330097089,0.0,0.0,25.315746084089035,47.05882352941176,50.8,42.5,6.72348975188781
usa,MLS,2025 / 2026,Jonathan Bamba,29.0,F,Côte d'Ivoire,175.0,72.0,46,43,3398.0,8.0,7.0,0.0,1.0,0,0,6,0.0,0,0.37080635668040024,1.668628605061801,0.9535020600353148,0.21188934667451442,0.18540317834020012,0.3972925250147145,0.21188934667451442,33.79635079458505,1.8540317834020013,1.0064743967039433,0.052972336668628606,0.6886403766921718,1.6951147733961154,10.938787522071806,4.820482636845203,3.496174220129488,1.324308416715715,0.6356680400235433,1.9070041200706296,1.0329605650382578,0.15891701000588582,0.0,0.0,25.45062695924765,57.14285714285714,44.06779661016949,37.878787878787875,7.0790170688640375
usa,MLS,2025 / 2026,Jonathan Bell,28.0,D,USA,180.0,75.0,35,20,2076.0,2.0,0.0,0.0,1.0,0,0,2,0.0,1,0.04335260115606936,0.26011560693641617,0.13005780346820808,0.08670520231213873,0.0,0.08670520231213873,0.08670520231213873,51.63294797687861,0.2167630057803468,1.170520231213873,0.7369942196531792,0.9537572254335259,2.1242774566473988,6.15606936416185,3.5549132947976876,0.9104046242774566,0.7369942196531792,0.17341040462427745,0.2167630057803468,0.6502890173410405,0.08670520231213873,0.0,0.04335260115606936,44.976470588235294,50.0,57.74647887323944,80.95238095238095,6.623251326579836
usa,MLS,2025 / 2026,Jonathan Bond,32.0,G,England,196.0,85.0,40,40,3567.0,0.0,0.0,0.0,0.0,0,0,0,0.0,0,0.0,0.0,0.0,0.0,0.0,0.0,0.0,26.31623212783852,0.025231286795626577,0.025231286795626577,0.0,0.0,0.025231286795626577,0.5550883095037846,0.5046257359125316,0.050462573591253154,0.050462573591253154,0.025231286795626577,0.17661900756938603,0.025231286795626577,0.0,0.0,0.0,20.347075743048897,,90.9090909090909,100.0,6.881020465377067
usa,MLS,2025 / 2026,Jonathan Dean,28.0,D,USA,173.0,72.0,43,30,2676.0,1.0,4.0,0.0,1.0,0,0,3,0.0,1,0.0,0.16816143497757846,0.13452914798206278,0.033632286995515695,0.13452914798206278,0.16816143497757846,0.033632286995515695,35.71748878923766,0.7399103139013453,2.118834080717489,0.36995515695067266,1.5134529147982063,3.632286995515695,8.239910313901344,4.843049327354261,1.1434977578475336,0.6053811659192826,0.36995515695067266,0.7399103139013453,0.9417040358744395,0.10089686098654709,0.0,0.033632286995515695,25.918079096045197,80.0,58.77551020408164,52.94117647058824,6.814990654205607
usa,MLS,2026,Jonathan Gonzalez,26.0,M,Mexico,175.0,62.0,8,2,189.0,0.0,0.0,0.0,0.0,0,0,1,0.0,0,0.0,0.0,0.0,0.0,0.0,0.0,0.0,29.523809523809522,0.0,1.9047619047619047,0.47619047619047616,1.4285714285714284,3.333333333333333,6.666666666666666,4.285714285714286,1.4285714285714284,0.9523809523809523,0.0,1.4285714285714284,1.4285714285714284,0.47619047619047616,0.0,0.0,9.0,,64.28571428571429,66.66666666666666,6.519047619047619
usa,MLS,2025 / 2026,Jonathan Osorio,33.0,M,Canada,175.0,69.0,38,35,3205.0,4.0,4.0,0.0,1.0,0,0,6,0.0,0,0.056162246489859596,0.5616224648985959,0.28081123244929795,0.11232449297971919,0.11232449297971919,0.22464898595943839,0.11232449297971919,47.372854914196566,0.842433697347894,1.544461778471139,0.30889235569422774,0.982839313572543,2.527301092043682,6.99219968798752,3.875195007800312,0.702028081123245,0.3650546021840873,0.6458658346333853,1.5725429017160688,0.8985959438377535,0.1684867394695788,0.0,0.0,45.28749259039716,50.0,55.42168674698795,52.0,7.013666146645867
usa,MLS,2025,Jonathan Perez,22.0,M,Mexico,168.0,72.0,22,10,886.0,1.0,2.0,0.0,0.0,0,0,5,0.0,1,0.10158013544018057,1.1173814898419865,0.6094808126410836,0.10158013544018057,0.20316027088036115,0.3047404063205418,0.10158013544018057,25.80135440180587,1.4221218961625284,1.2189616252821671,0.10158013544018057,0.5079006772009029,1.7268623024830698,10.767494356659142,4.367945823927765,3.758465011286682,1.8284424379232505,0.6094808126410836,1.1173814898419865,1.4221218961625284,0.5079006772009029,0.0,0.10158013544018057,15.837301587301587,54.54545454545454,40.56603773584906,48.64864864864865,6.857514124293785
usa,MLS,2025,Jonathan Rodríguez,32.0,F,Uruguay,181.0,83.0,6,0,149.0,1.0,1.0,1.0,0.0,1,0,2,0.0,0,1.2080536912751678,3.624161073825503,1.8120805369127515,0.6040268456375839,0.6040268456375839,1.2080536912751678,0.0,33.22147651006711,1.2080536912751678,0.0,0.0,0.0,0.0,12.684563758389261,8.456375838926174,0.0,0.0,1.2080536912751678,3.0201342281879193,1.8120805369127515,1.2080536912751678,0.0,0.0,8.0,50.0,66.66666666666666,,6.998657718120805
usa,MLS,2025 / 2026,Jonathan Shore,18.0,M,USA,172.0,61.0,40,16,1693.0,1.0,0.0,0.0,0.0,0,0,1,0.0,0,0.0,0.531600708800945,0.15948021264028353,0.05316007088009451,0.0,0.05316007088009451,0.05316007088009451,43.11281748375664,0.6910809214412286,3.561724748966332,0.37212049616066156,1.0100413467217957,4.571766095688127,8.877731836975784,4.890726520968695,0.7974010632014177,0.2658003544004725,1.2226816302421737,0.5847607796810396,1.0100413467217957,0.05316007088009451,0.0,0.0,25.976572133168926,30.0,55.08982035928144,33.33333333333333,6.798165680473373
usa,MLS,2025 / 2026,Jonathan Sirois,24.0,G,Canada,187.0,81.0,25,25,2257.0,0.0,0.0,0.0,0.0,0,0,0,0.0,0,0.0,0.0,0.0,0.0,0.0,0.0,0.0,34.61231723526806,0.0,0.0,0.0,0.0,0.0,0.358883473637572,0.358883473637572,0.03987594151528578,0.03987594151528578,0.0,0.1595037660611431,0.0,0.0,0.0,0.0,27.944700460829495,,100.0,100.0,6.9837837837837835
usa,MLS,2025,Joran Gerbet,24.0,M,France,,,20,13,1128.0,0.0,1.0,1.0,0.0,0,0,2,0.0,0,0.0,0.0797872340425532,0.0,0.0,0.0797872340425532,0.0797872340425532,0.0,46.67553191489361,0.398936170212766,1.8351063829787235,0.4787234042553191,1.1170212765957448,2.952127659574468,9.25531914893617,5.744680851063829,0.5585106382978724,0.398936170212766,0.398936170212766,1.9946808510638299,0.9574468085106382,0.1595744680851064,0.0,0.0,41.6991452991453,0.0,62.06896551724138,71.42857142857143,7.056696428571429
usa,MLS,2025 / 2026,Jordan Farr,31.0,G,USA,185.0,84.0,3,2,247.0,0.0,0.0,0.0,0.0,0,0,0,0.0,0,0.0,0.0,0.0,0.0,0.0,0.0,0.0,28.05668016194332,0.0,0.0,0.0,0.0,0.0,1.0931174089068827,1.0931174089068827,0.0,0.0,0.0,0.3643724696356275,0.0,0.0,0.0,0.0,16.506493506493506,,100.0,,6.717004048582996
usa,MLS,2025 / 2026,Jordan Knight,23.0,D,Canada,191.0,,3,0,24.0,0.0,0.0,0.0,0.0,0,0,0,0.0,0,0.0,0.0,0.0,0.0,0.0,0.0,0.0,22.5,3.75,7.5,0.0,0.0,7.5,18.75,7.5,0.0,0.0,0.0,0.0,3.75,0.0,0.0,0.0,1.5,,40.0,,6.699999999999999
usa,MLS,2025 / 2026,Jordan Morris,31.0,F,USA,180.0,84.0,31,18,1625.0,8.0,3.0,1.0,0.0,0,1,0,0.0,0,0.6092307692307692,1.7723076923076924,1.2738461538461539,0.4430769230769231,0.16615384615384615,0.6092307692307692,0.4430769230769231,19.273846153846154,1.3846153846153846,0.6092307692307692,0.055384615384615386,0.22153846153846155,0.8307692307692308,8.972307692307693,4.6523076923076925,0.72,0.4430769230769231,0.3323076923076923,0.9415384615384615,0.8307692307692308,0.0,0.0,0.0,13.020348837209303,71.875,51.85185185185185,61.53846153846154,6.9613538461538464
usa,MLS,2025,Jordi Alba,36.0,D,Spain,170.0,68.0,36,35,3112.0,6.0,14.0,0.0,0.0,0,0,6,0.0,0,0.08676092544987146,0.5784061696658098,0.2602827763496144,0.17352185089974292,0.40488431876606684,0.5784061696658098,0.17352185089974292,62.178663239074545,2.082262210796915,0.8965295629820051,0.20244215938303342,0.7519280205655526,1.648457583547558,3.730719794344473,2.053341902313625,0.8386889460154242,0.3759640102827763,0.40488431876606684,0.6073264781491002,0.4916452442159383,0.17352185089974292,0.0,0.0,53.307906976744185,45.0,55.03875968992248,44.827586206896555,7.416195372750643
usa,MLS,2026,Jorge Alastuey,22.0,M,Spain,178.0,65.0,2,1,97.0,0.0,0.0,0.0,0.0,0,0,0,0.0,0,0.0,0.0,0.0,0.0,0.0,0.0,0.0,22.2680412371134,0.9278350515463918,0.9278350515463918,0.0,0.0,0.9278350515463918,6.494845360824741,1.8556701030927836,0.0,0.0,0.9278350515463918,0.0,2.783505154639175,0.0,0.0,0.0,8.458333333333334,,28.57142857142857,,6.3
usa,MLS,2026,Jorge Ruvalcaba,24.0,F,Mexico,,,15,14,1141.0,7.0,0.0,0.0,0.0,0,0,4,0.0,0,0.5521472392638037,1.89307624890447,1.1831726555652935,0.5521472392638037,0.0,0.5521472392638037,0.5521472392638037,28.553900087642422,1.1831726555652935,0.6310254163014899,0.0,0.23663453111305874,0.8676599474145485,4.653812445223488,1.8141980718667834,1.4198071866783522,0.7887817703768624,0.7887817703768624,0.3943908851884312,0.7887817703768624,0.31551270815074495,0.0,0.0,23.16022099447514,62.5,38.983050847457626,55.55555555555556,7.092462751971954
usa,MLS,2025,Josef Martínez,32.0,F,Venezuela,172.0,74.0,30,21,1876.0,14.0,2.0,1.0,0.0,1,0,0,0.0,0,0.8155650319829424,2.3507462686567164,1.727078891257996,0.6716417910447761,0.09594882729211088,0.767590618336887,0.6236673773987207,14.872068230277186,0.9115138592750534,0.04797441364605544,0.0,0.04797441364605544,0.09594882729211088,4.1257995735607675,1.439232409381663,0.23987206823027718,0.09594882729211088,0.19189765458422176,0.5756929637526652,0.3837953091684435,0.0,0.0,0.0,11.572815533980583,73.46938775510205,34.883720930232556,40.0,6.960363247863247
usa,MLS,2025 / 2026,Joseph Paintsil,28.0,F,Ghana,169.0,70.0,37,33,2917.0,13.0,4.0,1.0,0.0,2,0,4,0.0,0,0.6170723345903325,2.0363387041480974,1.326705519369215,0.4010970174837162,0.12341446691806651,0.5245114844017826,0.3393897840246829,26.87350017140898,1.0490229688035653,0.6787795680493658,0.0,0.27768255056564967,0.9564621186150154,11.477545423380187,5.923894412067192,4.874871443263627,2.2523140212547137,0.3393897840246829,2.8693863558450468,1.1415838189921153,0.12341446691806651,0.0,0.0,23.324913892078072,65.15151515151516,51.61290322580645,46.20253164556962,7.302913952691121
usa,MLS,2025 / 2026,Joseph Rosales,25.0,M,Honduras,180.0,73.0,43,33,2933.0,2.0,3.0,0.0,1.0,0,0,4,0.0,1,0.12274122059324923,0.7671326287078077,0.2761677463348108,0.06137061029662461,0.09205591544493692,0.15342652574156154,0.06137061029662461,36.576883736788275,1.1046709853392431,2.2400272758267987,0.06137061029662461,0.8898738493010568,3.1299011251278555,11.905898397545176,5.308557790658029,2.7309921581997956,1.2580975110808046,0.9512444595976816,1.2274122059324923,1.6263211728605522,0.12274122059324923,0.0,0.030685305148312306,29.468959731543624,36.0,44.58762886597938,46.06741573033708,6.849607909989772
usa,MLS,2025,Joseph Zalinsky,22.0,D,USA,178.0,75.0,7,2,217.0,0.0,0.0,0.0,0.0,0,0,2,0.0,0,0.0,0.0,0.0,0.0,0.0,0.0,0.0,39.40092165898618,1.2442396313364057,4.976958525345623,1.2442396313364057,2.0737327188940093,7.050691244239631,17.419354838709676,10.368663594470046,1.2442396313364057,0.4147465437788018,1.6589861751152073,2.903225806451613,3.3179723502304146,0.8294930875576036,0.0,0.0,14.136842105263158,,59.523809523809526,33.33333333333333,6.8350230414746544
usa,MLS,2025 / 2026,Josh Atencio,23.0,M,USA,185.0,79.0,39,32,2587.0,1.0,0.0,0.0,1.0,0,0,8,0.0,0,0.0,0.27831465017394663,0.06957866254348666,0.03478933127174333,0.0,0.03478933127174333,0.03478933127174333,55.48898337843061,0.52183996907615,2.3656745264785464,0.10436799381523,1.3219945883262467,3.6876691148047933,8.03633552377271,4.139930421337456,0.8001546192500967,0.45226130653266333,1.1132586006957865,0.41747197526092,1.1828372632392732,0.27831465017394663,0.0,0.0,44.10783699059561,25.0,51.515151515151516,56.52173913043478,6.856551990722846
usa,MLS,2025 / 2026,Josh Bauer,27.0,D,USA,185.0,79.0,37,15,1389.0,3.0,2.0,0.0,0.0,0,0,1,0.0,0,0.0,0.5183585313174945,0.25917926565874727,0.19438444924406048,0.12958963282937364,0.32397408207343414,0.19438444924406048,43.80129589632829,0.9719222462203023,2.203023758099352,0.25917926565874727,0.7775377969762419,2.9805615550755937,8.423326133909287,4.794816414686824,1.101511879049676,0.32397408207343414,0.5183585313174945,0.712742980561555,0.8423326133909288,0.06479481641468682,0.0,0.0,25.828402366863905,50.0,56.92307692307692,29.411764705882355,6.982923299565847
usa,MLS,2025 / 2026,Josh Cohen,33.0,G,USA,185.0,79.0,0,0,0.0,0.0,0.0,0.0,0.0,0,0,0,0.0,0,,,,,,,,,,,,,,,,,,,,,,,,,,,,
usa,MLS,2025,Josh Santiago,18.0,D,USA,,,0,0,0.0,0.0,0.0,0.0,0.0,0,0,0,0.0,0,,,,,,,,,,,,,,,,,,,,,,,,,,,,
usa,MLS,2026,Josh Sargent,25.0,F,USA,185.0,79.0,9,8,652.0,3.0,1.0,0.0,0.0,0,0,0,0.0,0,0.4141104294478528,1.932515337423313,1.2423312883435582,0.4141104294478528,0.13803680981595093,0.5521472392638037,0.4141104294478528,19.049079754601227,0.8282208588957056,0.8282208588957056,0.13803680981595093,0.13803680981595093,0.9662576687116565,11.871165644171779,6.211656441717792,1.932515337423313,1.2423312883435582,0.27607361963190186,1.6564417177914113,0.6901840490797546,0.0,0.0,0.0,12.173913043478262,64.28571428571429,52.32558139534884,64.28571428571429,7.216104294478527
usa,MLS,2025 / 2026,Joshua Torquato,18.0,D,USA,,,6,3,261.0,0.0,0.0,0.0,0.0,0,0,1,0.0,0,0.0,0.0,0.0,0.0,0.0,0.0,0.0,25.517241379310345,0.3448275862068965,1.0344827586206897,0.3448275862068965,1.7241379310344827,2.758620689655172,8.96551724137931,3.793103448275862,1.0344827586206897,0.3448275862068965,0.3448275862068965,1.379310344827586,2.413793103448276,0.3448275862068965,0.0,0.0,13.58108108108108,,42.30769230769231,33.33333333333333,6.3613026819923375
usa,MLS,2025 / 2026,Joshua Yaro,31.0,D,Ghana,180.0,74.0,18,14,1265.0,1.0,0.0,0.0,1.0,0,0,1,0.0,0,0.0,0.21343873517786563,0.07114624505928854,0.07114624505928854,0.0,0.07114624505928854,0.07114624505928854,44.25296442687747,0.07114624505928854,0.9960474308300395,0.782608695652174,1.2094861660079053,2.205533596837945,5.051383399209486,2.4189723320158105,0.3557312252964427,0.1422924901185771,0.1422924901185771,0.2845849802371542,0.3557312252964427,0.07114624505928854,0.0,0.0,41.665594855305464,33.33333333333333,47.88732394366197,40.0,6.624584980237154
usa,MLS,2026,José Caicedo,23.0,M,Colombia,179.0,69.0,8,7,532.0,0.0,0.0,0.0,0.0,0,0,1,0.0,0,0.0,0.6766917293233082,0.16917293233082706,0.0,0.0,0.0,0.0,74.09774436090225,0.6766917293233082,3.045112781954887,0.8458646616541353,1.5225563909774436,4.56766917293233,10.488721804511277,6.428571428571428,0.8458646616541353,0.3383458646616541,1.3533834586466165,1.6917293233082706,1.0150375939849623,0.16917293233082706,0.0,0.0,65.43835616438356,25.0,61.29032258064516,40.0,7.152255639097745
usa,MLS,2025 / 2026,José Cifuentes,26.0,M,Ecuador,178.0,70.0,17,16,1302.0,1.0,2.0,0.0,0.0,0,0,3,0.0,0,0.0,0.5529953917050692,0.2073732718894009,0.06912442396313365,0.1382488479262673,0.2073732718894009,0.06912442396313365,38.77880184331797,1.4516129032258065,2.0046082949308754,0.1382488479262673,0.4838709677419355,2.4884792626728114,11.129032258064516,5.806451612903226,2.4884792626728114,1.8663594470046083,0.8294930875576036,1.1059907834101383,1.6589861751152073,0.2073732718894009,0.0,0.0,30.59893048128342,37.5,52.17391304347826,75.0,6.930568356374808
usa,MLS,2025 / 2026,Jovan Lukić,23.0,M,Serbia,180.0,73.0,49,45,3916.0,2.0,3.0,0.0,1.0,0,0,14,0.0,1,0.0,0.8733401430030644,0.22982635342185903,0.04596527068437181,0.0689479060265577,0.11491317671092952,0.04596527068437181,46.42492339121553,0.9882533197139939,2.597037793667007,0.18386108273748725,1.2870275791624106,3.8840653728294177,10.273237997957098,4.6884576098059245,1.0801838610827375,0.5286006128702758,1.7926455566905006,0.5286006128702758,1.5858018386108275,0.32175689479060265,0.0,0.022982635342185906,39.41633663366336,26.31578947368421,45.63758389261745,48.93617021276596,6.906435137895812
usa,MLS,2026,Joyeux Masanka Bungi,18.0,M,Belgium,,,2,1,97.0,0.0,0.0,0.0,1.0,0,0,1,0.0,0,0.0,0.0,0.0,0.0,0.0,0.0,0.0,22.2680412371134,0.0,6.494845360824741,0.0,0.9278350515463918,7.422680412371134,17.628865979381445,6.494845360824741,4.639175257731958,0.0,3.711340206185567,0.0,2.783505154639175,0.9278350515463918,0.0,0.0,8.0,,36.84210526315789,0.0,5.943298969072165
usa,MLS,2025 / 2026,João Klauss,28.0,F,Brazil,190.0,84.0,41,36,2978.0,15.0,2.0,0.0,0.0,0,0,4,0.0,0,0.3022162525184688,2.7501678979180655,1.3599731363331096,0.45332437877770315,0.06044325050369376,0.5137676292813969,0.45332437877770315,21.638683680322362,1.1484217595701813,0.8764271323035595,0.09066487575554062,0.24177300201477503,1.1182001343183345,10.728676964405642,5.530557421087979,1.3297515110812625,0.5742108797850907,0.33243787777031564,1.2088650100738751,1.269308260577569,0.12088650100738751,0.0,0.0,16.250700280112046,49.45054945054945,51.54929577464789,43.18181818181818,7.23428475486904
usa,MLS,2025,João Paulo,34.0,M,Brazil,170.0,71.0,11,6,491.0,0.0,0.0,0.0,1.0,0,0,3,0.0,0,0.0,0.5498981670061099,0.0,0.0,0.0,0.0,0.0,84.31771894093686,0.9164969450101833,3.29938900203666,0.3665987780040733,2.016293279022403,5.315682281059063,11.731160896130346,6.965376782077392,1.2830957230142568,0.3665987780040733,0.9164969450101833,3.29938900203666,1.2830957230142568,0.5498981670061099,0.0,0.0,63.052173913043475,0.0,59.375,28.57142857142857,6.986150712830957
usa,MLS,2025 / 2026,João Peglow,23.0,F,Brazil,173.0,73.0,39,36,3021.0,4.0,6.0,1.0,0.0,0,0,6,0.0,0,0.08937437934458788,0.923535253227408,0.4170804369414101,0.11916583912611718,0.17874875868917575,0.29791459781529295,0.11916583912611718,36.405163853028796,1.5491559086395232,2.7408142999006953,0.08937437934458788,0.7745779543197616,3.515392254220457,12.065541211519363,5.422045680238331,2.323733862959285,1.0129096325719962,1.221449851042701,0.923535253227408,1.4597815292949354,0.17874875868917575,0.0,0.0,28.27659574468085,45.16129032258064,44.93827160493827,43.58974358974359,6.938662694472029
usa,MLS,2025 / 2026,Juan Berrocal,26.0,D,Spain,187.0,72.0,19,13,1319.0,0.0,0.0,0.0,1.0,0,0,2,0.0,0,0.0,0.3411675511751327,0.0,0.0,0.0,0.0,0.0,54.10917361637604,0.13646702047005307,1.6376042456406368,0.6823351023502654,1.7740712661106899,3.4116755117513264,6.1410159211523885,3.2752084912812736,0.0,0.0,0.5458680818802123,0.13646702047005307,1.2964366944655041,0.13646702047005307,0.0,0.0,52.377049180327866,0.0,53.333333333333336,,6.704624715693707
usa,MLS,2026,Juan Jose Arias,21.0,D,Colombia,,,0,0,0.0,0.0,0.0,0.0,0.0,0,0,0,0.0,0,,,,,,,,,,,,,,,,,,,,,,,,,,,,
usa,MLS,2026,Juan Manuel Sanabria,25.0,M,Uruguay,172.0,70.0,11,10,923.0,0.0,4.0,0.0,0.0,0,0,2,0.0,0,0.19501625135427952,0.8775731310942578,0.2925243770314193,0.0,0.39003250270855905,0.39003250270855905,0.0,38.41820151679307,1.7551462621885157,2.1451787648970746,0.09750812567713976,0.8775731310942578,3.022751895991332,7.118093174431203,4.387865655471289,0.9750812567713976,0.19501625135427952,0.4875406283856988,0.5850487540628386,0.7800650054171181,0.19501625135427952,0.0,0.0,35.08121827411168,33.33333333333333,61.64383561643836,20.0,7.082448537378116
usa,MLS,2026,Juan Mina,21.0,D,Colombia,183.0,78.0,5,1,183.0,0.0,0.0,0.0,0.0,0,0,0,0.0,0,0.0,1.9672131147540983,0.9836065573770492,0.0,0.0,0.0,0.0,63.9344262295082,0.4918032786885246,1.9672131147540983,0.0,1.9672131147540983,3.9344262295081966,11.80327868852459,6.885245901639345,0.4918032786885246,0.4918032786885246,1.4754098360655739,3.9344262295081966,1.9672131147540983,0.0,0.0,0.0,30.246153846153845,50.0,58.333333333333336,100.0,6.562841530054645
usa,MLS,2025 / 2026,Juan Mosquera,23.0,D,Colombia,180.0,72.0,35,30,2632.0,2.0,3.0,1.0,0.0,0,0,2,0.0,1,0.03419452887537994,0.581306990881459,0.2735562310030395,0.06838905775075987,0.10258358662613981,0.1709726443768997,0.06838905775075987,40.72568389057751,1.128419452887538,1.4019756838905775,0.03419452887537994,0.3419452887537994,1.7439209726443767,6.770516717325228,3.5904255319148937,1.3335866261398177,0.6496960486322189,0.7180851063829786,1.0258358662613982,0.547112462006079,0.06838905775075987,0.0,0.03419452887537994,33.952980688497064,47.05882352941176,53.03030303030303,48.717948717948715,6.962879939209726
usa,MLS,2025 / 2026,Jude Terry,17.0,M,USA,175.0,67.0,6,2,176.0,1.0,0.0,0.0,0.0,0,0,0,0.0,0,0.0,1.0227272727272727,0.5113636363636364,0.5113636363636364,0.0,0.5113636363636364,0.5113636363636364,51.64772727272727,0.5113636363636364,1.0227272727272727,0.0,1.0227272727272727,2.0454545454545454,7.670454545454545,2.0454545454545454,2.0454545454545454,0.5113636363636364,1.0227272727272727,0.5113636363636364,1.0227272727272727,0.0,0.0,0.0,39.84158415841584,50.0,26.666666666666668,25.0,7.0323863636363635
usa,MLS,2025 / 2026,Jules-Anthony Vilsaint,22.0,F,Canada,193.0,80.0,19,2,493.0,1.0,1.0,0.0,0.0,0,0,1,0.0,0,0.7302231237322515,1.460446247464503,1.0953346855983772,0.18255578093306288,0.18255578093306288,0.36511156186612576,0.18255578093306288,18.255578093306287,0.7302231237322515,1.0953346855983772,0.0,0.18255578093306288,1.2778904665314401,10.405679513184584,5.1115618661257605,1.643002028397566,0.9127789046653144,0.36511156186612576,2.0081135902636915,1.643002028397566,0.18255578093306288,0.0,0.0,5.13,75.0,49.122807017543856,55.55555555555556,6.651926977687627
usa,MLS,2025,Julian Gaines,23.0,D,USA,178.0,73.0,3,0,32.0,0.0,0.0,0.0,0.0,0,0,0,0.0,0,0.0,0.0,0.0,0.0,0.0,0.0,0.0,75.9375,0.0,8.4375,0.0,2.8125,11.25,22.5,16.875,0.0,0.0,0.0,2.8125,2.8125,0.0,0.0,0.0,9.925925925925926,,75.0,,6.50625
usa,MLS,2025 / 2026,Julian Gressel,32.0,M,USA,185.0,84.0,25,12,1151.0,1.0,3.0,0.0,0.0,0,0,3,0.0,0,0.07819287576020852,0.7037358818418766,0.23457862728062556,0.07819287576020852,0.23457862728062556,0.31277150304083406,0.07819287576020852,31.355343179843615,1.3292788879235446,2.1894005212858385,0.4691572545612511,0.7037358818418766,2.893136403127715,6.959165942658558,3.8314509122502174,0.7819287576020852,0.3909643788010426,0.8601216333622937,0.4691572545612511,1.0165073848827109,0.23457862728062556,0.0,0.0,17.840399002493765,33.33333333333333,55.0561797752809,50.0,6.9292173913043476
usa,MLS,2025 / 2026,Julian Hall,17.0,F,USA,,,41,19,1982.0,10.0,3.0,1.0,0.0,0,0,0,0.0,0,0.2270433905146317,1.4984863773965693,0.9081735620585268,0.4540867810292634,0.136226034308779,0.5903128153380424,0.4540867810292634,19.616548940464178,0.6811301715438951,0.8627648839556004,0.0,0.31786074672048437,1.1806256306760847,9.762865792129162,3.6781029263370337,2.2704339051463167,1.226034308779011,0.7265388496468214,1.1352169525731584,0.9989909182643795,0.0,0.0,0.0,11.76388888888889,60.60606060606061,37.67441860465116,54.0,6.834712411705349
usa,MLS,2026,Julian Placias,19.0,F,USA,191.0,82.0,0,0,0.0,0.0,0.0,0.0,0.0,0,0,0,0.0,0,,,,,,,,,,,,,,,,,,,,,,,,,,,,
usa,MLS,2025,Julio Cascante,32.0,D,Costa Rica,186.0,75.0,15,9,820.0,0.0,0.0,0.0,0.0,0,0,1,0.0,0,0.10975609756097561,0.32926829268292684,0.0,0.0,0.0,0.0,0.0,58.609756097560975,0.21951219512195122,0.43902439024390244,0.9878048780487805,1.2073170731707317,1.646341463414634,6.804878048780488,3.292682926829268,0.10975609756097561,0.0,0.43902439024390244,0.5487804878048781,0.7682926829268293,0.10975609756097561,0.0,0.0,51.94736842105263,0.0,48.38709677419355,0.0,6.804146341463414
usa,MLS,2025 / 2026,Julián Aude,22.0,D,Argentina,180.0,71.0,37,19,1787.0,0.0,0.0,0.0,0.0,0,0,4,0.0,0,0.05036373810856184,0.10072747621712368,0.05036373810856184,0.0,0.0,0.0,0.0,62.350307778399554,0.6547285954113038,2.5181869054280916,0.302182428651371,1.0072747621712366,3.5254616675993287,11.382204812534974,6.698377168438723,2.014549524342473,1.208729714605484,1.1583659764969223,1.8634583100167879,1.3598209289311696,0.20145495243424735,0.0,0.0,49.1421647819063,50.0,58.849557522123895,60.0,6.86804932735426
usa,MLS,2026,Julián Bazán,20.0,D,Colombia,180.0,78.0,1,0,10.0,0.0,0.0,0.0,0.0,0,0,0,0.0,0,0.0,0.0,0.0,0.0,0.0,0.0,0.0,54.0,0.0,9.0,0.0,0.0,9.0,27.0,9.0,9.0,0.0,0.0,0.0,9.0,0.0,0.0,0.0,4.0,,33.33333333333333,0.0,6.7
usa,MLS,2025,Julián Fernández,21.0,F,Argentina,183.0,74.0,37,14,1482.0,3.0,5.0,0.0,0.0,0,0,6,0.0,0,0.06072874493927125,2.004048582995951,0.6680161943319838,0.18218623481781376,0.3036437246963563,0.48582995951417,0.18218623481781376,42.32793522267207,2.7935222672064777,1.5789473684210527,0.18218623481781376,0.48582995951417,2.064777327935223,11.477732793522268,5.040485829959514,3.218623481781376,1.45748987854251,1.2753036437246963,1.3967611336032388,1.3967611336032388,0.3643724696356275,0.0,0.0,24.579626972740314,33.33333333333333,43.91534391534391,45.28301886792453,7.12777027027027
usa,MLS,2025,Jun-hong Kim,22.0,G,Korea Republic,190.0,87.0,8,8,720.0,0.0,0.0,0.0,0.0,0,0,1,0.0,0,0.0,0.0,0.0,0.0,0.0,0.0,0.0,29.75,0.0,0.0,0.0,0.0,0.0,0.375,0.375,0.125,0.125,0.0,0.25,0.0,0.125,0.0,0.0,20.373949579831933,,100.0,100.0,6.8375
usa,MLS,2025 / 2026,Justen Glad,28.0,D,USA,183.0,66.0,44,44,3936.0,1.0,2.0,1.0,2.0,0,0,8,0.0,0,0.02286585365853659,0.34298780487804875,0.06859756097560976,0.02286585365853659,0.04573170731707318,0.06859756097560976,0.02286585365853659,65.41920731707317,0.3658536585365854,1.0975609756097562,0.8689024390243902,1.3033536585365855,2.4009146341463414,6.836890243902438,3.4527439024390243,0.09146341463414635,0.04573170731707318,0.29725609756097565,0.34298780487804875,1.0975609756097562,0.1829268292682927,0.0,0.0,62.99580566235582,20.0,50.50167224080268,50.0,7.0044461382113825
usa,MLS,2026,Justin Che,22.0,D,USA,185.0,79.0,8,6,553.0,0.0,0.0,0.0,1.0,0,0,2,0.0,0,0.0,0.325497287522604,0.325497287522604,0.0,0.0,0.0,0.0,59.07775768535262,0.488245931283906,2.4412296564195297,1.464737793851718,1.139240506329114,3.580470162748644,8.1374321880651,5.207956600361664,1.139240506329114,0.81374321880651,0.325497287522604,0.650994575045208,0.650994575045208,0.325497287522604,0.0,0.0,61.239669421487605,100.0,64.0,71.42857142857143,7.3663652802893305
usa,MLS,2025 / 2026,Justin Ellis,18.0,F,USA,183.0,,9,7,547.0,1.0,2.0,0.0,0.0,0,0,0,0.0,0,0.16453382084095064,1.1517367458866545,0.8226691042047533,0.16453382084095064,0.3290676416819013,0.4936014625228519,0.16453382084095064,24.021937842778794,1.6453382084095065,0.6581352833638026,0.0,0.3290676416819013,0.9872029250457038,10.69469835466179,5.7586837294332724,3.455210237659964,2.6325411334552102,0.4936014625228519,1.6453382084095065,0.3290676416819013,0.0,0.0,0.0,16.904109589041095,71.42857142857143,53.84615384615385,76.19047619047619,6.9632541133455215
usa,MLS,2025 / 2026,Justin Haak,24.0,D,USA,183.0,75.0,54,52,4673.0,2.0,5.0,0.0,2.0,0,0,10,0.0,0,0.0577787288679649,0.34667237320778943,0.13481703402525144,0.03851915257864327,0.09629788144660818,0.13481703402525144,0.03851915257864327,57.817248020543545,0.38519152578643273,1.5600256794350524,0.7318638989942222,1.3866894928311577,2.94671517226621,7.838647549753905,4.044511020757543,0.9052000855981168,0.5200085598116841,0.6163064412582924,0.9822383907554033,1.1363150010699765,0.19259576289321637,0.0,0.0,56.68187874750166,38.88888888888889,51.5970515970516,57.446808510638306,6.893644339824524
usa,MLS,2025 / 2026,Justin Reynolds,21.0,D,USA,178.0,77.0,12,5,469.0,1.0,1.0,0.0,0.0,0,0,0,0.0,0,0.0,0.767590618336887,0.3837953091684435,0.19189765458422176,0.19189765458422176,0.3837953091684435,0.19189765458422176,45.863539445628994,1.3432835820895521,2.4946695095948828,0.767590618336887,1.9189765458422174,4.4136460554371,9.78678038379531,5.181236673773987,2.302771855010661,0.9594882729211087,0.3837953091684435,0.9594882729211087,0.5756929637526652,0.0,0.0,0.0,22.807531380753137,50.0,52.94117647058824,41.66666666666667,6.6413646055437106
usa,MLS,2025 / 2026,Jímer Fory,23.0,D,Colombia,187.0,83.0,43,40,3448.0,0.0,3.0,0.0,0.0,0,0,15,0.0,2,0.07830626450116009,0.18271461716937354,0.10440835266821345,0.0,0.07830626450116009,0.07830626450116009,0.0,49.62006960556845,0.6003480278422274,1.7488399071925755,0.39153132250580047,1.7749419953596286,3.5237819025522037,9.266241299303944,5.142111368909513,0.9135730858468677,0.5481438515081206,0.6003480278422274,0.8091647331786542,1.6705336426914152,0.39153132250580047,0.0,0.052204176334106726,44.594950026301944,57.14285714285714,55.49295774647888,60.0,6.906902552204176
usa,MLS,2025,Júnior Urso,36.0,M,Brazil,180.0,72.0,19,11,978.0,1.0,1.0,0.0,0.0,0,0,5,0.0,0,0.0,0.9202453987730062,0.27607361963190186,0.09202453987730062,0.09202453987730062,0.18404907975460125,0.09202453987730062,48.22085889570552,0.5521472392638037,2.208588957055215,0.18404907975460125,0.6441717791411044,2.852760736196319,10.30674846625767,6.717791411042945,1.3803680981595092,0.8282208588957056,0.3680981595092025,2.668711656441718,0.8282208588957056,0.4601226993865031,0.0,0.0,42.21223709369025,30.0,65.17857142857143,60.0,7.035143442622951
usa,MLS,2026,Kai Trewin,24.0,M,Australia,,,15,14,1275.0,0.0,0.0,0.0,0.0,0,0,3,0.0,0,0.0,0.3529411764705882,0.2117647058823529,0.0,0.0,0.0,0.0,65.43529411764706,0.49411764705882355,1.6941176470588233,0.6352941176470589,1.1294117647058823,2.8235294117647056,6.141176470588236,3.5294117647058822,0.3529411764705882,0.2117647058823529,0.49411764705882355,0.5647058823529412,1.0588235294117647,0.2117647058823529,0.0,0.0,65.50053937432578,60.0,57.47126436781609,60.0,6.9909019607843135
usa,MLS,2025,Kai Wagner,28.0,D,Germany,183.0,80.0,35,33,3059.0,2.0,10.0,0.0,0.0,0,0,6,0.0,0,0.058842759071592025,0.3824779339653481,0.14710689767898005,0.058842759071592025,0.2942137953579601,0.35305655442955214,0.058842759071592025,44.86760379208892,3.0892448512585813,2.853873814972213,0.11768551814318405,1.4122262177182086,4.266100032690422,9.620791108205296,6.178489702517163,0.9120627656096764,0.6178489702517163,1.1180124223602483,1.1474338018960444,1.1180124223602483,0.17652827721477607,0.0,0.0,35.04786885245902,38.46153846153847,64.22018348623854,67.74193548387096,7.6957502451781625
usa,MLS,2025 / 2026,Kaick,20.0,M,Brazil,175.0,68.0,44,35,2917.0,3.0,1.0,0.0,0.0,0,0,10,0.0,1,0.09256085018854987,0.6787795680493658,0.24682893383613302,0.09256085018854987,0.030853616729516628,0.12341446691806651,0.09256085018854987,39.06067877956805,0.8639012684264655,2.128899554336647,0.21597531710661638,1.1107302022625987,3.2396297565992453,10.551936921494686,5.337675694206377,1.0181693520740487,0.6170723345903325,1.480973603016798,2.128899554336647,1.5426808364758315,0.30853616729516625,0.0,0.030853616729516628,28.567930489731438,36.36363636363637,50.58479532163743,60.60606060606061,6.8668495029139525
usa,MLS,2025 / 2026,Kalani Kossa-Rienzi,23.0,D,USA,170.0,68.0,35,24,2361.0,4.0,2.0,0.0,0.0,0,0,4,0.0,1,0.2668360864040661,0.5717916137229987,0.38119440914866576,0.15247776365946633,0.07623888182973317,0.2287166454891995,0.15247776365946633,43.608640406607364,0.7242693773824651,2.4396442185514613,0.15247776365946633,1.2579415501905973,3.6975857687420586,8.538754764930115,4.383735705209657,1.4485387547649302,0.7623888182973315,1.2579415501905973,0.6480304955527318,0.8386277001270649,0.15247776365946633,0.0,0.03811944091486658,33.38898601398601,66.66666666666666,51.33928571428571,52.63157894736842,6.863235916984328
usa,MLS,2025 / 2026,Kamal Miller,28.0,D,Canada,183.0,75.0,39,35,2915.0,3.0,0.0,0.0,0.0,0,0,8,0.0,2,0.03087478559176672,0.30874785591766724,0.18524871355060035,0.09262435677530018,0.0,0.09262435677530018,0.09262435677530018,58.97084048027444,0.12349914236706688,0.6483704974271012,0.6174957118353345,1.1114922813036021,1.7598627787307033,5.650085763293311,2.9639794168096056,0.27787307032590053,0.18524871355060035,0.3704974271012007,0.5248713550600342,1.0188679245283019,0.24699828473413377,0.0,0.06174957118353344,53.345549738219894,60.0,52.459016393442624,66.66666666666666,6.896295025728988
usa,MLS,2026,Kamran Acito,19.0,D,USA,,,0,0,0.0,0.0,0.0,0.0,0.0,0,0,0,0.0,0,,,,,,,,,,,,,,,,,,,,,,,,,,,,
usa,MLS,2025,Kayne Rizvanovich,18.0,G,USA,,,0,0,0.0,0.0,0.0,0.0,0.0,0,0,0,0.0,0,,,,,,,,,,,,,,,,,,,,,,,,,,,,
usa,MLS,2025 / 2026,Keaton Parks,28.0,M,USA,191.0,81.0,28,20,1720.0,3.0,2.0,0.0,1.0,0,0,6,0.0,0,0.10465116279069767,0.7848837209302325,0.47093023255813954,0.1569767441860465,0.10465116279069767,0.2616279069767442,0.1569767441860465,55.46511627906977,1.1511627906976745,2.1453488372093026,0.2616279069767442,0.9418604651162791,3.0872093023255816,11.563953488372093,6.122093023255815,1.569767441860465,0.627906976744186,0.7325581395348837,1.1511627906976745,1.9883720930232558,0.313953488372093,0.0,0.0,39.65943396226415,60.0,52.94117647058824,40.0,7.075043630017452
usa,MLS,2025 / 2026,Kee-hee Kim,36.0,D,Korea Republic,188.0,78.0,16,11,1097.0,0.0,0.0,0.0,0.0,0,0,3,0.0,0,0.0,0.0820419325432999,0.0,0.0,0.0,0.0,0.0,52.01458523245215,0.1640838650865998,1.2306289881494987,0.7383773928896992,1.3947128532360984,2.625341841385597,5.660893345487694,3.281677301731996,0.0820419325432999,0.0820419325432999,0.3281677301731996,0.4102096627164995,1.3126709206927984,0.24612579762989975,0.0,0.0,43.50788643533123,0.0,57.971014492753625,100.0,6.897812215132178
usa,MLS,2025 / 2026,Keegan Hughes,25.0,D,USA,191.0,81.0,8,5,474.0,0.0,0.0,0.0,1.0,0,0,2,0.0,0,0.0,0.18987341772151897,0.0,0.0,0.0,0.0,0.0,48.60759493670886,0.18987341772151897,1.8987341772151898,1.3291139240506329,1.3291139240506329,3.2278481012658227,9.113924050632912,5.1265822784810124,0.0,0.0,0.37974683544303794,0.9493670886075949,2.278481012658228,0.37974683544303794,0.0,0.0,46.54296875,0.0,56.25,,6.625158562367865
usa,MLS,2025 / 2026,Keegan Rosenberry,32.0,D,USA,173.0,73.0,27,12,1494.0,3.0,0.0,0.0,0.0,0,0,0,0.0,0,0.12048192771084337,0.5421686746987953,0.3012048192771084,0.18072289156626503,0.0,0.18072289156626503,0.18072289156626503,39.57831325301205,0.7228915662650601,1.0843373493975905,0.963855421686747,1.6265060240963856,2.710843373493976,6.566265060240965,3.253012048192771,1.2048192771084336,0.6626506024096385,0.5421686746987953,0.3012048192771084,0.6626506024096385,0.0,0.0,0.0,26.951293759512936,55.55555555555556,49.54128440366973,55.00000000000001,6.892101740294511
usa,MLS,2025,Kei Kamara,41.0,F,Sierra Leone,191.0,85.0,20,8,807.0,0.0,0.0,0.0,0.0,0,0,2,0.0,0,0.8921933085501859,1.2267657992565055,0.33457249070631967,0.0,0.0,0.0,0.0,20.520446096654275,1.1152416356877324,0.44609665427509293,0.0,0.11152416356877323,0.5576208178438662,13.159851301115243,6.914498141263941,2.5650557620817844,1.1152416356877324,0.22304832713754646,1.6728624535315986,0.7806691449814127,0.22304832713754646,0.0,0.0,11.104395604395604,27.27272727272727,52.54237288135594,43.47826086956522,6.660503144654088
usa,MLS,2026,Keisuke Kurokawa,28.0,D,Japan,173.0,70.0,15,15,1368.0,0.0,3.0,0.0,1.0,0,0,3,0.0,0,0.06578947368421052,0.2631578947368421,0.13157894736842105,0.0,0.19736842105263158,0.19736842105263158,0.0,28.81578947368421,0.9210526315789473,1.118421052631579,0.2631578947368421,1.8421052631578947,2.9605263157894735,6.25,3.1578947368421053,1.513157894736842,0.7894736842105263,0.7894736842105263,0.4605263157894737,0.7894736842105263,0.19736842105263158,0.0,0.0,25.965753424657535,50.0,50.526315789473685,52.17391304347826,6.652192982456141
usa,MLS,2026,Kellan Leblanc,17.0,M,,,,0,0,0.0,0.0,0.0,0.0,0.0,0,0,0,0.0,0,,,,,,,,,,,,,,,,,,,,,,,,,,,,
usa,MLS,2025,Kellyn Acosta,30.0,M,USA,175.0,68.0,20,6,680.0,0.0,0.0,0.0,1.0,0,0,2,0.0,0,0.1323529411764706,0.2647058823529412,0.2647058823529412,0.0,0.0,0.0,0.0,52.014705882352935,0.39705882352941174,0.9264705882352942,0.2647058823529412,1.8529411764705883,2.7794117647058822,7.676470588235294,3.308823529411765,0.6617647058823529,0.1323529411764706,1.0588235294117647,1.588235294117647,1.3235294117647058,0.2647058823529412,0.0,0.0,29.39440203562341,100.0,43.103448275862064,20.0,6.489823008849558
usa,MLS,2025 / 2026,Kelvin Yeboah,25.0,F,Italy,182.0,73.0,48,39,3451.0,17.0,0.0,1.0,0.0,4,1,6,0.0,0,0.36511156186612576,1.98203419298754,1.1996522747029847,0.4433497536945813,0.0,0.4433497536945813,0.33903216458997393,16.117067516661837,0.7041437264560997,0.495508548246885,0.15647638365691105,0.1303969863807592,0.6259055346276442,12.935381048971314,5.294117647058823,2.138510576644451,0.8866995073891626,0.41727035641842947,1.5126050420168067,1.5126050420168067,0.15647638365691105,0.0,0.0,11.444084278768234,60.526315789473685,40.92741935483871,41.46341463414634,6.9003767024051
usa,MLS,2025 / 2026,Kenji Cabrera,22.0,F,Peru,174.0,66.0,19,4,550.0,2.0,2.0,0.0,0.0,0,0,2,0.0,0,0.0,0.8181818181818181,0.32727272727272727,0.32727272727272727,0.32727272727272727,0.6545454545454545,0.32727272727272727,52.36363636363636,1.6363636363636362,2.290909090909091,0.0,0.49090909090909096,2.7818181818181817,12.10909090909091,6.872727272727273,3.4363636363636365,1.8,1.1454545454545455,1.8,0.6545454545454545,0.32727272727272727,0.0,0.0,21.384375,40.0,56.75675675675676,52.38095238095239,6.957194899817851
usa,MLS,2025 / 2026,Kenji Mboma Dem,23.0,F,France,185.0,68.0,16,8,767.0,4.0,1.0,0.0,0.0,0,0,0,0.0,0,0.2346805736636245,1.7601043024771839,0.7040417209908736,0.469361147327249,0.11734028683181225,0.5867014341590613,0.469361147327249,30.508474576271183,0.7040417209908736,1.0560625814863103,0.11734028683181225,0.3520208604954368,1.4080834419817472,8.33116036505867,4.106910039113429,2.346805736636245,1.1734028683181226,0.2346805736636245,0.3520208604954368,0.3520208604954368,0.0,0.0,0.0,18.665384615384614,40.0,49.29577464788733,50.0,6.956453715775749
usa,MLS,2025 / 2026,Kenny Nielsen,23.0,D,USA,180.0,68.0,6,3,272.0,0.0,0.0,0.0,0.0,0,0,1,0.0,0,0.0,0.33088235294117646,0.33088235294117646,0.0,0.0,0.0,0.0,81.3970588235294,0.33088235294117646,0.6617647058823529,0.6617647058823529,1.3235294117647058,1.9852941176470589,6.61764705882353,3.6397058823529416,0.0,0.0,0.33088235294117646,0.33088235294117646,1.3235294117647058,0.33088235294117646,0.0,0.0,69.01626016260163,100.0,55.00000000000001,,6.88860294117647
usa,MLS,2025 / 2026,Kerwin Calderón Vargas,23.0,M,Colombia,180.0,70.0,52,32,2808.0,8.0,6.0,0.0,0.0,0,0,4,0.0,0,0.44871794871794873,1.5705128205128205,0.8012820512820513,0.25641025641025644,0.19230769230769232,0.44871794871794873,0.25641025641025644,32.05128205128205,1.25,1.3461538461538463,0.09615384615384616,0.6730769230769231,2.019230769230769,9.807692307692308,5.128205128205129,1.891025641025641,0.9935897435897435,0.6730769230769231,1.9230769230769231,0.7692307692307693,0.12820512820512822,0.0,0.0,21.153,51.02040816326531,52.28758169934641,52.54237288135594,7.010766488413547
usa,MLS,2025,Kevin Cabral,26.0,F,France,185.0,69.0,18,10,774.0,0.0,0.0,0.0,0.0,0,0,4,0.0,0,0.11627906976744186,1.1627906976744184,0.3488372093023256,0.0,0.0,0.0,0.0,16.86046511627907,0.5813953488372092,1.8604651162790697,0.23255813953488372,0.5813953488372092,2.441860465116279,10.465116279069766,4.186046511627907,0.6976744186046512,0.11627906976744186,0.9302325581395349,1.8604651162790697,1.6279069767441858,0.46511627906976744,0.0,0.0,8.89655172413793,30.0,40.0,16.666666666666664,6.545795601552393
usa,MLS,2025 / 2026,Kevin Kelsy,21.0,F,Venezuela,188.0,85.0,52,29,2602.0,14.0,3.0,0.0,0.0,1,0,5,0.0,0,0.8647194465795541,1.9369715603382014,0.9684857801691007,0.48424289008455035,0.1037663335895465,0.5880092236740969,0.4496541122213682,19.404304381245193,1.1414296694850115,0.830130668716372,0.1037663335895465,0.4496541122213682,1.2797847809377403,12.486548808608761,5.4304381245196005,1.5564950038431975,0.5188316679477325,0.415065334358186,1.3143735588009224,1.902382782475019,0.17294388931591081,0.0,0.0,12.286225402504472,50.0,43.49030470914128,33.33333333333333,6.944926979246732
usa,MLS,2025,Kevin Long,35.0,D,Republic of Ireland,188.0,83.0,24,23,1905.0,0.0,0.0,0.0,0.0,0,0,6,0.0,0,0.047244094488188976,0.5196850393700787,0.09448818897637795,0.0,0.0,0.0,0.0,44.740157480314956,0.09448818897637795,1.5590551181102361,0.5669291338582677,0.7086614173228346,2.267716535433071,9.070866141732283,5.669291338582677,0.047244094488188976,0.0,0.3307086614173228,0.7559055118110236,1.4173228346456692,0.28346456692913385,0.0,0.0,39.2428722280887,18.181818181818183,62.5,0.0,6.912808398950131
usa,MLS,2025 / 2026,Kevin O'Toole,27.0,D,USA,178.0,68.0,41,37,3255.0,1.0,1.0,0.0,1.0,0,0,9,0.0,1,0.1382488479262673,0.30414746543778803,0.22119815668202764,0.027649769585253454,0.027649769585253454,0.05529953917050691,0.027649769585253454,52.97695852534562,0.6359447004608295,1.7419354838709677,0.35944700460829493,1.023041474654378,2.7649769585253456,7.852534562211982,3.815668202764977,0.8294930875576036,0.30414746543778803,0.5806451612903226,0.5253456221198156,0.9953917050691244,0.2488479262672811,0.0,0.027649769585253454,46.742171189979125,72.72727272727273,48.59154929577465,36.666666666666664,6.72405529953917
usa,MLS,2026,Kevin Pierre,22.0,M,,,,1,0,11.0,0.0,0.0,0.0,0.0,0,0,0,0.0,0,0.0,0.0,0.0,0.0,0.0,0.0,0.0,57.27272727272727,0.0,0.0,0.0,0.0,0.0,16.363636363636363,16.363636363636363,8.181818181818182,8.181818181818182,0.0,8.181818181818182,0.0,0.0,0.0,0.0,6.0,,100.0,100.0,6.6
usa,MLS,2025,Khiry Shelton,32.0,D,USA,191.0,86.0,27,21,1827.0,0.0,1.0,0.0,0.0,0,0,2,0.0,1,0.0,0.19704433497536947,0.09852216748768473,0.0,0.04926108374384237,0.04926108374384237,0.0,42.31527093596059,0.3448275862068965,1.1822660098522166,0.14778325123152708,1.1822660098522166,2.3645320197044333,6.699507389162561,3.201970443349754,0.7389162561576355,0.39408866995073893,0.7881773399014779,0.541871921182266,0.7389162561576355,0.09852216748768473,0.0,0.04926108374384237,35.85564610011642,50.0,47.794117647058826,53.333333333333336,6.612205801860974
usa,MLS,2025 / 2026,Kieran Chandler,20.0,D,USA,175.0,70.0,2,1,73.0,0.0,0.0,0.0,0.0,0,0,0,0.0,0,0.0,0.0,0.0,0.0,0.0,0.0,0.0,16.027397260273972,0.0,2.4657534246575343,0.0,1.2328767123287672,3.698630136986301,6.164383561643835,3.698630136986301,1.2328767123287672,0.0,0.0,0.0,0.0,0.0,0.0,0.0,4.615384615384615,,60.0,0.0,6.689041095890411
usa,MLS,2026,Kieran Sargeant,22.0,D,USA,182.0,75.0,8,6,461.0,0.0,1.0,0.0,0.0,0,0,0,0.0,0,0.0,0.0,0.0,0.0,0.19522776572668113,0.19522776572668113,0.0,50.563991323210416,0.7809110629067245,1.1713665943600868,0.0,0.9761388286334056,2.1475054229934925,4.099783080260304,1.7570498915401302,0.19522776572668113,0.0,0.7809110629067245,0.39045553145336226,0.39045553145336226,0.0,0.0,0.0,36.17760617760618,,42.857142857142854,0.0,6.772668112798264
usa,MLS,2025 / 2026,Kimani Stewart-Baynes,20.0,F,Canada,175.0,,5,0,43.0,0.0,0.0,0.0,0.0,0,0,0,0.0,0,2.0930232558139537,0.0,0.0,0.0,0.0,0.0,0.0,31.395348837209305,0.0,8.372093023255815,0.0,2.0930232558139537,10.465116279069766,18.837209302325583,14.651162790697676,0.0,0.0,0.0,4.186046511627907,2.0930232558139537,0.0,0.0,0.0,2.7333333333333334,,77.77777777777779,,6.519512195121951
usa,MLS,2025,Kipp Keller,25.0,D,USA,188.0,88.0,0,0,0.0,0.0,0.0,0.0,0.0,0,0,0,0.0,0,,,,,,,,,,,,,,,,,,,,,,,,,,,,
usa,MLS,2025 / 2026,Kobe Franklin,22.0,D,Canada,168.0,69.0,27,18,1629.0,2.0,2.0,0.0,0.0,0,0,2,0.0,0,0.0,0.4419889502762431,0.27624309392265195,0.11049723756906077,0.11049723756906077,0.22099447513812154,0.11049723756906077,37.790055248618785,0.3314917127071823,1.878453038674033,0.6629834254143646,1.270718232044199,3.149171270718232,7.071823204419889,3.5359116022099446,0.6629834254143646,0.3314917127071823,0.22099447513812154,0.8839779005524862,1.160220994475138,0.11049723756906077,0.0,0.0,29.419590643274855,62.5,50.0,50.0,6.618980343980344
usa,MLS,2025 / 2026,Kobi Henry,21.0,D,USA,188.0,77.0,3,0,38.0,0.0,0.0,0.0,0.0,0,0,0,0.0,0,0.0,2.3684210526315788,0.0,0.0,0.0,0.0,0.0,63.94736842105263,0.0,0.0,0.0,2.3684210526315788,2.3684210526315788,14.210526315789473,4.7368421052631575,2.3684210526315788,0.0,0.0,2.3684210526315788,2.3684210526315788,0.0,0.0,0.0,9.615384615384615,0.0,33.33333333333333,0.0,6.389473684210526
usa,MLS,2025 / 2026,Kosi Thompson,22.0,D,Canada,178.0,79.0,38,32,2838.0,2.0,0.0,0.0,2.0,0,0,10,0.0,0,0.0,0.2536997885835095,0.15856236786469347,0.06342494714587738,0.0,0.06342494714587738,0.06342494714587738,42.97040169133192,0.31712473572938693,2.2832980972515857,0.8562367864693446,0.824524312896406,3.1078224101479917,8.879492600422834,5.042283298097252,1.5856236786469344,0.9830866807610993,0.8879492600422833,1.0465116279069768,1.0465116279069768,0.31712473572938693,0.0,0.0,39.40885608856089,62.5,56.785714285714285,62.0,6.890832157968971
usa,MLS,2025,Kristian Fletcher,20.0,F,USA,183.0,,3,0,74.0,0.0,0.0,0.0,0.0,0,0,0,0.0,0,0.0,0.0,0.0,0.0,0.0,0.0,0.0,15.810810810810812,1.2162162162162162,2.4324324324324325,0.0,0.0,2.4324324324324325,15.810810810810812,3.6486486486486487,3.6486486486486487,0.0,1.2162162162162162,0.0,1.2162162162162162,0.0,0.0,0.0,3.230769230769231,,23.076923076923077,0.0,6.418918918918919
usa,MLS,2025 / 2026,Kristijan Kahlina,33.0,G,Croatia,188.0,,50,50,4522.0,0.0,0.0,0.0,1.0,0,0,3,0.0,0,0.0,0.0,0.0,0.0,0.0,0.0,0.0,28.182220256523664,0.0,0.019902697921273773,0.0,0.039805395842547546,0.05970809376382132,0.31844316674038037,0.2189296771340115,0.0,0.0,0.039805395842547546,0.039805395842547546,0.039805395842547546,0.05970809376382132,0.0,0.0,25.721045197740114,,68.75,,7.286819991154356
usa,MLS,2025 / 2026,Kristoffer Velde,26.0,M,Norway,179.0,65.0,26,26,2271.0,6.0,3.0,0.0,0.0,0,1,6,0.0,0,0.5151915455746368,2.1003963011889035,1.0303830911492735,0.23778071334214002,0.11889035667107001,0.35667107001321,0.23778071334214002,26.552179656538968,2.1003963011889035,0.8718626155878467,0.07926023778071334,0.35667107001321,1.2285336856010567,14.306472919418757,6.182298546895641,4.002642007926024,1.7040951122853367,0.9907529722589168,3.2496697490092474,1.4663143989431968,0.23778071334214002,0.0,0.0,24.976119402985073,49.056603773584904,43.21329639889196,42.57425742574257,7.07661822985469
usa,MLS,2025 / 2026,Kwadwo Opoku,24.0,F,Ghana,170.0,74.0,14,2,324.0,1.0,0.0,0.0,0.0,0,0,1,0.0,0,0.8333333333333333,0.8333333333333333,0.5555555555555556,0.2777777777777778,0.0,0.2777777777777778,0.2777777777777778,23.055555555555557,0.0,1.3888888888888888,0.2777777777777778,0.0,1.3888888888888888,13.055555555555555,5.277777777777778,3.888888888888889,1.6666666666666665,0.5555555555555556,2.2222222222222223,0.5555555555555556,0.2777777777777778,0.0,0.0,7.144578313253012,66.66666666666666,40.42553191489361,42.857142857142854,6.483591331269349
usa,MLS,2026,Kwaku Agyabeng,19.0,M,,,,8,2,336.0,0.0,0.0,0.0,0.0,0,0,0,0.0,0,0.0,0.0,0.0,0.0,0.0,0.0,0.0,38.035714285714285,0.5357142857142857,3.482142857142857,0.5357142857142857,0.8035714285714285,4.285714285714286,12.053571428571429,8.303571428571429,1.607142857142857,1.607142857142857,0.26785714285714285,2.4107142857142856,2.4107142857142856,0.0,0.0,0.0,22.725352112676056,,68.88888888888889,100.0,6.666964285714285
usa,MLS,2025 / 2026,Kye Rowles,27.0,D,Australia,185.0,76.0,45,43,3981.0,1.0,0.0,0.0,0.0,0,0,9,0.0,0,0.0,0.24868123587038432,0.11303692539562925,0.022607385079125845,0.0,0.022607385079125845,0.022607385079125845,46.164280331574986,0.15825169555388094,1.6955538809344388,0.9269027882441597,1.8538055764883195,3.549359457422758,6.80482290881688,3.7754333082140166,0.15825169555388094,0.04521477015825169,0.5651846269781462,0.293896006028636,0.6103993971363979,0.20346646571213264,0.0,0.0,43.52938295788443,45.45454545454545,55.48172757475083,28.57142857142857,6.803391107761868
usa,MLS,2025 / 2026,Kyle Duncan,28.0,D,USA,178.0,68.0,32,27,2389.0,1.0,3.0,0.0,1.0,0,0,5,0.0,1,0.0,0.4897446630389284,0.15069066555043953,0.03767266638760988,0.11301799916282963,0.15069066555043953,0.03767266638760988,44.30305567182921,1.1301799916282964,2.0343239849309334,0.4143993302637087,1.0171619924654667,3.0514859773964,10.548346588530766,5.613227291753872,2.0343239849309334,1.167852658015906,0.5650899958141482,1.1301799916282964,1.506906655504395,0.18836333193804938,0.0,0.03767266638760988,39.31972789115646,30.76923076923077,53.214285714285715,57.407407407407405,7.019547928003349
usa,MLS,2025 / 2026,Kyle Hiebert,28.0,D,Canada,183.0,85.0,22,19,1694.0,1.0,1.0,0.0,0.0,0,0,3,0.0,0,0.053128689492325853,0.15938606847697756,0.10625737898465171,0.053128689492325853,0.053128689492325853,0.10625737898465171,0.053128689492325853,43.51239669421488,0.26564344746162927,1.115702479338843,1.009445100354191,0.42502951593860683,1.5407319952774499,6.003541912632822,2.975206611570248,0.371900826446281,0.21251475796930341,0.26564344746162927,0.3187721369539551,0.7969303423848879,0.15938606847697756,0.0,0.0,37.95482295482295,66.66666666666666,49.557522123893804,57.14285714285714,6.87590076786769
usa,MLS,2025,Kyle Linhares,23.0,F,USA,172.0,72.0,0,0,0.0,0.0,0.0,0.0,0.0,0,0,0,0.0,0,,,,,,,,,,,,,,,,,,,,,,,,,,,,
usa,MLS,2025 / 2026,Kyle Smith,33.0,D,USA,180.0,82.0,40,19,1833.0,1.0,2.0,0.0,1.0,0,0,6,0.0,1,0.0,0.39279869067103107,0.19639934533551553,0.049099836333878884,0.09819967266775777,0.14729950900163666,0.049099836333878884,47.77414075286416,0.5400981996726677,1.9639934533551555,0.19639934533551553,0.7364975450081833,2.7004909983633385,7.610474631751227,4.124386252045826,0.3436988543371522,0.09819967266775777,0.7855973813420621,0.5400981996726677,0.7364975450081833,0.2945990180032733,0.0,0.049099836333878884,32.66907216494845,50.0,54.19354838709678,28.57142857142857,6.49792463134899
usa,MLS,2025 / 2026,Kévin Denkey,25.0,F,Togo,181.0,81.0,47,43,3818.0,25.0,3.0,2.0,1.0,5,0,11,0.0,1,0.7543216343635412,2.0508119434258774,1.2729177579884756,0.5893137768465165,0.07071765322158198,0.6600314300680985,0.47145102147721324,19.376636982713464,1.0843373493975905,0.5185961236249346,0.07071765322158198,0.21215295966474595,0.7307490832896805,11.126244106862233,4.431639601885804,1.9329491880565741,0.8957569408067051,0.3064431639601886,1.4850707176532214,1.3672079622839184,0.2592980618124673,0.0,0.02357255107386066,16.137469586374696,62.06896551724138,39.83050847457627,46.34146341463415,7.128208486118386
usa,MLS,2025,Lachlan Brook,24.0,F,Australia,178.0,69.0,5,0,105.0,0.0,0.0,0.0,0.0,0,0,1,0.0,0,0.8571428571428572,2.571428571428571,0.0,0.0,0.0,0.0,0.0,36.857142857142854,1.7142857142857144,2.571428571428571,0.0,0.0,2.571428571428571,6.0,2.571428571428571,0.8571428571428572,0.0,0.8571428571428572,0.0,0.8571428571428572,0.8571428571428572,0.0,0.0,11.651162790697674,0.0,42.857142857142854,0.0,6.762857142857143
usa,MLS,2025 / 2026,Lalas Abubakar,31.0,D,Ghana,185.0,82.0,31,19,1782.0,1.0,0.0,0.0,2.0,0,0,6,0.0,1,0.15151515151515152,0.4040404040404041,0.15151515151515152,0.05050505050505051,0.0,0.05050505050505051,0.05050505050505051,35.505050505050505,0.20202020202020204,1.4646464646464645,0.9090909090909092,1.3131313131313131,2.7777777777777777,5.808080808080808,3.333333333333333,0.10101010101010102,0.10101010101010102,0.4040404040404041,0.4545454545454546,1.1111111111111112,0.30303030303030304,0.0,0.05050505050505051,29.240398293029873,37.5,57.391304347826086,100.0,6.807082630691399
usa,MLS,2026,Lasse Berg Johnsen,26.0,M,Norway,179.0,73.0,12,11,1016.0,1.0,0.0,0.0,0.0,0,0,2,0.0,0,0.0,0.3543307086614173,0.17716535433070865,0.08858267716535433,0.0,0.08858267716535433,0.08858267716535433,62.80511811023622,0.9744094488188976,1.860236220472441,0.3543307086614173,0.5314960629921259,2.391732283464567,6.466535433070866,3.188976377952756,0.26574803149606296,0.26574803149606296,0.6200787401574803,0.26574803149606296,1.1515748031496063,0.17716535433070865,0.0,0.0,57.80959097320169,50.0,49.31506849315068,100.0,6.977362204724409
usa,MLS,2025,Lassi Lappalainen,27.0,F,Finland,183.0,76.0,20,6,494.0,1.0,4.0,0.0,0.0,0,0,0,0.0,0,0.3643724696356275,1.45748987854251,0.3643724696356275,0.18218623481781376,0.728744939271255,0.9109311740890689,0.18218623481781376,41.17408906882591,2.004048582995951,2.3684210526315788,0.0,0.728744939271255,3.097165991902834,12.02429149797571,5.101214574898785,2.7327935222672064,1.0931174089068827,0.9109311740890689,0.5465587044534413,0.9109311740890689,0.0,0.0,0.0,13.654867256637168,25.0,42.42424242424242,40.0,7.003455284552845
usa,MLS,2025 / 2026,Lawrence Ennali,23.0,F,Germany,172.0,56.0,32,22,2083.0,4.0,6.0,0.0,0.0,0,0,4,0.0,0,0.08641382621219394,1.0369659145463275,0.5616898703792607,0.17282765242438788,0.25924147863658187,0.4320691310609698,0.17282765242438788,24.45511281805089,1.0801728276524243,0.9073451752280364,0.12962073931829093,0.38886221795487275,1.2962073931829092,10.153624579932789,4.882381180988958,4.104656745079213,1.901104176668267,0.6048967834853577,1.944311089774364,0.8209313490158426,0.17282765242438788,0.0,0.0,19.81625441696113,54.166666666666664,48.08510638297872,46.31578947368421,6.950600096015362
usa,MLS,2025 / 2026,Lazar Stefanovic,19.0,D,Canada,187.0,75.0,20,5,813.0,0.0,0.0,0.0,0.0,0,0,1,0.0,0,0.0,0.11070110701107011,0.0,0.0,0.0,0.0,0.0,51.476014760147606,0.22140221402214022,2.103321033210332,0.33210332103321033,2.2140221402214024,4.317343173431735,7.416974169741697,3.9852398523985237,0.11070110701107011,0.11070110701107011,0.44280442804428044,0.44280442804428044,0.7749077490774907,0.11070110701107011,0.0,0.0,32.30752688172043,0.0,53.73134328358209,100.0,6.660393603936039
usa,MLS,2025,Leo Afonso,24.0,F,Brazil,180.0,72.0,6,2,171.0,0.0,0.0,0.0,0.0,0,0,1,0.0,0,0.0,1.0526315789473684,1.0526315789473684,0.0,0.0,0.0,0.0,24.736842105263158,1.5789473684210527,3.1578947368421053,0.0,1.5789473684210527,4.7368421052631575,13.68421052631579,4.2105263157894735,2.631578947368421,0.5263157894736842,1.5789473684210527,0.5263157894736842,2.631578947368421,0.5263157894736842,0.0,0.0,11.808510638297872,100.0,30.76923076923077,20.0,6.522941176470589
usa,MLS,2025,Leo Väisänen,28.0,D,Finland,186.0,76.0,0,0,0.0,0.0,0.0,0.0,0.0,0,0,0,0.0,0,,,,,,,,,,,,,,,,,,,,,,,,,,,,
usa,MLS,2025,Leonard Duru,20.0,D,USA,178.0,73.0,2,0,47.0,0.0,0.0,0.0,0.0,0,0,0,0.0,0,0.0,0.0,0.0,0.0,0.0,0.0,0.0,24.893617021276597,0.0,1.9148936170212765,0.0,0.0,1.9148936170212765,13.404255319148936,3.829787234042553,3.829787234042553,0.0,1.9148936170212765,1.9148936170212765,0.0,0.0,0.0,0.0,11.0,,28.57142857142857,0.0,6.5
usa,MLS,2025 / 2026,Leonardo Barroso,20.0,D,Portugal,168.0,72.0,26,18,1589.0,1.0,1.0,0.0,0.0,0,0,2,0.0,0,0.0,0.6796727501573316,0.3398363750786658,0.056639395846444306,0.056639395846444306,0.11327879169288861,0.056639395846444306,33.98363750786658,0.7363121460037759,2.605412208936438,0.0,0.5097545626179988,3.115166771554437,9.175582127123977,5.267463813719321,2.5487728130899936,1.6991818753933292,0.7363121460037759,0.6230333543108874,0.7929515418502203,0.11327879169288861,0.0,0.0,24.451666666666668,50.0,57.407407407407405,66.66666666666666,6.810333963453056
usa,MLS,2025 / 2026,Leonardo Campana,25.0,F,Ecuador,185.0,74.0,26,21,1768.0,8.0,1.0,0.0,0.0,0,0,5,0.0,0,0.25452488687782804,2.748868778280543,1.1199095022624435,0.40723981900452494,0.05090497737556562,0.45814479638009054,0.40723981900452494,21.023755656108598,0.9162895927601811,0.8653846153846154,0.25452488687782804,0.10180995475113123,0.9671945701357466,10.79185520361991,4.123303167420814,0.8653846153846154,0.5599547511312217,0.8653846153846154,0.35633484162895923,1.9852941176470589,0.25452488687782804,0.0,0.0,16.411622276029057,40.74074074074074,38.20754716981132,64.70588235294117,7.033257918552036
usa,MLS,2025 / 2026,Lewis Morgan,29.0,F,Scotland,178.0,75.0,11,6,516.0,0.0,2.0,0.0,0.0,0,0,0,0.0,0,0.3488372093023256,1.2209302325581395,0.3488372093023256,0.0,0.3488372093023256,0.3488372093023256,0.0,24.767441860465116,1.2209302325581395,1.0465116279069768,0.0,0.1744186046511628,1.2209302325581395,4.709302325581396,1.9186046511627908,0.872093023255814,0.3488372093023256,0.1744186046511628,0.3488372093023256,0.3488372093023256,0.0,0.0,0.0,17.380281690140844,28.57142857142857,40.74074074074074,40.0,6.7102713178294575
usa,MLS,2025 / 2026,Liam MacKenzie,18.0,M,Canada,,,1,1,63.0,0.0,0.0,0.0,0.0,0,0,0,0.0,0,0.0,0.0,0.0,0.0,0.0,0.0,0.0,12.857142857142856,0.0,2.8571428571428568,0.0,0.0,2.8571428571428568,10.0,4.285714285714286,1.4285714285714284,1.4285714285714284,1.4285714285714284,0.0,1.4285714285714284,0.0,0.0,0.0,8.0,,42.857142857142854,100.0,6.3
usa,MLS,2025 / 2026,Liel Abada,24.0,F,Israel,172.0,68.0,43,22,1949.0,5.0,3.0,0.0,1.0,0,0,2,0.0,0,0.27706516162134426,2.1241662390969727,1.0620831195484863,0.23088763468445356,0.13853258081067213,0.36942021549512566,0.23088763468445356,27.93740379681888,1.6623909697280659,1.5700359158542843,0.09235505387378141,0.27706516162134426,1.8471010774756285,8.958440225756798,3.186249358645459,2.2626988199076448,0.6003078501795792,1.154438173422268,0.8773730118009235,0.8311954848640329,0.09235505387378141,0.0,0.0,16.702479338842974,50.0,35.56701030927835,26.53061224489796,6.783778234086243
usa,MLS,2026,Lineker Rodrigues,23.0,F,Brazil,182.0,72.0,1,0,38.0,0.0,0.0,0.0,0.0,0,0,0,0.0,0,0.0,0.0,0.0,0.0,0.0,0.0,0.0,26.05263157894737,0.0,0.0,0.0,0.0,0.0,7.105263157894736,2.3684210526315788,0.0,0.0,0.0,2.3684210526315788,0.0,0.0,0.0,0.0,6.0,,33.33333333333333,,6.3
usa,MLS,2025 / 2026,Lionel Messi,38.0,F,Argentina,170.0,67.0,48,46,4228.0,48.0,30.0,1.0,0.0,2,1,6,0.0,0,0.4470198675496689,3.789025543992431,2.447965941343425,1.021759697256386,0.6385998107852413,1.6603595080416271,0.9791863765373698,46.63907284768212,3.129139072847682,0.6385998107852413,0.0,0.1490066225165563,0.7876064333017975,10.813623462630085,5.279091769157994,5.7048249763481556,2.8311258278145695,0.27672658467360456,1.6177861873226111,0.5534531693472091,0.12771996215704826,0.0,0.0,39.96622546782291,64.60674157303372,48.818897637795274,49.62686567164179,8.62585146641438
usa,MLS,2025 / 2026,Logan Farrington,24.0,F,USA,188.0,79.0,48,28,2516.0,11.0,5.0,3.0,0.0,1,0,7,0.0,1,0.46502384737678853,1.4666136724960255,0.8227344992050875,0.3934817170111288,0.17885532591414943,0.5723370429252782,0.35771065182829886,23.179650238473766,0.8942766295707473,1.0373608903020668,0.17885532591414943,0.321939586645469,1.3593004769475359,14.201112877583466,6.43879173290938,3.25516693163752,1.4308426073131955,0.4292527821939586,2.4682034976152623,1.4308426073131955,0.2503974562798092,0.0,0.03577106518282989,13.483024691358025,56.09756097560976,45.34005037783375,43.956043956043956,7.111823248407644
usa,MLS,2025,Logan Ndenbe,25.0,D,Belgium,174.0,72.0,30,22,1999.0,1.0,0.0,0.0,0.0,0,0,2,0.0,0,0.27013506753376687,0.49524762381190596,0.22511255627813906,0.04502251125562781,0.0,0.04502251125562781,0.04502251125562781,45.83291645822911,0.720360180090045,1.8909454727363684,0.27013506753376687,1.0355177588794398,2.9264632316158075,6.753376688344172,4.142071035517759,0.9454727363681842,0.4502251125562781,0.5402701350675337,1.3056528264132066,0.40520260130065033,0.09004502251125562,0.0,0.0,35.33497053045187,45.45454545454545,61.33333333333333,47.61904761904761,6.907853926963481
usa,MLS,2025,Lorenzo Insigne,34.0,F,Italy,163.0,59.0,12,10,864.0,1.0,2.0,0.0,0.0,0,0,1,0.0,0,0.10416666666666666,1.4583333333333333,0.5208333333333333,0.10416666666666666,0.20833333333333331,0.3125,0.10416666666666666,45.10416666666667,1.6666666666666665,0.9375,0.10416666666666666,0.625,1.5625,4.270833333333334,2.6041666666666665,0.7291666666666666,0.41666666666666663,0.41666666666666663,0.9375,0.41666666666666663,0.10416666666666666,0.0,0.0,33.57505773672055,35.714285714285715,60.97560975609756,57.14285714285714,7.172800925925926
usa,MLS,2025 / 2026,Louicius Don Deedson,24.0,F,Haiti,178.0,71.0,9,3,282.0,1.0,0.0,0.0,0.0,0,0,0,0.0,0,0.3191489361702128,1.595744680851064,0.3191489361702128,0.3191489361702128,0.0,0.3191489361702128,0.3191489361702128,22.02127659574468,0.6382978723404256,0.6382978723404256,0.0,1.595744680851064,2.2340425531914896,6.382978723404256,2.5531914893617023,1.2765957446808511,0.6382978723404256,0.6382978723404256,0.3191489361702128,2.2340425531914896,0.0,0.0,0.0,8.768115942028986,20.0,40.0,50.0,6.955913978494624
usa,MLS,2026,Louis Munteanu,23.0,F,Romania,,,11,6,662.0,5.0,0.0,0.0,0.0,1,0,1,0.0,0,0.40785498489425986,3.3987915407854983,1.6314199395770395,0.6797583081570997,0.0,0.6797583081570997,0.5438066465256798,18.35347432024169,0.5438066465256798,0.13595166163141995,0.0,0.40785498489425986,0.5438066465256798,12.235649546827796,3.8066465256797586,0.6797583081570997,0.0,0.8157099697885197,2.039274924471299,2.175226586102719,0.13595166163141995,0.0,0.0,11.696296296296296,48.0,31.11111111111111,0.0,6.899093655589124
usa,MLS,2025,Loïc Mesanvi,22.0,F,Togo,173.0,59.0,2,0,25.0,0.0,0.0,0.0,0.0,0,0,0,0.0,0,0.0,0.0,0.0,0.0,0.0,0.0,0.0,21.599999999999998,0.0,0.0,0.0,0.0,0.0,7.2,3.6,0.0,0.0,3.6,0.0,0.0,0.0,0.0,0.0,2.6666666666666665,,50.0,,6.436
usa,MLS,2025 / 2026,Luca Bombino,19.0,D,USA,183.0,73.0,43,40,3475.0,2.0,4.0,0.0,0.0,0,0,12,0.0,1,0.15539568345323743,0.46618705035971225,0.18129496402877698,0.051798561151079135,0.10359712230215827,0.15539568345323743,0.051798561151079135,56.40863309352518,0.7510791366906475,2.460431654676259,0.23309352517985613,1.2172661870503596,3.677697841726619,9.815827338129496,5.4906474820143885,1.139568345323741,0.44028776978417267,0.6733812949640288,1.735251798561151,1.553956834532374,0.31079136690647485,0.0,0.025899280575539568,47.23691460055097,38.88888888888889,55.93667546174142,38.63636363636363,7.086820143884891
usa,MLS,2026,Luca Costabile,23.0,D,,,,0,0,0.0,0.0,0.0,0.0,0.0,0,0,0,0.0,0,,,,,,,,,,,,,,,,,,,,,,,,,,,,
usa,MLS,2025 / 2026,Luca De La Torre,27.0,M,USA,178.0,63.0,45,28,2690.0,5.0,2.0,0.0,0.0,0,0,4,0.0,0,0.03345724907063197,0.7026022304832713,0.3680297397769517,0.16728624535315983,0.06691449814126393,0.23420074349442377,0.16728624535315983,45.53531598513011,1.003717472118959,1.3048327137546467,0.20074349442379183,0.33457249070631967,1.6394052044609664,7.226765799256506,2.576208178438662,1.171003717472119,0.6691449814126393,0.9368029739776951,0.3680297397769517,1.5724907063197024,0.13382899628252787,0.0,0.0,31.686994856722997,52.38095238095239,35.648148148148145,57.14285714285714,6.777496274217586
usa,MLS,2025 / 2026,Luca Langoni,23.0,F,Argentina,172.0,66.0,39,29,2496.0,5.0,8.0,0.0,0.0,0,0,4,0.0,0,0.28846153846153844,1.1177884615384615,0.6850961538461539,0.1802884615384615,0.28846153846153844,0.46875,0.1802884615384615,24.41105769230769,1.5144230769230769,0.9014423076923078,0.07211538461538461,0.5408653846153847,1.442307692307692,8.076923076923077,3.2091346153846154,2.884615384615384,1.1177884615384615,0.6490384615384616,1.0817307692307694,1.0096153846153846,0.14423076923076922,0.0,0.0,17.960118168389954,61.29032258064516,39.732142857142854,38.75,6.954847756410256
usa,MLS,2026,Luca Moisa,17.0,M,USA,173.0,62.0,3,3,177.0,0.0,0.0,0.0,0.0,0,0,1,0.0,0,0.0,0.5084745762711864,0.0,0.0,0.0,0.0,0.0,34.067796610169495,1.5254237288135593,2.542372881355932,1.0169491525423728,0.5084745762711864,3.0508474576271185,5.084745762711864,3.0508474576271185,0.5084745762711864,0.5084745762711864,1.0169491525423728,0.0,0.5084745762711864,0.5084745762711864,0.0,0.0,21.35820895522388,0.0,60.0,100.0,6.852542372881357
usa,MLS,2025,Luca Orellano,25.0,F,Argentina,177.0,66.0,30,22,2023.0,2.0,5.0,0.0,0.0,0,0,3,0.0,0,0.08897676717745921,2.179930795847751,1.1566979733069698,0.08897676717745921,0.22244191794364807,0.31141868512110726,0.08897676717745921,35.635195254572416,1.7795353435491845,1.0677212061295107,0.0,0.2669303015323777,1.3346515076618883,10.810677212061295,5.071675729115175,4.938210578348987,2.5358378645575876,0.4003954522985665,1.245674740484429,0.44488383588729613,0.13346515076618884,0.0,0.0,25.863920099875156,53.06122448979592,46.913580246913575,51.35135135135135,7.135133795837463
usa,MLS,2025 / 2026,Luca Petrasso,25.0,D,Canada,180.0,76.0,47,44,3930.0,2.0,4.0,1.0,0.0,0,0,4,0.0,0,0.11450381679389314,0.3206106870229008,0.13740458015267176,0.04580152671755725,0.0916030534351145,0.13740458015267176,0.04580152671755725,40.213740458015266,0.8473282442748091,1.2366412213740459,0.13740458015267176,0.6412213740458016,1.8778625954198473,5.633587786259542,2.7938931297709924,1.351145038167939,0.6870229007633587,0.6412213740458016,0.366412213740458,0.3206106870229008,0.0916030534351145,0.0,0.0,37.25968109339408,42.857142857142854,49.59349593495935,50.847457627118644,6.637557251908397
usa,MLS,2025,Luca Ulrich,22.0,G,USA,,,0,0,0.0,0.0,0.0,0.0,0.0,0,0,0,0.0,0,,,,,,,,,,,,,,,,,,,,,,,,,,,,
usa,MLS,2025 / 2026,Lucas Bartlett,28.0,D,USA,191.0,91.0,45,44,3987.0,2.0,0.0,2.0,2.0,0,0,10,0.0,0,0.06772009029345372,0.4514672686230248,0.1805869074492099,0.04514672686230248,0.0,0.04514672686230248,0.04514672686230248,45.395033860045146,0.3611738148984198,1.128668171557562,0.9932279909706546,1.1963882618510158,2.325056433408578,8.487584650112867,5.056433408577878,0.09029345372460496,0.09029345372460496,0.29345372460496616,0.6772009029345373,1.3544018058690745,0.2257336343115124,0.0,0.0,41.11834908005967,40.0,59.57446808510638,100.0,6.849862051667921
usa,MLS,2026,Lucas Halter,25.0,D,Brazil,188.0,94.0,3,3,250.0,0.0,0.0,0.0,0.0,0,0,1,0.0,0,0.0,0.36,0.0,0.0,0.0,0.0,0.0,43.92,0.36,2.88,0.72,0.36,3.2399999999999998,7.92,5.3999999999999995,0.36,0.0,0.72,0.72,1.44,0.36,0.0,0.0,38.07377049180328,0.0,68.18181818181817,0.0,6.804
usa,MLS,2026,Lucas Herrington,18.0,D,Australia,,,15,15,1368.0,1.0,1.0,0.0,0.0,0,0,4,0.0,0,0.06578947368421052,0.13157894736842105,0.06578947368421052,0.06578947368421052,0.06578947368421052,0.13157894736842105,0.06578947368421052,80.98684210526316,0.2631578947368421,1.381578947368421,0.9210526315789473,0.9210526315789473,2.302631578947368,6.842105263157895,4.407894736842105,0.06578947368421052,0.06578947368421052,0.39473684210526316,0.4605263157894737,0.9868421052631579,0.2631578947368421,0.0,0.0,82.2225832656377,50.0,64.42307692307693,100.0,7.164327485380117
usa,MLS,2026,Lucas Hoyos,36.0,G,Argentina,183.0,76.0,15,15,1369.0,0.0,0.0,0.0,0.0,0,0,1,0.0,0,0.0,0.0,0.0,0.0,0.0,0.0,0.0,36.42074506939372,0.0,0.13148283418553688,0.0,0.06574141709276844,0.19722425127830534,0.591672753834916,0.3944485025566107,0.0,0.0,0.13148283418553688,0.26296566837107377,0.06574141709276844,0.06574141709276844,0.0,0.0,30.176895306859205,,66.66666666666666,,6.847114682249818
usa,MLS,2025 / 2026,Lucas Sanabria,22.0,M,Uruguay,177.0,73.0,37,23,1967.0,4.0,1.0,0.0,0.0,0,0,8,0.0,0,0.045754956786985254,0.915099135739705,0.36603965429588203,0.18301982714794102,0.045754956786985254,0.22877478393492626,0.18301982714794102,35.55160142348755,0.5033045246568378,3.1113370615149973,0.27452974072191155,1.5099135739705134,4.62125063548551,10.752414844941535,5.49059481443823,0.8693441789527199,0.5033045246568378,1.5099135739705134,1.281138790035587,1.418403660396543,0.36603965429588203,0.0,0.0,24.11068211068211,40.0,51.06382978723404,57.89473684210527,6.8644128113879
usa,MLS,2025,Luciano Acosta,31.0,M,Argentina,161.0,61.0,21,18,1704.0,5.0,1.0,2.0,0.0,1,1,8,0.0,0,0.15845070422535212,1.1091549295774648,0.7394366197183099,0.2640845070422535,0.0528169014084507,0.31690140845070425,0.2112676056338028,44.524647887323944,2.2711267605633805,1.1619718309859155,0.0,0.4753521126760563,1.6373239436619718,11.93661971830986,5.387323943661971,4.595070422535211,2.165492957746479,0.897887323943662,1.9014084507042253,1.742957746478873,0.4225352112676056,0.0,0.0,33.45195729537367,66.66666666666666,45.13274336283185,47.12643678160919,7.271713615023474
usa,MLS,2025,Luis Abram,29.0,D,Peru,181.0,76.0,21,16,1505.0,0.0,0.0,0.0,1.0,0,0,1,0.0,0,0.0,0.0,0.0,0.0,0.0,0.0,0.0,59.262458471760795,0.0,1.0166112956810631,0.29900332225913623,0.3588039867109634,1.3754152823920267,5.322259136212625,2.8106312292358804,0.0,0.0,0.5382059800664452,0.23920265780730898,0.5980066445182725,0.059800664451827246,0.0,0.0,53.686175580222,,52.80898876404494,,6.658936877076412
usa,MLS,2025,Luis Barraza,29.0,G,USA,188.0,88.0,24,24,2097.0,0.0,1.0,0.0,1.0,0,0,3,0.0,1,0.0,0.0,0.0,0.0,0.04291845493562232,0.04291845493562232,0.0,30.343347639484982,0.08583690987124463,0.04291845493562232,0.0,0.0,0.04291845493562232,0.34334763948497854,0.2575107296137339,0.0,0.0,0.04291845493562232,0.12875536480686695,0.08583690987124463,0.12875536480686695,0.0,0.04291845493562232,18.77793493635078,,75.0,,6.998855507868384
usa,MLS,2025,Luis Díaz,27.0,F,Costa Rica,175.0,72.0,19,1,433.0,0.0,1.0,0.0,0.0,0,0,2,0.0,0,0.6235565819861432,2.0785219399538106,1.2471131639722863,0.0,0.20785219399538105,0.20785219399538105,0.0,27.020785219399535,1.2471131639722863,2.4942263279445727,0.0,0.4157043879907621,2.909930715935335,15.796766743648961,8.937644341801386,3.7413394919168588,1.2471131639722863,0.6235565819861432,4.364896073903003,1.6628175519630484,0.4157043879907621,0.0,0.0,8.707692307692307,60.0,56.57894736842105,33.33333333333333,6.807621247113164
usa,MLS,2025,Luis Muriel,34.0,F,Colombia,179.0,79.0,34,25,2137.0,9.0,5.0,1.0,0.0,1,0,1,0.0,1,0.4632662611137108,2.737482452035564,1.2213383247543286,0.37903603182030887,0.21057557323350493,0.5896116050538137,0.3369209171736079,27.79597566682265,2.021525503041647,1.3476836686944316,0.04211511464670099,0.16846045858680395,1.5161441272812355,11.792232101076275,4.8432381843706125,3.032288254562471,1.2634534394010295,0.7580720636406177,0.9686476368741226,1.0949929808142256,0.04211511464670099,0.0,0.04211511464670099,17.943939393939395,44.61538461538462,41.07142857142857,41.66666666666667,7.110481984089846
usa,MLS,2026,Luis Otávio,18.0,M,Brazil,,,10,5,442.0,1.0,0.0,0.0,1.0,0,0,2,0.0,0,0.0,0.8144796380090499,0.6108597285067874,0.20361990950226247,0.0,0.20361990950226247,0.20361990950226247,37.873303167420815,0.20361990950226247,3.0542986425339365,0.0,1.0180995475113122,4.072398190045249,9.773755656108598,5.904977375565611,1.2217194570135748,0.40723981900452494,0.8144796380090499,1.425339366515837,1.0180995475113122,0.40723981900452494,0.0,0.0,21.618279569892472,75.0,60.416666666666664,33.33333333333333,6.862669683257919
usa,MLS,2025 / 2026,Luis Suárez,38.0,F,Uruguay,182.0,72.0,43,36,3118.0,16.0,12.0,0.0,0.0,1,0,7,0.0,0,0.5772931366260423,2.5978191148171903,1.2989095574085952,0.46183450930083386,0.3463758819756254,0.8082103912764593,0.43296985246953174,33.80051314945478,2.020525978191148,0.6061577934573444,0.11545862732520847,0.20205259781911483,0.8082103912764593,6.032713277742142,2.915330339961514,1.50096215522771,0.490699166132136,0.23091725465041693,1.443232841565106,0.9525336754329699,0.20205259781911483,0.0,0.0,24.967549103330487,50.0,48.32535885167464,32.69230769230769,7.310679923027582
usa,MLS,2025 / 2026,Luka Gavran,25.0,G,Canada,198.0,91.0,18,18,1642.0,1.0,0.0,0.0,0.0,0,0,0,0.0,0,0.0,0.10962241169305724,0.05481120584652862,0.05481120584652862,0.0,0.05481120584652862,0.05481120584652862,28.39220462850183,0.05481120584652862,0.05481120584652862,0.0,0.0,0.05481120584652862,0.7673568818514007,0.7673568818514007,0.0,0.0,0.0,0.2740560292326431,0.0,0.0,0.0,0.0,19.320463320463322,50.0,100.0,,6.900487210718635
usa,MLS,2025 / 2026,Lukas Engel,27.0,D,Denmark,178.0,74.0,44,41,3575.0,0.0,4.0,0.0,0.0,0,0,4,0.0,0,0.1258741258741259,0.40279720279720277,0.10069930069930069,0.0,0.10069930069930069,0.10069930069930069,0.0,50.12307692307693,0.855944055944056,1.4853146853146855,0.427972027972028,1.434965034965035,2.9202797202797206,7.577622377622378,4.430769230769231,1.0321678321678323,0.45314685314685316,0.5286713286713287,0.8307692307692308,0.6545454545454545,0.10069930069930069,0.0,0.0,41.392767453540934,25.0,58.4717607973422,43.90243902439025,7.083804195804196
usa,MLS,2025 / 2026,Lukas MacNaughton,30.0,D,Canada,185.0,86.0,23,14,1312.0,1.0,1.0,0.0,0.0,0,0,3,0.0,1,0.0,0.6859756097560975,0.34298780487804875,0.06859756097560976,0.06859756097560976,0.13719512195121952,0.06859756097560976,50.076219512195124,0.34298780487804875,1.1661585365853657,0.823170731707317,1.371951219512195,2.538109756097561,7.888719512195122,4.801829268292683,0.13719512195121952,0.13719512195121952,0.27439024390243905,0.4115853658536585,1.440548780487805,0.20579268292682926,0.0,0.06859756097560976,38.632876712328766,50.0,60.86956521739131,100.0,6.697484756097562
usa,MLS,2025 / 2026,Luke Brennan,20.0,M,USA,180.0,68.0,22,9,806.0,0.0,1.0,1.0,0.0,0,0,1,0.0,0,0.22332506203473945,0.4466501240694789,0.3349875930521092,0.0,0.11166253101736973,0.11166253101736973,0.0,23.89578163771712,0.8933002481389578,0.7816377171215881,0.0,0.11166253101736973,0.8933002481389578,10.496277915632755,3.796526054590571,2.7915632754342434,0.8933002481389578,0.22332506203473945,1.4516129032258065,1.5632754342431763,0.11166253101736973,0.0,0.0,11.210280373831775,75.0,36.17021276595745,32.0,6.666874221668742
usa,MLS,2025,Luke Hille,22.0,M,USA,180.0,69.0,1,0,1.0,0.0,0.0,0.0,0.0,0,0,0,0.0,0,0.0,0.0,0.0,0.0,0.0,0.0,0.0,0.0,0.0,90.0,0.0,0.0,90.0,90.0,90.0,0.0,0.0,0.0,0.0,0.0,0.0,0.0,0.0,,,100.0,,
usa,MLS,2025,Luke Pruter,24.0,G,USA,196.0,95.0,0,0,0.0,0.0,0.0,0.0,0.0,0,0,0,0.0,0,,,,,,,,,,,,,,,,,,,,,,,,,,,,
usa,MLS,2025,Léo Chú,25.0,M,Brazil,178.0,69.0,4,3,212.0,1.0,0.0,0.0,0.0,0,0,0,0.0,0,0.0,1.6981132075471697,0.4245283018867924,0.4245283018867924,0.0,0.4245283018867924,0.4245283018867924,19.528301886792452,0.8490566037735848,0.0,0.0,0.8490566037735848,0.8490566037735848,7.216981132075471,0.8490566037735848,2.547169811320755,0.4245283018867924,1.2735849056603774,0.4245283018867924,1.2735849056603774,0.0,0.0,0.0,9.521739130434783,25.0,11.76470588235294,16.666666666666664,6.722641509433963
usa,MLS,2025,Maarten Paes,27.0,G,Netherlands,191.0,82.0,22,22,1991.0,0.0,0.0,0.0,1.0,0,0,0,0.0,0,0.0,0.0,0.0,0.0,0.0,0.0,0.0,27.167252636865896,0.04520341536916123,0.04520341536916123,0.0,0.0,0.04520341536916123,0.6780512305374184,0.45203415369161226,0.09040683073832247,0.09040683073832247,0.13561024610748368,0.09040683073832247,0.04520341536916123,0.0,0.0,0.0,19.820299500831947,,66.66666666666666,100.0,6.967805123053742
usa,MLS,2026,Macielo Tschantret,19.0,M,USA,183.0,70.0,1,1,51.0,0.0,0.0,0.0,0.0,0,0,0,0.0,0,0.0,0.0,0.0,0.0,0.0,0.0,0.0,33.529411764705884,0.0,0.0,0.0,0.0,0.0,5.294117647058823,0.0,0.0,0.0,0.0,0.0,3.5294117647058822,0.0,0.0,0.0,18.0,,0.0,,5.7
usa,MLS,2025 / 2026,Magomed Shapi Suleymanov,26.0,F,Russia,171.0,66.0,45,35,2791.0,3.0,4.0,2.0,1.0,0,0,3,0.0,1,0.1934790397706915,1.1931207452525976,0.4514510927982802,0.09673951988534575,0.12898602651379432,0.2257255463991401,0.09673951988534575,33.53636689358653,0.8706556789681118,1.0963812253672518,0.03224650662844858,0.5481906126836259,1.6445718380508778,9.77069150841992,4.869222500895736,1.934790397706915,0.7416696524543174,0.6126836259405232,2.418487997133644,0.9029021855965604,0.09673951988534575,0.0,0.03224650662844858,26.152884615384615,37.83783783783784,49.834983498349835,38.333333333333336,6.923584229390681
usa,MLS,2026,Malachi Jones,22.0,F,Sierra Leone,178.0,,6,2,221.0,0.0,0.0,1.0,0.0,0,0,1,0.0,0,1.6289592760180998,2.850678733031674,2.0361990950226243,0.0,0.0,0.0,0.0,18.32579185520362,0.40723981900452494,2.0361990950226243,0.40723981900452494,0.0,2.0361990950226243,17.104072398190045,8.552036199095022,4.479638009049774,2.4434389140271495,0.40723981900452494,2.4434389140271495,0.8144796380090499,0.40723981900452494,0.0,0.0,7.113636363636363,71.42857142857143,50.0,54.54545454545454,6.676923076923076
usa,MLS,2025 / 2026,Malcolm Fry,20.0,F,USA,175.0,71.0,4,0,53.0,0.0,0.0,0.0,0.0,0,0,0,0.0,0,0.0,0.0,0.0,0.0,0.0,0.0,0.0,45.84905660377358,0.0,1.6981132075471697,0.0,0.0,1.6981132075471697,6.792452830188679,1.6981132075471697,1.6981132075471697,0.0,0.0,0.0,1.6981132075471697,0.0,0.0,0.0,6.777777777777778,,25.0,0.0,6.284905660377359
usa,MLS,2025 / 2026,Malik Henry,23.0,M,Canada,163.0,,21,5,659.0,0.0,1.0,0.0,0.0,0,0,5,0.0,0,0.5462822458270107,0.8194233687405159,0.13657056145675267,0.0,0.13657056145675267,0.13657056145675267,0.0,22.261001517450683,0.8194233687405159,1.2291350531107739,0.0,0.8194233687405159,2.04855842185129,11.608497723823975,4.3702579666160855,3.141122913505311,1.7754172989377843,0.40971168437025796,0.8194233687405159,1.502276176024279,0.6828528072837633,0.0,0.0,9.7375,16.666666666666664,37.64705882352941,56.52173913043478,6.488145896656535
usa,MLS,2026,Malik Jakupovic,16.0,F,,,,4,0,69.0,0.0,0.0,0.0,0.0,0,0,0,0.0,0,0.0,0.0,0.0,0.0,0.0,0.0,0.0,15.652173913043478,0.0,1.3043478260869565,0.0,0.0,1.3043478260869565,16.956521739130434,7.826086956521739,3.9130434782608696,3.9130434782608696,3.9130434782608696,0.0,1.3043478260869565,0.0,0.0,0.0,5.8,,46.15384615384615,100.0,6.589855072463768
usa,MLS,2025 / 2026,Malte Amundsen,27.0,D,Denmark,178.0,81.0,38,35,3032.0,1.0,2.0,0.0,0.0,0,0,6,0.0,1,0.0,0.29683377308707126,0.059366754617414245,0.029683377308707123,0.059366754617414245,0.08905013192612138,0.029683377308707123,60.07915567282322,0.3562005277044855,1.7513192612137203,0.5639841688654353,1.3654353562005277,3.1167546174142484,7.361477572559367,4.185356200527705,1.0092348284960422,0.6530343007915568,0.4452506596306069,0.3858839050131926,0.7420844327176781,0.17810026385224276,0.0,0.029683377308707123,52.17045454545455,20.0,56.85483870967742,64.70588235294117,6.993997361477573
usa,MLS,2026,Mamadou Billo Diop,19.0,F,,,,2,0,17.0,0.0,0.0,0.0,0.0,0,0,0,0.0,0,0.0,5.294117647058823,0.0,0.0,0.0,0.0,0.0,26.47058823529412,0.0,0.0,0.0,0.0,0.0,10.588235294117647,0.0,5.294117647058823,0.0,0.0,0.0,0.0,0.0,0.0,0.0,4.0,0.0,0.0,0.0,6.5
usa,MLS,2025 / 2026,Mamadou Dieng,21.0,F,Senegal,188.0,77.0,17,3,375.0,0.0,0.0,0.0,0.0,0,0,0,0.0,0,1.2000000000000002,2.4000000000000004,0.72,0.0,0.0,0.0,0.0,19.68,0.48,0.24,0.24,0.24,0.48,14.639999999999999,7.4399999999999995,1.6800000000000002,0.72,0.24,1.2000000000000002,1.2000000000000002,0.0,0.0,0.0,7.0875,30.0,50.81967213114754,42.857142857142854,6.464516129032258
usa,MLS,2025 / 2026,Mamadou Fofana,28.0,D,Mali,187.0,75.0,43,43,3758.0,1.0,1.0,0.0,3.0,0,0,12,0.0,0,0.04789781798829164,0.09579563597658328,0.02394890899414582,0.02394890899414582,0.02394890899414582,0.04789781798829164,0.02394890899414582,52.615753060138374,0.19159127195316655,2.1314529004789784,0.9100585417775412,1.5806279936136243,3.7120808940926024,6.059073975518894,3.2810005321979774,0.2155401809473124,0.19159127195316655,0.7663650878126662,0.2394890899414582,0.9579563597658328,0.28738690792974986,0.0,0.0,53.07191624943104,25.0,54.1501976284585,88.88888888888889,7.078419372006387
usa,MLS,2026,Mamadou Mbacke,23.0,D,Senegal,188.0,74.0,3,0,49.0,0.0,0.0,0.0,0.0,0,0,1,0.0,0,0.0,0.0,0.0,0.0,0.0,0.0,0.0,44.08163265306122,0.0,0.0,0.0,0.0,0.0,1.8367346938775508,0.0,0.0,0.0,0.0,0.0,1.8367346938775508,1.8367346938775508,0.0,0.0,16.583333333333332,,0.0,,6.145833333333333
usa,MLS,2025 / 2026,Manu Duah,20.0,D,Ghana,193.0,81.0,33,31,2723.0,0.0,0.0,0.0,1.0,0,0,5,0.0,1,0.03305178112376056,0.1652589056188028,0.03305178112376056,0.0,0.0,0.0,0.0,86.09988982739625,0.1652589056188028,1.3220712449504224,1.0246052148365774,0.9915534337128167,2.3136246786632393,6.312890194638267,3.9331619537275064,0.528828497980169,0.3966213734851267,0.3966213734851267,1.1568123393316196,0.5618802791039295,0.1652589056188028,0.0,0.03305178112376056,85.1447216890595,20.0,62.30366492146597,75.0,7.160778553066472
usa,MLS,2025 / 2026,Manu García,27.0,M,Spain,169.0,65.0,42,35,3209.0,3.0,10.0,0.0,0.0,0,0,8,0.0,0,0.08413836086008103,0.5328762854471798,0.1963228420068557,0.08413836086008103,0.28046120286693677,0.36459956372701774,0.08413836086008103,47.76254284823933,2.1034590215020255,1.290121533187909,0.056092240573387346,0.5889685260205672,1.8790900592084763,10.405110626363353,5.132440012464942,2.97288875038953,1.5144904954814584,0.8413836086008102,2.243689622935494,1.037706450607666,0.22436896229354938,0.0,0.0,38.59130945390488,36.84210526315789,49.32614555256065,50.943396226415096,7.14783421626675
usa,MLS,2025 / 2026,Marcel Hartel,29.0,F,Germany,177.0,68.0,47,47,4227.0,13.0,5.0,0.0,0.0,1,0,1,0.0,0,0.127750177430802,1.9375443577004967,1.000709723207949,0.27679205110007093,0.106458481192335,0.38325053229240597,0.255500354861604,41.19943222143364,2.8956706884315118,0.681334279630944,0.106458481192335,0.681334279630944,1.362668559261888,4.8332150461320085,2.0652945351312986,1.7246273953158269,0.681334279630944,0.5322924059616749,0.5535841022001419,0.36195883605393897,0.021291696238467,0.0,0.0,36.333850129198964,51.64835164835166,42.731277533039645,39.50617283950617,7.434492547906316
usa,MLS,2025 / 2026,Marcelo Herrera,27.0,D,Argentina,178.0,75.0,36,27,2484.0,5.0,4.0,0.0,0.0,0,0,3,0.0,0,0.8695652173913043,1.0869565217391304,0.5072463768115942,0.18115942028985504,0.14492753623188406,0.32608695652173914,0.18115942028985504,38.369565217391305,1.0507246376811594,2.028985507246377,0.21739130434782608,1.2318840579710144,3.2608695652173916,7.86231884057971,4.094202898550725,0.9057971014492753,0.47101449275362317,0.6521739130434783,0.9057971014492753,1.1956521739130435,0.10869565217391304,0.0,0.0,34.04815864022663,46.666666666666664,52.07373271889401,52.0,6.961095449053565
usa,MLS,2025,Marcelo Morales,22.0,D,Chile,175.0,75.0,4,2,183.0,0.0,0.0,0.0,0.0,0,0,0,0.0,0,0.0,0.4918032786885246,0.0,0.0,0.0,0.0,0.0,38.36065573770492,0.9836065573770492,0.9836065573770492,0.0,0.9836065573770492,1.9672131147540983,6.885245901639345,3.4426229508196724,1.9672131147540983,1.4754098360655739,1.4754098360655739,0.9836065573770492,1.4754098360655739,0.0,0.0,0.0,22.115384615384617,0.0,50.0,75.0,6.796721311475411
usa,MLS,2025,Marcelo Weigandt,25.0,D,Argentina,175.0,74.0,27,20,1697.0,1.0,2.0,0.0,0.0,0,0,5,0.0,0,0.15910430170889805,0.26517383618149676,0.2121390689451974,0.05303476723629935,0.1060695344725987,0.15910430170889805,0.05303476723629935,49.69357690041249,0.5833824395992929,1.803182086034178,0.2121390689451974,0.5833824395992929,2.386564525633471,8.2734236888627,3.765468473777254,1.1667648791985858,0.4242781378903948,0.8485562757807896,0.8485562757807896,1.4319387153800824,0.26517383618149676,0.0,0.0,40.51440768409819,80.0,45.51282051282051,36.36363636363637,6.713022981732469
usa,MLS,2025,Marco Farfan,27.0,D,USA,178.0,72.0,17,14,1302.0,0.0,0.0,0.0,0.0,0,0,1,0.0,0,0.1382488479262673,0.06912442396313365,0.06912442396313365,0.0,0.0,0.0,0.0,35.32258064516129,0.8294930875576036,1.935483870967742,0.3456221198156682,0.6221198156682028,2.557603686635945,9.262672811059907,4.631336405529954,0.8986175115207373,0.3456221198156682,0.8294930875576036,1.3133640552995391,1.5207373271889402,0.06912442396313365,0.0,0.0,30.34246575342466,100.0,50.0,38.46153846153847,6.653302611367128
usa,MLS,2025 / 2026,Marco Pašalić,25.0,F,Croatia,177.0,74.0,44,41,3341.0,14.0,5.0,0.0,1.0,0,0,6,0.0,0,0.1346902125112242,1.993415145166118,1.2660879976055073,0.3771325950314277,0.1346902125112242,0.5118228075426519,0.3771325950314277,28.204130499850343,1.4277162526189762,0.7273271475606107,0.0,0.5387608500448968,1.2660879976055073,8.29691709069141,3.421131397785094,3.34031727027836,1.831786890152649,0.83507931756959,0.7273271475606107,0.7542651900628554,0.161628255013469,0.0,0.0,22.244508118433618,63.51351351351351,41.23376623376623,54.83870967741935,7.103202633941933
usa,MLS,2025 / 2026,Marco Reus,36.0,M,Germany,180.0,71.0,37,30,2602.0,9.0,13.0,0.0,0.0,1,0,1,0.0,0,0.24212144504227517,1.3143735588009224,0.6571867794004612,0.3112990007686395,0.4496541122213682,0.7609531129900077,0.2767102229054573,44.75787855495773,3.009223674096849,1.1068408916218293,0.1037663335895465,0.4496541122213682,1.5564950038431975,4.807840122982321,2.7325134511913913,1.037663335895465,0.5188316679477325,0.207532667179093,1.0722521137586472,0.4496541122213682,0.034588777863182166,0.0,0.0,36.14451313755796,50.0,56.83453237410072,50.0,7.273827824750192
usa,MLS,2026,Marcos Zambrano,20.0,F,USA,180.0,,2,0,27.0,0.0,0.0,0.0,0.0,0,0,0,0.0,0,0.0,3.333333333333333,0.0,0.0,0.0,0.0,0.0,6.666666666666666,0.0,0.0,0.0,0.0,0.0,10.0,3.333333333333333,0.0,0.0,0.0,0.0,3.333333333333333,0.0,0.0,0.0,1.0,0.0,33.33333333333333,,6.4111111111111105
usa,MLS,2026,Marcus Caldeira,21.0,F,Canada,,,1,0,15.0,0.0,0.0,0.0,0.0,0,0,0,0.0,0,6.0,0.0,0.0,0.0,0.0,0.0,0.0,6.0,0.0,6.0,0.0,0.0,6.0,6.0,6.0,0.0,0.0,0.0,0.0,0.0,0.0,0.0,0.0,1.0,,100.0,,6.7
usa,MLS,2025 / 2026,Marcus Ingvartsen,29.0,F,Denmark,186.0,79.0,28,18,1624.0,13.0,3.0,0.0,0.0,1,0,2,0.0,0,0.6650246305418719,2.383004926108374,1.2192118226600985,0.7204433497536946,0.16625615763546797,0.8866995073891626,0.6650246305418719,24.60591133004926,0.9975369458128079,0.4433497536945813,0.05541871921182266,0.33251231527093594,0.7758620689655172,9.864532019704434,3.8238916256157633,1.5517241379310345,0.6096059113300493,0.4433497536945813,1.1637931034482758,1.8842364532019704,0.11083743842364532,0.0,0.0,16.004504504504503,51.162790697674424,38.764044943820224,39.285714285714285,7.18158866995074
usa,MLS,2025 / 2026,Maren Haile-Selassie,26.0,M,Switzerland,177.0,68.0,47,17,2141.0,5.0,8.0,0.0,0.0,0,0,3,0.0,0,0.3362914525922466,1.5133115366651098,0.714619336758524,0.21018215787015412,0.3362914525922466,0.5464736104624007,0.21018215787015412,36.57169546940682,1.9757122839794488,1.0929472209248015,0.04203643157403082,0.42036431574030825,1.5133115366651098,7.986921999065857,3.5310602522185897,2.942550210182158,1.3872022419430172,0.7986921999065858,0.8827650630546474,0.5044371788883699,0.12610929472209248,0.0,0.0,23.387356321839082,47.22222222222222,44.21052631578947,47.14285714285714,6.95506772536198
usa,MLS,2025,Mark O'Neill,23.0,D,USA,,,0,0,0.0,0.0,0.0,0.0,0.0,0,0,0,0.0,0,,,,,,,,,,,,,,,,,,,,,,,,,,,,
usa,MLS,2025,Mark-Anthony Kaye,31.0,M,Canada,185.0,77.0,27,10,1018.0,1.0,1.0,0.0,0.0,0,0,5,0.0,0,0.0,0.7072691552062867,0.1768172888015717,0.08840864440078584,0.08840864440078584,0.1768172888015717,0.08840864440078584,49.155206286836936,0.9724950884086444,3.094302554027505,0.08840864440078584,1.8565815324165031,4.950884086444008,11.935166994106089,6.100196463654225,1.149312377210216,0.7072691552062867,1.5913555992141453,1.237721021611002,2.2102161100196462,0.44204322200392926,0.0,0.0,24.487410071942445,25.0,51.11111111111111,61.53846153846154,6.808546168958743
usa,MLS,2025,Markus Anderson,22.0,F,USA,178.0,77.0,3,1,98.0,1.0,0.0,0.0,0.0,0,0,0,0.0,0,0.9183673469387754,0.9183673469387754,0.9183673469387754,0.9183673469387754,0.0,0.9183673469387754,0.9183673469387754,13.775510204081632,0.0,0.9183673469387754,0.0,0.0,0.9183673469387754,24.795918367346935,10.10204081632653,3.6734693877551017,0.9183673469387754,0.9183673469387754,2.7551020408163263,2.7551020408163263,0.0,0.0,0.0,3.066666666666667,100.0,40.74074074074074,25.0,6.643877551020409
usa,MLS,2025 / 2026,Markus Cimermancic,21.0,M,Canada,175.0,70.0,11,5,420.0,0.0,0.0,0.0,0.0,0,0,0,0.0,0,0.6428571428571428,0.4285714285714286,0.0,0.0,0.0,0.0,0.0,35.785714285714285,1.0714285714285714,3.0,0.2142857142857143,1.0714285714285714,4.071428571428571,11.142857142857142,5.142857142857142,1.2857142857142856,0.6428571428571428,0.2142857142857143,0.4285714285714286,2.7857142857142856,0.0,0.0,0.0,22.305389221556887,0.0,46.15384615384615,50.0,6.652857142857142
usa,MLS,2025 / 2026,Marky Delgado,30.0,M,USA,176.0,67.0,52,45,3982.0,5.0,6.0,0.0,0.0,0,0,6,0.0,0,0.04520341536916123,0.40683073832245104,0.22601707684580613,0.11300853842290307,0.13561024610748368,0.24861878453038672,0.11300853842290307,68.30236062280261,1.4917127071823204,1.9437468608739328,0.27122049221496736,1.1978905072827726,3.1416373681567054,7.413360120542441,4.023103967855349,0.7910597689603214,0.5198392767453541,0.9944751381215469,1.1526870919136112,0.8814665996986439,0.13561024610748368,0.0,0.0,61.410324288550626,55.55555555555556,54.268292682926834,65.71428571428571,7.291662481165244
usa,MLS,2025,Marlon,30.0,D,Brazil,182.0,80.0,11,7,633.0,0.0,0.0,0.0,0.0,0,0,0,0.0,0,0.0,0.0,0.0,0.0,0.0,0.0,0.0,77.48815165876778,0.14218009478672985,1.1374407582938388,0.7109004739336492,1.1374407582938388,2.2748815165876777,6.8246445497630335,3.6966824644549763,0.4265402843601896,0.4265402843601896,0.5687203791469194,0.7109004739336492,1.4218009478672984,0.0,0.0,0.0,69.65321100917431,,54.166666666666664,100.0,7.055924170616113
usa,MLS,2025 / 2026,Martín Ojeda,27.0,F,Argentina,176.0,59.0,49,46,4137.0,27.0,9.0,1.0,0.0,5,0,1,0.0,0,0.34807831762146485,2.6976069615663527,1.414068165337201,0.5873821609862219,0.19579405366207397,0.7831762146482959,0.47860768672951415,35.93908629441624,2.7193618564176942,0.6526468455402465,0.06526468455402466,0.26105873821609865,0.9137055837563451,5.634517766497462,2.3930384336475705,1.501087744742567,0.630891950688905,0.6091370558375634,0.9137055837563451,0.5003625815808557,0.021754894851341553,0.0,0.0,31.7953995157385,52.41935483870967,42.471042471042466,42.028985507246375,7.682765288856659
usa,MLS,2025 / 2026,Mason Stajduhar,28.0,G,USA,188.0,86.0,0,0,0.0,0.0,0.0,0.0,0.0,0,0,0,0.0,0,,,,,,,,,,,,,,,,,,,,,,,,,,,,
usa,MLS,2025,Mason Toye,27.0,F,USA,191.0,82.0,21,4,552.0,3.0,2.0,0.0,0.0,0,0,0,0.0,0,0.16304347826086957,2.282608695652174,1.3043478260869565,0.4891304347826087,0.32608695652173914,0.8152173913043479,0.4891304347826087,19.23913043478261,0.4891304347826087,0.32608695652173914,0.16304347826086957,0.32608695652173914,0.6521739130434783,10.434782608695652,4.891304347826087,1.3043478260869565,0.8152173913043479,0.6521739130434783,0.4891304347826087,0.9782608695652174,0.0,0.0,0.0,8.741071428571429,57.14285714285714,46.875,62.5,6.739818181818182
usa,MLS,2025 / 2026,Mateja Đorđević,22.0,D,Serbia,,,6,4,371.0,0.0,0.0,0.0,0.0,0,0,2,0.0,0,0.24258760107816713,0.0,0.0,0.0,0.0,0.0,0.0,39.78436657681941,0.0,0.48517520215633425,0.48517520215633425,0.24258760107816713,0.7277628032345014,3.881401617250674,1.940700808625337,0.24258760107816713,0.0,0.24258760107816713,0.48517520215633425,0.9703504043126685,0.48517520215633425,0.0,0.0,29.073170731707318,,50.0,0.0,6.531266846361187
usa,MLS,2025 / 2026,Mateo Silvetti,19.0,F,Argentina,175.0,75.0,19,12,1081.0,5.0,6.0,1.0,0.0,0,1,4,0.0,0,0.24976873265494912,2.0814061054579094,1.0823311748381128,0.4162812210915819,0.49953746530989823,0.9158186864014801,0.4162812210915819,20.730804810360777,1.4153561517113784,0.9158186864014801,0.08325624421831637,0.16651248843663274,1.0823311748381128,9.657724329324699,3.9130434782608696,1.7483811285846438,0.5827937095282146,0.16651248843663274,1.6651248843663276,1.4153561517113784,0.3330249768732655,0.0,0.0,12.634538152610443,52.0,40.51724137931034,33.33333333333333,6.956336725254394
usa,MLS,2026,Mateusz Bogusz,24.0,F,Poland,175.0,69.0,14,13,1198.0,2.0,1.0,0.0,0.0,0,0,2,0.0,0,0.3756260434056761,2.5542570951585977,1.2020033388981637,0.15025041736227046,0.07512520868113523,0.22537562604340566,0.15025041736227046,24.791318864774624,0.9766277128547579,0.9766277128547579,0.0,0.6761268781302171,1.652754590984975,9.240400667779634,4.056761268781302,2.7045075125208684,1.0517529215358932,0.8263772954924875,1.5025041736227045,0.7512520868113522,0.15025041736227046,0.0,0.0,20.7,47.05882352941176,43.90243902439025,38.88888888888889,6.81060100166945
usa,MLS,2025,Mateusz Klich,35.0,M,Poland,183.0,84.0,16,9,795.0,0.0,1.0,0.0,0.0,0,0,4,0.0,0,0.0,0.5660377358490566,0.22641509433962262,0.0,0.11320754716981131,0.11320754716981131,0.0,62.490566037735846,1.2452830188679245,1.811320754716981,0.0,1.1320754716981132,2.943396226415094,7.245283018867924,3.5094339622641506,0.5660377358490566,0.22641509433962262,1.3584905660377358,1.1320754716981132,1.471698113207547,0.45283018867924524,0.0,0.0,41.09963768115942,40.0,48.4375,40.0,6.771949685534591
usa,MLS,2025 / 2026,Matheus Nascimento,21.0,F,Brazil,182.0,76.0,30,13,1354.0,4.0,2.0,0.0,0.0,0,0,1,0.0,0,0.5317577548005908,1.3958641063515511,0.9970457902511077,0.2658788774002954,0.1329394387001477,0.39881831610044316,0.2658788774002954,15.487444608567207,1.2629246676514032,0.930576070901034,0.1329394387001477,0.2658788774002954,1.1964549483013294,9.039881831610044,4.254062038404727,1.5952732644017726,0.6646971935007385,0.33234859675036926,1.329394387001477,0.930576070901034,0.06646971935007386,0.0,0.0,7.7956521739130435,71.42857142857143,47.05882352941176,41.66666666666667,6.891875923190547
usa,MLS,2026,Matheus Pereira,25.0,D,Brazil,172.0,68.0,2,1,120.0,0.0,0.0,0.0,0.0,0,0,0,0.0,0,0.75,1.5,0.0,0.0,0.0,0.0,0.0,36.0,2.25,0.75,0.0,1.5,2.25,7.5,3.0,1.5,0.75,0.75,1.5,2.25,0.0,0.0,0.0,20.541666666666668,0.0,40.0,50.0,7.2
usa,MLS,2025 / 2026,Mathieu Choinière,26.0,M,Canada,174.0,71.0,28,17,1584.0,3.0,1.0,0.0,0.0,0,0,1,0.0,0,0.0,0.7386363636363638,0.28409090909090906,0.17045454545454547,0.05681818181818182,0.2272727272727273,0.17045454545454547,58.63636363636363,0.9090909090909092,2.954545454545455,0.11363636363636365,1.1931818181818181,4.1477272727272725,8.40909090909091,4.943181818181818,0.6818181818181819,0.34090909090909094,0.9659090909090908,1.0227272727272727,1.1363636363636362,0.05681818181818182,0.0,0.0,47.251937984496124,38.46153846153847,58.78378378378378,50.0,7.075820707070707
usa,MLS,2025 / 2026,Mathías Laborda,26.0,D,Uruguay,183.0,72.0,45,40,3664.0,9.0,3.0,1.0,0.0,0,0,7,0.0,1,0.04912663755458515,1.0807860262008733,0.36844978165938863,0.2210698689956332,0.07368995633187772,0.2947598253275109,0.2210698689956332,52.025109170305676,0.5895196506550218,2.1124454148471616,0.34388646288209607,1.277292576419214,3.3897379912663754,8.76910480349345,4.691593886462882,0.4912663755458515,0.14737991266375544,0.7860262008733624,0.5895196506550218,1.4983624454148472,0.17194323144104803,0.0,0.024563318777292575,50.11425873465534,34.090909090909086,53.50140056022409,30.0,7.263018558951965
usa,MLS,2025 / 2026,Matt Polster,32.0,M,USA,183.0,77.0,35,33,2867.0,1.0,1.0,0.0,0.0,0,0,8,0.0,0,0.06278339727938612,0.28252528775723756,0.12556679455877223,0.03139169863969306,0.03139169863969306,0.06278339727938612,0.03139169863969306,58.54551796302756,0.34530868503662365,1.600976630624346,0.12556679455877223,1.4126264387861875,3.0136030694105336,8.381583536798047,4.080920823160097,0.4708754795953959,0.34530868503662365,0.9417509591907918,0.7534007673526334,1.6951517265434253,0.25113358911754446,0.0,0.0,55.8573726541555,44.44444444444444,48.68913857677903,73.33333333333333,6.8808510638297875
usa,MLS,2025 / 2026,Matt Turner,31.0,G,USA,191.0,84.0,24,24,2172.0,0.0,0.0,0.0,0.0,0,0,1,0.0,0,0.0,0.0,0.0,0.0,0.0,0.0,0.0,30.455801104972377,0.0,0.0,0.0,0.0,0.0,0.9530386740331492,0.8701657458563535,0.0,0.0,0.04143646408839779,0.20718232044198898,0.0,0.04143646408839779,0.0,0.0,22.08707482993197,,91.30434782608695,,7.458103130755064
usa,MLS,2026,Matthew Arana,15.0,M,,,,1,0,9.0,0.0,0.0,0.0,0.0,0,0,0,0.0,0,0.0,0.0,0.0,0.0,0.0,0.0,0.0,20.0,0.0,0.0,0.0,0.0,0.0,10.0,0.0,0.0,0.0,10.0,0.0,0.0,0.0,0.0,0.0,2.0,,0.0,,6.3
usa,MLS,2025 / 2026,Matthew Corcoran,19.0,M,USA,178.0,72.0,23,14,1253.0,0.0,0.0,0.0,0.0,0,0,4,0.0,1,0.07182761372705507,0.5027932960893855,0.14365522745411013,0.0,0.0,0.0,0.0,60.19154030327214,0.7182761372705506,2.6576217079010376,0.3591380686352753,0.6464485235434956,3.304070231444533,8.619313647246608,4.453312051077415,0.5027932960893855,0.14365522745411013,0.7182761372705506,0.7182761372705506,1.6520351157222666,0.28731045490822027,0.0,0.07182761372705507,49.52511961722488,28.57142857142857,51.66666666666667,28.57142857142857,6.9564
usa,MLS,2026,Matthew Dos Santos,17.0,D,,,,14,13,937.0,0.0,0.0,0.0,0.0,0,0,1,0.0,0,0.0,0.384204909284952,0.096051227321238,0.0,0.0,0.0,0.0,49.37033084311633,1.152614727854856,1.152614727854856,0.0,1.3447171824973319,2.497331910352188,6.819637139807898,2.40128068303095,0.6723585912486659,0.192102454642476,0.96051227321238,0.288153681963714,1.152614727854856,0.096051227321238,0.0,0.0,31.51556420233463,25.0,35.2112676056338,28.57142857142857,6.367235859124867
usa,MLS,2025 / 2026,Matthew Edwards,22.0,D,USA,178.0,79.0,28,17,1545.0,0.0,2.0,0.0,0.0,0,0,4,0.0,0,0.0,0.23300970873786409,0.05825242718446602,0.0,0.11650485436893204,0.11650485436893204,0.0,50.33009708737864,0.8737864077669902,1.2815533980582525,0.4077669902912621,0.7572815533980584,2.0388349514563107,6.524271844660194,3.203883495145631,0.4077669902912621,0.17475728155339806,0.46601941747572817,0.7572815533980584,1.2233009708737863,0.23300970873786409,0.0,0.0,37.52893518518518,25.0,49.107142857142854,42.857142857142854,6.652556634304208
usa,MLS,2026,Matthew Evans,19.0,M,Guatemala,182.0,70.0,1,1,56.0,0.0,1.0,0.0,0.0,0,0,1,0.0,0,0.0,1.607142857142857,1.607142857142857,0.0,1.607142857142857,1.607142857142857,0.0,38.57142857142857,1.607142857142857,3.214285714285714,0.0,1.607142857142857,4.821428571428571,14.464285714285715,4.821428571428571,1.607142857142857,0.0,0.0,0.0,1.607142857142857,1.607142857142857,0.0,0.0,21.0,100.0,33.33333333333333,0.0,6.2
usa,MLS,2025 / 2026,Matthew Freese,27.0,G,USA,190.0,88.0,51,51,4605.0,0.0,0.0,0.0,0.0,0,0,4,0.0,0,0.0,0.01954397394136808,0.0,0.0,0.0,0.0,0.0,22.690553745928337,0.0,0.0,0.0,0.0,0.0,0.4495114006514658,0.39087947882736157,0.03908794788273616,0.03908794788273616,0.01954397394136808,0.09771986970684039,0.01954397394136808,0.07817589576547232,0.0,0.0,18.747631352282514,0.0,86.95652173913044,100.0,7.022236699239957
usa,MLS,2025 / 2026,Matthew Longstaff,25.0,M,England,170.0,70.0,40,31,2801.0,2.0,5.0,0.0,0.0,0,0,7,0.0,0,0.06426276329882186,0.6426276329882186,0.2891824348446983,0.06426276329882186,0.16065690824705464,0.22491967154587647,0.06426276329882186,49.22527668689754,1.1245983577293823,1.5101749375223132,0.09639414494823279,0.7711531595858623,2.2813280971081755,6.7154587647268835,3.5987147447340235,0.48197072474116387,0.2570510531952874,0.7068903962870403,0.9960728311317387,0.7390217779364513,0.22491967154587647,0.0,0.0,39.08621815806662,45.0,53.588516746411486,53.333333333333336,6.958193502320601
usa,MLS,2025 / 2026,Matthew Miazga,30.0,D,USA,193.0,84.0,30,26,2147.0,0.0,2.0,0.0,1.0,0,0,6,0.0,0,0.1257568700512343,0.3353516534699581,0.1257568700512343,0.0,0.08383791336748952,0.08383791336748952,0.0,57.38705170004658,0.1257568700512343,0.9641360037261295,1.0060549604098743,0.9641360037261295,1.928272007452259,5.742897065673032,3.7307871448532834,0.04191895668374476,0.0,0.37727061015370283,0.8383791336748952,0.9641360037261295,0.2515137401024686,0.0,0.0,51.61358655953251,37.5,64.96350364963503,0.0,6.944760130414532
usa,MLS,2025 / 2026,Matti Peltola,23.0,D,Finland,185.0,,41,31,2892.0,1.0,1.0,0.0,1.0,0,0,7,0.0,0,0.0,0.40456431535269705,0.03112033195020747,0.03112033195020747,0.03112033195020747,0.06224066390041494,0.03112033195020747,34.1701244813278,0.6535269709543569,2.676348547717842,0.3112033195020747,1.4937759336099585,4.170124481327801,8.7448132780083,5.259336099585062,0.7157676348547717,0.37344398340248963,0.7780082987551867,1.8360995850622408,1.338174273858921,0.21784232365145229,0.0,0.0,28.328767123287673,7.6923076923076925,60.14234875444839,52.17391304347826,7.006742738589212
usa,MLS,2026,Matías Galarza,23.0,M,Paraguay,175.0,,10,8,666.0,0.0,0.0,0.0,0.0,0,0,2,0.0,0,0.0,1.6216216216216217,0.6756756756756757,0.0,0.0,0.0,0.0,44.32432432432432,1.3513513513513513,3.5135135135135136,0.0,0.5405405405405406,4.0540540540540535,14.594594594594595,7.4324324324324325,1.6216216216216217,0.5405405405405406,0.40540540540540543,2.0270270270270268,2.4324324324324325,0.2702702702702703,0.0,0.0,32.484756097560975,41.66666666666667,50.92592592592593,33.33333333333333,6.7705705705705705
usa,MLS,2025,Matías Rojas,30.0,M,Paraguay,180.0,78.0,8,5,388.0,1.0,0.0,0.0,0.0,0,0,0,0.0,0,0.4639175257731959,2.551546391752577,1.3917525773195876,0.23195876288659795,0.0,0.23195876288659795,0.23195876288659795,36.649484536082475,2.551546391752577,0.9278350515463918,0.0,0.4639175257731959,1.3917525773195876,6.72680412371134,3.2474226804123707,1.8556701030927836,0.9278350515463918,0.6958762886597938,0.6958762886597938,0.9278350515463918,0.0,0.0,0.0,17.848101265822784,54.54545454545454,48.275862068965516,50.0,7.044072164948453
usa,MLS,2025 / 2026,Mauricio Cuevas,22.0,D,USA,170.0,54.0,36,15,1571.0,2.0,3.0,0.0,0.0,0,0,8,0.0,0,0.22915340547422022,0.45830681094844045,0.2864417568427753,0.11457670273711011,0.1718650541056652,0.2864417568427753,0.11457670273711011,48.29408020369191,1.5467854869509867,1.8332272437937618,0.22915340547422022,0.40101845957988547,2.2342457033736474,7.848504137492044,3.8383195416931892,1.3176320814767664,0.6301718650541057,0.6874602164226608,1.088478676002546,1.088478676002546,0.45830681094844045,0.0,0.0,28.96797153024911,62.5,48.9051094890511,47.82608695652174,6.812730744748567
usa,MLS,2026,Mauricio González,21.0,F,Colombia,,,6,0,97.0,1.0,0.0,0.0,0.0,0,0,0,0.0,0,0.0,2.783505154639175,2.783505154639175,0.9278350515463918,0.0,0.9278350515463918,0.9278350515463918,40.824742268041234,0.0,1.8556701030927836,0.0,0.9278350515463918,2.783505154639175,10.206185567010309,4.639175257731958,0.9278350515463918,0.0,1.8556701030927836,0.0,0.9278350515463918,0.0,0.0,0.0,7.2272727272727275,100.0,45.45454545454545,0.0,6.684536082474226
usa,MLS,2025 / 2026,Mauricio Pineda,28.0,D,USA,185.0,78.0,39,23,2096.0,0.0,2.0,0.0,0.0,0,0,7,0.0,0,0.0,0.42938931297709926,0.21469465648854963,0.0,0.08587786259541984,0.08587786259541984,0.0,57.795801526717554,0.558206106870229,2.232824427480916,0.3005725190839695,0.9446564885496184,3.1774809160305346,8.287213740458014,4.036259541984733,0.6870229007633587,0.25763358778625955,0.9017175572519084,1.0734732824427482,1.2881679389312977,0.3005725190839695,0.0,0.0,41.12927191679049,50.0,48.704663212435236,37.5,6.754150763358779
usa,MLS,2025 / 2026,Max Anchor,21.0,G,Canada,191.0,,0,0,0.0,0.0,0.0,0.0,0.0,0,0,0,0.0,0,,,,,,,,,,,,,,,,,,,,,,,,,,,,
usa,MLS,2025 / 2026,Max Floriani,22.0,D,USA,188.0,85.0,16,11,995.0,0.0,0.0,0.0,0.0,0,0,4,0.0,0,0.0,0.09045226130653267,0.09045226130653267,0.0,0.0,0.0,0.0,39.70854271356784,0.18090452261306533,1.8090452261306533,0.9949748743718594,1.9899497487437188,3.798994974874372,7.688442211055276,4.703517587939698,0.45226130653266333,0.36180904522613067,0.8140703517587939,1.085427135678392,1.1758793969849246,0.36180904522613067,0.0,0.0,34.91799544419134,100.0,61.1764705882353,80.0,6.816381909547739
usa,MLS,2025 / 2026,Max Kerkvliet,20.0,G,USA,196.0,93.0,0,0,0.0,0.0,0.0,0.0,0.0,0,0,0,0.0,0,,,,,,,,,,,,,,,,,,,,,,,,,,,,
usa,MLS,2025,Max Murray,23.0,D,USA,196.0,84.0,0,0,0.0,0.0,0.0,0.0,0.0,0,0,0,0.0,0,,,,,,,,,,,,,,,,,,,,,,,,,,,,
usa,MLS,2025 / 2026,Maxi Moralez,38.0,M,Argentina,160.0,52.0,53,53,4316.0,4.0,15.0,0.0,0.0,1,0,9,0.0,0,0.31278962001853566,0.8132530120481928,0.27108433734939763,0.08341056533827618,0.31278962001853566,0.39620018535681184,0.06255792400370713,52.04819277108434,2.147822057460612,1.376274328081557,0.04170528266913809,0.3336422613531047,1.7099165894346617,8.153382761816497,3.899443929564412,0.7089898053753475,0.2293790546802595,0.7715477293790547,1.9184430027803523,1.2511584800741427,0.18767377201112143,0.0,0.0,42.98036858974359,33.33333333333333,47.82608695652174,32.35294117647059,7.106209453197406
usa,MLS,2025,Maxime Chanot,36.0,D,Luxembourg,185.0,78.0,1,1,68.0,0.0,0.0,0.0,0.0,0,0,0,0.0,0,0.0,0.0,0.0,0.0,0.0,0.0,0.0,37.05882352941176,0.0,2.6470588235294117,2.6470588235294117,3.9705882352941178,6.61764705882353,3.9705882352941178,3.9705882352941178,0.0,0.0,0.0,0.0,0.0,0.0,0.0,0.0,22.0,,100.0,,7.7
usa,MLS,2025 / 2026,Maxime Crépeau,31.0,G,Canada,180.0,88.0,29,29,2572.0,0.0,0.0,0.0,0.0,0,0,2,0.0,1,0.0,0.0,0.0,0.0,0.0,0.0,0.0,25.78926905132193,0.0,0.034992223950233284,0.0,0.0,0.034992223950233284,0.3499222395023328,0.24494556765163297,0.0,0.0,0.10497667185069985,0.1749611197511664,0.034992223950233284,0.06998444790046657,0.0,0.034992223950233284,19.989145183175033,,70.0,,6.989307931570762
usa,MLS,2025,Maxime Dominguez,29.0,M,Switzerland,173.0,63.0,24,15,1416.0,0.0,1.0,0.0,0.0,0,0,5,0.0,0,0.0,0.635593220338983,0.1906779661016949,0.0,0.0635593220338983,0.0635593220338983,0.0,41.3135593220339,0.9533898305084745,2.8601694915254234,0.0635593220338983,1.2076271186440677,4.067796610169491,10.614406779661017,4.9576271186440675,1.271186440677966,0.6991525423728814,1.7161016949152543,1.3347457627118644,2.1610169491525424,0.3177966101694915,0.0,0.0,34.45230769230769,30.0,46.706586826347305,55.00000000000001,6.964194915254237
usa,MLS,2025 / 2026,Maximilian Arfsten,24.0,M,USA,185.0,78.0,47,47,4161.0,9.0,10.0,0.0,0.0,0,0,7,0.0,0,0.36770007209805333,1.2328767123287672,0.5623648161499639,0.1946647440519106,0.21629416005767843,0.410958904109589,0.1946647440519106,42.977649603460705,1.643835616438356,2.1845710165825523,0.06488824801730353,0.5839942321557318,2.768565248738284,11.052631578947368,6.01297764960346,3.3525594808940156,2.119682768565249,1.1031002162941599,1.1031002162941599,1.1247296322999278,0.1514059120403749,0.0,0.0,38.42224458983392,45.614035087719294,54.40313111545988,63.2258064516129,7.29550588800769
usa,MLS,2025 / 2026,Maximiliano Falcón,28.0,D,Uruguay,179.0,80.0,39,36,3243.0,1.0,0.0,0.0,1.0,0,0,11,0.0,0,0.0,0.22201665124884365,0.05550416281221091,0.027752081406105456,0.0,0.027752081406105456,0.027752081406105456,55.087881591119334,0.027752081406105456,1.1100832562442182,0.6382978723404256,1.4708603145235895,2.5809435707678077,6.549491211840889,3.469010175763182,0.30527289546716,0.22201665124884365,0.6382978723404256,1.1100832562442182,0.9435707678075856,0.30527289546716,0.0,0.0,54.16120906801007,25.0,52.96610169491526,72.72727272727273,6.779185938945421
usa,MLS,2025,Maximiliano Urruti,34.0,F,Argentina,184.0,75.0,20,5,626.0,2.0,0.0,0.0,0.0,0,0,3,0.0,0,1.4376996805111821,1.8690095846645367,1.1501597444089455,0.2875399361022364,0.0,0.2875399361022364,0.2875399361022364,15.527156549520766,0.7188498402555911,1.4376996805111821,0.0,0.43130990415335463,1.8690095846645367,9.63258785942492,4.888178913738019,1.8690095846645367,1.1501597444089455,1.4376996805111821,1.5814696485623003,1.7252396166134185,0.43130990415335463,0.0,0.0,8.555555555555555,61.53846153846154,50.74626865671642,61.53846153846154,6.72048
usa,MLS,2026,Maxwell Woledzi,24.0,D,Ghana,190.0,,15,14,1294.0,1.0,0.0,0.0,0.0,0,0,0,0.0,0,0.0,0.20865533230293662,0.0695517774343122,0.0695517774343122,0.0,0.0695517774343122,0.0695517774343122,71.2210200927357,0.34775888717156106,1.947449768160742,0.4868624420401855,0.5564142194744977,2.5038639876352398,6.329211746522411,4.242658423493045,0.5564142194744977,0.4868624420401855,0.41731066460587324,0.34775888717156106,0.8346213292117465,0.0,0.0,0.0,68.509765625,33.33333333333333,67.03296703296702,87.5,7.206182380216383
usa,MLS,2025 / 2026,Maya Yoshida,37.0,D,Japan,189.0,78.0,39,32,2898.0,3.0,0.0,1.0,1.0,0,0,3,0.0,0,0.12422360248447205,0.6211180124223602,0.2795031055900621,0.09316770186335405,0.0,0.09316770186335405,0.09316770186335405,77.20496894409938,0.2484472049689441,1.0248447204968945,1.1490683229813665,0.9937888198757764,2.018633540372671,6.39751552795031,4.130434782608696,0.3105590062111801,0.2484472049689441,0.40372670807453415,0.4968944099378882,0.5900621118012422,0.09316770186335405,0.0,0.0,77.49959774738535,45.0,64.56310679611651,80.0,7.092504317789292
usa,MLS,2026,Mbekezeli Mbokazi,20.0,D,South Africa,,,12,12,1050.0,0.0,0.0,0.0,1.0,0,0,2,0.0,0,0.08571428571428572,0.34285714285714286,0.2571428571428571,0.0,0.0,0.0,0.0,54.0,0.08571428571428572,1.7142857142857144,1.1142857142857143,1.0285714285714285,2.742857142857143,5.571428571428571,4.114285714285714,0.34285714285714286,0.2571428571428571,0.17142857142857143,0.9428571428571428,0.34285714285714286,0.17142857142857143,0.0,0.0,49.47142857142857,75.0,73.84615384615385,75.0,7.099047619047619
usa,MLS,2025,Memo Rodríguez,30.0,M,USA,173.0,66.0,19,7,666.0,0.0,0.0,0.0,1.0,0,0,3,0.0,0,0.0,0.5405405405405406,0.13513513513513514,0.0,0.0,0.0,0.0,52.02702702702703,2.1621621621621623,2.5675675675675675,0.0,0.40540540540540543,2.972972972972973,9.72972972972973,4.324324324324325,0.2702702702702703,0.13513513513513514,1.3513513513513513,1.3513513513513513,2.1621621621621623,0.40540540540540543,0.0,0.0,25.5546875,25.0,44.44444444444444,50.0,6.871234939759036
usa,MLS,2026,Micael,25.0,D,Brazil,190.0,82.0,14,14,1267.0,1.0,0.0,0.0,0.0,0,0,4,0.0,0,0.0,0.4262036306235202,0.1420678768745067,0.07103393843725335,0.0,0.07103393843725335,0.07103393843725335,70.03946329913181,0.07103393843725335,1.6337805840568271,1.1365430149960536,1.4206787687450673,3.0544593528018944,6.322020520915548,3.693764798737174,0.2131018153117601,0.2131018153117601,0.5682715074980268,0.4262036306235202,1.207576953433307,0.2841357537490134,0.0,0.0,75.15111561866125,33.33333333333333,58.42696629213483,100.0,6.930071033938437
usa,MLS,2025 / 2026,Micah Burton,19.0,M,USA,172.0,76.0,2,0,33.0,0.0,0.0,0.0,0.0,0,0,0,0.0,0,0.0,2.7272727272727275,0.0,0.0,0.0,0.0,0.0,24.545454545454543,0.0,0.0,0.0,0.0,0.0,2.7272727272727275,2.7272727272727275,0.0,0.0,0.0,0.0,0.0,0.0,0.0,0.0,4.555555555555555,0.0,100.0,,6.299999999999999
usa,MLS,2026,Micah Chisholm,20.0,D,,,,2,0,65.0,0.0,0.0,0.0,0.0,0,0,0,0.0,0,0.0,0.0,0.0,0.0,0.0,0.0,0.0,40.15384615384615,0.0,4.153846153846154,0.0,0.0,4.153846153846154,9.692307692307693,5.538461538461538,0.0,0.0,1.3846153846153846,1.3846153846153846,2.769230769230769,0.0,0.0,0.0,12.96551724137931,,57.14285714285714,,6.507692307692308
usa,MLS,2025 / 2026,Michael Boxall,37.0,D,New Zealand,191.0,95.0,42,37,3427.0,1.0,1.0,0.0,4.0,0,0,7,0.0,0,0.07878611030055442,0.05252407353370294,0.02626203676685147,0.02626203676685147,0.02626203676685147,0.05252407353370294,0.02626203676685147,30.884155237817335,0.4201925882696235,0.7615990662386928,0.7615990662386928,0.7615990662386928,1.5231981324773856,5.69886197840677,3.440326816457543,0.21009629413481176,0.10504814706740588,0.13131018383425735,0.7353370294718413,1.1030055442077618,0.18383425736796033,0.0,0.0,31.05952380952381,50.0,60.36866359447005,50.0,7.006302888824045
usa,MLS,2025 / 2026,Michael Collodi,24.0,G,USA,183.0,88.0,24,24,2093.0,0.0,0.0,0.0,0.0,0,0,2,0.0,1,0.0,0.0,0.0,0.0,0.0,0.0,0.0,29.025322503583375,0.0,0.08600095556617296,0.0,0.04300047778308648,0.12900143334925945,1.0320114667940756,0.8170090778786431,0.0,0.0,0.04300047778308648,0.2150023889154324,0.04300047778308648,0.08600095556617296,0.0,0.04300047778308648,17.942222222222224,,79.16666666666666,,7.021882465360726
usa,MLS,2025,Michael Halliday,22.0,D,USA,185.0,71.0,0,0,0.0,0.0,0.0,0.0,0.0,0,0,0,0.0,0,,,,,,,,,,,,,,,,,,,,,,,,,,,,
usa,MLS,2025,Michael Joseph Edwards,25.0,D,USA,192.0,87.0,1,0,26.0,0.0,0.0,0.0,0.0,0,0,0,0.0,0,0.0,0.0,0.0,0.0,0.0,0.0,0.0,38.07692307692307,0.0,0.0,0.0,3.4615384615384617,3.4615384615384617,3.4615384615384617,3.4615384615384617,0.0,0.0,0.0,0.0,0.0,0.0,0.0,0.0,9.0,,100.0,,6.6
usa,MLS,2025,Michael Sullivan,22.0,M,USA,183.0,77.0,1,0,14.0,0.0,0.0,0.0,0.0,0,0,0,0.0,0,0.0,0.0,0.0,0.0,0.0,0.0,0.0,6.428571428571428,0.0,0.0,0.0,0.0,0.0,0.0,0.0,0.0,0.0,0.0,0.0,0.0,0.0,0.0,0.0,,,,,6.3
usa,MLS,2025,Michael Wentzel,23.0,D,Germany,189.0,83.0,2,1,105.0,0.0,0.0,0.0,0.0,0,0,1,0.0,0,0.0,0.8571428571428572,0.8571428571428572,0.0,0.0,0.0,0.0,63.42857142857143,0.0,0.8571428571428572,0.8571428571428572,0.0,0.8571428571428572,8.571428571428571,4.285714285714286,0.0,0.0,0.0,1.7142857142857144,1.7142857142857144,0.8571428571428572,0.0,0.0,50.86486486486486,100.0,50.0,,6.857142857142857
usa,MLS,2025 / 2026,Miguel Almirón,31.0,F,Paraguay,174.0,70.0,40,39,3480.0,6.0,6.0,0.0,0.0,3,0,4,0.0,0,0.4396551724137931,1.396551724137931,0.75,0.15517241379310345,0.15517241379310345,0.3103448275862069,0.07758620689655173,41.25,1.6293103448275863,1.4741379310344829,0.02586206896551724,0.3879310344827586,1.8620689655172413,9.517241379310345,5.068965517241379,2.560344827586207,1.5,0.5172413793103449,1.9137931034482758,0.8793103448275862,0.10344827586206896,0.0,0.0,35.94858934169279,53.70370370370371,53.2608695652174,58.58585858585859,7.264511494252874
usa,MLS,2025,Miguel Berry,28.0,F,Spain,191.0,82.0,17,7,682.0,0.0,2.0,0.0,0.0,0,0,0,0.0,0,0.0,0.6598240469208212,0.5278592375366569,0.0,0.26392961876832843,0.26392961876832843,0.0,14.780058651026392,1.5835777126099708,0.13196480938416422,0.0,0.26392961876832843,0.3958944281524927,7.52199413489736,2.6392961876832848,0.3958944281524927,0.13196480938416422,0.0,0.6598240469208212,1.715542521994135,0.0,0.0,0.0,6.8,80.0,35.08771929824561,33.33333333333333,6.629765395894428
usa,MLS,2026,Miguel Navarro,26.0,D,Venezuela,175.0,70.0,11,7,689.0,0.0,1.0,0.0,0.0,0,0,6,0.0,1,0.0,0.2612481857764877,0.0,0.0,0.13062409288824384,0.13062409288824384,0.0,53.555878084179966,0.6531204644412192,1.8287373004354135,0.0,0.9143686502177067,2.7431059506531206,9.796806966618288,5.616835994194485,0.6531204644412192,0.13062409288824384,0.9143686502177067,2.7431059506531206,2.351233671988389,0.7837445573294629,0.0,0.13062409288824384,41.509756097560974,0.0,57.333333333333336,20.0,6.9599708879184865
usa,MLS,2026,Miguel Perez,20.0,M,USA,173.0,63.0,8,3,285.0,0.0,0.0,0.0,0.0,0,0,2,0.0,0,0.3157894736842105,0.631578947368421,0.3157894736842105,0.0,0.0,0.0,0.0,32.21052631578947,1.894736842105263,1.5789473684210527,0.0,0.0,1.5789473684210527,6.315789473684211,2.210526315789474,1.263157894736842,0.3157894736842105,0.631578947368421,0.3157894736842105,1.263157894736842,0.631578947368421,0.0,0.0,17.333333333333332,50.0,35.0,25.0,6.934736842105264
usa,MLS,2026,Mihail Gherasimencov,20.0,D,USA,177.0,,6,2,233.0,0.0,0.0,0.0,0.0,0,0,0,0.0,0,0.0,0.0,0.0,0.0,0.0,0.0,0.0,33.60515021459227,0.38626609442060084,3.0901287553648067,0.0,0.0,3.0901287553648067,11.201716738197424,6.180257510729613,2.3175965665236054,0.7725321888412017,0.0,1.5450643776824033,2.703862660944206,0.0,0.0,0.0,29.79310344827586,,55.172413793103445,33.33333333333333,6.674137931034483
usa,MLS,2025,Mikael Uhre,31.0,F,Denmark,188.0,89.0,31,16,1396.0,6.0,7.0,0.0,0.0,0,0,3,0.0,0,0.7736389684813754,1.8696275071633237,1.0315186246418337,0.3868194842406877,0.45128939828080233,0.83810888252149,0.3868194842406877,23.724928366762175,1.67621776504298,1.1604584527220632,0.0,0.06446991404011461,1.2249283667621778,13.925501432664756,5.544412607449857,1.4183381088825215,0.3868194842406877,0.3868194842406877,1.7406876790830945,1.67621776504298,0.19340974212034384,0.0,0.0,11.497282608695652,55.172413793103445,39.81481481481482,27.27272727272727,7.0488538681948425
usa,MLS,2025 / 2026,Miki Yamane,32.0,D,Japan,178.0,72.0,45,34,3018.0,1.0,5.0,0.0,1.0,0,0,5,0.0,0,0.05964214711729622,0.268389662027833,0.14910536779324055,0.02982107355864811,0.14910536779324055,0.17892644135188865,0.02982107355864811,53.88667992047714,1.1332007952286283,2.355864811133201,0.2982107355864811,1.4612326043737573,3.817097415506958,7.4850894632206755,3.727634194831014,1.10337972166998,0.41749502982107356,1.2524850894632207,0.3578528827037773,0.7753479125248509,0.14910536779324055,0.0,0.0,41.86330935251799,55.55555555555556,49.800796812749006,37.83783783783784,6.825878064943671
usa,MLS,2025 / 2026,Mikkel Desler,30.0,D,Denmark,184.0,73.0,31,26,2071.0,2.0,3.0,0.0,2.0,0,0,7,0.0,0,0.08691453404152583,0.3476581361661033,0.13037180106228874,0.08691453404152583,0.13037180106228874,0.21728633510381457,0.08691453404152583,42.501207146306136,0.6084017382906808,2.433606953162723,0.521487204249155,1.04297440849831,3.476581361661033,8.517624336069533,5.041042974408499,0.9560598744567841,0.521487204249155,0.8256880733944955,1.2168034765813616,1.1298889425398357,0.3042008691453404,0.0,0.0,35.21676891615542,37.5,59.183673469387756,54.54545454545454,6.951665861902463
usa,MLS,2025 / 2026,Milan Iloski,26.0,F,USA,180.0,79.0,41,28,2548.0,20.0,7.0,1.0,0.0,2,1,3,0.0,0,0.282574568288854,3.143642072213501,1.7307692307692308,0.706436420722135,0.24725274725274726,0.9536891679748822,0.6357927786499216,26.385400313971743,1.6954474097331238,0.6004709576138147,0.0,0.38854003139717425,0.989010989010989,8.936420722135008,3.532182103610675,1.8367346938775508,0.7770800627943485,0.6711145996860283,1.448194662480377,1.4835164835164836,0.10596546310832024,0.0,0.0,16.572958500669344,55.0561797752809,39.52569169960474,42.30769230769231,7.315894819466249
usa,MLS,2025 / 2026,Miles Robinson,28.0,D,USA,187.0,84.0,39,38,3223.0,1.0,0.0,0.0,2.0,0,0,5,0.0,1,0.02792429413589823,0.3909401179025752,0.11169717654359292,0.02792429413589823,0.0,0.02792429413589823,0.02792429413589823,63.10890474713,0.2513186472230841,1.4241390009308097,0.9773502947564381,1.340366118523115,2.7645051194539247,6.5622091219360845,4.216568414520633,0.2792429413589823,0.1954700589512876,0.2513186472230841,0.4747130003102699,0.7818802358051504,0.13962147067949116,0.0,0.02792429413589823,56.594690265486726,28.57142857142857,64.25531914893618,70.0,7.086286068879926
usa,MLS,2025,Mitja Ilenič,21.0,D,Slovenia,178.0,71.0,20,10,1099.0,2.0,2.0,0.0,0.0,0,0,1,0.0,0,0.0,0.7370336669699727,0.3275705186533212,0.1637852593266606,0.1637852593266606,0.3275705186533212,0.1637852593266606,51.3466787989081,0.5732484076433121,0.9827115559599636,0.0818926296633303,1.064604185623294,2.0473157415832572,7.124658780709737,3.9308462238398545,1.1464968152866242,0.4913557779799818,0.4913557779799818,1.392174704276615,0.6551410373066424,0.0818926296633303,0.0,0.0,33.78309409888357,44.44444444444444,55.172413793103445,42.857142857142854,7.001273885350318
usa,MLS,2025 / 2026,Mohamed Farsi,26.0,D,Canada,178.0,69.0,24,18,1692.0,1.0,5.0,0.0,0.0,0,0,2,0.0,0,0.26595744680851063,0.7446808510638298,0.5319148936170213,0.05319148936170213,0.26595744680851063,0.3191489361702128,0.05319148936170213,54.73404255319149,1.223404255319149,1.1702127659574468,0.26595744680851063,0.5851063829787234,1.7553191489361701,6.436170212765958,3.0851063829787235,1.0106382978723405,0.3191489361702128,0.3191489361702128,1.3297872340425532,0.6382978723404256,0.10638297872340426,0.0,0.0,44.84742468415938,71.42857142857143,47.93388429752066,31.57894736842105,7.124837374334714
usa,MLS,2025 / 2026,Mohammed Sofo,21.0,F,Ghana,175.0,,33,21,1891.0,6.0,0.0,0.0,0.0,0,0,3,0.0,0,0.42834479111581175,1.3802221047065046,0.8090957165520889,0.2855631940772078,0.0,0.2855631940772078,0.2855631940772078,23.939714436805925,0.5711263881544156,2.0465362242199894,0.0,0.523532522474881,2.5700687466948704,12.993125330512957,4.569011105235325,2.66525647805394,0.9518773135906927,1.1422527763088313,1.047065044949762,1.9513484928609202,0.1427815970386039,0.0,0.0,17.45328031809145,58.620689655172406,35.16483516483517,35.714285714285715,6.62702273929138
usa,MLS,2025,Monsef Bakrar,25.0,F,Algeria,183.0,80.0,21,5,622.0,2.0,0.0,0.0,0.0,0,0,1,0.0,0,0.0,1.3022508038585208,0.7234726688102894,0.28938906752411575,0.0,0.28938906752411575,0.28938906752411575,19.823151125401928,0.8681672025723474,1.157556270096463,0.0,0.5787781350482315,1.7363344051446947,14.758842443729904,5.643086816720257,2.315112540192926,0.28938906752411575,0.8681672025723474,1.7363344051446947,2.170418006430868,0.14469453376205788,0.0,0.0,8.095588235294118,55.55555555555556,38.23529411764706,12.5,6.765322580645162
usa,MLS,2026,Morgan Guilavogui,27.0,F,Guinea,188.0,81.0,12,9,835.0,1.0,3.0,0.0,0.0,0,0,4,0.0,0,0.10778443113772455,2.4790419161676644,1.401197604790419,0.10778443113772455,0.32335329341317365,0.4311377245508982,0.10778443113772455,45.26946107784431,2.0479041916167664,1.5089820359281436,0.2155688622754491,0.5389221556886228,2.0479041916167664,10.67065868263473,6.4670658682634725,1.7245508982035929,1.0778443113772456,0.10778443113772455,2.0479041916167664,1.7245508982035929,0.4311377245508982,0.0,0.0,34.852380952380955,56.52173913043478,60.60606060606061,62.5,7.366586826347306
usa,MLS,2025 / 2026,Morris Duggan,25.0,D,Germany,193.0,93.0,39,31,2922.0,1.0,2.0,0.0,0.0,0,0,6,0.0,0,0.09240246406570843,0.5236139630390144,0.27720739219712526,0.030800821355236138,0.061601642710472276,0.09240246406570843,0.030800821355236138,38.47022587268994,0.21560574948665295,1.0164271047227926,0.5852156057494867,0.9856262833675564,2.002053388090349,7.361396303901437,3.665297741273101,0.3696098562628337,0.21560574948665295,0.4928131416837782,0.1540041067761807,0.8008213552361397,0.18480492813141686,0.0,0.0,37.66212970376301,52.94117647058824,49.7907949790795,58.333333333333336,6.825667351129363
usa,MLS,2026,Morrison Agyemang,21.0,D,Ghana,,,14,13,1232.0,2.0,0.0,1.0,1.0,0,0,2,0.0,0,0.0,0.6574675324675324,0.21915584415584416,0.14610389610389612,0.0,0.14610389610389612,0.14610389610389612,56.46915584415584,0.07305194805194806,1.0227272727272727,0.7305194805194805,1.607142857142857,2.6298701298701297,6.866883116883117,4.163961038961039,0.14610389610389612,0.07305194805194806,0.29220779220779225,0.6574675324675324,1.0957792207792207,0.14610389610389612,0.0,0.0,54.25743855109961,33.33333333333333,60.63829787234043,50.0,7.009172077922077
usa,MLS,2025 / 2026,Mykhi Joyner,19.0,M,USA,,,16,1,403.0,1.0,0.0,0.0,1.0,0,0,2,0.0,0,0.4466501240694789,2.6799007444168734,1.3399503722084367,0.22332506203473945,0.0,0.22332506203473945,0.22332506203473945,20.09925558312655,1.5632754342431763,3.5732009925558312,0.22332506203473945,0.6699751861042184,4.2431761786600495,15.409429280397022,7.593052109181142,2.903225806451613,0.8933002481389578,0.6699751861042184,2.2332506203473947,1.3399503722084367,0.4466501240694789,0.0,0.0,10.177777777777777,50.0,49.275362318840585,30.76923076923077,6.666666666666667
usa,MLS,2025 / 2026,Myrto Uzuni,30.0,F,Albania,178.0,72.0,42,38,3391.0,11.0,3.0,0.0,0.0,1,1,4,0.0,0,0.2123267472721911,1.9374815688587437,1.0350928929519316,0.29194927749926275,0.07962253022707166,0.3715718077263344,0.26540843409023884,16.85343556473017,0.716602772043645,0.716602772043645,0.10616337363609556,0.29194927749926275,1.0085520495429077,7.696844588616927,2.9991153052196995,1.5659097611324093,0.716602772043645,0.31849012090828666,0.9289295193158361,0.7962253022707166,0.10616337363609556,0.0,0.0,15.162204724409449,53.42465753424658,38.96551724137931,45.76271186440678,6.929932173400178
usa,MLS,2025 / 2026,Máximo Carrizo,17.0,M,USA,160.0,,8,0,116.0,0.0,0.0,0.0,0.0,0,0,0,0.0,0,0.7758620689655172,0.0,0.0,0.0,0.0,0.0,0.0,52.75862068965517,3.103448275862069,1.5517241379310345,0.0,0.7758620689655172,2.3275862068965516,13.189655172413792,4.655172413793103,2.3275862068965516,0.0,2.3275862068965516,0.7758620689655172,2.3275862068965516,0.0,0.0,0.0,11.617647058823529,,35.294117647058826,0.0,6.671428571428572
usa,MLS,2026,Nariman Akhundzade,21.0,F,Azerbaijan,,,6,0,73.0,0.0,0.0,0.0,0.0,0,0,0,0.0,0,1.2328767123287672,0.0,0.0,0.0,0.0,0.0,0.0,28.35616438356164,1.2328767123287672,0.0,0.0,1.2328767123287672,1.2328767123287672,7.397260273972602,1.2328767123287672,4.931506849315069,1.2328767123287672,0.0,0.0,1.2328767123287672,0.0,0.0,0.0,5.695652173913044,,16.666666666666664,25.0,6.33972602739726
usa,MLS,2026,Nate Crockford,23.0,G,USA,193.0,86.0,0,0,0.0,0.0,0.0,0.0,0.0,0,0,0,0.0,0,,,,,,,,,,,,,,,,,,,,,,,,,,,,
usa,MLS,2025 / 2026,Nathan Byrne,33.0,D,England,180.0,84.0,34,34,3061.0,0.0,0.0,0.0,0.0,0,0,6,0.0,0,0.0,0.05880431231623652,0.0,0.0,0.0,0.0,0.0,45.249918327344,0.29402156158118264,1.1466840901666122,0.29402156158118264,0.5292388108461288,1.675922901012741,5.6452139823587055,3.116628552760536,0.7938582162691932,0.3528258738974191,0.5880431231623653,1.0290754655341392,0.4410323423717739,0.17641293694870955,0.0,0.0,41.03443794671865,0.0,55.208333333333336,44.44444444444444,6.77703364913427
usa,MLS,2025 / 2026,Nathan Harriel,24.0,D,USA,178.0,68.0,43,41,3723.0,3.0,1.0,0.0,0.0,0,0,9,0.0,0,0.0,0.5560032232070911,0.19339242546333602,0.072522159548751,0.024174053182917002,0.09669621273166801,0.072522159548751,35.922643029814665,0.4834810636583401,1.9822723609991941,0.290088638195004,2.6591458501208702,4.641418211120064,11.579371474617243,7.373086220789686,0.628525382755842,0.362610797743755,0.701047542304593,1.7405318291700242,1.2328767123287672,0.21756647864625303,0.0,0.0,30.987886944818303,34.78260869565217,63.67432150313152,57.692307692307686,7.0678753693258125
usa,MLS,2025 / 2026,Nathan Ordaz,21.0,F,El Salvador,180.0,75.0,38,23,1957.0,8.0,3.0,0.0,0.0,0,0,1,0.0,0,0.5518650996423097,1.5176290240163517,0.8737864077669902,0.36791006642820645,0.13796627491057742,0.5058763413387838,0.36791006642820645,23.04036791006643,1.2876852324987225,0.41389882473173223,0.045988758303525806,0.5058763413387838,0.9197751660705161,6.3004598875830355,2.29943791517629,1.4256515074093,0.5978538579458355,0.5978538579458355,1.0117526826775676,1.1037301992846194,0.045988758303525806,0.0,0.0,14.554890219560878,57.57575757575758,36.496350364963504,41.935483870967744,6.8284619315278485
usa,MLS,2025,Nathan-Dylan Saliba,21.0,M,Canada,178.0,71.0,16,15,1265.0,1.0,0.0,0.0,0.0,0,0,5,0.0,0,0.0,1.067193675889328,0.3557312252964427,0.07114624505928854,0.0,0.07114624505928854,0.07114624505928854,44.75098814229249,0.5691699604743083,2.561264822134387,0.2845849802371542,0.8537549407114625,3.41501976284585,10.387351778656127,5.122529644268774,1.3517786561264822,0.5691699604743083,0.9960474308300395,0.9960474308300395,1.2806324110671936,0.3557312252964427,0.0,0.0,35.82511923688394,33.33333333333333,49.31506849315068,42.10526315789473,6.867272727272727
usa,MLS,2025,Nathaniel Edwards,23.0,M,Canada,173.0,75.0,0,0,0.0,0.0,0.0,0.0,0.0,0,0,0,0.0,0,,,,,,,,,,,,,,,,,,,,,,,,,,,,
usa,MLS,2025 / 2026,Nectarios Triantis,22.0,M,Australia,191.0,,24,22,1887.0,4.0,3.0,0.0,1.0,0,0,4,0.0,0,0.0,1.1446740858505564,0.5246422893481717,0.1907790143084261,0.14308426073131955,0.3338632750397456,0.1907790143084261,40.492845786963436,0.8108108108108109,1.9077901430842608,0.3338632750397456,0.8108108108108109,2.7186009538950717,9.538950715421304,4.721780604133546,2.1462639109697936,1.3354531001589824,0.6677265500794912,1.0015898251192368,1.7170111287758345,0.1907790143084261,0.0,0.0,34.53945818610129,45.83333333333333,49.5,62.22222222222222,7.051510333863275
usa,MLS,2025 / 2026,Nehuen Benedetti,20.0,M,Argentina,177.0,77.0,5,0,86.0,0.0,0.0,0.0,0.0,0,0,1,0.0,0,0.0,1.0465116279069768,0.0,0.0,0.0,0.0,0.0,62.79069767441861,4.186046511627907,4.186046511627907,1.0465116279069768,1.0465116279069768,5.232558139534883,11.511627906976745,7.325581395348838,1.0465116279069768,1.0465116279069768,0.0,1.0465116279069768,3.13953488372093,1.0465116279069768,0.0,0.0,9.3,0.0,63.63636363636363,100.0,6.6395348837209305
usa,MLS,2025,Neil Pierre,18.0,D,USA,196.0,80.0,1,0,20.0,0.0,0.0,0.0,0.0,0,0,0,0.0,0,0.0,0.0,0.0,0.0,0.0,0.0,0.0,36.0,0.0,4.5,0.0,4.5,9.0,13.5,9.0,0.0,0.0,0.0,0.0,0.0,0.0,0.0,0.0,8.0,,66.66666666666666,,6.2
usa,MLS,2025,Nelson Palacio,24.0,M,Colombia,180.0,79.0,10,6,596.0,0.0,0.0,0.0,1.0,0,0,1,0.0,0,0.0,0.7550335570469798,0.30201342281879195,0.0,0.0,0.0,0.0,53.90939597315437,0.6040268456375839,2.2651006711409396,0.4530201342281879,1.3590604026845639,3.624161073825503,9.36241610738255,4.530201342281879,0.9060402684563758,0.4530201342281879,1.3590604026845639,0.7550335570469798,1.661073825503356,0.15100671140939598,0.0,0.0,43.72268907563025,40.0,48.38709677419355,50.0,6.809060402684564
usa,MLS,2025,Nelson Pierre,20.0,F,USA,185.0,82.0,3,0,39.0,1.0,0.0,0.0,0.0,0,0,0,0.0,0,0.0,2.3076923076923075,2.3076923076923075,2.3076923076923075,0.0,2.3076923076923075,2.3076923076923075,16.153846153846153,0.0,4.615384615384615,0.0,0.0,4.615384615384615,11.538461538461537,6.923076923076923,0.0,0.0,0.0,2.3076923076923075,0.0,0.0,0.0,0.0,2.7142857142857144,100.0,60.0,,6.874358974358975
usa,MLS,2025,Nelson Quiñones,23.0,F,Colombia,175.0,67.0,1,0,10.0,0.0,0.0,0.0,0.0,0,0,0,0.0,0,0.0,0.0,0.0,0.0,0.0,0.0,0.0,18.0,9.0,0.0,0.0,0.0,0.0,0.0,0.0,0.0,0.0,0.0,0.0,0.0,0.0,0.0,0.0,1.0,,,,6.6
usa,MLS,2025,Nemanja Radoja,32.0,M,Serbia,186.0,77.0,20,13,1105.0,0.0,0.0,0.0,0.0,0,0,3,0.0,0,0.0,0.3257918552036199,0.08144796380090498,0.0,0.0,0.0,0.0,57.50226244343891,0.16289592760180996,2.6063348416289593,0.3257918552036199,0.9773755656108597,3.5837104072398187,10.995475113122172,6.027149321266968,0.9773755656108597,0.48868778280542985,0.7330316742081449,1.7104072398190044,1.8733031674208145,0.24434389140271492,0.0,0.0,40.79178470254958,25.0,54.81481481481482,50.0,6.88034420289855
usa,MLS,2025 / 2026,Nicholas Defreitas-Hansen,24.0,G,Denmark,189.0,77.0,16,16,1449.0,0.0,0.0,0.0,0.0,0,0,0,0.0,0,0.0,0.0,0.0,0.0,0.0,0.0,0.0,30.74534161490683,0.0,0.0,0.0,0.0,0.0,0.8695652173913043,0.8074534161490683,0.062111801242236024,0.062111801242236024,0.062111801242236024,0.4968944099378882,0.0,0.0,0.0,0.0,21.41010101010101,,92.85714285714286,100.0,7.1298136645962735
usa,MLS,2025 / 2026,Nicholas Hagen,29.0,G,Guatemala,193.0,80.0,3,3,270.0,0.0,0.0,0.0,0.0,0,0,0,0.0,0,0.0,0.0,0.0,0.0,0.0,0.0,0.0,18.333333333333332,0.0,0.0,0.0,0.0,0.0,0.0,0.0,0.0,0.0,0.0,0.0,0.0,0.0,0.0,0.0,17.21818181818182,,,,6.666666666666667
usa,MLS,2025,Nicholas Scardina,24.0,D,USA,180.0,74.0,15,8,819.0,0.0,1.0,0.0,0.0,0,0,1,0.0,0,0.10989010989010989,0.10989010989010989,0.0,0.0,0.10989010989010989,0.10989010989010989,0.0,43.40659340659341,0.21978021978021978,1.208791208791209,0.7692307692307693,0.5494505494505495,1.7582417582417582,7.582417582417583,3.4065934065934065,1.5384615384615385,0.6593406593406593,1.3186813186813187,0.7692307692307693,0.32967032967032966,0.10989010989010989,0.0,0.0,33.10379746835443,0.0,44.927536231884055,42.857142857142854,6.575213675213675
usa,MLS,2026,Nicholas Simmonds,19.0,F,Jamaica,,,4,1,119.0,0.0,0.0,0.0,0.0,0,0,1,0.0,0,0.7563025210084033,1.5126050420168067,1.5126050420168067,0.0,0.0,0.0,0.0,18.15126050420168,0.7563025210084033,0.0,0.0,0.0,0.0,8.319327731092438,3.0252100840336134,0.0,0.0,0.0,0.7563025210084033,1.5126050420168067,0.7563025210084033,0.0,0.0,8.173913043478262,100.0,36.36363636363637,,6.2596638655462185
usa,MLS,2025 / 2026,Nick Fernandez,24.0,M,USA,180.0,68.0,13,5,462.0,1.0,2.0,0.0,0.0,0,0,0,0.0,0,0.0,1.168831168831169,0.5844155844155845,0.19480519480519481,0.38961038961038963,0.5844155844155845,0.19480519480519481,34.870129870129865,1.948051948051948,1.948051948051948,0.0,0.974025974025974,2.922077922077922,9.935064935064934,3.896103896103896,0.5844155844155845,0.0,1.5584415584415585,1.7532467532467533,1.168831168831169,0.0,0.0,0.0,13.893854748603353,50.0,39.21568627450981,0.0,6.795444685466378
usa,MLS,2025 / 2026,Nick Hagglund,33.0,D,USA,186.0,87.0,33,28,2322.0,2.0,0.0,0.0,2.0,0,0,5,0.0,0,0.07751937984496124,0.6201550387596899,0.1937984496124031,0.07751937984496124,0.0,0.07751937984496124,0.07751937984496124,51.04651162790698,0.1937984496124031,0.7364341085271318,1.2790697674418605,0.6589147286821706,1.3953488372093024,7.325581395348838,4.224806201550388,0.15503875968992248,0.0,0.31007751937984496,0.46511627906976744,1.0465116279069768,0.1937984496124031,0.0,0.0,42.41033434650456,31.25,57.67195767195767,0.0,7.018440327445067
usa,MLS,2025,Nick Lima,31.0,D,USA,176.0,80.0,11,4,453.0,0.0,0.0,0.0,0.0,0,0,1,0.0,0,0.0,0.3973509933774834,0.0,0.0,0.0,0.0,0.0,39.93377483443709,1.7880794701986755,1.5894039735099337,0.3973509933774834,0.9933774834437087,2.5827814569536423,12.119205298013245,5.960264900662252,2.185430463576159,0.9933774834437087,1.1920529801324504,1.390728476821192,2.384105960264901,0.1986754966887417,0.0,0.0,28.16915422885572,0.0,49.18032786885246,45.45454545454545,6.797130242825607
usa,MLS,2026,Nick Markanich,26.0,F,USA,185.0,72.0,6,1,111.0,0.0,0.0,0.0,0.0,0,0,0,0.0,1,1.6216216216216217,0.8108108108108109,0.0,0.0,0.0,0.0,0.0,17.027027027027028,0.8108108108108109,0.0,0.0,0.0,0.0,4.864864864864865,1.6216216216216217,0.0,0.0,0.8108108108108109,0.8108108108108109,1.6216216216216217,0.0,0.0,0.8108108108108109,9.105263157894736,0.0,33.33333333333333,,6.3163636363636355
usa,MLS,2025,Nick Pariano,22.0,M,USA,170.0,,0,0,0.0,0.0,0.0,0.0,0.0,0,0,0,0.0,0,,,,,,,,,,,,,,,,,,,,,,,,,,,,
usa,MLS,2025,Nick Sullivan,23.0,F,USA,,,1,0,10.0,0.0,0.0,0.0,0.0,0,0,0,0.0,0,0.0,9.0,9.0,0.0,0.0,0.0,0.0,9.0,0.0,0.0,0.0,0.0,0.0,27.0,9.0,0.0,0.0,0.0,0.0,0.0,0.0,0.0,0.0,,100.0,33.33333333333333,,6.3
usa,MLS,2025 / 2026,Nickseon Gomis,23.0,D,France,185.0,80.0,8,7,559.0,0.0,0.0,0.0,0.0,0,0,0,0.0,0,0.0,0.16100178890876565,0.0,0.0,0.0,0.0,0.0,43.30948121645796,0.0,2.2540250447227193,0.3220035778175313,0.8050089445438282,3.0590339892665472,6.601073345259391,3.5420393559928445,0.4830053667262969,0.0,0.4830053667262969,0.4830053667262969,0.6440071556350626,0.0,0.0,0.0,30.736059479553905,0.0,53.65853658536586,0.0,6.710375670840787
usa,MLS,2025 / 2026,Nico Cavallo,24.0,D,USA,185.0,82.0,21,7,768.0,0.0,0.0,0.0,1.0,0,0,2,0.0,0,0.0,0.1171875,0.0,0.0,0.0,0.0,0.0,41.3671875,0.46875,3.046875,0.1171875,1.40625,4.453125,8.3203125,4.453125,0.8203125,0.3515625,1.40625,0.234375,0.703125,0.234375,0.0,0.0,25.696022727272727,0.0,53.52112676056338,42.857142857142854,6.700522875816993
usa,MLS,2025,Nico Van Rijn,24.0,D,Spain,192.0,78.0,0,0,0.0,0.0,0.0,0.0,0.0,0,0,0,0.0,0,,,,,,,,,,,,,,,,,,,,,,,,,,,,
usa,MLS,2025 / 2026,Nicolas Dubersarsky,21.0,M,Argentina,188.0,,33,14,1405.0,0.0,1.0,0.0,3.0,0,0,4,0.0,0,0.0,0.12811387900355872,0.0,0.0,0.06405693950177936,0.06405693950177936,0.0,45.60854092526691,0.4483985765124555,2.434163701067616,0.4483985765124555,0.896797153024911,3.3309608540925266,8.327402135231317,4.099644128113879,0.7686832740213524,0.32028469750889677,0.8327402135231317,0.9608540925266904,1.9217081850533808,0.25622775800711745,0.0,0.0,35.35814606741573,0.0,49.23076923076923,41.66666666666667,6.54256227758007
usa,MLS,2025,Nicolas Fleuriau Chateau,23.0,F,Canada,178.0,,2,0,18.0,0.0,0.0,0.0,0.0,0,0,0,0.0,0,0.0,10.0,5.0,0.0,0.0,0.0,0.0,10.0,0.0,5.0,0.0,0.0,5.0,30.0,15.0,5.0,5.0,5.0,5.0,5.0,0.0,0.0,0.0,1.0,50.0,50.0,100.0,6.733333333333333
usa,MLS,2025 / 2026,Nicolás Fernández,25.0,F,Argentina,172.0,71.0,31,30,2672.0,15.0,5.0,2.0,0.0,2,0,8,0.0,0,0.33682634730538924,1.785179640718563,1.279940119760479,0.5052395209580839,0.16841317365269462,0.6736526946107785,0.437874251497006,34.3562874251497,1.5830838323353293,1.8862275449101795,0.033682634730538924,0.40419161676646703,2.2904191616766467,13.270958083832337,6.6017964071856285,2.694610778443114,1.5830838323353293,0.7410179640718564,2.930389221556886,2.2904191616766467,0.2694610778443114,0.0,0.0,29.41372549019608,71.69811320754717,49.746192893401016,58.75,7.653555389221558
usa,MLS,2025,Nicolás Lodeiro,36.0,M,Uruguay,174.0,71.0,16,6,611.0,1.0,1.0,0.0,0.0,0,0,0,0.0,0,0.0,0.7364975450081833,0.2945990180032733,0.14729950900163666,0.14729950900163666,0.2945990180032733,0.14729950900163666,56.121112929623564,1.9148936170212765,1.4729950900163666,0.14729950900163666,0.2945990180032733,1.76759410801964,12.81505728314239,6.186579378068739,1.4729950900163666,0.7364975450081833,1.6202945990180033,3.0932896890343695,1.9148936170212765,0.0,0.0,0.0,25.034120734908136,40.0,48.275862068965516,50.0,6.9295081967213115
usa,MLS,2025,Nicolás Rodríguez,21.0,F,Colombia,,,12,2,255.0,1.0,0.0,0.0,0.0,0,0,1,0.0,0,0.0,1.4117647058823528,1.0588235294117647,0.3529411764705882,0.0,0.3529411764705882,0.3529411764705882,27.176470588235293,1.4117647058823528,1.0588235294117647,0.0,0.3529411764705882,1.4117647058823528,9.529411764705882,5.294117647058823,1.7647058823529411,0.7058823529411764,0.7058823529411764,2.1176470588235294,1.4117647058823528,0.3529411764705882,0.0,0.0,8.428571428571429,75.0,55.55555555555556,40.0,6.807874015748031
usa,MLS,2025 / 2026,Nicolás Romero,22.0,D,Argentina,186.0,80.0,38,35,2924.0,0.0,5.0,0.0,1.0,0,0,13,0.0,0,0.09233926128590972,0.646374829001368,0.09233926128590972,0.0,0.1538987688098495,0.1538987688098495,0.0,35.91997264021888,0.43091655266757867,1.1696306429548564,0.8310533515731874,1.231190150478796,2.4008207934336525,7.725718194254446,4.370725034199726,0.49247606019151846,0.3385772913816689,0.7079343365253078,0.954172366621067,1.0772913816689467,0.40013679890560877,0.0,0.0,29.122536418166238,14.285714285714285,56.573705179282875,68.75,6.96125170998632
usa,MLS,2025 / 2026,Niko Tsakiris,20.0,M,USA,178.0,70.0,22,14,1301.0,3.0,5.0,1.0,0.0,1,0,2,0.0,0,0.0,0.9684857801691007,0.48424289008455035,0.207532667179093,0.34588777863182163,0.5534204458109147,0.13835511145272866,47.248270561106835,2.905457340507302,1.867794004611837,0.0,0.207532667179093,2.07532667179093,9.200614911606456,4.289008455034589,2.2136817832436586,0.7609531129900077,0.6917755572636433,1.3143735588009224,0.9684857801691007,0.13835511145272866,0.0,0.0,39.55344070278184,50.0,46.616541353383454,34.375,7.227076923076924
usa,MLS,2025 / 2026,Nikola Djordjevic,23.0,D,USA,175.0,79.0,2,0,22.0,0.0,0.0,0.0,0.0,0,0,0,0.0,0,0.0,0.0,0.0,0.0,0.0,0.0,0.0,32.72727272727273,0.0,4.090909090909091,0.0,0.0,4.090909090909091,16.363636363636363,4.090909090909091,0.0,0.0,4.090909090909091,0.0,8.181818181818182,0.0,0.0,0.0,3.625,,25.0,,6.790909090909091
usa,MLS,2026,Nikola Markovic,21.0,D,Canada,,,11,2,341.0,0.0,1.0,0.0,1.0,0,0,0,0.0,0,0.0,0.5278592375366569,0.0,0.0,0.26392961876832843,0.26392961876832843,0.0,29.032258064516128,0.5278592375366569,2.375366568914956,0.7917888563049854,1.847507331378299,4.222873900293255,16.89149560117302,9.501466275659824,1.5835777126099708,0.7917888563049854,0.0,2.1114369501466275,3.1671554252199416,0.0,0.0,0.0,10.50909090909091,0.0,56.25,50.0,6.71858407079646
usa,MLS,2025 / 2026,Nikola Petković,22.0,M,Serbia,181.0,,8,3,263.0,0.0,1.0,0.0,0.0,0,0,2,0.0,0,0.34220532319391633,1.7110266159695817,1.0266159695817492,0.0,0.34220532319391633,0.34220532319391633,0.0,48.250950570342205,1.3688212927756653,1.0266159695817492,1.0266159695817492,0.0,1.0266159695817492,5.817490494296578,1.7110266159695817,1.0266159695817492,0.0,0.0,0.34220532319391633,1.3688212927756653,0.6844106463878327,0.0,0.0,33.290780141843975,60.0,29.411764705882355,0.0,6.852091254752851
usa,MLS,2025 / 2026,Nkosi Tafari,28.0,D,USA,193.0,87.0,43,35,3233.0,0.0,1.0,0.0,0.0,0,0,6,0.0,0,0.11135168574079803,0.36189297865759357,0.027837921435199506,0.0,0.027837921435199506,0.027837921435199506,0.0,56.56665635632539,0.16702752861119702,1.1413547788431797,0.9186514073615837,0.8351376430559851,1.9764924218991649,5.456232601299103,2.8673059078255494,0.22270337148159605,0.16702752861119702,0.2783792143519951,0.33405505722239404,0.8072997216207857,0.16702752861119702,0.0,0.0,56.967011324470704,7.6923076923076925,52.55102040816326,75.0,7.003712871287129
usa,MLS,2025,Noah Adnan,23.0,D,USA,,,0,0,0.0,0.0,0.0,0.0,0.0,0,0,0,0.0,0,,,,,,,,,,,,,,,,,,,,,,,,,,,,
usa,MLS,2025 / 2026,Noah Allen,21.0,D,USA,175.0,66.0,44,36,3130.0,0.0,2.0,0.0,0.0,0,0,7,0.0,0,0.028753993610223644,0.11501597444089458,0.05750798722044729,0.0,0.05750798722044729,0.05750798722044729,0.0,59.319488817891376,0.25878594249201275,2.2140575079872202,0.3450479233226837,0.8913738019169329,3.1054313099041533,7.1309904153354635,3.853035143769968,0.5750798722044728,0.2012779552715655,0.7188498402555911,0.6038338658146964,1.0063897763578273,0.2012779552715655,0.0,0.0,54.01357246728066,50.0,54.03225806451613,35.0,6.860274848194311
usa,MLS,2025 / 2026,Noah Cobb,20.0,D,USA,185.0,75.0,24,9,1123.0,0.0,0.0,0.0,0.0,0,0,2,0.0,0,0.0,0.2404274265360641,0.08014247551202137,0.0,0.0,0.0,0.0,60.42742653606412,0.16028495102404275,1.682991985752449,0.8014247551202137,1.0418521816562778,2.7248441674087265,7.533392698130009,3.8468388245770258,0.08014247551202137,0.08014247551202137,0.5609973285841496,0.641139804096171,1.2021371326803205,0.16028495102404275,0.0,0.0,45.771883289124666,33.33333333333333,51.06382978723404,100.0,6.703033006244424
usa,MLS,2025,Noah Eile,23.0,D,Sweden,,,30,29,2636.0,1.0,0.0,0.0,0.0,0,0,8,0.0,0,0.0,0.6145675265553869,0.20485584218512898,0.03414264036418817,0.0,0.03414264036418817,0.03414264036418817,65.86115326251897,0.20485584218512898,1.468133535660091,0.5804248861911988,1.1949924127465856,2.6631259484066767,6.930955993930197,3.8239757207890746,0.4779969650986343,0.23899848254931716,0.13657056145675267,0.3755690440060698,1.0925644916540214,0.27314112291350534,0.0,0.0,63.17833074131674,33.33333333333333,55.172413793103445,50.0,7.068740515933232
usa,MLS,2026,Noah Santos,18.0,F,USA,,,0,0,0.0,0.0,0.0,0.0,0.0,0,0,0,0.0,0,,,,,,,,,,,,,,,,,,,,,,,,,,,,
usa,MLS,2026,Noah Streit,18.0,M,Switzerland,179.0,69.0,12,5,513.0,0.0,0.0,0.0,0.0,0,0,0,0.0,0,0.3508771929824561,0.8771929824561403,0.5263157894736842,0.0,0.0,0.0,0.0,26.31578947368421,1.7543859649122806,0.8771929824561403,0.0,0.8771929824561403,1.7543859649122806,12.631578947368421,4.912280701754385,5.263157894736842,2.1052631578947367,0.8771929824561403,0.5263157894736842,1.5789473684210527,0.0,0.0,0.0,11.793333333333333,60.0,38.88888888888889,40.0,6.565302144249513
usa,MLS,2025 / 2026,Noel Buck,20.0,M,USA,180.0,72.0,12,1,230.0,0.0,1.0,0.0,0.0,0,0,0,0.0,0,0.0,0.0,0.0,0.0,0.391304347826087,0.391304347826087,0.0,38.34782608695652,0.782608695652174,1.9565217391304348,0.391304347826087,0.391304347826087,2.3478260869565215,7.043478260869565,2.3478260869565215,0.782608695652174,0.0,1.9565217391304348,0.0,0.782608695652174,0.0,0.0,0.0,9.316326530612244,,33.33333333333333,0.0,6.458951965065502
usa,MLS,2025 / 2026,Noel Caliskan,25.0,D,Germany,180.0,66.0,40,36,3236.0,1.0,3.0,0.0,0.0,0,0,8,0.0,0,0.055624227441285534,0.38936959208899874,0.13906056860321384,0.027812113720642767,0.08343634116192832,0.11124845488257107,0.027812113720642767,51.95302843016069,0.8343634116192831,2.058096415327565,0.5562422744128553,1.2237330037082819,3.281829419035847,6.341161928306551,3.838071693448702,0.4449938195302843,0.25030902348578493,0.6118665018541409,1.1124845488257107,0.9456118665018542,0.22249690976514214,0.0,0.0,47.019807280513916,35.714285714285715,60.526315789473685,56.25,7.072302936630603
usa,MLS,2026,Nolan Miller,21.0,D,,,,5,4,334.0,0.0,0.0,0.0,1.0,0,0,2,0.0,0,0.0,0.2694610778443114,0.0,0.0,0.0,0.0,0.0,45.808383233532936,0.0,0.8083832335329341,0.5389221556886228,0.5389221556886228,1.347305389221557,4.311377245508982,2.9640718562874255,0.0,0.0,0.5389221556886228,0.2694610778443114,0.2694610778443114,0.5389221556886228,0.0,0.0,31.86470588235294,0.0,68.75,,5.884730538922156
usa,MLS,2025 / 2026,Nolan Norris,20.0,D,USA,180.0,68.0,26,19,1631.0,1.0,1.0,0.0,0.0,0,0,7,0.0,0,0.0551808706315144,0.27590435315757206,0.16554261189454322,0.0551808706315144,0.0551808706315144,0.1103617412630288,0.0551808706315144,43.15144083384426,0.33108522378908645,1.986511342734519,0.6069895769466584,1.5450643776824033,3.531575720416922,9.822194972409564,5.4629061925199265,0.38626609442060084,0.2207234825260576,0.8828939301042305,0.9932556713672595,1.986511342734519,0.38626609442060084,0.0,0.0,32.72506393861892,60.0,55.61797752808989,57.14285714285714,6.839656230816451
usa,MLS,2026,Nonso Adimabua,25.0,F,,,,2,1,46.0,0.0,1.0,0.0,0.0,0,0,0,0.0,0,0.0,0.0,0.0,0.0,1.9565217391304348,1.9565217391304348,0.0,23.478260869565215,3.9130434782608696,0.0,0.0,0.0,0.0,19.565217391304348,5.869565217391304,3.9130434782608696,1.9565217391304348,0.0,0.0,5.869565217391304,0.0,0.0,0.0,5.583333333333333,,30.0,50.0,6.2
usa,MLS,2025 / 2026,Nouhou Tolo,28.0,D,Cameroon,178.0,79.0,44,42,3732.0,1.0,3.0,0.0,0.0,0,0,6,0.0,2,0.12057877813504823,0.3858520900321543,0.14469453376205788,0.024115755627009645,0.07234726688102894,0.09646302250803858,0.024115755627009645,53.72990353697749,0.6511254019292604,1.3987138263665595,0.45819935691318325,1.085209003215434,2.4839228295819935,7.644694533762057,4.340836012861736,1.0610932475884245,0.5546623794212219,0.48231511254019294,1.5434083601286173,0.819935691318328,0.14469453376205788,0.0,0.04823151125401929,51.22980251346499,37.5,56.782334384858046,52.27272727272727,6.989174705251875
usa,MLS,2025 / 2026,Novak Mićović,24.0,G,Serbia,190.0,77.0,25,25,2250.0,0.0,0.0,0.0,0.0,0,0,0,0.0,0,0.0,0.0,0.0,0.0,0.0,0.0,0.0,26.4,0.0,0.0,0.0,0.0,0.0,0.48,0.4,0.0,0.0,0.0,0.12,0.0,0.0,0.0,0.0,20.956060606060607,,83.33333333333334,,6.808
usa,MLS,2025,Nykolas Sessock,25.0,D,USA,165.0,64.0,2,0,3.0,0.0,0.0,0.0,0.0,0,0,0,0.0,0,30.0,0.0,0.0,0.0,0.0,0.0,0.0,60.0,0.0,0.0,0.0,0.0,0.0,0.0,0.0,0.0,0.0,0.0,0.0,0.0,0.0,0.0,0.0,2.0,,,,
usa,MLS,2025,Obafemi Awodesu,24.0,D,USA,190.0,78.0,24,17,1572.0,1.0,0.0,0.0,1.0,0,0,3,0.0,1,0.05725190839694657,0.11450381679389314,0.05725190839694657,0.05725190839694657,0.0,0.05725190839694657,0.05725190839694657,53.93129770992367,0.11450381679389314,0.9732824427480915,0.45801526717557256,0.9160305343511451,1.8893129770992367,5.782442748091603,3.721374045801527,0.22900763358778628,0.22900763358778628,0.11450381679389314,0.8015267175572519,1.202290076335878,0.17175572519083968,0.0,0.05725190839694657,50.68683651804671,50.0,64.35643564356435,100.0,6.874347549331636
usa,MLS,2025,Obed Vargas,20.0,M,USA,175.0,68.0,29,29,2546.0,5.0,1.0,0.0,0.0,0,0,5,0.0,0,0.03534956794972506,0.8130400628436764,0.42419481539670073,0.1767478397486253,0.03534956794972506,0.21209740769835037,0.1767478397486253,53.44854673998429,0.9544383346425765,1.838177533385703,0.31814611154752553,1.237234878240377,3.07541241162608,8.201099764336215,5.054988216810684,1.4493322859387272,0.8483896307934015,0.7423409269442263,2.014925373134328,1.0251374705420269,0.1767478397486253,0.0,0.0,47.28439153439153,52.17391304347826,61.63793103448276,58.536585365853654,7.2518853102906515
usa,MLS,2025 / 2026,Obinna Nwobodo,29.0,M,Nigeria,180.0,65.0,28,15,1326.0,0.0,0.0,0.0,0.0,0,0,8,0.0,0,0.06787330316742082,0.2714932126696833,0.06787330316742082,0.0,0.0,0.0,0.0,46.35746606334841,0.40723981900452494,3.733031674208145,0.3393665158371041,1.900452488687783,5.633484162895927,10.316742081447963,5.5656108597285066,0.9502262443438915,0.5429864253393666,1.5610859728506787,0.6787330316742082,2.1040723981900453,0.5429864253393666,0.0,0.0,31.092240117130306,25.0,53.94736842105263,57.14285714285714,6.771622641509434
usa,MLS,2025,Odin Thiago Holm,22.0,M,Norway,180.0,70.0,3,1,105.0,0.0,0.0,0.0,0.0,0,0,0,0.0,0,0.0,0.0,0.0,0.0,0.0,0.0,0.0,24.0,1.7142857142857144,5.142857142857142,0.8571428571428572,1.7142857142857144,6.857142857142858,7.714285714285714,6.0,0.0,0.0,0.0,0.8571428571428572,0.8571428571428572,0.0,0.0,0.0,10.88888888888889,,77.77777777777779,,7.275238095238095
usa,MLS,2025,Ola Brynhildsen,26.0,F,Norway,175.0,70.0,21,18,1353.0,2.0,1.0,0.0,0.0,0,0,0,0.0,0,0.2660753880266075,1.5299334811529932,0.532150776053215,0.13303769401330376,0.06651884700665188,0.19955654101995565,0.13303769401330376,11.906873614190687,0.3991130820399113,0.9312638580931264,0.06651884700665188,0.13303769401330376,1.06430155210643,10.842572062084257,4.323725055432373,2.328159645232816,0.7982261640798226,0.19955654101995565,1.7960088691796008,1.6629711751662972,0.0,0.0,0.0,8.050279329608939,34.78260869565217,39.87730061349693,34.285714285714285,6.685365853658536
usa,MLS,2025 / 2026,Oleksandr Svatok,31.0,D,Ukraine,186.0,78.0,45,41,3764.0,1.0,0.0,0.0,1.0,0,0,7,0.0,0,0.023910733262486716,0.21519659936238048,0.07173219978746015,0.023910733262486716,0.0,0.023910733262486716,0.023910733262486716,47.701912858661004,0.2630180658873539,1.0281615302869287,0.6455897980871413,1.3150903294367693,2.343251859723698,5.0929861849096705,2.5584484590860783,0.09564293304994687,0.023910733262486716,0.2630180658873539,0.35866099893730075,0.9564293304994687,0.16737513283740701,0.0,0.0,45.36240601503759,33.33333333333333,50.23474178403756,25.0,6.776514346439958
usa,MLS,2025 / 2026,Olger Escobar,19.0,F,Guatemala,173.0,68.0,26,8,789.0,1.0,1.0,0.0,0.0,0,0,3,0.0,0,0.0,1.1406844106463878,0.5703422053231939,0.11406844106463877,0.11406844106463877,0.22813688212927755,0.11406844106463877,22.699619771863116,1.2547528517110267,1.3688212927756653,0.11406844106463877,0.6844106463878327,2.0532319391634983,9.125475285171103,3.9923954372623576,1.8250950570342204,0.6844106463878327,0.34220532319391633,1.4828897338403042,1.7110266159695817,0.34220532319391633,0.0,0.0,8.267676767676768,50.0,43.75,37.5,6.620460358056266
usa,MLS,2025 / 2026,Oliver Larraz,24.0,M,USA,178.0,63.0,42,28,2452.0,0.0,3.0,0.0,0.0,0,0,6,0.0,0,0.0734094616639478,0.40375203915171287,0.11011419249592169,0.0,0.11011419249592169,0.11011419249592169,0.0,42.79771615008157,1.1745513866231647,2.202283849918434,0.40375203915171287,1.5415986949429037,3.743882544861338,10.497553017944535,5.101957585644372,1.5783034257748778,0.9910277324632952,1.1745513866231647,1.2846655791190864,2.0187601957585644,0.22022838499184338,0.0,0.0,32.43567753001715,27.27272727272727,48.6013986013986,62.7906976744186,6.929119086460033
usa,MLS,2025,Oliver Semmle,27.0,G,Germany,193.0,91.0,0,0,0.0,0.0,0.0,0.0,0.0,0,0,0,0.0,0,,,,,,,,,,,,,,,,,,,,,,,,,,,,
usa,MLS,2025,Olivier Giroud,39.0,F,France,193.0,91.0,11,6,528.0,3.0,1.0,0.0,0.0,0,0,1,0.0,0,0.5113636363636364,2.8977272727272725,1.534090909090909,0.5113636363636364,0.17045454545454547,0.6818181818181819,0.5113636363636364,24.204545454545453,1.7045454545454546,0.6818181818181819,0.17045454545454547,0.17045454545454547,0.8522727272727273,9.886363636363637,5.625,0.17045454545454547,0.0,0.17045454545454547,1.534090909090909,1.1931818181818181,0.17045454545454547,0.0,0.0,12.140845070422536,52.94117647058824,56.896551724137936,0.0,6.993371212121212
usa,MLS,2025 / 2026,Olivier Mbaizo,28.0,D,Cameroon,180.0,70.0,10,6,548.0,0.0,0.0,0.0,0.0,0,0,2,0.0,0,0.0,0.16423357664233576,0.0,0.0,0.0,0.0,0.0,35.8029197080292,0.9854014598540146,0.9854014598540146,0.0,0.3284671532846715,1.313868613138686,5.091240875912408,2.1350364963503647,0.656934306569343,0.4927007299270073,0.3284671532846715,0.4927007299270073,0.9854014598540146,0.3284671532846715,0.0,0.0,25.422018348623855,0.0,41.935483870967744,75.0,6.6279197080291965
usa,MLS,2025 / 2026,Olwethu Makhanya,21.0,D,South Africa,,,45,39,3627.0,1.0,0.0,0.0,1.0,0,0,15,0.0,3,0.04962779156327543,0.34739454094292804,0.12406947890818859,0.024813895781637715,0.0,0.024813895781637715,0.024813895781637715,46.42679900744417,0.2977667493796526,2.1836228287841193,0.5459057071960298,1.1662531017369728,3.3498759305210917,9.057071960297767,5.632754342431761,0.6451612903225806,0.5210918114143921,0.6203473945409429,0.4466501240694789,1.0421836228287842,0.37220843672456577,0.0,0.07444168734491315,41.91390374331551,35.714285714285715,62.19178082191781,80.76923076923077,6.969864902122966
usa,MLS,2025,Omar Gonzalez,37.0,D,USA,196.0,94.0,12,3,446.0,0.0,0.0,0.0,1.0,0,0,3,0.0,0,0.0,0.0,0.0,0.0,0.0,0.0,0.0,45.80717488789238,0.20179372197309417,0.8071748878923767,0.20179372197309417,1.0089686098654709,1.8161434977578474,8.071748878923767,5.246636771300449,0.0,0.0,0.8071748878923767,0.40358744394618834,1.0089686098654709,0.6053811659192826,0.0,0.0,43.017699115044245,,65.0,,6.722072072072072
usa,MLS,2025,Omar Marquez,17.0,F,USA,165.0,,0,0,0.0,0.0,0.0,0.0,0.0,0,0,0,0.0,0,,,,,,,,,,,,,,,,,,,,,,,,,,,,
usa,MLS,2025 / 2026,Omar Valencia,21.0,D,Panama,180.0,70.0,29,18,1704.0,0.0,5.0,0.0,1.0,0,0,9,0.0,0,0.0528169014084507,0.31690140845070425,0.1056338028169014,0.0,0.2640845070422535,0.2640845070422535,0.0,40.140845070422536,1.056338028169014,2.0598591549295775,0.2112676056338028,1.056338028169014,3.1161971830985915,9.559859154929578,5.22887323943662,1.2147887323943662,0.5809859154929577,0.6338028169014085,1.742957746478873,1.426056338028169,0.4753521126760563,0.0,0.0,28.530263157894737,33.33333333333333,54.69613259668509,47.82608695652174,6.845187793427231
usa,MLS,2025,Omari Glasgow,22.0,F,Guyana,175.0,74.0,14,4,531.0,0.0,1.0,0.0,1.0,0,0,0,0.0,0,0.1694915254237288,0.847457627118644,0.1694915254237288,0.0,0.1694915254237288,0.1694915254237288,0.0,35.25423728813559,0.6779661016949152,2.0338983050847457,0.3389830508474576,0.3389830508474576,2.3728813559322033,11.864406779661016,4.406779661016949,2.3728813559322033,0.3389830508474576,1.0169491525423728,1.3559322033898304,1.864406779661017,0.0,0.0,0.0,22.497584541062803,20.0,37.142857142857146,14.285714285714285,6.45132075471698
usa,MLS,2025,Omir Fernandez,26.0,F,USA,170.0,64.0,29,3,675.0,1.0,2.0,0.0,0.0,0,0,0,0.0,0,0.13333333333333333,0.8,0.4,0.13333333333333333,0.26666666666666666,0.4,0.13333333333333333,32.93333333333334,2.0,1.6,0.0,0.6666666666666667,2.2666666666666666,13.6,5.866666666666666,3.466666666666667,1.0666666666666667,1.4666666666666666,2.8,0.9333333333333333,0.0,0.0,0.0,10.421052631578947,50.0,43.13725490196079,30.76923076923077,6.625222551928783
usa,MLS,2025 / 2026,Ondrej Lingr,27.0,M,Czechia,175.0,70.0,38,26,2203.0,3.0,4.0,0.0,0.0,0,0,5,0.0,1,0.20426690876078077,1.2664548343168407,0.4902405810258738,0.12256014525646845,0.1634135270086246,0.285973672265093,0.12256014525646845,24.96141625056741,1.348161597821153,0.8987743985474353,0.0817067635043123,0.20426690876078077,1.103041307308216,9.151157512482976,4.044484793463459,1.4298683613254655,0.4902405810258738,0.4493871992737177,1.8384021788470268,1.4707217430776216,0.20426690876078077,0.0,0.04085338175215615,19.224222585924714,38.70967741935484,44.19642857142857,34.285714285714285,6.894961416250568
usa,MLS,2025 / 2026,Onni Valakari,26.0,M,Finland,187.0,76.0,54,46,4163.0,8.0,11.0,2.0,0.0,1,0,5,0.0,0,0.06485707422531828,0.9079990391544559,0.45399951957722795,0.17295219793418207,0.23780927215950037,0.41076147009368247,0.15133317319240933,48.38337737208744,1.0809512370886378,1.8376171030506847,0.17295219793418207,0.43238049483545526,2.2699975978861398,8.69084794619265,4.9507566658659625,0.7999039154455921,0.34590439586836413,0.7566658659620467,2.313235647369685,1.2539034350228202,0.10809512370886382,0.0,0.0,42.05183199285076,50.0,56.96517412935324,43.24324324324324,7.1728561133797735
usa,MLS,2026,Or Blorian,25.0,D,Israel,188.0,,1,1,75.0,0.0,0.0,0.0,0.0,0,0,0,0.0,0,0.0,0.0,0.0,0.0,0.0,0.0,0.0,36.0,0.0,1.2000000000000002,1.2000000000000002,1.2000000000000002,2.4000000000000004,4.800000000000001,2.4000000000000004,0.0,0.0,1.2000000000000002,1.2000000000000002,1.2000000000000002,0.0,0.0,0.0,22.0,,50.0,,6.3
usa,MLS,2025 / 2026,Osaze De Rosario,24.0,F,USA,188.0,81.0,26,7,694.0,3.0,0.0,0.0,0.0,0,0,2,0.0,0,0.3890489913544669,2.8530259365994235,0.9077809798270894,0.3890489913544669,0.0,0.3890489913544669,0.3890489913544669,16.729106628242075,0.3890489913544669,1.037463976945245,0.0,0.25936599423631124,1.296829971181556,15.04322766570605,7.910662824207493,2.2046109510086453,1.1671469740634006,0.12968299711815562,1.9452449567723344,1.5561959654178676,0.25936599423631124,0.0,0.0,6.0,31.818181818181817,52.58620689655172,52.94117647058824,6.514037626628077
usa,MLS,2025 / 2026,Osaze Urhoghide,25.0,D,Netherlands,188.0,78.0,41,39,3475.0,3.0,1.0,0.0,4.0,0,0,11,0.0,0,0.10359712230215827,0.46618705035971225,0.18129496402877698,0.07769784172661871,0.025899280575539568,0.10359712230215827,0.07769784172661871,36.82877697841727,0.15539568345323743,1.9424460431654678,0.8546762589928059,1.320863309352518,3.263309352517986,10.670503597122302,6.656115107913669,0.8287769784172662,0.5179856115107914,0.36258992805755397,1.4244604316546763,1.4503597122302159,0.28489208633093527,0.0,0.0,37.159042927515834,38.88888888888889,62.37864077669902,62.5,7.016115107913669
usa,MLS,2025 / 2026,Oscar Verhoeven,19.0,D,USA,183.0,78.0,29,20,1939.0,0.0,0.0,0.0,0.0,0,0,5,0.0,0,0.09283135636926251,0.0,0.0,0.0,0.0,0.0,0.0,49.014956162970606,0.7890665291387312,1.3924703455389376,0.2784940691077875,0.46415678184631254,1.8566271273852502,6.173285198555957,3.017019082001031,0.556988138215575,0.23207839092315627,0.6034038164002063,0.7426508509541001,0.9747292418772563,0.23207839092315627,0.0,0.0,38.18560606060606,,48.87218045112782,41.66666666666667,6.500928313563692
usa,MLS,2025,Osman Bukari,27.0,F,Ghana,170.0,66.0,34,28,2419.0,3.0,3.0,1.0,0.0,0,0,2,0.0,0,0.52087639520463,1.451012815212898,0.781314592806945,0.11161637040099215,0.11161637040099215,0.2232327408019843,0.11161637040099215,24.109136006614307,1.4882182720132284,1.190574617610583,0.0,0.52087639520463,1.711451012815213,10.045473336089293,4.055394791236048,3.274080198429103,1.4882182720132284,0.781314592806945,0.781314592806945,1.5254237288135593,0.07441091360066143,0.0,0.0,18.901234567901234,53.84615384615385,40.370370370370374,45.45454545454545,6.994088466308392
usa,MLS,2026,Osvald Soe,20.0,D,Denmark,187.0,,6,5,419.0,0.0,0.0,0.0,0.0,0,0,1,0.0,0,0.21479713603818618,0.0,0.0,0.0,0.0,0.0,0.0,84.41527446300717,0.0,0.6443914081145585,1.0739856801909307,1.288782816229117,1.9331742243436754,5.799522673031027,1.503579952267303,0.21479713603818618,0.0,0.42959427207637235,0.0,1.7183770883054894,0.21479713603818618,0.0,0.0,77.529262086514,,25.925925925925924,0.0,6.321052631578948
usa,MLS,2025,Ousman Jabang,24.0,D,USA,191.0,81.0,1,1,89.0,0.0,0.0,0.0,0.0,0,0,1,0.0,0,0.0,0.0,0.0,0.0,0.0,0.0,0.0,66.74157303370787,0.0,1.0112359550561798,0.0,0.0,1.0112359550561798,10.112359550561797,4.044943820224719,1.0112359550561798,0.0,0.0,1.0112359550561798,1.0112359550561798,1.0112359550561798,0.0,0.0,57.0,,40.0,0.0,6.299999999999999
usa,MLS,2025 / 2026,Ousseni Bouda,25.0,F,Burkina Faso,175.0,78.0,49,26,2548.0,8.0,2.0,0.0,0.0,0,0,5,0.0,0,0.38854003139717425,1.6601255886970172,0.989010989010989,0.282574568288854,0.0706436420722135,0.3532182103610675,0.282574568288854,24.937205651491364,1.2715855572998431,1.3069073783359497,0.03532182103610675,0.6711145996860283,1.978021978021978,13.210361067503923,5.262951334379906,2.4725274725274726,0.9536891679748822,0.6004709576138147,2.2252747252747254,1.3069073783359497,0.17660910518053374,0.0,0.0,16.586647727272727,59.57446808510638,39.839572192513366,38.57142857142858,6.879858657243816
usa,MLS,2025 / 2026,Owen Gene,22.0,M,France,185.0,78.0,38,13,1410.0,0.0,0.0,0.0,0.0,0,0,1,0.0,0,0.0,0.25531914893617025,0.06382978723404256,0.0,0.0,0.0,0.0,47.234042553191486,0.7021276595744681,1.851063829787234,0.6382978723404256,1.2765957446808511,3.127659574468085,8.425531914893616,4.212765957446808,1.2127659574468086,0.8297872340425532,0.7021276595744681,0.8297872340425532,1.2127659574468086,0.06382978723404256,0.0,0.0,31.4390243902439,25.0,50.0,68.42105263157895,6.797366548042704
usa,MLS,2025 / 2026,Owen Graham-Roache,17.0,F,Canada,183.0,85.0,7,1,150.0,0.0,0.0,0.0,0.0,0,0,0,0.0,0,0.0,0.6000000000000001,0.6000000000000001,0.0,0.0,0.0,0.0,11.4,0.6000000000000001,0.6000000000000001,0.0,0.6000000000000001,1.2000000000000002,14.4,4.800000000000001,1.2000000000000002,0.0,0.0,1.8,1.8,0.0,0.0,0.0,4.588235294117647,100.0,33.33333333333333,0.0,6.612925170068027
usa,MLS,2025 / 2026,Owen Presthus,19.0,D,USA,178.0,70.0,1,1,60.0,0.0,0.0,0.0,0.0,0,0,0,0.0,0,0.0,0.0,0.0,0.0,0.0,0.0,0.0,54.0,0.0,3.0,0.0,3.0,6.0,12.0,10.5,0.0,0.0,0.0,1.5,0.0,0.0,0.0,0.0,29.0,,87.5,,6.9
usa,MLS,2025 / 2026,Owen Wolff,21.0,M,USA,175.0,66.0,41,35,2991.0,7.0,8.0,0.0,0.0,0,0,6,0.0,0,0.06018054162487462,0.571715145436309,0.27081243731193577,0.21063189568706117,0.24072216649949849,0.45135406218655966,0.21063189568706117,37.70310932798395,2.0762286860581747,1.7753259779338013,0.09027081243731194,1.0230692076228685,2.79839518555667,10.471414242728185,4.81444332998997,2.5877632898696086,1.3239719157472418,0.6318956870611836,1.444332998996991,1.444332998996991,0.18054162487462388,0.0,0.0,30.83559457302474,47.368421052631575,45.97701149425287,51.162790697674424,7.249180875961216
usa,MLS,2025,Pablo Ortíz,25.0,D,Colombia,190.0,70.0,20,16,1394.0,1.0,0.0,1.0,1.0,0,0,6,0.0,0,0.06456241032998565,0.2582496413199426,0.1291248206599713,0.06456241032998565,0.0,0.06456241032998565,0.06456241032998565,53.32855093256815,0.06456241032998565,1.0329985652797704,0.5810616929698709,0.9038737446197991,1.9368723098995697,5.294117647058823,2.5179340028694406,0.19368723098995694,0.1291248206599713,0.45193687230989954,0.3873744619799139,1.1621233859397417,0.3873744619799139,0.0,0.0,48.94430992736078,50.0,47.5609756097561,66.66666666666666,6.596338837042355
usa,MLS,2025 / 2026,Pablo Ruiz,27.0,M,Argentina,172.0,80.0,25,14,1275.0,0.0,1.0,0.0,0.0,0,0,4,0.0,0,0.0,1.4117647058823528,0.6352941176470589,0.0,0.07058823529411765,0.07058823529411765,0.0,55.411764705882355,2.4000000000000004,2.2588235294117647,0.1411764705882353,0.4235294117647058,2.682352941176471,10.094117647058823,3.6,1.2705882352941178,0.6352941176470589,2.611764705882353,0.4235294117647058,1.6235294117647059,0.2823529411764706,0.0,0.0,36.58216560509554,45.0,35.66433566433567,50.0,7.001254901960785
usa,MLS,2025 / 2026,Pablo Sisniega,30.0,G,Mexico,190.0,80.0,9,8,770.0,0.0,0.0,0.0,1.0,0,0,1,0.0,1,0.0,0.0,0.0,0.0,0.0,0.0,0.0,29.22077922077922,0.0,0.11688311688311688,0.0,0.0,0.11688311688311688,1.4025974025974026,0.8181818181818181,0.0,0.0,0.35064935064935066,0.23376623376623376,0.23376623376623376,0.11688311688311688,0.0,0.11688311688311688,28.7,,58.333333333333336,,7.0362337662337655
usa,MLS,2025,Paddy McNair,30.0,D,Northern Ireland,183.0,72.0,25,21,1768.0,0.0,0.0,0.0,0.0,0,0,1,0.0,0,0.10180995475113123,0.40723981900452494,0.25452488687782804,0.0,0.0,0.0,0.0,82.0079185520362,0.3054298642533937,0.9162895927601811,0.45814479638009054,0.35633484162895923,1.2726244343891402,5.039592760180995,3.410633484162896,0.10180995475113123,0.0,0.25452488687782804,0.9671945701357466,0.3054298642533937,0.05090497737556562,0.0,0.0,76.17566728739914,62.5,67.67676767676768,0.0,7.046719457013575
usa,MLS,2026,Palmer Ault,21.0,M,,,,1,0,3.0,0.0,0.0,0.0,0.0,0,0,0,0.0,0,0.0,0.0,0.0,0.0,0.0,0.0,0.0,0.0,0.0,0.0,0.0,0.0,0.0,30.0,0.0,0.0,0.0,0.0,0.0,0.0,0.0,0.0,0.0,,,0.0,,
usa,MLS,2025,Patrick Agyemang,25.0,F,Ghana,193.0,,16,15,1238.0,6.0,1.0,1.0,0.0,1,0,3,0.0,0,0.5088852988691438,2.1809369951534734,1.308562197092084,0.43618739903069464,0.07269789983844911,0.5088852988691438,0.36348949919224555,15.266558966074312,1.381260096930533,0.43618739903069464,0.0,0.14539579967689822,0.5815831987075929,11.995153473344104,5.379644588045235,2.3990306946688205,1.0177705977382876,0.21809369951534732,2.544426494345719,1.817447495961228,0.21809369951534732,0.0,0.0,12.447619047619048,60.0,44.84848484848485,42.42424242424242,7.13021001615509
usa,MLS,2025 / 2026,Patrick Schulte,24.0,G,USA,193.0,79.0,43,43,3910.0,0.0,0.0,0.0,0.0,0,0,3,0.0,0,0.0,0.0,0.0,0.0,0.0,0.0,0.0,32.47826086956522,0.11508951406649617,0.0,0.0,0.0,0.0,0.20716112531969308,0.1381074168797954,0.0,0.0,0.04603580562659846,0.04603580562659846,0.0,0.0690537084398977,0.0,0.0,27.747696669029057,,66.66666666666666,,6.821636828644501
usa,MLS,2025,Patrick Weah,22.0,F,Liberia,185.0,83.0,1,0,8.0,0.0,0.0,0.0,0.0,0,0,0,0.0,0,0.0,0.0,0.0,0.0,0.0,0.0,0.0,33.75,0.0,0.0,0.0,0.0,0.0,0.0,0.0,0.0,0.0,0.0,0.0,0.0,0.0,0.0,0.0,2.0,,,,6.3
usa,MLS,2025 / 2026,Patrick Yazbek,23.0,M,Australia,183.0,78.0,45,34,2981.0,2.0,3.0,0.0,1.0,0,0,8,0.0,0,0.030191211003019122,0.4528681650452868,0.2717208990271721,0.060382422006038244,0.09057363300905735,0.1509560550150956,0.060382422006038244,53.770546796377054,0.7849714860784971,1.6605166051660516,0.5736330090573634,0.7849714860784971,2.445488091244549,6.672257631667225,3.200268366320027,1.1774572291177456,0.7849714860784971,0.9359275410935928,0.48305937604830596,1.5095605501509561,0.24152968802415298,0.0,0.0,44.527793374508704,60.0,47.963800904977376,66.66666666666666,6.918114726601812
usa,MLS,2025 / 2026,Patrickson Delgado,22.0,M,Ecuador,180.0,76.0,43,28,2221.0,3.0,6.0,0.0,1.0,0,0,5,0.0,0,0.040522287257991896,1.134624043223773,0.36470058532192706,0.12156686177397569,0.24313372354795137,0.36470058532192706,0.12156686177397569,38.65826204412427,1.3372354795137325,1.8640252138676272,0.24313372354795137,0.6888788833858622,2.5529040972534895,9.684826654660064,4.579018460153084,1.3372354795137325,0.7294011706438541,0.6888788833858622,1.2561909049977489,0.8914903196758217,0.20261143628995945,0.0,0.0,24.954926624737947,32.142857142857146,47.28033472803347,54.54545454545454,6.970675675675675
usa,MLS,2025 / 2026,Paul Arriola,30.0,F,USA,167.0,66.0,11,3,342.0,0.0,0.0,0.0,0.0,0,0,1,0.0,0,0.5263157894736842,0.7894736842105263,0.2631578947368421,0.0,0.0,0.0,0.0,37.631578947368425,0.7894736842105263,0.5263157894736842,0.0,1.0526315789473684,1.5789473684210527,7.368421052631579,2.631578947368421,1.3157894736842104,1.0526315789473684,0.7894736842105263,0.7894736842105263,1.3157894736842104,0.2631578947368421,0.0,0.0,14.517482517482517,33.33333333333333,35.714285714285715,80.0,6.639411764705883
usa,MLS,2025 / 2026,Paul Marie,30.0,D,France,170.0,69.0,13,3,353.0,0.0,4.0,0.0,0.0,0,0,0,0.0,0,0.0,1.019830028328612,0.254957507082153,0.0,1.019830028328612,1.019830028328612,0.0,27.025495750708217,2.2946175637393766,1.7847025495750708,0.0,0.509915014164306,2.2946175637393766,11.473087818696884,4.079320113314448,2.039660056657224,0.509915014164306,0.509915014164306,1.7847025495750708,0.764872521246459,0.0,0.0,0.0,8.216981132075471,25.0,35.55555555555556,25.0,6.918181818181818
usa,MLS,2025 / 2026,Paul Rothrock,26.0,M,USA,175.0,74.0,49,38,3332.0,8.0,7.0,3.0,0.0,0,0,6,0.0,0,0.5672268907563025,1.0804321728691477,0.5402160864345739,0.2160864345738295,0.18907563025210083,0.40516206482593037,0.2160864345738295,26.49759903961585,1.4315726290516206,1.1614645858343338,0.16206482593037214,0.5402160864345739,1.7016806722689075,11.209483793517407,4.645858343337335,2.6470588235294117,0.9723889555822329,0.864345738295318,2.106842737094838,1.7016806722689075,0.16206482593037214,0.0,0.0,19.257900101936798,50.0,41.445783132530124,36.734693877551024,6.921638655462186
usa,MLS,2025,Paul Walters,21.0,G,USA,190.0,87.0,0,0,0.0,0.0,0.0,0.0,0.0,0,0,0,0.0,0,,,,,,,,,,,,,,,,,,,,,,,,,,,,
usa,MLS,2025 / 2026,Pavel Bucha,27.0,M,Czechia,174.0,70.0,51,50,4468.0,5.0,7.0,1.0,0.0,0,0,5,0.0,0,0.020143240823634737,0.4834377797672337,0.24171888988361684,0.10071620411817367,0.14100268576544314,0.24171888988361684,0.10071620411817367,45.080572963294536,1.5308863025962398,1.4301700984780663,0.10071620411817367,0.7452999104744853,2.1754700089525514,7.070277529095792,3.2229185317815574,1.4503133393017011,0.7251566696508506,0.6647269471799463,0.684870188003581,0.8460161145926589,0.10071620411817367,0.0,0.0,41.964700625558535,50.0,45.58404558404558,50.0,6.990734109221129
usa,MLS,2025 / 2026,Paxten Aaronson,22.0,M,USA,175.0,63.0,22,19,1740.0,5.0,3.0,2.0,1.0,0,0,4,0.0,0,0.15517241379310345,1.7586206896551724,1.0344827586206897,0.25862068965517243,0.15517241379310345,0.41379310344827586,0.25862068965517243,31.189655172413797,1.8620689655172413,1.6551724137931034,0.05172413793103448,0.9310344827586207,2.586206896551724,9.568965517241379,4.758620689655173,2.3793103448275863,1.0344827586206897,0.7241379310344828,1.706896551724138,1.5,0.20689655172413793,0.0,0.0,27.65837479270315,58.82352941176471,49.72972972972973,43.47826086956522,7.180977011494254
usa,MLS,2025,Paxton Pomykal,26.0,M,USA,173.0,74.0,4,0,40.0,0.0,0.0,0.0,0.0,0,0,0,0.0,0,0.0,2.25,2.25,0.0,0.0,0.0,0.0,67.5,2.25,4.5,0.0,0.0,4.5,20.25,11.25,2.25,0.0,2.25,4.5,2.25,0.0,0.0,0.0,10.0,100.0,55.55555555555556,0.0,6.607692307692307
usa,MLS,2025,Pedrinho,22.0,M,Brazil,175.0,72.0,25,9,980.0,2.0,3.0,0.0,0.0,0,0,2,0.0,0,0.0,1.010204081632653,0.5510204081632653,0.1836734693877551,0.2755102040816326,0.4591836734693877,0.1836734693877551,35.44897959183673,1.2857142857142856,1.653061224489796,0.1836734693877551,0.4591836734693877,2.112244897959184,12.581632653061225,5.23469387755102,3.857142857142857,2.204081632653061,1.5612244897959184,1.1020408163265305,1.193877551020408,0.1836734693877551,0.0,0.0,16.362694300518136,54.54545454545454,41.605839416058394,57.14285714285714,6.763496932515337
usa,MLS,2025,Pedro,21.0,G,Brazil,,,0,0,0.0,0.0,0.0,0.0,0.0,0,0,0,0.0,0,,,,,,,,,,,,,,,,,,,,,,,,,,,,
usa,MLS,2025 / 2026,Pedro Amador,27.0,D,Portugal,181.0,73.0,33,26,2331.0,1.0,0.0,0.0,0.0,0,0,4,0.0,0,0.15444015444015444,0.5405405405405406,0.15444015444015444,0.03861003861003861,0.0,0.03861003861003861,0.03861003861003861,43.82239382239382,0.8108108108108109,1.6216216216216217,0.3088803088803089,0.9652509652509653,2.586872586872587,6.370656370656372,3.359073359073359,1.0038610038610039,0.3088803088803089,0.6563706563706564,0.6177606177606177,0.694980694980695,0.15444015444015444,0.0,0.0,36.784140969163,28.57142857142857,52.72727272727272,30.76923076923077,6.838385573207385
usa,MLS,2025,Pedro Gallese,35.0,G,Peru,188.0,79.0,33,33,2979.0,0.0,1.0,0.0,0.0,0,0,6,0.0,0,0.0,0.0,0.0,0.0,0.030211480362537763,0.030211480362537763,0.0,21.78247734138973,0.060422960725075525,0.09063444108761329,0.0,0.0,0.09063444108761329,0.6948640483383686,0.6344410876132931,0.030211480362537763,0.030211480362537763,0.030211480362537763,0.36253776435045315,0.030211480362537763,0.18126888217522658,0.0,0.0,17.15256588072122,,91.30434782608695,100.0,7.104833836858006
usa,MLS,2026,Pedro Leão,19.0,F,,,,1,0,12.0,0.0,0.0,0.0,0.0,0,0,0,0.0,0,0.0,0.0,0.0,0.0,0.0,0.0,0.0,15.0,0.0,0.0,0.0,0.0,0.0,37.5,15.0,0.0,0.0,0.0,15.0,0.0,0.0,0.0,0.0,1.0,,40.0,,6.7
usa,MLS,2025 / 2026,Pedro Soma,19.0,M,USA,177.0,,16,4,490.0,1.0,2.0,0.0,0.0,0,0,2,0.0,0,0.0,0.3673469387755102,0.1836734693877551,0.1836734693877551,0.3673469387755102,0.5510204081632653,0.1836734693877551,100.28571428571429,0.7346938775510204,1.2857142857142856,0.0,0.7346938775510204,2.020408163265306,8.448979591836736,2.7551020408163263,0.3673469387755102,0.0,0.7346938775510204,0.7346938775510204,2.571428571428571,0.3673469387755102,0.0,0.0,48.54945054945055,50.0,32.608695652173914,0.0,6.926078028747433
usa,MLS,2025,Pedro Vite,23.0,M,Ecuador,168.0,68.0,19,16,1394.0,4.0,2.0,0.0,0.0,0,0,1,0.0,0,0.0,1.4203730272596844,0.8393113342898134,0.2582496413199426,0.1291248206599713,0.3873744619799139,0.2582496413199426,50.74605451936872,2.3242467718794835,1.0329985652797704,0.06456241032998565,0.45193687230989954,1.48493543758967,7.812051649928264,3.809182209469154,2.259684361549498,1.0975609756097562,0.6456241032998565,1.5494978479196555,0.7747489239598278,0.06456241032998565,0.0,0.0,39.57251908396947,59.09090909090909,48.760330578512395,48.57142857142857,7.436657101865137
usa,MLS,2025,Pedro de la Vega,24.0,F,Argentina,177.0,74.0,26,15,1191.0,4.0,4.0,0.0,0.0,0,0,0,0.0,0,0.07556675062972291,1.964735516372796,0.6801007556675063,0.30226700251889166,0.30226700251889166,0.6045340050377833,0.30226700251889166,34.6095717884131,1.5113350125944585,1.4357682619647354,0.07556675062972291,0.6801007556675063,2.115869017632242,12.317380352644836,6.347607052896725,4.685138539042821,2.4937027707808563,0.8312342569269522,1.81360201511335,1.2090680100755666,0.0,0.0,0.0,19.27947598253275,34.61538461538461,51.533742331288344,53.2258064516129,7.119815281276239
usa,MLS,2025 / 2026,Pep Biel,29.0,M,Spain,167.0,62.0,41,39,3342.0,17.0,15.0,0.0,0.0,1,0,6,0.0,0,0.10771992818671454,1.9658886894075405,0.9694793536804309,0.4578096947935368,0.40394973070017953,0.8617594254937163,0.43087971274685816,30.0,2.0466786355475763,0.8348294434470377,0.05385996409335727,0.5116696588868941,1.3464991023339317,7.998204667863554,2.531418312387792,2.154398563734291,0.7540394973070017,0.7540394973070017,0.7001795332136445,0.9964093357271095,0.16157989228007183,0.0,0.0,24.645421903052064,49.31506849315068,31.64983164983165,35.0,7.322411729503291
usa,MLS,2025 / 2026,Petar Musa,27.0,F,Croatia,190.0,84.0,45,41,3539.0,31.0,8.0,0.0,0.0,4,1,8,0.0,0,0.9409437694263916,2.6448149194687764,1.4749929358575868,0.788358293303193,0.2034473014975982,0.9918055948007911,0.6866346425543939,27.312800226052556,1.2206838089855891,0.788358293303193,0.12715456343599887,0.3560327776207968,1.1443910709239897,11.2404634077423,4.882735235942357,1.7801638881039843,0.7629273806159933,0.33060186493359706,0.8392201186775926,1.6275784119807857,0.2034473014975982,0.0,0.0,17.829608938547487,55.769230769230774,43.43891402714932,42.857142857142854,7.456089290760103
usa,MLS,2025 / 2026,Peter Kingston,24.0,M,,,,11,2,279.0,0.0,0.0,0.0,0.0,0,0,3,0.0,0,0.0,1.6129032258064515,0.967741935483871,0.0,0.0,0.0,0.0,43.87096774193548,0.6451612903225806,3.225806451612903,0.967741935483871,0.967741935483871,4.193548387096774,12.903225806451612,5.806451612903226,0.967741935483871,0.967741935483871,0.967741935483871,0.3225806451612903,3.225806451612903,0.967741935483871,0.0,0.0,18.808823529411764,60.0,45.0,100.0,6.962230215827338
usa,MLS,2025,Peter Mangione,24.0,M,USA,178.0,,0,0,0.0,0.0,0.0,0.0,0.0,0,0,0,0.0,0,,,,,,,,,,,,,,,,,,,,,,,,,,,,
usa,MLS,2025 / 2026,Peter Molinari,16.0,M,USA,175.0,67.0,0,0,0.0,0.0,0.0,0.0,0.0,0,0,0,0.0,0,,,,,,,,,,,,,,,,,,,,,,,,,,,,
usa,MLS,2025 / 2026,Peter Stroud,23.0,M,USA,,,27,22,1735.0,0.0,3.0,0.0,0.0,0,0,6,0.0,0,0.0,0.414985590778098,0.05187319884726225,0.0,0.15561959654178675,0.15561959654178675,0.0,50.628242074927954,0.8818443804034583,2.8011527377521617,0.207492795389049,1.296829971181556,4.097982708933718,9.23342939481268,4.772334293948127,0.7780979827089338,0.3631123919308357,1.0893371757925072,1.037463976945245,1.3487031700288183,0.3112391930835735,0.0,0.0,36.48155737704918,12.5,51.68539325842697,46.666666666666664,6.969682997118156
usa,MLS,2025 / 2026,Peyton Miller,18.0,D,USA,170.0,70.0,38,31,2817.0,5.0,2.0,0.0,0.0,0,0,4,0.0,1,0.31948881789137384,1.1182108626198084,0.5111821086261981,0.15974440894568692,0.06389776357827476,0.22364217252396168,0.15974440894568692,32.33226837060703,0.9584664536741214,1.1182108626198084,0.12779552715654952,1.0543130990415337,2.1725239616613417,7.539936102236422,3.4185303514376995,1.182108626198083,0.31948881789137384,0.7348242811501597,0.8945686900958467,0.926517571884984,0.12779552715654952,0.0,0.03194888178913738,26.717391304347824,45.714285714285715,45.33898305084746,27.027027027027028,6.79826056088037
usa,MLS,2025 / 2026,Philip Quinton,26.0,D,USA,198.0,93.0,27,17,1607.0,0.0,1.0,0.0,0.0,0,0,3,0.0,0,0.0,0.33602986932171747,0.0,0.0,0.056004978220286245,0.056004978220286245,0.0,55.332918481642814,0.33602986932171747,0.8960796515245799,0.8960796515245799,0.6160547604231488,1.5121344119477287,5.264467952706907,2.8562538892345986,0.5040448039825762,0.33602986932171747,0.28002489110143125,0.5600497822028625,0.5040448039825762,0.16801493466085873,0.0,0.0,48.607287449392715,0.0,54.25531914893617,66.66666666666666,6.833998752339364
usa,MLS,2025 / 2026,Philip Zinckernagel,31.0,F,Denmark,175.0,70.0,48,47,3854.0,20.0,19.0,1.0,0.0,1,1,10,0.0,0,0.1634665282823041,1.8448365334717176,1.07420861442657,0.467047223663726,0.4436948624805397,0.9107420861442657,0.4436948624805397,31.899325376232486,2.4286455630513752,1.6113129216398547,0.1167618059159315,0.1634665282823041,1.7747794499221587,13.871302542812662,5.931499740529319,4.343539180072652,2.0083030617540216,1.3544369486248053,2.14841722885314,1.961598339387649,0.233523611831863,0.0,0.0,25.171303074670572,58.22784810126582,42.76094276094276,46.236559139784944,7.527010897768552
usa,MLS,2026,Philippe Ndinga,20.0,D,France,,,6,3,238.0,0.0,0.0,0.0,0.0,0,0,1,0.0,0,0.0,1.134453781512605,0.37815126050420167,0.0,0.0,0.0,0.0,30.630252100840337,0.7563025210084033,2.6470588235294117,0.37815126050420167,1.134453781512605,3.781512605042017,16.638655462184875,6.050420168067227,3.403361344537815,0.37815126050420167,1.5126050420168067,1.8907563025210086,3.403361344537815,0.37815126050420167,0.0,0.0,17.80246913580247,33.33333333333333,36.36363636363637,11.11111111111111,6.091596638655462
usa,MLS,2025,Pierce Holbrook,22.0,G,,,,0,0,0.0,0.0,0.0,0.0,0.0,0,0,0,0.0,0,,,,,,,,,,,,,,,,,,,,,,,,,,,,
usa,MLS,2026,Pierre Lurot,23.0,D,France,191.0,77.0,0,0,0.0,0.0,0.0,0.0,0.0,0,0,0,0.0,0,,,,,,,,,,,,,,,,,,,,,,,,,,,,
usa,MLS,2025 / 2026,Preston Judd,26.0,F,USA,191.0,95.0,44,24,2271.0,17.0,4.0,2.0,0.0,0,0,9,0.0,0,0.23778071334214002,3.0515191545574636,1.7437252311756934,0.6737120211360634,0.15852047556142668,0.8322324966974901,0.6737120211360634,12.087186261558784,0.6737120211360634,0.31704095112285335,0.03963011889035667,0.11889035667107001,0.43593130779392336,9.154557463672392,4.28005284015852,1.3870541611624836,0.5944517833553501,0.07926023778071334,1.585204755614267,1.6644649933949802,0.35667107001321,0.0,0.0,5.918367346938775,57.14285714285714,46.75324675324675,42.857142857142854,7.060026443367122
usa,MLS,2026,Preston Plambeck,19.0,M,,,,3,0,46.0,0.0,0.0,0.0,0.0,0,0,0,0.0,0,0.0,1.9565217391304348,1.9565217391304348,0.0,0.0,0.0,0.0,74.34782608695652,0.0,5.869565217391304,0.0,0.0,5.869565217391304,15.652173913043478,5.869565217391304,1.9565217391304348,0.0,1.9565217391304348,0.0,0.0,0.0,0.0,0.0,17.263157894736842,100.0,37.5,0.0,6.619565217391305
usa,MLS,2025,Prince Amponsah,22.0,D,USA,180.0,,0,0,0.0,0.0,0.0,0.0,0.0,0,0,0,0.0,0,,,,,,,,,,,,,,,,,,,,,,,,,,,,
usa,MLS,2025 / 2026,Prince-Osei Owusu,28.0,F,Germany,191.0,87.0,48,45,3952.0,22.0,9.0,3.0,0.0,7,1,8,0.0,0,0.9792510121457491,2.209008097165992,1.229757085020243,0.5010121457489878,0.20495951417004046,0.7059716599190283,0.3415991902834008,18.90182186234818,1.38917004048583,0.7742914979757085,0.13663967611336034,0.15941295546558704,0.9337044534412956,13.094635627530366,5.602226720647773,1.776315789473684,0.9564777327935222,0.29605263157894735,1.8446356275303644,2.345647773279352,0.18218623481781376,0.0,0.0,12.39277108433735,55.670103092783506,42.78260869565217,53.84615384615385,7.196305668016195
usa,MLS,2026,Puso Dithejane,21.0,F,South Africa,,,8,1,191.0,0.0,0.0,1.0,0.0,0,0,1,0.0,0,0.0,1.413612565445026,0.9424083769633509,0.0,0.0,0.0,0.0,23.56020942408377,2.356020942408377,0.47120418848167545,0.0,0.47120418848167545,0.9424083769633509,12.251308900523561,5.183246073298429,5.183246073298429,1.8848167539267018,0.47120418848167545,1.8848167539267018,1.413612565445026,0.47120418848167545,0.0,0.0,9.78,66.66666666666666,42.30769230769231,36.36363636363637,6.610471204188481
usa,MLS,2025,Quinn Sullivan,21.0,M,USA,180.0,69.0,28,24,1980.0,2.0,7.0,0.0,0.0,0,1,3,0.0,0,0.09090909090909091,1.9090909090909092,0.8181818181818181,0.09090909090909091,0.3181818181818182,0.40909090909090906,0.09090909090909091,32.81818181818182,2.090909090909091,1.5909090909090908,0.0,0.3181818181818182,1.9090909090909092,9.681818181818182,4.545454545454545,2.954545454545455,1.5,0.7272727272727273,0.8181818181818181,0.8636363636363635,0.13636363636363635,0.0,0.0,22.450138504155124,42.857142857142854,46.948356807511736,50.76923076923077,7.166363636363636
usa,MLS,2025 / 2026,Rafael Cabral,35.0,G,Brazil,186.0,88.0,49,49,4426.0,0.0,0.0,0.0,1.0,0,0,3,0.0,0,0.0,0.0,0.0,0.0,0.0,0.0,0.0,39.85539990962494,0.0,0.061003163126976956,0.0,0.0,0.061003163126976956,0.3456845910528694,0.24401265250790782,0.02033438770899232,0.02033438770899232,0.02033438770899232,0.08133755083596927,0.02033438770899232,0.061003163126976956,0.0,0.0,34.244897959183675,,70.58823529411765,100.0,7.138996836873023
usa,MLS,2025 / 2026,Rafael Mosquera,20.0,F,Panama,,,11,1,324.0,0.0,0.0,0.0,0.0,0,0,2,0.0,0,0.2777777777777778,1.1111111111111112,0.2777777777777778,0.0,0.0,0.0,0.0,34.44444444444444,2.5,1.9444444444444444,0.0,0.8333333333333333,2.7777777777777777,15.833333333333334,5.833333333333333,4.444444444444445,1.3888888888888888,1.1111111111111112,1.1111111111111112,1.1111111111111112,0.5555555555555556,0.0,0.0,12.338709677419354,25.0,36.84210526315789,31.25,6.537654320987654
usa,MLS,2025 / 2026,Rafael Navarro,25.0,F,Brazil,184.0,84.0,46,45,4035.0,20.0,6.0,5.0,0.0,3,2,5,0.0,0,0.5353159851301115,2.2304832713754648,1.2936802973977695,0.44609665427509293,0.13382899628252787,0.5799256505576208,0.379182156133829,21.613382899628252,1.1598513011152416,1.4275092936802976,0.0892193308550186,0.40148698884758366,1.828996282527881,13.539033457249072,6.223048327137546,2.0520446096654275,0.9368029739776951,0.6468401486988847,2.3643122676579926,1.695167286245353,0.11152416356877323,0.0,0.0,16.73374613003096,57.99999999999999,45.96375617792422,45.65217391304348,7.256183395291202
usa,MLS,2025 / 2026,Rafael Santos,27.0,D,Brazil,180.0,73.0,37,21,2037.0,2.0,3.0,0.0,0.0,0,0,4,0.0,1,0.04418262150220913,0.7952871870397643,0.4418262150220913,0.08836524300441825,0.1325478645066274,0.22091310751104565,0.08836524300441825,37.113402061855666,1.5463917525773196,1.1487481590574373,0.2650957290132548,0.9278350515463918,2.0765832106038293,6.715758468335788,2.960235640648012,1.0603829160530192,0.30927835051546393,0.706921944035346,0.5301914580265096,0.8836524300441826,0.1767304860088365,0.0,0.04418262150220913,26.63452380952381,55.55555555555556,44.07894736842105,29.166666666666668,6.796758349705305
usa,MLS,2025 / 2026,Raheem Edwards,30.0,D,Canada,173.0,68.0,36,24,2183.0,0.0,0.0,1.0,0.0,0,0,9,0.0,2,0.0,0.49473202015574896,0.20613834173156206,0.0,0.0,0.0,0.0,41.887311039853415,0.8245533669262483,3.710490151168117,0.12368300503893724,1.6491067338524965,5.359596885020614,14.34722858451672,7.379752633989923,2.7210261108566196,1.4429683921209344,1.7315620705451216,1.1543747136967477,1.7315620705451216,0.37104901511681176,0.0,0.08245533669262482,28.466535433070867,41.66666666666667,51.43678160919541,53.03030303030303,6.883318056828598
usa,MLS,2025 / 2026,Ralph Priso,23.0,D,Canada,175.0,80.0,39,24,2334.0,2.0,2.0,0.0,0.0,0,0,6,0.0,0,0.0,0.19280205655526994,0.11568123393316194,0.07712082262210797,0.07712082262210797,0.15424164524421594,0.07712082262210797,60.11568123393317,0.5012853470437018,1.3881748071979434,0.5012853470437018,0.8868894601542417,2.275064267352185,6.786632390745502,3.354755784061697,0.7326478149100257,0.5398457583547558,0.4627249357326478,0.8868894601542417,1.8123393316195373,0.2313624678663239,0.0,0.0,52.48364336112893,60.0,49.43181818181818,73.68421052631578,6.990484354907844
usa,MLS,2025 / 2026,Ramiro,32.0,M,Brazil,168.0,67.0,45,41,3498.0,0.0,4.0,0.0,1.0,0,0,12,0.0,0,0.051457975986277875,0.2830188679245283,0.10291595197255575,0.0,0.10291595197255575,0.10291595197255575,0.0,49.39965694682676,0.823327615780446,1.7495711835334475,0.2830188679245283,1.4408233276157807,3.1903945111492282,7.512864493996569,3.3190394511149224,0.38593481989708406,0.23156089193825044,1.234991423670669,0.7461406518010292,1.234991423670669,0.30874785591766724,0.0,0.0,38.11927083333333,36.36363636363637,44.178082191780824,60.0,6.813064608347627
usa,MLS,2025,Ramiro Enrique,24.0,F,Argentina,171.0,68.0,24,8,945.0,8.0,0.0,0.0,0.0,0,0,2,0.0,0,0.380952380952381,2.4761904761904763,1.619047619047619,0.761904761904762,0.0,0.761904761904762,0.761904761904762,20.952380952380953,0.6666666666666667,0.761904761904762,0.09523809523809525,0.2857142857142857,1.0476190476190477,12.571428571428571,5.809523809523809,2.1904761904761907,0.6666666666666667,0.380952380952381,1.0476190476190477,1.4285714285714284,0.1904761904761905,0.0,0.0,12.568807339449542,65.38461538461539,46.21212121212121,30.434782608695656,6.9129100529100524
usa,MLS,2026,Ran Binyamin,21.0,M,Israel,180.0,,13,5,483.0,0.0,2.0,1.0,0.0,0,0,1,0.0,0,0.1863354037267081,0.7453416149068324,0.3726708074534162,0.0,0.3726708074534162,0.3726708074534162,0.0,36.70807453416149,1.1180124223602483,2.9813664596273295,0.3726708074534162,0.7453416149068324,3.7267080745341614,14.161490683229815,7.639751552795031,2.422360248447205,1.3043478260869565,1.3043478260869565,1.6770186335403727,1.4906832298136647,0.1863354037267081,0.0,0.0,18.18877551020408,50.0,53.94736842105263,53.84615384615385,6.822821576763485
usa,MLS,2025,Randall Leal,28.0,F,Costa Rica,170.0,74.0,15,4,518.0,0.0,1.0,0.0,0.0,0,0,0,0.0,0,0.0,2.0849420849420848,0.8687258687258687,0.0,0.17374517374517376,0.17374517374517376,0.0,47.60617760617761,1.7374517374517373,1.38996138996139,0.0,0.694980694980695,2.0849420849420848,11.467181467181467,5.386100386100386,1.9111969111969112,0.8687258687258687,1.2162162162162162,2.606177606177606,1.38996138996139,0.0,0.0,0.0,17.357664233576642,41.66666666666667,46.96969696969697,45.45454545454545,6.883657587548638
usa,MLS,2025 / 2026,Ranko Veselinović,26.0,D,Serbia,188.0,77.0,23,20,1784.0,0.0,0.0,0.0,1.0,0,0,1,0.0,0,0.05044843049327354,0.6053811659192826,0.20179372197309417,0.0,0.0,0.0,0.0,56.60313901345291,0.20179372197309417,0.8071748878923767,0.5044843049327354,1.0089686098654709,1.8161434977578474,5.145739910313901,2.926008968609865,0.15134529147982065,0.05044843049327354,0.2522421524663677,0.3531390134529148,0.45403587443946186,0.05044843049327354,0.0,0.0,56.049019607843135,33.33333333333333,56.86274509803921,33.33333333333333,7.016087443946189
usa,MLS,2025,Raoul Petretta,28.0,D,Italy,175.0,70.0,25,22,1853.0,0.0,0.0,0.0,0.0,0,0,6,0.0,0,0.048569886670264434,0.19427954668105774,0.0,0.0,0.0,0.0,0.0,38.12736103615758,0.48569886670264434,1.991365353480842,0.24284943335132217,1.0685375067458176,3.0599028602266594,7.431192660550459,4.031300593631948,0.6799784133837021,0.33998920669185106,0.7771181867242309,0.9228278467350243,0.9713977334052887,0.2914193200215866,0.0,0.0,32.62547770700637,0.0,54.248366013071895,50.0,6.941338370210469
usa,MLS,2025,Rasmus Alm,30.0,M,Sweden,174.0,70.0,1,0,11.0,0.0,0.0,0.0,0.0,0,0,0,0.0,0,0.0,8.181818181818182,0.0,0.0,0.0,0.0,0.0,32.72727272727273,0.0,0.0,0.0,0.0,0.0,0.0,0.0,0.0,0.0,0.0,0.0,0.0,0.0,0.0,0.0,2.0,0.0,,,6.7
usa,MLS,2025 / 2026,Raul Gustavo,26.0,D,Brazil,,,24,19,1741.0,0.0,1.0,0.0,0.0,0,0,5,0.0,0,0.051694428489373924,0.4135554279149914,0.15508328546812178,0.0,0.051694428489373924,0.051694428489373924,0.0,66.53072946582424,0.2584721424468696,1.7059161401493395,0.5686387133831131,0.9821941412981046,2.688110281447444,8.943136128661688,5.427914991384261,0.672027570361861,0.4135554279149914,0.46524985640436534,0.9304997128087307,0.7754164273406089,0.2584721424468696,0.0,0.0,56.94017094017094,37.5,60.69364161849711,61.53846153846154,6.973291211947156
usa,MLS,2025 / 2026,Rayan Elloumi,18.0,F,Canada,,,20,2,390.0,2.0,1.0,0.0,0.0,0,0,0,0.0,0,0.46153846153846156,2.076923076923077,0.9230769230769231,0.46153846153846156,0.23076923076923078,0.6923076923076923,0.46153846153846156,18.923076923076923,1.3846153846153846,1.8461538461538463,0.0,0.6923076923076923,2.5384615384615383,15.923076923076923,5.769230769230768,1.8461538461538463,0.23076923076923078,0.9230769230769231,1.8461538461538463,3.2307692307692304,0.0,0.0,0.0,7.2405063291139244,44.44444444444444,36.231884057971016,12.5,6.761498708010335
usa,MLS,2025 / 2026,Reed Baker-Whiting,20.0,D,USA,180.0,70.0,24,10,969.0,0.0,1.0,0.0,2.0,0,0,6,0.0,1,0.09287925696594426,0.37151702786377705,0.18575851393188852,0.0,0.09287925696594426,0.09287925696594426,0.0,44.76780185758514,1.021671826625387,2.1362229102167185,0.46439628482972134,1.021671826625387,3.1578947368421053,8.359133126934985,4.086687306501548,1.2074303405572755,0.5572755417956656,1.021671826625387,0.37151702786377705,1.8575851393188854,0.5572755417956656,0.0,0.09287925696594426,30.238589211618258,50.0,48.888888888888886,46.15384615384615,6.849483471074381
usa,MLS,2025 / 2026,Reggie Cannon,27.0,D,USA,181.0,74.0,34,32,2763.0,0.0,0.0,0.0,0.0,0,0,12,0.0,0,0.03257328990228013,0.13029315960912052,0.09771986970684039,0.0,0.0,0.0,0.0,37.13355048859935,0.4234527687296417,1.4332247557003257,0.3257328990228013,1.9218241042345277,3.3550488599348536,6.7752442996742674,3.550488599348534,0.8794788273615635,0.4234527687296417,0.39087947882736157,1.1726384364820848,1.4657980456026058,0.39087947882736157,0.0,0.0,32.964035087719296,75.0,52.40384615384615,48.148148148148145,6.743792978646399
usa,MLS,2025 / 2026,Reid Fisher,21.0,D,USA,191.0,88.0,0,0,0.0,0.0,0.0,0.0,0.0,0,0,0,0.0,0,,,,,,,,,,,,,,,,,,,,,,,,,,,,
usa,MLS,2025 / 2026,Reid Roberts,22.0,D,USA,185.0,81.0,28,24,2180.0,1.0,0.0,0.0,0.0,0,0,10,0.0,1,0.0,0.28899082568807344,0.12385321100917432,0.04128440366972477,0.0,0.04128440366972477,0.04128440366972477,50.4908256880734,0.41284403669724773,1.8165137614678901,0.4954128440366973,1.4036697247706422,3.220183486238532,7.637614678899083,4.128440366972478,0.536697247706422,0.37155963302752293,0.37155963302752293,0.6192660550458716,1.2385321100917432,0.41284403669724773,0.0,0.04128440366972477,50.086672117743255,42.857142857142854,54.054054054054056,69.23076923076923,7.033669724770642
usa,MLS,2025,Ricardo Montenegro,21.0,M,USA,178.0,70.0,0,0,0.0,0.0,0.0,0.0,0.0,0,0,0,0.0,0,,,,,,,,,,,,,,,,,,,,,,,,,,,,
usa,MLS,2026,Richard Chukwu,17.0,D,,,,0,0,0.0,0.0,0.0,0.0,0.0,0,0,0,0.0,0,,,,,,,,,,,,,,,,,,,,,,,,,,,,
usa,MLS,2025,Richard Fleming,21.0,M,USA,173.0,70.0,0,0,0.0,0.0,0.0,0.0,0.0,0,0,0,0.0,0,,,,,,,,,,,,,,,,,,,,,,,,,,,,
usa,MLS,2025 / 2026,Richie Laryea,30.0,D,Canada,175.0,68.0,27,24,2178.0,3.0,2.0,1.0,0.0,0,0,6,0.0,0,0.2066115702479339,0.3305785123966942,0.1652892561983471,0.12396694214876033,0.08264462809917356,0.2066115702479339,0.12396694214876033,33.595041322314046,0.3305785123966942,1.9421487603305783,0.12396694214876033,0.9504132231404958,2.8925619834710745,11.280991735537189,6.859504132231405,1.5289256198347108,0.8264462809917356,0.743801652892562,3.8429752066115705,1.694214876033058,0.24793388429752067,0.0,0.0,30.539975399754,50.0,60.8058608058608,54.054054054054056,6.928053259871441
usa,MLS,2026,Ricky Louis,21.0,M,Haiti,,,1,0,17.0,0.0,0.0,0.0,0.0,0,0,0,0.0,0,0.0,0.0,0.0,0.0,0.0,0.0,0.0,26.47058823529412,0.0,5.294117647058823,0.0,0.0,5.294117647058823,15.882352941176471,5.294117647058823,0.0,0.0,0.0,0.0,10.588235294117647,0.0,0.0,0.0,4.0,,33.33333333333333,,6.5
usa,MLS,2025,Rida Zouhir,22.0,M,Canada,178.0,73.0,15,2,343.0,0.0,0.0,0.0,0.0,0,0,1,0.0,0,0.0,0.7871720116618076,0.5247813411078717,0.0,0.0,0.0,0.0,55.10204081632653,1.3119533527696792,2.6239067055393583,0.26239067055393583,0.7871720116618076,3.4110787172011663,14.956268221574344,6.297376093294461,1.5743440233236152,0.5247813411078717,1.3119533527696792,0.7871720116618076,2.361516034985423,0.26239067055393583,0.0,0.0,16.090476190476192,66.66666666666666,42.10526315789473,33.33333333333333,6.555718475073314
usa,MLS,2025 / 2026,Riley Thomas,23.0,D,USA,183.0,,0,0,0.0,0.0,0.0,0.0,0.0,0,0,0,0.0,0,,,,,,,,,,,,,,,,,,,,,,,,,,,,
usa,MLS,2025,Riyon Tori,24.0,M,Japan,176.0,67.0,0,0,0.0,0.0,0.0,0.0,0.0,0,0,0,0.0,0,,,,,,,,,,,,,,,,,,,,,,,,,,,,
usa,MLS,2025 / 2026,Roald Mitchell,22.0,F,USA,185.0,73.0,3,0,44.0,0.0,0.0,0.0,0.0,0,0,0,0.0,0,0.0,4.090909090909091,0.0,0.0,0.0,0.0,0.0,16.363636363636363,2.0454545454545454,0.0,0.0,0.0,0.0,12.272727272727272,6.136363636363636,2.0454545454545454,0.0,0.0,2.0454545454545454,0.0,0.0,0.0,0.0,2.25,0.0,50.0,0.0,6.409090909090909
usa,MLS,2025 / 2026,Rob Holding,30.0,D,England,189.0,81.0,19,18,1506.0,0.0,0.0,0.0,0.0,0,0,2,0.0,1,0.0597609561752988,0.5378486055776892,0.17928286852589642,0.0,0.0,0.0,0.0,75.0597609561753,0.17928286852589642,1.3147410358565736,1.0756972111553784,1.4342629482071714,2.7490039840637452,6.872509960159363,3.824701195219123,0.41832669322709165,0.2390438247011952,0.6573705179282868,0.0,0.6573705179282868,0.1195219123505976,0.0,0.0597609561752988,66.5390127388535,33.33333333333333,55.65217391304348,57.14285714285714,6.956374501992031
usa,MLS,2025 / 2026,Robert Taylor,31.0,F,Finland,182.0,78.0,26,4,763.0,2.0,1.0,0.0,1.0,0,0,1,0.0,0,0.11795543905635648,1.4154652686762776,0.7077326343381388,0.23591087811271297,0.11795543905635648,0.3538663171690694,0.23591087811271297,33.853211009174316,1.2975098296199215,1.8872870249017037,0.11795543905635648,1.2975098296199215,3.184796854521625,8.256880733944955,4.010484927916121,2.4770642201834865,1.2975098296199215,0.3538663171690694,0.3538663171690694,0.47182175622542594,0.11795543905635648,0.0,0.0,12.306620209059233,50.0,48.57142857142857,52.38095238095239,6.707208387942333
usa,MLS,2025 / 2026,Robert Voloder,24.0,D,Germany,185.0,79.0,26,24,2217.0,0.0,0.0,0.0,0.0,0,0,3,0.0,0,0.0,0.12178619756427606,0.08119079837618404,0.0,0.0,0.0,0.0,61.623815967523676,0.08119079837618404,1.5020297699594045,0.32476319350473615,1.7456021650879567,3.247631935047361,6.2516914749661705,3.6941813261163734,0.5277401894451962,0.3653585926928281,0.5277401894451962,0.7713125845737484,0.5683355886332883,0.12178619756427606,0.0,0.0,62.744400527009226,66.66666666666666,59.09090909090909,69.23076923076923,6.727424447451511
usa,MLS,2025 / 2026,Robin Jansson,34.0,D,Sweden,187.0,87.0,40,40,3486.0,1.0,0.0,0.0,3.0,0,0,8,0.0,0,0.02581755593803786,0.18072289156626503,0.10327022375215145,0.02581755593803786,0.0,0.02581755593803786,0.02581755593803786,50.344234079173845,0.2323580034423408,0.7745266781411358,0.8003442340791739,0.8003442340791739,1.57487091222031,3.666092943201377,1.8846815834767643,0.12908777969018934,0.0774526678141136,0.43889845094664376,0.6454388984509467,0.6196213425129088,0.2065404475043029,0.0,0.0,49.20820512820513,57.14285714285714,51.40845070422535,60.0,6.781124497991968
usa,MLS,2025 / 2026,Robin Lod,32.0,M,Finland,181.0,86.0,50,42,3658.0,9.0,4.0,0.0,0.0,1,0,5,0.0,0,0.12301804264625478,0.9595407326407873,0.565882996172772,0.2214324767632586,0.09841443411700382,0.3198469108802624,0.19682886823400764,32.132312739201744,1.3285948605795517,1.771459814106069,0.12301804264625478,0.7873154729360305,2.5587752870420992,9.152542372881356,4.182613449972663,1.5008201202843083,0.6396938217605248,0.8365226899945326,0.9595407326407873,1.3285948605795517,0.12301804264625478,0.0,0.0,28.486590038314176,58.97435897435898,45.69892473118279,42.62295081967213,7.002487698195736
usa,MLS,2025 / 2026,Rocco Ríos Novo,23.0,G,Argentina,180.0,77.0,17,14,1436.0,0.0,0.0,0.0,1.0,0,0,0,0.0,0,0.0,0.0,0.0,0.0,0.0,0.0,0.0,33.467966573816156,0.0,0.0,0.0,0.0,0.0,0.25069637883008355,0.1880222841225627,0.0,0.0,0.0,0.06267409470752089,0.06267409470752089,0.0,0.0,0.0,30.185393258426966,,75.0,,7.097562674094708
usa,MLS,2026,Rodolfo Aloko,16.0,F,,,,6,3,256.0,0.0,0.0,0.0,0.0,0,0,0,0.0,0,0.703125,2.109375,0.703125,0.0,0.0,0.0,0.0,16.5234375,0.3515625,1.40625,0.0,0.703125,2.109375,16.5234375,5.625,3.1640625,1.0546875,0.703125,1.7578125,2.4609375,0.0,0.0,0.0,5.9787234042553195,33.33333333333333,34.04255319148936,33.33333333333333,6.24921875
usa,MLS,2025,Rodrigo Neri,20.0,F,Venezuela,186.0,,0,0,0.0,0.0,0.0,0.0,0.0,0,0,0,0.0,0,,,,,,,,,,,,,,,,,,,,,,,,,,,,
usa,MLS,2025,Rodrigo Schlegel,28.0,D,Argentina,182.0,82.0,32,32,2770.0,0.0,0.0,0.0,1.0,0,0,12,0.0,1,0.0,0.3898916967509025,0.1299638989169675,0.0,0.0,0.0,0.0,52.37545126353791,0.032490974729241874,1.4620938628158844,0.779783393501805,0.9747292418772563,2.436823104693141,6.335740072202166,3.5415162454873643,0.0,0.0,0.5523465703971119,0.8772563176895307,1.2021660649819494,0.3898916967509025,0.0,0.032490974729241874,52.438585607940446,33.33333333333333,55.8974358974359,,6.89696750902527
usa,MLS,2025 / 2026,Rodrigo de Paul,31.0,M,Argentina,178.0,70.0,30,28,2617.0,5.0,8.0,1.0,0.0,0,0,9,0.0,0,0.03439052350019106,0.9629346580053496,0.4126862820022927,0.1719526175009553,0.2751241880015285,0.44707680550248374,0.1719526175009553,72.46083301490256,1.8914787925105083,0.8253725640045854,0.13756209400076425,0.8597630875047765,1.685135651509362,7.2907909820405035,3.7485670615208253,1.4787925105082156,0.7222009935040122,0.6190294230034391,2.1322124570118457,1.2036683225066869,0.30951471150171955,0.0,0.0,68.56905552918842,42.857142857142854,51.41509433962265,48.837209302325576,7.309629346580053
usa,MLS,2025,Rodrigues,28.0,D,Brazil,188.0,76.0,20,17,1485.0,1.0,1.0,0.0,0.0,0,0,4,0.0,0,0.12121212121212122,0.5454545454545454,0.18181818181818182,0.06060606060606061,0.06060606060606061,0.12121212121212122,0.06060606060606061,54.6060606060606,0.4242424242424242,2.909090909090909,0.7878787878787878,2.242424242424242,5.151515151515151,11.696969696969699,7.3939393939393945,1.2727272727272727,0.9090909090909092,1.5151515151515151,2.0606060606060606,0.9696969696969697,0.24242424242424243,0.0,0.0,43.76470588235294,33.33333333333333,63.212435233160626,71.42857142857143,7.157373737373738
usa,MLS,2025 / 2026,Roman Bürki,35.0,G,Switzerland,187.0,85.0,38,38,3442.0,0.0,0.0,0.0,0.0,0,0,2,0.0,0,0.0,0.0,0.0,0.0,0.0,0.0,0.0,31.063335270191747,0.0,0.10459035444509006,0.0,0.026147588611272515,0.13073794305636258,0.5752469494479954,0.5229517722254503,0.10459035444509006,0.10459035444509006,0.026147588611272515,0.13073794305636258,0.0,0.05229517722254503,0.0,0.0,24.14814814814815,,90.9090909090909,100.0,7.141080766995932
usa,MLS,2025 / 2026,Roman Celentano,25.0,G,USA,191.0,91.0,47,47,4284.0,0.0,0.0,0.0,0.0,0,0,2,0.0,0,0.0,0.0,0.0,0.0,0.0,0.0,0.0,26.51260504201681,0.0,0.0,0.0,0.0,0.0,0.46218487394957986,0.3991596638655462,0.04201680672268908,0.04201680672268908,0.04201680672268908,0.08403361344537816,0.02100840336134454,0.04201680672268908,0.0,0.0,21.049128367670363,,86.36363636363636,100.0,7.006489262371615
usa,MLS,2025,Rominigue Kouamé,29.0,M,Mali,177.0,68.0,21,8,686.0,3.0,1.0,0.0,0.0,0,0,1,0.0,0,0.0,1.3119533527696792,0.9183673469387754,0.3935860058309038,0.13119533527696792,0.5247813411078717,0.3935860058309038,48.673469387755105,0.7871720116618076,0.7871720116618076,0.0,1.3119533527696792,2.0991253644314867,8.26530612244898,3.4110787172011663,1.8367346938775508,0.7871720116618076,0.0,1.3119533527696792,1.5743440233236152,0.13119533527696792,0.0,0.0,26.735135135135135,70.0,41.269841269841265,42.857142857142854,6.691678832116788
usa,MLS,2025 / 2026,Ronald Donkor,21.0,M,Mali,173.0,,34,22,2102.0,1.0,6.0,0.0,0.0,0,0,9,0.0,0,0.0428163653663178,0.5137963843958135,0.21408182683158897,0.0428163653663178,0.25689819219790677,0.29971455756422455,0.0428163653663178,50.99429115128449,1.669838249286394,2.055185537583254,0.1712654614652712,1.027592768791627,3.082778306374881,10.233111322549952,4.966698382492864,2.055185537583254,1.3273073263558515,1.1988582302568982,0.8563273073263559,1.7126546146527117,0.3853472882968601,0.0,0.0,41.58522250209908,41.66666666666667,48.53556485355649,64.58333333333334,7.011333333333333
usa,MLS,2025 / 2026,Ronald Hernández,28.0,D,Venezuela,171.0,70.0,24,18,1530.0,1.0,1.0,0.0,0.0,0,0,4,0.0,0,0.058823529411764705,0.411764705882353,0.11764705882352941,0.058823529411764705,0.058823529411764705,0.11764705882352941,0.058823529411764705,45.05882352941177,0.8823529411764706,1.7647058823529411,0.3529411764705882,1.4117647058823528,3.176470588235294,8.352941176470589,4.117647058823529,0.3529411764705882,0.1764705882352941,1.1176470588235294,1.0588235294117647,1.4705882352941178,0.23529411764705882,0.0,0.0,32.661879895561356,28.57142857142857,49.29577464788733,50.0,6.776666666666667
usa,MLS,2025 / 2026,Ronaldo Vieira,27.0,M,England,178.0,70.0,20,18,1620.0,0.0,0.0,0.0,0.0,0,0,7,0.0,0,0.0,0.8888888888888888,0.38888888888888884,0.0,0.0,0.0,0.0,39.888888888888886,0.6111111111111112,1.6666666666666665,0.38888888888888884,0.6111111111111112,2.2777777777777777,9.11111111111111,4.111111111111111,0.9444444444444444,0.4444444444444444,0.1111111111111111,1.277777777777778,2.3333333333333335,0.38888888888888884,0.0,0.0,38.94428969359331,43.75,45.1219512195122,47.05882352941176,6.755925925925927
usa,MLS,2026,Ruben Mesalles,22.0,D,,,,0,0,0.0,0.0,0.0,0.0,0.0,0,0,0,0.0,0,,,,,,,,,,,,,,,,,,,,,,,,,,,,
usa,MLS,2025 / 2026,Ruben Ramos,18.0,F,USA,175.0,70.0,10,2,237.0,0.0,0.0,0.0,0.0,0,0,1,0.0,0,0.0,1.8987341772151898,1.139240506329114,0.0,0.0,0.0,0.0,30.0,0.7594936708860759,0.37974683544303794,0.0,0.7594936708860759,1.139240506329114,7.974683544303797,4.177215189873418,3.0379746835443036,2.278481012658228,0.37974683544303794,0.7594936708860759,0.7594936708860759,0.37974683544303794,0.0,0.0,8.620253164556962,60.0,52.38095238095239,75.0,6.586075949367089
usa,MLS,2025 / 2026,Rudy Camacho,34.0,D,France,186.0,79.0,16,14,1288.0,0.0,0.0,0.0,1.0,0,0,5,0.0,0,0.0,0.4192546583850932,0.2795031055900621,0.0,0.0,0.0,0.0,86.01708074534162,0.13975155279503104,0.9782608695652174,0.7686335403726708,1.8866459627329193,2.8649068322981366,7.057453416149068,3.0745341614906834,0.4192546583850932,0.2795031055900621,0.5590062111801242,0.2096273291925466,1.3975155279503106,0.34937888198757766,0.0,0.0,78.79772542648253,66.66666666666666,43.56435643564357,66.66666666666666,6.919642857142857
usa,MLS,2025,Rwan Cruz,24.0,F,Brazil,186.0,78.0,11,8,642.0,0.0,1.0,0.0,0.0,0,1,4,0.0,0,0.4205607476635514,2.803738317757009,1.4018691588785046,0.0,0.14018691588785046,0.14018691588785046,0.0,26.495327102803735,1.4018691588785046,0.9813084112149533,0.2803738317757009,0.4205607476635514,1.4018691588785046,11.635514018691588,4.906542056074766,2.663551401869159,1.2616822429906542,0.7009345794392523,1.2616822429906542,2.2429906542056073,0.5607476635514018,0.0,0.0,15.767195767195767,50.0,42.168674698795186,47.368421052631575,6.883021806853582
usa,MLS,2025,Ryan Gauld,30.0,M,Scotland,169.0,68.0,11,3,391.0,1.0,1.0,0.0,0.0,0,0,1,0.0,0,0.23017902813299235,1.8414322250639388,1.1508951406649617,0.23017902813299235,0.23017902813299235,0.4603580562659847,0.23017902813299235,43.96419437340154,2.071611253196931,2.9923273657289005,0.23017902813299235,1.1508951406649617,4.143222506393862,11.969309462915602,5.754475703324808,0.690537084398977,0.0,1.6112531969309463,1.8414322250639388,1.6112531969309463,0.23017902813299235,0.0,0.0,18.539267015706805,62.5,48.07692307692308,0.0,7.139386189258312
usa,MLS,2025 / 2026,Ryan Hollingshead,34.0,D,USA,188.0,84.0,46,32,3087.0,3.0,4.0,1.0,2.0,0,0,6,0.0,0,0.1457725947521866,0.7871720116618076,0.37900874635568516,0.08746355685131195,0.11661807580174927,0.20408163265306123,0.08746355685131195,47.90087463556851,1.2244897959183674,1.7201166180758016,0.3206997084548105,1.1661807580174928,2.8862973760932946,9.125364431486881,5.189504373177843,1.1370262390670554,0.5830903790087464,0.6122448979591837,0.8454810495626822,1.0204081632653061,0.1749271137026239,0.0,0.0,40.76262933657943,48.148148148148145,56.86900958466453,51.28205128205128,7.096339488176223
usa,MLS,2025,Ryan Kent,29.0,F,England,175.0,65.0,16,5,567.0,0.0,3.0,0.0,0.0,0,0,0,0.0,0,0.47619047619047616,0.47619047619047616,0.0,0.0,0.47619047619047616,0.47619047619047616,0.0,46.666666666666664,2.380952380952381,1.5873015873015872,0.15873015873015872,0.9523809523809523,2.5396825396825395,12.857142857142856,5.555555555555555,5.555555555555555,2.0634920634920633,0.9523809523809523,1.5873015873015872,0.9523809523809523,0.0,0.0,0.0,21.741496598639454,0.0,43.20987654320987,37.142857142857146,6.867724867724868
usa,MLS,2025 / 2026,Ryan Porteous,26.0,D,Scotland,188.0,75.0,27,24,2284.0,0.0,0.0,0.0,1.0,0,0,7,0.0,0,0.0,0.35464098073555167,0.0394045534150613,0.0,0.0,0.0,0.0,61.195271453590195,0.35464098073555167,1.6549912434325744,0.669877408056042,1.182136602451839,2.8371278458844134,7.644483362521892,4.689141856392294,0.3152364273204904,0.23642732049036777,0.39404553415061294,0.8669001751313485,1.1033274956217163,0.27583187390542907,0.0,0.0,60.30843528654218,11.11111111111111,61.34020618556701,75.0,7.082399299474607
usa,MLS,2025 / 2026,Ryan Raposo,26.0,M,Canada,170.0,63.0,13,3,409.0,0.0,0.0,0.0,0.0,0,0,3,0.0,0,0.2200488997555012,0.6601466992665037,0.0,0.0,0.0,0.0,0.0,47.09046454767726,1.9804400977995111,1.7603911980440097,0.4400977995110024,1.3202933985330074,3.080684596577017,9.902200488997554,5.50122249388753,0.8801955990220048,0.4400977995110024,0.4400977995110024,2.4205378973105134,2.640586797066015,0.6601466992665037,0.0,0.0,28.08411214953271,0.0,55.55555555555556,50.0,6.642892156862746
usa,MLS,2025,Ryan Sailor,27.0,D,USA,193.0,82.0,5,1,101.0,0.0,0.0,0.0,0.0,0,0,0,0.0,0,0.0,1.7821782178217822,0.0,0.0,0.0,0.0,0.0,67.72277227722772,0.0,1.7821782178217822,2.673267326732673,1.7821782178217822,3.5643564356435644,10.693069306930692,6.237623762376238,0.0,0.0,0.0,0.8910891089108911,1.7821782178217822,0.0,0.0,0.0,61.13157894736842,0.0,58.333333333333336,,7.158585858585858
usa,MLS,2025 / 2026,Ryan Schewe,23.0,G,USA,193.0,88.0,0,0,0.0,0.0,0.0,0.0,0.0,0,0,0,0.0,0,,,,,,,,,,,,,,,,,,,,,,,,,,,,
usa,MLS,2025 / 2026,Saba Lobjanidze,31.0,F,Georgia,176.0,72.0,46,31,2544.0,2.0,5.0,0.0,0.0,0,0,0,0.0,0,0.35377358490566035,1.5566037735849056,0.8136792452830188,0.07075471698113207,0.17688679245283018,0.24764150943396224,0.07075471698113207,22.42924528301887,1.910377358490566,0.6721698113207547,0.0,0.31839622641509435,0.990566037735849,4.846698113207547,1.910377358490566,1.910377358490566,0.7429245283018868,0.6014150943396227,0.3891509433962264,0.2830188679245283,0.0,0.0,0.0,13.167192429022082,52.27272727272727,39.416058394160586,38.88888888888889,6.831367924528302
usa,MLS,2025 / 2026,Sal Olivas,19.0,F,USA,,,4,0,64.0,0.0,0.0,0.0,0.0,0,0,1,0.0,0,1.40625,1.40625,1.40625,0.0,0.0,0.0,0.0,16.875,1.40625,1.40625,0.0,0.0,1.40625,14.0625,5.625,0.0,0.0,0.0,0.0,2.8125,1.40625,0.0,0.0,2.3636363636363638,100.0,40.0,,6.506349206349207
usa,MLS,2025,Salvatore Mazzaferro,24.0,D,Canada,,,1,0,73.0,0.0,0.0,0.0,0.0,0,0,0,0.0,0,0.0,0.0,0.0,0.0,0.0,0.0,0.0,44.38356164383561,0.0,2.4657534246575343,0.0,0.0,2.4657534246575343,6.164383561643835,3.698630136986301,0.0,0.0,1.2328767123287672,1.2328767123287672,0.0,0.0,0.0,0.0,33.0,,60.0,,6.3
usa,MLS,2025,Sam Adekugbe,30.0,D,Canada,175.0,75.0,7,4,295.0,2.0,0.0,0.0,0.0,0,0,0,0.0,0,0.0,0.9152542372881355,0.6101694915254237,0.6101694915254237,0.0,0.6101694915254237,0.6101694915254237,66.20338983050847,0.6101694915254237,0.9152542372881355,0.0,0.9152542372881355,1.830508474576271,7.627118644067796,4.881355932203389,0.6101694915254237,0.30508474576271183,0.0,0.9152542372881355,0.9152542372881355,0.0,0.0,0.0,40.806451612903224,66.66666666666666,64.0,50.0,7.197966101694916
usa,MLS,2025 / 2026,Sam Junqua,29.0,D,USA,183.0,77.0,44,23,2510.0,1.0,1.0,0.0,1.0,0,0,2,0.0,0,0.07171314741035857,0.35856573705179284,0.14342629482071714,0.035856573705179286,0.035856573705179286,0.07171314741035857,0.035856573705179286,48.22709163346613,0.9322709163346614,1.3625498007968129,0.50199203187251,0.6812749003984064,2.043824701195219,6.239043824701195,3.693227091633466,0.4661354581673307,0.17928286852589642,0.2868525896414343,1.0398406374501992,0.896414342629482,0.07171314741035857,0.0,0.0,40.578125,40.0,59.195402298850574,38.46153846153847,6.817968127490039
usa,MLS,2025 / 2026,Sam Sarver,22.0,F,USA,178.0,85.0,17,3,445.0,3.0,2.0,1.0,0.0,0,0,4,0.0,0,0.6067415730337079,1.2134831460674158,0.8089887640449439,0.6067415730337079,0.40449438202247195,1.0112359550561798,0.6067415730337079,21.235955056179776,0.8089887640449439,2.0224719101123596,0.20224719101123598,0.6067415730337079,2.6292134831460676,13.955056179775282,6.471910112359551,1.6179775280898878,0.8089887640449439,1.2134831460674158,3.033707865168539,1.4157303370786518,0.8089887640449439,0.0,0.0,7.117647058823529,66.66666666666666,46.3768115942029,50.0,6.897078651685393
usa,MLS,2025 / 2026,Sam Sarver,,D,,,,2,1,91.0,1.0,0.0,0.0,0.0,0,0,0,0.0,0,0.0,0.989010989010989,0.989010989010989,0.989010989010989,0.0,0.989010989010989,0.989010989010989,56.37362637362637,0.0,0.989010989010989,0.0,0.0,0.989010989010989,10.87912087912088,2.967032967032967,0.989010989010989,0.0,2.967032967032967,0.0,1.978021978021978,0.0,0.0,0.0,30.68421052631579,100.0,27.27272727272727,0.0,6.3
usa,MLS,2025 / 2026,Sam Surridge,27.0,F,England,191.0,77.0,46,41,3777.0,34.0,3.0,3.0,0.0,7,1,4,0.0,0,0.857823669579031,2.6449563145353454,1.6918189038919778,0.8101667990468626,0.07148530579825257,0.8816521048451151,0.6433677521842732,16.82287529785544,0.7625099285146942,0.6195393169181891,0.04765687053216839,0.2859412231930103,0.9054805401111993,10.865766481334393,5.099285146942017,1.3820492454328832,0.4765687053216839,0.33359809372517873,1.2390786338363782,1.1675933280381254,0.09531374106433678,0.0,0.0,11.770538243626062,63.96396396396396,46.92982456140351,34.48275862068966,7.30577177654223
usa,MLS,2025 / 2026,Sam Vines,26.0,D,USA,178.0,68.0,25,14,1373.0,0.0,2.0,0.0,0.0,0,0,0,0.0,0,0.0,0.3932993445010925,0.19664967225054625,0.0,0.13109978150036417,0.13109978150036417,0.0,42.67297887836853,0.6554989075018208,0.786598689002185,0.5899490167516388,0.721048798252003,1.5076474872541878,3.8674435542607433,1.7698470502549164,0.8521485797523671,0.3277494537509104,0.4588492352512745,0.4588492352512745,0.06554989075018208,0.0,0.0,0.0,32.54992319508449,50.0,45.76271186440678,38.46153846153847,6.673469387755102
usa,MLS,2025,Samuel Bassett,22.0,M,USA,183.0,,12,3,370.0,0.0,1.0,0.0,1.0,0,0,1,0.0,0,0.0,0.4864864864864865,0.0,0.0,0.24324324324324326,0.24324324324324326,0.0,31.621621621621625,0.4864864864864865,2.1891891891891895,0.0,0.4864864864864865,2.675675675675676,8.027027027027028,3.6486486486486487,0.972972972972973,0.4864864864864865,1.2162162162162162,0.7297297297297298,0.972972972972973,0.24324324324324326,0.0,0.0,16.015384615384615,0.0,45.45454545454545,50.0,6.6083783783783785
usa,MLS,2025 / 2026,Samuel Gidi,21.0,M,Ghana,,,23,19,1759.0,0.0,1.0,0.0,1.0,0,0,4,0.0,0,0.0,0.2046617396247868,0.1023308698123934,0.0,0.0511654349061967,0.0511654349061967,0.0,50.65378055713473,0.8186469584991471,1.739624786810688,0.869812393405344,1.688459351904491,3.4280841387151795,8.288800454803866,4.093234792495736,1.176805002842524,0.4604889141557703,1.023308698123934,1.2791358726549176,0.8186469584991471,0.2046617396247868,0.0,0.0,42.6,50.0,49.382716049382715,39.130434782608695,6.867254121660034
usa,MLS,2025 / 2026,Samuel Piette,31.0,M,Canada,171.0,73.0,35,27,2121.0,0.0,0.0,0.0,0.0,0,0,6,0.0,0,0.08486562942008487,0.1272984441301273,0.08486562942008487,0.0,0.0,0.0,0.0,49.264497878359265,0.6364922206506365,1.9094766619519095,0.4667609618104667,1.7821782178217822,3.691654879773692,7.807637906647807,3.734087694483734,0.2545968882602546,0.042432814710042434,1.3578500707213579,0.9335219236209334,1.5275813295615275,0.2545968882602546,0.0,0.0,34.12919896640827,66.66666666666666,47.82608695652174,16.666666666666664,6.721640735502121
usa,MLS,2025 / 2026,Samuel Rogers,26.0,D,USA,193.0,86.0,24,22,1854.0,0.0,0.0,0.0,1.0,0,0,6,0.0,0,0.04854368932038834,0.29126213592233013,0.14563106796116507,0.0,0.0,0.0,0.0,59.75728155339806,0.09708737864077668,1.3592233009708738,0.6310679611650486,1.3106796116504855,2.6699029126213594,5.29126213592233,2.8640776699029127,0.14563106796116507,0.09708737864077668,0.48543689320388356,0.29126213592233013,0.8252427184466019,0.29126213592233013,0.0,0.0,55.425670186839966,50.0,54.12844036697248,66.66666666666666,6.780852211434735
usa,MLS,2025,Samuel Shashoua,26.0,M,England,176.0,68.0,5,0,100.0,0.0,0.0,0.0,0.0,0,0,0,0.0,0,0.0,0.9,0.9,0.0,0.0,0.0,0.0,68.4,0.9,1.8,0.0,1.8,3.6,8.1,1.8,0.0,0.0,1.8,0.0,0.9,0.0,0.0,0.0,15.5,100.0,22.22222222222222,,6.75
usa,MLS,2025,Samuel Williams,20.0,M,USA,173.0,70.0,7,3,328.0,0.0,0.0,0.0,0.0,0,0,0,0.0,0,0.0,0.0,0.0,0.0,0.0,0.0,0.0,41.15853658536586,0.27439024390243905,0.823170731707317,0.0,0.5487804878048781,1.371951219512195,5.213414634146342,3.292682926829268,0.5487804878048781,0.27439024390243905,0.27439024390243905,1.0975609756097562,0.27439024390243905,0.0,0.0,0.0,29.52,,63.1578947368421,50.0,6.603669724770643
usa,MLS,2025 / 2026,Sang-bin Jeong,23.0,F,Korea Republic,175.0,76.0,33,17,1354.0,3.0,2.0,0.0,0.0,0,0,2,0.0,0,0.19940915805022158,0.8641063515509602,0.2658788774002954,0.19940915805022158,0.1329394387001477,0.33234859675036926,0.19940915805022158,24.261447562776954,1.1964549483013294,0.930576070901034,0.06646971935007386,0.19940915805022158,1.1299852289512555,10.50221565731167,4.1875923190546525,2.259970457902511,0.930576070901034,0.6646971935007385,1.5952732644017726,0.9970457902511077,0.1329394387001477,0.0,0.0,12.058011049723756,30.76923076923077,39.87341772151899,41.17647058823529,6.767259259259259
usa,MLS,2025 / 2026,Santiago Morales,18.0,M,USA,170.0,67.0,5,1,109.0,0.0,0.0,0.0,0.0,0,0,0,0.0,0,0.0,0.0,0.0,0.0,0.0,0.0,0.0,58.62385321100917,2.4770642201834865,3.302752293577982,0.0,0.0,3.302752293577982,11.559633027522937,6.605504587155964,1.651376146788991,0.0,1.651376146788991,3.302752293577982,0.8256880733944955,0.0,0.0,0.0,18.859154929577464,,57.14285714285714,0.0,7.079629629629629
usa,MLS,2025 / 2026,Santiago Moreno,25.0,F,Colombia,178.0,67.0,32,26,2219.0,6.0,6.0,0.0,0.0,1,0,2,0.0,0,0.040558810274898605,1.5006759801712484,0.9734114465975665,0.24335286164939163,0.24335286164939163,0.48670572329878325,0.20279405137449302,39.869310500225325,2.0684993240198284,1.6223524109959442,0.12167643082469581,0.44614691302388465,2.0684993240198284,13.222172149616943,5.637674628210906,4.745380802163137,1.946822893195133,1.0950878774222623,1.5006759801712484,1.338440739071654,0.08111762054979721,0.0,0.0,27.55035605289929,64.86486486486487,42.63803680981595,41.02564102564102,7.134294727354664
usa,MLS,2025,Santiago Muñoz,23.0,F,Mexico,177.0,65.0,21,8,880.0,3.0,2.0,1.0,0.0,1,0,0,0.0,0,0.0,1.534090909090909,0.7159090909090908,0.3068181818181818,0.20454545454545453,0.5113636363636364,0.20454545454545453,34.67045454545455,1.125,0.6136363636363636,0.0,0.40909090909090906,1.0227272727272727,11.147727272727273,4.6022727272727275,2.5568181818181817,0.7159090909090908,0.3068181818181818,2.5568181818181817,1.3295454545454546,0.0,0.0,0.0,23.375739644970412,46.666666666666664,41.284403669724774,28.000000000000004,6.780340909090909
usa,MLS,2025 / 2026,Sawyer Jura,19.0,D,USA,,,0,0,0.0,0.0,0.0,0.0,0.0,0,0,0,0.0,0,,,,,,,,,,,,,,,,,,,,,,,,,,,,
usa,MLS,2025 / 2026,Sean Johnson,36.0,G,USA,191.0,98.0,46,46,4185.0,0.0,0.0,0.0,0.0,0,0,1,0.0,0,0.0,0.0,0.0,0.0,0.0,0.0,0.0,25.655913978494624,0.02150537634408602,0.04301075268817204,0.0,0.0,0.04301075268817204,0.3440860215053763,0.23655913978494625,0.04301075268817204,0.02150537634408602,0.06451612903225806,0.06451612903225806,0.0,0.02150537634408602,0.0,0.0,17.460184409052808,,68.75,50.0,7.106140979689367
usa,MLS,2025,Sean Karani,25.0,F,USA,173.0,70.0,0,0,0.0,0.0,0.0,0.0,0.0,0,0,0,0.0,0,,,,,,,,,,,,,,,,,,,,,,,,,,,,
usa,MLS,2025 / 2026,Sean Nealis,28.0,D,USA,193.0,79.0,29,21,1940.0,0.0,0.0,0.0,1.0,0,0,7,0.0,0,0.04639175257731959,0.18556701030927836,0.04639175257731959,0.0,0.0,0.0,0.0,57.20103092783505,0.13917525773195877,1.3453608247422681,0.6958762886597938,1.6237113402061853,2.9690721649484537,7.283505154639176,4.082474226804123,0.23195876288659795,0.09278350515463918,0.18556701030927836,0.13917525773195877,0.9278350515463918,0.3247422680412371,0.0,0.0,55.360975609756096,25.0,56.05095541401274,40.0,6.8373450413223145
usa,MLS,2025 / 2026,Sean Zawadzki,25.0,D,USA,183.0,72.0,45,45,4075.0,2.0,0.0,0.0,0.0,0,0,7,0.0,0,0.06625766871165645,0.30920245398773005,0.11042944785276074,0.044171779141104296,0.0,0.044171779141104296,0.044171779141104296,67.62699386503067,0.3312883435582822,1.965644171779141,0.44171779141104295,1.1263803680981594,3.092024539877301,7.089570552147239,4.615950920245399,0.30920245398773005,0.19877300613496932,0.41963190184049076,0.9938650306748467,0.8171779141104295,0.15460122699386503,0.0,0.0,67.05388634879164,35.714285714285715,65.10903426791276,64.28571428571429,7.0555582822085885
usa,MLS,2025 / 2026,Sebastian Berhalter,24.0,M,USA,175.0,70.0,48,43,3926.0,10.0,14.0,0.0,2.0,1,0,11,0.0,0,0.02292409577177789,1.5817626082526743,0.6647987773815589,0.22924095771777891,0.32093734080489045,0.5501782985226694,0.20631686194600102,59.74019358125318,2.888436067244014,2.544574630667346,0.2750891492613347,1.1232806928171166,3.6678553234844626,9.23841059602649,4.951604686704025,0.5501782985226694,0.2521650534895568,0.5960264900662252,1.3525216505348956,1.925624044829343,0.2521650534895568,0.0,0.0,51.38219493476593,42.028985507246375,53.59801488833747,45.83333333333333,7.737671930718288
usa,MLS,2025 / 2026,Sebastian Breza,27.0,G,Canada,195.0,87.0,3,3,270.0,0.0,0.0,0.0,0.0,0,0,0,0.0,0,0.0,0.0,0.0,0.0,0.0,0.0,0.0,25.999999999999996,0.0,0.0,0.0,0.0,0.0,1.0,1.0,0.0,0.0,0.0,0.33333333333333337,0.0,0.0,0.0,0.0,22.23076923076923,,100.0,,6.833333333333333
usa,MLS,2025 / 2026,Sebastian Gomez,19.0,F,USA,173.0,,1,0,14.0,0.0,0.0,0.0,0.0,0,0,0,0.0,0,0.0,6.428571428571428,0.0,0.0,0.0,0.0,0.0,51.42857142857142,0.0,0.0,0.0,0.0,0.0,25.71428571428571,6.428571428571428,19.285714285714285,6.428571428571428,0.0,0.0,0.0,0.0,0.0,0.0,7.0,0.0,25.0,33.33333333333333,6.3
usa,MLS,2025,Sebastian Kowalczyk,27.0,M,Poland,169.0,54.0,29,16,1519.0,1.0,1.0,0.0,0.0,0,0,4,0.0,0,0.05924950625411455,1.0072416063199474,0.4147465437788018,0.05924950625411455,0.05924950625411455,0.1184990125082291,0.05924950625411455,33.83146807109941,1.066491112574062,1.30348913759052,0.0,0.4147465437788018,1.718235681369322,8.887425938117183,3.91046741277156,1.2442396313364057,0.2369980250164582,1.1257406188281764,2.132982225148124,1.5997366688610928,0.2369980250164582,0.0,0.0,24.928196147110334,41.17647058823529,44.0,19.047619047619047,6.836208031599737
usa,MLS,2025,Sebastian Lletget,33.0,M,USA,178.0,69.0,21,14,1199.0,1.0,2.0,0.0,0.0,0,0,1,0.0,0,0.0750625521267723,0.5254378648874062,0.3002502085070892,0.0750625521267723,0.1501251042535446,0.22518765638031693,0.0750625521267723,37.6814011676397,0.9007506255212677,1.201000834028357,0.37531276063386154,0.7506255212677231,1.9516263552960802,6.755629691409507,3.152627189324437,1.0508757297748124,0.3002502085070892,0.45037531276063386,1.0508757297748124,0.9007506255212677,0.0750625521267723,0.0,0.0,31.01195219123506,57.14285714285714,46.666666666666664,28.57142857142857,6.763272120200334
usa,MLS,2026,Sebastian Nava,22.0,F,USA,173.0,67.0,0,0,0.0,0.0,0.0,0.0,0.0,0,0,0,0.0,0,,,,,,,,,,,,,,,,,,,,,,,,,,,,
usa,MLS,2025 / 2026,Sebastian Schonlau,31.0,D,Germany,185.0,80.0,1,0,25.0,0.0,0.0,0.0,0.0,0,0,0,0.0,0,0.0,3.6,0.0,0.0,0.0,0.0,0.0,61.2,0.0,0.0,0.0,0.0,0.0,10.799999999999999,3.6,0.0,0.0,0.0,0.0,7.2,0.0,0.0,0.0,17.0,0.0,33.33333333333333,,6.7
usa,MLS,2025,Sebastiano Musu,25.0,F,Italy,,,1,0,13.0,0.0,0.0,0.0,0.0,0,0,0,0.0,0,0.0,20.76923076923077,0.0,0.0,0.0,0.0,0.0,34.61538461538462,6.923076923076923,0.0,0.0,0.0,0.0,20.76923076923077,6.923076923076923,0.0,0.0,0.0,0.0,6.923076923076923,0.0,0.0,0.0,5.0,0.0,33.33333333333333,,6.9
usa,MLS,2025 / 2026,Sebastien Ibeagha,33.0,D,USA,188.0,85.0,50,43,3912.0,1.0,1.0,0.0,1.0,0,0,5,0.0,1,0.06901840490797546,0.3680981595092025,0.2070552147239264,0.023006134969325156,0.023006134969325156,0.04601226993865031,0.023006134969325156,31.10429447852761,0.2070552147239264,0.7822085889570553,0.75920245398773,0.9202453987730062,1.7024539877300613,5.17638036809816,3.3358895705521476,0.04601226993865031,0.023006134969325156,0.1610429447852761,0.3911042944785276,0.6211656441717791,0.11503067484662577,0.0,0.023006134969325156,29.441808747220165,56.25,64.44444444444444,50.0,6.827074795081967
usa,MLS,2026,Sekou Tidiany Bangoura,23.0,M,Guinea,169.0,,13,4,500.0,1.0,0.0,0.0,0.0,0,0,2,0.0,0,0.0,0.72,0.36,0.18,0.0,0.18,0.18,55.44,0.18,2.52,0.54,1.6199999999999999,4.14,12.06,6.300000000000001,2.16,0.9,0.54,1.98,2.6999999999999997,0.36,0.0,0.0,31.59090909090909,50.0,52.23880597014925,41.66666666666667,6.8808
usa,MLS,2025,Serge Ngoma,20.0,F,USA,178.0,75.0,20,5,655.0,1.0,0.0,0.0,0.0,0,0,4,0.0,0,0.2748091603053435,1.099236641221374,0.4122137404580153,0.13740458015267176,0.0,0.13740458015267176,0.13740458015267176,18.412213740458014,0.8244274809160306,1.3740458015267174,0.0,0.2748091603053435,1.6488549618320612,12.091603053435115,4.259541984732825,1.5114503816793894,0.9618320610687023,0.6870229007633587,1.099236641221374,2.4732824427480917,0.549618320610687,0.0,0.0,7.488188976377953,37.5,35.22727272727273,63.63636363636363,6.729618320610687
usa,MLS,2025 / 2026,Sergi Palencia,29.0,D,Spain,168.0,67.0,45,43,3676.0,2.0,2.0,0.0,0.0,0,0,8,0.0,0,0.024483133841131665,0.22034820457018497,0.09793253536452666,0.04896626768226333,0.04896626768226333,0.09793253536452666,0.04896626768226333,53.12840043525571,1.1996735582154514,2.423830250272035,0.2693144722524483,0.9548422198041349,3.37867247007617,10.062568008705114,4.84766050054407,1.3465723612622416,0.5631120783460283,1.0038084874863982,1.1507072905331883,1.983133841131665,0.19586507072905332,0.0,0.0,47.41428571428571,44.44444444444444,48.175182481751825,41.81818181818181,7.027443506670298
usa,MLS,2026,Sergi Solans Ormo,22.0,F,,,,14,10,893.0,6.0,3.0,0.0,0.0,0,0,0,0.0,0,0.3023516237402015,2.9227323628219484,1.5117581187010078,0.604703247480403,0.3023516237402015,0.9070548712206047,0.604703247480403,15.923852183650617,1.612541993281075,0.9070548712206047,0.10078387458006718,0.3023516237402015,1.209406494960806,11.590145576707728,5.139977603583427,2.51959686450168,0.9070548712206047,0.3023516237402015,1.5117581187010078,1.612541993281075,0.0,0.0,0.0,10.031645569620252,51.724137931034484,44.34782608695652,36.0,7.110862262038074
usa,MLS,2025,Sergio Busquets,37.0,M,Spain,189.0,74.0,39,38,3429.0,0.0,8.0,0.0,1.0,0,0,6,0.0,0,0.0,0.07874015748031496,0.02624671916010499,0.0,0.20997375328083992,0.20997375328083992,0.0,67.34908136482939,1.0761154855643045,2.4671916010498687,0.26246719160104987,1.1548556430446193,3.6220472440944884,8.293963254593175,5.065616797900263,0.44619422572178474,0.26246719160104987,0.9186351706036745,1.496062992125984,0.8923884514435695,0.15748031496062992,0.0,0.0,62.996882307092754,33.33333333333333,61.07594936708861,58.82352941176471,7.258296879556722
usa,MLS,2026,Sergio Córdova,28.0,F,Venezuela,188.0,87.0,10,4,506.0,1.0,0.0,0.0,0.0,0,0,1,0.0,0,0.8893280632411067,0.7114624505928854,0.3557312252964427,0.17786561264822134,0.0,0.17786561264822134,0.17786561264822134,18.853754940711465,0.3557312252964427,1.9565217391304348,0.0,0.17786561264822134,2.134387351778656,11.561264822134389,6.758893280632411,1.4229249011857708,0.7114624505928854,0.0,2.66798418972332,1.2450592885375493,0.17786561264822134,0.0,0.0,8.867924528301886,50.0,58.46153846153847,50.0,6.7754940711462455
usa,MLS,2025 / 2026,Sergio Oregel,20.0,M,USA,175.0,65.0,33,26,2195.0,0.0,0.0,0.0,0.0,0,0,7,0.0,1,0.0,0.4510250569476082,0.16400911161731208,0.0,0.0,0.0,0.0,60.92938496583143,0.9430523917995445,1.1070615034168565,0.12300683371298406,0.9430523917995445,2.050113895216401,6.437357630979499,2.624145785876993,1.2710706150341686,0.5330296127562641,0.6150341685649203,0.8200455580865603,1.3530751708428246,0.2870159453302961,0.0,0.04100227790432802,49.80484522207268,36.36363636363637,40.76433121019109,41.935483870967744,6.770706150341686
usa,MLS,2026,Sergio Reguilón,29.0,D,Spain,178.0,68.0,6,5,358.0,1.0,0.0,0.0,1.0,0,0,1,0.0,0,0.25139664804469275,0.5027932960893855,0.25139664804469275,0.25139664804469275,0.0,0.25139664804469275,0.25139664804469275,50.530726256983236,1.2569832402234635,1.005586592178771,0.25139664804469275,0.7541899441340782,1.7597765363128492,8.296089385474861,3.5195530726256985,1.5083798882681565,0.5027932960893855,0.5027932960893855,1.005586592178771,2.011173184357542,0.25139664804469275,0.0,0.0,27.149253731343283,50.0,42.42424242424242,33.33333333333333,6.5709497206703915
usa,MLS,2025 / 2026,Sergio Santos,31.0,F,Brazil,183.0,84.0,23,6,722.0,2.0,2.0,0.0,0.0,0,0,0,0.0,0,0.24930747922437674,1.6204986149584488,0.7479224376731303,0.24930747922437674,0.24930747922437674,0.4986149584487535,0.24930747922437674,23.93351800554017,1.6204986149584488,3.2409972299168976,0.12465373961218837,0.0,3.2409972299168976,17.202216066481995,9.349030470914126,2.6177285318559558,0.997229916897507,0.997229916897507,2.991689750692521,2.119113573407202,0.0,0.0,0.0,7.840425531914893,46.15384615384615,54.347826086956516,38.095238095238095,6.868836565096953
usa,MLS,2025,Seth Antwi,26.0,M,Ghana,,,2,0,18.0,0.0,0.0,0.0,0.0,0,0,0,0.0,0,0.0,0.0,0.0,0.0,0.0,0.0,0.0,35.0,5.0,5.0,0.0,5.0,10.0,10.0,5.0,0.0,0.0,5.0,0.0,0.0,0.0,0.0,0.0,3.857142857142857,,50.0,,6.6
usa,MLS,2025 / 2026,Seymour Garfield-Reid,17.0,F,Jamaica,,,20,0,206.0,1.0,0.0,0.0,0.0,0,0,0,0.0,0,0.8737864077669902,2.1844660194174756,1.3106796116504855,0.4368932038834951,0.0,0.4368932038834951,0.4368932038834951,20.533980582524272,1.7475728155339805,0.8737864077669902,0.4368932038834951,0.4368932038834951,1.3106796116504855,14.854368932038836,5.242718446601942,2.621359223300971,0.8737864077669902,0.4368932038834951,1.3106796116504855,2.1844660194174756,0.0,0.0,0.0,3.911111111111111,60.0,35.294117647058826,33.33333333333333,6.57286432160804
usa,MLS,2025 / 2026,Shakur Mohammed,22.0,M,Ghana,178.0,72.0,7,2,203.0,2.0,0.0,0.0,0.0,0,0,1,0.0,0,0.0,1.3300492610837438,1.3300492610837438,0.8866995073891626,0.0,0.8866995073891626,0.8866995073891626,23.054187192118228,0.4433497536945813,0.8866995073891626,0.0,0.0,0.8866995073891626,10.19704433497537,3.5467980295566504,0.8866995073891626,0.8866995073891626,0.8866995073891626,0.8866995073891626,3.103448275862069,0.4433497536945813,0.0,0.0,12.692307692307692,100.0,34.78260869565217,100.0,7.175742574257426
usa,MLS,2026,Shane Donovan,18.0,M,,,,1,0,6.0,0.0,0.0,0.0,0.0,0,0,0,0.0,0,0.0,0.0,0.0,0.0,0.0,0.0,0.0,15.0,0.0,0.0,0.0,0.0,0.0,0.0,0.0,0.0,0.0,0.0,0.0,0.0,0.0,0.0,0.0,,,,,
usa,MLS,2025 / 2026,Shaq Moore,29.0,D,USA,180.0,74.0,50,47,4317.0,3.0,3.0,0.0,2.0,0,0,6,0.0,0,0.08339124391938846,0.5003474635163307,0.20847810979847117,0.06254343293954134,0.06254343293954134,0.1250868658790827,0.06254343293954134,31.563585823488534,0.5211952744961779,1.6052814454482278,0.4586518415566366,0.9173036831132731,2.5225851285615013,7.150799166087561,3.8776928422515637,0.9589993050729674,0.4586518415566366,0.41695621959694235,0.9173036831132731,1.1674774148714386,0.1250868658790827,0.0,0.0,28.10568031704095,41.66666666666667,54.22740524781341,47.82608695652174,6.892842251563586
usa,MLS,2025,Show,26.0,M,Angola,180.0,75.0,6,4,305.0,0.0,0.0,0.0,0.0,0,0,2,0.0,0,0.0,0.29508196721311475,0.29508196721311475,0.0,0.0,0.0,0.0,48.393442622950815,0.29508196721311475,1.180327868852459,0.0,1.180327868852459,2.360655737704918,8.852459016393443,2.9508196721311477,0.5901639344262295,0.29508196721311475,0.5901639344262295,0.8852459016393444,2.655737704918033,0.5901639344262295,0.0,0.0,25.548780487804876,100.0,33.33333333333333,50.0,6.42983606557377
usa,MLS,2025,Sigurd Rosted,31.0,D,Norway,188.0,80.0,31,27,2545.0,1.0,1.0,1.0,0.0,0,0,2,0.0,0,0.0,0.2475442043222004,0.10609037328094302,0.03536345776031434,0.03536345776031434,0.07072691552062868,0.03536345776031434,43.426326129666016,0.1768172888015717,1.2023575638506876,1.1316306483300589,1.2023575638506876,2.404715127701375,6.153241650294695,3.5009823182711197,0.10609037328094302,0.03536345776031434,0.3889980353634578,1.0609037328094302,0.8487229862475442,0.07072691552062868,0.0,0.0,37.71742671009772,42.857142857142854,56.896551724137936,33.33333333333333,6.948447937131631
usa,MLS,2026,Silvan Hefti,28.0,D,Switzerland,182.0,76.0,14,14,1226.0,0.0,2.0,0.0,0.0,0,0,4,0.0,1,0.0,0.0,0.0,0.0,0.1468189233278956,0.1468189233278956,0.0,29.363784665579118,0.8075040783034257,2.6427406199021206,0.22022838499184338,1.6884176182707993,4.33115823817292,8.66231647634584,4.551386623164763,0.5872756933115824,0.2936378466557912,0.8809135399673735,0.5872756933115824,1.3213703099510603,0.2936378466557912,0.0,0.0734094616639478,23.5275,,52.54237288135594,50.0,6.747226753670473
usa,MLS,2025 / 2026,Simon Becher,26.0,F,USA,185.0,85.0,47,25,2438.0,4.0,6.0,1.0,0.0,0,0,5,0.0,0,0.701394585726005,2.178014766201805,0.9598031173092698,0.14766201804758,0.22149302707136997,0.36915504511895,0.14766201804758,19.159146841673504,1.25512715340443,0.59064807219032,0.11074651353568499,0.22149302707136997,0.81214109926169,14.175553732567678,5.869565217391304,2.06726825266612,0.7752255947497949,0.36915504511895,1.808859721082855,1.62428219852338,0.184577522559475,0.0,0.0,10.798434442270059,44.06779661016949,41.40625,37.5,6.606398687448729
usa,MLS,2025 / 2026,Snyder Brunell,18.0,M,USA,178.0,61.0,20,12,1148.0,2.0,1.0,0.0,0.0,0,0,2,0.0,0,0.0,1.254355400696864,0.705574912891986,0.156794425087108,0.078397212543554,0.23519163763066203,0.156794425087108,44.60801393728223,0.862369337979094,1.724738675958188,0.47038327526132406,1.489547038327526,3.214285714285714,9.329268292682926,4.076655052264808,1.8815331010452963,0.7839721254355401,0.7839721254355401,1.019163763066202,1.17595818815331,0.156794425087108,0.0,0.0,29.20738137082601,56.25,43.69747899159664,41.66666666666667,6.7839721254355405
usa,MLS,2025,Souleyman Doumbia,29.0,D,Côte d'Ivoire,183.0,73.0,11,8,610.0,0.0,1.0,0.0,0.0,0,0,0,0.0,0,0.0,0.0,0.0,0.0,0.14754098360655737,0.14754098360655737,0.0,47.803278688524586,0.4426229508196722,1.6229508196721312,0.7377049180327869,1.4754098360655739,3.098360655737705,7.8196721311475414,4.278688524590164,1.3278688524590165,0.5901639344262295,0.14754098360655737,1.0327868852459017,0.7377049180327869,0.0,0.0,0.0,35.141975308641975,,54.71698113207547,44.44444444444444,6.927049180327868
usa,MLS,2025,Stanislav Lapkes,19.0,G,USA,194.0,82.0,0,0,0.0,0.0,0.0,0.0,0.0,0,0,0,0.0,0,,,,,,,,,,,,,,,,,,,,,,,,,,,,
usa,MLS,2025 / 2026,Stas Kornzeniowski,22.0,F,USA,,,6,1,170.0,0.0,1.0,1.0,0.0,0,0,0,0.0,0,0.0,2.6470588235294117,1.0588235294117647,0.0,0.5294117647058824,0.5294117647058824,0.0,20.64705882352941,0.5294117647058824,1.0588235294117647,0.0,0.0,1.0588235294117647,16.41176470588235,6.352941176470588,2.1176470588235294,0.5294117647058824,0.0,2.6470588235294117,1.588235294117647,0.0,0.0,0.0,5.282051282051282,40.0,38.70967741935484,25.0,6.391764705882353
usa,MLS,2025 / 2026,Stefan Chirilla,18.0,M,USA,,,2,0,11.0,0.0,0.0,0.0,0.0,0,0,0,0.0,0,0.0,0.0,0.0,0.0,0.0,0.0,0.0,16.363636363636363,8.181818181818182,0.0,0.0,0.0,0.0,16.363636363636363,0.0,0.0,0.0,0.0,0.0,0.0,0.0,0.0,0.0,2.0,,0.0,,6.3
usa,MLS,2025 / 2026,Stefan Cleveland,31.0,G,USA,188.0,84.0,6,6,549.0,0.0,0.0,0.0,0.0,0,0,0,0.0,0,0.0,0.0,0.0,0.0,0.0,0.0,0.0,29.18032786885246,0.0,0.0,0.0,0.0,0.0,0.16393442622950818,0.16393442622950818,0.0,0.0,0.0,0.0,0.0,0.0,0.0,0.0,21.415730337078653,,100.0,,6.983606557377049
usa,MLS,2025 / 2026,Stefan Frei,39.0,G,USA,191.0,89.0,29,29,2621.0,0.0,0.0,0.0,0.0,0,0,0,0.0,0,0.0,0.0,0.0,0.0,0.0,0.0,0.0,24.895078214421975,0.0,0.03433803891644411,0.0,0.0,0.03433803891644411,0.2747043113315529,0.24036627241510874,0.0,0.0,0.0,0.13735215566577644,0.0,0.0,0.0,0.0,18.68,,87.5,,6.954826402136589
usa,MLS,2026,Stefan Kapor,16.0,D,,,,0,0,0.0,0.0,0.0,0.0,0.0,0,0,0,0.0,0,,,,,,,,,,,,,,,,,,,,,,,,,,,,
usa,MLS,2025 / 2026,Stephen Afrifa,24.0,F,Canada,180.0,68.0,22,1,407.0,1.0,1.0,1.0,0.0,0,0,1,0.0,0,0.22113022113022113,1.99017199017199,1.1056511056511056,0.22113022113022113,0.22113022113022113,0.44226044226044225,0.22113022113022113,32.5061425061425,1.3267813267813269,3.095823095823096,0.0,0.22113022113022113,3.3169533169533167,21.44963144963145,10.835380835380835,6.412776412776413,3.538083538083538,0.8845208845208845,2.8746928746928746,2.211302211302211,0.22113022113022113,0.0,0.0,9.191780821917808,55.55555555555556,50.51546391752577,55.172413793103445,6.737346437346439
usa,MLS,2026,Stephen Eustaquio,29.0,M,Canada,177.0,70.0,10,7,602.0,1.0,1.0,0.0,0.0,0,0,0,0.0,0,0.0,0.5980066445182725,0.29900332225913623,0.14950166112956811,0.14950166112956811,0.29900332225913623,0.14950166112956811,76.09634551495017,0.5980066445182725,2.5415282392026577,0.14950166112956811,1.345514950166113,3.8870431893687707,9.418604651162791,4.485049833887043,0.5980066445182725,0.4485049833887043,1.9435215946843853,0.8970099667774086,1.196013289036545,0.0,0.0,0.0,62.11984282907662,50.0,47.61904761904761,75.0,7.059136212624585
usa,MLS,2025 / 2026,Steven Alzate,27.0,M,Colombia,180.0,75.0,17,11,1046.0,0.0,1.0,0.0,0.0,0,0,3,0.0,0,0.08604206500956023,0.6022944550669217,0.3441682600382409,0.0,0.08604206500956023,0.08604206500956023,0.0,55.75525812619503,1.118546845124283,2.1510516252390057,0.0,0.7743785850860421,2.925430210325048,9.722753346080307,5.076481835564054,2.323135755258126,1.3766730401529637,0.7743785850860421,1.0325047801147227,1.2045889101338434,0.25812619502868067,0.0,0.0,45.123456790123456,57.14285714285714,52.21238938053098,59.25925925925925,6.673518164435946
usa,MLS,2025 / 2026,Steven Moreira,31.0,D,France,180.0,72.0,47,45,3883.0,1.0,2.0,0.0,0.0,0,0,5,0.0,0,0.0,0.3244913726500129,0.20860159670357972,0.023177955189286635,0.04635591037857327,0.0695338655678599,0.023177955189286635,64.04069018799896,0.764872521246459,1.0893638938964718,0.20860159670357972,0.6258047901107391,1.7151686840072111,5.678599021375225,2.4336852948750964,1.0430079835178985,0.5330929693535926,0.5330929693535926,0.37084728302858616,0.7880504764357457,0.11588977594643318,0.0,0.0,59.19290626131017,64.28571428571429,42.857142857142854,51.11111111111111,6.834329126963688
usa,MLS,2025 / 2026,Stian Gregersen,30.0,D,Norway,192.0,83.0,27,26,2098.0,0.0,1.0,0.0,0.0,0,0,6,0.0,0,0.042897998093422304,0.30028598665395617,0.042897998093422304,0.0,0.042897998093422304,0.042897998093422304,0.0,58.641563393708296,0.25738798856053385,1.6301239275500476,0.5147759771210677,1.3727359389895137,3.0028598665395614,7.421353670162059,4.547187797902764,0.17159199237368922,0.12869399428026693,0.38608198284080075,1.244041944709247,1.5014299332697807,0.25738798856053385,0.0,0.0,53.753474762253106,14.285714285714285,61.27167630057804,75.0,6.863441372735939
usa,MLS,2026,Stijn Spierings,29.0,M,Netherlands,188.0,83.0,11,9,760.0,1.0,1.0,0.0,0.0,0,0,1,0.0,0,0.0,0.47368421052631576,0.47368421052631576,0.11842105263157894,0.11842105263157894,0.23684210526315788,0.11842105263157894,54.94736842105263,1.0657894736842106,2.25,0.23684210526315788,1.4210526315789473,3.6710526315789473,9.118421052631579,4.5,0.47368421052631576,0.11842105263157894,0.7105263157894737,0.9473684210526315,2.013157894736842,0.11842105263157894,0.0,0.0,44.93103448275862,100.0,49.35064935064935,25.0,7.062894736842106
usa,MLS,2025 / 2026,Stiven Jimenez,18.0,M,USA,173.0,68.0,3,1,121.0,0.0,0.0,0.0,1.0,0,0,0,0.0,0,0.0,0.0,0.0,0.0,0.0,0.0,0.0,27.52066115702479,1.487603305785124,2.231404958677686,1.487603305785124,0.743801652892562,2.975206611570248,12.644628099173554,6.694214876033058,0.0,0.0,0.743801652892562,2.231404958677686,2.975206611570248,0.0,0.0,0.0,17.216216216216218,,52.94117647058824,,6.576859504132231
usa,MLS,2025 / 2026,Strahinja Tanasijević,28.0,D,Serbia,183.0,73.0,19,7,723.0,0.0,0.0,0.0,0.0,0,0,3,0.0,0,0.0,0.0,0.0,0.0,0.0,0.0,0.0,54.77178423236514,0.0,1.2448132780082988,0.0,0.7468879668049793,1.991701244813278,8.215767634854771,4.730290456431535,0.37344398340248963,0.24896265560165975,0.12448132780082988,1.4937759336099585,1.4937759336099585,0.37344398340248963,0.0,0.0,33.91799544419134,,57.57575757575758,66.66666666666666,6.8373092926491
usa,MLS,2025 / 2026,Stuart Hawkins,19.0,D,USA,190.0,66.0,5,0,147.0,0.0,0.0,0.0,0.0,0,0,0,0.0,0,0.0,0.6122448979591837,0.0,0.0,0.0,0.0,0.0,39.183673469387756,0.6122448979591837,0.6122448979591837,0.6122448979591837,0.6122448979591837,1.2244897959183674,7.346938775510203,3.0612244897959187,0.0,0.0,0.0,0.0,0.6122448979591837,0.0,0.0,0.0,13.5625,0.0,41.66666666666667,,6.7122448979591836
usa,MLS,2025 / 2026,Sydney Wathuta,21.0,F,Canada,191.0,78.0,1,0,1.0,0.0,0.0,0.0,0.0,0,0,0,0.0,0,0.0,0.0,0.0,0.0,0.0,0.0,0.0,180.0,0.0,0.0,0.0,0.0,0.0,0.0,0.0,0.0,0.0,0.0,0.0,0.0,0.0,0.0,0.0,2.0,,,,
usa,MLS,2025 / 2026,Tadeo Allende,26.0,F,Argentina,183.0,78.0,46,36,3120.0,20.0,2.0,0.0,0.0,0,0,4,0.0,0,0.49038461538461536,1.7884615384615383,1.1826923076923077,0.5769230769230769,0.057692307692307696,0.6346153846153846,0.5769230769230769,24.173076923076923,0.9230769230769231,0.721153846153846,0.08653846153846154,0.5769230769230769,1.2980769230769231,8.798076923076923,4.269230769230769,1.8173076923076925,0.6923076923076923,0.6346153846153846,0.6346153846153846,0.7788461538461539,0.11538461538461539,0.0,0.0,17.463007159904535,66.12903225806451,48.52459016393443,38.095238095238095,7.0337499999999995
usa,MLS,2025 / 2026,Tah Anunga,29.0,M,Cameroon,180.0,81.0,39,23,2113.0,0.0,1.0,0.0,0.0,0,0,3,0.0,1,0.0,0.2555608140085187,0.08518693800283957,0.0,0.04259346900141978,0.04259346900141978,0.0,46.81022243256034,0.29815428300993846,2.3000473260766685,0.5537150970184571,1.1074301940369142,3.4074775201135825,7.581637482252721,4.088973024136299,0.8944628490298154,0.5963085660198769,0.5963085660198769,0.7240889730241363,1.533364884051112,0.12778040700425936,0.0,0.04259346900141978,32.798908098271156,33.33333333333333,53.93258426966292,66.66666666666666,6.898955365622033
usa,MLS,2025 / 2026,Taha Habroune,19.0,M,USA,182.0,76.0,35,18,1697.0,2.0,3.0,0.0,0.0,0,0,5,0.0,0,0.2121390689451974,0.5833824395992929,0.4242781378903948,0.1060695344725987,0.15910430170889805,0.26517383618149676,0.1060695344725987,52.18621096051856,1.538008249852681,3.5533294048320565,0.26517383618149676,0.901591043017089,4.454920447849146,12.887448438420742,6.364172068355923,2.280494991160872,1.1137301119622864,0.901591043017089,1.2728344136711844,1.9092516205067767,0.26517383618149676,0.0,0.0,39.6839430894309,72.72727272727273,49.382716049382715,48.837209302325576,6.980542452830188
usa,MLS,2025 / 2026,Tahir Reid-Brown,19.0,D,USA,188.0,,7,2,249.0,0.0,0.0,0.0,0.0,0,0,1,0.0,0,0.0,0.0,0.0,0.0,0.0,0.0,0.0,32.89156626506024,0.0,0.7228915662650601,0.0,0.7228915662650601,1.4457831325301203,7.951807228915663,2.8915662650602405,1.0843373493975905,0.36144578313253006,1.0843373493975905,1.4457831325301203,1.0843373493975905,0.36144578313253006,0.0,0.0,19.373626373626372,,36.36363636363637,33.33333333333333,5.946184738955823
usa,MLS,2025 / 2026,Tai Baribo,27.0,F,Israel,181.0,78.0,44,34,3066.0,26.0,3.0,0.0,0.0,3,0,8,0.0,0,0.46966731898238745,1.9667318982387474,1.0567514677103718,0.7632093933463796,0.08806262230919765,0.8512720156555773,0.6751467710371819,23.424657534246574,0.9686888454011742,0.8512720156555773,0.029354207436399216,0.26418786692759294,1.11545988258317,11.682974559686889,4.227005870841487,0.9686888454011742,0.46966731898238745,0.5870841487279843,0.9099804305283756,1.5557729941291585,0.23483365949119372,0.0,0.0,16.385964912280702,53.73134328358209,36.18090452261307,48.484848484848484,7.129419439008481
usa,MLS,2026,Talles Magno,23.0,F,Brazil,185.0,70.0,10,0,199.0,2.0,0.0,0.0,0.0,0,0,0,0.0,0,1.8090452261306533,3.1658291457286434,2.261306532663317,0.9045226130653267,0.0,0.9045226130653267,0.9045226130653267,24.87437185929648,0.45226130653266333,1.8090452261306533,0.0,0.0,1.8090452261306533,20.804020100502512,10.854271356783919,4.522613065326634,3.1658291457286434,0.9045226130653267,2.7135678391959797,2.7135678391959797,0.0,0.0,0.0,4.890909090909091,71.42857142857143,52.17391304347826,70.0,6.807035175879396
usa,MLS,2025,Tani Oluwaseyi,25.0,F,Nigeria,191.0,80.0,24,21,1862.0,10.0,7.0,0.0,0.0,0,0,5,0.0,0,0.3383458646616541,2.5134264232008596,1.3533834586466165,0.4833512352309345,0.3383458646616541,0.8216970998925887,0.4833512352309345,17.20730397422127,1.2083780880773363,1.1117078410311492,0.24167561761546724,0.3383458646616541,1.4500537056928036,12.663802363050483,5.220193340494093,2.1267454350161117,0.5800214822771214,0.5316863587540279,0.8216970998925887,1.6433941997851773,0.24167561761546724,0.0,0.0,11.474719101123595,53.84615384615385,41.221374045801525,27.27272727272727,7.230612244897959
usa,MLS,2025 / 2026,Tanner Beason,28.0,D,USA,185.0,80.0,32,22,2026.0,0.0,1.0,0.0,0.0,0,0,1,0.0,0,0.0,0.08884501480750247,0.08884501480750247,0.0,0.044422507403751234,0.044422507403751234,0.0,45.0,0.17769002961500494,2.309970384995064,1.1994076999012833,0.9772951628825272,3.2872655478775914,7.374136229022705,4.842053307008885,0.22211253701875616,0.08884501480750247,0.8884501480750246,0.7996051332675221,0.35538005923000987,0.044422507403751234,0.0,0.0,35.61857707509881,100.0,65.66265060240963,40.0,6.922579051383399
usa,MLS,2025 / 2026,Tanner Rosborough,17.0,M,USA,,,5,0,74.0,0.0,0.0,0.0,0.0,0,0,0,0.0,0,0.0,2.4324324324324325,2.4324324324324325,0.0,0.0,0.0,0.0,42.567567567567565,0.0,1.2162162162162162,0.0,0.0,1.2162162162162162,7.297297297297297,2.4324324324324325,1.2162162162162162,0.0,1.2162162162162162,1.2162162162162162,1.2162162162162162,0.0,0.0,0.0,8.657142857142857,100.0,33.33333333333333,0.0,6.483561643835617
usa,MLS,2025,Tarik Scott,20.0,F,USA,178.0,64.0,4,0,51.0,0.0,0.0,0.0,0.0,0,0,0,0.0,0,0.0,1.7647058823529411,0.0,0.0,0.0,0.0,0.0,12.352941176470589,0.0,3.5294117647058822,0.0,1.7647058823529411,5.294117647058823,14.117647058823529,5.294117647058823,1.7647058823529411,0.0,3.5294117647058822,0.0,3.5294117647058822,0.0,0.0,0.0,3.5,0.0,37.5,0.0,6.54
usa,MLS,2025 / 2026,Tate Johnson,20.0,D,USA,170.0,73.0,44,34,3194.0,1.0,1.0,0.0,0.0,0,0,6,0.0,0,0.028177833437695678,0.16906700062617408,0.08453350031308704,0.028177833437695678,0.028177833437695678,0.056355666875391355,0.028177833437695678,46.944270507201004,0.9298685034439574,1.6906700062617406,0.22542266750156542,0.873512836568566,2.5641828428303066,7.467125860989355,4.226675015654352,0.6199123356293049,0.30995616781465246,0.6762680025046963,1.5216030056355667,0.9016906700062617,0.16906700062617408,0.0,0.0,39.65066026410564,50.0,56.60377358490566,50.0,6.984596117720726
usa,MLS,2025,Tate Schmitt,28.0,D,USA,178.0,72.0,3,0,38.0,0.0,0.0,0.0,0.0,0,0,0,0.0,0,0.0,2.3684210526315788,2.3684210526315788,0.0,0.0,0.0,0.0,40.26315789473684,0.0,0.0,0.0,0.0,0.0,7.105263157894736,0.0,0.0,0.0,4.7368421052631575,0.0,2.3684210526315788,0.0,0.0,0.0,8.882352941176471,100.0,0.0,,6.2
usa,MLS,2026,Taylor Calheira,23.0,F,USA,,,10,3,291.0,0.0,0.0,0.0,0.0,0,0,1,0.0,0,0.6185567010309279,1.5463917525773196,1.5463917525773196,0.0,0.0,0.0,0.0,26.90721649484536,0.30927835051546393,2.1649484536082477,0.0,0.30927835051546393,2.4742268041237114,12.371134020618557,6.185567010309279,0.9278350515463918,0.6185567010309279,0.0,0.9278350515463918,0.9278350515463918,0.30927835051546393,0.0,0.0,10.885057471264368,100.0,50.0,66.66666666666666,6.647586206896551
usa,MLS,2025,Taylor Washington,32.0,D,USA,178.0,77.0,0,0,0.0,0.0,0.0,0.0,0.0,0,0,0,0.0,0,,,,,,,,,,,,,,,,,,,,,,,,,,,,
usa,MLS,2025 / 2026,Tayvon Gray,23.0,D,Jamaica,180.0,74.0,45,41,3458.0,1.0,1.0,0.0,1.0,0,0,11,0.0,1,0.026026604973973393,0.4424522845575477,0.18218623481781376,0.026026604973973393,0.026026604973973393,0.05205320994794679,0.026026604973973393,55.33256217466744,0.7807981492192019,2.238288027761712,0.3643724696356275,0.858877964141122,3.097165991902834,8.718912666281089,5.335454019664546,0.9629843840370157,0.6246385193753615,0.39039907460960094,1.3533834586466165,1.3533834586466165,0.28629265471370735,0.0,0.026026604973973393,45.816556914393225,41.17647058823529,61.19402985074627,64.86486486486487,6.939126662810874
usa,MLS,2025,Teal Bunbury,35.0,F,USA,188.0,80.0,23,1,295.0,0.0,0.0,0.0,0.0,0,0,1,0.0,0,1.2203389830508473,2.745762711864407,0.9152542372881355,0.0,0.0,0.0,0.0,23.491525423728813,0.30508474576271183,0.6101694915254237,0.30508474576271183,0.30508474576271183,0.9152542372881355,17.084745762711865,6.711864406779662,0.6101694915254237,0.6101694915254237,0.9152542372881355,3.0508474576271185,3.0508474576271185,0.30508474576271183,0.0,0.0,3.3376623376623376,33.33333333333333,39.285714285714285,100.0,6.595189003436427
usa,MLS,2025 / 2026,Teenage Hadebe,30.0,D,Zimbabwe,180.0,74.0,31,16,1608.0,0.0,1.0,0.0,1.0,0,0,4,0.0,0,0.0,0.11194029850746269,0.0,0.0,0.055970149253731345,0.055970149253731345,0.0,52.5,0.22388059701492538,2.1828358208955225,0.6716417910447761,1.9029850746268657,4.085820895522388,7.5,4.645522388059701,0.33582089552238803,0.22388059701492538,0.33582089552238803,0.5597014925373135,1.119402985074627,0.22388059701492538,0.0,0.0,39.16417910447761,0.0,61.940298507462686,66.66666666666666,6.931405472636817
usa,MLS,2025 / 2026,Telasco Segovia,22.0,M,Venezuela,180.0,65.0,51,32,2939.0,11.0,10.0,0.0,0.0,0,0,13,0.0,0,0.1837359646138142,0.9186798230690711,0.5205852330724736,0.33684926845865937,0.30622660768969034,0.6430758761483497,0.33684926845865937,52.18101395032324,1.5311330384484518,1.8373596461381423,0.12249064307587615,0.5818305546104118,2.4191902007485537,8.696835658387206,3.7359646138142226,1.5311330384484518,0.8574345015311331,0.6736985369173187,0.6430758761483497,2.0823409322898945,0.3980945899965975,0.0,0.0,37.89495305164319,56.666666666666664,42.95774647887324,56.00000000000001,6.937972099353522
usa,MLS,2025 / 2026,Theo Corbeanu,23.0,F,Canada,190.0,83.0,34,27,2403.0,6.0,2.0,1.0,0.0,1,0,3,0.0,0,0.33707865168539325,1.647940074906367,0.9363295880149812,0.2247191011235955,0.0749063670411985,0.299625468164794,0.18726591760299627,24.119850187265918,1.2359550561797754,0.6367041198501873,0.03745318352059925,0.37453183520599254,1.0112359550561798,10.486891385767791,4.9812734082397006,4.2322097378277155,2.322097378277154,0.7865168539325843,1.348314606741573,0.9737827715355805,0.11235955056179775,0.0,0.0,18.76086956521739,56.81818181818182,47.5,54.86725663716814,6.965792759051186
usa,MLS,2025 / 2026,Theodore Ku-DiPietro,23.0,M,USA,175.0,73.0,29,12,1239.0,1.0,2.0,1.0,0.0,0,0,2,0.0,0,0.2179176755447942,1.5980629539951574,0.9443099273607748,0.07263922518159806,0.14527845036319612,0.2179176755447942,0.07263922518159806,37.04600484261501,1.5254237288135593,0.8716707021791767,0.2179176755447942,0.8716707021791767,1.7433414043583535,9.00726392251816,3.922518159806295,3.3414043583535107,1.3075060532687652,0.5084745762711864,1.5980629539951574,0.3631961259079903,0.14527845036319612,0.0,0.0,18.575638506876228,59.09090909090909,43.54838709677419,39.130434782608695,6.802340597255852
usa,MLS,2025 / 2026,Thiago Martins,30.0,D,Brazil,185.0,78.0,50,49,4427.0,1.0,0.0,0.0,1.0,0,0,1,0.0,0,0.060989383329568554,0.3252767110910323,0.14230856110232665,0.020329794443189518,0.0,0.020329794443189518,0.020329794443189518,74.08177095098262,0.040659588886379036,0.8741811610571494,0.8945109555003389,0.6708832166252542,1.5450643776824033,4.594533544160831,2.8461712220465327,0.1016489722159476,0.060989383329568554,0.16263835554551614,0.12197876665913711,0.508244861079738,0.020329794443189518,0.0,0.0,70.2340834248079,43.75,61.94690265486725,60.0,7.029591145245087
usa,MLS,2025 / 2026,Thomas Gillier,21.0,G,Chile,186.0,78.0,19,19,1746.0,0.0,0.0,0.0,1.0,0,0,3,0.0,0,0.0,0.0,0.0,0.0,0.0,0.0,0.0,28.09278350515464,0.0,0.0,0.0,0.0,0.0,0.6185567010309279,0.4639175257731959,0.10309278350515465,0.10309278350515465,0.051546391752577324,0.30927835051546393,0.051546391752577324,0.15463917525773196,0.0,0.0,22.28073394495413,,75.0,100.0,6.836025200458191
usa,MLS,2025,Thomas Gillier,19.0,G,Chile,,,4,4,380.0,0.0,0.0,0.0,0.0,0,0,2,0.0,0,0.0,0.0,0.0,0.0,0.0,0.0,0.0,27.236842105263158,0.0,0.23684210526315788,0.0,0.0,0.23684210526315788,0.23684210526315788,0.23684210526315788,0.0,0.0,0.0,0.0,0.0,0.47368421052631576,0.0,0.0,24.973913043478262,,100.0,,7.005526315789473
usa,MLS,2025 / 2026,Thomas Hasal,26.0,G,Canada,193.0,86.0,5,4,345.0,0.0,0.0,0.0,0.0,0,0,0,0.0,0,0.0,0.0,0.0,0.0,0.0,0.0,0.0,14.869565217391303,0.0,0.0,0.0,0.0,0.0,0.0,0.0,0.0,0.0,0.0,0.0,0.0,0.0,0.0,0.0,9.807017543859649,,,,6.521739130434782
usa,MLS,2025,Thomas Musto,22.0,M,USA,185.0,,0,0,0.0,0.0,0.0,0.0,0.0,0,0,0,0.0,0,,,,,,,,,,,,,,,,,,,,,,,,,,,,
usa,MLS,2025 / 2026,Thomas Müller,36.0,M,Germany,185.0,76.0,24,20,1837.0,12.0,5.0,0.0,0.0,7,0,2,0.0,0,0.24496461622210125,2.2046815459989113,1.4207947740881872,0.587915078933043,0.24496461622210125,0.8328796951551443,0.24496461622210125,45.46543277082199,2.4496461622210126,1.175830157866086,0.24496461622210125,0.19597169297768102,1.371801850843767,7.936853565596081,4.262384322264562,1.371801850843767,0.7348938486663037,0.6369080021774632,1.175830157866086,0.587915078933043,0.09798584648884051,0.0,0.0,34.18318965517241,64.44444444444444,53.70370370370371,53.57142857142857,7.663908546543277
usa,MLS,2025 / 2026,Thomas Williams,21.0,D,USA,191.0,77.0,1,0,10.0,0.0,0.0,0.0,0.0,0,0,0,0.0,0,0.0,0.0,0.0,0.0,0.0,0.0,0.0,0.0,0.0,9.0,0.0,9.0,18.0,18.0,9.0,0.0,0.0,0.0,0.0,9.0,0.0,0.0,0.0,,,50.0,,6.6
usa,MLS,2026,Tiago Souza,20.0,F,Brazil,,,13,8,600.0,1.0,1.0,1.0,0.0,0,0,3,0.0,0,0.45,1.05,0.45,0.15000000000000002,0.15000000000000002,0.30000000000000004,0.15000000000000002,18.45,0.6000000000000001,1.9500000000000002,0.30000000000000004,0.9,2.85,13.2,6.6,1.9500000000000002,0.75,0.45,2.4000000000000004,2.55,0.45,0.0,0.0,11.71311475409836,42.857142857142854,50.0,38.46153846153847,6.527545909849749
usa,MLS,2025,Tim Leibold,32.0,D,Germany,174.0,72.0,19,11,880.0,1.0,2.0,0.0,0.0,0,0,6,0.0,0,0.3068181818181818,0.6136363636363636,0.20454545454545453,0.10227272727272727,0.20454545454545453,0.3068181818181818,0.10227272727272727,39.88636363636363,1.6363636363636362,1.7386363636363635,0.20454545454545453,1.4318181818181817,3.1704545454545454,8.284090909090908,4.295454545454546,0.6136363636363636,0.20454545454545453,1.2272727272727273,1.7386363636363635,1.7386363636363635,0.6136363636363636,0.0,0.0,22.684615384615384,33.33333333333333,51.85185185185185,33.33333333333333,6.8525
usa,MLS,2025 / 2026,Tim Parker,32.0,D,USA,188.0,88.0,20,14,1294.0,1.0,0.0,0.0,0.0,0,0,3,0.0,0,0.0,0.20865533230293662,0.0695517774343122,0.0695517774343122,0.0,0.0695517774343122,0.0695517774343122,61.13601236476043,0.20865533230293662,1.1128284389489953,0.34775888717156106,0.4868624420401855,1.599690880989181,7.650695517774343,4.729520865533231,0.0,0.0,0.2782071097372488,0.4868624420401855,0.6259659969088099,0.20865533230293662,0.0,0.0,54.16438356164384,33.33333333333333,61.81818181818181,,6.903018575851394
usa,MLS,2025 / 2026,Tim Ream,38.0,D,USA,185.0,80.0,41,38,3437.0,0.0,1.0,0.0,0.0,0,0,2,0.0,0,0.02618562700029095,0.0,0.0,0.0,0.02618562700029095,0.02618562700029095,0.0,58.81291824265348,0.1047425080011638,0.9426825720104742,0.5498981670061099,1.047425080011638,1.9901076520221124,4.582484725050917,2.5923770730288043,0.4713412860052371,0.3404131510037824,0.6546406750072737,0.2618562700029095,0.44515565900494614,0.0523712540005819,0.0,0.0,56.25022261798753,,56.57142857142857,72.22222222222221,6.97180680826302
usa,MLS,2025 / 2026,Timo Baumgartl,29.0,D,Germany,190.0,89.0,37,35,3143.0,1.0,1.0,0.0,1.0,0,0,6,0.0,0,0.028635062042634427,0.28635062042634424,0.05727012408526885,0.028635062042634427,0.028635062042634427,0.05727012408526885,0.028635062042634427,57.04104358892777,0.20044543429844097,1.546293350302259,0.8590518612790328,1.0881323576201083,2.634425707922367,5.154311167674197,3.035316576519249,0.08590518612790328,0.0,0.28635062042634424,0.28635062042634424,0.8590518612790328,0.17181037225580656,0.0,0.0,55.55973895582329,20.0,58.88888888888889,0.0,6.862265351574928
usa,MLS,2026,Timo Werner,29.0,M,Germany,180.0,75.0,7,4,477.0,4.0,3.0,0.0,0.0,2,0,1,0.0,0,0.0,1.8867924528301887,1.509433962264151,0.7547169811320755,0.5660377358490566,1.3207547169811322,0.37735849056603776,37.73584905660377,3.018867924528302,0.7547169811320755,0.0,0.0,0.7547169811320755,7.547169811320755,2.830188679245283,2.830188679245283,1.1320754716981132,0.5660377358490566,0.9433962264150944,0.37735849056603776,0.18867924528301888,0.0,0.0,28.23,80.0,37.5,40.0,7.727463312368973
usa,MLS,2025 / 2026,Timothy Tillman,26.0,M,Germany,183.0,74.0,47,41,3630.0,1.0,4.0,0.0,0.0,0,0,11,0.0,0,0.17355371900826447,0.47107438016528924,0.17355371900826447,0.024793388429752063,0.09917355371900825,0.12396694214876033,0.024793388429752063,49.95867768595041,1.115702479338843,1.7107438016528924,0.09917355371900825,0.9173553719008264,2.628099173553719,9.520661157024794,5.231404958677686,1.859504132231405,0.9173553719008264,0.7190082644628099,2.3057851239669422,1.2892561983471074,0.2727272727272727,0.0,0.0,45.67444168734491,36.84210526315789,54.947916666666664,49.333333333333336,7.030550964187328
usa,MLS,2025 / 2026,Tom Barlow,30.0,F,USA,188.0,84.0,39,6,1029.0,8.0,0.0,0.0,1.0,0,0,3,0.0,0,0.5247813411078717,1.5743440233236152,1.1370262390670554,0.6997084548104956,0.0,0.6997084548104956,0.6997084548104956,18.542274052478135,0.6997084548104956,0.6997084548104956,0.26239067055393583,0.26239067055393583,0.9620991253644315,11.282798833819243,3.9358600583090375,1.3119533527696792,0.1749271137026239,0.26239067055393583,0.7871720116618076,1.924198250728863,0.26239067055393583,0.0,0.0,8.270531400966183,72.22222222222221,34.883720930232556,13.333333333333334,6.741130604288498
usa,MLS,2025,Tom Pearce,27.0,D,England,185.0,75.0,21,9,919.0,0.0,1.0,0.0,0.0,0,0,2,0.0,0,0.09793253536452666,1.9586507072905333,1.0772578890097932,0.0,0.09793253536452666,0.09793253536452666,0.0,29.085963003264414,1.4689880304679,1.1751904243743199,0.19586507072905332,0.9793253536452666,2.1545157780195865,5.778019586507073,2.64417845484222,0.8813928182807399,0.0,0.29379760609357997,0.9793253536452666,1.0772578890097932,0.19586507072905332,0.0,0.0,14.65993265993266,55.00000000000001,45.76271186440678,0.0,6.850924918389554
usa,MLS,2025 / 2026,Tomas Totland,26.0,D,Norway,181.0,,28,18,1691.0,1.0,1.0,0.0,0.0,0,0,1,0.0,0,0.26611472501478417,0.5322294500295683,0.10644589000591367,0.05322294500295684,0.05322294500295684,0.10644589000591367,0.05322294500295684,31.188645771732702,1.5966883500887048,1.6499112950916617,0.21289178001182735,1.3305736250739206,2.980484920165583,6.759314015375518,3.6723832052040213,0.904790065050266,0.37256061502069787,0.37256061502069787,0.638675340035482,0.7451212300413957,0.05322294500295684,0.0,0.0,22.644444444444446,20.0,54.330708661417326,41.17647058823529,6.935621301775148
usa,MLS,2025 / 2026,Tomás Avilés,21.0,D,Argentina,186.0,72.0,31,18,1466.0,2.0,0.0,0.0,0.0,0,0,5,0.0,3,0.0,0.18417462482946792,0.12278308321964529,0.12278308321964529,0.0,0.12278308321964529,0.12278308321964529,72.25784447476126,0.0,2.3328785811732606,0.4297407912687585,1.534788540245566,3.867667121418827,6.077762619372442,3.376534788540246,0.30695770804911326,0.12278308321964529,0.5525238744884038,0.12278308321964529,1.1664392905866303,0.30695770804911326,0.0,0.18417462482946792,59.724489795918366,66.66666666666666,55.55555555555556,40.0,6.683584131326949
usa,MLS,2025 / 2026,Tomás Chancalay,26.0,F,Argentina,179.0,76.0,41,25,2324.0,5.0,5.0,0.0,0.0,0,0,6,0.0,0,0.27108433734939763,2.7495697074010326,1.2779690189328745,0.19363166953528396,0.19363166953528396,0.3872633390705679,0.19363166953528396,34.466437177280554,1.3166953528399312,1.6265060240963856,0.0387263339070568,0.3485370051635112,1.9750430292598966,11.85025817555938,4.8407917383821,3.0206540447504304,1.3166953528399312,0.8519793459552496,1.4328743545611016,2.129948364888124,0.2323580034423408,0.0,0.0,25.079775280898875,46.478873239436616,40.849673202614376,43.58974358974359,7.055550774526678
usa,MLS,2026,Tomás Jacob,21.0,D,Argentina,180.0,74.0,13,13,1140.0,1.0,0.0,0.0,0.0,0,0,4,0.0,0,0.15789473684210525,0.3157894736842105,0.07894736842105263,0.07894736842105263,0.0,0.07894736842105263,0.07894736842105263,37.578947368421055,0.7894736842105263,2.6052631578947367,0.3157894736842105,1.263157894736842,3.868421052631579,8.605263157894738,5.368421052631579,0.868421052631579,0.47368421052631576,0.3157894736842105,1.105263157894737,1.5,0.3157894736842105,0.0,0.0,33.73529411764706,25.0,62.38532110091744,54.54545454545454,6.813684210526316
usa,MLS,2025 / 2026,Tomás Romero,25.0,G,El Salvador,188.0,86.0,4,3,293.0,0.0,0.0,0.0,0.0,0,0,0,0.0,0,0.0,0.0,0.0,0.0,0.0,0.0,0.0,27.95221843003413,0.0,0.0,0.0,0.0,0.0,0.9215017064846416,0.9215017064846416,0.0,0.0,0.0,0.0,0.0,0.0,0.0,0.0,23.0,,100.0,,7.306484641638226
usa,MLS,2025,Tomás Ángel,22.0,F,Colombia,174.0,67.0,22,9,817.0,3.0,2.0,0.0,0.0,0,0,1,0.0,0,0.33047735618115054,0.6609547123623011,0.4406364749082007,0.33047735618115054,0.22031823745410034,0.550795593635251,0.33047735618115054,19.718482252141982,1.3219094247246022,0.6609547123623011,0.11015911872705017,0.33047735618115054,0.9914320685434517,6.6095471236230114,2.533659730722154,0.6609547123623011,0.4406364749082007,0.33047735618115054,0.6609547123623011,1.101591187270502,0.11015911872705017,0.0,0.0,9.88268156424581,66.66666666666666,38.333333333333336,66.66666666666666,6.736887254901961
usa,MLS,2025 / 2026,Tomáš Ostrák,25.0,M,Czechia,176.0,75.0,24,13,1048.0,1.0,2.0,1.0,0.0,0,0,4,0.0,0,0.0,0.9446564885496184,0.34351145038167935,0.08587786259541984,0.17175572519083968,0.25763358778625955,0.08587786259541984,50.582061068702295,1.0305343511450382,3.263358778625954,0.08587786259541984,1.116412213740458,4.379770992366412,12.709923664122138,6.526717557251908,2.748091603053435,1.5458015267175573,1.3740458015267174,1.631679389312977,1.9751908396946563,0.34351145038167935,0.0,0.0,32.80612244897959,36.36363636363637,51.35135135135135,56.25,6.8965616045845275
usa,MLS,2026,Toto Majub,19.0,D,,,,0,0,0.0,0.0,0.0,0.0,0.0,0,0,0,0.0,0,,,,,,,,,,,,,,,,,,,,,,,,,,,,
usa,MLS,2025,Toyosi Olusanya,28.0,F,England,175.0,68.0,6,0,68.0,0.0,1.0,0.0,0.0,0,0,1,0.0,0,0.0,1.3235294117647058,1.3235294117647058,0.0,1.3235294117647058,1.3235294117647058,0.0,19.852941176470587,1.3235294117647058,1.3235294117647058,0.0,0.0,1.3235294117647058,14.558823529411766,6.61764705882353,1.3235294117647058,1.3235294117647058,0.0,2.6470588235294117,2.6470588235294117,1.3235294117647058,0.0,0.0,2.466666666666667,100.0,45.45454545454545,100.0,6.727941176470588
usa,MLS,2025,Travian Sousa,24.0,D,USA,183.0,79.0,0,0,0.0,0.0,0.0,0.0,0.0,0,0,0,0.0,0,,,,,,,,,,,,,,,,,,,,,,,,,,,,
usa,MLS,2025 / 2026,Trey Muse,26.0,G,USA,193.0,84.0,0,0,0.0,0.0,0.0,0.0,0.0,0,0,0,0.0,0,,,,,,,,,,,,,,,,,,,,,,,,,,,,
usa,MLS,2025 / 2026,Tristan Blackmon,29.0,D,USA,189.0,88.0,40,38,3462.0,3.0,1.0,1.0,2.0,0,0,9,0.0,1,0.0779896013864818,0.41594454072790293,0.1559792027729636,0.0779896013864818,0.025996533795493933,0.10398613518197573,0.0779896013864818,66.81109185441942,0.389948006932409,0.8838821490467937,0.5459272097053726,0.9358752166377817,1.8197573656845756,5.849220103986136,3.587521663778163,0.5719237435008665,0.389948006932409,0.12998266897746968,1.0138648180242635,1.0658578856152514,0.23396880415944543,0.0,0.025996533795493933,64.4,37.5,61.33333333333333,68.18181818181817,7.15577700751011
usa,MLS,2025 / 2026,Tristan Brown,18.0,D,USA,,,6,0,50.0,0.0,0.0,0.0,0.0,0,0,0,0.0,0,0.0,0.0,0.0,0.0,0.0,0.0,0.0,46.800000000000004,1.8,3.6,0.0,0.0,3.6,16.2,5.3999999999999995,7.2,1.8,0.0,0.0,1.8,0.0,0.0,0.0,8.0,,33.33333333333333,25.0,6.5625
usa,MLS,2026,Tristan Himes,22.0,G,,,,0,0,0.0,0.0,0.0,0.0,0.0,0,0,0,0.0,0,,,,,,,,,,,,,,,,,,,,,,,,,,,,
usa,MLS,2025 / 2026,Tristan Muyumba,28.0,M,France,165.0,54.0,39,27,2333.0,2.0,0.0,0.0,0.0,0,0,5,0.0,0,0.03857693956279468,0.6558079725675097,0.2700385769395628,0.07715387912558937,0.0,0.07715387912558937,0.07715387912558937,61.87741105872267,0.9258465495070725,2.1603086155165023,0.30861551650235747,1.1187312473210458,3.279039862837548,7.869695670810116,3.8191170167166737,0.9258465495070725,0.501500214316331,1.0801543077582512,0.501500214316331,1.1958851264466352,0.19288469781397344,0.0,0.0,53.72194513715711,41.17647058823529,48.529411764705884,54.166666666666664,6.928889841405915
usa,MLS,2026,Troy  Putt,25.0,F,New Zealand,176.0,,1,0,8.0,0.0,0.0,0.0,0.0,0,0,0,0.0,0,0.0,0.0,0.0,0.0,0.0,0.0,0.0,11.25,0.0,0.0,0.0,0.0,0.0,33.75,0.0,22.5,0.0,11.25,0.0,0.0,0.0,0.0,0.0,1.0,,0.0,0.0,6.2
usa,MLS,2026,Troy Elgersma,21.0,M,,,,1,0,1.0,0.0,0.0,0.0,0.0,0,0,0,0.0,0,0.0,0.0,0.0,0.0,0.0,0.0,0.0,270.0,0.0,0.0,0.0,0.0,0.0,270.0,180.0,0.0,0.0,0.0,0.0,0.0,0.0,0.0,0.0,3.0,,66.66666666666666,,
usa,MLS,2025,Tsiki Ntsabeleng,27.0,M,South Africa,170.0,72.0,13,1,348.0,0.0,1.0,0.0,0.0,0,0,1,0.0,0,0.0,1.0344827586206897,0.25862068965517243,0.0,0.25862068965517243,0.25862068965517243,0.0,40.3448275862069,1.0344827586206897,2.3275862068965516,0.0,1.5517241379310345,3.8793103448275863,9.051724137931034,4.913793103448276,1.0344827586206897,0.5172413793103449,1.293103448275862,1.293103448275862,1.0344827586206897,0.25862068965517243,0.0,0.0,14.25,25.0,54.285714285714285,50.0,6.8109510086455325
usa,MLS,2025 / 2026,Tucker Lepley,23.0,M,USA,163.0,57.0,16,6,575.0,0.0,1.0,0.0,0.0,0,0,2,0.0,0,0.0,1.4086956521739131,0.6260869565217392,0.0,0.1565217391304348,0.1565217391304348,0.0,51.96521739130434,1.565217391304348,0.9391304347826088,0.1565217391304348,0.4695652173913044,1.4086956521739131,7.982608695652173,3.6,1.4086956521739131,0.6260869565217392,0.9391304347826088,1.4086956521739131,0.782608695652174,0.3130434782608696,0.0,0.0,35.25903614457831,44.44444444444444,45.09803921568628,44.44444444444444,6.963826086956521
usa,MLS,2025 / 2026,Tyger Smalls,23.0,F,England,185.0,,21,0,266.0,0.0,0.0,0.0,0.0,0,0,0,0.0,0,0.3383458646616541,0.3383458646616541,0.3383458646616541,0.0,0.0,0.0,0.0,28.082706766917294,0.3383458646616541,0.6766917293233082,0.0,1.0150375939849623,1.6917293233082706,14.210526315789473,5.75187969924812,2.706766917293233,0.6766917293233082,0.6766917293233082,2.706766917293233,2.0300751879699246,0.0,0.0,0.0,4.666666666666667,100.0,40.476190476190474,25.0,6.499618320610687
usa,MLS,2025 / 2026,Tyler Boyd,31.0,F,USA,183.0,74.0,20,5,643.0,1.0,2.0,0.0,0.0,0,0,2,0.0,0,0.13996889580093314,1.6796267496111976,0.9797822706065319,0.13996889580093314,0.27993779160186627,0.4199066874027994,0.13996889580093314,31.77293934681182,1.3996889580093312,1.2597200622083982,0.0,0.4199066874027994,1.6796267496111976,12.457231726283048,4.89891135303266,3.4992223950233283,1.6796267496111976,0.6998444790046656,1.5396578538102643,2.099533437013997,0.27993779160186627,0.0,0.0,14.458149779735683,58.333333333333336,39.325842696629216,48.0,6.686003110419907
usa,MLS,2025,Tyler Hall,19.0,D,USA,178.0,86.0,0,0,0.0,0.0,0.0,0.0,0.0,0,0,0,0.0,0,,,,,,,,,,,,,,,,,,,,,,,,,,,,
usa,MLS,2026,Tyler Miller,32.0,G,USA,193.0,88.0,0,0,0.0,0.0,0.0,0.0,0.0,0,0,0,0.0,0,,,,,,,,,,,,,,,,,,,,,,,,,,,,
usa,MLS,2025 / 2026,Tyler Wolff,22.0,F,USA,175.0,70.0,13,2,384.0,0.0,0.0,0.0,0.0,0,0,1,0.0,0,0.234375,0.46875,0.234375,0.0,0.0,0.0,0.0,25.078125,1.40625,2.8125,0.234375,0.9375,3.75,10.3125,6.328125,2.109375,1.40625,0.0,1.40625,0.9375,0.234375,0.0,0.0,14.028571428571428,50.0,61.36363636363637,66.66666666666666,6.819270833333333
usa,MLS,2025 / 2026,Tyrese Spicer,25.0,F,Trinidad and Tobago,185.0,69.0,41,13,1648.0,6.0,3.0,0.0,1.0,0,0,2,0.0,0,0.6007281553398058,1.6383495145631066,0.7645631067961165,0.3276699029126214,0.1638349514563107,0.49150485436893204,0.3276699029126214,20.315533980582526,1.3652912621359223,2.7851941747572817,0.10922330097087378,1.0922330097087378,3.8774271844660197,12.45145631067961,6.881067961165048,4.532766990291262,2.2936893203883493,0.4368932038834951,1.037621359223301,0.5461165048543689,0.10922330097087378,0.0,0.0,10.421195652173912,46.666666666666664,55.26315789473685,50.602409638554214,7.013904068002429
usa,MLS,2025,Tyson Pearce,18.0,M,USA,,,2,0,28.0,0.0,0.0,0.0,0.0,0,0,0,0.0,0,0.0,0.0,0.0,0.0,0.0,0.0,0.0,64.28571428571429,0.0,6.428571428571428,0.0,0.0,6.428571428571428,9.642857142857142,6.428571428571428,3.214285714285714,0.0,0.0,0.0,0.0,0.0,0.0,0.0,10.25,,66.66666666666666,0.0,6.7
usa,MLS,2025 / 2026,Victor Loturi,24.0,M,Canada,173.0,71.0,49,41,3788.0,3.0,1.0,0.0,1.0,0,0,10,0.0,0,0.04751847940865892,0.3563885955649419,0.1900739176346357,0.07127771911298839,0.02375923970432946,0.09503695881731784,0.07127771911298839,40.03431890179514,0.7365364308342133,1.5681098204857444,0.40390707497360084,1.1642027455121435,2.732312565997888,9.69376979936642,4.656810982048574,1.4968321013727561,0.7127771911298838,0.6414994720168954,1.6869060190073917,1.3542766631467793,0.23759239704329463,0.0,0.0,35.92047477744807,53.333333333333336,48.03921568627451,47.61904761904761,6.781362196409715
usa,MLS,2025 / 2026,Victor Olatunji,26.0,F,Nigeria,189.0,85.0,20,10,978.0,5.0,0.0,1.0,0.0,0,0,1,0.0,1,1.2883435582822087,2.668711656441718,1.8404907975460123,0.4601226993865031,0.0,0.4601226993865031,0.4601226993865031,15.0,0.736196319018405,0.8282208588957056,0.18404907975460125,0.4601226993865031,1.2883435582822087,12.05521472392638,5.7975460122699385,1.7484662576687118,1.0122699386503067,0.0,2.4846625766871164,2.3006134969325154,0.09202453987730062,0.0,0.09202453987730062,8.736196319018404,68.96551724137932,48.091603053435115,57.89473684210527,7.248568507157464
usa,MLS,2026,Viktor Radojević,21.0,D,Serbia,,,6,1,142.0,0.0,0.0,0.0,0.0,0,0,2,0.0,0,0.0,0.0,0.0,0.0,0.0,0.0,0.0,25.35211267605634,1.267605633802817,0.0,0.0,1.9014084507042253,1.9014084507042253,17.746478873239436,5.070422535211268,1.9014084507042253,0.6338028169014085,1.267605633802817,3.8028169014084505,5.070422535211268,1.267605633802817,0.0,0.0,7.725,,28.57142857142857,33.33333333333333,6.663120567375887
usa,MLS,2026,Vinicius Silva,19.0,D,Brazil,,,0,0,0.0,0.0,0.0,0.0,0.0,0,0,0,0.0,0,,,,,,,,,,,,,,,,,,,,,,,,,,,,
usa,MLS,2025,Vitaliy Hlyut,17.0,F,USA,,,0,0,0.0,0.0,0.0,0.0,0.0,0,0,0,0.0,0,,,,,,,,,,,,,,,,,,,,,,,,,,,,
usa,MLS,2025 / 2026,Vitor Costa,31.0,D,Brazil,182.0,73.0,28,19,1720.0,1.0,2.0,1.0,0.0,0,0,5,0.0,0,0.313953488372093,0.8372093023255813,0.1569767441860465,0.05232558139534883,0.10465116279069767,0.1569767441860465,0.05232558139534883,39.61046511627907,1.3604651162790697,1.8837209302325582,0.2616279069767442,0.9941860465116279,2.8779069767441863,7.744186046511628,4.447674418604651,0.9941860465116279,0.36627906976744184,0.9418604651162791,1.3081395348837208,0.7325581395348837,0.2616279069767442,0.0,0.0,29.653896961690887,18.75,57.432432432432435,36.84210526315789,6.957732558139535
usa,MLS,2025 / 2026,Walker Zimmerman,32.0,D,USA,191.0,89.0,36,30,2731.0,1.0,2.0,1.0,2.0,0,0,7,0.0,0,0.0,0.889783961918711,0.19772976931526912,0.032954961552544855,0.06590992310508971,0.09886488465763456,0.032954961552544855,54.93592090809227,0.3625045770779934,1.3841083852068838,0.8568290003661662,1.548883192969608,2.932991578176492,6.953496887586964,4.712559502013915,0.032954961552544855,0.032954961552544855,0.3625045770779934,0.6920541926034419,1.0545587696814354,0.23068473086781396,0.0,0.0,52.84163167366527,22.22222222222222,67.77251184834124,100.0,6.974029304029304
usa,MLS,2026,Warren Madrigal,21.0,F,Costa Rica,185.0,74.0,14,10,813.0,5.0,2.0,0.0,0.0,0,0,0,0.0,0,0.22140221402214022,1.9926199261992619,0.8856088560885609,0.5535055350553506,0.22140221402214022,0.7749077490774907,0.5535055350553506,16.383763837638377,1.1070110701107012,1.1070110701107012,0.0,0.22140221402214022,1.3284132841328413,12.841328413284133,5.867158671586717,2.6568265682656826,0.9963099630996309,0.22140221402214022,2.7675276752767526,1.7712177121771218,0.0,0.0,0.0,10.93918918918919,44.44444444444444,45.689655172413794,37.5,6.889052890528905
usa,MLS,2025 / 2026,Wayne Frederick,21.0,F,USA,183.0,66.0,22,12,1180.0,2.0,2.0,0.0,0.0,0,0,4,0.0,2,0.07627118644067796,0.6101694915254237,0.15254237288135591,0.15254237288135591,0.15254237288135591,0.30508474576271183,0.15254237288135591,30.966101694915256,0.5338983050847458,1.2203389830508473,0.30508474576271183,1.5254237288135593,2.745762711864407,9.762711864406779,4.805084745762712,2.059322033898305,0.7627118644067796,0.9915254237288136,1.6016949152542372,1.1440677966101696,0.30508474576271183,0.0,0.15254237288135591,21.428571428571427,25.0,49.21875,37.03703703703704,6.661694915254237
usa,MLS,2025 / 2026,Wessam Abou Ali,26.0,F,Denmark,186.0,78.0,12,11,877.0,8.0,1.0,1.0,0.0,0,1,1,0.0,0,0.5131128848346637,1.847206385404789,1.3340935005701255,0.8209806157354618,0.10262257696693272,0.9236031927023945,0.8209806157354618,19.806157354618016,1.0262257696693273,0.8209806157354618,0.0,0.0,0.8209806157354618,10.467502850627138,3.694412770809578,1.2314709236031927,0.30786773090079816,0.30786773090079816,1.6419612314709235,1.4367160775370582,0.10262257696693272,0.0,0.0,13.792746113989637,72.22222222222221,35.294117647058826,25.0,7.115165336374003
usa,MLS,2025,Wessel Speel,24.0,G,Netherlands,,,3,3,200.0,0.0,0.0,0.0,0.0,0,0,0,0.0,0,0.0,0.0,0.0,0.0,0.0,0.0,0.0,33.75,0.0,0.0,0.0,0.0,0.0,0.9,0.45,0.0,0.0,0.0,0.0,0.0,0.0,0.0,0.0,17.613333333333333,,50.0,,6.465
usa,MLS,2025 / 2026,Wikelman Carmona,22.0,M,Venezuela,172.0,71.0,46,31,2732.0,4.0,3.0,0.0,0.0,0,0,2,0.0,0,0.09882869692532943,1.218887262079063,0.527086383601757,0.13177159590043924,0.09882869692532943,0.23060029282576866,0.13177159590043924,28.890922401171306,1.1200585651537336,1.910688140556369,0.06588579795021962,0.691800878477306,2.602489019033675,10.44289897510981,4.941434846266471,1.8118594436310396,0.7576866764275256,0.8565153733528551,1.6142020497803806,1.218887262079063,0.06588579795021962,0.0,0.0,19.19042189281642,43.24324324324324,47.3186119873817,41.81818181818181,6.924587761084647
usa,MLS,2025,Wiktor Bogacz,21.0,F,Poland,193.0,76.0,19,1,331.0,1.0,1.0,0.0,0.0,0,0,1,0.0,0,0.8157099697885197,1.6314199395770395,0.8157099697885197,0.2719033232628399,0.2719033232628399,0.5438066465256798,0.2719033232628399,21.208459214501513,1.6314199395770395,0.5438066465256798,0.2719033232628399,0.0,0.5438066465256798,17.129909365558913,5.709969788519637,1.9033232628398793,0.8157099697885197,0.2719033232628399,1.6314199395770395,1.3595166163141994,0.2719033232628399,0.0,0.0,5.855263157894737,50.0,33.33333333333333,42.857142857142854,6.736085626911314
usa,MLS,2025 / 2026,Wil Trapp,32.0,M,USA,173.0,73.0,52,44,3866.0,2.0,2.0,0.0,0.0,0,0,5,0.0,0,0.04655975168132437,0.1629591308846353,0.09311950336264874,0.04655975168132437,0.04655975168132437,0.09311950336264874,0.04655975168132437,41.62441800310398,0.5819968960165546,1.8623900672529745,0.3957578892912571,1.1174340403517848,2.9798241076047596,6.8675633729953445,3.4919813760993272,0.6983962752198655,0.30263838592860837,0.7915157785825142,0.5587170201758924,0.9544749094671495,0.11639937920331091,0.0,0.0,36.57829977628635,57.14285714285714,50.847457627118644,43.333333333333336,6.816093143596377
usa,MLS,2026,Wilder Cartagena,31.0,M,Peru,180.0,77.0,4,1,52.0,0.0,0.0,0.0,0.0,0,0,1,0.0,0,0.0,0.0,0.0,0.0,0.0,0.0,0.0,60.57692307692308,0.0,6.923076923076923,0.0,1.7307692307692308,8.653846153846155,27.692307692307693,13.846153846153847,0.0,0.0,0.0,5.1923076923076925,6.923076923076923,1.7307692307692308,0.0,0.0,7.942857142857143,,50.0,,6.515384615384615
usa,MLS,2025 / 2026,Wilfried Zaha,33.0,M,Côte d'Ivoire,180.0,66.0,46,46,4093.0,13.0,6.0,3.0,0.0,2,1,19,0.0,1,0.24187637429758121,1.4072807231859272,0.9675054971903249,0.28585389689714147,0.13193256779868068,0.41778646469582215,0.24187637429758121,40.04153432689958,1.4512582457854872,0.9894942584901051,0.021988761299780113,0.19789885169802102,1.187393110188126,14.776447593452234,7.124358661128756,4.6396286342536035,2.0449548008795504,0.8135841680918642,3.8920107500610794,1.6711458587832886,0.41778646469582215,0.0,0.021988761299780113,36.774299835255356,68.75,48.214285714285715,44.07582938388626,7.191741998534083
usa,MLS,2026,Will Cleary,23.0,D,USA,,,2,1,109.0,0.0,1.0,0.0,0.0,0,0,0,0.0,0,0.0,0.0,0.0,0.0,0.8256880733944955,0.8256880733944955,0.0,35.50458715596331,0.8256880733944955,0.8256880733944955,0.0,0.0,0.8256880733944955,4.954128440366973,3.302752293577982,0.8256880733944955,0.8256880733944955,0.8256880733944955,0.0,0.0,0.0,0.0,0.0,22.046511627906977,,66.66666666666666,100.0,7.117431192660551
usa,MLS,2025,William Agada,26.0,F,Nigeria,175.0,75.0,29,13,1308.0,2.0,2.0,0.0,1.0,0,0,6,0.0,1,0.6192660550458716,1.720183486238532,0.481651376146789,0.13761467889908258,0.13761467889908258,0.27522935779816515,0.13761467889908258,17.270642201834864,1.3073394495412844,0.481651376146789,0.13761467889908258,0.13761467889908258,0.6192660550458716,10.940366972477065,3.9908256880733943,0.8256880733944955,0.3440366972477064,0.27522935779816515,1.1009174311926606,2.8211009174311923,0.41284403669724773,0.0,0.06880733944954129,10.50996015936255,28.000000000000004,36.477987421383645,41.66666666666667,6.808805513016845
usa,MLS,2025 / 2026,William Reilly,23.0,M,USA,178.0,72.0,16,7,811.0,1.0,0.0,0.0,0.0,0,0,4,0.0,0,0.0,0.33292231812577067,0.2219482120838471,0.11097410604192355,0.0,0.11097410604192355,0.11097410604192355,48.0517879161529,0.7768187422934648,1.6646115906288534,0.4438964241676942,1.1097410604192355,2.7743526510480887,9.321824907521577,4.549938347718866,1.442663378545006,0.4438964241676942,0.9987669543773119,1.7755856966707768,1.3316892725030827,0.4438964241676942,0.0,0.0,34.47575057736721,66.66666666666666,48.80952380952381,30.76923076923077,6.6634567901234565
usa,MLS,2025 / 2026,William Sands,25.0,D,USA,178.0,68.0,33,20,1970.0,1.0,0.0,1.0,0.0,0,0,4,0.0,0,0.045685279187817264,0.45685279187817257,0.13705583756345177,0.045685279187817264,0.0,0.045685279187817264,0.045685279187817264,33.85279187817259,0.6852791878172589,1.8274111675126903,0.3654822335025381,0.9593908629441624,2.786802030456853,9.868020304568528,5.756345177664975,0.6852791878172589,0.3197969543147208,0.22842639593908629,1.8274111675126903,1.3248730964467006,0.18274111675126906,0.0,0.0,28.71255060728745,30.0,58.333333333333336,46.666666666666664,6.6439593908629435
usa,MLS,2025 / 2026,William Yarbrough,36.0,G,USA,187.0,73.0,0,0,0.0,0.0,0.0,0.0,0.0,0,0,0,0.0,0,,,,,,,,,,,,,,,,,,,,,,,,,,,,
usa,MLS,2025 / 2026,Willy Kumado,23.0,D,Ghana,167.0,70.0,21,7,793.0,0.0,0.0,0.0,1.0,0,0,2,0.0,0,0.22698612862547288,0.0,0.0,0.0,0.0,0.0,0.0,48.23455233291299,1.3619167717528373,1.815889029003783,0.34047919293820933,0.34047919293820933,2.1563682219419924,6.69609079445145,3.5182849936948295,1.248423707440101,0.5674653215636822,0.34047919293820933,0.7944514501891552,1.0214375788146282,0.22698612862547288,0.0,0.0,25.59764705882353,,52.54237288135594,45.45454545454545,6.702017654476671
usa,MLS,2026,Wilson Eisner,23.0,D,,,,4,0,136.0,0.0,0.0,0.0,0.0,0,0,0,0.0,0,0.0,0.6617647058823529,0.0,0.0,0.0,0.0,0.0,49.63235294117647,0.0,1.3235294117647058,1.3235294117647058,0.0,1.3235294117647058,7.9411764705882355,4.63235294117647,0.0,0.0,0.0,2.6470588235294117,0.6617647058823529,0.0,0.0,0.0,27.653333333333332,0.0,58.333333333333336,,6.434558823529412
usa,MLS,2026,Woobens Pacius,24.0,F,Canada,185.0,80.0,11,3,270.0,0.0,0.0,0.0,0.0,0,0,1,0.0,0,0.0,1.3333333333333335,0.0,0.0,0.0,0.0,0.0,14.666666666666668,0.6666666666666667,0.6666666666666667,0.0,0.0,0.6666666666666667,13.666666666666666,4.333333333333333,1.0,0.6666666666666667,0.6666666666666667,0.6666666666666667,3.333333333333333,0.33333333333333337,0.0,0.0,3.5238095238095237,0.0,31.70731707317073,66.66666666666666,6.19037037037037
usa,MLS,2025 / 2026,Wyatt Meyer,24.0,D,USA,188.0,89.0,17,13,1124.0,0.0,0.0,0.0,0.0,0,0,1,0.0,0,0.16014234875444838,0.16014234875444838,0.0,0.0,0.0,0.0,0.0,47.322064056939496,0.0,1.7615658362989324,0.40035587188612104,1.3612099644128113,3.122775800711744,7.606761565836299,4.3238434163701065,0.4804270462633452,0.32028469750889677,0.5604982206405694,0.4804270462633452,0.16014234875444838,0.08007117437722419,0.0,0.0,42.10998307952622,0.0,56.84210526315789,66.66666666666666,6.6080142475512025
usa,MLS,2025,Wyatt Omsberg,30.0,D,USA,193.0,82.0,9,4,403.0,0.0,0.0,0.0,0.0,0,0,0,0.0,0,0.0,0.22332506203473945,0.0,0.0,0.0,0.0,0.0,54.49131513647643,0.0,2.009925558312655,1.7866004962779156,0.8933002481389578,2.903225806451613,8.486352357320099,4.913151364764268,0.0,0.0,0.4466501240694789,0.4466501240694789,0.6699751861042184,0.0,0.0,0.0,35.795081967213115,0.0,57.89473684210527,,6.838461538461539
usa,MLS,2025,Xande Silva,28.0,F,Portugal,177.0,68.0,18,2,450.0,0.0,1.0,0.0,0.0,0,0,1,0.0,0,0.2,1.2000000000000002,0.6000000000000001,0.0,0.2,0.2,0.0,36.800000000000004,2.0,2.2,0.0,0.4,2.6,16.2,7.4,5.8,2.2,0.6000000000000001,2.2,3.0,0.2,0.0,0.0,12.521739130434783,50.0,45.67901234567901,37.93103448275862,6.7286353467561515
usa,MLS,2025,Xavier Valdez,22.0,G,Dominican Republic,195.0,86.0,0,0,0.0,0.0,0.0,0.0,0.0,0,0,0,0.0,0,,,,,,,,,,,,,,,,,,,,,,,,,,,,
usa,MLS,2025 / 2026,Yannick Bright,24.0,M,Italy,183.0,78.0,44,27,2423.0,1.0,1.0,1.0,0.0,0,0,9,0.0,1,0.0,0.260008254230293,0.11143210895583985,0.037144036318613294,0.037144036318613294,0.07428807263722659,0.037144036318613294,54.86174164259183,0.7057366900536525,4.011555922410235,0.29715229054890635,1.671481634337598,5.683037556747833,12.554684275691292,7.2059430458109786,1.3371853074700786,0.631448617416426,1.1143210895583986,1.820057779612051,2.080066033842344,0.33429632686751964,0.0,0.037144036318613294,43.538930264048744,42.857142857142854,57.396449704142015,47.22222222222222,7.020965744944285
usa,MLS,2025,Yaw Yeboah,28.0,M,Ghana,175.0,70.0,17,4,478.0,1.0,0.0,0.0,0.0,0,0,1,0.0,0,0.0,1.3179916317991631,0.18828451882845187,0.18828451882845187,0.0,0.18828451882845187,0.18828451882845187,41.79916317991632,0.9414225941422594,2.071129707112971,0.0,0.9414225941422594,3.01255230125523,11.108786610878662,6.778242677824268,3.200836820083682,2.071129707112971,0.7531380753138075,2.2594142259414225,0.37656903765690375,0.18828451882845187,0.0,0.0,18.833333333333332,14.285714285714285,61.016949152542374,64.70588235294117,6.813865546218487
usa,MLS,2025 / 2026,Yeimar Gómez Andrade,33.0,D,Colombia,187.0,92.0,30,30,2196.0,0.0,1.0,0.0,1.0,0,0,4,0.0,0,0.12295081967213115,0.7786885245901639,0.2459016393442623,0.0,0.040983606557377046,0.040983606557377046,0.0,60.49180327868852,0.08196721311475409,2.377049180327869,0.4098360655737705,1.6803278688524592,4.057377049180328,9.508196721311476,6.188524590163935,0.36885245901639346,0.2868852459016394,0.6557377049180327,0.819672131147541,1.3524590163934425,0.16393442622950818,0.0,0.0,51.46680216802168,31.57894736842105,65.08620689655173,77.77777777777779,7.099408014571949
usa,MLS,2025 / 2026,Yevhen Cheberko,27.0,D,Ukraine,184.0,66.0,36,26,2512.0,0.0,0.0,0.0,2.0,0,0,2,0.0,0,0.035828025477707005,0.17914012738853502,0.0,0.0,0.0,0.0,0.0,76.27786624203821,0.42993630573248404,2.006369426751592,0.5732484076433121,1.1823248407643312,3.1886942675159236,7.882165605095541,4.55015923566879,0.6449044585987261,0.35828025477707004,0.39410828025477707,0.9673566878980892,0.9315286624203821,0.07165605095541401,0.0,0.0,69.47299201503053,0.0,57.72727272727273,55.55555555555556,6.958320063694267
usa,MLS,2025 / 2026,Yohei Takaoka,29.0,G,Japan,183.0,80.0,52,52,4710.0,0.0,2.0,0.0,0.0,0,0,1,0.0,1,0.0,0.0,0.0,0.0,0.03821656050955414,0.03821656050955414,0.0,32.808917197452224,0.057324840764331204,0.0,0.0,0.01910828025477707,0.01910828025477707,0.7643312101910827,0.6114649681528662,0.057324840764331204,0.03821656050955414,0.057324840764331204,0.21019108280254775,0.03821656050955414,0.01910828025477707,0.0,0.01910828025477707,27.94641817122889,,80.0,66.66666666666666,7.037791932059448
usa,MLS,2026,Yu Tsukanome,25.0,F,Japan,175.0,,0,0,0.0,0.0,0.0,0.0,0.0,0,0,0,0.0,0,,,,,,,,,,,,,,,,,,,,,,,,,,,,
usa,MLS,2025 / 2026,Yuri Aleksandr Guboglo,18.0,D,Haiti,183.0,67.0,24,11,1083.0,0.0,1.0,0.0,0.0,0,0,1,0.0,0,0.0,0.33240997229916897,0.16620498614958448,0.0,0.08310249307479224,0.08310249307479224,0.0,25.346260387811633,0.4986149584487535,1.994459833795014,0.24930747922437674,0.4986149584487535,2.493074792243767,11.966759002770084,5.56786703601108,3.074792243767313,1.412742382271468,0.6648199445983379,1.4958448753462605,1.662049861495845,0.08310249307479224,0.0,0.0,14.704918032786885,50.0,46.52777777777778,45.94594594594595,6.6409805735430165
usa,MLS,2026,Yutaro Tsukada,24.0,F,Japan,,,2,0,32.0,0.0,0.0,0.0,0.0,0,0,0,0.0,0,0.0,0.0,0.0,0.0,0.0,0.0,0.0,19.6875,0.0,0.0,0.0,0.0,0.0,25.3125,8.4375,11.25,2.8125,0.0,5.625,5.625,0.0,0.0,0.0,4.142857142857143,,33.33333333333333,25.0,6.3
usa,MLS,2025,Yuya Kubo,32.0,F,Japan,178.0,72.0,17,9,818.0,1.0,0.0,0.0,0.0,0,0,3,0.0,1,0.5501222493887531,1.5403422982885084,1.1002444987775062,0.1100244498777506,0.0,0.1100244498777506,0.1100244498777506,30.146699266503667,0.7701711491442542,1.3202933985330074,0.1100244498777506,0.7701711491442542,2.0904645476772616,10.122249388753056,3.7408312958435204,2.4205378973105134,0.9902200488997556,0.33007334963325186,0.8801955990220048,1.8704156479217602,0.33007334963325186,0.0,0.1100244498777506,18.587591240875913,71.42857142857143,36.95652173913043,40.909090909090914,6.666259168704157
usa,MLS,2025,Zac McGraw,28.0,D,Canada,193.0,93.0,4,3,241.0,0.0,0.0,0.0,1.0,0,0,2,0.0,0,0.0,0.0,0.0,0.0,0.0,0.0,0.0,43.69294605809129,0.0,2.240663900414938,0.7468879668049793,1.4937759336099585,3.7344398340248963,8.962655601659751,4.854771784232366,0.7468879668049793,0.7468879668049793,0.0,0.7468879668049793,1.120331950207469,0.7468879668049793,0.0,0.0,31.700854700854702,,54.166666666666664,100.0,6.4680497925311204
usa,MLS,2026,Zach Booth,18.0,M,USA,,,8,4,318.0,1.0,0.0,0.0,0.0,0,0,0,0.0,0,0.8490566037735848,0.5660377358490566,0.2830188679245283,0.2830188679245283,0.0,0.2830188679245283,0.2830188679245283,21.22641509433962,0.5660377358490566,3.3962264150943393,0.0,1.4150943396226414,4.811320754716982,14.150943396226415,6.226415094339623,1.981132075471698,0.8490566037735848,0.5660377358490566,1.4150943396226414,1.981132075471698,0.0,0.0,0.0,10.878378378378379,50.0,44.0,42.857142857142854,6.807547169811321
usa,MLS,2025,Zack Farnsworth,23.0,D,USA,185.0,75.0,0,0,0.0,0.0,0.0,0.0,0.0,0,0,0,0.0,0,,,,,,,,,,,,,,,,,,,,,,,,,,,,
usa,MLS,2025 / 2026,Zack Steffen,30.0,G,USA,191.0,86.0,32,32,2898.0,0.0,0.0,0.0,0.0,0,0,5,0.0,1,0.0,0.0,0.0,0.0,0.0,0.0,0.0,28.291925465838506,0.0,0.031055900621118012,0.0,0.0,0.031055900621118012,0.43478260869565216,0.3726708074534162,0.0,0.0,0.0,0.062111801242236024,0.0,0.15527950310559005,0.0,0.031055900621118012,21.340285400658615,,85.71428571428571,,7.087853692201517
usa,MLS,2025 / 2026,Zackory Campagnolo,18.0,G,USA,190.0,,0,0,0.0,0.0,0.0,0.0,0.0,0,0,0,0.0,0,,,,,,,,,,,,,,,,,,,,,,,,,,,,
usa,MLS,2025 / 2026,Zakaria Taifi,20.0,M,USA,185.0,,16,3,430.0,0.0,2.0,0.0,0.0,0,0,0,0.0,0,0.0,0.8372093023255813,0.627906976744186,0.0,0.41860465116279066,0.41860465116279066,0.0,23.651162790697672,0.627906976744186,2.0930232558139537,0.41860465116279066,0.627906976744186,2.7209302325581395,9.418604651162791,5.8604651162790695,1.0465116279069768,0.20930232558139533,1.4651162790697674,2.511627906976744,0.627906976744186,0.0,0.0,0.0,12.25,75.0,62.22222222222222,20.0,6.7655737704918035
usa,MLS,2026,Zamir Loyo Reynaga,14.0,M,,,,0,0,0.0,0.0,0.0,0.0,0.0,0,0,0,0.0,0,,,,,,,,,,,,,,,,,,,,,,,,,,,,
usa,MLS,2025 / 2026,Zane Monlouis,22.0,D,England,185.0,75.0,23,15,1409.0,0.0,0.0,0.0,0.0,0,0,1,0.0,0,0.0,0.255500354861604,0.19162526614620298,0.0,0.0,0.0,0.0,53.14407381121363,0.063875088715401,1.022001419446416,0.255500354861604,0.9581263307310149,1.9801277501774308,5.237757274662881,3.129879347054649,0.063875088715401,0.063875088715401,0.0,0.255500354861604,0.44712562100780695,0.063875088715401,0.0,0.0,43.04927884615385,75.0,59.756097560975604,100.0,6.640511727078891
usa,MLS,2025,Zanka,35.0,D,Denmark,191.0,79.0,17,16,1349.0,0.0,1.0,0.0,0.0,0,0,2,0.0,1,0.0,0.13343217197924387,0.0,0.0,0.06671608598962193,0.06671608598962193,0.0,65.11489992587101,0.40029651593773163,1.8680504077094142,1.134173461823573,0.7338769458858414,2.601927353595256,5.470719051149,3.202372127501853,0.06671608598962193,0.06671608598962193,0.5337286879169755,0.26686434395848774,0.7338769458858414,0.13343217197924387,0.0,0.06671608598962193,56.45696721311475,0.0,58.536585365853654,100.0,6.938176426982951
usa,MLS,2025 / 2026,Zavier Gozo,18.0,M,USA,170.0,63.0,40,36,3141.0,10.0,7.0,0.0,0.0,0,0,9,0.0,0,0.5444126074498568,1.8911174785100284,1.1174785100286533,0.2865329512893983,0.20057306590257878,0.4871060171919771,0.2865329512893983,22.148997134670488,1.2320916905444126,2.6361031518624642,0.05730659025787966,0.6303724928366762,3.2664756446991405,13.46704871060172,5.873925501432665,3.954154727793696,1.7765042979942693,1.7191977077363898,0.8882521489971347,1.489971346704871,0.25787965616045844,0.0,0.0,17.34411384217335,59.09090909090909,43.61702127659575,44.927536231884055,7.151257561286214
usa,MLS,2025,Zidane Yañez,17.0,F,USA,180.0,68.0,0,0,0.0,0.0,0.0,0.0,0.0,0,0,0,0.0,0,,,,,,,,,,,,,,,,,,,,,,,,,,,,
usa,MLS,2025 / 2026,Zorhan Bassong,26.0,M,Canada,179.0,72.0,31,22,1982.0,1.0,0.0,0.0,1.0,0,0,10,0.0,0,0.045408678102926335,0.40867810292633705,0.2270433905146317,0.045408678102926335,0.0,0.045408678102926335,0.045408678102926335,51.99293642785065,1.0443995963673058,2.179616548940464,0.4540867810292634,1.1806256306760847,3.360242179616549,8.763874873864783,4.450050454086781,0.7719475277497476,0.49949545913218973,0.6357214934409687,0.6811301715438951,2.179616548940464,0.4540867810292634,0.0,0.0,40.04279475982533,55.55555555555556,50.77720207253886,64.70588235294117,6.891569914184755
usa,MLS,2025 / 2026,Édier Ocampo,22.0,D,Colombia,175.0,68.0,49,44,3783.0,3.0,0.0,1.0,1.0,0,0,17,0.0,1,0.1189532117367169,0.880253766851705,0.2854877081681205,0.07137192704203013,0.0,0.07137192704203013,0.07137192704203013,39.7065820777161,1.070578905630452,1.9984139571768438,0.45202220459952425,0.8564631245043616,2.854877081681205,9.30214115781126,4.805709754163362,1.4512291831879462,0.7850911974623315,0.7850911974623315,1.4274385408406025,1.4274385408406025,0.4044409199048374,0.0,0.023790642347343377,33.452366686638705,32.432432432432435,51.66240409207161,54.09836065573771,7.059555908009517
usa,MLS,2025,Érick Díaz,19.0,D,Panama,183.0,,0,0,0.0,0.0,0.0,0.0,0.0,0,0,0,0.0,0,,,,,,,,,,,,,,,,,,,,,,,,,,,,
usa,MLS,2025,Óscar Ustari,39.0,G,Argentina,184.0,82.0,25,25,2085.0,0.0,0.0,0.0,0.0,0,0,0,0.0,1,0.0,0.0,0.0,0.0,0.0,0.0,0.0,32.84892086330935,0.0,0.04316546762589928,0.0,0.0,0.04316546762589928,0.4316546762589928,0.3884892086330935,0.0,0.0,0.0,0.17266187050359713,0.04316546762589928,0.0,0.0,0.04316546762589928,30.068331143232587,,90.0,,7.059520383693045
usa,MLS,2025 / 2026,Đorđe Mihailović,27.0,F,USA,177.0,70.0,40,38,3388.0,14.0,9.0,1.0,0.0,4,3,5,0.0,0,0.10625737898465171,1.461038961038961,0.8500590318772137,0.371900826446281,0.23907910271546637,0.6109799291617474,0.26564344746162927,29.433293978748527,2.550177095631641,0.8766233766233766,0.15938606847697756,0.6906729634002361,1.5672963400236126,6.853600944510036,3.347107438016529,1.461038961038961,0.6375442739079102,0.6906729634002361,1.487603305785124,0.7172373081463991,0.13282172373081463,0.0,0.0,23.65884476534296,58.18181818181818,48.837209302325576,43.63636363636363,7.424911452184179
usa,MLS,2025 / 2026,Žan Kolmanič,25.0,D,Slovenia,178.0,69.0,34,7,1092.0,1.0,1.0,0.0,0.0,0,0,3,0.0,0,0.24725274725274726,0.24725274725274726,0.16483516483516483,0.08241758241758242,0.08241758241758242,0.16483516483516483,0.08241758241758242,39.065934065934066,1.7307692307692308,1.4835164835164836,0.5769230769230769,0.7417582417582418,2.2252747252747254,4.615384615384615,2.5549450549450547,1.2362637362637363,0.4945054945054945,0.08241758241758242,0.4120879120879121,0.32967032967032966,0.24725274725274726,0.0,0.0,19.449367088607595,66.66666666666666,55.35714285714286,40.0,6.686067827681026
